A,A_plus_B,B,C,CAP,GDP,GDP_level_gap,GovInv,GovInv_C1_MU,GovInv_C1_over_Ktarget,GovInv_after_MU,GovInv_after_over_Ktarget,GovInv_before_MU,GovInv_before_over_Ktarget,Kt_supply_private_MU,Ktarget_2018_MU,L,Ltarget_proxy_NU,POP,Y,Zt,Zt_after,Zt_before,adaptation_gate_open,alpha,c1_accounting_abs_residual_MU,capital_gap_after_MU,capital_gap_before_MU,continuation_status,destination_lt_supply,downstream_kfe_attempted,downstream_kfe_returned,entering_Lt_prev,entering_Yt,entering_firm_ra,firm_K_total_MU,firm_K_total_over_Ktarget,firm_Lt_over_population_proxy,firm_Lt_supply,firm_ra0,firm_ra_used,firm_rk,firm_source_Lt_prev,firm_wage_raw,firm_wage_used,govinv_action,hjb_acceptance_classification,hjb_converged,hjb_iterations,hjb_statistic,household_Lt_return,household_composite_wage,household_rah,household_rb,kfe_diagnostic_status,kfe_raw_residual_inf,kfe_returned,kfe_source_free_normwise_ratio,kfe_source_free_residual_inf,nk_gap,private_K_at_or_above_target,private_K_over_Ktarget,province,province_index,ra_clipped_lower,ra_clipped_upper,rah_source,ramax,ramin,residual_floor_binding,same_year_Zt,source_all_hjb_converged,source_final_predicate,source_household_count,source_ra_lower_count,source_ra_upper_count,source_wage_lower_count,source_wage_upper_count,turn,wage_clipped_lower,wage_clipped_upper,wjtmax,wjtmin,yt_gap,zt_adjusted
7.2814135433904825,11.976253722556251,4.6948401791657695,10.832654252332844,58719043.066994764,33106000.0,1.3109740639222616,58505237.88175724,58505237.88175724,0.9963588441829069,58505237.88175724,0.9963588441829069,58505237.88175724,0.9963588441829069,213805.18523752742,58719043.066994764,0.6639444000102773,219200.0,219200.0,76507107.36021039,2.437920774687262,2.437920774687262,2.437920774687262,False,0.7380939146868483,0.0,0.0,58505237.88175724,CONTINUED_TO_HOUSEHOLD_BATCH,5368701.505097189,True,True,219200.0,33106000.0,0.09,58719043.066994764,1.0,24.492251391866738,5368701.505097189,0.9645303327953562,0.09,0.9895303327953562,0.6639444000102773,3.840367512162725,1.3,C1_RESIDUAL_LEVEL__NO_C0_ACTION,HJB_CONVERGED,True,17,8.547302199346518e-09,0.6639444000102773,18.319859030118984,0.07859282907432666,0.02,DIAGNOSTIC_ONLY,1.614953017235049e-17,True,0.12359893064079942,4.009611541389527,2.645763195640841,False,0.003641155817093086,北京,0,False,True,accepted_corrected_2018_runtime.rah0,0.09,0.02,False,2.437920774687262,False,False,20,0,31,4,24,1,False,True,1.3,0.8,1.3109740639222616,False
7.27985472108661,11.979868295102222,4.700013574015612,11.103693258342576,64593598.72309723,13362900.0,1.6155958172537193,64382564.19141449,64382564.19141449,0.9967328878425336,64382564.19141449,0.9967328878425336,64382564.19141449,0.9967328878425336,211034.53168273813,64593598.72309723,0.674477675724933,138300.0,138300.0,34951945.34637973,1.034748432816036,1.034748432816036,1.034748432816036,False,0.7380939146868483,0.0,0.0,64382564.19141449,CONTINUED_TO_HOUSEHOLD_BATCH,5434689.380967647,True,True,138300.0,13362900.0,0.09,64593598.72309723,1.0,39.29638019499383,5434689.380967647,0.3665893670146143,0.09,0.39158936701461433,0.674477675724933,1.6515039218037126,1.3,C1_RESIDUAL_LEVEL__NO_C0_ACTION,HJB_CONVERGED,True,27,3.770028733640629e-11,0.674477675724933,18.198003011640164,0.06490365475420734,0.02,DIAGNOSTIC_ONLY,1.609023786604269e-17,True,0.1460882751544755,3.3740519150699124,2.961808682160987,False,0.003267112157466416,天津,1,False,True,accepted_corrected_2018_runtime.rah0,0.09,0.02,False,1.034748432816036,False,False,20,0,31,4,24,1,False,True,1.3,0.8,1.6155958172537193,False
7.285540421362414,11.974594149045522,4.689053727683108,10.558430329101128,113705229.18254791,32494600.0,0.6958771067784411,113491942.07633151,113491942.07633151,0.9981242102254244,113491942.07633151,0.9981242102254244,113491942.07633151,0.9981242102254244,213287.10621640403,113705229.18254791,0.6601134967866474,742600.0,742600.0,55106848.23392273,1.067338636199028,1.067338636199028,1.067338636199028,False,0.7380939146868483,0.0,0.0,113491942.07633151,CONTINUED_TO_HOUSEHOLD_BATCH,5579817.062945651,True,True,742600.0,32494600.0,0.09,113705229.18254791,1.0,7.513893163137155,5579817.062945651,0.3295641733702322,0.09,0.3545641733702322,0.6601134967866474,2.563830397533021,1.3,C1_RESIDUAL_LEVEL__NO_C0_ACTION,HJB_CONVERGED,True,35,2.8269918406209626e-08,0.6601134967866474,18.121763089356133,0.08640803056619092,0.02,DIAGNOSTIC_ONLY,1.2468324983583301e-17,True,0.11373130212702849,4.3380529827671905,5.792649764908337,False,0.0018757897745756487,河北,2,False,True,accepted_corrected_2018_runtime.rah0,0.09,0.02,False,1.067338636199028,False,False,20,0,31,4,24,1,False,True,1.3,0.8,0.6958771067784411,False
7.284866502416373,11.974394344628905,4.689527842212533,10.597839877871897,53478727.38884524,15958100.0,1.0641078037240366,53261281.73335349,53261281.73335349,0.9959339784974556,53261281.73335349,0.9959339784974556,53261281.73335349,0.9959339784974556,217445.6554917545,53478727.38884524,0.6596120927891331,350200.0,350200.0,32939238.74260855,1.1136984900932783,1.1136984900932783,1.1136984900932783,False,0.7380939146868483,0.0,0.0,53261281.73335349,CONTINUED_TO_HOUSEHOLD_BATCH,5572056.408280555,True,True,350200.0,15958100.0,0.09,53478727.38884524,1.0,15.91106912701472,5572056.408280555,0.4263907062621223,0.09,0.4513907062621223,0.6596120927891331,1.5372770273999365,1.3,C1_RESIDUAL_LEVEL__NO_C0_ACTION,HJB_CONVERGED,True,49,2.10115258525434e-10,0.6596120927891331,18.203099062044032,0.08643576394514026,0.02,DIAGNOSTIC_ONLY,1.61128615346274e-17,True,0.0007910272049006893,4.347984625060495,2.1992214645309556,False,0.004066021502544393,山西,3,False,True,accepted_corrected_2018_runtime.rah0,0.09,0.02,False,1.1136984900932783,False,False,20,0,31,4,24,1,False,True,1.3,0.8,1.0641078037240366,False
7.290695301981074,11.985330725925012,4.694635423943938,10.616873173331285,82165502.99427319,16140800.0,1.2603399135039592,81955908.1308653,81955908.1308653,0.9974491136088769,81955908.1308653,0.9974491136088769,81955908.1308653,0.9974491136088769,209594.86340788676,82165502.99427319,0.6719414867687957,242200.0,242200.0,36483694.475884706,0.9036347315500086,0.9036347315500086,0.9036347315500086,False,0.7380939146868483,0.0,0.0,81955908.1308653,CONTINUED_TO_HOUSEHOLD_BATCH,5450885.927139339,True,True,242200.0,16140800.0,0.09,82165502.99427319,1.0,22.505722242524108,5450885.927139339,0.2961838594568849,0.09,0.32087079730790763,0.6719414867687957,1.716273839247276,1.3,C1_RESIDUAL_LEVEL__NO_C0_ACTION,HJB_CONVERGED,True,26,4.778821782736031e-11,0.6719414867687957,17.638053822269907,0.07370607384987489,0.02,DIAGNOSTIC_ONLY,1.3396384722580728e-17,True,0.1361476686906145,3.7071520477273117,4.024596251726135,False,0.0025508863911232337,内蒙古,4,False,True,accepted_corrected_2018_runtime.rah0,0.09,0.02,False,0.9036347315500086,False,False,20,0,31,4,24,1,False,True,1.3,0.8,1.2603399135039592,False
7.2972863401635415,11.980188774909521,4.682902434745981,9.949935463621017,90061052.78222083,23510500.0,0.9448290062185114,89849317.57381403,89849317.57381403,0.9976489814202062,89849317.57381403,0.9976489814202062,89849317.57381403,0.9976489814202062,211735.20840679316,90061052.78222083,0.6713203024088547,429100.0,429100.0,45723902.35070031,1.0589248653382726,1.0589248653382726,1.0589248653382726,False,0.7380939146868483,0.0,0.0,89849317.57381403,CONTINUED_TO_HOUSEHOLD_BATCH,5439446.864518635,True,True,429100.0,23510500.0,0.09,90061052.78222083,1.0,12.676408446792438,5439446.864518635,0.3451706684814465,0.09,0.37017066848144653,0.6713203024088547,2.1747946124035207,1.3,C1_RESIDUAL_LEVEL__NO_C0_ACTION,HJB_CONVERGED,True,15,4.6158866284784494e-08,0.6713203024088547,16.72579387534917,0.08254889155973023,0.02,DIAGNOSTIC_ONLY,1.2760866077949428e-17,True,0.12646115787990045,4.015444133300624,4.519008030619599,False,0.002351018579793821,辽宁,5,False,True,accepted_corrected_2018_runtime.rah0,0.09,0.02,False,1.0589248653382726,False,False,20,0,31,4,24,1,False,True,1.3,0.8,0.9448290062185114,False
7.306324473833281,11.987582120383966,4.681257646550685,9.665849490645694,66308917.7271201,11253800.0,1.2420270932695647,66096066.69861572,66096066.69861572,0.9967900090093413,66096066.69861572,0.9967900090093413,66096066.69861572,0.9967900090093413,212851.0285043764,66308917.7271201,0.6791781246847705,248400.0,248400.0,25231324.502237026,0.7331983987589327,0.7331983987589327,0.7331983987589327,False,0.7380939146868483,0.0,0.0,66096066.69861572,CONTINUED_TO_HOUSEHOLD_BATCH,5419451.9390971605,True,True,248400.0,11253800.0,0.09,66308917.7271201,1.0,21.817439368346058,5419451.9390971605,0.2502570646414367,0.09,0.2739529904471632,0.6791781246847705,1.1893962923482995,1.1893962923482995,C1_RESIDUAL_LEVEL__NO_C0_ACTION,HJB_CONVERGED,True,15,3.5706573253690976e-09,0.6791781246847705,15.98491210464971,0.0786566974876448,0.02,DIAGNOSTIC_ONLY,2.564019563415022e-17,True,0.13766358952089844,3.7564279910675893,3.0784516264921225,False,0.003209990990658578,吉林,6,False,True,accepted_corrected_2018_runtime.rah0,0.09,0.02,False,0.7331983987589327,False,False,20,0,31,4,24,1,False,False,1.3,0.8,1.2420270932695647,False
7.319571303590979,11.987754407147822,4.668183103556843,8.926366475532,58424879.89838116,12846500.0,1.0704163091281762,58208787.75555803,58208787.75555803,0.9963013677871657,58208787.75555803,0.9963013677871657,58208787.75555803,0.9963013677871657,216092.14282312893,58424879.89838116,0.6836297374851197,332700.0,332700.0,26597603.115215115,0.8512301435859188,0.8512301435859188,0.8512301435859188,False,0.7380939146868483,0.0,0.0,58208787.75555803,CONTINUED_TO_HOUSEHOLD_BATCH,5355652.504028498,True,True,332700.0,12846500.0,0.09,58424879.89838116,1.0,16.09754284348812,5355652.504028498,0.30504659658446637,0.09,0.3300465965844664,0.6836297374851197,1.2775992877170088,1.2775992877170088,C1_RESIDUAL_LEVEL__NO_C0_ACTION,HJB_CONVERGED,True,13,7.462075846120797e-09,0.6836297374851197,14.782111996765861,0.08488059053640952,0.02,DIAGNOSTIC_ONLY,1.7604732775733378e-17,True,0.13543040042248977,3.8837673933793297,2.63633748669804,False,0.003698632212834321,黑龙江,7,False,True,accepted_corrected_2018_runtime.rah0,0.09,0.02,False,0.8512301435859188,False,False,20,0,31,4,24,1,False,False,1.3,0.8,1.0704163091281762,False
7.284165435653269,11.977394886237489,4.69322945058422,10.689503573854708,66125294.30800852,36011800.0,1.2404104859537046,65912399.68835613,65912399.68835613,0.9967804359605458,65912399.68835613,0.9967804359605458,65912399.68835613,0.9967804359605458,212894.61965239004,66125294.30800852,0.6656559065380905,247500.0,247500.0,80681214.33806762,2.353254580746131,2.353254580746131,2.353254580746131,False,0.7380939146868483,0.0,0.0,65912399.68835613,CONTINUED_TO_HOUSEHOLD_BATCH,5384965.240367837,True,True,247500.0,36011800.0,0.09,66125294.30800852,1.0,21.757435314617524,5384965.240367837,0.8992913814531691,0.09,0.9242913814531691,0.6656559065380905,4.027426113595344,1.3,C1_RESIDUAL_LEVEL__NO_C0_ACTION,HJB_CONVERGED,True,18,3.760773470418144e-09,0.6656559065380905,18.0332764190634,0.0786410648427616,0.02,DIAGNOSTIC_ONLY,1.8495811436244902e-17,True,0.12507969639608918,3.981897380783516,3.0932046513694003,False,0.0032195640394542045,上海,8,False,True,accepted_corrected_2018_runtime.rah0,0.09,0.02,False,2.353254580746131,False,False,20,0,31,4,24,1,False,True,1.3,0.8,1.2404104859537046,False
7.281748896323775,11.975260402886857,4.693511506563083,10.772692990875354,203535217.25929242,93207600.0,0.6289804811565505,203337725.87156624,203337725.87156624,0.9990296942692006,203337725.87156624,0.9990296942692006,203337725.87156624,0.9990296942692006,197491.38772618957,203535217.25929242,0.6628712791095902,844600.0,844600.0,151833361.0954473,1.9260565786278652,1.9260565786278652,1.9260565786278652,False,0.7380939146868483,0.0,0.0,203337725.87156624,CONTINUED_TO_HOUSEHOLD_BATCH,5442273.339288691,True,True,844600.0,93207600.0,0.09,203535217.25929242,1.0,6.443610394611285,5442273.339288691,0.5336284710994464,0.09,0.5586284710994465,0.6628712791095902,7.413379714079513,1.3,C1_RESIDUAL_LEVEL__NO_C0_ACTION,HJB_CONVERGED,True,17,4.77480961436072e-08,0.6628712791095902,18.287049574345293,0.08042908909180554,0.02,DIAGNOSTIC_ONLY,2.465448104785966e-17,True,0.12097274430566919,4.090455517989632,11.466311078125955,False,0.0009703057307993861,江苏,9,False,True,accepted_corrected_2018_runtime.rah0,0.09,0.02,False,1.9260565786278652,False,False,20,0,31,4,24,1,False,True,1.3,0.8,0.6289804811565505,False
7.284992506847101,11.975128494357119,4.690135987510018,10.56692116715283,124249656.20818298,58002800.0,0.7622058715614664,124040753.50307877,124040753.50307877,0.9983186858500905,124040753.50307877,0.9983186858500905,124040753.50307877,0.9983186858500905,208902.70510419522,124249656.20818298,0.6626729326407825,627300.0,627300.0,102212874.72700542,1.865111818631329,1.865111818631329,1.865111818631329,False,0.7380939146868483,0.0,0.0,124040753.50307877,CONTINUED_TO_HOUSEHOLD_BATCH,5457070.248817265,True,True,627300.0,58002800.0,0.09,124249656.20818298,1.0,8.699298977869066,5457070.248817265,0.5917679954932621,0.09,0.6167679954932621,0.6626729326407825,4.983006406746065,1.3,C1_RESIDUAL_LEVEL__NO_C0_ACTION,HJB_CONVERGED,True,15,8.606957369039492e-10,0.6626729326407825,18.00489758044457,0.08335304818599189,0.02,DIAGNOSTIC_ONLY,1.4530003177200268e-17,True,0.11827278550097817,4.191699518513995,6.589521516306431,False,0.0016813141499093908,浙江,10,False,True,accepted_corrected_2018_runtime.rah0,0.09,0.02,False,1.865111818631329,False,False,20,0,31,4,24,1,False,True,1.3,0.8,0.7622058715614664,False
8.633994914935972,6.900871192911246,-1.7331237220247262,11.708814550329276,70182433.35888097,34010900.0,0.7860133217464127,69963532.08691391,69963532.08691391,0.996880967765143,69963532.08691391,0.996880967765143,69963532.08691391,0.996880967765143,218901.27196706057,70182433.35888097,0.6370528935500427,607600.0,607600.0,60743920.48458507,1.681124916844091,1.681124916844091,1.681124916844091,False,0.7380939146868483,0.0,0.0,69963532.08691391,CONTINUED_TO_HOUSEHOLD_BATCH,5563581.62615384,True,True,607600.0,34010900.0,0.09,70182433.35888097,1.0,9.156651787613297,5563581.62615384,0.6254548061853806,0.09,0.6504548061853807,0.6370528935500427,2.911555340888314,1.3,C1_RESIDUAL_LEVEL__NO_C0_ACTION,HJB_NONCONVERGED_DIAGNOSTIC_ONLY,False,100,0.18862667495966345,0.6370528935500427,18.29792118969518,0.08895777765800762,0.02,DIAGNOSTIC_ONLY,6.404770176394391e-12,True,1.4255976219507335e-09,1.0886757315293916,3.204871254694421,False,0.0031190322348571085,安徽,11,False,True,accepted_corrected_2018_runtime.rah0,0.09,0.02,False,1.681124916844091,False,False,20,0,31,4,24,1,False,True,1.3,0.8,0.7860133217464127,False
7.288281882052443,11.97681556650996,4.688533684457516,10.401708463615293,87795538.11850408,38687800.0,0.9670022268999872,87583713.2028846,87583713.2028846,0.9975872929290147,87583713.2028846,0.9975872929290147,87583713.2028846,0.9975872929290147,211824.9156194794,87795538.11850408,0.6657210993194854,410400.0,410400.0,76098988.75386132,1.7964378516260697,1.7964378516260697,1.7964378516260697,False,0.7380939146868483,0.0,0.0,87583713.2028846,CONTINUED_TO_HOUSEHOLD_BATCH,5432528.659324941,True,True,410400.0,38687800.0,0.09,87795538.11850408,1.0,13.237155602643618,5432528.659324941,0.6225835843436378,0.09,0.6475835843436378,0.6657210993194854,3.713643537835033,1.3,C1_RESIDUAL_LEVEL__NO_C0_ACTION,HJB_CONVERGED,True,14,8.923409566818918e-09,0.6657210993194854,17.622512150269692,0.08227353131506258,0.02,DIAGNOSTIC_ONLY,2.3879552848993235e-17,True,0.12179931902025395,4.10265327019557,4.387027148508637,False,0.002412707070985359,福建,12,False,True,accepted_corrected_2018_runtime.rah0,0.09,0.02,False,1.7964378516260697,False,False,20,0,31,4,24,1,False,True,1.3,0.8,0.9670022268999872,False
7.287925034601637,11.975179170902608,4.687254136300972,10.475618175445794,51050047.92908307,22716500.0,0.9314367159561254,50830111.27314169,50830111.27314169,0.9956917443790276,50830111.27314169,0.9956917443790276,50830111.27314169,0.9956917443790276,219936.6559413823,51050047.92908307,0.6589285517404829,451300.0,451300.0,43875482.15801732,1.5352442633792756,1.5352442633792756,1.5352442633792756,False,0.7380939146868483,0.0,0.0,50830111.27314169,CONTINUED_TO_HOUSEHOLD_BATCH,5571902.1379387835,True,True,451300.0,22716500.0,0.09,51050047.92908307,1.0,12.346337553598014,5571902.1379387835,0.6174912128219108,0.09,0.6424912128219108,0.6589285517404829,2.0887854368669423,1.3,C1_RESIDUAL_LEVEL__NO_C0_ACTION,HJB_NONCONVERGED_DIAGNOSTIC_ONLY,False,100,0.05869183330034722,0.6589285517404829,18.066338850784597,0.08911960456738838,0.02,DIAGNOSTIC_ONLY,2.935477382004503e-17,True,6.604161767961214e-06,4.447592186118922,2.054016783094952,False,0.004308255620972395,江西,13,False,True,accepted_corrected_2018_runtime.rah0,0.09,0.02,False,1.5352442633792756,False,False,20,0,31,4,24,1,False,True,1.3,0.8,0.9314367159561254,False
7.281911169574231,11.974299246501907,4.692388076927677,10.738900858662145,210016973.07581103,66648899.99999999,0.561233498611365,209817528.25886053,209817528.25886053,0.9990503395319458,209817528.25886053,0.9990503395319458,209817528.25886053,0.9990503395319458,199444.81695050414,210016973.07581103,0.6612100534648971,1007700.0,1007700.0,104054495.32559898,1.2849276420428595,1.2849276420428595,1.2849276420428595,False,0.7380939146868483,0.0,0.0,209817528.25886053,CONTINUED_TO_HOUSEHOLD_BATCH,5521066.724211836,True,True,1007700.0,66648899.99999999,0.09,210016973.07581103,1.0,5.478879353192256,5521066.724211836,0.33904137396314177,0.09,0.3640413739631418,0.6612100534648971,4.913784525892621,1.3,C1_RESIDUAL_LEVEL__NO_C0_ACTION,HJB_CONVERGED,True,15,7.239737698228055e-10,0.6612100534648971,18.321743106447045,0.08264908560515918,0.02,DIAGNOSTIC_ONLY,2.077602413025348e-17,True,0.11763513599753661,4.194072048255759,11.67973404214395,False,0.0009496604680542149,山东,14,False,True,accepted_corrected_2018_runtime.rah0,0.09,0.02,False,1.2849276420428595,False,False,20,0,31,4,24,1,False,True,1.3,0.8,0.561233498611365,False
8.82491138826962,6.884399462993148,-1.940511925276471,12.436299488955813,168320556.01470312,49935900.0,0.5745916348557543,168116185.30807993,168116185.30807993,0.9987858244324873,168116185.30807993,0.9987858244324873,168116185.30807993,0.9987858244324873,204370.7066231856,168320556.01470312,0.6836078392830619,986400.0,986400.0,78628650.41899346,1.139914115532732,1.139914115532732,1.139914115532732,False,0.7380939146868483,0.0,0.0,168116185.30807993,CONTINUED_TO_HOUSEHOLD_BATCH,5583060.098225643,True,True,986400.0,49935900.0,0.09,168320556.01470312,1.0,5.660036595930295,5583060.098225643,0.3172638542908384,0.09,0.34226385429083844,0.6836078392830619,3.661506888348233,1.3,C1_RESIDUAL_LEVEL__NO_C0_ACTION,HJB_NONCONVERGED_DIAGNOSTIC_ONLY,False,100,0.3587512505611632,0.6836078392830619,18.484175006636022,0.08521809867670735,0.02,DIAGNOSTIC_ONLY,1.9109620677499165e-06,True,1.2989299477027342e-14,3.2780571693197735e-06,9.049480216545119,False,0.0012141755675125826,河南,15,False,True,accepted_corrected_2018_runtime.rah0,0.09,0.02,False,1.139914115532732,False,False,20,0,31,4,24,1,False,True,1.3,0.8,0.5745916348557543,False
9.14595562393632,8.296677365697963,-0.8492782582383565,11.516436275522537,101805153.6623069,42022000.0,0.7956370513468363,101594661.51220925,101594661.51220925,0.9979324018232332,101594661.51220925,0.9979324018232332,101594661.51220925,0.9979324018232332,210492.1500976498,101805153.6623069,0.6187037280202167,591700.0,591700.0,75456260.17169675,1.5894323920714784,1.5894323920714784,1.5894323920714784,False,0.7380939146868483,0.0,0.0,101594661.51220925,CONTINUED_TO_HOUSEHOLD_BATCH,5530308.277121804,True,True,591700.0,42022000.0,0.09,101805153.6623069,1.0,9.346473343116113,5530308.277121804,0.5266794349693987,0.09,0.5516794349693988,0.6187037280202167,3.603638202991041,1.3,C1_RESIDUAL_LEVEL__NO_C0_ACTION,HJB_NONCONVERGED_DIAGNOSTIC_ONLY,False,100,0.007907594369422455,0.6187037280202167,18.519697907284154,0.0851220223749261,0.02,DIAGNOSTIC_ONLY,2.8094879396013683e-13,True,2.94708184765571e-06,2.8828145082413226,5.136195221006765,False,0.002067598176766801,湖北,16,False,True,accepted_corrected_2018_runtime.rah0,0.09,0.02,False,1.5894323920714784,False,False,20,0,31,4,24,1,False,True,1.3,0.8,0.7956370513468363,False
7.045466751003072,11.667579527651423,4.6221127766483505,9.863298314431825,93791807.14892803,36329700.0,0.7448252904476156,93575959.47689357,93575959.47689357,0.9976986511018844,93575959.47689357,0.9976986511018844,93575959.47689357,0.9976986511018844,215847.67203445273,93791807.14892803,0.6321945683965557,663500.0,663500.0,63388979.35437474,1.4167063570694212,1.4167063570694212,1.4167063570694212,False,0.7380939146868483,0.0,0.0,93575959.47689357,CONTINUED_TO_HOUSEHOLD_BATCH,5557623.900438139,True,True,663500.0,36329700.0,0.09,93791807.14892803,1.0,8.376222909477226,5557623.900438139,0.4763263686225738,0.09,0.5013263686225738,0.6321945683965557,3.00213531214522,1.3,C1_RESIDUAL_LEVEL__NO_C0_ACTION,HJB_NONCONVERGED_DIAGNOSTIC_ONLY,False,100,0.2058091017317485,0.6321945683965557,18.15409814981755,0.0872058027276669,0.02,DIAGNOSTIC_ONLY,6.8947302693499596e-15,True,2.3105564971803003e-08,5.520904195716405,4.625414075580866,False,0.002301348898115561,湖南,17,False,True,accepted_corrected_2018_runtime.rah0,0.09,0.02,False,1.4167063570694212,False,False,20,0,31,4,24,1,False,True,1.3,0.8,0.7448252904476156,False
7.292882692827641,11.976879590612684,4.683996897785043,10.148967800943874,191259406.86816654,99945200.0,0.47421647023268854,191051748.17931125,191051748.17931125,0.998914256337737,191051748.17931125,0.998914256337737,191051748.17931125,0.998914256337737,207658.6888552844,191259406.86816654,0.6653272537503436,1234800.0,1234800.0,147340859.9607001,1.9575836150085797,1.9575836150085797,1.9575836150085797,False,0.7380939146868483,0.0,0.0,191051748.17931125,CONTINUED_TO_HOUSEHOLD_BATCH,5434891.80439293,True,True,1234800.0,99945200.0,0.09,191259406.86816654,1.0,4.4014348917986155,5434891.80439293,0.5568838406923955,0.09,0.5818838406923955,0.6653272537503436,7.2661132594261355,1.3,C1_RESIDUAL_LEVEL__NO_C0_ACTION,HJB_NONCONVERGED_DIAGNOSTIC_ONLY,False,100,0.04680647315474018,0.6653272537503436,17.286415001574493,0.086287673370157,0.02,DIAGNOSTIC_ONLY,4.257726514623702e-17,True,8.412795459349587e-09,4.2412206754576305,10.730341268466765,False,0.0010857436622629586,广东,18,False,True,accepted_corrected_2018_runtime.rah0,0.09,0.02,False,1.9575836150085797,False,False,20,0,31,4,24,1,False,True,1.3,0.8,0.47421647023268854,False
9.019562137869334,8.455520643287654,-0.5640414945816795,10.330139136138044,67306708.83876626,19627800.0,0.8812467533126391,67089977.17350256,67089977.17350256,0.9967799396374752,67089977.17350256,0.9967799396374752,67089977.17350256,0.9967799396374752,216731.66526370766,67306708.83876626,0.6456412582951425,494700.0,494700.0,36924735.02466982,1.0559578674063324,1.0559578674063324,1.0559578674063324,False,0.7380939146868483,0.0,0.0,67089977.17350256,CONTINUED_TO_HOUSEHOLD_BATCH,5523577.341518719,True,True,494700.0,19627800.0,0.09,67306708.83876626,1.0,11.165509079277783,5523577.341518719,0.37667610867663603,0.09,0.40167610867663606,0.6456412582951425,1.736792284401693,1.3,C1_RESIDUAL_LEVEL__NO_C0_ACTION,HJB_NONCONVERGED_DIAGNOSTIC_ONLY,False,100,0.09121637957767925,0.6456412582951425,16.822125649139746,0.08756544677060778,0.02,DIAGNOSTIC_ONLY,2.450216340440344e-13,True,9.14803188466253e-06,2.815913261816137,3.0617824691766478,False,0.003220060362524782,广西,19,False,True,accepted_corrected_2018_runtime.rah0,0.09,0.02,False,1.0559578674063324,False,False,20,0,31,4,24,1,False,True,1.3,0.8,0.8812467533126391,False
7.303231148085635,11.980240504468236,4.677009356382602,9.624496213804226,14673330.466888333,4910700.0,1.862398273510423,14453191.694022465,14453191.694022465,0.9849973546658252,14453191.694022465,0.9849973546658252,14453191.694022465,0.9849973546658252,220138.77286586814,14673330.466888333,0.6719519175622154,98200.0,98200.0,14056379.201727634,1.2419605594280527,1.2419605594280527,1.2419605594280527,False,0.7380939146868483,0.0,0.0,14453191.694022465,CONTINUED_TO_HOUSEHOLD_BATCH,5444789.468952013,True,True,98200.0,4910700.0,0.09,14673330.466888333,1.0,55.44592127242376,5444789.468952013,0.6805274933209199,0.09,0.7055274933209199,0.6719519175622154,0.6746763917598456,0.8,C1_RESIDUAL_LEVEL__NO_C0_ACTION,HJB_CONVERGED,True,14,2.552571487512978e-10,0.6719519175622154,16.244721014420247,0.08665876897535335,0.02,DIAGNOSTIC_ONLY,2.1955093992831465e-17,True,0.12335222678593173,4.137153362116391,0.10168975613838349,False,0.015002645334174865,海南,20,False,True,accepted_corrected_2018_runtime.rah0,0.09,0.02,False,1.2419605594280527,False,False,20,0,31,4,24,1,True,False,1.3,0.8,1.862398273510423,False
9.159777527916054,7.784216868876887,-1.3755606590391674,11.090223919296262,50663834.63130832,21588800.0,1.1117662748832058,50447474.65090454,50447474.65090454,0.9957294985273367,50447474.65090454,0.9957294985273367,50447474.65090454,0.9957294985273367,216359.9804037753,50663834.63130832,0.611896262914012,316300.0,316300.0,45590499.75519855,1.6103797622666287,1.6103797622666287,1.6103797622666287,False,0.7380939146868483,0.0,0.0,50447474.65090454,CONTINUED_TO_HOUSEHOLD_BATCH,5490979.341466264,True,True,316300.0,21588800.0,0.09,50663834.63130832,1.0,17.360035856674877,5490979.341466264,0.645992502052037,0.09,0.670992502052037,0.611896262914012,2.196847343905922,1.3,C1_RESIDUAL_LEVEL__NO_C0_ACTION,HJB_NONCONVERGED_DIAGNOSTIC_ONLY,False,100,0.003659066625460339,0.611896262914012,18.070548844406634,0.08592885327235546,0.02,DIAGNOSTIC_ONLY,1.2025954125650532e-14,True,4.082089239434528e-06,2.32667408673803,2.075579751242182,False,0.004270501472663364,重庆,21,False,True,accepted_corrected_2018_runtime.rah0,0.09,0.02,False,1.6103797622666287,False,False,20,0,31,4,24,1,False,True,1.3,0.8,1.1117662748832058,False
7.2908242225365285,11.975928221236748,4.685103998700219,10.305289953203566,94830047.41899477,42902100.0,0.6409918161106765,94611235.42704573,94611235.42704573,0.997692587972858,94611235.42704573,0.997692587972858,94611235.42704573,0.997692587972858,218811.9919490324,94830047.41899477,0.6610673011765601,832100.0,832100.0,70401994.99396186,1.5639154818692091,1.5639154818692091,1.5639154818692091,False,0.7380939146868483,0.0,0.0,94611235.42704573,CONTINUED_TO_HOUSEHOLD_BATCH,5514254.106213979,True,True,832100.0,42902100.0,0.09,94830047.41899477,1.0,6.626912758339118,5514254.106213979,0.5305365687691278,0.09,0.5555365687691278,0.6610673011765601,3.390047700344512,1.3,C1_RESIDUAL_LEVEL__NO_C0_ACTION,HJB_NONCONVERGED_DIAGNOSTIC_ONLY,False,100,0.048200291036978093,0.6610673011765601,17.717335154425694,0.08906225625677495,0.02,DIAGNOSTIC_ONLY,1.5164559939452462e-17,True,0.000703929312085506,4.406861680433227,4.732419144542225,False,0.0023074120271419757,四川,22,False,True,accepted_corrected_2018_runtime.rah0,0.09,0.02,False,1.5639154818692091,False,False,20,0,31,4,24,1,False,True,1.3,0.8,0.6409918161106765,False
8.83148568101891,7.1729018010919,-1.6585838799270098,11.529331410685097,39447014.665611394,15353200.0,1.0159985953083934,39226197.27555258,39226197.27555258,0.9944021774035205,39226197.27555258,0.9944021774035205,39226197.27555258,0.9944021774035205,220817.3900588127,39447014.665611394,0.6989442113415443,382200.0,382200.0,30952029.633488826,1.3109652918730739,1.3109652918730739,1.3109652918730739,False,0.7380939146868483,0.0,0.0,39226197.27555258,CONTINUED_TO_HOUSEHOLD_BATCH,5557556.027761952,True,True,382200.0,15353200.0,0.09,39447014.665611394,1.0,14.540962919314369,5557556.027761952,0.5571785759334482,0.09,0.5821785759334482,0.6989442113415443,1.4662920362322192,1.3,C1_RESIDUAL_LEVEL__NO_C0_ACTION,HJB_NONCONVERGED_DIAGNOSTIC_ONLY,False,100,0.3037203268799673,0.6989442113415443,17.471672154406804,0.08979022758512188,0.02,DIAGNOSTIC_ONLY,1.3080084515504353e-09,True,4.381760389060762e-15,0.00020937934607223794,1.3659689300212565,False,0.005597822596479374,贵州,23,False,True,accepted_corrected_2018_runtime.rah0,0.09,0.02,False,1.3109652918730739,False,False,20,0,31,4,24,1,False,True,1.3,0.8,1.0159985953083934,False
7.298893940387087,11.978674832662056,4.6797808922749695,9.841130274913418,68611984.86091176,20880600.0,0.9021593191478017,68395164.86341207,68395164.86341207,0.9968399107249379,68395164.86341207,0.9968399107249379,68395164.86341207,0.9968399107249379,216819.99749969383,68611984.86091176,0.6688141419340898,470300.0,470300.0,39718227.879397586,1.1223138132516461,1.1223138132516461,1.1223138132516461,False,0.7380939146868483,0.0,0.0,68395164.86341207,CONTINUED_TO_HOUSEHOLD_BATCH,5477532.799242988,True,True,470300.0,20880600.0,0.09,68611984.86091176,1.0,11.646890919079286,5477532.799242988,0.3995823991516949,0.09,0.42458239915169493,0.6688141419340898,1.887169667839315,1.3,C1_RESIDUAL_LEVEL__NO_C0_ACTION,HJB_CONVERGED,True,60,1.4832668426834061e-10,0.6688141419340898,16.690391966376946,0.08689848117056337,0.02,DIAGNOSTIC_ONLY,3.102693914412849e-17,True,0.12049425850980072,4.199532148778881,3.175358223955266,False,0.0031600892750621497,云南,24,False,True,accepted_corrected_2018_runtime.rah0,0.09,0.02,False,1.1223138132516461,False,False,20,0,31,4,24,1,False,True,1.3,0.8,0.9021593191478017,False
7.31845662773239,11.98744850142549,4.6689918736931,8.975804814394353,6325734.326183821,1548400.0,2.715689591397689,6105186.573961071,6105186.573961071,0.9651348379729058,6105186.573961071,0.9651348379729058,6105186.573961071,0.9651348379729058,220547.75222275045,6325734.326183821,0.6830850909393061,35400.0,35400.0,5753373.7633201815,0.9519473348738489,0.9519473348738489,0.9519473348738489,False,0.7380939146868483,0.0,0.0,6105186.573961071,CONTINUED_TO_HOUSEHOLD_BATCH,5315038.756682897,True,True,35400.0,1548400.0,0.09,6325734.326183821,1.0,150.14233775940386,5315038.756682897,0.6366596896985564,0.09,0.6616596896985564,0.6830850909393061,0.27943007917538387,0.8,C1_RESIDUAL_LEVEL__NO_C0_ACTION,HJB_CONVERGED,True,13,7.219969511140789e-09,0.6830850909393061,14.871770683578495,0.08467093143392833,0.02,DIAGNOSTIC_ONLY,1.2059905076813529e-17,True,0.1351315125941733,3.886167070222979,0.6032807651540251,False,0.03486516202709419,西藏,25,False,True,accepted_corrected_2018_runtime.rah0,0.09,0.02,False,0.9519473348738489,False,False,20,0,31,4,24,1,True,False,1.3,0.8,2.715689591397689,False
7.281527789393527,11.973735590020762,4.692207800627235,10.761561272316895,73897910.2910824,23941900.0,0.9988299299081169,73683662.64844787,73683662.64844787,0.9971007618241083,73683662.64844787,0.9971007618241083,73683662.64844787,0.9971007618241083,214247.64263451993,73897910.2910824,0.6596879759364712,393100.0,393100.0,47855786.29886714,1.276834793819483,1.276834793819483,1.276834793819483,False,0.7380939146868483,0.0,0.0,73683662.64844787,CONTINUED_TO_HOUSEHOLD_BATCH,5532406.706444514,True,True,393100.0,23941900.0,0.09,73897910.2910824,1.0,14.07378963735567,5532406.706444514,0.4512550517528234,0.09,0.4762550517528234,0.6596879759364712,2.2573121450347458,1.3,C1_RESIDUAL_LEVEL__NO_C0_ACTION,HJB_CONVERGED,True,77,7.931090162394128e-08,0.6596879759364712,18.430975272573402,0.08403899067870337,0.02,DIAGNOSTIC_ONLY,1.7970651008947236e-17,True,0.1152415606233068,4.26749194720939,3.452426958235085,False,0.002899238175891615,陕西,26,False,True,accepted_corrected_2018_runtime.rah0,0.09,0.02,False,1.276834793819483,False,False,20,0,31,4,24,1,False,True,1.3,0.8,0.9988299299081169,False
9.106801584198516,10.74181500778263,1.6350134235841134,9.866403756778285,25177704.67938732,8104100.0,1.2514441197041286,24956602.10862532,24956602.10862532,0.9912183190017708,24956602.10862532,0.9912183190017708,24956602.10862532,0.9912183190017708,221102.57076200092,25177704.67938732,0.6285098446598826,251500.0,251500.0,18245928.29049423,1.0755387353608545,1.0755387353608545,1.0755387353608545,False,0.7380939146868483,0.0,0.0,24956602.10862532,CONTINUED_TO_HOUSEHOLD_BATCH,5575605.388728504,True,True,251500.0,8104100.0,0.09,25177704.67938732,1.0,22.169405124169003,5575605.388728504,0.5077975242704716,0.09,0.5327975242704717,0.6285098446598826,0.8537294612571722,0.8537294612571722,C1_RESIDUAL_LEVEL__NO_C0_ACTION,HJB_NONCONVERGED_DIAGNOSTIC_ONLY,False,100,0.03481466673150879,0.6285098446598826,17.49933815729084,0.09,0.02,DIAGNOSTIC_ONLY,7.27052371402064e-16,True,2.7513016043059495e-05,3.1755891064239314,0.5052299510701805,False,0.008781680998229156,甘肃,27,False,True,accepted_corrected_2018_runtime.rah0,0.09,0.02,False,1.0755387353608545,False,False,20,0,31,4,24,1,False,False,1.3,0.8,1.2514441197041286,False
7.304725655419864,11.991275603632225,4.686549948212361,9.934963489707254,17578407.529567722,2748000.0,2.2700036053669774,17359634.45474902,17359634.45474902,0.9875544428896239,17359634.45474902,0.9875544428896239,17359634.45474902,0.9875544428896239,218773.0748187012,17578407.529567722,0.6796360768994074,58700.0,58700.0,8985969.907548454,0.695994950573659,0.695994950573659,0.695994950573659,False,0.7380939146868483,0.0,0.0,17359634.45474902,CONTINUED_TO_HOUSEHOLD_BATCH,5410867.211674127,True,True,58700.0,2748000.0,0.08818883738518214,17578407.529567722,1.0,92.17831706429517,5410867.211674127,0.3448016066707992,0.09,0.36735248742384613,0.6796360768994074,0.4234767799454395,0.8,C1_RESIDUAL_LEVEL__NO_C0_ACTION,HJB_CONVERGED,True,24,2.1059358923380955e-08,0.6796360768994074,16.341381100330132,0.07491839929988998,0.02,DIAGNOSTIC_ONLY,1.6019087098473328e-17,True,0.14238335702021288,3.6238844960009433,0.08290759083508337,False,0.012445557110376149,青海,28,False,True,accepted_corrected_2018_runtime.rah0,0.09,0.02,False,0.695994950573659,False,False,20,0,31,4,24,1,True,False,1.3,0.8,2.2700036053669774,False
7.285682600625785,11.977817157604163,4.6921345569783774,10.603197572536327,18640640.44456374,3510200.0,2.127548538559501,18421827.717649393,18421827.717649393,0.9882615231185279,18421827.717649393,0.9882615231185279,18421827.717649393,0.9882615231185279,218812.72691434613,18640640.44456374,0.6664112088220404,71000.0,71000.0,10978320.88005156,0.8099810971474289,0.8099810971474289,0.8099810971474289,False,0.7380939146868483,0.0,0.0,18421827.717649393,CONTINUED_TO_HOUSEHOLD_BATCH,5521129.416311342,True,True,71000.0,3510200.0,0.09,18640640.44456374,1.0,77.76238614523017,5521129.416311342,0.40101746865726484,0.09,0.42511431393827603,0.6664112088220404,0.5092987321891809,0.8,C1_RESIDUAL_LEVEL__NO_C0_ACTION,HJB_CONVERGED,True,17,4.1642446380052434e-08,0.6664112088220404,17.874582154052934,0.07895728546418417,0.02,DIAGNOSTIC_ONLY,1.3552527156068805e-17,True,0.12545429494449414,3.9797066190679837,0.12541227461497173,False,0.011738476881472146,宁夏,29,False,True,accepted_corrected_2018_runtime.rah0,0.09,0.02,False,0.8099810971474289,False,False,20,0,31,4,24,1,True,False,1.3,0.8,2.127548538559501,False
7.332415397221242,11.994865489520059,4.662450092298817,8.473864689869005,49250553.031937115,12809400.0,1.2090457429864014,49034250.78681268,49034250.78681268,0.9956081255578151,49034250.78681268,0.9956081255578151,49034250.78681268,0.9956081255578151,216302.2451244356,49250553.031937115,0.6920831016421801,252000.0,252000.0,28296550.54021001,1.0354932829952574,1.0354932829952574,1.0354932829952574,False,0.7380939146868483,0.0,0.0,49034250.78681268,CONTINUED_TO_HOUSEHOLD_BATCH,5195532.447166978,True,True,252000.0,12809400.0,0.09,49250553.031937115,1.0,20.61719225066261,5195532.447166978,0.39385194909616816,0.09,0.4188519490961682,0.6920831016421801,1.40888503247798,1.3,C1_RESIDUAL_LEVEL__NO_C0_ACTION,HJB_CONVERGED,True,15,6.1155787101085934e-09,0.6920831016421801,13.837477514705718,0.08353213126422437,0.02,DIAGNOSTIC_ONLY,2.4077586289341635e-17,True,0.14494522461261883,3.7047490065037127,2.1598014597324844,False,0.004391874442184879,新疆,30,False,True,accepted_corrected_2018_runtime.rah0,0.09,0.02,False,1.0354932829952574,False,False,20,0,31,4,24,1,False,True,1.3,0.8,1.2090457429864014,False
7.291585572128896,11.980701327177659,4.689115755048764,10.326010960337866,58719043.066994764,33106000.0,1.3328041344995087,58504806.104602754,58504806.104602754,0.9963514909098982,58504806.104602754,0.9963514909098982,58504806.104602754,0.9963514909098982,214236.96239200808,58719043.066994764,0.6703119535143625,219200.0,219200.0,77229813.67674074,2.437920774687262,2.437920774687262,2.437920774687262,False,0.7380939146868483,0.0,0.0,58504806.104602754,CONTINUED_TO_HOUSEHOLD_BATCH,5564928.6226630965,True,True,5368701.505097189,76507107.36021039,0.09,58719043.066994764,1.0,25.38744809609077,5564928.6226630965,1.0916677117947984,0.09,1.1166677117947983,0.6703119535143625,4.180972339230718,1.3,C1_RESIDUAL_LEVEL__NO_C0_ACTION,HJB_CONVERGED,True,50,2.2111734665486438e-10,0.6703119535143625,17.299970660971283,0.07859282907432666,0.02,DIAGNOSTIC_ONLY,1.852638427328329e-17,True,0.1293598195213123,3.9012953860827357,0.35932974782822025,False,0.003648509090101776,北京,0,False,True,turn_1.one_turn.capital.household_illiquid_return_rah -> steady_state._post_turn_states.rah,0.09,0.02,False,2.437920774687262,False,False,23,0,31,4,25,2,False,True,1.3,0.8,0.009446263771648145,False
7.286660060207895,11.98048450525778,4.693824445049884,10.583486935222046,64593598.72309723,13362900.0,1.6483762645026618,64382131.63170265,64382131.63170265,0.996726191208186,64382131.63170265,0.996726191208186,64382131.63170265,0.996726191208186,211467.09139457758,64593598.72309723,0.6804117565399563,138300.0,138300.0,35389987.18492262,1.034748432816036,1.034748432816036,1.034748432816036,False,0.7380939146868483,0.0,0.0,64382131.63170265,CONTINUED_TO_HOUSEHOLD_BATCH,5699376.792793185,True,True,5434689.380967647,34951945.34637973,0.09,64593598.72309723,1.0,41.21024434413005,5699376.792793185,0.39180645779501555,0.09,0.4168064577950156,0.6804117565399563,1.6762180584114093,1.3,C1_RESIDUAL_LEVEL__NO_C0_ACTION,HJB_CONVERGED,True,21,6.116429585034666e-09,0.6804117565399563,17.195008630055963,0.06490365475420734,0.02,DIAGNOSTIC_ONLY,1.1295988133678516e-17,True,0.15036454058348453,3.2889764138774646,0.3603531024174542,False,0.003273808791813943,天津,1,False,True,turn_1.one_turn.capital.household_illiquid_return_rah -> steady_state._post_turn_states.rah,0.09,0.02,False,1.034748432816036,False,False,23,0,31,4,25,2,False,True,1.3,0.8,0.012532688358311006,False
7.011857932780581,5.4030851580489525,-1.6087727747316285,11.470266166968404,113705229.18254791,32494600.0,0.7015307956462791,113491206.51566279,113491206.51566279,0.9981177412118706,113491206.51566279,0.9981177412118706,113491206.51566279,0.9981177412118706,214022.66688512414,113705229.18254791,0.6926559786205227,742600.0,742600.0,55290562.59220758,1.067338636199028,1.067338636199028,1.067338636199028,False,0.7380939146868483,0.0,0.0,113491206.51566279,CONTINUED_TO_HOUSEHOLD_BATCH,5651176.4904988045,True,True,5579817.062945651,55106848.23392273,0.09,113705229.18254791,1.0,7.609987194315654,5651176.4904988045,0.3422676217989673,0.09,0.3672676217989673,0.6926559786205227,2.622153878883796,1.3,C1_RESIDUAL_LEVEL__NO_C0_ACTION,HJB_NONCONVERGED_DIAGNOSTIC_ONLY,False,100,0.311979329614007,0.6926559786205227,17.109022000888128,0.08640803056619092,0.02,DIAGNOSTIC_ONLY,3.427294037568966e-15,True,9.379839023993595e-11,0.1354799894625903,0.4985458358058017,False,0.0018822587881294512,河北,2,False,True,turn_1.one_turn.capital.household_illiquid_return_rah -> steady_state._post_turn_states.rah,0.09,0.02,False,1.067338636199028,False,False,23,0,31,4,25,2,False,True,1.3,0.8,0.003333784532641104,False
7.294301297794466,11.977300720758631,4.682999422964165,10.075870084394083,53478727.38884524,15958100.0,1.0795494283913616,53260844.49801132,53260844.49801132,0.9959258026233555,53260844.49801132,0.9959258026233555,53260844.49801132,0.9959258026233555,217882.89083391923,53478727.38884524,0.6661390898504838,350200.0,350200.0,33185657.733212188,1.1136984900932783,1.1136984900932783,1.1136984900932783,False,0.7380939146868483,0.0,0.0,53260844.49801132,CONTINUED_TO_HOUSEHOLD_BATCH,5732900.530728826,True,True,5572056.408280555,32939238.74260855,0.09,53478727.38884524,1.0,16.370361309905274,5732900.530728826,0.452555040675802,0.09,0.477555040675802,0.6661390898504838,1.5807531481394899,1.3,C1_RESIDUAL_LEVEL__NO_C0_ACTION,HJB_CONVERGED,True,65,4.097108652345582e-09,0.6661390898504838,17.144883996985083,0.08643576394514026,0.02,DIAGNOSTIC_ONLY,1.3417001884508117e-17,True,0.11863657167571626,4.23164318358325,0.3405557191308708,False,0.0040741973766444915,山西,3,False,True,turn_1.one_turn.capital.household_illiquid_return_rah -> steady_state._post_turn_states.rah,0.09,0.02,False,1.1136984900932783,False,False,23,0,31,4,25,2,False,True,1.3,0.8,0.007481016562926213,False
7.30291425974735,11.991942252201369,4.689027992454018,10.092428076398027,82165502.99427319,16140800.0,1.2818362769395373,81955485.44589622,81955485.44589622,0.9974439692970467,81955485.44589622,0.9974439692970467,81955485.44589622,0.9974439692970467,210017.54837695643,82165502.99427319,0.6789108496619732,242200.0,242200.0,36830662.97882568,0.9036347315500086,0.9036347315500086,0.9036347315500086,False,0.7380939146868483,0.0,0.0,81955485.44589622,CONTINUED_TO_HOUSEHOLD_BATCH,5651484.161937903,True,True,5450885.927139339,36483694.475884706,0.09,82165502.99427319,1.0,23.33395607736541,5651484.161937903,0.31132773461505187,0.09,0.3363277346150519,0.6789108496619732,1.7350965646846204,1.3,C1_RESIDUAL_LEVEL__NO_C0_ACTION,HJB_CONVERGED,True,26,1.6382175171969493e-08,0.6789108496619732,16.59286864974986,0.07370607384987489,0.02,DIAGNOSTIC_ONLY,1.5016200088924236e-17,True,0.14311660472988552,3.5941633920814535,0.4192073417849975,False,0.002556030702953213,内蒙古,4,False,True,turn_1.one_turn.capital.household_illiquid_return_rah -> steady_state._post_turn_states.rah,0.09,0.02,False,0.9036347315500086,False,False,23,0,31,4,25,2,False,True,1.3,0.8,0.009510234857665445,False
7.307036993867471,11.984253648694343,4.677216654826872,9.504337720652918,90061052.78222083,23510500.0,0.9570665672835226,89848888.11901306,89848888.11901306,0.9976442129349652,89848888.11901306,0.9976442129349652,89848888.11901306,0.9976442129349652,212164.66320777472,90061052.78222083,0.6774393623562218,429100.0,429100.0,46011613.530119255,1.0589248653382726,1.0589248653382726,1.0589248653382726,False,0.7380939146868483,0.0,0.0,89848888.11901306,CONTINUED_TO_HOUSEHOLD_BATCH,5571294.045737114,True,True,5439446.864518635,45723902.35070031,0.09,90061052.78222083,1.0,12.983672910130771,5571294.045737114,0.36204833589358176,0.09,0.3870483358935818,0.6774393623562218,2.2201387034529683,1.3,C1_RESIDUAL_LEVEL__NO_C0_ACTION,HJB_CONVERGED,True,33,2.3450306141370447e-09,0.6774393623562218,15.834995829751918,0.08254889155973023,0.02,DIAGNOSTIC_ONLY,1.5941929251180122e-17,True,0.13200100914402527,3.9122545554371406,0.4518486894260825,False,0.002355787065034828,辽宁,5,False,True,turn_1.one_turn.capital.household_illiquid_return_rah -> steady_state._post_turn_states.rah,0.09,0.02,False,1.0589248653382726,False,False,23,0,31,4,25,2,False,True,1.3,0.8,0.006292358364607953,False
7.3170294309041655,11.992942438509862,4.675913007605697,9.236507119855352,66308917.7271201,11253800.0,1.2519798756129954,66095636.81697518,66095636.81697518,0.9967835259953626,66095636.81697518,0.9967835259953626,66095636.81697518,0.9967835259953626,213280.91014492427,66308917.7271201,0.6854166212242854,248400.0,248400.0,25343331.124173526,0.7331983987589327,0.7331983987589327,0.7331983987589327,False,0.7380939146868483,0.0,0.0,66095636.81697518,CONTINUED_TO_HOUSEHOLD_BATCH,5511885.31784561,True,True,5419451.9390971605,25231324.502237026,0.09,66308917.7271201,1.0,22.189554419668315,5511885.31784561,0.25912336148262616,0.09,0.2841233614826262,0.6854166212242854,1.212865591144522,1.212865591144522,C1_RESIDUAL_LEVEL__NO_C0_ACTION,HJB_CONVERGED,True,28,1.0630962776758679e-10,0.6854166212242854,15.134974362204954,0.0786566974876448,0.02,DIAGNOSTIC_ONLY,2.3428651602089914e-17,True,0.14380868753940956,3.655728180947133,0.40848497306603293,False,0.0032164740046374363,吉林,6,False,True,turn_1.one_turn.capital.household_illiquid_return_rah -> steady_state._post_turn_states.rah,0.09,0.02,False,0.7331983987589327,False,False,23,0,31,4,25,2,False,False,1.3,0.8,0.004439189148654155,False
7.329856630585036,11.992285542076427,4.662428911491391,8.528794272704708,58424879.89838116,12846500.0,1.0838524203875588,58208352.82462338,58208352.82462338,0.9962939235111072,58208352.82462338,0.9962939235111072,58208352.82462338,0.9962939235111072,216527.0737577716,58424879.89838116,0.6898309245592845,332700.0,332700.0,26770210.118508775,0.8512301435859188,0.8512301435859188,0.8512301435859188,False,0.7380939146868483,0.0,0.0,58208352.82462338,CONTINUED_TO_HOUSEHOLD_BATCH,5489574.371190169,True,True,5355652.504028498,26597603.115215115,0.09,58424879.89838116,1.0,16.500073252750735,5489574.371190169,0.31941331149102464,0.09,0.34441331149102467,0.6898309245592845,1.3006877443133145,1.3,C1_RESIDUAL_LEVEL__NO_C0_ACTION,HJB_CONVERGED,True,14,9.833911462919787e-11,0.6898309245592845,13.997338503949052,0.08488059053640952,0.02,DIAGNOSTIC_ONLY,1.8974617438423515e-17,True,0.1412983530390434,3.7826309270634484,0.37408906898116046,False,0.0037060764888927253,黑龙江,7,False,True,turn_1.one_turn.capital.household_illiquid_return_rah -> steady_state._post_turn_states.rah,0.09,0.02,False,0.8512301435859188,False,False,23,0,31,4,25,2,False,True,1.3,0.8,0.006489569851311883,False
8.0618144387603,12.605909738576967,4.544095299816668,9.82515756282203,66125294.30800852,36011800.0,1.260369795278609,65912833.98814412,65912833.98814412,0.9967870037920018,65912833.98814412,0.9967870037920018,65912833.98814412,0.9967870037920018,212460.31986440285,66125294.30800852,0.689667283283244,247500.0,247500.0,81399984.99361421,2.353254580746131,2.353254580746131,2.353254580746131,False,0.7380939146868483,0.0,0.0,65912833.98814412,CONTINUED_TO_HOUSEHOLD_BATCH,5570447.421341025,True,True,5384965.240367837,80681214.33806762,0.09,66125294.30800852,1.0,22.506858268044546,5570447.421341025,1.008285326975875,0.09,1.0332853269758748,0.689667283283244,4.35242970284433,1.3,C1_RESIDUAL_LEVEL__NO_C0_ACTION,HJB_NONCONVERGED_DIAGNOSTIC_ONLY,False,100,0.7580832997847147,0.689667283283244,17.087607156872718,0.0786410648427616,0.02,DIAGNOSTIC_ONLY,1.4438095966520114e-16,True,1.4764112431402843e-08,3.2079533101721323,0.38551050098267603,False,0.0032129962079982984,上海,8,False,True,turn_1.one_turn.capital.household_illiquid_return_rah -> steady_state._post_turn_states.rah,0.09,0.02,False,2.353254580746131,False,False,23,0,31,4,25,2,False,True,1.3,0.8,0.008908773392215297,False
7.291154119904584,11.97908884181443,4.687934721909848,10.29135496221077,203535217.25929242,93207600.0,0.6341588380252488,203337314.39665282,203337314.39665282,0.9990276726293146,203337314.39665282,0.9990276726293146,203337314.39665282,0.9990276726293146,197902.86263960268,203535217.25929242,0.668902651457608,844600.0,844600.0,152316023.31112218,1.9260565786278652,1.9260565786278652,1.9260565786278652,False,0.7380939146868483,0.0,0.0,203337314.39665282,CONTINUED_TO_HOUSEHOLD_BATCH,5508625.579650827,True,True,5442273.339288691,151833361.0954473,0.09,203535217.25929242,1.0,6.522170944412535,5508625.579650827,0.5627639067547912,0.09,0.5877639067547912,0.668902651457608,7.706074239992791,1.3,C1_RESIDUAL_LEVEL__NO_C0_ACTION,HJB_CONVERGED,True,17,3.2242120084902126e-10,0.668902651457608,17.316265334824283,0.08042908909180554,0.02,DIAGNOSTIC_ONLY,2.0617675196582602e-17,True,0.1262872411058981,3.9866367002575096,0.5630058274758114,False,0.0009723273706853668,江苏,9,False,True,turn_1.one_turn.capital.household_illiquid_return_rah -> steady_state._post_turn_states.rah,0.09,0.02,False,1.9260565786278652,False,False,23,0,31,4,25,2,False,True,1.3,0.8,0.003178894362823703,False
7.294082744911402,11.978465190760058,4.684382445848657,10.094503039358468,124249656.20818298,58002800.0,0.7700501557617347,124040326.75461619,124040326.75461619,0.9983152512453148,124040326.75461619,0.9983152512453148,124040326.75461619,0.9983152512453148,209329.45356678608,124249656.20818298,0.6686578357798849,627300.0,627300.0,102667865.17461675,1.865111818631329,1.865111818631329,1.865111818631329,False,0.7380939146868483,0.0,0.0,124040326.75461619,CONTINUED_TO_HOUSEHOLD_BATCH,5550402.877014641,True,True,5457070.248817265,102212874.72700542,0.09,124249656.20818298,1.0,8.848083655371658,5550402.877014641,0.6310790693811604,0.09,0.6560790693811605,0.6686578357798849,5.211477120914787,1.3,C1_RESIDUAL_LEVEL__NO_C0_ACTION,HJB_CONVERGED,True,14,5.0470447821027165e-09,0.6686578357798849,17.051197623233485,0.08335304818599189,0.02,DIAGNOSTIC_ONLY,1.4379231312589003e-17,True,0.12338919643994445,4.087395763134828,0.506324707847867,False,0.001684748754685084,浙江,10,False,True,turn_1.one_turn.capital.household_illiquid_return_rah -> steady_state._post_turn_states.rah,0.09,0.02,False,1.865111818631329,False,False,23,0,31,4,25,2,False,True,1.3,0.8,0.004451400558163954,False
9.165979900910882,8.076234762371511,-1.0897451385393702,10.930014798342308,70182433.35888097,34010900.0,0.7941248966488843,69963225.74879752,69963225.74879752,0.9968766028820557,69963225.74879752,0.9968766028820557,69963225.74879752,0.9968766028820557,219207.61008344483,70182433.35888097,0.6225206676430437,607600.0,607600.0,61019802.44743554,1.681124916844091,1.681124916844091,1.681124916844091,False,0.7380939146868483,0.0,0.0,69963225.74879752,CONTINUED_TO_HOUSEHOLD_BATCH,5660678.992734458,True,True,5563581.62615384,60743920.48458507,0.09,70182433.35888097,1.0,9.31645653840431,5660678.992734458,0.6696575186538846,0.09,0.6946575186538846,0.6225206676430437,3.056079162097059,1.3,C1_RESIDUAL_LEVEL__NO_C0_ACTION,HJB_NONCONVERGED_DIAGNOSTIC_ONLY,False,100,0.006402964078555895,0.6225206676430437,17.30532606542527,0.08895777765800762,0.02,DIAGNOSTIC_ONLY,1.5545000725016023e-13,True,0.00012073357572464563,3.195305838301378,0.4139084884636899,False,0.0031233971179442733,安徽,11,False,True,turn_1.one_turn.capital.household_illiquid_return_rah -> steady_state._post_turn_states.rah,0.09,0.02,False,1.681124916844091,False,False,23,0,31,4,25,2,False,True,1.3,0.8,0.004541721387912201,False
7.297937056301867,11.980633108288036,4.682696051986169,9.92410668329532,87795538.11850408,38687800.0,0.979998811615346,87583283.52199146,87583283.52199146,0.9975823988204717,87583283.52199146,0.9975823988204717,87583283.52199146,0.9975823988204717,212254.59651261682,87795538.11850408,0.6719294330528518,410400.0,410400.0,76601798.02401218,1.7964378516260697,1.7964378516260697,1.7964378516260697,False,0.7380939146868483,0.0,0.0,87583283.52199146,CONTINUED_TO_HOUSEHOLD_BATCH,5570860.312090872,True,True,5432528.659324941,76098988.75386132,0.09,87795538.11850408,1.0,13.574221033359825,5570860.312090872,0.6717298737846895,0.09,0.6967298737846895,0.6719294330528518,3.896265769645175,1.3,C1_RESIDUAL_LEVEL__NO_C0_ACTION,HJB_CONVERGED,True,15,6.56580640967519e-08,0.6719294330528518,16.66198966859062,0.08227353131506258,0.02,DIAGNOSTIC_ONLY,9.55781309672814e-18,True,0.12726171030354683,3.9960750062807944,0.4462961157503178,False,0.0024176011795282947,福建,12,False,True,turn_1.one_turn.capital.household_illiquid_return_rah -> steady_state._post_turn_states.rah,0.09,0.02,False,1.7964378516260697,False,False,23,0,31,4,25,2,False,True,1.3,0.8,0.006607305542221775,False
6.970708373578704,5.004737718573656,-1.9659706550050484,11.39893994949384,51050047.92908307,22716500.0,0.9433319683756158,50829618.55364766,50829618.55364766,0.9956820926839947,50829618.55364766,0.9956820926839947,50829618.55364766,0.9956820926839947,220429.37543541222,51050047.92908307,0.6961464051314521,451300.0,451300.0,44145700.659604676,1.5352442633792756,1.5352442633792756,1.5352442633792756,False,0.7380939146868483,0.0,0.0,50829618.55364766,CONTINUED_TO_HOUSEHOLD_BATCH,5704067.5045708995,True,True,5571902.1379387835,43875482.15801732,0.09,51050047.92908307,1.0,12.639192343387768,5704067.5045708995,0.6648920589320186,0.09,0.6898920589320187,0.6961464051314521,2.1909204453149673,1.3,C1_RESIDUAL_LEVEL__NO_C0_ACTION,HJB_NONCONVERGED_DIAGNOSTIC_ONLY,False,100,1.0918656803704756,0.6961464051314521,17.069422740212204,0.08911960456738838,0.02,DIAGNOSTIC_ONLY,0.00013147536375868185,True,2.4991281246932727e-13,0.012718014589620798,0.33633785211598255,False,0.004317907316005363,江西,13,False,True,turn_1.one_turn.capital.household_illiquid_return_rah -> steady_state._post_turn_states.rah,0.09,0.02,False,1.5352442633792756,False,False,23,0,31,4,25,2,False,True,1.3,0.8,0.0061587585662115085,False
7.291317905594211,11.977781327325431,4.68646342173122,10.24173858566799,210016973.07581103,66648899.99999999,0.5642713487666904,209817114.2647415,209817114.2647415,0.999048368290703,209817114.2647415,0.999048368290703,209817114.2647415,0.999048368290703,199858.81106951053,210016973.07581103,0.6674067561688191,1007700.0,1007700.0,104256964.69681627,1.2849276420428595,1.2849276420428595,1.2849276420428595,False,0.7380939146868483,0.0,0.0,209817114.2647415,CONTINUED_TO_HOUSEHOLD_BATCH,5562197.4535127245,True,True,5521066.724211836,104054495.32559898,0.09,210016973.07581103,1.0,5.519695795884415,5562197.4535127245,0.3506353451677147,0.09,0.37563534516771474,0.6674067561688191,5.032785345391524,1.3,C1_RESIDUAL_LEVEL__NO_C0_ACTION,HJB_CONVERGED,True,14,7.0177998967579924e-09,0.6674067561688191,17.316742296355574,0.08264908560515918,0.02,DIAGNOSTIC_ONLY,1.2231487833386699e-17,True,0.1229274549354913,4.085881616736674,0.5717060609869165,False,0.0009516317092969736,山东,14,False,True,turn_1.one_turn.capital.household_illiquid_return_rah -> steady_state._post_turn_states.rah,0.09,0.02,False,1.2849276420428595,False,False,23,0,31,4,25,2,False,True,1.3,0.8,0.0019458012898312393,False
9.283036025018026,8.505132962622367,-0.7779030623956593,10.713491413221583,168320556.01470312,49935900.0,0.5775889390708726,168116611.93218166,168116611.93218166,0.9987883590254796,168116611.93218166,0.9987883590254796,168116611.93218166,0.9987883590254796,203944.0825214686,168320556.01470312,0.6117088032120749,986400.0,986400.0,78778323.50254919,1.139914115532732,1.139914115532732,1.139914115532732,False,0.7380939146868483,0.0,0.0,168116611.93218166,CONTINUED_TO_HOUSEHOLD_BATCH,5623746.966690131,True,True,5583060.098225643,78628650.41899346,0.09,168320556.01470312,1.0,5.701284435006216,5623746.966690131,0.3276438551542624,0.09,0.35264385515426244,0.6117088032120749,3.7452573958238364,1.3,C1_RESIDUAL_LEVEL__NO_C0_ACTION,HJB_NONCONVERGED_DIAGNOSTIC_ONLY,False,100,0.004836219204534586,0.6117088032120749,17.433368343285245,0.08521809867670735,0.02,DIAGNOSTIC_ONLY,1.830677181421677e-15,True,1.2161819804648506e-05,3.4601089716857723,0.5516730682465865,False,0.001211640974520389,河南,15,False,True,turn_1.one_turn.capital.household_illiquid_return_rah -> steady_state._post_turn_states.rah,0.09,0.02,False,1.139914115532732,False,False,23,0,31,4,25,2,False,True,1.3,0.8,0.0019035438451271425,False
9.11855834378088,8.41688987547872,-0.7016684683021595,10.98218666290689,101805153.6623069,42022000.0,0.8041389404967432,101594187.75653695,101594187.75653695,0.9979277482702915,101594187.75653695,0.9979277482702915,101594187.75653695,0.9979277482702915,210965.90576996075,101805153.6623069,0.6227669683403358,591700.0,591700.0,75813526.55755414,1.5894323920714784,1.5894323920714784,1.5894323920714784,False,0.7380939146868483,0.0,0.0,101594187.75653695,CONTINUED_TO_HOUSEHOLD_BATCH,5630954.327074458,True,True,5530308.277121804,75456260.17169675,0.09,101805153.6623069,1.0,9.516569760139358,5630954.327074458,0.5591255835599641,0.09,0.5841255835599641,0.6227669683403358,3.747381870686916,1.3,C1_RESIDUAL_LEVEL__NO_C0_ACTION,HJB_NONCONVERGED_DIAGNOSTIC_ONLY,False,100,0.019383714021625087,0.6227669683403358,17.480975827270356,0.0851220223749261,0.02,DIAGNOSTIC_ONLY,3.2911561456271284e-12,True,0.000176365305707721,2.6378182564611494,0.47646650798572443,False,0.0020722517297085555,湖北,16,False,True,turn_1.one_turn.capital.household_illiquid_return_rah -> steady_state._post_turn_states.rah,0.09,0.02,False,1.5894323920714784,False,False,23,0,31,4,25,2,False,True,1.3,0.8,0.004734748118240262,False
7.29498304369484,11.977332321575176,4.682349277880337,10.046365449220692,93791807.14892803,36329700.0,0.7518972914165127,93575703.60844745,93575703.60844745,0.9976959230550122,93575703.60844745,0.9976959230550122,93575703.60844745,0.9976959230550122,216103.54048059025,93791807.14892803,0.6658633830323344,663500.0,663500.0,63645903.02797449,1.4167063570694212,1.4167063570694212,1.4167063570694212,False,0.7380939146868483,0.0,0.0,93575703.60844745,CONTINUED_TO_HOUSEHOLD_BATCH,5644123.335799934,True,True,5557623.900438139,63388979.35437474,0.09,93791807.14892803,1.0,8.506591312433963,5644123.335799934,0.5022295192920572,0.09,0.5272295192920572,0.6658633830323344,3.108866628428668,1.3,C1_RESIDUAL_LEVEL__NO_C0_ACTION,HJB_CONVERGED,True,58,8.65155347362645e-09,0.6658633830323344,17.11706890530236,0.0872058027276669,0.02,DIAGNOSTIC_ONLY,1.6454213616666068e-17,True,0.1177886409852182,4.261347049259803,0.46724154729847456,False,0.0023040769449878345,湖南,17,False,True,turn_1.one_turn.capital.household_illiquid_return_rah -> steady_state._post_turn_states.rah,0.09,0.02,False,1.4167063570694212,False,False,23,0,31,4,25,2,False,True,1.3,0.8,0.004053128417850438,False
7.302746389148863,11.980231863944496,4.677485474795634,9.648981478149276,191259406.86816654,99945200.0,0.4760260766456095,191051324.39079928,191051324.39079928,0.9989120405590786,191051324.39079928,0.9989120405590786,191051324.39079928,0.9989120405590786,208082.47736723983,191259406.86816654,0.6719444450284658,1234800.0,1234800.0,147521721.43556076,1.9575836150085797,1.9575836150085797,1.9575836150085797,False,0.7380939146868483,0.0,0.0,191051324.39079928,CONTINUED_TO_HOUSEHOLD_BATCH,5460408.196599193,True,True,5434891.80439293,147340859.9607001,0.09,191259406.86816654,1.0,4.422099284579845,5460408.196599193,0.5834489719084884,0.09,0.6084489719084885,0.6719444450284658,7.562333411797526,1.3,C1_RESIDUAL_LEVEL__NO_C0_ACTION,HJB_CONVERGED,True,14,2.7534730051570477e-10,0.6719444450284658,16.278919285062173,0.086287673370157,0.02,DIAGNOSTIC_ONLY,1.2107065431579342e-17,True,0.12366470461167067,4.1254624442842776,0.5696698280654497,False,0.0010879594409213518,广东,18,False,True,turn_1.one_turn.capital.household_illiquid_return_rah -> steady_state._post_turn_states.rah,0.09,0.02,False,1.9575836150085797,False,False,23,0,31,4,25,2,False,True,1.3,0.8,0.0012275038635509716,False
7.308414516647617,11.981679618797857,4.67326510215024,9.378709919791282,67306708.83876626,19627800.0,0.8916580282603794,67088705.97499639,67088705.97499639,0.9967610529837062,67088705.97499639,0.9967610529837062,67088705.97499639,0.9967610529837062,218002.86376987275,67306708.83876626,0.6745585079458803,494700.0,494700.0,37129085.447089076,1.0559578674063324,1.0559578674063324,1.0559578674063324,False,0.7380939146868483,0.0,0.0,67088705.97499639,CONTINUED_TO_HOUSEHOLD_BATCH,5641207.2782379165,True,True,5523577.341518719,36924735.02466982,0.09,67306708.83876626,1.0,11.403289424374199,5641207.2782379165,0.3954831618638921,0.09,0.4204831618638921,0.6745585079458803,1.7802003053044486,1.3,C1_RESIDUAL_LEVEL__NO_C0_ACTION,HJB_CONVERGED,True,13,3.492097278012807e-08,0.6745585079458803,15.788196281266416,0.08756544677060778,0.02,DIAGNOSTIC_ONLY,1.8133281334820062e-17,True,0.12482109608471771,4.120965802541763,0.4018290985211228,False,0.0032389470162937292,广西,19,False,True,turn_1.one_turn.capital.household_illiquid_return_rah -> steady_state._post_turn_states.rah,0.09,0.02,False,1.0559578674063324,False,False,23,0,31,4,25,2,False,True,1.3,0.8,0.005534242081432161,False
7.31421863106954,11.984302892989911,4.670084261920371,9.123162741594662,14673330.466888333,4910700.0,1.8289233442845192,14452751.17253043,14452751.17253043,0.9849673327500079,14452751.17253043,0.9849673327500079,14452751.17253043,0.9849673327500079,220579.2943579032,14673330.466888333,0.6790339002875297,98200.0,98200.0,13891993.866777988,1.2419605594280527,1.2419605594280527,1.2419605594280527,False,0.7380939146868483,0.0,0.0,14452751.17253043,CONTINUED_TO_HOUSEHOLD_BATCH,5205645.0332135,True,True,5444789.468952013,14056379.201727634,0.09,14673330.466888333,1.0,53.01064188608452,5205645.0332135,0.7391190333929394,0.09,0.7641190333929394,0.6790339002875297,0.7642740784210519,0.8,C1_RESIDUAL_LEVEL__NO_C0_ACTION,HJB_CONVERGED,True,13,1.8046032668195267e-08,0.6790339002875297,15.242549102184526,0.08665876897535335,0.02,DIAGNOSTIC_ONLY,1.1858461261560205e-17,True,0.12955045638365126,4.016199879417702,0.000630435512974481,False,0.015032667249992079,海南,20,False,True,turn_1.one_turn.capital.household_illiquid_return_rah -> steady_state._post_turn_states.rah,0.09,0.02,False,1.2419605594280527,False,False,23,0,31,4,25,2,True,False,1.3,0.8,0.01169471402204647,False
7.295925318248791,11.977990521054814,4.682065202806022,9.98818409841801,50663834.63130832,21588800.0,1.1289092908974379,50446067.646416165,50446067.646416165,0.9957017271496149,50446067.646416165,0.9957017271496149,50446067.646416165,0.9957017271496149,217766.9848921551,50663834.63130832,0.6677240988179218,316300.0,316300.0,45960596.89932661,1.6103797622666287,1.6103797622666287,1.6103797622666287,False,0.7380939146868483,0.0,0.0,50446067.646416165,CONTINUED_TO_HOUSEHOLD_BATCH,5663130.274355695,True,True,5490979.341466264,45590499.75519855,0.09,50663834.63130832,1.0,17.90430058285076,5663130.274355695,0.7025466061920055,0.09,0.7275466061920055,0.6677240988179218,2.3095974370306727,1.3,C1_RESIDUAL_LEVEL__NO_C0_ACTION,HJB_CONVERGED,True,14,9.392304711752786e-09,0.6677240988179218,16.946641872381356,0.08592885327235546,0.02,DIAGNOSTIC_ONLY,1.3816342889151936e-17,True,0.12037689013029071,4.187361502621827,0.3281178655890076,False,0.004298272850385142,重庆,21,False,True,turn_1.one_turn.capital.household_illiquid_return_rah -> steady_state._post_turn_states.rah,0.09,0.02,False,1.6103797622666287,False,False,23,0,31,4,25,2,False,True,1.3,0.8,0.008117856705131876,False
8.559623462287725,6.64613962592626,-1.9134838363614652,10.702642775944202,94830047.41899477,42902100.0,0.6455014372718109,94611192.07778625,94611192.07778625,0.9976921308470771,94611192.07778625,0.9976921308470771,94611192.07778625,0.9976921308470771,218855.34120851802,94830047.41899477,0.6631637447172367,832100.0,832100.0,70595467.21197896,1.5639154818692091,1.5639154818692091,1.5639154818692091,False,0.7380939146868483,0.0,0.0,94611192.07778625,CONTINUED_TO_HOUSEHOLD_BATCH,5572338.049905145,True,True,5514254.106213979,70401994.99396186,0.09,94830047.41899477,1.0,6.696716800751285,5572338.049905145,0.5593530052408223,0.09,0.5843530052408223,0.6631637447172367,3.528724548827414,1.3,C1_RESIDUAL_LEVEL__NO_C0_ACTION,HJB_NONCONVERGED_DIAGNOSTIC_ONLY,False,100,0.037554754028450876,0.6631637447172367,16.575227365792482,0.08906225625677495,0.02,DIAGNOSTIC_ONLY,3.0211743765008447e-13,True,3.3930623030888446e-07,1.6022179097936153,0.47746796533195934,False,0.0023078691529229436,四川,22,False,True,turn_1.one_turn.capital.household_illiquid_return_rah -> steady_state._post_turn_states.rah,0.09,0.02,False,1.5639154818692091,False,False,23,0,31,4,25,2,False,True,1.3,0.8,0.002748107039206804,False
6.6717593928835655,11.443364105182589,4.771604712299023,9.206069203087305,39447014.665611394,15353200.0,1.0300331616662706,39225685.56355284,39225685.56355284,0.9943892052685168,39225685.56355284,0.9943892052685168,39225685.56355284,0.9943892052685168,221329.10205855287,39447014.665611394,0.6370969499464035,382200.0,382200.0,31167505.137694586,1.3109652918730739,1.3109652918730739,1.3109652918730739,False,0.7380939146868483,0.0,0.0,39225685.56355284,CONTINUED_TO_HOUSEHOLD_BATCH,5706733.859395287,True,True,5557556.027761952,30952029.633488826,0.09,39447014.665611394,1.0,14.93127645053712,5706733.859395287,0.5983082079119079,0.09,0.6233082079119079,0.6370969499464035,1.5288445617299962,1.3,C1_RESIDUAL_LEVEL__NO_C0_ACTION,HJB_NONCONVERGED_DIAGNOSTIC_ONLY,False,100,1.2051114769108193,0.6370969499464035,16.391932533389387,0.08979022758512188,0.02,DIAGNOSTIC_ONLY,1.1855784434847674e-16,True,1.966005050031892e-08,4.1209716580453195,0.26629178357337935,False,0.005610794731483198,贵州,23,False,True,turn_1.one_turn.capital.household_illiquid_return_rah -> steady_state._post_turn_states.rah,0.09,0.02,False,1.3109652918730739,False,False,23,0,31,4,25,2,False,True,1.3,0.8,0.006961595305938317,False
7.3101432187322395,11.982624993951873,4.672481775219633,9.301461316780994,68611984.86091176,20880600.0,0.9131926281683831,68394729.49234898,68394729.49234898,0.996833565316567,68394729.49234898,0.996833565316567,68394729.49234898,0.996833565316567,217255.36856278,68611984.86091176,0.676244617299827,470300.0,470300.0,39948609.99173274,1.1223138132516461,1.1223138132516461,1.1223138132516461,False,0.7380939146868483,0.0,0.0,68394729.49234898,CONTINUED_TO_HOUSEHOLD_BATCH,5599838.261389154,True,True,5477532.799242988,39718227.879397586,0.09,68611984.86091176,1.0,11.906949311905494,5599838.261389154,0.42077604348493863,0.09,0.44577604348493866,0.676244617299827,1.9380955720963218,1.3,C1_RESIDUAL_LEVEL__NO_C0_ACTION,HJB_CONVERGED,True,13,2.2698103396834313e-08,0.676244617299827,15.607515551136087,0.08689848117056337,0.02,DIAGNOSTIC_ONLY,1.2268401937780859e-17,True,0.12686767165044174,4.071046668304688,0.4058046542457048,False,0.0031664346834331327,云南,24,False,True,turn_1.one_turn.capital.household_illiquid_return_rah -> steady_state._post_turn_states.rah,0.09,0.02,False,1.1223138132516461,False,False,23,0,31,4,25,2,False,True,1.3,0.8,0.005800412672858801,False
7.333321151480373,11.994080944138453,4.660759792658079,8.40801450425812,6325734.326183821,1548400.0,2.6829032310259224,6104745.729357653,6104745.729357653,0.9650651473123935,6104745.729357653,0.9650651473123935,6104745.729357653,0.9650651473123935,220988.59682616743,6325734.326183821,0.6919971714615101,35400.0,35400.0,5702607.3629205385,0.9519473348738489,0.9519473348738489,0.9519473348738489,False,0.7380939146868483,0.0,0.0,6104745.729357653,CONTINUED_TO_HOUSEHOLD_BATCH,5138186.66157584,True,True,5315038.756682897,5753373.7633201815,0.09,6325734.326183821,1.0,145.1465158637243,5138186.66157584,0.6967537540958884,0.09,0.7217537540958884,0.6919971714615101,0.3153000841566284,0.8,C1_RESIDUAL_LEVEL__NO_C0_ACTION,HJB_CONVERGED,True,13,9.462907346602378e-09,0.6919971714615101,13.752064164778764,0.08467093143392833,0.02,DIAGNOSTIC_ONLY,2.1083190397607772e-17,True,0.14362044072151264,3.7413721902041313,0.3568123934570617,False,0.03493485268760648,西藏,25,False,True,turn_1.one_turn.capital.household_illiquid_return_rah -> steady_state._post_turn_states.rah,0.09,0.02,False,0.9519473348738489,False,False,23,0,31,4,25,2,True,False,1.3,0.8,0.008823761933093421,False
7.291746781172345,11.977267857541708,4.685521076369364,10.206594368364275,73897910.2910824,23941900.0,1.0126724605407018,73683230.29724824,73683230.29724824,0.9970949111688202,73683230.29724824,0.9970949111688202,73683230.29724824,0.9970949111688202,214679.99383415634,73897910.2910824,0.666581384842824,393100.0,393100.0,48187202.78301942,1.276834793819483,1.276834793819483,1.276834793819483,False,0.7380939146868483,0.0,0.0,73683230.29724824,CONTINUED_TO_HOUSEHOLD_BATCH,5680128.048883535,True,True,5532406.706444514,47855786.29886714,0.09,73897910.2910824,1.0,14.449575296065975,5680128.048883535,0.4792199572209248,0.09,0.5042199572209248,0.666581384842824,2.327705468732813,1.3,C1_RESIDUAL_LEVEL__NO_C0_ACTION,HJB_CONVERGED,True,14,5.7006146469973373e-08,0.666581384842824,17.30671281356891,0.08403899067870337,0.02,DIAGNOSTIC_ONLY,1.5937771935536915e-17,True,0.1210007709492108,4.145829750630626,0.4119146793264419,False,0.002905088831179882,陕西,26,False,True,turn_1.one_turn.capital.household_illiquid_return_rah -> steady_state._post_turn_states.rah,0.09,0.02,False,1.276834793819483,False,False,23,0,31,4,25,2,False,True,1.3,0.8,0.006925316869365261,False
7.3041688809381675,11.979587706931857,4.67541882599369,9.602218129558894,25177704.67938732,8104100.0,1.22184649062899,24956160.137129474,24956160.137129474,0.9912007649196386,24956160.137129474,0.9912007649196386,24956160.137129474,0.9912007649196386,221544.54225784508,25177704.67938732,0.6694256250334669,251500.0,251500.0,18006066.1447064,1.0755387353608545,1.0755387353608545,1.0755387353608545,False,0.7380939146868483,0.0,0.0,24956160.137129474,CONTINUED_TO_HOUSEHOLD_BATCH,5300887.427173112,True,True,5575605.388728504,18245928.29049423,0.09,25177704.67938732,1.0,21.07708718557897,5300887.427173112,0.5339667536242957,0.09,0.5589667536242957,0.6694256250334669,0.9420793750680504,0.9420793750680504,C1_RESIDUAL_LEVEL__NO_C0_ACTION,HJB_CONVERGED,True,99,1.0711653786188435e-10,0.6694256250334669,16.33123150442902,0.09,0.02,DIAGNOSTIC_ONLY,2.0921522888072902e-17,True,0.09203664148663755,4.28703237879638,0.2149429904101514,False,0.008799235080361432,甘肃,27,False,True,turn_1.one_turn.capital.household_illiquid_return_rah -> steady_state._post_turn_states.rah,0.09,0.02,False,1.0755387353608545,False,False,23,0,31,4,25,2,False,False,1.3,0.8,0.013146064259870749,False
7.320170716225233,11.999842542459765,4.679671826234532,9.340585434145781,17578407.529567722,2748000.0,2.2372730901594844,17359197.408723097,17359197.408723097,0.9875295802264282,17359197.408723097,0.9875295802264282,17359197.408723097,0.9875295802264282,219210.12084462531,17578407.529567722,0.6882304426821755,58700.0,58700.0,8896026.451758264,0.695994950573659,0.695994950573659,0.695994950573659,False,0.7380939146868483,0.0,0.0,17359197.408723097,CONTINUED_TO_HOUSEHOLD_BATCH,5206977.817806873,True,True,5410867.211674127,8985969.907548454,0.09,17578407.529567722,1.0,88.70490319943565,5206977.817806873,0.35818874746216817,0.09,0.3831887474621682,0.6882304426821755,0.45902941141700154,0.8,C1_RESIDUAL_LEVEL__NO_C0_ACTION,HJB_CONVERGED,True,27,3.9706327115140994e-10,0.6882304426821755,15.168154516263451,0.07491839929988998,0.02,DIAGNOSTIC_ONLY,2.1751806085490433e-17,True,0.15129197305583866,3.488165070938477,0.07198551242738604,False,0.012470419773571833,青海,28,False,True,turn_1.one_turn.capital.household_illiquid_return_rah -> steady_state._post_turn_states.rah,0.09,0.02,False,0.695994950573659,False,False,23,0,31,4,25,2,True,False,1.3,0.8,0.010009320831870894,False
7.297743356480803,11.983191554154159,4.685448197673356,10.026995265958217,18640640.44456374,3510200.0,2.0948904805056774,18421389.536772646,18421389.536772646,0.9882380163684218,18421389.536772646,0.9882380163684218,18421389.536772646,0.9882380163684218,219250.9077910944,18640640.44456374,0.6738797764289145,71000.0,71000.0,10863684.564671028,0.8099810971474289,0.8099810971474289,0.8099810971474289,False,0.7380939146868483,0.0,0.0,18421389.536772646,CONTINUED_TO_HOUSEHOLD_BATCH,5304223.185660757,True,True,5521129.416311342,10978320.88005156,0.09,18640640.44456374,1.0,74.70736881212333,5304223.185660757,0.4212475976457044,0.09,0.44624759764570443,0.6738797764289145,0.556479148222121,0.8,C1_RESIDUAL_LEVEL__NO_C0_ACTION,HJB_CONVERGED,True,51,6.684846010074352e-10,0.6738797764289145,16.71843441063156,0.07895728546418417,0.02,DIAGNOSTIC_ONLY,1.700539750006901e-17,True,0.13230390055252658,3.8537809732636203,0.0894552558039805,False,0.01176198363157826,宁夏,29,False,True,turn_1.one_turn.capital.household_illiquid_return_rah -> steady_state._post_turn_states.rah,0.09,0.02,False,0.8099810971474289,False,False,23,0,31,4,25,2,True,False,1.3,0.8,0.010442062737375024,False
7.347549075781316,12.002307398046138,4.654758322264822,7.9641075650458735,49250553.031937115,12809400.0,1.2287409208586633,49033818.722909525,49033818.722909525,0.9955993527851952,49033818.722909525,0.9955993527851952,49033818.722909525,0.9955993527851952,216734.30902759073,49250553.031937115,0.7007048172589178,252000.0,252000.0,28548833.95164696,1.0354932829952574,1.0354932829952574,1.0354932829952574,False,0.7380939146868483,0.0,0.0,49033818.722909525,CONTINUED_TO_HOUSEHOLD_BATCH,5374630.500507823,True,True,5195532.447166978,28296550.54021001,0.09,49250553.031937115,1.0,21.32789881153898,5374630.500507823,0.41831475857570216,0.09,0.4433147585757022,0.7007048172589178,1.4414801074855774,1.3,C1_RESIDUAL_LEVEL__NO_C0_ACTION,HJB_CONVERGED,True,20,4.965931221789788e-09,0.7007048172589178,12.842642802904619,0.08353213126422437,0.02,DIAGNOSTIC_ONLY,1.7832135012410713e-17,True,0.15366310537245323,3.5698261644632088,0.33042958541810297,False,0.004400647214804812,新疆,30,False,True,turn_1.one_turn.capital.household_illiquid_return_rah -> steady_state._post_turn_states.rah,0.09,0.02,False,1.0354932829952574,False,False,23,0,31,4,25,2,False,True,1.3,0.8,0.008915694903463667,False
7.292813039375353,11.98125478502122,4.688441745645866,10.267865497841667,58719043.066994764,33106000.0,1.3352491352994376,58510878.79675487,58510878.79675487,0.99645491037716,58510878.79675487,0.99645491037716,58510878.79675487,0.99645491037716,208164.27023989536,58719043.066994764,0.6710665090947581,219200.0,219200.0,77310757.87322319,2.437920774687262,2.437920774687262,2.437920774687262,False,0.7380939146868483,0.0,0.0,58510878.79675487,CONTINUED_TO_HOUSEHOLD_BATCH,5587231.251680789,True,True,5564928.6226630965,77229813.67674074,0.09,58719043.066994764,1.0,25.489193666426956,5587231.251680789,1.1175482617025176,0.09,1.1425482617025176,0.6710665090947581,4.260796976147353,1.3,C1_RESIDUAL_LEVEL__NO_C0_ACTION,HJB_CONVERGED,True,26,2.7019103843173298e-08,0.6710665090947581,17.18347201909395,0.07859417868868851,0.02,DIAGNOSTIC_ONLY,2.841117911680374e-17,True,0.1300557285938514,3.888666235189528,0.11377598581715431,False,0.003545089622839952,北京,0,False,True,turn_2.one_turn.capital.household_illiquid_return_rah -> steady_state._post_turn_states.rah,0.09,0.02,False,2.437920774687262,False,False,23,0,31,4,24,3,False,True,1.3,0.8,0.001048095193149745,False
7.28844975014084,11.980698008880637,4.692248258739798,10.455207201041306,64593598.72309723,13362900.0,1.6513301675421652,64388205.56883621,64388205.56883621,0.9968202243206559,64388205.56883621,0.9968202243206559,64388205.56883621,0.9968202243206559,205393.15426101725,64593598.72309723,0.6819275656627515,138300.0,138300.0,35429459.8958492,1.034748432816036,1.034748432816036,1.034748432816036,False,0.7380939146868483,0.0,0.0,64388205.56883621,CONTINUED_TO_HOUSEHOLD_BATCH,5723686.560443629,True,True,5699376.792793185,35389987.18492262,0.09,64593598.72309723,1.0,41.38601995982378,5723686.560443629,0.3943131413675506,0.09,0.4193131413675506,0.6819275656627515,1.679136786443382,1.3,C1_RESIDUAL_LEVEL__NO_C0_ACTION,HJB_CONVERGED,True,21,9.404728107398341e-10,0.6819275656627515,16.94890573850325,0.06490660663385923,0.02,DIAGNOSTIC_ONLY,2.5507550173616e-17,True,0.15147807219299908,3.2676190767853543,0.11376596766393132,False,0.003179775679344109,天津,1,False,True,turn_2.one_turn.capital.household_illiquid_return_rah -> steady_state._post_turn_states.rah,0.09,0.02,False,1.034748432816036,False,False,23,0,31,4,24,3,False,True,1.3,0.8,0.001115363809552239,False
6.351896344195661,10.955885197913624,4.603988853717963,9.462112136513449,113705229.18254791,32494600.0,0.7031075404366443,113496570.01282364,113496570.01282364,0.9981649114009588,113496570.01282364,0.9981649114009588,113496570.01282364,0.9981649114009588,208659.16972427472,113705229.18254791,0.6421853472132306,742600.0,742600.0,55341798.28347258,1.067338636199028,1.067338636199028,1.067338636199028,False,0.7380939146868483,0.0,0.0,113496570.01282364,CONTINUED_TO_HOUSEHOLD_BATCH,5671197.312189057,True,True,5651176.4904988045,55290562.59220758,0.09,113705229.18254791,1.0,7.636947632896656,5671197.312189057,0.3435206719805349,0.09,0.3685206719805349,0.6421853472132306,2.621811712618423,1.3,C1_RESIDUAL_LEVEL__NO_C0_ACTION,HJB_NONCONVERGED_DIAGNOSTIC_ONLY,False,100,0.7128252846188556,0.6421853472132306,17.354753164794186,0.08640845698536795,0.02,DIAGNOSTIC_ONLY,5.346082227287447e-17,True,1.2635678441122307e-09,6.109166630415749,0.14942957655607048,False,0.0018350885990413258,河北,2,False,True,turn_2.one_turn.capital.household_illiquid_return_rah -> steady_state._post_turn_states.rah,0.09,0.02,False,1.067338636199028,False,False,23,0,31,4,24,3,False,True,1.3,0.8,0.0009266625055506239,False
7.293968098993312,11.977192664181326,4.683224565188014,10.093464943536127,53478727.38884524,15958100.0,1.0816334490300314,53266915.79274192,53266915.79274192,0.9960393299084468,53266915.79274192,0.9960393299084468,53266915.79274192,0.9960393299084468,211811.59610332243,53478727.38884524,0.6659117589895771,350200.0,350200.0,33218914.742966145,1.1136984900932783,1.1136984900932783,1.1136984900932783,False,0.7380939146868483,0.0,0.0,53266915.79274192,CONTINUED_TO_HOUSEHOLD_BATCH,5754867.735420901,True,True,5732900.530728826,33185657.733212188,0.09,53478727.38884524,1.0,16.433088907541123,5754867.735420901,0.4554327630435827,0.09,0.48043276304358273,0.6659117589895771,1.5842083507367617,1.3,C1_RESIDUAL_LEVEL__NO_C0_ACTION,HJB_NONCONVERGED_DIAGNOSTIC_ONLY,False,100,0.13762248385804776,0.6659117589895771,17.180448903975442,0.08643618707707713,0.02,DIAGNOSTIC_ONLY,1.0688158713646215e-17,True,0.0003187949667597597,4.235667009376506,0.10886120016794343,False,0.003960670091553127,山西,3,False,True,turn_2.one_turn.capital.household_illiquid_return_rah -> steady_state._post_turn_states.rah,0.09,0.02,False,1.1136984900932783,False,False,23,0,31,4,24,3,False,True,1.3,0.8,0.001002150086079956,False
7.303707935900034,11.99237948324164,4.688671547341606,10.059924090149096,82165502.99427319,16140800.0,1.284224163135089,81961558.1606351,81961558.1606351,0.997517877622531,81961558.1606351,0.997517877622531,81961558.1606351,0.997517877622531,203944.83363809023,82165502.99427319,0.6793555832345647,242200.0,242200.0,36869205.372330844,0.9036347315500086,0.9036347315500086,0.9036347315500086,False,0.7380939146868483,0.0,0.0,81961558.1606351,CONTINUED_TO_HOUSEHOLD_BATCH,5674098.631285406,True,True,5651484.161937903,36830662.97882568,0.09,82165502.99427319,1.0,23.427327131649076,5674098.631285406,0.3127035504708199,0.09,0.3377035504708199,0.6793555832345647,1.735250701444756,1.3,C1_RESIDUAL_LEVEL__NO_C0_ACTION,HJB_CONVERGED,True,27,9.85857395718881e-09,0.6793555832345647,16.528470337119774,0.07370799758098931,0.02,DIAGNOSTIC_ONLY,1.645276796746753e-17,True,0.1435687677154471,3.587116517082328,0.12946339507376514,False,0.0024821223774691053,内蒙古,4,False,True,turn_2.one_turn.capital.household_illiquid_return_rah -> steady_state._post_turn_states.rah,0.09,0.02,False,0.9036347315500086,False,False,23,0,31,4,24,3,False,True,1.3,0.8,0.0010464756913912687,False
7.3060218216251025,11.983816220967771,4.677794399342668,9.548878394161559,90061052.78222083,23510500.0,0.958995796241624,89854958.27785166,89854958.27785166,0.9977116134222023,89854958.27785166,0.9977116134222023,89854958.27785166,0.9977116134222023,206094.50436916747,90061052.78222083,0.6768099081653385,429100.0,429100.0,46056970.6675387,1.0589248653382726,1.0589248653382726,1.0589248653382726,False,0.7380939146868483,0.0,0.0,89854958.27785166,CONTINUED_TO_HOUSEHOLD_BATCH,5592292.71912414,True,True,5571294.045737114,46011613.530119255,0.09,90061052.78222083,1.0,13.032609459622792,5592292.71912414,0.36370400485656146,0.09,0.3887040048565615,0.6768099081653385,2.2212636181755787,1.3,C1_RESIDUAL_LEVEL__NO_C0_ACTION,HJB_CONVERGED,True,17,1.2032397300743014e-10,0.6768099081653385,15.923824335310918,0.08254977463162953,0.02,DIAGNOSTIC_ONLY,2.2483642551918148e-17,True,0.1314219961620941,3.922803271389756,0.13790151327000233,False,0.0022883865777977345,辽宁,5,False,True,turn_2.one_turn.capital.household_illiquid_return_rah -> steady_state._post_turn_states.rah,0.09,0.02,False,1.0589248653382726,False,False,23,0,31,4,24,3,False,True,1.3,0.8,0.000985775849607018,False
7.317507689280784,11.993185932874514,4.6756782435937305,9.218106845855939,66308917.7271201,11253800.0,1.2564286089386378,66101708.81909813,66101708.81909813,0.9968750974209126,66101708.81909813,0.9968750974209126,66101708.81909813,0.9968750974209126,207208.90802197094,66308917.7271201,0.6856906265193338,248400.0,248400.0,25393396.279273644,0.7331983987589327,0.7331983987589327,0.7331983987589327,False,0.7380939146868483,0.0,0.0,66101708.81909813,CONTINUED_TO_HOUSEHOLD_BATCH,5553575.627541682,True,True,5511885.31784561,25343331.124173526,0.09,66308917.7271201,1.0,22.357389804918203,5553575.627541682,0.26025958679950717,0.09,0.2852595867995072,0.6856906265193338,1.208574599470129,1.208574599470129,C1_RESIDUAL_LEVEL__NO_C0_ACTION,HJB_CONVERGED,True,25,7.554858560965272e-08,0.6856906265193338,15.098744925192856,0.07865803958255277,0.02,DIAGNOSTIC_ONLY,2.2844705990836743e-17,True,0.14408205587665968,3.651401520326936,0.1227384918339185,False,0.0031249025790873867,吉林,6,False,True,turn_2.one_turn.capital.household_illiquid_return_rah -> steady_state._post_turn_states.rah,0.09,0.02,False,0.7331983987589327,False,False,23,0,31,4,24,3,False,False,1.3,0.8,0.0019754765012860442,False
7.329335352424383,11.992049363495518,4.662714011071135,8.548112301283236,58424879.89838116,12846500.0,1.087824481262988,58214423.92978795,58214423.92978795,0.9963978365217138,58214423.92978795,0.9963978365217138,58214423.92978795,0.9963978365217138,210455.96859320698,58424879.89838116,0.6895207060008562,332700.0,332700.0,26821237.198544975,0.8512301435859188,0.8512301435859188,0.8512301435859188,False,0.7380939146868483,0.0,0.0,58214423.92978795,CONTINUED_TO_HOUSEHOLD_BATCH,5529634.123547118,True,True,5489574.371190169,26770210.118508775,0.09,58424879.89838116,1.0,16.620481285083013,5529634.123547118,0.3210434015385894,0.09,0.3460434015385894,0.6895207060008562,1.2973763255666326,1.2973763255666326,C1_RESIDUAL_LEVEL__NO_C0_ACTION,HJB_CONVERGED,True,13,1.056449860925568e-08,0.6895207060008562,14.035367623388519,0.08488119788079496,0.02,DIAGNOSTIC_ONLY,1.1767255433189131e-17,True,0.1409994253112348,3.787655444530627,0.11407617113227819,False,0.0036021634782862143,黑龙江,7,False,True,turn_2.one_turn.capital.household_illiquid_return_rah -> steady_state._post_turn_states.rah,0.09,0.02,False,0.8512301435859188,False,False,23,0,31,4,24,3,False,False,1.3,0.8,0.0019061142893652683,False
7.2948719437495,11.982151626874352,4.687279683124851,10.17003120840781,66125294.30800852,36011800.0,1.2626522007635668,65918041.24317161,65918041.24317161,0.9968657520997708,65918041.24317161,0.9968657520997708,65918041.24317161,0.9968657520997708,207253.06483691375,66125294.30800852,0.672301002001607,247500.0,247500.0,81482178.52345741,2.353254580746131,2.353254580746131,2.353254580746131,False,0.7380939146868483,0.0,0.0,65918041.24317161,CONTINUED_TO_HOUSEHOLD_BATCH,5591954.21446582,True,True,5570447.421341025,81399984.99361421,0.09,66125294.30800852,1.0,22.5937544018821,5591954.21446582,1.0291548640108397,0.09,1.0541548640108396,0.672301002001607,4.423259232109564,1.3,C1_RESIDUAL_LEVEL__NO_C0_ACTION,HJB_CONVERGED,True,13,2.3933956150301583e-08,0.672301002001607,16.98982207304015,0.0786424087781942,0.02,DIAGNOSTIC_ONLY,1.6000969890372357e-17,True,0.13115338462396928,3.8696126555451156,0.12090857728674043,False,0.0031342479002292025,上海,8,False,True,turn_2.one_turn.capital.household_illiquid_return_rah -> steady_state._post_turn_states.rah,0.09,0.02,False,2.353254580746131,False,False,23,0,31,4,24,3,False,True,1.3,0.8,0.0010097487100231284,False
7.288576223828865,11.978014352879548,4.689438129050683,10.41912901272445,203535217.25929242,93207600.0,0.6356384636937429,203343377.49977744,203343377.49977744,0.9990574615926511,203343377.49977744,0.9990574615926511,203343377.49977744,0.9990574615926511,191839.75951498034,203535217.25929242,0.6672662320707047,844600.0,844600.0,152453935.66858092,1.9260565786278652,1.9260565786278652,1.9260565786278652,False,0.7380939146868483,0.0,0.0,203343377.49977744,CONTINUED_TO_HOUSEHOLD_BATCH,5527693.761826639,True,True,5508625.579650827,152316023.31112218,0.09,203535217.25929242,1.0,6.544747527618564,5527693.761826639,0.5665176194077054,0.09,0.5915176194077054,0.6672662320707047,7.728536105955643,1.3,C1_RESIDUAL_LEVEL__NO_C0_ACTION,HJB_CONVERGED,True,16,1.4461045694247332e-09,0.6672662320707047,17.573362417974057,0.08043022235196078,0.02,DIAGNOSTIC_ONLY,5.666353313212907e-17,True,0.12482546543823059,4.014627319189676,0.16430711172665347,False,0.0009425384073488731,江苏,9,False,True,turn_2.one_turn.capital.household_illiquid_return_rah -> steady_state._post_turn_states.rah,0.09,0.02,False,1.9260565786278652,False,False,23,0,31,4,24,3,False,True,1.3,0.8,0.0009054356492557147,False
7.2923448058911715,11.977808077233263,4.6854632713420905,10.18168193940326,124249656.20818298,58002800.0,0.7716761088564472,124046395.30615635,124046395.30615635,0.9983640928415444,124046395.30615635,0.9983640928415444,124046395.30615635,0.9983640928415444,203260.90202661668,124249656.20818298,0.6675264177946596,627300.0,627300.0,102762175.00677873,1.865111818631329,1.865111818631329,1.865111818631329,False,0.7380939146868483,0.0,0.0,124046395.30615635,CONTINUED_TO_HOUSEHOLD_BATCH,5569895.19311751,True,True,5550402.877014641,102667865.17461675,0.09,124249656.20818298,1.0,8.879157011186848,5569895.19311751,0.6364812228791539,0.09,0.6614812228791539,0.6675264177946596,5.23600023752579,1.3,C1_RESIDUAL_LEVEL__NO_C0_ACTION,HJB_CONVERGED,True,14,1.680911343449054e-08,0.6675264177946596,17.226737183372116,0.08335383622787247,0.02,DIAGNOSTIC_ONLY,2.6109790599113808e-17,True,0.12240748497828238,4.106975238089406,0.1512955639595508,False,0.001635907158455623,浙江,10,False,True,turn_2.one_turn.capital.household_illiquid_return_rah -> steady_state._post_turn_states.rah,0.09,0.02,False,1.865111818631329,False,False,23,0,31,4,24,3,False,True,1.3,0.8,0.0009185915378835396,False
7.292794852016095,11.976461635492072,4.683666783475978,10.191392696699907,70182433.35888097,34010900.0,0.7957886144886612,69968819.62885576,69968819.62885576,0.9969563077282761,69968819.62885576,0.9969563077282761,69968819.62885576,0.9969563077282761,213613.730025202,70182433.35888097,0.6625751524502362,607600.0,607600.0,61076386.98851241,1.681124916844091,1.681124916844091,1.681124916844091,False,0.7380939146868483,0.0,0.0,69968819.62885576,CONTINUED_TO_HOUSEHOLD_BATCH,5680747.605950909,True,True,5660678.992734458,61019802.44743554,0.09,70182433.35888097,1.0,9.349485855745407,5680747.605950909,0.6759802082317117,0.09,0.7009802082317117,0.6625751524502362,3.0730006239169954,1.3,C1_RESIDUAL_LEVEL__NO_C0_ACTION,HJB_CONVERGED,True,49,1.9494670766562194e-08,0.6625751524502362,17.48178713920425,0.08895790152286001,0.02,DIAGNOSTIC_ONLY,1.951563910473908e-17,True,0.11376541307604507,4.3762748795811826,0.12862502763247297,False,0.0030436922717238767,安徽,11,False,True,turn_2.one_turn.capital.household_illiquid_return_rah -> steady_state._post_turn_states.rah,0.09,0.02,False,1.681124916844091,False,False,23,0,31,4,24,3,False,True,1.3,0.8,0.0009273143931531891,False
7.297431065902247,11.98042607563157,4.682995009729323,9.948078835468284,87795538.11850408,38687800.0,0.9818678564227634,87589354.33988081,87589354.33988081,0.9976515460461673,87589354.33988081,0.9976515460461673,87589354.33988081,0.9976515460461673,206183.7786232623,87795538.11850408,0.6716080486453687,410400.0,410400.0,76674107.25571258,1.7964378516260697,1.7964378516260697,1.7964378516260697,False,0.7380939146868483,0.0,0.0,87589354.33988081,CONTINUED_TO_HOUSEHOLD_BATCH,5590965.543353616,True,True,5570860.312090872,76601798.02401218,0.09,87795538.11850408,1.0,13.62321038828854,5590965.543353616,0.6787234654543381,0.09,0.7037234654543382,0.6716080486453687,3.921223769118038,1.3,C1_RESIDUAL_LEVEL__NO_C0_ACTION,HJB_CONVERGED,True,15,6.019082521291352e-08,0.6716080486453687,16.710077921293895,0.08227444691205953,0.02,DIAGNOSTIC_ONLY,2.1998948690886173e-17,True,0.12697319516719227,4.0015654832330005,0.13670972349270083,False,0.0023484539538326074,福建,12,False,True,turn_2.one_turn.capital.household_illiquid_return_rah -> steady_state._post_turn_states.rah,0.09,0.02,False,1.7964378516260697,False,False,23,0,31,4,24,3,False,True,1.3,0.8,0.0009439625905092175,False
9.189267982653963,8.972527405040099,-0.2167405776138639,10.39684368335304,51050047.92908307,22716500.0,0.9451689420503058,50836044.938545585,50836044.938545585,0.9958079766970097,50836044.938545585,0.9958079766970097,50836044.938545585,0.9958079766970097,214002.99053748802,51050047.92908307,0.6244531129112356,451300.0,451300.0,44187430.27208577,1.5352442633792756,1.5352442633792756,1.5352442633792756,False,0.7380939146868483,0.0,0.0,50836044.938545585,CONTINUED_TO_HOUSEHOLD_BATCH,5724682.033493465,True,True,5704067.5045708995,44145700.659604676,0.09,51050047.92908307,1.0,12.684870448689264,5724682.033493465,0.6716008134430023,0.09,0.6966008134430023,0.6244531129112356,2.2042595259011133,1.3,C1_RESIDUAL_LEVEL__NO_C0_ACTION,HJB_NONCONVERGED_DIAGNOSTIC_ONLY,False,100,0.00010841011911577603,0.6244531129112356,17.155546628214996,0.08911970920702914,0.02,DIAGNOSTIC_ONLY,1.5095279084879898e-15,True,0.00019831797964687682,3.3843813661350115,0.10794034573921385,False,0.004192023302990302,江西,13,False,True,turn_2.one_turn.capital.household_illiquid_return_rah -> steady_state._post_turn_states.rah,0.09,0.02,False,1.5352442633792756,False,False,23,0,31,4,24,3,False,True,1.3,0.8,0.0009452701363346083,False
7.288065401498718,11.97654714292744,4.688481741428723,10.408612092990738,210016973.07581103,66648899.99999999,0.5656737546807662,209823176.05318373,209823176.05318373,0.9990772316170973,209823176.05318373,0.9990772316170973,209823176.05318373,0.9990772316170973,193797.02262728903,210016973.07581103,0.6652843023742188,1007700.0,1007700.0,104350433.5083429,1.2849276420428595,1.2849276420428595,1.2849276420428595,False,0.7380939146868483,0.0,0.0,209823176.05318373,CONTINUED_TO_HOUSEHOLD_BATCH,5581261.322335207,True,True,5562197.4535127245,104256964.69681627,0.09,210016973.07581103,1.0,5.538613994576965,5581261.322335207,0.35182249236915347,0.09,0.3768224923691535,0.6652843023742188,5.031446044171714,1.3,C1_RESIDUAL_LEVEL__NO_C0_ACTION,HJB_CONVERGED,True,27,5.479601217217578e-10,0.6652843023742188,17.653327159862776,0.08264995684038133,0.02,DIAGNOSTIC_ONLY,2.0328790734103208e-17,True,0.12109235640791258,4.122709508488225,0.16627701458418875,False,0.0009227683829027143,山东,14,False,True,turn_2.one_turn.capital.household_illiquid_return_rah -> steady_state._post_turn_states.rah,0.09,0.02,False,1.2849276420428595,False,False,23,0,31,4,24,3,False,True,1.3,0.8,0.0008965234293789592,False
7.287964153995903,11.975552164529429,4.687588010533526,10.408499902937072,168320556.01470312,49935900.0,0.5789790667686188,168118900.77585363,168118900.77585363,0.998801957148764,168118900.77585363,0.998801957148764,168118900.77585363,0.998801957148764,201655.23884947866,168320556.01470312,0.6629728320497182,986400.0,986400.0,78847740.78025107,1.139914115532732,1.139914115532732,1.139914115532732,False,0.7380939146868483,0.0,0.0,168118900.77585363,CONTINUED_TO_HOUSEHOLD_BATCH,5642691.338931269,True,True,5623746.966690131,78778323.50254919,0.09,168320556.01470312,1.0,5.720490002971684,5642691.338931269,0.32867237459180676,0.09,0.3536723745918068,0.6629728320497182,3.743570060866112,1.3,C1_RESIDUAL_LEVEL__NO_C0_ACTION,HJB_NONCONVERGED_DIAGNOSTIC_ONLY,False,100,0.24062100902044858,0.6629728320497182,17.76631469542583,0.08521866606394114,0.02,DIAGNOSTIC_ONLY,1.2399700545693864e-17,True,9.240323769964416e-06,4.248021379357741,0.16187763206427297,False,0.0011980428512359696,河南,15,False,True,turn_2.one_turn.capital.household_illiquid_return_rah -> steady_state._post_turn_states.rah,0.09,0.02,False,1.139914115532732,False,False,23,0,31,4,24,3,False,True,1.3,0.8,0.000881172315118306,False
7.288968598393433,11.975905629823771,4.686937031430338,10.352980058865503,101805153.6623069,42022000.0,0.8057997298071913,101598136.67194809,101598136.67194809,0.9979665372241812,101598136.67194809,0.9979665372241812,101598136.67194809,0.9979665372241812,207016.99035881602,101805153.6623069,0.663750669180568,591700.0,591700.0,75883316.24595779,1.5894323920714784,1.5894323920714784,1.5894323920714784,False,0.7380939146868483,0.0,0.0,101598136.67194809,CONTINUED_TO_HOUSEHOLD_BATCH,5650771.616743779,True,True,5630954.327074458,75813526.55755414,0.09,101805153.6623069,1.0,9.550061883967853,5650771.616743779,0.5632334043231291,0.09,0.5882334043231291,0.663750669180568,3.7605005503536737,1.3,C1_RESIDUAL_LEVEL__NO_C0_ACTION,HJB_CONVERGED,True,25,2.992877501384328e-09,0.663750669180568,17.649710870075555,0.08512260113770154,0.02,DIAGNOSTIC_ONLY,2.0897996874658098e-17,True,0.11771962415103043,4.231097420783899,0.14418813582688106,False,0.002033462775818819,湖北,16,False,True,turn_2.one_turn.capital.household_illiquid_return_rah -> steady_state._post_turn_states.rah,0.09,0.02,False,1.5894323920714784,False,False,23,0,31,4,24,3,False,True,1.3,0.8,0.0009205440186279557,False
9.125565549762044,8.061913116150073,-1.0636524336119706,10.619601380237178,93791807.14892803,36329700.0,0.753453935769753,93583140.42010675,93583140.42010675,0.9977752136869488,93583140.42010675,0.9977752136869488,93583140.42010675,0.9977752136869488,208666.72882128338,93791807.14892803,0.642650598356286,663500.0,663500.0,63702455.45033439,1.4167063570694212,1.4167063570694212,1.4167063570694212,False,0.7380939146868483,0.0,0.0,93583140.42010675,CONTINUED_TO_HOUSEHOLD_BATCH,5663295.686754953,True,True,5644123.335799934,63645903.02797449,0.09,93791807.14892803,1.0,8.535487093828113,5663295.686754953,0.505295068917344,0.09,0.530295068917344,0.642650598356286,3.1163571189355155,1.3,C1_RESIDUAL_LEVEL__NO_C0_ACTION,HJB_NONCONVERGED_DIAGNOSTIC_ONLY,False,100,0.20390740744330826,0.642650598356286,17.317936953128857,0.08720613455511039,0.02,DIAGNOSTIC_ONLY,1.8189894035458565e-12,True,9.610071776142916e-08,3.051225190931417,0.1420941025064646,False,0.002224786313051313,湖南,17,False,True,turn_2.one_turn.capital.household_illiquid_return_rah -> steady_state._post_turn_states.rah,0.09,0.02,False,1.4167063570694212,False,False,23,0,31,4,24,3,False,True,1.3,0.8,0.0008885477252957852,False
7.299165967851538,11.978971434199156,4.679805466347618,9.824409919284456,191259406.86816654,99945200.0,0.47724701132449154,191057389.25255373,191057389.25255373,0.9989437506948243,191057389.25255373,0.9989437506948243,191057389.25255373,0.9989437506948243,202017.61561280448,191259406.86816654,0.6695752513221759,1234800.0,1234800.0,147643747.99622858,1.9575836150085797,1.9575836150085797,1.9575836150085797,False,0.7380939146868483,0.0,0.0,191057389.25255373,CONTINUED_TO_HOUSEHOLD_BATCH,5477673.891993458,True,True,5460408.196599193,147521721.43556076,0.09,191259406.86816654,1.0,4.436081869123306,5477673.891993458,0.5869794998245935,0.09,0.6119794998245935,0.6695752513221759,7.582239006080032,1.3,C1_RESIDUAL_LEVEL__NO_C0_ACTION,HJB_CONVERGED,True,14,1.631187185324734e-09,0.6695752513221759,16.631528416704363,0.08628811405436472,0.02,DIAGNOSTIC_ONLY,1.6676871654644414e-17,True,0.12164065458348541,4.166584703415691,0.16613504062835238,False,0.0010562493051756324,广东,18,False,True,turn_2.one_turn.capital.household_illiquid_return_rah -> steady_state._post_turn_states.rah,0.09,0.02,False,1.9575836150085797,False,False,23,0,31,4,24,3,False,True,1.3,0.8,0.0008271769030374632,False
7.307234578208183,11.981267493802022,4.674032915593839,9.43467890435807,67306708.83876626,19627800.0,0.8933480216597325,67094776.86518724,67094776.86518724,0.9968512503844645,67094776.86518724,0.9968512503844645,67094776.86518724,0.9968512503844645,211931.97357901777,67306708.83876626,0.6737691293409849,494700.0,494700.0,37162256.2995329,1.0559578674063324,1.0559578674063324,1.0559578674063324,False,0.7380939146868483,0.0,0.0,67094776.86518724,CONTINUED_TO_HOUSEHOLD_BATCH,5660474.341255145,True,True,5641207.2782379165,37129085.447089076,0.09,67306708.83876626,1.0,11.44223638822548,5660474.341255145,0.39739169115632,0.09,0.42239169115632,0.6737691293409849,1.7821935189609255,1.3,C1_RESIDUAL_LEVEL__NO_C0_ACTION,HJB_CONVERGED,True,13,7.068972740498225e-08,0.6737691293409849,15.900467137732933,0.08756573593359257,0.02,DIAGNOSTIC_ONLY,1.628336137801667e-17,True,0.12414474785689075,4.13462820805002,0.12566306306113284,False,0.003148749615535391,广西,19,False,True,turn_2.one_turn.capital.household_illiquid_return_rah -> steady_state._post_turn_states.rah,0.09,0.02,False,1.0559578674063324,False,False,23,0,31,4,24,3,False,True,1.3,0.8,0.0008933926608856169,False
7.317060006730497,11.9854133929068,4.668353386176303,9.001635089094043,14673330.466888333,4910700.0,1.8306553844701092,14458823.009495456,14458823.009495456,0.9853811336235538,14458823.009495456,0.9853811336235538,14458823.009495456,0.9853811336235538,214507.4573928774,14673330.466888333,0.6808267339705832,98200.0,98200.0,13900499.396517364,1.2419605594280527,1.2419605594280527,1.2419605594280527,False,0.7380939146868483,0.0,0.0,14458823.009495456,CONTINUED_TO_HOUSEHOLD_BATCH,5217824.8400435615,True,True,5205645.0332135,13891993.866777988,0.09,14673330.466888333,1.0,53.13467250553525,5217824.8400435615,0.7477805395334971,0.09,0.7727805395334971,0.6808267339705832,0.7711330983558761,0.8,C1_RESIDUAL_LEVEL__NO_C0_ACTION,HJB_CONVERGED,True,13,4.749956694638513e-08,0.6808267339705832,15.000745084948589,0.08665916567159612,0.02,DIAGNOSTIC_ONLY,1.0953011420271711e-17,True,0.13115639924500064,3.9860398179199676,0.00208277857755812,False,0.014618866376446195,海南,20,False,True,turn_2.one_turn.capital.household_illiquid_return_rah -> steady_state._post_turn_states.rah,0.09,0.02,False,1.2419605594280527,False,False,23,0,31,4,24,3,True,False,1.3,0.8,0.0006122612650814041,False
7.295986018304445,11.978010952014994,4.682024933710548,9.985033154884507,50663834.63130832,21588800.0,1.1309625160694279,50452139.139836766,50452139.139836766,0.9958215659550426,50452139.139836766,0.9958215659550426,50452139.139836766,0.9958215659550426,211695.49147155255,50663834.63130832,0.6677651950437824,316300.0,316300.0,46004923.56691966,1.6103797622666287,1.6103797622666287,1.6103797622666287,False,0.7380939146868483,0.0,0.0,50452139.139836766,CONTINUED_TO_HOUSEHOLD_BATCH,5684012.680122691,True,True,5663130.274355695,45960596.89932661,0.09,50663834.63130832,1.0,17.970321467349642,5684012.680122691,0.7108290350712722,0.09,0.7358290350712722,0.6677651950437824,2.3273082258897912,1.3,C1_RESIDUAL_LEVEL__NO_C0_ACTION,HJB_CONVERGED,True,14,9.045629578707803e-09,0.6677651950437824,16.940299060620035,0.08592933647593602,0.02,DIAGNOSTIC_ONLY,2.6712031024611615e-17,True,0.12041093720615594,4.186654770245167,0.10558182485842726,False,0.004178434044957442,重庆,21,False,True,turn_2.one_turn.capital.household_illiquid_return_rah -> steady_state._post_turn_states.rah,0.09,0.02,False,1.6103797622666287,False,False,23,0,31,4,24,3,False,True,1.3,0.8,0.0009644493453848657,False
8.899666240990129,7.71669152644265,-1.1829747145474787,10.82760638396823,94830047.41899477,42902100.0,0.6469054745471274,94617370.37197766,94617370.37197766,0.9977572820766668,94617370.37197766,0.9977572820766668,94617370.37197766,0.9977572820766668,212677.0470171099,94830047.41899477,0.6458362997953421,832100.0,832100.0,70655703.35956831,1.5639154818692091,1.5639154818692091,1.5639154818692091,False,0.7380939146868483,0.0,0.0,94617370.37197766,CONTINUED_TO_HOUSEHOLD_BATCH,5590513.884031042,True,True,5572338.049905145,70595467.21197896,0.09,94830047.41899477,1.0,6.718560129829399,5590513.884031042,0.5630210537146265,0.09,0.5880210537146265,0.6458362997953421,3.5393301676529254,1.3,C1_RESIDUAL_LEVEL__NO_C0_ACTION,HJB_NONCONVERGED_DIAGNOSTIC_ONLY,False,100,0.18144734998315326,0.6458362997953421,16.853437113685416,0.08906236770976826,0.02,DIAGNOSTIC_ONLY,8.17859458965298e-12,True,1.968652996326937e-08,1.8867550499535988,0.14472323029217904,False,0.002242717923333127,四川,22,False,True,turn_2.one_turn.capital.household_illiquid_return_rah -> steady_state._post_turn_states.rah,0.09,0.02,False,1.5639154818692091,False,False,23,0,31,4,24,3,False,True,1.3,0.8,0.0008532580060485184,False
9.152365453938865,8.669045789878046,-0.48331966406081894,10.214907415209364,39447014.665611394,15353200.0,1.0319154925637695,39231837.1276941,39231837.1276941,0.994545150254301,39231837.1276941,0.994545150254301,39231837.1276941,0.994545150254301,215177.537917293,39447014.665611394,0.6289408883959381,382200.0,382200.0,31196404.940430064,1.3109652918730739,1.3109652918730739,1.3109652918730739,False,0.7380939146868483,0.0,0.0,39231837.1276941,CONTINUED_TO_HOUSEHOLD_BATCH,5726964.155890889,True,True,5706733.859395287,31167505.137694586,0.09,39447014.665611394,1.0,14.98420762922786,5726964.155890889,0.603687774830895,0.09,0.628687774830895,0.6289408883959381,1.5365923137710331,1.3,C1_RESIDUAL_LEVEL__NO_C0_ACTION,HJB_NONCONVERGED_DIAGNOSTIC_ONLY,False,100,0.14942293535617246,0.6289408883959381,16.444780104454637,0.08979025252500024,0.02,DIAGNOSTIC_ONLY,1.3200432500554138e-15,True,9.060098789533725e-07,3.37794845550338,0.08798566680941833,False,0.005454849745698948,贵州,23,False,True,turn_2.one_turn.capital.household_illiquid_return_rah -> steady_state._post_turn_states.rah,0.09,0.02,False,1.3109652918730739,False,False,23,0,31,4,24,3,False,True,1.3,0.8,0.0009272414525256512,False
7.3089601226068694,11.982189746137577,4.673229623530707,9.355199615631054,68611984.86091176,20880600.0,0.9149124692033455,68400800.26016825,68400800.26016825,0.9969220450163101,68400800.26016825,0.9969220450163101,68400800.26016825,0.9969220450163101,211184.60074349697,68611984.86091176,0.6754819008257302,470300.0,470300.0,39984521.304447375,1.1223138132516461,1.1223138132516461,1.1223138132516461,False,0.7380939146868483,0.0,0.0,68400800.26016825,CONTINUED_TO_HOUSEHOLD_BATCH,5619082.891323294,True,True,5599838.261389154,39948609.99173274,0.09,68611984.86091176,1.0,11.947869213955547,5619082.891323294,0.42299998883731016,0.09,0.4479999888373102,0.6754819008257302,1.9410937536470096,1.3,C1_RESIDUAL_LEVEL__NO_C0_ACTION,HJB_CONVERGED,True,13,2.5566235795082548e-08,0.6754819008257302,15.714901063418615,0.08689884944486685,0.02,DIAGNOSTIC_ONLY,2.0396553369883552e-17,True,0.12619969382453602,4.084077129907947,0.12666613810643246,False,0.0030779549836898656,云南,24,False,True,turn_2.one_turn.capital.household_illiquid_return_rah -> steady_state._post_turn_states.rah,0.09,0.02,False,1.1223138132516461,False,False,23,0,31,4,24,3,False,True,1.3,0.8,0.0008989377282981881,False
7.3376569308877,11.996108206375457,4.658451275487756,8.255084585973833,6325734.326183821,1548400.0,2.6856923976876828,6110817.520049231,6110817.520049231,0.9660250027818913,6110817.520049231,0.9660250027818913,6110817.520049231,0.9660250027818913,214916.80613459004,6325734.326183821,0.6945260996754904,35400.0,35400.0,5706926.108579608,0.9519473348738489,0.9519473348738489,0.9519473348738489,False,0.7380939146868483,0.0,0.0,6110817.520049231,CONTINUED_TO_HOUSEHOLD_BATCH,5153060.116547669,True,True,5138186.66157584,5702607.3629205385,0.09,6325734.326183821,1.0,145.5666699589737,5153060.116547669,0.7053035738921792,0.09,0.7303035738921793,0.6945260996754904,0.3181142541224559,0.8,C1_RESIDUAL_LEVEL__NO_C0_ACTION,HJB_CONVERGED,True,14,1.426497586720643e-09,0.6945260996754904,13.45244692096784,0.08467156359368697,0.02,DIAGNOSTIC_ONLY,1.6425662913155392e-17,True,0.14610442708707813,3.7011532569432086,0.1839662814543933,False,0.0339749972181087,西藏,25,False,True,turn_2.one_turn.capital.household_illiquid_return_rah -> steady_state._post_turn_states.rah,0.09,0.02,False,0.9519473348738489,False,False,23,0,31,4,24,3,True,False,1.3,0.8,0.0007573282507840062,False
7.291150730047923,11.97705212284597,4.685901392798048,10.237325285887454,73897910.2910824,23941900.0,1.0146182995524744,73689301.19811009,73689301.19811009,0.9971770637065297,73689301.19811009,0.9971770637065297,73689301.19811009,0.9971770637065297,208609.09297231297,73897910.2910824,0.6661874400404434,393100.0,393100.0,48233789.86605539,1.276834793819483,1.276834793819483,1.276834793819483,False,0.7380939146868483,0.0,0.0,73689301.19811009,CONTINUED_TO_HOUSEHOLD_BATCH,5701124.1143430695,True,True,5680128.048883535,48187202.78301942,0.09,73897910.2910824,1.0,14.502986808300864,5701124.1143430695,0.48240190919302794,0.09,0.507401909193028,0.6661874400404434,2.33376822879101,1.3,C1_RESIDUAL_LEVEL__NO_C0_ACTION,HJB_CONVERGED,True,14,8.399382056545335e-08,0.6661874400404434,17.368742181537996,0.08403969760802892,0.02,DIAGNOSTIC_ONLY,1.214306433183765e-17,True,0.12066427981325084,4.1527207686801155,0.12794470066777586,False,0.0028229362934703555,陕西,26,False,True,turn_2.one_turn.capital.household_illiquid_return_rah -> steady_state._post_turn_states.rah,0.09,0.02,False,1.276834793819483,False,False,23,0,31,4,24,3,False,True,1.3,0.8,0.0009667936785155984,False
8.690139312617406,6.858088059480362,-1.832051253137044,10.08886233803593,25177704.67938732,8104100.0,1.2346695941990111,24962231.599121857,24962231.599121857,0.9914419092999424,24962231.599121857,0.9914419092999424,24962231.599121857,0.9914419092999424,215473.08026546202,25177704.67938732,0.6524178239629652,251500.0,251500.0,18109985.858348206,1.0755387353608545,1.0755387353608545,1.0755387353608545,False,0.7380939146868483,0.0,0.0,24962231.599121857,CONTINUED_TO_HOUSEHOLD_BATCH,5418651.252399382,True,True,5300887.427173112,18006066.1447064,0.09,25177704.67938732,1.0,21.54533301152836,5418651.252399382,0.5399714134701847,0.09,0.5649714134701848,0.6524178239629652,0.9315053919267303,0.9315053919267303,C1_RESIDUAL_LEVEL__NO_C0_ACTION,HJB_NONCONVERGED_DIAGNOSTIC_ONLY,False,100,0.05179281919117429,0.6524178239629652,16.315192190197962,0.09,0.02,DIAGNOSTIC_ONLY,1.6821168176623432e-13,True,3.8862676622654036e-10,1.8742966862291057,0.052767566762830675,False,0.008558090700057627,甘肃,27,False,True,turn_2.one_turn.capital.household_illiquid_return_rah -> steady_state._post_turn_states.rah,0.09,0.02,False,1.0755387353608545,False,False,23,0,31,4,24,3,False,False,1.3,0.8,0.0057713724256398535,False
7.322388367778769,11.998801495758716,4.676413127979947,9.159883370734692,17578407.529567722,2748000.0,2.2396004546049335,17365269.57793031,17365269.57793031,0.987875013633692,17365269.57793031,0.987875013633692,17365269.57793031,0.987875013633692,213137.95163741428,17578407.529567722,0.6891358020987028,58700.0,58700.0,8902422.049254358,0.695994950573659,0.695994950573659,0.695994950573659,False,0.7380939146868483,0.0,0.0,17365269.57793031,CONTINUED_TO_HOUSEHOLD_BATCH,5221285.362706417,True,True,5206977.817806873,8896026.451758264,0.09,17578407.529567722,1.0,88.94864331697474,5221285.362706417,0.3596481538381341,0.09,0.3846481538381341,0.6891358020987028,0.4595150245737406,0.8,C1_RESIDUAL_LEVEL__NO_C0_ACTION,HJB_CONVERGED,True,25,1.6398260527239472e-10,0.6891358020987028,14.884088465622709,0.07643437394951831,0.02,DIAGNOSTIC_ONLY,1.37052058230811e-17,True,0.15030630380271556,3.5242786014533207,0.02478616662733013,False,0.012124986366307986,青海,28,False,True,turn_2.one_turn.capital.household_illiquid_return_rah -> steady_state._post_turn_states.rah,0.09,0.02,False,0.695994950573659,False,False,23,0,31,4,24,3,True,False,1.3,0.8,0.0007189274369603371,False
7.301135474482521,11.98477759590221,4.683642121419689,9.875799511870946,18640640.44456374,3510200.0,2.097090965259032,18427462.06488621,18427462.06488621,0.9885637845807116,18427462.06488621,0.9885637845807116,18427462.06488621,0.9885637845807116,213178.37967753055,18640640.44456374,0.6759326963099915,71000.0,71000.0,10871408.706252255,0.8099810971474289,0.8099810971474289,0.8099810971474289,False,0.7380939146868483,0.0,0.0,18427462.06488621,CONTINUED_TO_HOUSEHOLD_BATCH,5318637.180187687,True,True,5304223.185660757,10863684.564671028,0.09,18640640.44456374,1.0,74.91038281954489,5318637.180187687,0.42338430487947465,0.09,0.44838430487947467,0.6759326963099915,0.5576283317306767,0.8,C1_RESIDUAL_LEVEL__NO_C0_ACTION,HJB_CONVERGED,True,29,5.695198979083216e-09,0.6759326963099915,16.416643163327205,0.07895859216426679,0.02,DIAGNOSTIC_ONLY,1.451475658414969e-17,True,0.134234737733662,3.8197514328821613,0.031157269744091387,False,0.011436215419288387,宁夏,29,False,True,turn_2.one_turn.capital.household_illiquid_return_rah -> steady_state._post_turn_states.rah,0.09,0.02,False,0.8099810971474289,False,False,23,0,31,4,24,3,True,False,1.3,0.8,0.000711005693809108,False
7.347678400251259,12.00237186019272,4.654693459941461,7.959972989624196,49250553.031937115,12809400.0,1.2309760628180655,49039890.26956699,49039890.26956699,0.9957226315360659,49039890.26956699,0.9957226315360659,49039890.26956699,0.9957226315360659,210662.76237012324,49250553.031937115,0.7007766953864185,252000.0,252000.0,28577464.779061727,1.0354932829952574,1.0354932829952574,1.0354932829952574,False,0.7380939146868483,0.0,0.0,49039890.26956699,CONTINUED_TO_HOUSEHOLD_BATCH,5395239.751135536,True,True,5374630.500507823,28548833.95164696,0.09,49250553.031937115,1.0,21.40968155212514,5395239.751135536,0.4208547156873448,0.09,0.4458547156873448,0.7007766953864185,1.444201168469553,1.3,C1_RESIDUAL_LEVEL__NO_C0_ACTION,HJB_CONVERGED,True,21,4.730505942518448e-08,0.7007766953864185,12.834642765740679,0.08353289813421869,0.02,DIAGNOSTIC_ONLY,1.3214334968489842e-17,True,0.1537365718958806,3.568742949063171,0.10606209924208732,False,0.004277368463934129,新疆,30,False,True,turn_2.one_turn.capital.household_illiquid_return_rah -> steady_state._post_turn_states.rah,0.09,0.02,False,1.0354932829952574,False,False,23,0,31,4,24,3,False,True,1.3,0.8,0.0010028720424539728,False
7.2929503792401364,11.981317070167087,4.688366690926951,10.261403725925383,58719043.066994764,33106000.0,1.3349008160289744,58506223.58145121,58506223.58145121,0.9963756308954023,58506223.58145121,0.9963756308954023,58506223.58145121,0.9963756308954023,212819.48554355925,58719043.066994764,0.6711508514537872,219200.0,219200.0,77299226.41545522,2.437920774687262,1.0441217708054498,2.437920774687262,True,0.7380939146868483,0.0,0.0,58506223.58145121,CONTINUED_TO_HOUSEHOLD_BATCH,5584049.955817473,True,True,5587231.251680789,77310757.87322319,0.09,58719043.066994764,1.0,25.474680455371683,5584049.955817473,1.1224071858760896,0.09,1.1474071858760895,0.6711508514537872,4.281354648616124,1.3,C1_RESIDUAL_LEVEL__NO_C0_ACTION,HJB_NONCONVERGED_DIAGNOSTIC_ONLY,False,100,2.393345860628378,0.6711508514537872,17.170524591236664,0.07859417868868851,0.02,DIAGNOSTIC_ONLY,1.2239205484922346e-17,True,4.270516755390784e-07,3.8872516271273496,0.04319611654653177,False,0.003624369104597728,北京,0,False,True,turn_3.one_turn.capital.household_illiquid_return_rah -> steady_state._post_turn_states.rah,0.09,0.02,False,2.437920774687262,False,False,19,0,31,4,24,4,False,True,1.3,0.8,0.00014915722061437098,True
7.288566131701879,11.980712115216967,4.692145983515088,10.446949832684673,64593598.72309723,13362900.0,1.650930602386937,64383550.37684712,64383550.37684712,0.9967481553837779,64383550.37684712,0.9967481553837779,64383550.37684712,0.9967481553837779,210048.34625010577,64593598.72309723,0.6820260624288577,138300.0,138300.0,35424120.5466364,1.034748432816036,0.39033403284278095,1.034748432816036,True,0.7380939146868483,0.0,0.0,64383550.37684712,CONTINUED_TO_HOUSEHOLD_BATCH,5720393.787210303,True,True,5723686.560443629,35429459.8958492,0.09,64593598.72309723,1.0,41.36221104273538,5720393.787210303,0.39445288143281537,0.09,0.4194528814328154,0.6820260624288577,1.6806632415134795,1.3,C1_RESIDUAL_LEVEL__NO_C0_ACTION,HJB_CONVERGED,True,21,3.241940049747427e-10,0.6820260624288577,16.93307243559438,0.06490660663385923,0.02,DIAGNOSTIC_ONLY,1.1778096970239554e-17,True,0.15155058212146308,3.2662291353941435,0.04319876357905561,False,0.0032518446162219656,天津,1,False,True,turn_3.one_turn.capital.household_illiquid_return_rah -> steady_state._post_turn_states.rah,0.09,0.02,False,1.034748432816036,False,False,19,0,31,4,24,4,False,True,1.3,0.8,0.00015070365815594844,True
8.87722774443372,7.0616474099700985,-1.815580334463621,11.041701649132186,113705229.18254791,32494600.0,0.7028490012388644,113494623.67484315,113494623.67484315,0.998147794000163,113494623.67484315,0.998147794000163,113494623.67484315,0.998147794000163,210605.5077047677,113705229.18254791,0.6495407500932132,742600.0,742600.0,55333397.155656405,1.067338636199028,0.6267958200771254,1.067338636199028,True,0.7380939146868483,0.0,0.0,113494623.67484315,CONTINUED_TO_HOUSEHOLD_BATCH,5667910.910884071,True,True,5671197.312189057,55341798.28347258,0.09,113705229.18254791,1.0,7.632522099224443,5667910.910884071,0.3435547443339929,0.09,0.36855474433399293,0.6495407500932132,2.623574452509688,1.3,C1_RESIDUAL_LEVEL__NO_C0_ACTION,HJB_NONCONVERGED_DIAGNOSTIC_ONLY,False,100,0.01841371170917605,0.6495407500932132,17.34856694622109,0.08640845698536795,0.02,DIAGNOSTIC_ONLY,1.5298092653770468e-15,True,5.202370583260816e-09,1.6429277942869478,0.055465397128598104,False,0.0018522059998370994,河北,2,False,True,turn_3.one_turn.capital.household_illiquid_return_rah -> steady_state._post_turn_states.rah,0.09,0.02,False,1.067338636199028,False,False,19,0,31,4,24,4,False,True,1.3,0.8,0.0001518043879445985,True
8.974748877378152,7.561495080124307,-1.4132537972538455,10.523122435419403,53478727.38884524,15958100.0,1.0813477165706056,53263104.17151032,53263104.17151032,0.9959680563120524,53263104.17151032,0.9959680563120524,53263104.17151032,0.9959680563120524,215623.21733492427,53478727.38884524,0.6447038184670579,350200.0,350200.0,33214354.995805383,1.1136984900932783,0.5350852628931684,1.1136984900932783,True,0.7380939146868483,0.0,0.0,53263104.17151032,CONTINUED_TO_HOUSEHOLD_BATCH,5751852.223299465,True,True,5754867.735420901,33218914.742966145,0.09,53478727.38884524,1.0,16.424478079096133,5751852.223299465,0.45563065394957675,0.09,0.48063065394957677,0.6447038184670579,1.5856917801674657,1.3,C1_RESIDUAL_LEVEL__NO_C0_ACTION,HJB_NONCONVERGED_DIAGNOSTIC_ONLY,False,100,0.07920301647475769,0.6447038184670579,17.169472037032378,0.08643618707707713,0.02,DIAGNOSTIC_ONLY,5.289254750527476e-12,True,4.834564939787994e-06,2.8096109108490745,0.04142037732991399,False,0.004031943687947586,山西,3,False,True,turn_3.one_turn.capital.household_illiquid_return_rah -> steady_state._post_turn_states.rah,0.09,0.02,False,1.1136984900932783,False,False,19,0,31,4,24,4,False,True,1.3,0.8,0.0001372635799827826,True
7.3038685676113015,11.99246866730099,4.6886000996896895,10.053397723380149,82165502.99427319,16140800.0,1.283912379541793,81956903.06123303,81956903.06123303,0.9974612224663836,81956903.06123303,0.9974612224663836,81956903.06123303,0.9974612224663836,208599.93304015664,82165502.99427319,0.6794455687353805,242200.0,242200.0,36864172.93570817,0.9036347315500086,0.3956521010369492,0.9036347315500086,True,0.7380939146868483,0.0,0.0,81956903.06123303,CONTINUED_TO_HOUSEHOLD_BATCH,5671142.101228622,True,True,5674098.631285406,36869205.372330844,0.09,82165502.99427319,1.0,23.415120153710248,5671142.101228622,0.31274857652807975,0.09,0.33774857652807977,0.6794455687353805,1.736386819529496,1.3,C1_RESIDUAL_LEVEL__NO_C0_ACTION,HJB_CONVERGED,True,26,9.787954224904638e-09,0.6794455687353805,16.515524354681606,0.07370799758098931,0.02,DIAGNOSTIC_ONLY,3.335045200683624e-17,True,0.1436608793056342,3.5856787582598515,0.04859909740701385,False,0.0025387775336164586,内蒙古,4,False,True,turn_3.one_turn.capital.household_illiquid_return_rah -> steady_state._post_turn_states.rah,0.09,0.02,False,0.9036347315500086,False,False,19,0,31,4,24,4,False,True,1.3,0.8,0.0001364943066131108,True
7.306126576344998,11.983861161510244,4.677734585165247,9.544261566506856,90061052.78222083,23510500.0,0.9586867364303,89850303.05937815,89850303.05937815,0.9976599238368632,89850303.05937815,0.9976599238368632,89850303.05937815,0.9976599238368632,210749.72284267694,90061052.78222083,0.6768748908446415,429100.0,429100.0,46049704.51684457,1.0589248653382726,0.5406300280912503,1.0589248653382726,True,0.7380939146868483,0.0,0.0,89850303.05937815,CONTINUED_TO_HOUSEHOLD_BATCH,5588924.837710537,True,True,5592292.71912414,46056970.6675387,0.09,90061052.78222083,1.0,13.024760749733248,5588924.837710537,0.36376765096377556,0.09,0.3887676509637756,0.6768748908446415,2.2229660770040316,1.3,C1_RESIDUAL_LEVEL__NO_C0_ACTION,HJB_NONCONVERGED_DIAGNOSTIC_ONLY,False,100,0.0070309164979316385,0.6768748908446415,15.914617886550634,0.08254977463162953,0.02,DIAGNOSTIC_ONLY,2.34593733264472e-17,True,0.0008225117091641819,3.9217161215034104,0.051578640276370935,False,0.0023400761631367645,辽宁,5,False,True,turn_3.one_turn.capital.household_illiquid_return_rah -> steady_state._post_turn_states.rah,0.09,0.02,False,1.0589248653382726,False,False,19,0,31,4,24,4,False,True,1.3,0.8,0.00015776440761994248,True
7.317608784757796,11.993237813433593,4.675629028675797,9.214239928851217,66308917.7271201,11253800.0,1.2556882398312847,66097053.580327526,66097053.580327526,0.9968048921011732,66097053.580327526,0.9968048921011732,66097053.580327526,0.9968048921011732,211864.14679257903,66308917.7271201,0.6857486125089239,248400.0,248400.0,25385064.31341331,0.7331983987589327,0.3250442085976263,0.7331983987589327,True,0.7380939146868483,0.0,0.0,66097053.580327526,CONTINUED_TO_HOUSEHOLD_BATCH,5546621.334390303,True,True,5553575.627541682,25393396.279273644,0.09,66308917.7271201,1.0,22.32939345567755,5546621.334390303,0.2602302001571581,0.09,0.2852302001571581,0.6857486125089239,1.2099652370153078,1.2099652370153078,C1_RESIDUAL_LEVEL__NO_C0_ACTION,HJB_CONVERGED,True,25,6.65616290973503e-08,0.6857486125089239,15.091120060157289,0.07865803958255277,0.02,DIAGNOSTIC_ONLY,1.4449621557923445e-17,True,0.14414028962730996,3.650477199999581,0.047038978039183776,False,0.0031951078988268176,吉林,6,False,True,turn_3.one_turn.capital.household_illiquid_return_rah -> steady_state._post_turn_states.rah,0.09,0.02,False,0.7331983987589327,False,False,19,0,31,4,24,4,False,False,1.3,0.8,0.00032811545839317446,True
7.329457540043976,11.992104530993197,4.662646990949221,8.54357309624443,58424879.89838116,12846500.0,1.087298536113824,58209768.66048362,58209768.66048362,0.9963181569517698,58209768.66048362,0.9963181569517698,58209768.66048362,0.9963181569517698,215111.23789754097,58424879.89838116,0.6895933785976275,332700.0,332700.0,26814480.64418624,0.8512301435859188,0.4078142770946205,0.8512301435859188,True,0.7380939146868483,0.0,0.0,58209768.66048362,CONTINUED_TO_HOUSEHOLD_BATCH,5524317.411820451,True,True,5529634.123547118,26821237.198544975,0.09,58424879.89838116,1.0,16.60450078695657,5524317.411820451,0.32106666911809223,0.09,0.34606666911809225,0.6895933785976275,1.298712264178269,1.298712264178269,C1_RESIDUAL_LEVEL__NO_C0_ACTION,HJB_CONVERGED,True,13,1.0561067576020378e-08,0.6895933785976275,14.02643610394444,0.08488119788079496,0.02,DIAGNOSTIC_ONLY,1.2031657166033571e-17,True,0.14106925844892731,3.7864822846448614,0.043710856952289046,False,0.0036818430482302334,黑龙江,7,False,True,turn_3.one_turn.capital.household_illiquid_return_rah -> steady_state._post_turn_states.rah,0.09,0.02,False,0.8512301435859188,False,False,19,0,31,4,24,4,False,False,1.3,0.8,0.00025191061503693213,True
7.2949959003026414,11.982208843262418,4.687212942959777,10.164311723869336,66125294.30800852,36011800.0,1.2623375047765175,65913386.02990368,65913386.02990368,0.9967953522124562,65913386.02990368,0.9967953522124562,65913386.02990368,0.9967953522124562,211908.27810484503,66125294.30800852,0.6723767362814829,247500.0,247500.0,81470845.754511,2.353254580746131,1.0401872292607355,2.353254580746131,True,0.7380939146868483,0.0,0.0,65913386.02990368,CONTINUED_TO_HOUSEHOLD_BATCH,5588985.241067272,True,True,5591954.21446582,81482178.52345741,0.09,66125294.30800852,1.0,22.581758549766754,5588985.241067272,1.032803924402742,0.09,1.057803924402742,0.6723767362814829,4.44092862925553,1.3,C1_RESIDUAL_LEVEL__NO_C0_ACTION,HJB_CONVERGED,True,13,3.060348308103755e-08,0.6723767362814829,16.97837127135921,0.0786424087781942,0.02,DIAGNOSTIC_ONLY,1.2956215961201778e-17,True,0.13122384971228696,3.8683458504951664,0.04564738245508804,False,0.0032046477875438436,上海,8,False,True,turn_3.one_turn.capital.household_illiquid_return_rah -> steady_state._post_turn_states.rah,0.09,0.02,False,2.353254580746131,False,False,19,0,31,4,24,4,False,True,1.3,0.8,0.00013908279272556445,True
7.288630068068082,11.978036594600507,4.689406526532425,10.416428720614835,203535217.25929242,93207600.0,0.6354080527288726,203338722.32142344,203338722.32142344,0.9990345899814543,203338722.32142344,0.9990345899814543,203338722.32142344,0.9990345899814543,196494.93786899216,203535217.25929242,0.6673005292030486,844600.0,844600.0,152432459.61553165,1.9260565786278652,1.177722327717545,1.9260565786278652,True,0.7380939146868483,0.0,0.0,203338722.32142344,CONTINUED_TO_HOUSEHOLD_BATCH,5524721.219780686,True,True,5527693.761826639,152453935.66858092,0.09,203535217.25929242,1.0,6.541228060360746,5524721.219780686,0.5668492856102775,0.09,0.5918492856102775,0.6673005292030486,7.7370301484234805,1.3,C1_RESIDUAL_LEVEL__NO_C0_ACTION,HJB_CONVERGED,True,16,1.4145475901727877e-09,0.6673005292030486,17.56792522877563,0.08043022235196078,0.02,DIAGNOSTIC_ONLY,2.1711148504022226e-17,True,0.12485593503389199,4.014039820315833,0.06039526954297503,False,0.0009654100185456783,江苏,9,False,True,turn_3.one_turn.capital.household_illiquid_return_rah -> steady_state._post_turn_states.rah,0.09,0.02,False,1.9260565786278652,False,False,19,0,31,4,24,4,False,True,1.3,0.8,0.00014086912846877908,True
7.292408581059811,11.977832021691746,4.685423440631935,10.178457200059048,124249656.20818298,58002800.0,0.7714346869273838,124041740.06001312,124041740.06001312,0.9983266259681114,124041740.06001312,0.9983266259681114,124041740.06001312,0.9983266259681114,207916.14816985436,124249656.20818298,0.6675680244923946,627300.0,627300.0,102748171.85891166,1.865111818631329,1.0528820692037093,1.865111818631329,True,0.7380939146868483,0.0,0.0,124041740.06001312,CONTINUED_TO_HOUSEHOLD_BATCH,5566997.779945074,True,True,5569895.19311751,102762175.00677873,0.09,124249656.20818298,1.0,8.87453814752921,5566997.779945074,0.6370505429303022,0.09,0.6620505429303022,0.6675680244923946,5.243234216500953,1.3,C1_RESIDUAL_LEVEL__NO_C0_ACTION,HJB_CONVERGED,True,14,1.6436910055261933e-08,0.6675680244923946,17.2202412602872,0.08335383622787247,0.02,DIAGNOSTIC_ONLY,1.753984852900953e-17,True,0.12244344593698099,4.106254812600242,0.05603107941129126,False,0.0016733740318885582,浙江,10,False,True,turn_3.one_turn.capital.household_illiquid_return_rah -> steady_state._post_turn_states.rah,0.09,0.02,False,1.865111818631329,False,False,19,0,31,4,24,4,False,True,1.3,0.8,0.00013626753098738842,True
9.222003571855453,7.85214041410543,-1.3698631577500224,10.57144007011455,70182433.35888097,34010900.0,0.7955465374098656,69964656.14148097,69964656.14148097,0.9968969839463048,69964656.14148097,0.9968969839463048,69964656.14148097,0.9968969839463048,217777.21739999423,70182433.35888097,0.671576553720994,607600.0,607600.0,61068153.729193196,1.681124916844091,0.9362747674973484,1.681124916844091,True,0.7380939146868483,0.0,0.0,69964656.14148097,CONTINUED_TO_HOUSEHOLD_BATCH,5677824.289256969,True,True,5680747.605950909,61076386.98851241,0.09,70182433.35888097,1.0,9.344674603780396,5677824.289256969,0.676697852212696,0.09,0.701697852212696,0.671576553720994,3.077730478482373,1.3,C1_RESIDUAL_LEVEL__NO_C0_ACTION,HJB_NONCONVERGED_DIAGNOSTIC_ONLY,False,100,0.6592361069535861,0.671576553720994,17.474774329238443,0.08895790152286001,0.02,DIAGNOSTIC_ONLY,2.65192120178058e-12,True,4.475570077316739e-08,3.5038487173708073,0.04830329381088139,False,0.003103016053695101,安徽,11,False,True,turn_3.one_turn.capital.household_illiquid_return_rah -> steady_state._post_turn_states.rah,0.09,0.02,False,1.681124916844091,False,False,19,0,31,4,24,4,False,True,1.3,0.8,0.00013480265819854065,True
7.2975209736647555,11.980462703529405,4.68294172986465,9.94380808366287,87795538.11850408,38687800.0,0.9816283016506389,87584699.10138457,87584699.10138457,0.9975985224119827,87584699.10138457,0.9975985224119827,87584699.10138457,0.9975985224119827,210839.01711951048,87795538.11850408,0.6716650766830262,410400.0,410400.0,76664839.40859959,1.7964378516260697,0.9065463236115918,1.7964378516260697,True,0.7380939146868483,0.0,0.0,87584699.10138457,CONTINUED_TO_HOUSEHOLD_BATCH,5588385.675926173,True,True,5590965.543353616,76674107.25571258,0.09,87795538.11850408,1.0,13.616924161613483,5588385.675926173,0.6795399040115584,0.09,0.7045399040115584,0.6716650766830262,3.9275853791800115,1.3,C1_RESIDUAL_LEVEL__NO_C0_ACTION,HJB_CONVERGED,True,15,5.947863312982804e-08,0.6716650766830262,16.70151661835689,0.08227444691205953,0.02,DIAGNOSTIC_ONLY,1.7225786434090592e-17,True,0.12702420008228793,4.000596090209676,0.05102341136453181,False,0.00240147758801735,福建,12,False,True,turn_3.one_turn.capital.household_illiquid_return_rah -> steady_state._post_turn_states.rah,0.09,0.02,False,1.7964378516260697,False,False,19,0,31,4,24,4,False,True,1.3,0.8,0.00012087323145593132,True
8.957480249698598,8.407717607905873,-0.5497626417927249,10.719057895422392,51050047.92908307,22716500.0,0.9449325949029792,50831352.50443547,50831352.50443547,0.99571605838742,50831352.50443547,0.99571605838742,50831352.50443547,0.99571605838742,218695.42464760126,51050047.92908307,0.6324349578510982,451300.0,451300.0,44182061.29211353,1.5352442633792756,0.7893560257063097,1.5352442633792756,True,0.7380939146868483,0.0,0.0,50831352.50443547,CONTINUED_TO_HOUSEHOLD_BATCH,5722026.667053814,True,True,5724682.033493465,44187430.27208577,0.09,51050047.92908307,1.0,12.67898663207138,5722026.667053814,0.6723732767711526,0.09,0.6973732767711526,0.6324349578510982,2.207727881830505,1.3,C1_RESIDUAL_LEVEL__NO_C0_ACTION,HJB_NONCONVERGED_DIAGNOSTIC_ONLY,False,100,0.5443939697426674,0.6324349578510982,17.146889765370876,0.08911970920702914,0.02,DIAGNOSTIC_ONLY,8.111228795763359e-16,True,3.4943088860833167e-09,1.9765035942698572,0.04103283085449139,False,0.0042839416125799775,江西,13,False,True,turn_3.one_turn.capital.household_illiquid_return_rah -> steady_state._post_turn_states.rah,0.09,0.02,False,1.5352442633792756,False,False,19,0,31,4,24,4,False,True,1.3,0.8,0.00012150468898475264,True
7.288107158093534,11.976562784198315,4.688455626104782,10.406437117789931,210016973.07581103,66648899.99999999,0.5654402449966569,209818520.8244308,209818520.8244308,0.9990550656526765,209818520.8244308,0.9990550656526765,209818520.8244308,0.9990550656526765,198452.25138022227,210016973.07581103,0.6653116766404924,1007700.0,1007700.0,104334870.34475768,1.2849276420428595,0.8208091277515377,1.2849276420428595,True,0.7380939146868483,0.0,0.0,209818520.8244308,CONTINUED_TO_HOUSEHOLD_BATCH,5578083.7231001025,True,True,5581261.322335207,104350433.5083429,0.09,210016973.07581103,1.0,5.535460675895705,5578083.7231001025,0.351853352358224,0.09,0.37685335235822404,0.6653116766404924,5.03472453344178,1.3,C1_RESIDUAL_LEVEL__NO_C0_ACTION,HJB_CONVERGED,True,51,1.137710592402641e-09,0.6653116766404924,17.64893561742538,0.08264995684038133,0.02,DIAGNOSTIC_ONLY,3.909432083115213e-17,True,0.12111587035824087,4.122233198234659,0.061081331802309125,False,0.0009449343473233747,山东,14,False,True,turn_3.one_turn.capital.household_illiquid_return_rah -> steady_state._post_turn_states.rah,0.09,0.02,False,1.2849276420428595,False,False,19,0,31,4,24,4,False,True,1.3,0.8,0.00014914325759829428,True
7.28800322881459,11.975564859841073,4.687561631026483,10.406351352044997,168320556.01470312,49935900.0,0.5787710699089046,168114245.49699396,168114245.49699396,0.9987742999275077,168114245.49699396,0.9987742999275077,168114245.49699396,0.9987742999275077,206310.51770915306,168320556.01470312,0.6629996008407616,986400.0,986400.0,78837354.26986407,1.139914115532732,0.7220262248652082,1.139914115532732,True,0.7380939146868483,0.0,0.0,168114245.49699396,CONTINUED_TO_HOUSEHOLD_BATCH,5639853.808696316,True,True,5642691.338931269,78847740.78025107,0.09,168320556.01470312,1.0,5.71761335025985,5639853.808696316,0.3286968987898223,0.09,0.3536968987898223,0.6629996008407616,3.7457132461040143,1.3,C1_RESIDUAL_LEVEL__NO_C0_ACTION,HJB_NONCONVERGED_DIAGNOSTIC_ONLY,False,100,0.0044559642804726796,0.6629996008407616,17.76196077306603,0.08521866606394114,0.02,DIAGNOSTIC_ONLY,1.1425938255882039e-17,True,0.09645329856676177,4.247546594598768,0.05955157716135795,False,0.001225700072492224,河南,15,False,True,turn_3.one_turn.capital.household_illiquid_return_rah -> steady_state._post_turn_states.rah,0.09,0.02,False,1.139914115532732,False,False,19,0,31,4,24,4,False,True,1.3,0.8,0.00013172869995037306,True
7.28903355853288,11.975927082403715,4.686893523870834,10.34941124384552,101805153.6623069,42022000.0,0.8055832323734298,101593481.39436497,101593481.39436497,0.9979208098968736,101593481.39436497,0.9979208098968736,101593481.39436497,0.9979208098968736,211672.2679419426,101805153.6623069,0.6637957722632861,591700.0,591700.0,75874218.59079626,1.5894323920714784,0.8802875234846845,1.5894323920714784,True,0.7380939146868483,0.0,0.0,101593481.39436497,CONTINUED_TO_HOUSEHOLD_BATCH,5648185.358031786,True,True,5650771.616743779,75883316.24595779,0.09,101805153.6623069,1.0,9.545690988730414,5648185.358031786,0.5636148176467947,0.09,0.5886148176467947,0.6637957722632861,3.764661896199781,1.3,C1_RESIDUAL_LEVEL__NO_C0_ACTION,HJB_CONVERGED,True,32,1.0598723010346589e-08,0.6637957722632861,17.64247358104198,0.08512260113770154,0.02,DIAGNOSTIC_ONLY,1.9353008778866254e-17,True,0.11775699179634656,4.230296363627714,0.05356509791991626,False,0.002079190103126515,湖北,16,False,True,turn_3.one_turn.capital.household_illiquid_return_rah -> steady_state._post_turn_states.rah,0.09,0.02,False,1.5894323920714784,False,False,19,0,31,4,24,4,False,True,1.3,0.8,0.00011989005767809591,True
9.240515834815545,8.676233309573561,-0.5642825252419836,10.570872265562397,93791807.14892803,36329700.0,0.7532625720793209,93578570.80344148,93578570.80344148,0.9977264928359045,93578570.80344148,0.9977264928359045,93578570.80344148,0.9977264928359045,213236.34548655848,93791807.14892803,0.6158383331540527,663500.0,663500.0,63695503.26487011,1.4167063570694212,0.808040038971029,1.4167063570694212,True,0.7380939146868483,0.0,0.0,93578570.80344148,CONTINUED_TO_HOUSEHOLD_BATCH,5660936.175584491,True,True,5663295.686754953,63702455.45033439,0.09,93791807.14892803,1.0,8.531930935319505,5660936.175584491,0.5055445172728585,0.09,0.5305445172728586,0.6158383331540527,3.119122565759016,1.3,C1_RESIDUAL_LEVEL__NO_C0_ACTION,HJB_NONCONVERGED_DIAGNOSTIC_ONLY,False,100,0.0018996222946294772,0.6158383331540527,17.311615488864117,0.08720613455511039,0.02,DIAGNOSTIC_ONLY,7.566265002856683e-16,True,7.753005415044831e-05,3.509266023996835,0.05281117828802229,False,0.0022735071640955754,湖南,17,False,True,turn_3.one_turn.capital.household_illiquid_return_rah -> steady_state._post_turn_states.rah,0.09,0.02,False,1.4167063570694212,False,False,19,0,31,4,24,4,False,True,1.3,0.8,0.00010913528238654102,True
7.2991949936894835,11.978981405233544,4.679786411544061,9.822940958766981,191259406.86816654,99945200.0,0.4770957088974428,191052733.9531159,191052733.9531159,0.9989194104570601,191052733.9531159,0.9989194104570601,191052733.9531159,0.9989194104570601,206672.91505063805,191259406.86816654,0.669594984733298,1234800.0,1234800.0,147628626.0448967,1.9575836150085797,1.3252923309010156,1.9575836150085797,True,0.7380939146868483,0.0,0.0,191052733.9531159,CONTINUED_TO_HOUSEHOLD_BATCH,5475532.083283294,True,True,5477673.891993458,147643747.99622858,0.09,191259406.86816654,1.0,4.434347330161398,5475532.083283294,0.5873191002853028,0.09,0.6123191002853028,0.669594984733298,7.589414065871759,1.3,C1_RESIDUAL_LEVEL__NO_C0_ACTION,HJB_CONVERGED,True,14,1.605300781193364e-09,0.669594984733298,16.62856772591079,0.08628811405436472,0.02,DIAGNOSTIC_ONLY,2.00712927181379e-17,True,0.12165731382180255,4.166239546342095,0.06084506330587125,False,0.0010805895429399502,广东,18,False,True,turn_3.one_turn.capital.household_illiquid_return_rah -> steady_state._post_turn_states.rah,0.09,0.02,False,1.9575836150085797,False,False,19,0,31,4,24,4,False,True,1.3,0.8,0.00010242188739528757,True
7.307313553954408,11.981294933233043,4.673981379278635,9.430913975689041,67306708.83876626,19627800.0,0.8931844667425015,67090121.550514325,67090121.550514325,0.996782084698707,67090121.550514325,0.996782084698707,67090121.550514325,0.996782084698707,216587.28825193364,67306708.83876626,0.6738220160920517,494700.0,494700.0,37159046.07632847,1.0559578674063324,0.5577680812178123,1.0559578674063324,True,0.7380939146868483,0.0,0.0,67090121.550514325,CONTINUED_TO_HOUSEHOLD_BATCH,5658607.585372502,True,True,5660474.341255145,37162256.2995329,0.09,67306708.83876626,1.0,11.438462877243788,5658607.585372502,0.3975107449166194,0.09,0.42251074491661944,0.6738220160920517,1.7832839468846027,1.3,C1_RESIDUAL_LEVEL__NO_C0_ACTION,HJB_CONVERGED,True,13,6.626938908738111e-08,0.6738220160920517,15.892912961178098,0.08756573593359257,0.02,DIAGNOSTIC_ONLY,1.440452927840454e-17,True,0.12418996015667384,4.13371240889706,0.04708636744049155,False,0.0032179153012929238,广西,19,False,True,turn_3.one_turn.capital.household_illiquid_return_rah -> steady_state._post_turn_states.rah,0.09,0.02,False,1.0559578674063324,False,False,19,0,31,4,24,4,False,True,1.3,0.8,8.63839692227808e-05,True
7.3170137786705265,11.98539514681422,4.668381368143694,9.003587398023145,14673330.466888333,4910700.0,1.8303778866515046,14454167.650450012,14454167.650450012,0.9850638669296734,14454167.650450012,0.9850638669296734,14454167.650450012,0.9850638669296734,219162.81643832164,14673330.466888333,0.6807976865666735,98200.0,98200.0,13899136.687979544,1.2419605594280527,0.43879672932908664,1.2419605594280527,True,0.7380939146868483,0.0,0.0,14454167.650450012,CONTINUED_TO_HOUSEHOLD_BATCH,5215872.045792459,True,True,5217824.8400435615,13900499.396517364,0.09,14673330.466888333,1.0,53.11478661703114,5215872.045792459,0.7489159209796165,0.09,0.7739159209796165,0.6807976865666735,0.7725551915862093,0.8,C1_RESIDUAL_LEVEL__NO_C0_ACTION,HJB_CONVERGED,True,13,4.6894659710972064e-08,0.6807976865666735,15.00462607187002,0.08665916567159612,0.02,DIAGNOSTIC_ONLY,2.2365369658923553e-17,True,0.1311302469553318,3.986527157845256,0.00046007156315053255,False,0.014936133070326598,海南,20,False,True,turn_3.one_turn.capital.household_illiquid_return_rah -> steady_state._post_turn_states.rah,0.09,0.02,False,1.2419605594280527,False,False,19,0,31,4,24,4,True,False,1.3,0.8,9.803306334177364e-05,True
7.296093522059021,11.97804745210441,4.681953930045388,9.979450986688667,50663834.63130832,21588800.0,1.1307936615719756,50447483.8425534,50447483.8425534,0.9957296799515997,50447483.8425534,0.9957296799515997,50447483.8425534,0.9957296799515997,216350.78875491497,50663834.63130832,0.6678388217916728,316300.0,316300.0,46001278.200945064,1.6103797622666287,0.7557652302563093,1.6103797622666287,True,0.7380939146868483,0.0,0.0,50447483.8425534,CONTINUED_TO_HOUSEHOLD_BATCH,5682293.197544036,True,True,5684012.680122691,46004923.56691966,0.09,50663834.63130832,1.0,17.96488522777122,5682293.197544036,0.711880852199621,0.09,0.7368808521996211,0.6678388217916728,2.331340211956748,1.3,C1_RESIDUAL_LEVEL__NO_C0_ACTION,HJB_CONVERGED,True,14,8.45876990673844e-09,0.6678388217916728,16.929026181949936,0.08592933647593602,0.02,DIAGNOSTIC_ONLY,1.2920019857707595e-17,True,0.12047265793565734,4.185360621886323,0.04003133423096705,False,0.0042703200484003325,重庆,21,False,True,turn_3.one_turn.capital.household_illiquid_return_rah -> steady_state._post_turn_states.rah,0.09,0.02,False,1.6103797622666287,False,False,19,0,31,4,24,4,False,True,1.3,0.8,7.923860517444759e-05,True
7.082850399969983,11.685532035812585,4.602681635842602,9.249005010818209,94830047.41899477,42902100.0,0.6467925275783937,94612144.22487497,94612144.22487497,0.9977021714103229,94612144.22487497,0.9977021714103229,94612144.22487497,0.9977021714103229,217903.19411979822,94830047.41899477,0.641777681093282,832100.0,832100.0,70650857.697421,1.5639154818692091,0.9496736569292947,1.5639154818692091,True,0.7380939146868483,0.0,0.0,94612144.22487497,CONTINUED_TO_HOUSEHOLD_BATCH,5589050.123344706,True,True,5590513.884031042,70655703.35956831,0.09,94830047.41899477,1.0,6.716801013513648,5589050.123344706,0.5633841378598126,0.09,0.5883841378598126,0.641777681093282,3.5424431061594905,1.3,C1_RESIDUAL_LEVEL__NO_C0_ACTION,HJB_NONCONVERGED_DIAGNOSTIC_ONLY,False,100,0.17523885276969953,0.641777681093282,16.847975831931155,0.08906236770976826,0.02,DIAGNOSTIC_ONLY,3.9898639947466563e-17,True,1.5988813279334884e-08,5.391656771880769,0.05354000342022047,False,0.002297828589677068,四川,22,False,True,turn_3.one_turn.capital.household_illiquid_return_rah -> steady_state._post_turn_states.rah,0.09,0.02,False,1.5639154818692091,False,False,19,0,31,4,24,4,False,True,1.3,0.8,6.858133054954418e-05,True
9.128327244961813,7.592279323466229,-1.536047921495584,10.500709095842437,39447014.665611394,15353200.0,1.0317479420821822,39227180.9985228,39227180.9985228,0.9944271152341413,39227180.9985228,0.9944271152341413,39227180.9985228,0.9944271152341413,219833.66708859394,39447014.665611394,0.6467295380538391,382200.0,382200.0,31193832.50437616,1.3109652918730739,0.6452401229108993,1.3109652918730739,True,0.7380939146868483,0.0,0.0,39227180.9985228,CONTINUED_TO_HOUSEHOLD_BATCH,5725161.269117723,True,True,5726964.155890889,31196404.940430064,0.09,39447014.665611394,1.0,14.97949050004637,5725161.269117723,0.6042639102320082,0.09,0.6292639102320082,0.6467295380538391,1.5384847867889022,1.3,C1_RESIDUAL_LEVEL__NO_C0_ACTION,HJB_NONCONVERGED_DIAGNOSTIC_ONLY,False,100,0.007726306979450648,0.6467295380538391,16.435248768117066,0.08979025252500024,0.02,DIAGNOSTIC_ONLY,3.1018165218943847e-13,True,0.00011090685212954566,2.8659571341279793,0.033754910774881575,False,0.005572884765858788,贵州,23,False,True,turn_3.one_turn.capital.household_illiquid_return_rah -> steady_state._post_turn_states.rah,0.09,0.02,False,1.3109652918730739,False,False,19,0,31,4,24,4,False,True,1.3,0.8,8.245937500861444e-05,True
7.309048586353561,11.982222142551652,4.673173556198092,9.351160879473003,68611984.86091176,20880600.0,0.9147769676812503,68396144.95912893,68396144.95912893,0.9968541953388993,68396144.95912893,0.9968541953388993,68396144.95912893,0.9968541953388993,215839.90178282047,68611984.86091176,0.6755390087454347,470300.0,470300.0,39981691.95136511,1.1223138132516461,0.5861329189742354,1.1223138132516461,True,0.7380939146868483,0.0,0.0,68396144.95912893,CONTINUED_TO_HOUSEHOLD_BATCH,5617564.891248364,True,True,5619082.891323294,39984521.304447375,0.09,68611984.86091176,1.0,11.944641486813447,5617564.891248364,0.42315959307805906,0.09,0.4481595930780591,0.6755390087454347,1.9423100034058969,1.3,C1_RESIDUAL_LEVEL__NO_C0_ACTION,HJB_CONVERGED,True,13,2.5987388241333065e-08,0.6755390087454347,15.706828330695357,0.08689884944486685,0.02,DIAGNOSTIC_ONLY,1.1158050602675104e-17,True,0.12624958349566254,4.083101139003911,0.04737074566874111,False,0.003145804661100607,云南,24,False,True,turn_3.one_turn.capital.household_illiquid_return_rah -> steady_state._post_turn_states.rah,0.09,0.02,False,1.1223138132516461,False,False,19,0,31,4,24,4,False,True,1.3,0.8,7.076120933691143e-05,True
7.33769190102817,11.996124723089496,4.658432822061326,8.25387275933259,6325734.326183821,1548400.0,2.6854222043206284,6106162.16975556,6106162.16975556,0.9652890644617502,6106162.16975556,0.9652890644617502,6106162.16975556,0.9652890644617502,219572.15642826082,6325734.326183821,0.6945463762597829,35400.0,35400.0,5706507.741170061,0.9519473348738489,0.2583007541870853,0.9519473348738489,True,0.7380939146868483,0.0,0.0,6106162.16975556,CONTINUED_TO_HOUSEHOLD_BATCH,5151617.900398371,True,True,5153060.116547669,5706926.108579608,0.09,6325734.326183821,1.0,145.5259293897845,5151617.900398371,0.7063886018392255,0.09,0.7313886018392255,0.6945463762597829,0.31867607308687307,0.8,C1_RESIDUAL_LEVEL__NO_C0_ACTION,HJB_CONVERGED,True,14,1.425579654323883e-09,0.6945463762597829,13.450075957865394,0.08467156359368697,0.02,DIAGNOSTIC_ONLY,1.8056723416306197e-17,True,0.14612448576041417,3.7008321448186323,0.0824599734737077,False,0.034710935538249825,西藏,25,False,True,turn_3.one_turn.capital.household_illiquid_return_rah -> steady_state._post_turn_states.rah,0.09,0.02,False,0.9519473348738489,False,False,19,0,31,4,24,4,True,False,1.3,0.8,7.330871323496524e-05,True
7.291251711687994,11.977088545521479,4.685836833833484,10.232105830905468,73897910.2910824,23941900.0,1.0144056567611215,73684645.94023077,73684645.94023077,0.9971140679078532,73684645.94023077,0.9971140679078532,73684645.94023077,0.9971140679078532,213264.35085162718,73897910.2910824,0.6662541357071708,393100.0,393100.0,48228698.7936091,1.276834793819483,0.6338518706666324,1.276834793819483,True,0.7380939146868483,0.0,0.0,73684645.94023077,CONTINUED_TO_HOUSEHOLD_BATCH,5698826.864640229,True,True,5701124.1143430695,48233789.86605539,0.09,73897910.2910824,1.0,14.497142876215287,5698826.864640229,0.48265490812100476,0.09,0.5076549081210048,0.6662541357071708,2.335873116562321,1.3,C1_RESIDUAL_LEVEL__NO_C0_ACTION,HJB_CONVERGED,True,14,7.874589558198863e-08,0.6662541357071708,17.358210133833786,0.08403969760802892,0.02,DIAGNOSTIC_ONLY,2.1358782797964437e-17,True,0.12072109148761072,4.151557366562501,0.04795148235194158,False,0.0028859320921468977,陕西,26,False,True,turn_3.one_turn.capital.household_illiquid_return_rah -> steady_state._post_turn_states.rah,0.09,0.02,False,1.276834793819483,False,False,19,0,31,4,24,4,False,True,1.3,0.8,0.00010554991553501925,True
6.976550263627048,11.587220291721856,4.610670028094809,8.883047449098521,25177704.67938732,8104100.0,1.233334000523688,24957576.24617707,24957576.24617707,0.9912570094846467,24957576.24617707,0.9912570094846467,24957576.24617707,0.9912570094846467,220128.43321024947,25177704.67938732,0.6391100572788033,251500.0,251500.0,18099162.07364402,1.0755387353608545,0.4815843645010798,1.0755387353608545,True,0.7380939146868483,0.0,0.0,24957576.24617707,CONTINUED_TO_HOUSEHOLD_BATCH,5406296.305700806,True,True,5418651.252399382,18109985.858348206,0.09,25177704.67938732,1.0,21.496207974953503,5406296.305700806,0.5402709424030362,0.09,0.5652709424030362,0.6391100572788033,0.9341291320496498,0.9341291320496498,C1_RESIDUAL_LEVEL__NO_C0_ACTION,HJB_NONCONVERGED_DIAGNOSTIC_ONLY,False,100,0.44505038504960304,0.6391100572788033,16.320465676858788,0.09,0.02,DIAGNOSTIC_ONLY,1.4354865746923917e-17,True,3.9734190982326995e-09,5.622771452901324,0.02279131884062302,False,0.008742990515353289,甘肃,27,False,True,turn_3.one_turn.capital.household_illiquid_return_rah -> steady_state._post_turn_states.rah,0.09,0.02,False,1.0755387353608545,False,False,19,0,31,4,24,4,False,False,1.3,0.8,0.0005976694177922681,True
7.322398928016914,11.998807331033461,4.676408403016547,9.159501665151135,17578407.529567722,2748000.0,2.2393079445228885,17360614.228353206,17360614.228353206,0.987610180225474,17360614.228353206,0.987610180225474,17360614.228353206,0.987610180225474,217793.30121451442,17578407.529567722,0.6891416361403998,58700.0,58700.0,8901618.231548898,0.695994950573659,0.2148591496990789,0.695994950573659,True,0.7380939146868483,0.0,0.0,17360614.228353206,CONTINUED_TO_HOUSEHOLD_BATCH,5219485.555553117,True,True,5221285.362706417,8902422.049254358,0.09,17578407.529567722,1.0,88.91798220703777,5219485.555553117,0.3597225187920377,0.09,0.3847225187920377,0.6891416361403998,0.4597623464503608,0.8,C1_RESIDUAL_LEVEL__NO_C0_ACTION,HJB_CONVERGED,True,25,1.6193890672866473e-10,0.6891416361403998,14.883339314559679,0.07643437394951831,0.02,DIAGNOSTIC_ONLY,1.5537972384432885e-17,True,0.1503124269025596,3.524187661913912,0.01011737558309278,False,0.012389819774525973,青海,28,False,True,turn_3.one_turn.capital.household_illiquid_return_rah -> steady_state._post_turn_states.rah,0.09,0.02,False,0.695994950573659,False,False,19,0,31,4,24,4,True,False,1.3,0.8,9.029202401467096e-05,True
7.301129910667305,11.984774969311344,4.683645058644039,9.876043841687142,18640640.44456374,3510200.0,2.0967383506423904,18422806.710192747,18422806.710192747,0.988314042373232,18422806.710192747,0.988314042373232,18422806.710192747,0.988314042373232,217833.73437098984,18640640.44456374,0.6759293443908251,71000.0,71000.0,10870170.958424918,0.8099810971474289,0.26155942331369575,0.8099810971474289,True,0.7380939146868483,0.0,0.0,18422806.710192747,CONTINUED_TO_HOUSEHOLD_BATCH,5316325.480303146,True,True,5318637.180187687,10871408.706252255,0.09,18640640.44456374,1.0,74.8778236662415,5316325.480303146,0.4235171888321073,0.09,0.44851718883210734,0.6759293443908251,0.5580361370383276,0.8,C1_RESIDUAL_LEVEL__NO_C0_ACTION,HJB_CONVERGED,True,29,1.3471568083289753e-08,0.6759293443908251,16.417130383661124,0.07895859216426679,0.02,DIAGNOSTIC_ONLY,8.805754519655706e-18,True,0.1342315589011099,3.819806863759969,0.012674347576133949,False,0.01168595762676801,宁夏,29,False,True,turn_3.one_turn.capital.household_illiquid_return_rah -> steady_state._post_turn_states.rah,0.09,0.02,False,0.8099810971474289,False,False,19,0,31,4,24,4,True,False,1.3,0.8,0.00011385349045189841,True
9.076284692782679,8.333364456940405,-0.7429202358422734,8.32294825789285,49250553.031937115,12809400.0,1.2307607300939565,49036366.58642728,49036366.58642728,0.995651085473681,49036366.58642728,0.995651085473681,49036366.58642728,0.995651085473681,214186.44550983663,49250553.031937115,0.6771081330528799,252000.0,252000.0,28574706.496065523,1.0354932829952574,0.4641884129597547,1.0354932829952574,True,0.7380939146868483,0.0,0.0,49036366.58642728,CONTINUED_TO_HOUSEHOLD_BATCH,5393251.728994618,True,True,5395239.751135536,28577464.779061727,0.09,49250553.031937115,1.0,21.40179257537547,5393251.728994618,0.42102922187724773,0.09,0.44602922187724775,0.6771081330528799,1.4452989839839145,1.3,C1_RESIDUAL_LEVEL__NO_C0_ACTION,HJB_NONCONVERGED_DIAGNOSTIC_ONLY,False,100,0.10091722473334563,0.6771081330528799,12.824567604957132,0.08353289813421869,0.02,DIAGNOSTIC_ONLY,3.7304276285848523e-13,True,3.5285119422730814e-06,2.8363404428300387,0.040269883427328956,False,0.004348914526319021,新疆,30,False,True,turn_3.one_turn.capital.household_illiquid_return_rah -> steady_state._post_turn_states.rah,0.09,0.02,False,1.0354932829952574,False,False,19,0,31,4,24,4,False,True,1.3,0.8,9.65195134532415e-05,True
7.29256630876368,11.981176221930745,4.688609913167065,10.262779167556136,58719043.066994764,33106000.0,0.0011727943185744216,58507861.45071173,58507861.45071173,0.9964035242188451,58507861.45071173,0.9964035242188451,58507861.45071173,0.9964035242188451,211181.61628303974,58719043.066994764,0.671145556983595,219200.0,219200.0,33144826.528710727,1.0441217708054498,1.0441217708054498,1.0441217708054498,True,0.7380939146868483,0.0,0.0,58507861.45071173,CONTINUED_TO_HOUSEHOLD_BATCH,5609096.232559346,True,True,5584049.955817473,77299226.41545522,0.09,58719043.066994764,1.0,25.588942666785336,5609096.232559346,0.38373302123798697,0.09,0.3811656176275499,0.671145556983595,1.415903847119589,1.3,C1_RESIDUAL_LEVEL__NO_C0_ACTION,HJB_CONVERGED,True,44,3.092814893079776e-11,0.671145556983595,17.17301212027093,0.07859417868868851,0.02,DIAGNOSTIC_ONLY,1.1248597539537109e-17,True,0.00045744246332168014,3.8880400278214333,0.012301442126141371,False,0.003596475781154926,北京,0,False,True,turn_4.one_turn.capital.household_illiquid_return_rah -> steady_state._post_turn_states.rah,0.09,0.02,False,1.0441217708054498,False,False,24,0,30,13,13,5,False,True,1.3,0.8,0.5712139944251273,False
7.288548456130922,11.980709967891434,4.692161511760512,10.448203071094541,64593598.72309723,13362900.0,0.001176622724228693,64385188.60657527,64385188.60657527,0.9967735174902489,64385188.60657527,0.9967735174902489,64385188.60657527,0.9967735174902489,208410.11652195526,64593598.72309723,0.6820111072649077,138300.0,138300.0,13378623.091801595,0.39033403284278095,0.39033403284278095,0.39033403284278095,True,0.7380939146868483,0.0,0.0,64385188.60657527,CONTINUED_TO_HOUSEHOLD_BATCH,5746135.5051227575,True,True,5720393.787210303,35424120.5466364,0.09,64593598.72309723,1.0,41.54834060103223,5746135.5051227575,0.12549196634575416,0.09,0.10794212358603676,0.6820111072649077,0.4305648180860043,0.8,C1_RESIDUAL_LEVEL__NO_C0_ACTION,HJB_CONVERGED,True,21,3.804527803907831e-10,0.6820111072649077,16.935475368610952,0.06490660663385923,0.02,DIAGNOSTIC_ONLY,1.9109063290057016e-17,True,0.1515395894564163,3.2664401447739793,0.012287663788256742,False,0.0032264825097511165,天津,1,False,True,turn_4.one_turn.capital.household_illiquid_return_rah -> steady_state._post_turn_states.rah,0.09,0.02,False,0.39033403284278095,False,False,24,0,30,13,13,5,True,False,1.3,0.8,0.6223301274568431,False
7.292369231835719,11.976686293539519,4.6843170617037995,10.178473980369166,113705229.18254791,32494600.0,0.0011745376624221482,113494561.79357041,113494561.79357041,0.9981472497747726,113494561.79357041,0.9981472497747726,113494561.79357041,0.9981472497747726,210667.38897749098,113705229.18254791,0.6648458495057692,742600.0,742600.0,32532766.13152534,0.6267958200771254,0.6267958200771254,0.6267958200771254,True,0.7380939146868483,0.0,0.0,113494561.79357041,CONTINUED_TO_HOUSEHOLD_BATCH,5693371.183865953,True,True,5667910.910884071,55333397.155656405,0.09,113705229.18254791,1.0,7.666807411615881,5693371.183865953,0.18227794943701367,0.09,0.18700435030463597,0.6648458495057692,1.3252463390790623,1.3,C1_RESIDUAL_LEVEL__NO_C0_ACTION,HJB_CONVERGED,True,38,8.219025460221019e-11,0.6648458495057692,17.351161595698823,0.08640845698536795,0.02,DIAGNOSTIC_ONLY,2.316126890972159e-17,True,0.11758708280856736,4.2536125261153375,0.016903665999046247,False,0.0018527502252273314,河北,2,False,True,turn_4.one_turn.capital.household_illiquid_return_rah -> steady_state._post_turn_states.rah,0.09,0.02,False,0.6267958200771254,False,False,24,0,30,13,13,5,False,True,1.3,0.8,0.41205912154627744,False
8.951948197136739,7.667401583266428,-1.2845466138703108,10.820187074610569,53478727.38884524,15958100.0,0.0011659727410269216,53264730.980016835,53264730.980016835,0.9959984760431483,53264730.980016835,0.9959984760431483,53264730.980016835,0.9959984760431483,213996.40882840706,53478727.38884524,0.6490547757128172,350200.0,350200.0,15976706.709598582,0.5350852628931684,0.5350852628931684,0.5350852628931684,True,0.7380939146868483,0.0,0.0,53264730.980016835,CONTINUED_TO_HOUSEHOLD_BATCH,5777500.841329675,True,True,5751852.223299465,33214354.995805383,0.09,53478727.38884524,1.0,16.497717993517064,5777500.841329675,0.19162017208655394,0.09,0.18351233460230448,0.6490547757128172,0.6027542362495719,0.8,C1_RESIDUAL_LEVEL__NO_C0_ACTION,HJB_NONCONVERGED_DIAGNOSTIC_ONLY,False,100,0.00930867648798217,0.6490547757128172,17.171983518319195,0.08643618707707713,0.02,DIAGNOSTIC_ONLY,2.383406576317888e-16,True,3.036889566784899e-09,2.004277646445712,0.011655214735278419,False,0.004001523956851731,山西,3,False,True,turn_4.one_turn.capital.household_illiquid_return_rah -> steady_state._post_turn_states.rah,0.09,0.02,False,0.5350852628931684,False,False,24,0,30,13,13,5,True,False,1.3,0.8,0.5189818766127998,False
7.303837410689237,11.992451364818908,4.688613954129671,10.054662983825144,82165502.99427319,16140800.0,0.0011606519439617546,81958541.2662281,81958541.2662281,0.9974811603348973,81958541.2662281,0.9974811603348973,81958541.2662281,0.9974811603348973,206961.72804509307,82165502.99427319,0.6794281175411269,242200.0,242200.0,16159533.850897096,0.3956521010369492,0.3956521010369492,0.3956521010369492,True,0.7380939146868483,0.0,0.0,81958541.2662281,CONTINUED_TO_HOUSEHOLD_BATCH,5696315.226109225,True,True,5671142.101228622,36864172.93570817,0.09,82165502.99427319,1.0,23.519055433976984,5696315.226109225,0.11776587669819621,0.09,0.11077964313560518,0.6794281175411269,0.5670083179201759,0.8,C1_RESIDUAL_LEVEL__NO_C0_ACTION,HJB_CONVERGED,True,26,9.865259498198498e-09,0.6794281175411269,16.518034073418473,0.07370799758098931,0.02,DIAGNOSTIC_ONLY,2.8531637533444984e-17,True,0.14364301197330023,3.5859575503292946,0.014386182320095697,False,0.002518839665102738,内蒙古,4,False,True,turn_4.one_turn.capital.household_illiquid_return_rah -> steady_state._post_turn_states.rah,0.09,0.02,False,0.3956521010369492,False,False,24,0,30,13,13,5,True,False,1.3,0.8,0.5616466459432133,False
7.306097110177818,11.983848517405793,4.677751407227975,9.545559788327992,90061052.78222083,23510500.0,0.0011787978665680487,89851941.27572656,89851941.27572656,0.9976781139012452,89851941.27572656,0.9976781139012452,89851941.27572656,0.9976781139012452,209111.5064942679,90061052.78222083,0.6768566141162268,429100.0,429100.0,23538214.127241947,0.5406300280912503,0.5406300280912503,0.5406300280912503,True,0.7380939146868483,0.0,0.0,89851941.27572656,CONTINUED_TO_HOUSEHOLD_BATCH,5614121.517097215,True,True,5588924.837710537,46049704.51684457,0.09,90061052.78222083,1.0,13.083480580510871,5614121.517097215,0.1644895482085299,0.09,0.16173277350255053,0.6768566141162268,0.9206344231742692,0.9206344231742692,C1_RESIDUAL_LEVEL__NO_C0_ACTION,HJB_CONVERGED,True,19,2.2292652168687255e-09,0.6768566141162268,15.917206612460555,0.08254977463162953,0.02,DIAGNOSTIC_ONLY,1.5070410197548512e-17,True,0.13146482442755897,3.922021863107097,0.015434231146478572,False,0.0023218860987548784,辽宁,5,False,True,turn_4.one_turn.capital.household_illiquid_return_rah -> steady_state._post_turn_states.rah,0.09,0.02,False,0.5406300280912503,False,False,24,0,30,13,13,5,False,False,1.3,0.8,0.4888520051495254,False
7.317585200626425,11.993225708576587,4.6756405079501615,9.215141750267072,66308917.7271201,11253800.0,0.0012373882522114243,66098691.80786578,66098691.80786578,0.9968295980923794,66098691.80786578,0.9968295980923794,66098691.80786578,0.9968295980923794,210225.9192543198,66308917.7271201,0.6857350865945571,248400.0,248400.0,11267725.319912737,0.3250442085976263,0.3250442085976263,0.3250442085976263,True,0.7380939146868483,0.0,0.0,66098691.80786578,CONTINUED_TO_HOUSEHOLD_BATCH,5572872.346487153,True,True,5546621.334390303,25385064.31341331,0.09,66308917.7271201,1.0,22.435073858643936,5572872.346487153,0.09836274559776026,0.09,0.0951066835569286,0.6857350865945571,0.40154835093352836,0.8,C1_RESIDUAL_LEVEL__NO_C0_ACTION,HJB_CONVERGED,True,25,6.860579349066143e-08,0.6857350865945571,15.09289824445568,0.07865803958255277,0.02,DIAGNOSTIC_ONLY,2.088607392275164e-17,True,0.14412670421383286,3.6506927909059192,0.01350243037488541,False,0.003170401907620612,吉林,6,False,True,turn_4.one_turn.capital.household_illiquid_return_rah -> steady_state._post_turn_states.rah,0.09,0.02,False,0.3250442085976263,False,False,24,0,30,13,13,5,True,False,1.3,0.8,0.5561277615531216,False
7.329432430403436,11.992093191270792,4.662660760867356,8.544505530564766,58424879.89838116,12846500.0,0.0012292613502187244,58211406.89746891,58211406.89746891,0.9963461970091587,58211406.89746891,0.9963461970091587,58211406.89746891,0.9963461970091587,213473.00091224702,58424879.89838116,0.6895784464044237,332700.0,332700.0,12862291.705935586,0.4078142770946205,0.4078142770946205,0.4078142770946205,True,0.7380939146868483,0.0,0.0,58211406.89746891,CONTINUED_TO_HOUSEHOLD_BATCH,5550290.848948388,True,True,5524317.411820451,26814480.64418624,0.09,58424879.89838116,1.0,16.68256942875981,5550290.848948388,0.13470318773650727,0.09,0.1306655282323078,0.6895784464044237,0.48806434226447054,0.8,C1_RESIDUAL_LEVEL__NO_C0_ACTION,HJB_CONVERGED,True,13,1.0561845620316035e-08,0.6895784464044237,14.028270739453635,0.08488119788079496,0.02,DIAGNOSTIC_ONLY,1.7852079427922677e-17,True,0.14105490743466675,3.786723310990552,0.012278125351151248,False,0.003653802990841269,黑龙江,7,False,True,turn_4.one_turn.capital.household_illiquid_return_rah -> steady_state._post_turn_states.rah,0.09,0.02,False,0.4078142770946205,False,False,24,0,30,13,13,5,True,False,1.3,0.8,0.520322922654692,False
7.2949718622982225,11.982197744638016,4.687225882339794,10.165420378734767,66125294.30800852,36011800.0,0.001201253000608249,65915024.25699061,65915024.25699061,0.9968201268029374,65915024.25699061,0.9968201268029374,65915024.25699061,0.9968201268029374,210270.0510179098,66125294.30800852,0.6723620518331834,247500.0,247500.0,36055059.282807305,1.0401872292607355,1.0401872292607355,1.0401872292607355,True,0.7380939146868483,0.0,0.0,65915024.25699061,CONTINUED_TO_HOUSEHOLD_BATCH,5614662.986336777,True,True,5588985.241067272,81470845.754511,0.09,66125294.30800852,1.0,22.68550701550213,5614662.986336777,0.36984430256553463,0.09,0.3668214652237384,0.6723620518331834,1.5329663803959082,1.3,C1_RESIDUAL_LEVEL__NO_C0_ACTION,HJB_CONVERGED,True,13,3.0596184918962877e-08,0.6723620518331834,16.980590798119586,0.0786424087781942,0.02,DIAGNOSTIC_ONLY,2.2212592008796772e-17,True,0.1312101845170794,3.868591450447194,0.01311758519389672,False,0.003179873197062561,上海,8,False,True,turn_4.one_turn.capital.household_illiquid_return_rah -> steady_state._post_turn_states.rah,0.09,0.02,False,1.0401872292607355,False,False,24,0,30,13,13,5,False,True,1.3,0.8,0.557448324625856,False
7.288606693505329,11.978026938170776,4.689420244665447,10.417600792437177,203535217.25929242,93207600.0,0.0012028082968527087,203340360.49980453,203340360.49980453,0.999042638605192,203340360.49980453,0.999042638605192,203340360.49980453,0.999042638605192,194856.75948790702,203535217.25929242,0.6672856410262235,844600.0,844600.0,93319710.87460974,1.177722327717545,1.177722327717545,1.177722327717545,True,0.7380939146868483,0.0,0.0,203340360.49980453,CONTINUED_TO_HOUSEHOLD_BATCH,5550136.6328669535,True,True,5524721.219780686,152432459.61553165,0.09,203535217.25929242,1.0,6.571319716868285,5550136.6328669535,0.3068418467166224,0.09,0.31934884016538134,0.6672856410262235,4.155613975182713,1.3,C1_RESIDUAL_LEVEL__NO_C0_ACTION,HJB_CONVERGED,True,16,1.4286445360056632e-09,0.6672856410262235,17.57028523472378,0.08043022235196078,0.02,DIAGNOSTIC_ONLY,1.8526304622346057e-17,True,0.12484270760865339,4.014294841364916,0.018627301801277696,False,0.0009573613948080075,江苏,9,False,True,turn_4.one_turn.capital.household_illiquid_return_rah -> steady_state._post_turn_states.rah,0.09,0.02,False,1.177722327717545,False,False,24,0,30,13,13,5,False,True,1.3,0.8,0.38779633215928766,False
7.292386080237939,11.977823572388113,4.685437492150173,10.179594713875371,124249656.20818298,58002800.0,0.0012039771672542887,124043378.27650543,124043378.27650543,0.9983398108455775,124043378.27650543,0.9983398108455775,124043378.27650543,0.9983398108455775,206277.93167755415,124249656.20818298,0.6675533460020667,627300.0,627300.0,58072634.04683682,1.0528820692037093,1.0528820692037093,1.0528820692037093,True,0.7380939146868483,0.0,0.0,124043378.27650543,CONTINUED_TO_HOUSEHOLD_BATCH,5592632.60769459,True,True,5566997.779945074,102748171.85891166,0.09,124249656.20818298,1.0,8.915403487477429,5592632.60769459,0.313351188042483,0.09,0.3210009936951194,0.6675533460020667,2.530575194036143,1.3,C1_RESIDUAL_LEVEL__NO_C0_ACTION,HJB_CONVERGED,True,14,1.656730086452285e-08,0.6675533460020667,17.222532636076682,0.08335383622787247,0.02,DIAGNOSTIC_ONLY,1.7190815295585062e-17,True,0.12243075821774188,4.106508960765105,0.017000394919017392,False,0.0016601891544225365,浙江,10,False,True,turn_4.one_turn.capital.household_illiquid_return_rah -> steady_state._post_turn_states.rah,0.09,0.02,False,1.0528820692037093,False,False,24,0,30,13,13,5,False,True,1.3,0.8,0.43480615765525166,False
6.54335804458424,11.118137708845108,4.574779664260868,9.102956077850134,70182433.35888097,34010900.0,0.0011992192728300655,69965611.45580685,69965611.45580685,0.9969105958186804,69965611.45580685,0.9969105958186804,69965611.45580685,0.9969105958186804,216821.9030741139,70182433.35888097,0.6200768932834959,607600.0,607600.0,34051686.52676629,0.9362747674973484,0.9362747674973484,0.9362747674973484,True,0.7380939146868483,0.0,0.0,69965611.45580685,CONTINUED_TO_HOUSEHOLD_BATCH,5703865.953880117,True,True,5677824.289256969,61068153.729193196,0.09,70182433.35888097,1.0,9.387534486306974,5703865.953880117,0.3262201204829664,0.09,0.33433974751428847,0.6200768932834959,1.4597587460525607,1.3,C1_RESIDUAL_LEVEL__NO_C0_ACTION,HJB_NONCONVERGED_DIAGNOSTIC_ONLY,False,100,0.2865274258714896,0.6200768932834959,17.47716043139009,0.08895790152286001,0.02,DIAGNOSTIC_ONLY,2.3852447794681098e-17,True,3.1750135998650723e-07,6.868949294632942,0.014125773846209055,False,0.003089404181319641,安徽,11,False,True,turn_4.one_turn.capital.household_illiquid_return_rah -> steady_state._post_turn_states.rah,0.09,0.02,False,0.9362747674973484,False,False,24,0,30,13,13,5,False,True,1.3,0.8,0.4423986243669894,False
7.297498732082414,11.98045364042682,4.6829549083444055,9.944864267169612,87795538.11850408,38687800.0,0.0012038628028558929,87586337.3272455,87586337.3272455,0.9976171819691315,87586337.3272455,0.9976171819691315,87586337.3272455,0.9976171819691315,209200.79125857964,87795538.11850408,0.6716509704330793,410400.0,410400.0,38734374.80334433,0.9065463236115918,0.9065463236115918,0.9065463236115918,True,0.7380939146868483,0.0,0.0,87586337.3272455,CONTINUED_TO_HOUSEHOLD_BATCH,5614116.541814536,True,True,5588385.675926173,76664839.40859959,0.09,87795538.11850408,1.0,13.679621203251793,5614116.541814536,0.294561894950703,0.09,0.29208584857806386,0.6716509704330793,1.620822668105667,1.3,C1_RESIDUAL_LEVEL__NO_C0_ACTION,HJB_CONVERGED,True,15,5.96361444671345e-08,0.6716509704330793,16.703633830021236,0.08227444691205953,0.02,DIAGNOSTIC_ONLY,3.1956859034010243e-17,True,0.12701158212403593,4.000835857618831,0.015129104694942663,False,0.0023828180308685617,福建,12,False,True,turn_4.one_turn.capital.household_illiquid_return_rah -> steady_state._post_turn_states.rah,0.09,0.02,False,0.9065463236115918,False,False,24,0,30,13,13,5,False,True,1.3,0.8,0.4947569824427305,False
5.827610181168377,9.830964073478437,4.003353892310059,8.483722068327253,51050047.92908307,22716500.0,0.0012046097050610882,50832490.04518472,50832490.04518472,0.9957383412411174,50832490.04518472,0.9957383412411174,50832490.04518472,0.9957383412411174,217557.88389835283,51050047.92908307,0.6669073057472321,451300.0,451300.0,22743864.516365018,0.7893560257063097,0.7893560257063097,0.7893560257063097,True,0.7380939146868483,0.0,0.0,50832490.04518472,CONTINUED_TO_HOUSEHOLD_BATCH,5748389.235897523,True,True,5722026.667053814,44182061.29211353,0.09,51050047.92908307,1.0,12.737401364718643,5748389.235897523,0.297668689725081,0.09,0.29689620000834616,0.6669073057472321,0.9355965038591899,0.9355965038591899,C1_RESIDUAL_LEVEL__NO_C0_ACTION,HJB_NONCONVERGED_DIAGNOSTIC_ONLY,False,100,2.147906703248866,0.6669073057472321,17.149136175577603,0.08911970920702914,0.02,DIAGNOSTIC_ONLY,5.391805166406194e-15,True,8.634530758826195e-11,1.1332514026344018,0.011359212837330102,False,0.0042616587588825885,江西,13,False,True,turn_4.one_turn.capital.household_illiquid_return_rah -> steady_state._post_turn_states.rah,0.09,0.02,False,0.7893560257063097,False,False,24,0,30,13,13,5,False,False,1.3,0.8,0.48522400605096294,False
7.2880827056551105,11.976553624129776,4.688470918474666,10.407710666578255,210016973.07581103,66648899.99999999,0.001181124946948442,209820159.00587818,209820159.00587818,0.9990628658862644,209820159.00587818,0.9990628658862644,209820159.00587818,0.9990628658862644,196814.06993284222,210016973.07581103,0.6652956468620096,1007700.0,1007700.0,66727620.67847666,0.8208091277515377,0.8208091277515377,0.8208091277515377,True,0.7380939146868483,0.0,0.0,209820159.00587818,CONTINUED_TO_HOUSEHOLD_BATCH,5603281.254454063,True,True,5578083.7231001025,104334870.34475768,0.09,210016973.07581103,1.0,5.56046566880427,5603281.254454063,0.20506775273042666,0.09,0.21449855747688623,0.6652956468620096,2.8527933463885953,1.3,C1_RESIDUAL_LEVEL__NO_C0_ACTION,HJB_CONVERGED,True,52,2.5544276249789277e-08,0.6652956468620096,17.651507052540747,0.08264995684038133,0.02,DIAGNOSTIC_ONLY,1.6886448836461732e-17,True,0.000413610404283651,4.122512109782401,0.01896585455547517,False,0.0009371341137356414,山东,14,False,True,turn_4.one_turn.capital.household_illiquid_return_rah -> steady_state._post_turn_states.rah,0.09,0.02,False,0.8208091277515377,False,False,24,0,30,13,13,5,False,True,1.3,0.8,0.3604475621814064,False
9.043619697121631,7.818994357303962,-1.2246253398176683,11.113059423299003,168320556.01470312,49935900.0,0.00117128758274343,168119212.3665988,168119212.3665988,0.9988038083234069,168119212.3665988,0.9988038083234069,168119212.3665988,0.9988038083234069,201343.6481043051,168320556.01470312,0.6318834848007334,986400.0,986400.0,49994389.29960312,0.7220262248652082,0.7220262248652082,0.7220262248652082,True,0.7380939146868483,0.0,0.0,168119212.3665988,CONTINUED_TO_HOUSEHOLD_BATCH,5665117.830684119,True,True,5639853.808696316,78837354.26986407,0.09,168320556.01470312,1.0,5.743225700206933,5665117.830684119,0.19010015491346294,0.09,0.19891998486768583,0.6318834848007334,2.0972035866941385,1.3,C1_RESIDUAL_LEVEL__NO_C0_ACTION,HJB_NONCONVERGED_DIAGNOSTIC_ONLY,False,100,0.0007773054393593881,0.6318834848007334,17.764530587621067,0.08521866606394114,0.02,DIAGNOSTIC_ONLY,3.5732324420840143e-13,True,0.00012101561260807773,2.468787102691258,0.01843671895115162,False,0.0011961916765930677,河南,15,False,True,turn_4.one_turn.capital.household_illiquid_return_rah -> steady_state._post_turn_states.rah,0.09,0.02,False,0.7220262248652082,False,False,24,0,30,13,13,5,False,True,1.3,0.8,0.3658540451716592,False
7.289012363883023,11.975920080888946,4.686907717005923,10.35057742765509,101805153.6623069,42022000.0,0.0011917541738049042,101595119.62395005,101595119.62395005,0.9979369017107567,101595119.62395005,0.9979369017107567,101595119.62395005,0.9979369017107567,210034.03835684856,101805153.6623069,0.6637810158009245,591700.0,591700.0,42072079.893891625,0.8802875234846845,0.8802875234846845,0.8802875234846845,True,0.7380939146868483,0.0,0.0,101595119.62395005,CONTINUED_TO_HOUSEHOLD_BATCH,5673929.54902192,True,True,5648185.358031786,75874218.59079626,0.09,101805153.6623069,1.0,9.589199846242893,5673929.54902192,0.27427418459831454,0.09,0.27726418101485956,0.6637810158009245,1.7652798224421906,1.3,C1_RESIDUAL_LEVEL__NO_C0_ACTION,HJB_CONVERGED,True,25,2.347710914563095e-10,0.6637810158009245,17.644839072050946,0.08512260113770154,0.02,DIAGNOSTIC_ONLY,1.725236706967559e-17,True,0.11774477773404277,4.230558609087339,0.01612740276035929,False,0.0020630982892432203,湖北,16,False,True,turn_4.one_turn.capital.household_illiquid_return_rah -> steady_state._post_turn_states.rah,0.09,0.02,False,0.8802875234846845,False,False,24,0,30,13,13,5,False,True,1.3,0.8,0.4455022974168056,False
7.293164887977104,11.976768871955546,4.683603983978442,10.143699176102414,93791807.14892803,36329700.0,0.0011914482804142867,93578756.61558743,93578756.61558743,0.9977284739486647,93578756.61558743,0.9977284739486647,93578756.61558743,0.9977284739486647,213050.53334061045,93791807.14892803,0.6646134555950775,663500.0,663500.0,36372984.958592966,0.808040038971029,0.808040038971029,0.808040038971029,True,0.7380939146868483,0.0,0.0,93578756.61558743,CONTINUED_TO_HOUSEHOLD_BATCH,5686731.850342813,True,True,5660936.175584491,63695503.26487011,0.09,93791807.14892803,1.0,8.570809118828656,5686731.850342813,0.2558453821234574,0.09,0.2598566467772512,0.6646134555950775,1.5207924508483763,1.3,C1_RESIDUAL_LEVEL__NO_C0_ACTION,HJB_CONVERGED,True,92,9.777448584102899e-08,0.6646134555950775,17.31392718225711,0.08720613455511039,0.02,DIAGNOSTIC_ONLY,2.46901633795156e-17,True,0.11676125412766171,4.283526769542233,0.015846669032845817,False,0.0022715260513353425,湖南,17,False,True,turn_4.one_turn.capital.household_illiquid_return_rah -> steady_state._post_turn_states.rah,0.09,0.02,False,0.808040038971029,False,False,24,0,30,13,13,5,False,True,1.3,0.8,0.4289552151375542,False
7.299174338075586,11.97897430928035,4.679799971204765,9.823986268404251,191259406.86816654,99945200.0,0.0011935649887335753,191054372.16921228,191054372.16921228,0.9989279758715576,191054372.16921228,0.9989279758715576,191054372.16921228,0.9989279758715576,205034.69895424694,191259406.86816654,0.6695809421003264,1234800.0,1234800.0,100064491.09151196,1.3252923309010156,1.3252923309010156,1.3252923309010156,True,0.7380939146868483,0.0,0.0,191054372.16921228,CONTINUED_TO_HOUSEHOLD_BATCH,5500527.313050909,True,True,5475532.083283294,147628626.0448967,0.09,191259406.86816654,1.0,4.454589660715022,5500527.313050909,0.35344170532263514,0.09,0.37821642962401963,0.6695809421003264,4.6665168051122,1.3,C1_RESIDUAL_LEVEL__NO_C0_ACTION,HJB_CONVERGED,True,14,1.6236776367861694e-09,0.6695809421003264,16.630674541121266,0.08628811405436472,0.02,DIAGNOSTIC_ONLY,1.1275702593849246e-17,True,0.12164545862559287,4.166485163510142,0.018829958561130677,False,0.0010720241284423494,广东,18,False,True,turn_4.one_turn.capital.household_illiquid_return_rah -> steady_state._post_turn_states.rah,0.09,0.02,False,1.3252923309010156,False,False,24,0,30,13,13,5,False,True,1.3,0.8,0.32218775062581406,False
7.307292181657594,11.981287505058026,4.6739953234004314,9.431933020215734,67306708.83876626,19627800.0,0.001176616452090995,67091759.794330716,67091759.794330716,0.9968064246767665,67091759.794330716,0.9968064246767665,67091759.794330716,0.9968064246767665,214949.0444355444,67306708.83876626,0.6738076944082548,494700.0,494700.0,19650894.39239835,0.5577680812178123,0.5577680812178123,0.5577680812178123,True,0.7380939146868483,0.0,0.0,67091759.794330716,CONTINUED_TO_HOUSEHOLD_BATCH,5684071.129998951,True,True,5658607.585372502,37159046.07632847,0.09,67306708.83876626,1.0,11.489935577115325,5684071.129998951,0.18660754695040133,0.09,0.1849471381639978,0.6738076944082548,0.777106302087859,0.8,C1_RESIDUAL_LEVEL__NO_C0_ACTION,HJB_CONVERGED,True,13,6.742116065439063e-08,0.6738076944082548,15.894957735764963,0.08756573593359257,0.02,DIAGNOSTIC_ONLY,1.2332799712022613e-17,True,0.1241777185251568,4.133960435137262,0.013755192361911472,False,0.0031935753232334757,广西,19,False,True,turn_4.one_turn.capital.household_illiquid_return_rah -> steady_state._post_turn_states.rah,0.09,0.02,False,0.5577680812178123,False,False,24,0,30,13,13,5,True,False,1.3,0.8,0.4711679532344989,False
7.316989653314744,11.98538562687744,4.668395973562696,9.00460658512956,14673330.466888333,4910700.0,0.001189244573427839,14455805.901439685,14455805.901439685,0.9851755151334245,14455805.901439685,0.9851755151334245,14455805.901439685,0.9851755151334245,217524.56544864827,14673330.466888333,0.6807825257499877,98200.0,98200.0,4916540.023326732,0.43879672932908664,0.43879672932908664,0.43879672932908664,True,0.7380939146868483,0.0,0.0,14455805.901439685,CONTINUED_TO_HOUSEHOLD_BATCH,5239595.624240778,True,True,5215872.045792459,13899136.687979544,0.09,14673330.466888333,1.0,53.35637091894886,5239595.624240778,0.21831735716842074,0.09,0.18327902459854364,0.6807825257499877,0.1821283936919752,0.8,C1_RESIDUAL_LEVEL__NO_C0_ACTION,HJB_CONVERGED,True,13,4.658018726289015e-08,0.6807825257499877,15.006652158993242,0.08665916567159612,0.02,DIAGNOSTIC_ONLY,1.5099497818405942e-17,True,0.13111659886051563,3.9867815367270794,0.004710995851411437,False,0.014824484866575565,海南,20,False,True,turn_4.one_turn.capital.household_illiquid_return_rah -> steady_state._post_turn_states.rah,0.09,0.02,False,0.43879672932908664,False,False,24,0,30,13,13,5,True,False,1.3,0.8,0.6462701149216896,False
7.296071607893659,11.978040008619264,4.681968400725605,9.980588386395125,50663834.63130832,21588800.0,0.0011574665866382894,50449122.08538053,50449122.08538053,0.9957620154990183,50449122.08538053,0.9957620154990183,50449122.08538053,0.9957620154990183,214712.5459277854,50663834.63130832,0.6678238157820914,316300.0,316300.0,21613788.31464562,0.7557652302563093,0.7557652302563093,0.7557652302563093,True,0.7380939146868483,0.0,0.0,50449122.08538053,CONTINUED_TO_HOUSEHOLD_BATCH,5707446.484795716,True,True,5682293.197544036,46001278.200945064,0.09,50663834.63130832,1.0,18.04440874105506,5707446.484795716,0.28412240429625,0.09,0.275078352572296,0.6678238157820914,0.8664561499650567,0.8664561499650567,C1_RESIDUAL_LEVEL__NO_C0_ACTION,HJB_CONVERGED,True,14,8.575374188524165e-09,0.6678238157820914,16.931323018927102,0.08592933647593602,0.02,DIAGNOSTIC_ONLY,1.7454625108366345e-17,True,0.12046007634938935,4.185624357078466,0.01116093925315309,False,0.004237984500981716,重庆,21,False,True,turn_4.one_turn.capital.household_illiquid_return_rah -> steady_state._post_turn_states.rah,0.09,0.02,False,0.7557652302563093,False,False,24,0,30,13,13,5,False,False,1.3,0.8,0.5301480924023199,False
8.979562699012813,9.365214774823702,0.38565207581088917,10.248581705457006,94830047.41899477,42902100.0,0.0011434034997579445,94614378.37450194,94614378.37450194,0.9977257309221842,94614378.37450194,0.9977257309221842,94614378.37450194,0.9977257309221842,215669.04449283212,94830047.41899477,0.6476219913654508,832100.0,832100.0,42951154.411286965,0.9496736569292947,0.9496736569292947,0.9496736569292947,True,0.7380939146868483,0.0,0.0,94614378.37450194,CONTINUED_TO_HOUSEHOLD_BATCH,5613489.58112955,True,True,5589050.123344706,70650857.697421,0.09,94830047.41899477,1.0,6.746171831666326,5613489.58112955,0.30282904057235094,0.09,0.31447883826905965,0.6476219913654508,1.8851175550427455,1.3,C1_RESIDUAL_LEVEL__NO_C0_ACTION,HJB_NONCONVERGED_DIAGNOSTIC_ONLY,False,100,3.789946247368676,0.6476219913654508,16.850429721996303,0.08906236770976826,0.02,DIAGNOSTIC_ONLY,5.57134930971873e-16,True,1.2540644141136194e-07,2.1724323395154737,0.016305407764579227,False,0.0022742690778158664,四川,22,False,True,turn_4.one_turn.capital.household_illiquid_return_rah -> steady_state._post_turn_states.rah,0.09,0.02,False,0.9496736569292947,False,False,24,0,30,13,13,5,False,True,1.3,0.8,0.3920646427926546,False
6.572779207284154,11.365984995459652,4.793205788175497,9.418918943729157,39447014.665611394,15353200.0,0.0011696451570661903,39228736.73056887,39228736.73056887,0.9944665537584315,39228736.73056887,0.9944665537584315,39228736.73056887,0.9944665537584315,218277.93504251927,39447014.665611394,0.6427840073143538,382200.0,382200.0,15371157.79602547,0.6452401229108993,0.6452401229108993,0.6452401229108993,True,0.7380939146868483,0.0,0.0,39228736.73056887,CONTINUED_TO_HOUSEHOLD_BATCH,5750771.409048879,True,True,5725161.269117723,31193832.50437616,0.09,39447014.665611394,1.0,15.0464976688877,5750771.409048879,0.25735944428192353,0.09,0.2507627210405564,0.6427840073143538,0.6103584688927971,0.8,C1_RESIDUAL_LEVEL__NO_C0_ACTION,HJB_NONCONVERGED_DIAGNOSTIC_ONLY,False,100,0.7719060985133999,0.6427840073143538,16.437425030495017,0.08979025252500024,0.02,DIAGNOSTIC_ONLY,1.2888054469141806e-15,True,1.8684883708016465e-11,3.526647072068247,0.008721662918147244,False,0.005533446241568358,贵州,23,False,True,turn_4.one_turn.capital.household_illiquid_return_rah -> steady_state._post_turn_states.rah,0.09,0.02,False,0.6452401229108993,False,False,24,0,30,13,13,5,True,False,1.3,0.8,0.5072372785912388,False
7.309025507238723,11.982213688624801,4.673188181386078,9.352214217303057,68611984.86091176,20880600.0,0.0011572040875797995,68397783.1997609,68397783.1997609,0.9968780722262287,68397783.1997609,0.9968780722262287,68397783.1997609,0.9968780722262287,214201.66115085914,68611984.86091176,0.6755241115347181,470300.0,470300.0,20904763.11567112,0.5861329189742354,0.5861329189742354,0.5861329189742354,True,0.7380939146868483,0.0,0.0,68397783.1997609,CONTINUED_TO_HOUSEHOLD_BATCH,5642426.002964254,True,True,5617564.891248364,39981691.95136511,0.09,68611984.86091176,1.0,11.99750372733203,5642426.002964254,0.19582419997684464,0.09,0.19318759916192257,0.6755241115347181,0.8335800663719899,0.8335800663719899,C1_RESIDUAL_LEVEL__NO_C0_ACTION,HJB_CONVERGED,True,13,2.586478720090213e-08,0.6755241115347181,15.708933720408012,0.08689884944486685,0.02,DIAGNOSTIC_ONLY,2.8311229229027735e-17,True,0.1262365676792181,4.083355717760327,0.013937341241814227,False,0.0031219277737713404,云南,24,False,True,turn_4.one_turn.capital.household_illiquid_return_rah -> steady_state._post_turn_states.rah,0.09,0.02,False,0.5861329189742354,False,False,24,0,30,13,13,5,False,False,1.3,0.8,0.47714160918701787,False
7.337663729212178,11.99611141708681,4.658447687874633,8.25484897592655,6325734.326183821,1548400.0,0.0011484038927509488,6107800.421793296,6107800.421793296,0.9655480465740647,6107800.421793296,0.9655480465740647,6107800.421793296,0.9655480465740647,217933.90439052548,6325734.326183821,0.6945300416717266,35400.0,35400.0,1550178.1885875354,0.2583007541870853,0.2583007541870853,0.2583007541870853,True,0.7380939146868483,0.0,0.0,6107800.421793296,CONTINUED_TO_HOUSEHOLD_BATCH,5174243.255474978,True,True,5151617.900398371,5706507.741170061,0.09,6325734.326183821,1.0,146.16506371398242,5174243.255474978,0.15347986978839828,0.09,0.10157566391785068,0.6945300416717266,0.044064387725393464,0.8,C1_RESIDUAL_LEVEL__NO_C0_ACTION,HJB_CONVERGED,True,14,1.4263092928956667e-09,0.6945300416717266,13.451985940954875,0.08467156359368697,0.02,DIAGNOSTIC_ONLY,2.027558447415634e-17,True,0.14610832654815775,3.701090827248113,0.03892180069820039,False,0.03445195342593534,西藏,25,False,True,turn_4.one_turn.capital.household_illiquid_return_rah -> steady_state._post_turn_states.rah,0.09,0.02,False,0.2583007541870853,False,False,24,0,30,13,13,5,True,False,1.3,0.8,0.7283490605990683,False
7.291227758718503,11.977079903268212,4.68585214454971,10.233343434954513,73897910.2910824,23941900.0,0.0011581714598833948,73686284.17185459,73686284.17185459,0.997136236756977,73686284.17185459,0.997136236756977,73686284.17185459,0.997136236756977,211626.11922780945,73897910.2910824,0.6662383173762589,393100.0,393100.0,23969628.82527538,0.6338518706666324,0.6338518706666324,0.6338518706666324,True,0.7380939146868483,0.0,0.0,73686284.17185459,CONTINUED_TO_HOUSEHOLD_BATCH,5724068.727430396,True,True,5698826.864640229,48228698.7936091,0.09,73897910.2910824,1.0,14.561355195701847,5724068.727430396,0.2101190458625686,0.09,0.20374463777773053,0.6662383173762589,0.9333563145845599,0.9333563145845599,C1_RESIDUAL_LEVEL__NO_C0_ACTION,HJB_CONVERGED,True,14,7.996336059967746e-08,0.6662383173762589,17.360707354511035,0.08403969760802892,0.02,DIAGNOSTIC_ONLY,1.2245356814372189e-17,True,0.12070761536068798,4.151833268607754,0.014152190198922332,False,0.002863763243022954,陕西,26,False,True,turn_4.one_turn.capital.household_illiquid_return_rah -> steady_state._post_turn_states.rah,0.09,0.02,False,0.6338518706666324,False,False,24,0,30,13,13,5,False,False,1.3,0.8,0.503000714826425,False
7.304287283939148,11.979622728072835,4.675335444133687,9.596216513957282,25177704.67938732,8104100.0,0.001286035899028315,24959214.500350535,24959214.500350535,0.9913220771385225,24959214.500350535,0.9913220771385225,24959214.500350535,0.9913220771385225,218490.17903678434,25177704.67938732,0.6695068057136083,251500.0,251500.0,8114522.163529315,0.4815843645010798,0.4815843645010798,0.4815843645010798,True,0.7380939146868483,0.0,0.0,24959214.500350535,CONTINUED_TO_HOUSEHOLD_BATCH,5432890.953617818,True,True,5406296.305700806,18099162.07364402,0.09,25177704.67938732,1.0,21.60195210186011,5432890.953617818,0.2087413531177964,0.09,0.1947689032757906,0.6695068057136083,0.3202865713121491,0.8,C1_RESIDUAL_LEVEL__NO_C0_ACTION,HJB_CONVERGED,True,53,2.6090851701354723e-09,0.6695068057136083,16.31914045224776,0.09,0.02,DIAGNOSTIC_ONLY,2.1507848621886483e-17,True,0.1185692647828498,4.285597476321251,0.00405439922032147,False,0.008677922861477503,甘肃,27,False,True,turn_4.one_turn.capital.household_illiquid_return_rah -> steady_state._post_turn_states.rah,0.09,0.02,False,0.4815843645010798,False,False,24,0,30,13,13,5,True,False,1.3,0.8,0.5516631029374739,False
7.322365858202314,11.998789058293543,4.676423200091229,9.160697091037704,17578407.529567722,2748000.0,0.0011469446341754175,17362252.471980624,17362252.471980624,0.9877033765872412,17362252.471980624,0.9877033765872412,17362252.471980624,0.9877033765872412,216155.05758709885,17578407.529567722,0.6891233660995996,58700.0,58700.0,2751151.803854714,0.2148591496990789,0.2148591496990789,0.2148591496990789,True,0.7380939146868483,0.0,0.0,17362252.471980624,CONTINUED_TO_HOUSEHOLD_BATCH,5242379.802622064,True,True,5219485.555553117,8901618.231548898,0.09,17578407.529567722,1.0,89.30800345182392,5242379.802622064,0.08894948345022702,0.08894948345022702,0.06716910717845667,0.6891233660995996,0.079919836572252,0.8,C1_RESIDUAL_LEVEL__NO_C0_ACTION,HJB_CONVERGED,True,25,1.6858070495118227e-10,0.6891233660995996,14.885685523582396,0.07643437394951831,0.02,DIAGNOSTIC_ONLY,2.4096393283490336e-17,True,0.15029325231788346,3.5244724572929904,0.0003621829686225597,False,0.012296623412758848,青海,28,False,False,turn_4.one_turn.capital.household_illiquid_return_rah -> steady_state._post_turn_states.rah,0.09,0.02,False,0.2148591496990789,False,False,24,0,30,13,13,5,True,False,1.3,0.8,0.6909380146068106,False
7.301099788595937,11.984760750453031,4.683660961857095,9.877366826039689,18640640.44456374,3510200.0,0.0011575928965634752,18424444.95489904,18424444.95489904,0.9884019280181036,18424444.95489904,0.9884019280181036,18424444.95489904,0.9884019280181036,216195.48966470078,18640640.44456374,0.6759111964240212,71000.0,71000.0,3514263.382585517,0.26155942331369575,0.26155942331369575,0.26155942331369575,True,0.7380939146868483,0.0,0.0,18424444.95489904,CONTINUED_TO_HOUSEHOLD_BATCH,5339861.344040977,True,True,5316325.480303146,10870170.958424918,0.09,18640640.44456374,1.0,75.2093147048025,5339861.344040977,0.11216951310750972,0.09,0.0866542279841217,0.6759111964240212,0.1073382650282816,0.8,C1_RESIDUAL_LEVEL__NO_C0_ACTION,HJB_CONVERGED,True,46,1.7474413027684932e-09,0.6759111964240212,16.419768591054325,0.07895859216426679,0.02,DIAGNOSTIC_ONLY,1.587000929975657e-17,True,0.13421438668785102,3.8201069892060264,0.0006017204222101835,False,0.011598071981896467,宁夏,29,False,True,turn_4.one_turn.capital.household_illiquid_return_rah -> steady_state._post_turn_states.rah,0.09,0.02,False,0.26155942331369575,False,False,24,0,30,13,13,5,True,False,1.3,0.8,0.6767057853987302,False
7.34772554313173,12.002405174308791,4.654679631177061,7.955845416322962,49250553.031937115,12809400.0,0.0011357639471545333,49036873.201658785,49036873.201658785,0.9956613719618587,49036873.201658785,0.9956613719618587,49036873.201658785,0.9956613719618587,213679.8302783308,49250553.031937115,0.70085222108938,252000.0,252000.0,12823948.454704681,0.4641884129597547,0.4641884129597547,0.4641884129597547,True,0.7380939146868483,0.0,0.0,49036873.201658785,CONTINUED_TO_HOUSEHOLD_BATCH,5416677.189695424,True,True,5393251.728994618,28574706.496065523,0.09,49250553.031937115,1.0,21.49475075275962,5416677.189695424,0.16391468488987385,0.09,0.1528716395978647,0.70085222108938,0.493218144785091,0.8,C1_RESIDUAL_LEVEL__NO_C0_ACTION,HJB_NONCONVERGED_DIAGNOSTIC_ONLY,False,100,0.6996770202314857,0.70085222108938,12.826579818746428,0.08353289813421869,0.02,DIAGNOSTIC_ONLY,2.9917695203141467e-16,True,9.400226428125697e-09,3.567717571332997,0.011335225564115259,False,0.004338628038141369,新疆,30,False,True,turn_4.one_turn.capital.household_illiquid_return_rah -> steady_state._post_turn_states.rah,0.09,0.02,False,0.4641884129597547,False,False,24,0,30,13,13,5,True,False,1.3,0.8,0.5512132922005543,False
7.326070462784397,11.997738799026553,4.671668336242155,8.904414525416822,58719043.066994764,33106000.0,0.01730089233574028,58510114.57463829,58510114.57463829,0.9964418954832405,58510114.57463829,0.9964418954832405,58510114.57463829,0.9964418954832405,208928.49235647256,58719043.066994764,0.6905692563586733,219200.0,219200.0,33678763.34166702,1.0441217708054498,1.026364744857471,1.0441217708054498,True,0.7380939146868483,0.0,0.0,58510114.57463829,CONTINUED_TO_HOUSEHOLD_BATCH,5962006.043985534,True,True,5609096.232559346,33144826.528710727,0.09,58719043.066994764,1.0,27.19893268241576,5962006.043985534,0.4104530770914862,0.09,0.43545307709148623,0.6905692563586733,1.5218150883859987,1.3,C1_RESIDUAL_LEVEL__NO_C0_ACTION,HJB_CONVERGED,True,25,5.311108353112104e-08,0.6905692563586733,14.479107762673172,0.07859417868868851,0.02,DIAGNOSTIC_ONLY,1.619190570047241e-17,True,0.14912608536783042,3.572264764694163,0.05459773760688991,False,0.003558104516759549,北京,0,False,True,turn_5.one_turn.capital.household_illiquid_return_rah -> steady_state._post_turn_states.rah,0.09,0.02,False,1.0441217708054498,True,False,31,0,31,12,13,6,False,True,1.3,0.8,0.016109205232792023,True
7.311244273253874,11.984770889648996,4.673526616395122,9.057316416719228,64593598.72309723,13362900.0,0.007581487299775147,64387439.54117061,64387439.54117061,0.996808365132118,64387439.54117061,0.996808365132118,64387439.54117061,0.996808365132118,206159.18192661207,64593598.72309723,0.7000944759747568,138300.0,138300.0,13261589.343361834,0.39033403284278095,0.39033403284278095,0.39033403284278095,True,0.7380939146868483,0.0,0.0,64387439.54117061,CONTINUED_TO_HOUSEHOLD_BATCH,5556564.415906449,True,True,5746135.5051227575,13378623.091801595,0.09,64593598.72309723,1.0,40.17761689014063,5556564.415906449,0.12352067033398617,0.09,0.14759210825415642,0.7000944759747568,0.608807829117163,0.8,C1_RESIDUAL_LEVEL__NO_C0_ACTION,HJB_CONVERGED,True,22,4.288228616644574e-08,0.7000944759747568,14.296642503709496,0.06490660663385923,0.02,DIAGNOSTIC_ONLY,2.327707384304641e-17,True,0.16539432267072557,3.0194085062076477,0.03916215267414169,False,0.0031916348678819495,天津,1,False,True,turn_5.one_turn.capital.household_illiquid_return_rah -> steady_state._post_turn_states.rah,0.09,0.02,False,0.39033403284278095,True,False,31,0,31,12,13,6,True,False,1.3,0.8,0.008747817143565317,False
7.321135835135847,11.987225146241641,4.666089311105795,8.836287313568823,113705229.18254791,32494600.0,0.014960984397352384,113496812.1988337,113496812.1988337,0.9981670413470641,113496812.1988337,0.9981670413470641,113496812.1988337,0.9981670413470641,208416.98371420402,113705229.18254791,0.6835489325554265,742600.0,742600.0,32980751.203598205,0.6267958200771254,0.6175565659297677,0.6267958200771254,True,0.7380939146868483,0.0,0.0,113496812.1988337,CONTINUED_TO_HOUSEHOLD_BATCH,5998569.216235223,True,True,5693371.183865953,32532766.13152534,0.09,113705229.18254791,1.0,8.077793181033158,5998569.216235223,0.18690017597146952,0.09,0.2119001759714695,0.6835489325554265,1.425272958181786,1.3,C1_RESIDUAL_LEVEL__NO_C0_ACTION,HJB_CONVERGED,True,13,1.0556362450842016e-08,0.6835489325554265,14.662949594367037,0.08640845698536795,0.02,DIAGNOSTIC_ONLY,3.762114290290517e-17,True,0.1338663705285288,3.9328102132308915,0.04452545167947386,False,0.0018329586529358404,河北,2,False,True,turn_5.one_turn.capital.household_illiquid_return_rah -> steady_state._post_turn_states.rah,0.09,0.02,False,0.6267958200771254,True,False,31,0,31,12,13,6,False,True,1.3,0.8,0.01377027303063394,True
7.323253565955861,11.988076495006812,4.664822929050951,8.750677314374654,53478727.38884524,15958100.0,0.009244000095300131,53266132.94120266,53266132.94120266,0.9960246913488273,53266132.94120266,0.9960246913488273,53266132.94120266,0.9960246913488273,212594.4476425812,53478727.38884524,0.6848363244837581,350200.0,350200.0,15810583.322079191,0.5350852628931684,0.5350852628931684,0.5350852628931684,True,0.7380939146868483,0.0,0.0,53266132.94120266,CONTINUED_TO_HOUSEHOLD_BATCH,5551469.612175723,True,True,5777500.841329675,15976706.709598582,0.09,53478727.38884524,1.0,15.852283301472651,5551469.612175723,0.19082984008233983,0.09,0.21582984008233982,0.6848363244837581,0.7377658533578791,0.8,C1_RESIDUAL_LEVEL__NO_C0_ACTION,HJB_CONVERGED,True,13,1.3305832879950685e-08,0.6848363244837581,14.494465010206287,0.08643618707707713,0.02,DIAGNOSTIC_ONLY,1.5886873751137235e-17,True,0.13502304653045358,3.9123480448807006,0.045533777308733425,False,0.003975308651172668,山西,3,False,True,turn_5.one_turn.capital.household_illiquid_return_rah -> steady_state._post_turn_states.rah,0.09,0.02,False,0.5350852628931684,True,False,31,0,31,12,13,6,True,False,1.3,0.8,0.010397849227562483,False
7.332173265230847,12.002382018282319,4.670208753051471,8.688899421979091,82165502.99427319,16140800.0,0.008566938391724954,81960805.53810833,81960805.53810833,0.9975087177865981,81960805.53810833,0.9975087177865981,81960805.53810833,0.9975087177865981,204697.45616484527,82165502.99427319,0.6985700106622535,242200.0,242200.0,16002522.760806846,0.3956521010369492,0.3956521010369492,0.3956521010369492,True,0.7380939146868483,0.0,0.0,81960805.53810833,CONTINUED_TO_HOUSEHOLD_BATCH,5487866.946049024,True,True,5696315.226109225,16159533.850897096,0.09,82165502.99427319,1.0,22.658410181870455,5487866.946049024,0.11588854542171695,0.09,0.14009058684462752,0.6985700106622535,0.7442671726105465,0.8,C1_RESIDUAL_LEVEL__NO_C0_ACTION,HJB_CONVERGED,True,25,1.975100083484449e-10,0.6985700106622535,13.881545155360207,0.07370799758098931,0.02,DIAGNOSTIC_ONLY,1.424366867002823e-17,True,0.16581394441827915,3.3021607095780556,0.04390541065104969,False,0.0024912822134018015,内蒙古,4,False,True,turn_5.one_turn.capital.household_illiquid_return_rah -> steady_state._post_turn_states.rah,0.09,0.02,False,0.3956521010369492,True,False,31,0,31,12,13,6,True,False,1.3,0.8,0.009716313078024452,False
7.339508029379965,11.999501357714642,4.659993328334678,8.262776103436785,90061052.78222083,23510500.0,0.0022556691394447492,89854203.71085237,89854203.71085237,0.9977032350280355,89854203.71085237,0.9977032350280355,89854203.71085237,0.9977032350280355,206849.07136845443,90061052.78222083,0.696615094629876,429100.0,429100.0,23457468.090697084,0.5406300280912503,0.5406300280912503,0.5406300280912503,True,0.7380939146868483,0.0,0.0,89854203.71085237,CONTINUED_TO_HOUSEHOLD_BATCH,5540942.942187706,True,True,5614121.517097215,23538214.127241947,0.09,90061052.78222083,1.0,12.912940904655573,5540942.942187706,0.16430928836636974,0.09,0.18930928836636973,0.696615094629876,1.0918405731791294,1.0918405731791294,C1_RESIDUAL_LEVEL__NO_C0_ACTION,HJB_CONVERGED,True,25,3.198488274236411e-08,0.696615094629876,13.386544148094137,0.08254977463162953,0.02,DIAGNOSTIC_ONLY,2.3497111840353733e-17,True,0.15061921801831504,3.602964334609953,0.019404713566674836,False,0.0022967649719645407,辽宁,5,False,True,turn_5.one_turn.capital.household_illiquid_return_rah -> steady_state._post_turn_states.rah,0.09,0.02,False,0.5406300280912503,True,False,31,0,31,12,13,6,False,False,1.3,0.8,0.003430423230427304,False
7.354248074449536,12.012802142316307,4.658554067866771,7.969076407156264,66308917.7271201,11253800.0,0.005031691009970252,66100952.760088764,66100952.760088764,0.9968636953495883,66100952.760088764,0.9968636953495883,66100952.760088764,0.9968636953495883,207964.96703134038,66308917.7271201,0.7060774502653393,248400.0,248400.0,11197174.355711997,0.3250442085976263,0.3250442085976263,0.3250442085976263,True,0.7380939146868483,0.0,0.0,66100952.760088764,CONTINUED_TO_HOUSEHOLD_BATCH,5440813.896744662,True,True,5572872.346487153,11267725.319912737,0.09,66308917.7271201,1.0,21.903437587538896,5440813.896744662,0.09716186557538983,0.09,0.12107301677697752,0.7060774502653393,0.5235876531894951,0.8,C1_RESIDUAL_LEVEL__NO_C0_ACTION,HJB_CONVERGED,True,26,6.416209785697902e-10,0.7060774502653393,12.666479088057121,0.07865803958255277,0.02,DIAGNOSTIC_ONLY,1.9801717299569603e-17,True,0.16584912837228266,3.339296920518837,0.029759424889243657,False,0.0031363046504118025,吉林,6,False,True,turn_5.one_turn.capital.household_illiquid_return_rah -> steady_state._post_turn_states.rah,0.09,0.02,False,0.3250442085976263,True,False,31,0,31,12,13,6,True,False,1.3,0.8,0.006261331564061168,False
8.16791073187394,10.122048205796098,1.9541374739221573,7.675979032717182,58424879.89838116,12846500.0,0.009196091923718175,58214200.40292432,58214200.40292432,0.9963940106368507,58214200.40292432,0.9963940106368507,58214200.40292432,0.9963940106368507,210679.4954568396,58424879.89838116,0.6608279783571441,332700.0,332700.0,12728362.405101955,0.4078142770946205,0.4078142770946205,0.4078142770946205,True,0.7380939146868483,0.0,0.0,58214200.40292432,CONTINUED_TO_HOUSEHOLD_BATCH,5332846.119394869,True,True,5550290.848948388,12862291.705935586,0.09,58424879.89838116,1.0,16.028993445731494,5332846.119394869,0.13258795674630436,0.09,0.1573452050073132,0.6608279783571441,0.6116827782455097,0.8,C1_RESIDUAL_LEVEL__NO_C0_ACTION,HJB_CONVERGED,True,16,2.720118796872839e-09,0.6608279783571441,11.732072406046589,0.08488119788079496,0.02,DIAGNOSTIC_ONLY,1.0272815584300155e-17,True,0.0006562442004435347,0.8108426091216651,0.045848735677865626,False,0.0036059893631493305,黑龙江,7,False,True,turn_5.one_turn.capital.household_illiquid_return_rah -> steady_state._post_turn_states.rah,0.09,0.02,False,0.4078142770946205,True,False,31,0,31,12,13,6,True,False,1.3,0.8,0.010412553524332457,False
7.326102313179554,11.997690034219126,4.671587721039572,8.900776970996404,66125294.30800852,36011800.0,0.017073875062236565,65917278.881718926,65917278.881718926,0.9968542230553913,65917278.881718926,0.9968542230553913,65917278.881718926,0.9968542230553913,208015.42628959328,66125294.30800852,0.6905711950421186,247500.0,247500.0,36626660.97396625,1.0401872292607355,1.0227253445056632,1.0401872292607355,True,0.7380939146868483,0.0,0.0,65917278.881718926,CONTINUED_TO_HOUSEHOLD_BATCH,5962192.569248157,True,True,5614662.986336777,36055059.282807305,0.09,66125294.30800852,1.0,24.0896669464572,5962192.569248157,0.39435416171931736,0.09,0.4193541617193174,0.6905711950421186,1.650351836978275,1.3,C1_RESIDUAL_LEVEL__NO_C0_ACTION,HJB_CONVERGED,True,25,6.779692585112684e-08,0.6905711950421186,14.474064658488762,0.0786424087781942,0.02,DIAGNOSTIC_ONLY,1.5829351718288365e-17,True,0.1490695774312151,3.5737908865431125,0.053386285250419774,False,0.003145776944608627,上海,8,False,True,turn_5.one_turn.capital.household_illiquid_return_rah -> steady_state._post_turn_states.rah,0.09,0.02,False,1.0401872292607355,True,False,31,0,31,12,13,6,False,True,1.3,0.8,0.01585357790360109,True
7.318209743186831,11.991443920433912,4.673234177247081,9.112726172814249,203535217.25929242,93207600.0,0.014990068769443088,203342676.03442967,203342676.03442967,0.9990540151849129,203342676.03442967,0.9990540151849129,203342676.03442967,0.9990540151849129,192541.22486275688,203535217.25929242,0.685337581952523,844600.0,844600.0,94604788.33383475,1.177722327717545,1.1603289174497986,1.177722327717545,True,0.7380939146868483,0.0,0.0,203342676.03442967,CONTINUED_TO_HOUSEHOLD_BATCH,5847665.791333946,True,True,5550136.6328669535,93319710.87460974,0.09,203535217.25929242,1.0,6.923591985950682,5847665.791333946,0.32364717853036995,0.09,0.34864717853036997,0.685337581952523,4.306030889547381,1.3,C1_RESIDUAL_LEVEL__NO_C0_ACTION,HJB_CONVERGED,True,16,1.228988244506013e-08,0.685337581952523,14.967970073723825,0.08043022235196078,0.02,DIAGNOSTIC_ONLY,1.2704657268909484e-17,True,0.14172449511534477,3.7144794668144265,0.04388633260546004,False,0.0009459848150871609,江苏,9,False,True,turn_5.one_turn.capital.household_illiquid_return_rah -> steady_state._post_turn_states.rah,0.09,0.02,False,1.177722327717545,True,False,31,0,31,12,13,6,False,True,1.3,0.8,0.01377069696402855,True
7.3209094111205335,11.989692869838988,4.668783458718455,8.909524871703818,124249656.20818298,58002800.0,0.015380414988898528,124045645.58958909,124045645.58958909,0.9983580588886938,124045645.58958909,0.9983580588886938,124045645.58958909,0.9983580588886938,204010.61859388708,124249656.20818298,0.6853900964216859,627300.0,627300.0,58894907.13451808,1.0528820692037093,1.0369336001179625,1.0528820692037093,True,0.7380939146868483,0.0,0.0,124045645.58958909,CONTINUED_TO_HOUSEHOLD_BATCH,5901070.679350499,True,True,5592632.60769459,58072634.04683682,0.09,124249656.20818298,1.0,9.407094977443805,5901070.679350499,0.33066107252210475,0.09,0.35566107252210477,0.6853900964216859,2.657263839826592,1.3,C1_RESIDUAL_LEVEL__NO_C0_ACTION,HJB_CONVERGED,True,15,8.449752009198619e-10,0.6853900964216859,14.687988880945278,0.08335383622787247,0.02,DIAGNOSTIC_ONLY,1.4542964547208413e-17,True,0.1386380773923058,3.8068657434224034,0.04588850180762094,False,0.0016419411113062791,浙江,10,False,True,turn_5.one_turn.capital.household_illiquid_return_rah -> steady_state._post_turn_states.rah,0.09,0.02,False,1.0528820692037093,True,False,31,0,31,12,13,6,False,True,1.3,0.8,0.01415939023909396,True
7.319146635308549,11.984862700853526,4.665716065544978,8.89607822866637,70182433.35888097,34010900.0,0.01537105047853915,69968028.79494044,69968028.79494044,0.9969450394681507,69968028.79494044,0.9969450394681507,69968028.79494044,0.9969450394681507,214404.5639405185,70182433.35888097,0.680341013838379,607600.0,607600.0,34533683.26072054,0.9362747674973484,0.9221011048681041,0.9362747674973484,True,0.7380939146868483,0.0,0.0,69968028.79494044,CONTINUED_TO_HOUSEHOLD_BATCH,6018335.902865428,True,True,5703865.953880117,34051686.52676629,0.09,70182433.35888097,1.0,9.905095297671869,6018335.902865428,0.345174472897131,0.09,0.370174472897131,0.680341013838379,1.5317660148857084,1.3,C1_RESIDUAL_LEVEL__NO_C0_ACTION,HJB_CONVERGED,True,14,1.2258412063204105e-09,0.680341013838379,14.877724430073338,0.08895790152286001,0.02,DIAGNOSTIC_ONLY,1.657474071187215e-17,True,0.12864055544093983,4.065548502643101,0.04694191253547497,False,0.003054960531849207,安徽,11,False,True,turn_5.one_turn.capital.household_illiquid_return_rah -> steady_state._post_turn_states.rah,0.09,0.02,False,0.9362747674973484,True,False,31,0,31,12,13,6,False,True,1.3,0.8,0.014154856429075213,True
7.327038572486466,11.993675297089776,4.666636724603311,8.710471064207775,87795538.11850408,38687800.0,0.016120193362023416,87588594.47641443,87588594.47641443,0.9976428911249416,87588594.47641443,0.9976428911249416,87588594.47641443,0.9976428911249416,206943.6420896437,87795538.11850408,0.6895947292492168,410400.0,410400.0,39311454.81675129,0.9065463236115918,0.8921644600055767,0.9065463236115918,True,0.7380939146868483,0.0,0.0,87588594.47641443,CONTINUED_TO_HOUSEHOLD_BATCH,5940237.694769941,True,True,5614116.541814536,38734374.80334433,0.09,87795538.11850408,1.0,14.474263388815647,5940237.694769941,0.3090587359397937,0.09,0.33405873593979374,0.6895947292492168,1.751964975369857,1.3,C1_RESIDUAL_LEVEL__NO_C0_ACTION,HJB_CONVERGED,True,15,5.8902629440638066e-09,0.6895947292492168,14.252223310997238,0.08227444691205953,0.02,DIAGNOSTIC_ONLY,9.81256536303961e-18,True,0.14387715714344004,3.7050335686328912,0.04923240015787689,False,0.0023571088750582825,福建,12,False,True,turn_5.one_turn.capital.household_illiquid_return_rah -> steady_state._post_turn_states.rah,0.09,0.02,False,0.9065463236115918,True,False,31,0,31,12,13,6,False,True,1.3,0.8,0.014898394935682013,True
7.322419044006127,11.985978650716378,4.663559606710251,8.756097447367555,51050047.92908307,22716500.0,0.0014696796689837033,50834948.729463644,50834948.729463644,0.9957865034736454,50834948.729463644,0.9957865034736454,50834948.729463644,0.9957865034736454,215099.19961942852,51050047.92908307,0.6823212704706404,451300.0,451300.0,22683114.02179953,0.7893560257063097,0.7893560257063097,0.7893560257063097,True,0.7380939146868483,0.0,0.0,50834948.729463644,CONTINUED_TO_HOUSEHOLD_BATCH,5689984.087966956,True,True,5748389.235897523,22743864.516365018,0.09,51050047.92908307,1.0,12.60798601366487,5689984.087966956,0.3068148706340881,0.09,0.3318148706340881,0.6823212704706404,1.0563672104312927,1.0563672104312927,C1_RESIDUAL_LEVEL__NO_C0_ACTION,HJB_CONVERGED,True,14,1.7330124002512548e-09,0.6823212704706404,14.605070594331803,0.08911970920702914,0.02,DIAGNOSTIC_ONLY,1.3607623339265278e-17,True,0.13023772151036647,4.0369434616209325,0.014823804162914511,False,0.004213496526354623,江西,13,False,True,turn_5.one_turn.capital.household_illiquid_return_rah -> steady_state._post_turn_states.rah,0.09,0.02,False,0.7893560257063097,True,False,31,0,31,12,13,6,False,False,1.3,0.8,0.00267107177506154,False
7.317716931155194,11.988908892522476,4.671191961367282,9.055656202407347,210016973.07581103,66648899.99999999,0.01459240891741831,209822466.68983898,209822466.68983898,0.9990738539694035,209822466.68983898,0.9990738539694035,209822466.68983898,0.9990738539694035,194506.38597205508,210016973.07581103,0.6838840485388807,1007700.0,1007700.0,67621468.00269611,0.8208091277515377,0.8090038132922267,0.8208091277515377,True,0.7380939146868483,0.0,0.0,209822466.68983898,CONTINUED_TO_HOUSEHOLD_BATCH,5895320.3943959875,True,True,5603281.254454063,66727620.67847666,0.09,210016973.07581103,1.0,5.850273290062506,5895320.3943959875,0.21153069300820604,0.09,0.23653069300820603,0.6838840485388807,2.989981152666172,1.3,C1_RESIDUAL_LEVEL__NO_C0_ACTION,HJB_CONVERGED,True,15,1.3045164948266574e-10,0.6838840485388807,14.948262916094516,0.08264995684038133,0.02,DIAGNOSTIC_ONLY,2.412688646959149e-17,True,0.13793423374865588,3.809104070452534,0.04240804547201715,False,0.0009261460305965033,山东,14,False,True,turn_5.one_turn.capital.household_illiquid_return_rah -> steady_state._post_turn_states.rah,0.09,0.02,False,0.8208091277515377,True,False,31,0,31,12,13,6,False,True,1.3,0.8,0.013395462255823665,True
7.316256376861903,11.986092992471573,4.66983661560967,9.056153283036695,168320556.01470312,49935900.0,0.01452891237188636,168118156.864879,168118156.864879,0.9987975375401776,168118156.864879,0.9987975375401776,168118156.864879,0.9987975375401776,202399.14982411423,168320556.01470312,0.6813579844433221,986400.0,986400.0,50661414.31531128,0.7220262248652082,0.7116861984516236,0.7220262248652082,True,0.7380939146868483,0.0,0.0,168118156.864879,CONTINUED_TO_HOUSEHOLD_BATCH,5959179.287285942,True,True,5665117.830684119,49994389.29960312,0.09,168320556.01470312,1.0,6.041341532122812,5959179.287285942,0.19541227195292557,0.09,0.22041227195292556,0.6813579844433221,2.209125765793628,1.3,C1_RESIDUAL_LEVEL__NO_C0_ACTION,HJB_CONVERGED,True,13,6.776325722768206e-09,0.6813579844433221,15.052864925420158,0.08521866606394114,0.02,DIAGNOSTIC_ONLY,3.241764495731658e-17,True,0.13300372834421859,3.932034481260483,0.04241189409892676,False,0.0012024624598224014,河南,15,False,True,turn_5.one_turn.capital.household_illiquid_return_rah -> steady_state._post_turn_states.rah,0.09,0.02,False,0.7220262248652082,True,False,31,0,31,12,13,6,False,True,1.3,0.8,0.013341997473173661,True
7.316856210541307,11.986414961656015,4.6695587511147085,9.032866544997686,101805153.6623069,42022000.0,0.015453423073153782,101597371.47247823,101597371.47247823,0.9979590209104944,101597371.47247823,0.9979590209104944,101597371.47247823,0.9979590209104944,207782.18982867425,101805153.6623069,0.6817960679729744,591700.0,591700.0,42671383.744380064,0.8802875234846845,0.8668910887321597,0.8802875234846845,True,0.7380939146868483,0.0,0.0,101597371.47247823,CONTINUED_TO_HOUSEHOLD_BATCH,5988774.12457636,True,True,5673929.54902192,42072079.893891625,0.09,101805153.6623069,1.0,10.12130154567578,5988774.12457636,0.2867938992200322,0.09,0.3117938992200322,0.6817960679729744,1.8807601234779525,1.3,C1_RESIDUAL_LEVEL__NO_C0_ACTION,HJB_CONVERGED,True,13,7.080984687490854e-09,0.6817960679729744,15.002831335957747,0.08512260113770154,0.02,DIAGNOSTIC_ONLY,2.353358704893019e-17,True,0.1334982467712548,3.9217254923526106,0.04651921354571942,False,0.002040979089505614,湖北,16,False,True,turn_5.one_turn.capital.household_illiquid_return_rah -> steady_state._post_turn_states.rah,0.09,0.02,False,0.8802875234846845,True,False,31,0,31,12,13,6,False,True,1.3,0.8,0.014244692727336528,True
7.320566152265096,11.986439381348166,4.665873229083071,8.848964153791897,93791807.14892803,36329700.0,0.015205607353715012,93580996.59924592,93580996.59924592,0.9977523564574529,93580996.59924592,0.9977523564574529,93580996.59924592,0.9977523564574529,210810.54968211215,93791807.14892803,0.6826203435197742,663500.0,663500.0,36882115.15347826,0.808040038971029,0.7959373284760574,0.808040038971029,True,0.7380939146868483,0.0,0.0,93580996.59924592,CONTINUED_TO_HOUSEHOLD_BATCH,5996702.802196782,True,True,5686731.850342813,36372984.958592966,0.09,93791807.14892803,1.0,9.037984630289046,5996702.802196782,0.2665068220328921,0.09,0.29150682203289213,0.6826203435197742,1.6178381248949307,1.3,C1_RESIDUAL_LEVEL__NO_C0_ACTION,HJB_CONVERGED,True,14,2.469331406018682e-10,0.6826203435197742,14.718382017333912,0.08720613455511039,0.02,DIAGNOSTIC_ONLY,1.5827718971039406e-17,True,0.1322636115908957,3.9730087514206294,0.04573582487356942,False,0.002247643542547112,湖南,17,False,True,turn_5.one_turn.capital.household_illiquid_return_rah -> steady_state._post_turn_states.rah,0.09,0.02,False,0.808040038971029,True,False,31,0,31,12,13,6,False,True,1.3,0.8,0.013997481797682676,True
7.327655151258842,11.990048263113168,4.6623931118543265,8.581109984487185,191259406.86816654,99945200.0,0.014429222289843002,191056644.21773416,191056644.21773416,0.9989398552795254,191056644.21773416,0.9989398552795254,191056644.21773416,0.9989398552795254,202762.65043239252,191259406.86816654,0.6876274539282806,1234800.0,1234800.0,101387331.50760283,1.3252923309010156,1.30644139756687,1.3252923309010156,True,0.7380939146868483,0.0,0.0,191056644.21773416,CONTINUED_TO_HOUSEHOLD_BATCH,5783383.4196612295,True,True,5500527.313050909,100064491.09151196,0.09,191259406.86816654,1.0,4.68366004183773,5783383.4196612295,0.37723140536972233,0.09,0.40223140536972235,0.6876274539282806,4.72009522026897,1.3,C1_RESIDUAL_LEVEL__NO_C0_ACTION,HJB_CONVERGED,True,13,1.4995196195854987e-08,0.6876274539282806,14.153785289062156,0.08628811405436472,0.02,DIAGNOSTIC_ONLY,2.0227814746366942e-17,True,0.13776381069508392,3.861881924341719,0.04182483730793729,False,0.001060144720474612,广东,18,False,True,turn_5.one_turn.capital.household_illiquid_return_rah -> steady_state._post_turn_states.rah,0.09,0.02,False,1.3252923309010156,True,False,31,0,31,12,13,6,False,True,1.3,0.8,0.013219878516956385,True
7.337116380537378,11.993018129331192,4.655901748793815,8.20673483304265,67306708.83876626,19627800.0,0.0098688049328296,67093993.79350269,67093993.79350269,0.9968396160065837,67093993.79350269,0.9968396160065837,67093993.79350269,0.9968396160065837,212715.04526357053,67306708.83876626,0.6924892613057236,494700.0,494700.0,19434097.070539407,0.5577680812178123,0.5577680812178123,0.5577680812178123,True,0.7380939146868483,0.0,0.0,67093993.79350269,CONTINUED_TO_HOUSEHOLD_BATCH,5448334.616283912,True,True,5684071.129998951,19650894.39239835,0.09,67306708.83876626,1.0,11.013411393337199,5448334.616283912,0.18585148056402315,0.09,0.21085148056402314,0.6924892613057236,0.9242835035810981,0.9242835035810981,C1_RESIDUAL_LEVEL__NO_C0_ACTION,HJB_CONVERGED,True,13,1.7206188029916802e-08,0.6924892613057236,13.463852389897113,0.08756573593359257,0.02,DIAGNOSTIC_ONLY,1.9895109865109006e-17,True,0.1410631603100915,3.8218389811103886,0.048960780208039845,False,0.0031603839934163333,广西,19,False,True,turn_5.one_turn.capital.household_illiquid_return_rah -> steady_state._post_turn_states.rah,0.09,0.02,False,0.5577680812178123,True,False,31,0,31,12,13,6,False,False,1.3,0.8,0.011032440433999091,False
7.347695729595281,11.998665426306392,4.65096969671111,7.863957035395764,14673330.466888333,4910700.0,0.0175123543338076,14458029.499960814,14458029.499960814,0.9853270552712375,14458029.499960814,0.9853270552712375,14458029.499960814,0.9853270552712375,215300.96692751936,14673330.466888333,0.6992405189141596,98200.0,98200.0,4996697.918427029,0.43879672932908664,0.43124462072637787,0.43879672932908664,True,0.7380939146868483,0.0,0.0,14458029.499960814,CONTINUED_TO_HOUSEHOLD_BATCH,5573329.177109174,True,True,5239595.624240778,4916540.023326732,0.09,14673330.466888333,1.0,56.75487960396308,5573329.177109174,0.22358708755880236,0.09,0.24858708755880235,0.6992405189141596,0.23223439159368314,0.8,C1_RESIDUAL_LEVEL__NO_C0_ACTION,HJB_CONVERGED,True,14,2.329276060919483e-08,0.6992405189141596,12.761204642168083,0.08665916567159612,0.02,DIAGNOSTIC_ONLY,1.0164395367051604e-17,True,0.14858626829159075,3.687034380978877,0.061657048189012964,False,0.0146729447287625,海南,20,False,True,turn_5.one_turn.capital.household_illiquid_return_rah -> steady_state._post_turn_states.rah,0.09,0.02,False,0.43879672932908664,True,False,31,0,31,12,13,6,True,False,1.3,0.8,0.01630372064907104,True
7.325675891181129,11.989501100708006,4.663825209526877,8.664162718918279,50663834.63130832,21588800.0,0.004831000212484726,50451356.9596519,50451356.9596519,0.9958061273252872,50451356.9596519,0.9958061273252872,50451356.9596519,0.9958061273252872,212477.6716564172,50663834.63130832,0.6866623308545953,316300.0,316300.0,21484504.50261271,0.7557652302563093,0.7557652302563093,0.7557652302563093,True,0.7380939146868483,0.0,0.0,50451356.9596519,CONTINUED_TO_HOUSEHOLD_BATCH,5578191.612107559,True,True,5707446.484795716,21613788.31464562,0.09,50663834.63130832,1.0,17.635762289306225,5578191.612107559,0.2903112826731206,0.09,0.31531128267312064,0.6866623308545953,1.0161974596741075,1.0161974596741075,C1_RESIDUAL_LEVEL__NO_C0_ACTION,HJB_CONVERGED,True,13,1.3381650010302337e-08,0.6866623308545953,14.304148546651053,0.08592933647593602,0.02,DIAGNOSTIC_ONLY,2.223376783247813e-17,True,0.13721790265531472,3.8666004214759226,0.02770890177140317,False,0.004193872674712902,重庆,21,False,True,turn_5.one_turn.capital.household_illiquid_return_rah -> steady_state._post_turn_states.rah,0.09,0.02,False,0.7557652302563093,True,False,31,0,31,12,13,6,False,False,1.3,0.8,0.005981543362544417,False
7.3271389474430215,11.987802860784733,4.660663913341711,8.564240958702085,94830047.41899477,42902100.0,0.014766040117020207,94616078.77415079,94616078.77415079,0.9977436619439977,94616078.77415079,0.9977436619439977,94616078.77415079,0.9977436619439977,213968.64484398812,94830047.41899477,0.6853393304214829,832100.0,832100.0,43535594.129704416,0.9496736569292947,0.9358547875920058,0.9496736569292947,True,0.7380939146868483,1.4901161193847656e-08,-1.4901161193847656e-08,94616078.77415079,CONTINUED_TO_HOUSEHOLD_BATCH,5910771.083324947,True,True,5613489.58112955,42951154.411286965,0.09,94830047.41899478,1.0000000000000002,7.103438388805369,5910771.083324947,0.31902869762786984,0.09,0.34402869762786986,0.6853393304214829,1.9585310611242557,1.3,C1_RESIDUAL_LEVEL__NO_C0_ACTION,HJB_CONVERGED,True,13,2.0089932828426527e-08,0.6853393304214829,14.222493464622765,0.08906236770976826,0.02,DIAGNOSTIC_ONLY,1.9822353870881467e-17,True,0.1329874603831395,3.9845789431985996,0.044160756471903095,False,0.0022563380560023795,四川,22,False,True,turn_5.one_turn.capital.household_illiquid_return_rah -> steady_state._post_turn_states.rah,0.09,0.02,False,0.9496736569292947,True,False,31,0,31,12,13,6,False,True,1.3,0.8,0.013607078236385295,True
7.331550186776337,11.989040890750012,4.657490703973674,8.38511260420145,39447014.665611394,15353200.0,0.009435959041790176,39230980.77859769,39230980.77859769,0.9945234414100788,39230980.77859769,0.9945234414100788,39230980.77859769,0.9945234414100788,216033.88701370588,39447014.665611394,0.6875363853615072,382200.0,382200.0,15208327.833639586,0.6452401229108993,0.6452401229108993,0.6452401229108993,True,0.7380939146868483,0.0,0.0,39230980.77859769,CONTINUED_TO_HOUSEHOLD_BATCH,5521621.884188535,True,True,5750771.409048879,15371157.79602547,0.09,39447014.665611394,1.0,14.44694370535985,5521621.884188535,0.260284353213186,0.09,0.285284353213186,0.6875363853615072,0.7232016290119244,0.8,C1_RESIDUAL_LEVEL__NO_C0_ACTION,HJB_CONVERGED,True,13,2.232145801528418e-08,0.6875363853615072,13.89410623029383,0.08979025252500024,0.02,DIAGNOSTIC_ONLY,1.9813794702172594e-17,True,0.13429498883009744,3.970049437432243,0.04511493278993761,False,0.005476558589921307,贵州,23,False,True,turn_5.one_turn.capital.household_illiquid_return_rah -> steady_state._post_turn_states.rah,0.09,0.02,False,0.6452401229108993,True,False,31,0,31,12,13,6,True,False,1.3,0.8,0.010593213897523546,False
7.34018126478862,11.994982470746029,4.654801205957409,8.111564313176357,68611984.86091176,20880600.0,0.007642794102579287,68400021.0264567,68400021.0264567,0.9969106879084646,68400021.0264567,0.9969106879084646,68400021.0264567,0.9969106879084646,211963.83445505187,68611984.86091176,0.6947276976073944,470300.0,470300.0,20721013.873461682,0.5861329189742354,0.5861329189742354,0.5861329189742354,True,0.7380939146868483,0.0,0.0,68400021.0264567,CONTINUED_TO_HOUSEHOLD_BATCH,5455393.5489629675,True,True,5642426.002964254,20904763.11567112,0.09,68611984.86091176,1.0,11.599816178955916,5455393.5489629675,0.19590447098596805,0.09,0.22090447098596805,0.6947276976073944,0.9858534660375022,0.9858534660375022,C1_RESIDUAL_LEVEL__NO_C0_ACTION,HJB_CONVERGED,True,14,8.972667053797068e-10,0.6947276976073944,13.253316222030215,0.08689884944486685,0.02,DIAGNOSTIC_ONLY,1.696415481679756e-17,True,0.14390126652097524,3.765722790633548,0.04000220167084101,False,0.0030893120915353035,云南,24,False,True,turn_5.one_turn.capital.household_illiquid_return_rah -> steady_state._post_turn_states.rah,0.09,0.02,False,0.5861329189742354,True,False,31,0,31,12,13,6,False,False,1.3,0.8,0.00878982656692684,False
8.186286835365328,10.152791252400892,1.9665044170355643,7.465670315768147,6325734.326183821,1548400.0,0.017210414161292764,6110084.302926667,6110084.302926667,0.9659090925832082,6110084.302926667,0.9659090925832082,6110084.302926667,0.9659090925832082,215650.0232571543,6325734.326183821,0.664598258077558,35400.0,35400.0,1575048.6052873458,0.2583007541870853,0.2539305050273779,0.2583007541870853,True,0.7380939146868483,0.0,0.0,6110084.302926667,CONTINUED_TO_HOUSEHOLD_BATCH,5498437.2623760905,True,True,5174243.255474978,1550178.1885875354,0.09,6325734.326183821,1.0,155.32308650779916,5498437.2623760905,0.1551245546107586,0.09,0.1787606480624551,0.664598258077558,0.07297558059764983,0.8,C1_RESIDUAL_LEVEL__NO_C0_ACTION,HJB_CONVERGED,True,16,2.7356117371368782e-09,0.664598258077558,11.32979189143884,0.08467156359368697,0.02,DIAGNOSTIC_ONLY,1.1131706992816015e-17,True,0.14209606305747585,0.8030884422183877,0.07396221061348707,False,0.034090907416791764,西藏,25,False,True,turn_5.one_turn.capital.household_illiquid_return_rah -> steady_state._post_turn_states.rah,0.09,0.02,False,0.2583007541870853,True,False,31,0,31,12,13,6,True,False,1.3,0.8,0.016043585752210543,True
7.321053322539578,11.989123679266303,4.668070356726726,8.886046826356996,73897910.2910824,23941900.0,0.0013352551960247316,73688531.7963215,73688531.7963215,0.9971666520211984,73688531.7963215,0.9971666520211984,73688531.7963215,0.9971666520211984,209378.49476089905,73897910.2910824,0.6850654626086212,393100.0,393100.0,23909931.453622296,0.6338518706666324,0.6338518706666324,0.6338518706666324,True,0.7380939146868483,0.0,0.0,73688531.7963215,CONTINUED_TO_HOUSEHOLD_BATCH,5669827.604005604,True,True,5724068.727430396,23969628.82527538,0.09,73897910.2910824,1.0,14.423372180121099,5669827.604005604,0.21217229708322635,0.09,0.23717229708322635,0.6850654626086212,1.0968828034982612,1.0968828034982612,C1_RESIDUAL_LEVEL__NO_C0_ACTION,HJB_CONVERGED,True,14,3.080923960396831e-09,0.6850654626086212,14.66903831442521,0.08403969760802892,0.02,DIAGNOSTIC_ONLY,1.2468324983583301e-17,True,0.13762285514216396,3.8337759047486544,0.015233538610612607,False,0.0028333479788015836,陕西,26,False,True,turn_5.one_turn.capital.household_illiquid_return_rah -> steady_state._post_turn_states.rah,0.09,0.02,False,0.6338518706666324,True,False,31,0,31,12,13,6,False,False,1.3,0.8,0.002490542181034283,False
7.333366359156454,11.989608016231138,4.656241657074684,8.313605062254053,25177704.67938732,8104100.0,0.008371743034357282,24961434.046630796,24961434.046630796,0.9914102323658764,24961434.046630796,0.9914102323658764,24961434.046630796,0.9914102323658764,216270.6327565222,25177704.67938732,0.6885047393855533,251500.0,251500.0,8171945.442724735,0.4815843645010798,0.4815843645010798,0.4815843645010798,True,0.7380939146868483,0.0,0.0,24961434.046630796,CONTINUED_TO_HOUSEHOLD_BATCH,5581155.726979171,True,True,5432890.953617818,8114522.163529315,0.09,25177704.67938732,1.0,22.19147406353547,5581155.726979171,0.21248784347815872,0.09,0.2374878434781587,0.6885047393855533,0.3801608089366302,0.8,C1_RESIDUAL_LEVEL__NO_C0_ACTION,HJB_CONVERGED,True,13,2.258360298768025e-08,0.6885047393855533,13.760233463667745,0.09,0.02,DIAGNOSTIC_ONLY,2.008484524529397e-17,True,0.13497692289584914,3.9603001947196472,0.024990399522656803,False,0.008589767634123547,甘肃,27,False,True,turn_5.one_turn.capital.household_illiquid_return_rah -> steady_state._post_turn_states.rah,0.09,0.02,False,0.4815843645010798,True,False,31,0,31,12,13,6,True,False,1.3,0.8,0.007076606365499671,False
7.351825853712473,12.00953418701319,4.657708333300716,7.927303747052465,17578407.529567722,2748000.0,0.017464434269528484,17364481.413129807,17364481.413129807,0.9878301765345876,17364481.413129807,0.9878301765345876,17364481.413129807,0.9878301765345876,213926.11643791653,17578407.529567722,0.7083052529573516,58700.0,58700.0,2795992.265372664,0.2148591496990789,0.2111711647722934,0.2148591496990789,True,0.7380939146868483,0.0,0.0,17364481.413129807,CONTINUED_TO_HOUSEHOLD_BATCH,5576187.519758046,True,True,5242379.802622064,2751151.803854714,0.08894948345022702,17578407.529567722,1.0,94.99467665686619,5576187.519758046,0.09007885362354881,0.09,0.11338667554171364,0.7083052529573516,0.12683471730771112,0.8,C1_RESIDUAL_LEVEL__NO_C0_ACTION,HJB_CONVERGED,True,27,6.314753164815556e-10,0.7083052529573516,12.528566798316852,0.07643437394951831,0.02,DIAGNOSTIC_ONLY,1.7092911524934592e-17,True,0.17287503579876043,3.2464177522348203,0.059999302624006434,False,0.01216982346541247,青海,28,False,True,turn_5.one_turn.capital.household_illiquid_return_rah -> steady_state._post_turn_states.rah,0.09,0.02,False,0.2148591496990789,True,False,31,0,31,12,13,6,True,False,1.3,0.8,0.01629879581894489,True
7.335024037902542,12.00202757425508,4.6670035363525395,8.574856568676989,18640640.44456374,3510200.0,0.01756013922994981,18426675.163355768,18426675.163355768,0.9885215702837951,18426675.163355768,0.9885215702837951,18426675.163355768,0.9885215702837951,213965.28120797288,18640640.44456374,0.6954295997498265,71000.0,71000.0,3571839.60072497,0.26155942331369575,0.25704566563666087,0.26155942331369575,True,0.7380939146868483,0.0,0.0,18426675.163355768,CONTINUED_TO_HOUSEHOLD_BATCH,5681685.613748837,True,True,5339861.344040977,3514263.382585517,0.09,18640640.44456374,1.0,80.02374103871601,5681685.613748837,0.11362525438937925,0.09,0.13714675563504017,0.6954295997498265,0.15966257648626428,0.8,C1_RESIDUAL_LEVEL__NO_C0_ACTION,HJB_CONVERGED,True,26,6.170099986491095e-10,0.6954295997498265,13.850228281530491,0.07895859216426679,0.02,DIAGNOSTIC_ONLY,1.451475658414969e-17,True,0.15375326054575877,3.508514693103805,0.059936349044193094,False,0.011478429716204983,宁夏,29,False,True,turn_5.one_turn.capital.household_illiquid_return_rah -> steady_state._post_turn_states.rah,0.09,0.02,False,0.26155942331369575,True,False,31,0,31,12,13,6,True,False,1.3,0.8,0.01638358081661284,True
8.199444944684101,10.170526513729575,1.971081569045474,7.13587612396545,49250553.031937115,12809400.0,0.008841761181420327,49039650.34461869,49039650.34461869,0.9957177600182142,49039650.34461869,0.9957177600182142,49039650.34461869,0.9957177600182142,210902.68731842158,49250553.031937115,0.6714955563093321,252000.0,252000.0,12696142.344322715,0.4641884129597547,0.4641884129597547,0.4641884129597547,True,0.7380939146868483,0.0,0.0,49039650.34461869,CONTINUED_TO_HOUSEHOLD_BATCH,5213435.689016672,True,True,5416677.189695424,12823948.454704681,0.09,49250553.031937115,1.0,20.68823686117727,5213435.689016672,0.16202780205792813,0.09,0.18702780205792813,0.6714955563093321,0.6269417986229171,0.8,C1_RESIDUAL_LEVEL__NO_C0_ACTION,HJB_CONVERGED,True,16,2.680709432212325e-09,0.6714955563093321,10.694698203984363,0.08353289813421869,0.02,DIAGNOSTIC_ONLY,6.749158523722265e-18,True,0.0006477654929286857,0.7835583606092158,0.04366320250978051,False,0.004282239981785772,新疆,30,False,True,turn_5.one_turn.capital.household_illiquid_return_rah -> steady_state._post_turn_states.rah,0.09,0.02,False,0.4641884129597547,True,False,31,0,31,12,13,6,True,False,1.3,0.8,0.009966205871256295,False
7.3216337544341865,11.995404142864155,4.673770388429968,9.065993024711224,58719043.066994764,33106000.0,0.002212266062906254,58510816.45299366,58510816.45299366,0.9964538486473029,58510816.45299366,0.9964538486473029,58510816.45299366,0.9964538486473029,208226.61400110554,58719043.066994764,0.6880679132529891,219200.0,219200.0,33032760.719721425,1.026364744857471,1.026364744857471,1.026364744857471,True,0.7380939146868483,0.0,0.0,58510816.45299366,CONTINUED_TO_HOUSEHOLD_BATCH,5911802.997153431,True,True,5962006.043985534,33678763.34166702,0.09,58719043.066994764,1.0,26.96990418409412,5911802.997153431,0.40517202618666104,0.09,0.43017202618666106,0.6880679132529891,1.5161254765995467,1.3,C1_RESIDUAL_LEVEL__NO_C0_ACTION,HJB_CONVERGED,True,25,2.573769641855961e-09,0.6880679132529891,14.79635488973063,0.07859339588088797,0.02,DIAGNOSTIC_ONLY,1.6965403510973842e-17,True,0.14656177009276183,3.6115716248783354,0.014278480134037208,False,0.0035461513526971475,北京,0,False,True,turn_6.one_turn.capital.household_illiquid_return_rah -> steady_state._post_turn_states.rah,0.09,0.02,False,1.026364744857471,True,False,31,0,30,12,13,7,False,True,1.3,0.8,0.019181304710982783,False
7.308334736418461,11.984115459704855,4.675780723286394,9.214072490117408,64593598.72309723,13362900.0,0.010216479818661917,64388141.842076935,64388141.842076935,0.996819237740553,64388141.842076935,0.996819237740553,64388141.842076935,0.996819237740553,205456.88102029628,64593598.72309723,0.6978953962028609,138300.0,138300.0,13226378.201831203,0.39033403284278095,0.3943630348293412,0.39033403284278095,True,0.7380939146868483,0.0,0.0,64388141.842076935,CONTINUED_TO_HOUSEHOLD_BATCH,5500444.10725425,True,True,5556564.415906449,13261589.343361834,0.09,64593598.72309723,1.0,39.771830131990235,5500444.10725425,0.12339872780052819,0.09,0.14839872780052818,0.6978953962028609,0.6183806160143018,0.8,C1_RESIDUAL_LEVEL__NO_C0_ACTION,HJB_CONVERGED,True,25,1.1165730562368026e-08,0.6978953962028609,14.591051968179857,0.0649048944748284,0.02,DIAGNOSTIC_ONLY,1.9444601990504636e-17,True,0.16365271849555818,3.048530682162708,0.025664255506835376,False,0.0031807622594470725,天津,1,False,True,turn_6.one_turn.capital.household_illiquid_return_rah -> steady_state._post_turn_states.rah,0.09,0.02,False,0.39033403284278095,True,False,31,0,30,12,13,7,True,False,1.3,0.8,0.0026551222948444364,True
7.315901577258914,11.985119183347491,4.669217606088577,9.053720042969507,113705229.18254791,32494600.0,0.0022596771727998455,113497512.90865041,113497512.90865041,0.9981732038588654,113497512.90865041,0.9981732038588654,113497512.90865041,0.9981732038588654,207716.2738974984,113705229.18254791,0.6802842228997982,742600.0,742600.0,32421172.69414074,0.6175565659297677,0.6175565659297677,0.6175565659297677,True,0.7380939146868483,0.0,0.0,113497512.90865041,CONTINUED_TO_HOUSEHOLD_BATCH,5946979.237026745,True,True,5998569.216235223,32980751.203598205,0.09,113705229.18254791,1.0,8.008321084065104,5946979.237026745,0.1837230716014789,0.09,0.2087230716014789,0.6802842228997982,1.4160821141372357,1.3,C1_RESIDUAL_LEVEL__NO_C0_ACTION,HJB_CONVERGED,True,13,2.6030887223527088e-08,0.6802842228997982,15.094612223050138,0.08640820965230192,0.02,DIAGNOSTIC_ONLY,2.0430706815546995e-17,True,0.13090195395652318,3.9873055743717765,0.009782799660599473,False,0.0018267961411345523,河北,2,False,True,turn_6.one_turn.capital.household_illiquid_return_rah -> steady_state._post_turn_states.rah,0.09,0.02,False,0.6175565659297677,True,False,31,0,30,12,13,7,False,True,1.3,0.8,0.01696682122256865,False
7.31860733161921,11.98617975218432,4.667572420565109,8.939681849767215,53478727.38884524,15958100.0,0.011926485604281,53266836.93364473,53266836.93364473,0.9960378553203061,53266836.93364473,0.9960378553203061,53266836.93364473,0.9960378553203061,211890.4552005157,53478727.38884524,0.6819585079587345,350200.0,350200.0,15767775.950078323,0.5350852628931684,0.541543979367176,0.5350852628931684,True,0.7380939146868483,0.0,0.0,53266836.93364473,CONTINUED_TO_HOUSEHOLD_BATCH,5494298.619864918,True,True,5551469.612175723,15810583.322079191,0.09,53478727.38884524,1.0,15.68903089624477,5494298.619864918,0.19165207202830767,0.09,0.21665207202830766,0.6819585079587345,0.7482825462830621,0.8,C1_RESIDUAL_LEVEL__NO_C0_ACTION,HJB_CONVERGED,True,13,9.683449908592934e-08,0.6819585079587345,14.86908359915757,0.08643594165068705,0.02,DIAGNOSTIC_ONLY,2.868957385242932e-17,True,0.13238944180837986,3.9601396804370244,0.028319139161741447,False,0.003962144679693938,山西,3,False,True,turn_6.one_turn.capital.household_illiquid_return_rah -> steady_state._post_turn_states.rah,0.09,0.02,False,0.5350852628931684,True,False,31,0,30,12,13,7,True,False,1.3,0.8,0.002707513766496361,True
7.328976164598545,12.001912362119267,4.6729361975207215,8.863029536497544,82165502.99427319,16140800.0,0.011236775576800362,81961506.81656806,81961506.81656806,0.9975172527365975,81961506.81656806,0.9975172527365975,81961506.81656806,0.9975172527365975,203996.177705126,82165502.99427319,0.6960619287236302,242200.0,242200.0,15959429.45276998,0.3956521010369492,0.4001484797007443,0.3956521010369492,True,0.7380939146868483,0.0,0.0,81961506.81656806,CONTINUED_TO_HOUSEHOLD_BATCH,5431654.693764442,True,True,5487866.946049024,16002522.760806846,0.09,82165502.99427319,1.0,22.42631995773923,5431654.693764442,0.11555376147919558,0.09,0.14055376147919557,0.6960619287236302,0.7544558017104638,0.8,C1_RESIDUAL_LEVEL__NO_C0_ACTION,HJB_CONVERGED,True,25,4.497433536698736e-10,0.6960619287236302,14.210627281644454,0.07370688177208487,0.02,DIAGNOSTIC_ONLY,1.7191093746198666e-17,True,0.16262149103958493,3.3371199666180065,0.02763749123389414,False,0.002482747263402553,内蒙古,4,False,True,turn_6.one_turn.capital.household_illiquid_return_rah -> steady_state._post_turn_states.rah,0.09,0.02,False,0.3956521010369492,True,False,31,0,30,12,13,7,True,False,1.3,0.8,0.0026929071547650008,True
7.334145023765974,11.996827614871659,4.662682591105684,8.446059155082214,90061052.78222083,23510500.0,0.004091432699733222,89854903.15127844,89854903.15127844,0.9977110013199503,89854903.15127844,0.9977110013199503,89854903.15127844,0.9977110013199503,206149.63094238524,90061052.78222083,0.6935655742753838,429100.0,429100.0,23606691.628487077,0.5406300280912503,0.5406300280912503,0.5406300280912503,True,0.7380939146868483,0.0,0.0,89854903.15127844,CONTINUED_TO_HOUSEHOLD_BATCH,5676738.250831212,True,True,5540942.942187706,23457468.090697084,0.09,90061052.78222083,1.0,13.229406317481267,5676738.250831212,0.16658060628144933,0.09,0.19158060628144932,0.6935655742753838,1.0785087116176404,1.0785087116176404,C1_RESIDUAL_LEVEL__NO_C0_ACTION,HJB_CONVERGED,True,16,1.0120038140826182e-10,0.6935655742753838,13.744581276444137,0.08254926242933623,0.02,DIAGNOSTIC_ONLY,1.2888453325421434e-17,True,0.14752608969951436,3.650696222799757,0.016432344423766954,False,0.002288998680049649,辽宁,5,False,True,turn_6.one_turn.capital.household_illiquid_return_rah -> steady_state._post_turn_states.rah,0.09,0.02,False,0.5406300280912503,True,False,31,0,30,12,13,7,False,False,1.3,0.8,0.006361451168260368,False
7.349504307049877,12.010539771437424,4.661035464387547,8.129720665468527,66308917.7271201,11253800.0,0.007604945082614223,66101653.72741685,66101653.72741685,0.9968742665872454,66101653.72741685,0.9968742665872454,66101653.72741685,0.9968742665872454,207263.9997032517,66308917.7271201,0.7033279977737812,248400.0,248400.0,11168215.469029276,0.3250442085976263,0.3250442085976263,0.3250442085976263,True,0.7380939146868483,0.0,0.0,66101653.72741685,CONTINUED_TO_HOUSEHOLD_BATCH,5387282.494756129,True,True,5440813.896744662,11197174.355711997,0.09,66308917.7271201,1.0,21.687932748615655,5387282.494756129,0.09683550823544762,0.09,0.12140549042550276,0.7033279977737812,0.5302424364682522,0.8,C1_RESIDUAL_LEVEL__NO_C0_ACTION,HJB_CONVERGED,True,25,5.864758190199382e-08,0.7033279977737812,12.973742082625614,0.07865726113621081,0.02,DIAGNOSTIC_ONLY,8.565197162635485e-18,True,0.16269186085350093,3.37932222971108,0.02174778156643553,False,0.0031257334127545488,吉林,6,False,True,turn_6.one_turn.capital.household_illiquid_return_rah -> steady_state._post_turn_states.rah,0.09,0.02,False,0.3250442085976263,True,False,31,0,30,12,13,7,True,False,1.3,0.8,0.0025862673709236006,False
7.360621796639517,12.007171912732566,4.646550116093049,7.518325833162102,58424879.89838116,12846500.0,0.011845870720418872,58214354.118439004,58214354.118439004,0.9963966416309572,58214354.118439004,0.9963966416309572,58214354.118439004,0.9963966416309572,210525.77994215357,58424879.89838116,0.7073564652170069,332700.0,332700.0,12694322.02179014,0.4078142770946205,0.41270310471903765,0.4078142770946205,True,0.7380939146868483,0.0,0.0,58214354.118439004,CONTINUED_TO_HOUSEHOLD_BATCH,5278596.294164646,True,True,5332846.119394869,12728362.405101955,0.09,58424879.89838116,1.0,15.865934157392985,5278596.294164646,0.1327801295259904,0.09,0.15778012952599038,0.7073564652170069,0.6196773929634205,0.8,C1_RESIDUAL_LEVEL__NO_C0_ACTION,HJB_CONVERGED,True,27,5.933010971403974e-09,0.7073564652170069,12.028706688082105,0.08488084560688919,0.02,DIAGNOSTIC_ONLY,2.1116252122544178e-17,True,0.15881357928295928,3.508987478718674,0.028309250774876116,False,0.0036033583690428233,黑龙江,7,False,True,turn_6.one_turn.capital.household_illiquid_return_rah -> steady_state._post_turn_states.rah,0.09,0.02,False,0.4078142770946205,True,False,31,0,30,12,13,7,True,False,1.3,0.8,0.0026743725727176315,True
7.321560370441629,11.995303104954258,4.673742734512629,9.066284876931896,66125294.30800852,36011800.0,0.0022275119726541392,65917980.0885579,65917980.0885579,0.9968648272704094,65917980.0885579,0.9968648272704094,65917980.0885579,0.9968648272704094,207314.21945062198,66125294.30800852,0.6880090094218928,247500.0,247500.0,35931583.284343176,1.0227253445056632,1.0227253445056632,1.0227253445056632,True,0.7380939146868483,0.0,0.0,65917980.0885579,CONTINUED_TO_HOUSEHOLD_BATCH,5911643.051312335,True,True,5962192.569248157,36626660.97396625,0.09,66125294.30800852,1.0,23.88542646994883,5911643.051312335,0.38924021780739404,0.09,0.41424021780739406,0.6880090094218928,1.6441659152832704,1.3,C1_RESIDUAL_LEVEL__NO_C0_ACTION,HJB_CONVERGED,True,26,5.402522873509952e-11,0.6880090094218928,14.799043965516217,0.07864162926430504,0.02,DIAGNOSTIC_ONLY,1.316704484711136e-17,True,0.14644467106235268,3.614067304094904,0.01369897341369275,False,0.0031351727295906174,上海,8,False,True,turn_6.one_turn.capital.household_illiquid_return_rah -> steady_state._post_turn_states.rah,0.09,0.02,False,1.0227253445056632,True,False,31,0,30,12,13,7,False,True,1.3,0.8,0.01897736979401765,False
7.312639892577751,11.988752136570922,4.67611224399317,9.33359861162742,203535217.25929242,93207600.0,0.002318947686730355,203343364.29889897,203343364.29889897,0.9990573967346936,203343364.29889897,0.9990573967346936,203343364.29889897,0.9990573967346936,191852.96039345028,203535217.25929242,0.6820579866966184,844600.0,844600.0,92991456.45159431,1.1603289174497986,1.1603289174497986,1.1603289174497986,True,0.7380939146868483,0.0,0.0,203343364.29889897,CONTINUED_TO_HOUSEHOLD_BATCH,5796058.806271914,True,True,5847665.791333946,94604788.33383475,0.09,203535217.25929242,1.0,6.862489706691824,5796058.806271914,0.3186665748444787,0.09,0.3436665748444787,0.6820579866966184,4.2823093883085095,1.3,C1_RESIDUAL_LEVEL__NO_C0_ACTION,HJB_CONVERGED,True,15,7.590275075131103e-10,0.6820579866966184,15.404718440751703,0.08042956503464507,0.02,DIAGNOSTIC_ONLY,1.7974039140736253e-17,True,0.1385300791505686,3.7675235617834724,0.009285999192045868,False,0.0009426032653063691,江苏,9,False,True,turn_6.one_turn.capital.household_illiquid_return_rah -> steady_state._post_turn_states.rah,0.09,0.02,False,1.1603289174497986,True,False,31,0,30,12,13,7,False,True,1.3,0.8,0.01705338504164744,False
7.315713478148011,11.987368034430999,4.671654556282988,9.117629088150156,124249656.20818298,58002800.0,0.0022885686353685264,124046343.21297793,124046343.21297793,0.9983636735793909,124046343.21297793,0.9983636735793909,124046343.21297793,0.9983636735793909,203312.99520505074,124249656.20818298,0.682252582289774,627300.0,627300.0,57870056.61115645,1.0369336001179625,1.0369336001179625,1.0369336001179625,True,0.7380939146868483,0.0,0.0,124046343.21297793,CONTINUED_TO_HOUSEHOLD_BATCH,5849672.4272929225,True,True,5901070.679350499,58894907.13451808,0.09,124249656.20818298,1.0,9.325159297454045,5849672.4272929225,0.3257976531538843,0.09,0.35079765315388434,0.682252582289774,2.643956420727007,1.3,C1_RESIDUAL_LEVEL__NO_C0_ACTION,HJB_CONVERGED,True,25,7.84097231587566e-11,0.682252582289774,15.099844419319476,0.08335337914520596,0.02,DIAGNOSTIC_ONLY,1.748276003132876e-17,True,0.13567114175877523,3.858226152624051,0.010254418823287814,False,0.0016363264206091278,浙江,10,False,True,turn_6.one_turn.capital.household_illiquid_return_rah -> steady_state._post_turn_states.rah,0.09,0.02,False,1.0369336001179625,True,False,31,0,30,12,13,7,False,True,1.3,0.8,0.01740134373623914,False
7.314353312798692,11.983163847469665,4.668810534670974,9.107681953608427,70182433.35888097,34010900.0,0.002258812197628135,69968733.89764433,69968733.89764433,0.9969550861802714,69968733.89764433,0.9969550861802714,69968733.89764433,0.9969550861802714,213699.46123663787,70182433.35888097,0.6772193027483053,607600.0,607600.0,33934075.76422769,0.9221011048681041,0.9221011048681041,0.9221011048681041,True,0.7380939146868483,0.0,0.0,69968733.89764433,CONTINUED_TO_HOUSEHOLD_BATCH,5966595.672586214,True,True,6018335.902865428,34533683.26072054,0.09,70182433.35888097,1.0,9.819940211629714,5966595.672586214,0.34020774781371166,0.09,0.3652077478137117,0.6772193027483053,1.5243186389747807,1.3,C1_RESIDUAL_LEVEL__NO_C0_ACTION,HJB_CONVERGED,True,13,9.813964796379082e-08,0.6772193027483053,15.299780224841365,0.08895782967835732,0.02,DIAGNOSTIC_ONLY,1.3118846287074604e-17,True,0.12592389150392855,4.118842391085478,0.010816836499592752,False,0.003044913819728596,安徽,11,False,True,turn_6.one_turn.capital.household_illiquid_return_rah -> steady_state._post_turn_states.rah,0.09,0.02,False,0.9221011048681041,True,False,31,0,30,12,13,7,False,True,1.3,0.8,0.017362975503249167,False
7.321946685170852,11.991246464188368,4.669299779017516,8.90181061787778,87795538.11850408,38687800.0,0.0022545098925558227,87589294.31946658,87589294.31946658,0.9976508624076189,87589294.31946658,0.9976508624076189,87589294.31946658,0.9976508624076189,206243.79903749755,87795538.11850408,0.6866097865939188,410400.0,410400.0,38600577.97217878,0.8921644600055767,0.8921644600055767,0.8921644600055767,True,0.7380939146868483,0.0,0.0,87589294.31946658,CONTINUED_TO_HOUSEHOLD_BATCH,5889265.842918052,True,True,5940237.694769941,39311454.81675129,0.09,87795538.11850408,1.0,14.350062970073227,5889265.842918052,0.3046957959541024,0.09,0.3296957959541024,0.6866097865939188,1.7440489096806358,1.3,C1_RESIDUAL_LEVEL__NO_C0_ACTION,HJB_CONVERGED,True,15,1.2968205620467188e-08,0.6866097865939188,14.6289329298892,0.08227391584445116,0.02,DIAGNOSTIC_ONLY,1.9434323941802667e-17,True,0.14095460128256812,3.752919860055781,0.011812973792358017,False,0.0023491375923810065,福建,12,False,True,turn_6.one_turn.capital.household_illiquid_return_rah -> steady_state._post_turn_states.rah,0.09,0.02,False,0.8921644600055767,True,False,31,0,30,12,13,7,False,True,1.3,0.8,0.018083198596598127,False
7.317717876174197,11.984271075314501,4.666553199140304,8.958234561598031,51050047.92908307,22716500.0,0.0023034464118101283,50835654.302171364,50835654.302171364,0.9958003246694394,50835654.302171364,0.9958003246694394,50835654.302171364,0.9958003246694394,214393.6269117086,51050047.92908307,0.6792709835070403,451300.0,451300.0,22768826.240413886,0.7893560257063097,0.7893560257063097,0.7893560257063097,True,0.7380939146868483,0.0,0.0,50835654.302171364,CONTINUED_TO_HOUSEHOLD_BATCH,5772515.076526093,True,True,5689984.087966956,22683114.02179953,0.09,51050047.92908307,1.0,12.790859908101249,5772515.076526093,0.3103677183494939,0.09,0.3353677183494939,0.6792709835070403,1.0524132299584215,1.0524132299584215,C1_RESIDUAL_LEVEL__NO_C0_ACTION,HJB_CONVERGED,True,14,4.322653346378047e-10,0.6792709835070403,15.007665175183812,0.0891196485135975,0.02,DIAGNOSTIC_ONLY,2.1119267412838008e-17,True,0.12756482822686832,4.088776728167792,0.00850401283572677,False,0.004199675330560642,江西,13,False,True,turn_6.one_turn.capital.household_illiquid_return_rah -> steady_state._post_turn_states.rah,0.09,0.02,False,0.7893560257063097,True,False,31,0,30,12,13,7,False,False,1.3,0.8,0.0037786795292735764,False
7.312056192763515,11.986364047286251,4.674307854522737,9.287088196885911,210016973.07581103,66648899.99999999,0.002305855568080717,209823156.17854932,209823156.17854932,0.9990771369836297,209823156.17854932,0.9990771369836297,209823156.17854932,0.9990771369836297,193816.89726171683,210016973.07581103,0.6804591751149106,1007700.0,1007700.0,66495217.26282854,0.8090038132922267,0.8090038132922267,0.8090038132922267,True,0.7380939146868483,0.0,0.0,209823156.17854932,CONTINUED_TO_HOUSEHOLD_BATCH,5843585.624493929,True,True,5895320.3943959875,67621468.00269611,0.09,210016973.07581103,1.0,5.798933833972342,5843585.624493929,0.20793894513319694,0.09,0.23293894513319693,0.6804591751149106,2.9706470258307394,1.3,C1_RESIDUAL_LEVEL__NO_C0_ACTION,HJB_CONVERGED,True,15,8.335230283762485e-10,0.6804591751149106,15.407021779529254,0.0826494515036368,0.02,DIAGNOSTIC_ONLY,1.9713855015195245e-17,True,0.1347019479214774,3.865334084870438,0.00870695677721467,False,0.0009228630163703657,山东,14,False,True,turn_6.one_turn.capital.household_illiquid_return_rah -> steady_state._post_turn_states.rah,0.09,0.02,False,0.8090038132922267,True,False,31,0,30,12,13,7,False,True,1.3,0.8,0.016655224636984656,False
7.310700147206637,11.983830379465589,4.673130232258952,9.293874024183014,168320556.01470312,49935900.0,0.0022938985781745247,168118852.655169,168118852.655169,0.9988016712616106,168118852.655169,0.9988016712616106,168118852.655169,0.9988016712616106,201703.35953409976,168320556.01470312,0.6778822669025085,986400.0,986400.0,49821352.109990135,0.7116861984516236,0.7116861984516236,0.7116861984516236,True,0.7380939146868483,0.0,0.0,168118852.655169,CONTINUED_TO_HOUSEHOLD_BATCH,5907154.418612572,True,True,5959179.287285942,50661414.31531128,0.09,168320556.01470312,1.0,5.988599370045187,5907154.418612572,0.1920616754159315,0.09,0.2170616754159315,0.6778822669025085,2.1947039665413244,1.3,C1_RESIDUAL_LEVEL__NO_C0_ACTION,HJB_CONVERGED,True,13,4.196790026611552e-09,0.6778822669025085,15.525838100690747,0.08521833696611505,0.02,DIAGNOSTIC_ONLY,2.317836108274976e-17,True,0.12985180513599587,3.990243486834484,0.00875395145574498,False,0.0011983287383893894,河南,15,False,True,turn_6.one_turn.capital.household_illiquid_return_rah -> steady_state._post_turn_states.rah,0.09,0.02,False,0.7116861984516236,True,False,31,0,30,12,13,7,False,True,1.3,0.8,0.01658189406424171,False
7.311741773380824,11.984313221926495,4.67257144854567,9.249855837711943,101805153.6623069,42022000.0,0.002270008921637201,101598071.86390497,101598071.86390497,0.99796590063516,101598071.86390497,0.99796590063516,101598071.86390497,0.99796590063516,207081.79840193255,101805153.6623069,0.6786071436330383,591700.0,591700.0,41926609.68509496,0.8668910887321597,0.8668910887321597,0.8668910887321597,True,0.7380939146868483,0.0,0.0,101598071.86390497,CONTINUED_TO_HOUSEHOLD_BATCH,5937033.644739509,True,True,5988774.12457636,42671383.744380064,0.09,101805153.6623069,1.0,10.033857773769661,5937033.644739509,0.2825116648139133,0.09,0.30751166481391334,0.6786071436330383,1.8710948899790847,1.3,C1_RESIDUAL_LEVEL__NO_C0_ACTION,HJB_CONVERGED,True,13,3.15932568994981e-09,0.6786071436330383,15.43427699768462,0.08512226544179603,0.02,DIAGNOSTIC_ONLY,1.67195551896909e-17,True,0.13059473927815335,3.9750037134627862,0.010593916153509686,False,0.0020340993648399557,湖北,16,False,True,turn_6.one_turn.capital.household_illiquid_return_rah -> steady_state._post_turn_states.rah,0.09,0.02,False,0.8668910887321597,True,False,31,0,30,12,13,7,False,True,1.3,0.8,0.017453712392984988,False
7.3152853375421465,11.984386232410973,4.6691008948688255,9.07191350730806,93791807.14892803,36329700.0,0.0022687121275146716,93581698.98531802,93581698.98531802,0.9977598452359875,93581698.98531802,0.9977598452359875,93581698.98531802,0.9977598452359875,210108.1636100102,93791807.14892803,0.6792910947947729,663500.0,663500.0,36247278.36902103,0.7959373284760574,0.7959373284760574,0.7959373284760574,True,0.7380939146868483,0.0,0.0,93581698.98531802,CONTINUED_TO_HOUSEHOLD_BATCH,5944923.324330786,True,True,5996702.802196782,36882115.15347826,0.09,93791807.14892803,1.0,8.95994472393487,5944923.324330786,0.2624273891336657,0.09,0.2874273891336657,0.6792910947947729,1.6090915739292264,1.3,C1_RESIDUAL_LEVEL__NO_C0_ACTION,HJB_CONVERGED,True,13,4.570314748875148e-08,0.6792910947947729,15.16160028481601,0.08720594208745552,0.02,DIAGNOSTIC_ONLY,1.5303823472187883e-17,True,0.12928010583098998,4.028958796420462,0.010264491066003245,False,0.0022401547640124725,湖南,17,False,True,turn_6.one_turn.capital.household_illiquid_return_rah -> steady_state._post_turn_states.rah,0.09,0.02,False,0.7959373284760574,True,False,31,0,30,12,13,7,False,True,1.3,0.8,0.01721259157224231,False
7.321619338822339,11.98751269949093,4.665893360668591,8.818582150816912,191259406.86816654,99945200.0,0.0023377990586701536,191057339.41596267,191057339.41596267,0.9989434901241582,191057339.41596267,0.9989434901241582,191057339.41596267,0.9989434901241582,202067.45220386682,191259406.86816654,0.6839319534397652,1234800.0,1234800.0,99711548.2055214,1.30644139756687,1.30644139756687,1.30644139756687,True,0.7380939146868483,0.0,0.0,191057339.41596267,CONTINUED_TO_HOUSEHOLD_BATCH,5731930.192831215,True,True,5783383.4196612295,101387331.50760283,0.09,191259406.86816654,1.0,4.641990761930042,5731930.192831215,0.3713208307506446,0.09,0.3963208307506446,0.6839319534397652,4.692483736318498,1.3,C1_RESIDUAL_LEVEL__NO_C0_ACTION,HJB_CONVERGED,True,13,1.101297630867748e-08,0.6839319534397652,14.623265136457212,0.08628785844724825,0.02,DIAGNOSTIC_ONLY,2.0667990811719355e-17,True,0.13433419243821432,3.922713651898107,0.008338024637434827,False,0.0010565098758418203,广东,18,False,True,turn_6.one_turn.capital.household_illiquid_return_rah -> steady_state._post_turn_states.rah,0.09,0.02,False,1.30644139756687,True,False,31,0,30,12,13,7,False,True,1.3,0.8,0.016528527550365157,False
7.331449643007772,11.990608544792106,4.659158901784336,8.415198976677011,67306708.83876626,19627800.0,0.0050945918033384885,67094697.372181304,67094697.372181304,0.9968500693282621,67094697.372181304,0.9968500693282621,67094697.372181304,0.9968500693282621,212011.4665849562,67306708.83876626,0.689073168237466,494700.0,494700.0,19527804.371002432,0.5577680812178123,0.5577680812178123,0.5577680812178123,True,0.7380939146868483,0.0,0.0,67094697.372181304,CONTINUED_TO_HOUSEHOLD_BATCH,5549324.196291839,True,True,5448334.616283912,19434097.070539407,0.09,67306708.83876626,1.0,11.21755446996531,5549324.196291839,0.1879776178327161,0.09,0.2129776178327161,0.689073168237466,0.9166133688707285,0.9166133688707285,C1_RESIDUAL_LEVEL__NO_C0_ACTION,HJB_CONVERGED,True,13,1.8978768778765698e-08,0.689073168237466,13.87391426910297,0.08756556821231862,0.02,DIAGNOSTIC_ONLY,2.9110828331235794e-17,True,0.1378466322051927,3.877368779729363,0.0004806412914373226,False,0.00314993067173781,广西,19,False,True,turn_6.one_turn.capital.household_illiquid_return_rah -> steady_state._post_turn_states.rah,0.09,0.02,False,0.5577680812178123,True,False,31,0,30,12,13,7,False,False,1.3,0.8,0.0048217985184955126,False
7.342818374714472,11.996413460721465,4.653595086006993,8.026345850393431,14673330.466888333,4910700.0,0.002238474056549644,14458735.181098405,14458735.181098405,0.9853751480433034,14458735.181098405,0.9853751480433034,14458735.181098405,0.9853751480433034,214595.28578992703,14673330.466888333,0.6964158043769328,98200.0,98200.0,4899707.525450502,0.43124462072637787,0.43124462072637787,0.43124462072637787,True,0.7380939146868483,0.0,0.0,14458735.181098405,CONTINUED_TO_HOUSEHOLD_BATCH,5525844.76986664,True,True,5573329.177109174,4996697.918427029,0.09,14673330.466888333,1.0,56.271331668703056,5525844.76986664,0.22111777106678834,0.09,0.24611777106678834,0.6964158043769328,0.23190331444156925,0.8,C1_RESIDUAL_LEVEL__NO_C0_ACTION,HJB_CONVERGED,True,13,1.5562958477488564e-08,0.6964158043769328,13.078023171656872,0.08665893557852504,0.02,DIAGNOSTIC_ONLY,2.5099280293039428e-17,True,0.14580025955249748,3.7316074789003593,0.017237174493262786,False,0.014624851956696557,海南,20,False,True,turn_6.one_turn.capital.household_illiquid_return_rah -> steady_state._post_turn_states.rah,0.09,0.02,False,0.43124462072637787,True,False,31,0,30,12,13,7,True,False,1.3,0.8,0.019410897868939014,False
7.320686614361767,11.98739720257247,4.666710588210704,8.862041952816766,50663834.63130832,21588800.0,0.00085426995829474,50452060.70118665,50452060.70118665,0.9958200177372519,50452060.70118665,0.9958200177372519,50452060.70118665,0.9958200177372519,211773.9301216669,50663834.63130832,0.683606273133724,316300.0,316300.0,21607242.663275633,0.7557652302563093,0.7557652302563093,0.7557652302563093,True,0.7380939146868483,0.0,0.0,50452060.70118665,CONTINUED_TO_HOUSEHOLD_BATCH,5700849.691113061,True,True,5578191.612107559,21484504.50261271,0.09,50663834.63130832,1.0,18.02355261180228,5700849.691113061,0.2946455528817238,0.09,0.3196455528817238,0.683606273133724,1.0080013136044341,1.0080013136044341,C1_RESIDUAL_LEVEL__NO_C0_ACTION,HJB_CONVERGED,True,13,8.857067079759418e-09,0.683606273133724,14.695574229083075,0.08592905620659182,0.02,DIAGNOSTIC_ONLY,1.6813448283846247e-17,True,0.13438162686349409,3.9169436756849896,0.010848019091066918,False,0.004179982262748005,重庆,21,False,True,turn_6.one_turn.capital.household_illiquid_return_rah -> steady_state._post_turn_states.rah,0.09,0.02,False,0.7557652302563093,True,False,31,0,30,12,13,7,False,False,1.3,0.8,0.005712869042336921,False
7.321431988972238,11.985644841684376,4.664212852712137,8.79791707401215,94830047.41899477,42902100.0,0.0022848960291168563,94616783.3059753,94616783.3059753,0.9977510913595015,94616783.3059753,0.9977510913595015,94616783.3059753,0.9977510913595015,213264.1130194707,94830047.41899477,0.6817337730240727,832100.0,832100.0,42804073.162069224,0.9358547875920058,0.9358547875920058,0.9358547875920058,True,0.7380939146868483,0.0,0.0,94616783.3059753,CONTINUED_TO_HOUSEHOLD_BATCH,5859370.692263635,True,True,5910771.083324947,43535594.129704416,0.09,94830047.41899477,1.0,7.041666497132117,5859370.692263635,0.31423311431726425,0.09,0.3392331143172643,0.6817337730240727,1.9481715514360274,1.3,C1_RESIDUAL_LEVEL__NO_C0_ACTION,HJB_CONVERGED,True,14,1.6612373698876581e-09,0.6817337730240727,14.686128396869863,0.08906230306443325,0.02,DIAGNOSTIC_ONLY,1.9203930980149497e-17,True,0.12977061184342753,4.045118700135319,0.00953191791934005,False,0.002248908640498615,四川,22,False,True,turn_6.one_turn.capital.household_illiquid_return_rah -> steady_state._post_turn_states.rah,0.09,0.02,False,0.9358547875920058,True,False,31,0,30,12,13,7,False,True,1.3,0.8,0.016802824958717544,False
7.326431046270491,11.987097040369799,4.660665994099308,8.58858039785182,39447014.665611394,15353200.0,0.012126358184738173,39231686.93808943,39231686.93808943,0.9945413428786113,39231686.93808943,0.9945413428786113,39231686.93808943,0.9945413428786113,215327.7275219671,39447014.665611394,0.6843124589191114,382200.0,382200.0,15167021.597518077,0.6452401229108993,0.6531605820813702,0.6452401229108993,True,0.7380939146868483,0.0,0.0,39231686.93808943,CONTINUED_TO_HOUSEHOLD_BATCH,5464580.152967228,True,True,5521621.884188535,15208327.833639586,0.09,39447014.665611394,1.0,14.297697940782909,5464580.152967228,0.26146889502208526,0.09,0.2864688950220853,0.6843124589191114,0.7337849135106006,0.8,C1_RESIDUAL_LEVEL__NO_C0_ACTION,HJB_CONVERGED,True,14,2.0489907548437714e-09,0.6843124589191114,14.296994830987531,0.08979023805928923,0.02,DIAGNOSTIC_ONLY,1.7414997395548415e-17,True,0.1314044508446042,4.02393270793979,0.028192216163791306,False,0.005458657121388776,贵州,23,False,True,turn_6.one_turn.capital.household_illiquid_return_rah -> steady_state._post_turn_states.rah,0.09,0.02,False,0.6452401229108993,True,False,31,0,30,12,13,7,True,False,1.3,0.8,0.0027160274668818207,True
7.334338502937204,11.992403790021587,4.658065287084383,8.31966933296791,68611984.86091176,20880600.0,0.0015944021589184842,68400723.92305417,68400723.92305417,0.9969209324247674,68400723.92305417,0.9969209324247674,68400723.92305417,0.9969209324247674,211260.9378575769,68611984.86091176,0.6912582217054655,470300.0,470300.0,20847307.926280487,0.5861329189742354,0.5861329189742354,0.5861329189742354,True,0.7380939146868483,0.0,0.0,68400723.92305417,CONTINUED_TO_HOUSEHOLD_BATCH,5583443.673283421,True,True,5455393.5489629675,20721013.873461682,0.09,68611984.86091176,1.0,11.87208946052184,5583443.673283421,0.19849406336473177,0.09,0.22349406336473177,0.6912582217054655,0.9745358048212092,0.9745358048212092,C1_RESIDUAL_LEVEL__NO_C0_ACTION,HJB_CONVERGED,True,14,1.5282224374857378e-09,0.6912582217054655,13.661567928265628,0.08689863583718331,0.02,DIAGNOSTIC_ONLY,2.4015078120553923e-17,True,0.14057403632604104,3.8215119491625833,0.007666418934794361,False,0.003079067575232505,云南,24,False,True,turn_6.one_turn.capital.household_illiquid_return_rah -> steady_state._post_turn_states.rah,0.09,0.02,False,0.5861329189742354,True,False,31,0,30,12,13,7,False,False,1.3,0.8,0.006094974579431867,False
8.170222828324555,10.125165639463638,1.954942811139083,7.613382699200309,6325734.326183821,1548400.0,0.0023115744121163795,6110789.409896131,6110789.409896131,0.9660205590048291,6110789.409896131,0.9660205590048291,6110789.409896131,0.9660205590048291,214944.91628769023,6325734.326183821,0.6620683495976267,35400.0,35400.0,1544820.758180279,0.2539305050273779,0.2539305050273779,0.2539305050273779,True,0.7380939146868483,0.0,0.0,6110789.409896131,CONTINUED_TO_HOUSEHOLD_BATCH,5450066.084894197,True,True,5498437.2623760905,1575048.6052873458,0.09,6325734.326183821,1.0,153.95666906480784,5450066.084894197,0.15249202949808274,0.09,0.17749202949808274,0.6620683495976267,0.07310077806898406,0.8,C1_RESIDUAL_LEVEL__NO_C0_ACTION,HJB_CONVERGED,True,16,2.7143389758066405e-09,0.6620683495976267,11.61032413290766,0.08467119692628608,0.02,DIAGNOSTIC_ONLY,1.151287181908045e-17,True,0.0006552777509961423,0.8073131047716668,0.02235818241626042,False,0.03397944099517089,西藏,25,False,True,turn_6.one_turn.capital.household_illiquid_return_rah -> steady_state._post_turn_states.rah,0.09,0.02,False,0.2539305050273779,True,False,31,0,30,12,13,7,True,False,1.3,0.8,0.019191691612305606,False
7.316011064729439,11.986915675874378,4.670904611144938,9.08932339754692,73897910.2910824,23941900.0,0.004546540202248872,73689233.37426798,73689233.37426798,0.9971761459019282,73689233.37426798,0.9971761459019282,73689233.37426798,0.9971761459019282,208676.91681441228,73897910.2910824,0.6819990945387643,393100.0,393100.0,24050752.810868222,0.6338518706666324,0.6338518706666324,0.6338518706666324,True,0.7380939146868483,0.0,0.0,73689233.37426798,CONTINUED_TO_HOUSEHOLD_BATCH,5798390.774539301,True,True,5669827.604005604,23909931.453622296,0.09,73897910.2910824,1.0,14.750421710860598,5798390.774539301,0.21517515590877684,0.09,0.24017515590877683,0.6819990945387643,1.086142287170011,1.086142287170011,C1_RESIDUAL_LEVEL__NO_C0_ACTION,HJB_CONVERGED,True,29,1.2563750040328614e-09,0.6819990945387643,15.071568631800856,0.08403928757253573,0.02,DIAGNOSTIC_ONLY,1.5978308322521948e-17,True,0.13474793387553918,3.88417073854459,0.016267871138159307,False,0.0028238540980717597,陕西,26,False,True,turn_6.one_turn.capital.household_illiquid_return_rah -> steady_state._post_turn_states.rah,0.09,0.02,False,0.6338518706666324,True,False,31,0,30,12,13,7,False,False,1.3,0.8,0.0058896595968531695,False
7.328649504556544,11.987805412390962,4.659155907834418,8.498086541810217,25177704.67938732,8104100.0,0.006001749279342494,24962140.371426556,24962140.371426556,0.991438285947597,24962140.371426556,0.991438285947597,24962140.371426556,0.991438285947597,215564.30796076302,25177704.67938732,0.68555000501321,251500.0,251500.0,8152738.776334719,0.4815843645010798,0.4815843645010798,0.4815843645010798,True,0.7380939146868483,0.0,0.0,24962140.371426556,CONTINUED_TO_HOUSEHOLD_BATCH,5531236.6597267315,True,True,5581155.726979171,8171945.442724735,0.09,25177704.67938732,1.0,21.992988706666925,5531236.6597267315,0.21397164222416332,0.09,0.2389716422241633,0.68555000501321,0.3859883769272431,0.8,C1_RESIDUAL_LEVEL__NO_C0_ACTION,HJB_CONVERGED,True,13,2.0333485117873806e-08,0.68555000501321,14.125086827850874,0.09,0.02,DIAGNOSTIC_ONLY,2.127286828702974e-17,True,0.13231660340352522,4.009524029909405,0.00121497637964052,False,0.008561714052402993,甘肃,27,False,True,turn_6.one_turn.capital.household_illiquid_return_rah -> steady_state._post_turn_states.rah,0.09,0.02,False,0.4815843645010798,True,False,31,0,30,12,13,7,True,False,1.3,0.8,0.0023503175008485755,False
7.346820425866211,12.007467563975366,4.660647138109155,8.098139423089856,17578407.529567722,2748000.0,0.002269484810358935,17365186.141681653,17365186.141681653,0.9878702671145028,17365186.141681653,0.9878702671145028,17365186.141681653,0.9878702671145028,213221.38788607018,17578407.529567722,0.7062044334991543,58700.0,58700.0,2741763.4557411335,0.2111711647722934,0.2111711647722934,0.2111711647722934,True,0.7380939146868483,0.0,0.0,17365186.141681653,CONTINUED_TO_HOUSEHOLD_BATCH,5528022.70149657,True,True,5576187.519758046,2795992.265372664,0.09,17578407.529567722,1.0,94.17415164389388,5528022.70149657,0.08783619794719012,0.08783619794719012,0.11184954846335728,0.7062044334991543,0.12620539213708443,0.8,C1_RESIDUAL_LEVEL__NO_C0_ACTION,HJB_CONVERGED,True,27,2.6376278938755604e-10,0.7062044334991543,12.824033853787963,0.07555507330282789,0.02,DIAGNOSTIC_ONLY,2.545915786705538e-17,True,0.1719727555942438,3.250200234535653,0.016400032726706204,False,0.012129732885497256,青海,28,False,False,turn_6.one_turn.capital.household_illiquid_return_rah -> steady_state._post_turn_states.rah,0.09,0.02,False,0.2111711647722934,True,False,31,0,30,12,13,7,True,False,1.3,0.8,0.01939519300648096,False
7.330257737314852,11.999465789309344,4.6692080519944925,8.737855455650788,18640640.44456374,3510200.0,0.002251456448325251,18427379.99013347,18427379.99013347,0.9885593815800218,18427379.99013347,0.9885593815800218,18427379.99013347,0.9885593815800218,213260.4544302685,18640640.44456374,0.6927908105120678,71000.0,71000.0,3502296.937575089,0.25704566563666087,0.25704566563666087,0.25704566563666087,True,0.7380939146868483,0.0,0.0,18427379.99013347,CONTINUED_TO_HOUSEHOLD_BATCH,5632998.159989452,True,True,5681685.613748837,3571839.60072497,0.09,18640640.44456374,1.0,79.33800225337257,5632998.159989452,0.11091152780232978,0.09,0.1353899403029524,0.6927908105120678,0.1589796664242621,0.8,C1_RESIDUAL_LEVEL__NO_C0_ACTION,HJB_CONVERGED,True,24,3.560363159849089e-08,0.6927908105120678,14.168535699487684,0.07895783424774888,0.02,DIAGNOSTIC_ONLY,1.7698753432878606e-17,True,0.1509859045006146,3.549307339417672,0.016440559661870413,False,0.011440618419978305,宁夏,29,False,True,turn_6.one_turn.capital.household_illiquid_return_rah -> steady_state._post_turn_states.rah,0.09,0.02,False,0.25704566563666087,True,False,31,0,30,12,13,7,True,False,1.3,0.8,0.019469704948611444,False
8.18281620579927,10.142278869501114,1.9594626637018446,7.280046731779278,49250553.031937115,12809400.0,0.011497859177926228,49040345.78304792,49040345.78304792,0.9957318804368982,49040345.78304792,0.9957318804368982,49040345.78304792,0.9957318804368982,210207.2488891958,49250553.031937115,0.6688873208302821,252000.0,252000.0,12662119.322646271,0.4641884129597547,0.4695876658129632,0.4641884129597547,True,0.7380939146868483,0.0,0.0,49040345.78304792,CONTINUED_TO_HOUSEHOLD_BATCH,5160293.531434643,True,True,5213435.689016672,12696142.344322715,0.09,49250553.031937115,1.0,20.477355283470807,5160293.531434643,0.16282290780113995,0.09,0.18782290780113994,0.6688873208302821,0.6360909690728619,0.8,C1_RESIDUAL_LEVEL__NO_C0_ACTION,HJB_CONVERGED,True,16,2.673946841724728e-09,0.6688873208302821,10.965803954840778,0.0835324533317399,0.02,DIAGNOSTIC_ONLY,1.714225278653253e-17,True,0.14626796673942277,0.7879353536288354,0.027492960473523453,False,0.004268119563101847,新疆,30,False,True,turn_6.one_turn.capital.household_illiquid_return_rah -> steady_state._post_turn_states.rah,0.09,0.02,False,0.4641884129597547,True,False,31,0,30,12,13,7,True,False,1.3,0.8,0.0026797920780762263,True
7.322089812122298,11.99564147355658,4.673551661434281,9.049094463939648,58719043.066994764,33106000.0,0.0020385872508236202,58510806.90601448,58510806.90601448,0.996453686059858,58510806.90601448,0.996453686059858,58510806.90601448,0.996453686059858,208236.16098028113,58719043.066994764,0.6883260982621558,219200.0,219200.0,33038510.530474234,1.026364744857471,1.026364744857471,1.026364744857471,True,0.7380939146868483,0.0,0.0,58510806.90601448,CONTINUED_TO_HOUSEHOLD_BATCH,5915732.970102255,True,True,5911802.997153431,33032760.719721425,0.09,58719043.066994764,1.0,26.98783289280226,5915732.970102255,0.4062452513659929,0.09,0.4312452513659929,0.6883260982621558,1.5188983054200094,1.3,C1_RESIDUAL_LEVEL__NO_C0_ACTION,HJB_CONVERGED,True,25,1.2151755157674415e-09,0.6883260982621558,14.76316379358341,0.07859417868868851,0.02,DIAGNOSTIC_ONLY,1.0501996141870216e-17,True,0.1468239590411007,3.6075201875046625,0.0064212434677735075,False,0.0035463139401419853,北京,0,False,True,turn_7.one_turn.capital.household_illiquid_return_rah -> steady_state._post_turn_states.rah,0.09,0.02,False,1.026364744857471,True,False,31,0,30,12,13,8,False,True,1.3,0.8,0.00017406388771434855,False
7.308465098958546,11.984146770967168,4.675681672008622,9.207076023012922,64593598.72309723,13362900.0,5.203928387209622e-05,64388132.01833109,64388132.01833109,0.9968190856551136,64388132.01833109,0.9968190856551136,64388132.01833109,0.9968190856551136,205466.70476614215,64593598.72309723,0.6979912342426412,138300.0,138300.0,13363595.395746455,0.3943630348293412,0.3943630348293412,0.3943630348293412,True,0.7380939146868483,0.0,0.0,64388132.01833109,CONTINUED_TO_HOUSEHOLD_BATCH,5501537.095077977,True,True,5500444.10725425,13226378.201831203,0.09,64593598.72309723,1.0,39.77973315313071,5501537.095077977,0.1252749423321013,0.09,0.15027494233210129,0.6979912342426412,0.6260744347457421,0.8,C1_RESIDUAL_LEVEL__NO_C0_ACTION,HJB_CONVERGED,True,25,6.295878041129299e-09,0.6979912342426412,14.57795062400355,0.06490660663385923,0.02,DIAGNOSTIC_ONLY,1.089623183347932e-17,True,0.163730613920983,3.047306671553494,0.009909344392830866,False,0.0031809143448864982,天津,1,False,True,turn_7.one_turn.capital.household_illiquid_return_rah -> steady_state._post_turn_states.rah,0.09,0.02,False,0.3943630348293412,True,False,31,0,30,12,13,8,True,False,1.3,0.8,0.010374510075347398,False
7.316276008630071,11.9852672752791,4.668991266649029,9.037823545102643,113705229.18254791,32494600.0,0.002103459126520213,113497503.30627935,113497503.30627935,0.998173119409178,113497503.30627935,0.998173119409178,113497503.30627935,0.998173119409178,207725.8762685688,113705229.18254791,0.6805193413705735,742600.0,742600.0,32426248.937067375,0.6175565659297677,0.6175565659297677,0.6175565659297677,True,0.7380939146868483,0.0,0.0,113497503.30627935,CONTINUED_TO_HOUSEHOLD_BATCH,5950535.225335618,True,True,5946979.237026745,32421172.69414074,0.09,113705229.18254791,1.0,8.013109648984134,5950535.225335618,0.18425182546377614,0.09,0.20925182546377613,0.6805193413705735,1.4188210636535445,1.3,C1_RESIDUAL_LEVEL__NO_C0_ACTION,HJB_CONVERGED,True,13,2.9512374766227367e-08,0.6805193413705735,15.063009887413166,0.08640845698536795,0.02,DIAGNOSTIC_ONLY,1.6073297207097603e-17,True,0.13111345317143322,3.9833670762222964,0.004531463324918161,False,0.0018268805908220418,河北,2,False,True,turn_7.one_turn.capital.household_illiquid_return_rah -> steady_state._post_turn_states.rah,0.09,0.02,False,0.6175565659297677,True,False,31,0,30,12,13,8,False,True,1.3,0.8,0.00015657184811068703,False
7.318748043625197,11.98623620567779,4.667488162052592,8.933840243181198,53478727.38884524,15958100.0,4.639216324409112e-05,53266827.000243224,53266827.000243224,0.9960376695753943,53266827.000243224,0.9960376695753943,53266827.000243224,0.9960376695753943,211900.38860202176,53478727.38884524,0.6820460832094197,350200.0,350200.0,15958840.330780264,0.541543979367176,0.541543979367176,0.541543979367176,True,0.7380939146868483,0.0,0.0,53266827.000243224,CONTINUED_TO_HOUSEHOLD_BATCH,5495271.904090242,True,True,5494298.619864918,15767775.950078323,0.09,53478727.38884524,1.0,15.691810120189157,5495271.904090242,0.19483893258052276,0.09,0.21983893258052276,0.6820460832094197,0.7591549867094992,0.8,C1_RESIDUAL_LEVEL__NO_C0_ACTION,HJB_CONVERGED,True,13,7.763813147931842e-09,0.6820460832094197,14.85749669656837,0.08643618707707713,0.02,DIAGNOSTIC_ONLY,2.615646729257058e-17,True,0.13246875065995817,3.9586855658460767,0.01095931198348743,False,0.003962330424605814,山西,3,False,True,turn_7.one_turn.capital.household_illiquid_return_rah -> steady_state._post_turn_states.rah,0.09,0.02,False,0.541543979367176,True,False,31,0,30,12,13,8,True,False,1.3,0.8,0.012117395713058254,False
7.329088329117945,12.001929730076267,4.672841400958323,8.856898646222156,82165502.99427319,16140800.0,4.617011040819463e-05,81961496.98957244,81961496.98957244,0.9975171331365796,81961496.98957244,0.9975171331365796,81961496.98957244,0.9975171331365796,204006.00470075064,82165502.99427319,0.6961484556325931,242200.0,242200.0,16141545.222518077,0.4001484797007443,0.4001484797007443,0.4001484797007443,True,0.7380939146868483,0.0,0.0,81961496.98957244,CONTINUED_TO_HOUSEHOLD_BATCH,5432612.27522796,True,True,5431654.693764442,15959429.45276998,0.09,82165502.99427319,1.0,22.430273638430883,5432612.27522796,0.11749694234875668,0.09,0.14249694234875668,0.6961484556325931,0.7647514650194822,0.8,C1_RESIDUAL_LEVEL__NO_C0_ACTION,HJB_CONVERGED,True,25,1.601151211616525e-09,0.6961484556325931,14.199056878110147,0.07370799758098931,0.02,DIAGNOSTIC_ONLY,1.2115959277525512e-17,True,0.1627286267387367,3.3359402239516713,0.01069648517222932,False,0.002482866863420401,内蒙古,4,False,True,turn_7.one_turn.capital.household_illiquid_return_rah -> steady_state._post_turn_states.rah,0.09,0.02,False,0.4001484797007443,True,False,31,0,30,12,13,8,True,False,1.3,0.8,0.011411170448608177,False
7.3343704586356795,11.9969382955465,4.662567836910819,8.438182807283113,90061052.78222083,23510500.0,0.0036723010040018433,89854893.43662687,89854893.43662687,0.9977108934525507,89854893.43662687,0.9977108934525507,89854893.43662687,0.9977108934525507,206159.34559395196,90061052.78222083,0.6936944069006161,429100.0,429100.0,23596837.632754583,0.5406300280912503,0.5406300280912503,0.5406300280912503,True,0.7380939146868483,0.0,0.0,89854893.43662687,CONTINUED_TO_HOUSEHOLD_BATCH,5667696.030862581,True,True,5676738.250831212,23606691.628487077,0.09,90061052.78222083,1.0,13.208333793667165,5667696.030862581,0.16658848486877814,0.09,0.19158848486877814,0.6936944069006161,1.0802737836781653,1.0802737836781653,C1_RESIDUAL_LEVEL__NO_C0_ACTION,HJB_CONVERGED,True,15,9.672601253285507e-08,0.6936944069006161,13.729188897983347,0.08254977463162953,0.02,DIAGNOSTIC_ONLY,2.6346112791397758e-17,True,0.14765517154056815,3.648683981944761,0.005053583129214556,False,0.0022891065474492252,辽宁,5,False,True,turn_7.one_turn.capital.household_illiquid_return_rah -> steady_state._post_turn_states.rah,0.09,0.02,False,0.5406300280912503,True,False,31,0,30,12,13,8,False,False,1.3,0.8,0.0004174238342065095,False
7.349747663978484,12.010676933290142,4.660929269311658,8.12231447611593,66308917.7271201,11253800.0,0.007547566321748467,66101643.99821958,66101643.99821958,0.996874119861924,66101643.99821958,0.996874119861924,66101643.99821958,0.996874119861924,207273.7289005231,66308917.7271201,0.7034569651815193,248400.0,248400.0,11168861.198128307,0.3250442085976263,0.3250442085976263,0.3250442085976263,True,0.7380939146868483,0.0,0.0,66101643.99821958,CONTINUED_TO_HOUSEHOLD_BATCH,5388471.889776476,True,True,5387282.494756129,11168215.469029276,0.09,66308917.7271201,1.0,21.69272097333525,5388471.889776476,0.09684241922772982,0.09,0.12142077667392498,0.7034569651815193,0.5301921447410464,0.8,C1_RESIDUAL_LEVEL__NO_C0_ACTION,HJB_CONVERGED,True,27,8.314515564933345e-08,0.7034569651815193,12.959465998553924,0.07865803958255277,0.02,DIAGNOSTIC_ONLY,1.8688934948218883e-17,True,0.16283355757341855,3.3774238664054463,0.0083644379088752,False,0.003125880138076042,吉林,6,False,True,turn_7.one_turn.capital.household_illiquid_return_rah -> steady_state._post_turn_states.rah,0.09,0.02,False,0.3250442085976263,True,False,31,0,30,12,13,8,True,False,1.3,0.8,5.781846713315275e-05,False
7.360800543509252,12.00726296980562,4.6464624262963685,7.513103012931061,58424879.89838116,12846500.0,5.173021165427727e-05,58214344.236758426,58214344.236758426,0.9963964724961537,58214344.236758426,0.9963964724961537,58214344.236758426,0.9963964724961537,210535.66162273064,58424879.89838116,0.7074540824494707,332700.0,332700.0,12847164.552164016,0.41270310471903765,0.41270310471903765,0.41270310471903765,True,0.7380939146868483,0.0,0.0,58214344.236758426,CONTINUED_TO_HOUSEHOLD_BATCH,5279638.968709431,True,True,5278596.294164646,12694322.02179014,0.09,58424879.89838116,1.0,15.869068135585906,5279638.968709431,0.13507847521246674,0.09,0.16007847521246674,0.7074540824494707,0.6285799238135873,0.8,C1_RESIDUAL_LEVEL__NO_C0_ACTION,HJB_CONVERGED,True,26,6.674305552678561e-11,0.7074540824494707,12.01864798995694,0.08488119788079496,0.02,DIAGNOSTIC_ONLY,2.231062068797638e-17,True,0.15891233351644615,3.5075238103662607,0.010934884743319495,False,0.003603527503846254,黑龙江,7,False,True,turn_7.one_turn.capital.household_illiquid_return_rah -> steady_state._post_turn_states.rah,0.09,0.02,False,0.41270310471903765,True,False,31,0,30,12,13,8,True,False,1.3,0.8,0.012040227915403268,False
7.322001027090703,11.99553203529295,4.673531008202247,9.049938585116127,66125294.30800852,36011800.0,0.0020562292969232843,65917970.58106186,65917970.58106186,0.9968646834903909,65917970.58106186,0.9968646834903909,65917970.58106186,0.9968646834903909,207323.72694666282,66125294.30800852,0.6882586525187093,247500.0,247500.0,35937751.48180506,1.0227253445056632,1.0227253445056632,1.0227253445056632,True,0.7380939146868483,0.0,0.0,65917970.58106186,CONTINUED_TO_HOUSEHOLD_BATCH,5915518.746178291,True,True,5911643.051312335,35931583.284343176,0.09,66125294.30800852,1.0,23.90108584314461,5915518.746178291,0.3902708473899611,0.09,0.4152708473899611,0.6882586525187093,1.6471767046768306,1.3,C1_RESIDUAL_LEVEL__NO_C0_ACTION,HJB_CONVERGED,True,25,2.659688469464072e-09,0.6882586525187093,14.76693570020185,0.0786424087781942,0.02,DIAGNOSTIC_ONLY,1.406752318799942e-17,True,0.14669793567431452,3.6101488849537757,0.006176555769442649,False,0.003135316509609146,上海,8,False,True,turn_7.one_turn.capital.household_illiquid_return_rah -> steady_state._post_turn_states.rah,0.09,0.02,False,1.0227253445056632,True,False,31,0,30,12,13,8,False,True,1.3,0.8,0.0001716650617109572,False
7.313005404070756,11.988926004901339,4.675920600830583,9.318768750783962,203535217.25929242,93207600.0,0.00216685121421456,203343355.48003837,203343355.48003837,0.9990573534062677,203343355.48003837,0.9990573534062677,203343355.48003837,0.9990573534062677,191861.7792540391,203535217.25929242,0.682274461350438,844600.0,844600.0,93005632.99876598,1.1603289174497986,1.1603289174497986,1.1603289174497986,True,0.7380939146868483,0.0,0.0,203343355.48003837,CONTINUED_TO_HOUSEHOLD_BATCH,5799433.294385781,True,True,5796058.806271914,92991456.45159431,0.09,203535217.25929242,1.0,6.866485075048284,5799433.294385781,0.31939415086745104,0.09,0.34439415086745107,0.682274461350438,4.2888784576824674,1.3,C1_RESIDUAL_LEVEL__NO_C0_ACTION,HJB_CONVERGED,True,14,1.9912076432149206e-09,0.682274461350438,15.375370171498481,0.08043022235196078,0.02,DIAGNOSTIC_ONLY,1.3918456710328408e-17,True,0.13873845815127192,3.764022719192461,0.004314902534687026,False,0.000942646593732317,江苏,9,False,True,turn_7.one_turn.capital.household_illiquid_return_rah -> steady_state._post_turn_states.rah,0.09,0.02,False,1.1603289174497986,True,False,31,0,30,12,13,8,False,True,1.3,0.8,0.00015244999608166054,False
7.316088252086767,11.987533170081196,4.67144491799443,9.102297833759478,124249656.20818298,58002800.0,0.0021323489993383404,124046333.83655858,124046333.83655858,0.9983635981150425,124046333.83655858,0.9983635981150425,124046333.83655858,0.9983635981150425,203322.3716243887,124249656.20818298,0.6824802189376854,627300.0,627300.0,57879117.78746118,1.0369336001179625,1.0369336001179625,1.0369336001179625,True,0.7380939146868483,0.0,0.0,124046333.83655858,CONTINUED_TO_HOUSEHOLD_BATCH,5853170.368039651,True,True,5849672.4272929225,57870056.61115645,0.09,124249656.20818298,1.0,9.330735482288619,5853170.368039651,0.32657578301033346,0.09,0.3515757830103335,0.6824802189376854,2.6482376011471636,1.3,C1_RESIDUAL_LEVEL__NO_C0_ACTION,HJB_CONVERGED,True,18,7.169465021661381e-11,0.6824802189376854,15.069470801554187,0.08335383622787247,0.02,DIAGNOSTIC_ONLY,1.5690451254982218e-17,True,0.1358842407364719,3.8544937756877506,0.004722308772824979,False,0.0016364018849574738,浙江,10,False,True,turn_7.one_turn.capital.household_illiquid_return_rah -> steady_state._post_turn_states.rah,0.09,0.02,False,1.0369336001179625,True,False,31,0,30,12,13,8,False,True,1.3,0.8,0.0001565779754737484,False
7.314709524256041,11.983287167046576,4.668577642790536,9.091638197691688,70182433.35888097,34010900.0,0.002099891346292626,69968723.98442575,69968723.98442575,0.9969549449309858,69968723.98442575,0.9969549449309858,69968723.98442575,0.9969549449309858,213709.3744552163,70182433.35888097,0.6774522677007492,607600.0,607600.0,33939480.80541038,0.9221011048681041,0.9221011048681041,0.9221011048681041,True,0.7380939146868483,0.0,0.0,69968723.98442575,CONTINUED_TO_HOUSEHOLD_BATCH,5970225.128061084,True,True,5966595.672586214,33934075.76422769,0.09,70182433.35888097,1.0,9.825913640653528,5970225.128061084,0.3410086506506479,0.09,0.3660086506506479,0.6774522677007492,1.5267327738913266,1.3,C1_RESIDUAL_LEVEL__NO_C0_ACTION,HJB_CONVERGED,True,14,1.4128298531090877e-10,0.6774522677007492,15.267747314446387,0.08895790152286001,0.02,DIAGNOSTIC_ONLY,1.3912670250154672e-17,True,0.12612532714005772,4.114851941629842,0.004960277535573598,False,0.0030450550690142644,安徽,11,False,True,turn_7.one_turn.capital.household_illiquid_return_rah -> steady_state._post_turn_states.rah,0.09,0.02,False,0.9221011048681041,True,False,31,0,30,12,13,8,False,True,1.3,0.8,0.00015928063637993262,False
7.3223621958008405,11.991442028953715,4.669079833152875,8.885881669411077,87795538.11850408,38687800.0,0.0020909567388147643,87589284.84435569,87589284.84435569,0.997650754485154,87589284.84435569,0.997650754485154,87589284.84435569,0.997650754485154,206253.27414838647,87795538.11850408,0.6868546968285254,410400.0,410400.0,38606905.48388008,0.8921644600055767,0.8921644600055767,0.8921644600055767,True,0.7380939146868483,0.0,0.0,87589284.84435569,CONTINUED_TO_HOUSEHOLD_BATCH,5892952.689203389,True,True,5889265.842918052,38600577.97217878,0.09,87795538.11850408,1.0,14.359046513653482,5892952.689203389,0.3055130435447209,0.09,0.33051304354472094,0.6868546968285254,1.7472782003307956,1.3,C1_RESIDUAL_LEVEL__NO_C0_ACTION,HJB_CONVERGED,True,15,6.791741835598941e-09,0.6868546968285254,14.597543617705393,0.08227444691205953,0.02,DIAGNOSTIC_ONLY,3.2937606181048514e-17,True,0.14119205759186657,3.748986613423741,0.005381578857726166,False,0.002349245514845997,福建,12,False,True,turn_7.one_turn.capital.household_illiquid_return_rah -> steady_state._post_turn_states.rah,0.09,0.02,False,0.8921644600055767,True,False,31,0,30,12,13,8,False,True,1.3,0.8,0.00016392271913279188,False
7.317913986984611,11.984340868067445,4.666426881082833,8.949660273426623,51050047.92908307,22716500.0,0.0022803197522356378,50835644.32950773,50835644.32950773,0.9958001293187191,50835644.32950773,0.9958001293187191,50835644.32950773,0.9958001293187191,214403.5995753398,51050047.92908307,0.6793981578108108,451300.0,451300.0,22768300.88365166,0.7893560257063097,0.7893560257063097,0.7893560257063097,True,0.7380939146868483,0.0,0.0,50835644.32950773,CONTINUED_TO_HOUSEHOLD_BATCH,5772006.543631608,True,True,5772515.076526093,22768826.240413886,0.09,51050047.92908307,1.0,12.78973309025395,5772006.543631608,0.31059389233451706,0.09,0.3355938923345171,0.6793981578108108,1.0532157673266096,1.0532157673266096,C1_RESIDUAL_LEVEL__NO_C0_ACTION,HJB_CONVERGED,True,14,4.393352348586177e-10,0.6793981578108108,14.99057575928539,0.08911970920702914,0.02,DIAGNOSTIC_ONLY,1.6764476092057112e-17,True,0.1276756321065045,4.086610488700052,0.003331248441500345,False,0.004199870681280882,江西,13,False,True,turn_7.one_turn.capital.household_illiquid_return_rah -> steady_state._post_turn_states.rah,0.09,0.02,False,0.7893560257063097,True,False,31,0,30,12,13,8,False,False,1.3,0.8,2.307351097852184e-05,False
7.312421286677662,11.986525411933098,4.674104125255435,9.271808598759042,210016973.07581103,66648899.99999999,0.0021552729605888166,209823147.26036906,209823147.26036906,0.9990770945195367,209823147.26036906,0.9990770945195367,209823147.26036906,0.9990770945195367,193825.81544197022,210016973.07581103,0.6806814881002419,1007700.0,1007700.0,66505253.427977,0.8090038132922267,0.8090038132922267,0.8090038132922267,True,0.7380939146868483,0.0,0.0,209823147.26036906,CONTINUED_TO_HOUSEHOLD_BATCH,5846953.86872137,True,True,5843585.624493929,66495217.26282854,0.09,210016973.07581103,1.0,5.802276340896467,5846953.86872137,0.20848833814544612,0.09,0.23348833814544612,0.6806814881002419,2.975938048422979,1.3,C1_RESIDUAL_LEVEL__NO_C0_ACTION,HJB_CONVERGED,True,16,7.617928510228467e-11,0.6806814881002419,15.376699335589816,0.08264995684038133,0.02,DIAGNOSTIC_ONLY,1.8187491443444337e-17,True,0.13490941192990044,3.861678315962382,0.004075124274760755,False,0.0009229054804632567,山东,14,False,True,turn_7.one_turn.capital.household_illiquid_return_rah -> steady_state._post_turn_states.rah,0.09,0.02,False,0.8090038132922267,True,False,31,0,30,12,13,8,False,True,1.3,0.8,0.00015093063172955112,False
7.311063384521152,11.983975482368413,4.672912097847261,9.277974517404692,168320556.01470312,49935900.0,0.0021428993657575113,168118843.33982283,168118843.33982283,0.9988016159187195,168118843.33982283,0.9988016159187195,168118843.33982283,0.9988016159187195,201712.67488029916,168320556.01470312,0.6781108688103196,986400.0,986400.0,49828892.39156147,0.7116861984516236,0.7116861984516236,0.7116861984516236,True,0.7380939146868483,0.0,0.0,168118843.33982283,CONTINUED_TO_HOUSEHOLD_BATCH,5910568.685015798,True,True,5907154.418612572,49821352.109990135,0.09,168320556.01470312,1.0,5.99206071068106,5910568.685015798,0.19258302410996067,0.09,0.21758302410996067,0.6781108688103196,2.198704481690339,1.3,C1_RESIDUAL_LEVEL__NO_C0_ACTION,HJB_CONVERGED,True,13,3.823264371760615e-09,0.6781108688103196,15.4941628606515,0.08521866606394114,0.02,DIAGNOSTIC_ONLY,1.869639685192155e-17,True,0.13005703978050917,3.9864036495382136,0.0040956903749366225,False,0.0011983840812804776,河南,15,False,True,turn_7.one_turn.capital.household_illiquid_return_rah -> steady_state._post_turn_states.rah,0.09,0.02,False,0.7116861984516236,True,False,31,0,30,12,13,8,False,True,1.3,0.8,0.00015134638567593228,False
7.312121325025891,11.984466602924062,4.67234527789817,9.233405901876782,101805153.6623069,42022000.0,0.0021117088007854834,101598062.3001938,101598062.3001938,0.9979658066938336,101598062.3001938,0.9979658066938336,101598062.3001938,0.9979658066938336,207091.3621131099,101805153.6623069,0.6788452870018576,591700.0,591700.0,41933261.77277339,0.8668910887321597,0.8668910887321597,0.8668910887321597,True,0.7380939146868483,0.0,0.0,101598062.3001938,CONTINUED_TO_HOUSEHOLD_BATCH,5940631.048893703,True,True,5937033.644739509,41926609.68509496,0.09,101805153.6623069,1.0,10.039937550944234,5940631.048893703,0.28323970507905166,0.09,0.3082397050790517,0.6788452870018576,1.8743890046835643,1.3,C1_RESIDUAL_LEVEL__NO_C0_ACTION,HJB_CONVERGED,True,13,3.0599345279824774e-09,0.6788452870018576,15.401528520150887,0.08512260113770154,0.02,DIAGNOSTIC_ONLY,1.510481174662603e-17,True,0.13080950426267673,3.9710140962467384,0.004867650971176696,False,0.002034193306166434,湖北,16,False,True,turn_7.one_turn.capital.household_illiquid_return_rah -> steady_state._post_turn_states.rah,0.09,0.02,False,0.8668910887321597,True,False,31,0,30,12,13,8,False,True,1.3,0.8,0.00015866028110544939,False
7.315664984511217,11.984531199535926,4.668866215024709,9.055525758479309,93791807.14892803,36329700.0,0.0021115949049846927,93581689.26444249,93581689.26444249,0.9977597415928674,93581689.26444249,0.9977597415928674,93581689.26444249,0.9977597415928674,210117.88448554446,93791807.14892803,0.6795321312822354,663500.0,663500.0,36252986.39058038,0.7959373284760574,0.7959373284760574,0.7959373284760574,True,0.7380939146868483,0.0,0.0,93581689.26444249,CONTINUED_TO_HOUSEHOLD_BATCH,5948498.5810873555,True,True,5944923.324330786,36247278.36902103,0.09,93791807.14892803,1.0,8.965333204351705,5948498.5810873555,0.26310749466525923,0.09,0.28810749466525926,0.6795321312822354,1.611929568559423,1.3,C1_RESIDUAL_LEVEL__NO_C0_ACTION,HJB_CONVERGED,True,13,5.18446601205369e-08,0.6795321312822354,15.128973746147782,0.08720613455511039,0.02,DIAGNOSTIC_ONLY,2.3265002121689365e-17,True,0.12949411545755918,4.024891606116021,0.004729791601921884,False,0.0022402584071325887,湖南,17,False,True,turn_7.one_turn.capital.household_illiquid_return_rah -> steady_state._post_turn_states.rah,0.09,0.02,False,0.7959373284760574,True,False,31,0,30,12,13,8,False,True,1.3,0.8,0.0001574744868080291,False
7.3219813218623475,11.987662012063396,4.665680690201049,8.803983022122388,191259406.86816654,99945200.0,0.0021891469379767825,191057330.079214,191057330.079214,0.9989434413069584,191057330.079214,0.9989434413069584,191057330.079214,0.9989434413069584,202076.78895253854,191259406.86816654,0.6841553024672222,1234800.0,1234800.0,99726405.27145453,1.30644139756687,1.30644139756687,1.30644139756687,True,0.7380939146868483,0.0,0.0,191057330.079214,CONTINUED_TO_HOUSEHOLD_BATCH,5735191.818189307,True,True,5731930.192831215,99711548.2055214,0.09,191259406.86816654,1.0,4.644632181883145,5735191.818189307,0.3720355743603516,0.09,0.39703557436035164,0.6841553024672222,4.698272935940829,1.3,C1_RESIDUAL_LEVEL__NO_C0_ACTION,HJB_CONVERGED,True,13,1.1515072895207368e-08,0.6841553024672222,14.594356975189234,0.08628811405436472,0.02,DIAGNOSTIC_ONLY,1.7238433070511645e-17,True,0.1345392815955007,3.9190217189248937,0.003918776698760951,False,0.0010565586930415837,广东,18,False,True,turn_7.one_turn.capital.household_illiquid_return_rah -> steady_state._post_turn_states.rah,0.09,0.02,False,1.30644139756687,True,False,31,0,30,12,13,8,False,True,1.3,0.8,0.00014900045381405214,False
7.331605305615222,11.990673546726363,4.659068241111142,8.409338660966863,67306708.83876626,19627800.0,0.0053354150617749285,67094687.44357861,67094687.44357861,0.9968499218154382,67094687.44357861,0.9968499218154382,67094687.44357861,0.9968499218154382,212021.39518765215,67306708.83876626,0.68916757804617,494700.0,494700.0,19523077.540250495,0.5577680812178123,0.5577680812178123,0.5577680812178123,True,0.7380939146868483,0.0,0.0,67094687.44357861,CONTINUED_TO_HOUSEHOLD_BATCH,5544197.199882101,True,True,5549324.196291839,19527804.371002432,0.09,67306708.83876626,1.0,11.207190620339805,5544197.199882101,0.18801710325651017,0.09,0.21301710325651016,0.68916757804617,0.917631101663382,0.917631101663382,C1_RESIDUAL_LEVEL__NO_C0_ACTION,HJB_CONVERGED,True,13,1.895047718747378e-08,0.68916757804617,13.862372570666466,0.08756573593359257,0.02,DIAGNOSTIC_ONLY,1.655690681643956e-17,True,0.13793460878389674,3.875830161753689,0.0011171288355302789,False,0.0031500781845618248,广西,19,False,True,turn_7.one_turn.capital.household_illiquid_return_rah -> steady_state._post_turn_states.rah,0.09,0.02,False,0.5577680812178123,True,False,31,0,30,12,13,8,False,False,1.3,0.8,0.00024205643717711833,False
7.343232636636861,11.996602605862957,4.6533699692260955,8.012301496192856,14673330.466888333,4910700.0,0.002067007421244993,14458725.231730772,14458725.231730772,0.985374469985404,14458725.231730772,0.985374469985404,14458725.231730772,0.985374469985404,214605.2351575599,14673330.466888333,0.6966570925164911,98200.0,98200.0,4900549.546656492,0.43124462072637787,0.43124462072637787,0.43124462072637787,True,0.7380939146868483,0.0,0.0,14458725.231730772,CONTINUED_TO_HOUSEHOLD_BATCH,5529471.465651543,True,True,5525844.76986664,4899707.525450502,0.09,14673330.466888333,1.0,56.30826339767355,5529471.465651543,0.22190170691723052,0.09,0.2469017069172305,0.6966570925164911,0.23248938800293414,0.8,C1_RESIDUAL_LEVEL__NO_C0_ACTION,HJB_CONVERGED,True,14,8.316680677467048e-09,0.6966570925164911,13.050590920981136,0.08665916567159612,0.02,DIAGNOSTIC_ONLY,2.4259023609363162e-17,True,0.14603639526626142,3.727788152023787,0.007618239057010423,False,0.014625530014595907,海南,20,False,True,turn_7.one_turn.capital.household_illiquid_return_rah -> steady_state._post_turn_states.rah,0.09,0.02,False,0.43124462072637787,True,False,31,0,30,12,13,8,True,False,1.3,0.8,0.00017185132002617287,False
7.3208864808501275,11.987480078565373,4.666593597715244,8.853944619477243,50663834.63130832,21588800.0,0.000642526761269524,50452050.800632805,50452050.800632805,0.9958198223206611,50452050.800632805,0.9958198223206611,50452050.800632805,0.9958198223206611,211783.83067551022,50663834.63130832,0.6837293894908754,316300.0,316300.0,21602671.381743696,0.7557652302563093,0.7557652302563093,0.7557652302563093,True,0.7380939146868483,0.0,0.0,50452050.800632805,CONTINUED_TO_HOUSEHOLD_BATCH,5696246.032070735,True,True,5700849.691113061,21607242.663275633,0.09,50663834.63130832,1.0,18.008997888304567,5696246.032070735,0.2948507420994185,0.09,0.3198507420994185,0.6837293894908754,1.0094635584965936,1.0094635584965936,C1_RESIDUAL_LEVEL__NO_C0_ACTION,HJB_CONVERGED,True,13,8.97757646001196e-09,0.6837293894908754,14.679541387829454,0.08592933647593602,0.02,DIAGNOSTIC_ONLY,1.7629363844607792e-17,True,0.13449471347234784,3.914913294535617,0.0035629738924178866,False,0.004180177679338861,重庆,21,False,True,turn_7.one_turn.capital.household_illiquid_return_rah -> steady_state._post_turn_states.rah,0.09,0.02,False,0.7557652302563093,True,False,31,0,30,12,13,8,False,False,1.3,0.8,0.00021156246556652825,False
7.321816164021097,11.98578657874606,4.663970414724963,8.781608540599048,94830047.41899477,42902100.0,0.0021319332216136466,94616773.42263542,94616773.42263542,0.997750987137895,94616773.42263542,0.997750987137895,94616773.42263542,0.997750987137895,213273.99635935068,94830047.41899477,0.6819827097877569,832100.0,832100.0,42810635.58773301,0.9358547875920058,0.9358547875920058,0.9358547875920058,True,0.7380939146868483,0.0,0.0,94616773.42263542,CONTINUED_TO_HOUSEHOLD_BATCH,5862801.358781273,True,True,5859370.692263635,42804073.162069224,0.09,94830047.41899477,1.0,7.0457893988478215,5862801.358781273,0.31494957332297036,0.09,0.3399495733229704,0.6819827097877569,1.9511436858192261,1.3,C1_RESIDUAL_LEVEL__NO_C0_ACTION,HJB_CONVERGED,True,14,1.6726358076368797e-09,0.6819827097877569,14.653672734146447,0.08906236770976826,0.02,DIAGNOSTIC_ONLY,2.2252958790644516e-17,True,0.1299897192175792,4.040902336658836,0.004417612719354813,False,0.002249012862105046,四川,22,False,True,turn_7.one_turn.capital.household_illiquid_return_rah -> steady_state._post_turn_states.rah,0.09,0.02,False,0.9358547875920058,True,False,31,0,30,12,13,8,False,True,1.3,0.8,0.00015331311202415598,False
7.326593448829286,11.987157414717199,4.660563965887914,8.581924521730375,39447014.665611394,15353200.0,4.66179171627612e-05,39231676.93929639,39231676.93929639,0.9945410894046,39231676.93929639,0.9945410894046,39231676.93929639,0.9945410894046,215337.72631500606,39447014.665611394,0.6844167658072181,382200.0,382200.0,15353915.734205782,0.6531605820813702,0.6531605820813702,0.6531605820813702,True,0.7380939146868483,0.0,0.0,39231676.93929639,CONTINUED_TO_HOUSEHOLD_BATCH,5465552.883627616,True,True,5464580.152967228,15167021.597518077,0.09,39447014.665611394,1.0,14.300243023620135,5465552.883627616,0.2657636907667986,0.09,0.29076369076679864,0.6844167658072181,0.7446534023060669,0.8,C1_RESIDUAL_LEVEL__NO_C0_ACTION,HJB_CONVERGED,True,14,2.0152071122936377e-09,0.6844167658072181,14.283781787117722,0.08979025252500024,0.02,DIAGNOSTIC_ONLY,1.474514954580286e-17,True,0.13149690415403908,4.022176179589364,0.010909358765118338,False,0.005458910595400021,贵州,23,False,True,turn_7.one_turn.capital.household_illiquid_return_rah -> steady_state._post_turn_states.rah,0.09,0.02,False,0.6531605820813702,True,False,31,0,30,12,13,8,True,False,1.3,0.8,0.0123224019617858,False
7.334530128582999,11.992486952926107,4.657956824343107,8.312678859195826,68611984.86091176,20880600.0,0.0019783873502703386,68400714.03145191,68400714.03145191,0.9969207882575015,68400714.03145191,0.9969207882575015,68400714.03145191,0.9969207882575015,211270.82945985312,68611984.86091176,0.6913728086728915,470300.0,470300.0,20839290.085093945,0.5861329189742354,0.5861329189742354,0.5861329189742354,True,0.7380939146868483,0.0,0.0,68400714.03145191,CONTINUED_TO_HOUSEHOLD_BATCH,5575249.056436566,True,True,5583443.673283421,20847307.926280487,0.09,68611984.86091176,1.0,11.854665227379472,5575249.056436566,0.19852421425227604,0.09,0.22352421425227603,0.6913728086728915,0.976099862613608,0.976099862613608,C1_RESIDUAL_LEVEL__NO_C0_ACTION,HJB_CONVERGED,True,14,1.4574266238298605e-09,0.6913728086728915,13.647836457354735,0.08689884944486685,0.02,DIAGNOSTIC_ONLY,3.35481058358863e-17,True,0.14068273153077387,3.8196644026393263,0.0016154458791557413,False,0.003079211742498563,云南,24,False,True,turn_7.one_turn.capital.household_illiquid_return_rah -> steady_state._post_turn_states.rah,0.09,0.02,False,0.5861329189742354,True,False,31,0,30,12,13,8,False,False,1.3,0.8,0.0003845983958645771,False
8.171473432044198,10.127322110547812,1.9558486785036138,7.601808451725335,6325734.326183821,1548400.0,0.0021512981789735264,6110779.5006682435,6110779.5006682435,0.9660189925103517,6110779.5006682435,0.9660189925103517,6110779.5006682435,0.9660189925103517,214954.82551557725,6325734.326183821,0.6622641899692554,35400.0,35400.0,1545068.9298996774,0.2539305050273779,0.2539305050273779,0.2539305050273779,True,0.7380939146868483,0.0,0.0,6110779.5006682435,CONTINUED_TO_HOUSEHOLD_BATCH,5453409.7954783505,True,True,5450066.084894197,1544820.758180279,0.09,6325734.326183821,1.0,154.0511241660551,5453409.7954783505,0.1530953418515926,0.09,0.1780953418515926,0.6622641899692554,0.07330428113780951,0.8,C1_RESIDUAL_LEVEL__NO_C0_ACTION,HJB_CONVERGED,True,16,2.7164182014871585e-09,0.6622641899692554,11.588308523787155,0.08467156359368697,0.02,DIAGNOSTIC_ONLY,9.532508788399896e-18,True,0.0006551316474311988,0.8069886839302557,0.009672460692240814,False,0.03398100748964822,西藏,25,False,True,turn_7.one_turn.capital.household_illiquid_return_rah -> steady_state._post_turn_states.rah,0.09,0.02,False,0.2539305050273779,True,False,31,0,30,12,13,8,True,False,1.3,0.8,0.0001606475819826425,False
7.316236442093041,11.987012707119597,4.6707762650265545,9.080039081495633,73897910.2910824,23941900.0,0.00424604146349794,73689223.58240403,73689223.58240403,0.9971760133966393,73689223.58240403,0.9971760133966393,73689223.58240403,0.9971760133966393,208686.7086783718,73897910.2910824,0.6821368770183193,393100.0,393100.0,24043558.300114922,0.6338518706666324,0.6338518706666324,0.6338518706666324,True,0.7380939146868483,0.0,0.0,73689223.58240403,CONTINUED_TO_HOUSEHOLD_BATCH,5791770.8747144425,True,True,5798390.774539301,24050752.810868222,0.09,73897910.2910824,1.0,14.733581467093469,5791770.8747144425,0.2152475360785762,0.09,0.24024753607857618,0.6821368770183193,1.0877114285424248,1.0877114285424248,C1_RESIDUAL_LEVEL__NO_C0_ACTION,HJB_CONVERGED,True,100,1.5647894091586068e-08,0.6821368770183193,15.05316968691294,0.08403969760802892,0.02,DIAGNOSTIC_ONLY,1.3227266504323154e-17,True,0.1348756733877501,3.881906846041489,0.005435816140168526,False,0.002823986603360758,陕西,26,False,True,turn_7.one_turn.capital.household_illiquid_return_rah -> steady_state._post_turn_states.rah,0.09,0.02,False,0.6338518706666324,True,False,31,0,30,12,13,8,False,False,1.3,0.8,0.00029913869265862925,False
7.328965550842982,11.987923958213049,4.658958407370068,8.485369662470276,25177704.67938732,8104100.0,0.006075488420549169,24962130.367389318,24962130.367389318,0.9914378886104542,24962130.367389318,0.9914378886104542,24962130.367389318,0.9914378886104542,215574.31199800182,25177704.67938732,0.6857518660277307,251500.0,251500.0,8153336.365708972,0.4815843645010798,0.4815843645010798,0.4815843645010798,True,0.7380939146868483,0.0,0.0,24962130.367389318,CONTINUED_TO_HOUSEHOLD_BATCH,5532784.837565141,True,True,5531236.6597267315,8152738.776334719,0.09,25177704.67938732,1.0,21.9991444833604,5532784.837565141,0.21406008961965187,0.09,0.23906008961965186,0.6857518660277307,0.3860231908481961,0.8,C1_RESIDUAL_LEVEL__NO_C0_ACTION,HJB_CONVERGED,True,13,2.0549079771114975e-08,0.6857518660277307,14.099874847334238,0.09,0.02,DIAGNOSTIC_ONLY,7.606355866343617e-18,True,0.13249645469013566,4.00613665662503,0.0007660279148532512,False,0.008562111389545763,甘肃,27,False,True,turn_7.one_turn.capital.household_illiquid_return_rah -> steady_state._post_turn_states.rah,0.09,0.02,False,0.4815843645010798,True,False,31,0,30,12,13,8,True,False,1.3,0.8,7.329921767995629e-05,False
7.348704973685225,12.008963825039288,4.660258851354063,8.071868902019265,17578407.529567722,2748000.0,0.0021033536000317765,17365176.7386316,17365176.7386316,0.9878697321940307,17365176.7386316,0.9878697321940307,17365176.7386316,0.9878697321940307,213230.79093612533,17578407.529567722,0.7059923360618656,58700.0,58700.0,2742219.9843071126,0.2111711647722934,0.2111711647722934,0.2111711647722934,True,0.7380939146868483,0.0,0.0,17365176.7386316,CONTINUED_TO_HOUSEHOLD_BATCH,5531538.015281014,True,True,5528022.70149657,2741763.4557411335,0.08783619794719012,17578407.529567722,1.0,94.2340377390292,5531538.015281014,0.08784906971137482,0.08784906971137482,0.11223495335518205,0.7059923360618656,0.1265597832118219,0.8,C1_RESIDUAL_LEVEL__NO_C0_ACTION,HJB_CONVERGED,True,27,3.805612713847495e-09,0.7059923360618656,12.799081776072216,0.07643437394951831,0.02,DIAGNOSTIC_ONLY,1.8323016715005025e-17,True,0.16994074959072758,3.2779868621158625,0.007256498761145869,False,0.012130267805969394,青海,28,False,False,turn_7.one_turn.capital.household_illiquid_return_rah -> steady_state._post_turn_states.rah,0.09,0.02,False,0.2111711647722934,True,False,31,0,30,12,13,8,True,False,1.3,0.8,0.00016650910020077347,False
7.330666585274737,11.999682998722438,4.6690164134477,8.723611465661696,18640640.44456374,3510200.0,0.0020826427358705546,18427370.114594553,18427370.114594553,0.9885588517946343,18427370.114594553,0.9885588517946343,18427370.114594553,0.9885588517946343,213270.32996918575,18640640.44456374,0.693018165063283,71000.0,71000.0,3502889.507468547,0.25704566563666087,0.25704566563666087,0.25704566563666087,True,0.7380939146868483,0.0,0.0,18427370.114594553,CONTINUED_TO_HOUSEHOLD_BATCH,5636638.015770857,True,True,5632998.159989452,3502296.937575089,0.09,18640640.44456374,1.0,79.38926782775856,5636638.015770857,0.11092745178100484,0.09,0.13585123254119888,0.693018165063283,0.15941832131046912,0.8,C1_RESIDUAL_LEVEL__NO_C0_ACTION,HJB_CONVERGED,True,26,1.8170546844942237e-08,0.693018165063283,14.14071035663416,0.07895859216426679,0.02,DIAGNOSTIC_ONLY,1.410915684202088e-17,True,0.15122189358415514,3.5457988101367865,0.007283200749824803,False,0.011441148205365596,宁夏,29,False,True,turn_7.one_turn.capital.household_illiquid_return_rah -> steady_state._post_turn_states.rah,0.09,0.02,False,0.25704566563666087,True,False,31,0,30,12,13,8,True,False,1.3,0.8,0.0001691946468334038,False
8.183421930737104,10.14331176840879,1.9598898376716847,7.274807821216255,49250553.031937115,12809400.0,5.078407456537981e-05,49040336.17556172,49040336.17556172,0.9957316853632268,49040336.17556172,0.9957316853632268,49040336.17556172,0.9957316853632268,210216.85637539503,49250553.031937115,0.6689806485704979,252000.0,252000.0,12810050.513524737,0.4695876658129632,0.4695876658129632,0.4695876658129632,True,0.7380939146868483,0.0,0.0,49040336.17556172,CONTINUED_TO_HOUSEHOLD_BATCH,5161294.193502185,True,True,5160293.531434643,12662119.322646271,0.09,49250553.031937115,1.0,20.48132616469121,5161294.193502185,0.1654892333008433,0.09,0.1904892333008433,0.6689806485704979,0.6449958128537187,0.8,C1_RESIDUAL_LEVEL__NO_C0_ACTION,HJB_CONVERGED,True,16,2.674678700742561e-09,0.6689806485704979,10.955939098962906,0.08353289813421869,0.02,DIAGNOSTIC_ONLY,1.7996061997364865e-17,True,0.14632366737142916,0.787781879847234,0.010622745344730289,False,0.004268314636773264,新疆,30,False,True,turn_7.one_turn.capital.household_illiquid_return_rah -> steady_state._post_turn_states.rah,0.09,0.02,False,0.4695876658129632,True,False,31,0,30,12,13,8,True,False,1.3,0.8,0.011682972424204685,False
7.3220601604592055,11.995628074857763,4.673567914398557,9.050270385103454,58719043.066994764,33106000.0,0.002050517792235751,58510809.461271875,58510809.461271875,0.9964537295765309,58510809.461271875,0.9964537295765309,58510809.461271875,0.9964537295765309,208233.60572288613,58719043.066994764,0.6883098736568163,219200.0,219200.0,33038115.557970244,1.026364744857471,1.026364744857471,1.026364744857471,True,0.7380939146868483,0.0,0.0,58510809.461271875,CONTINUED_TO_HOUSEHOLD_BATCH,5915462.946292487,True,True,5915732.970102255,33038510.530474234,0.09,58719043.066994764,1.0,26.986601032356237,5915462.946292487,0.40632923507490376,0.09,0.4313292350749038,0.6883098736568163,1.5192634530989935,1.3,C1_RESIDUAL_LEVEL__NO_C0_ACTION,HJB_CONVERGED,True,25,1.216332368159101e-09,0.6883098736568163,14.765404880790367,0.07859256629988212,0.02,DIAGNOSTIC_ONLY,8.593403206171888e-18,True,0.14680932931089416,3.607723971833806,0.0025329020129313262,False,0.0035462704234690027,北京,0,False,True,turn_8.one_turn.capital.household_illiquid_return_rah -> steady_state._post_turn_states.rah,0.09,0.02,False,1.026364744857471,True,False,31,0,30,12,13,9,False,True,1.3,0.8,1.1954912544465124e-05,False
7.308388216190291,11.984124159676968,4.675735943486677,9.2109785843078,64593598.72309723,13362900.0,2.9180107023019097e-05,64388134.496976316,64388134.496976316,0.9968191240280372,64388134.496976316,0.9968191240280372,64388134.496976316,0.9968191240280372,205464.22612091078,64593598.72309723,0.6979398904963185,138300.0,138300.0,13362510.069147862,0.3943630348293412,0.3943630348293412,0.3943630348293412,True,0.7380939146868483,0.0,0.0,64388134.496976316,CONTINUED_TO_HOUSEHOLD_BATCH,5499831.303820523,True,True,5501537.095077977,13363595.395746455,0.09,64593598.72309723,1.0,39.76739915994594,5499831.303820523,0.12500804294450846,0.09,0.15000804294450845,0.6979398904963185,0.6251563145709247,0.8,C1_RESIDUAL_LEVEL__NO_C0_ACTION,HJB_CONVERGED,True,25,8.024065412115533e-09,0.6979398904963185,14.585170775198582,0.06490308001333485,0.02,DIAGNOSTIC_ONLY,2.339967422111861e-17,True,0.1636852663493973,3.047882453115385,0.004251685701078589,False,0.003180875971962859,天津,1,False,True,turn_8.one_turn.capital.household_illiquid_return_rah -> steady_state._post_turn_states.rah,0.09,0.02,False,0.3943630348293412,True,False,31,0,30,12,13,9,True,False,1.3,0.8,8.121516451609079e-05,False
7.316238755002738,11.985252842692375,4.6690140876896375,9.039408739449598,113705229.18254791,32494600.0,0.0021156533765112062,113497505.85129012,113497505.85129012,0.9981731417917086,113497505.85129012,0.9981731417917086,113497505.85129012,0.9981731417917086,207723.33125779175,113705229.18254791,0.6804963176914246,742600.0,742600.0,32425852.68979162,0.6175565659297677,0.6175565659297677,0.6175565659297677,True,0.7380939146868483,0.0,0.0,113497505.85129012,CONTINUED_TO_HOUSEHOLD_BATCH,5950257.591406049,True,True,5950535.225335618,32426248.937067375,0.09,113705229.18254791,1.0,8.012735781586384,5950257.591406049,0.1842715274412159,0.09,0.20927152744121588,0.6804963176914246,1.4190208590919604,1.3,C1_RESIDUAL_LEVEL__NO_C0_ACTION,HJB_CONVERGED,True,13,2.9141550950129158e-08,0.6804963176914246,15.066142115352863,0.08640794754094643,0.02,DIAGNOSTIC_ONLY,1.6303690168750773e-17,True,0.13109318343374413,3.9837374329047797,0.0017709526236543427,False,0.0018268582082913935,河北,2,False,True,turn_8.one_turn.capital.household_illiquid_return_rah -> steady_state._post_turn_states.rah,0.09,0.02,False,0.6175565659297677,True,False,31,0,30,12,13,9,False,True,1.3,0.8,1.2219954165004765e-05,False
7.318653992329073,11.986198702732828,4.667544710403756,8.937748586120158,53478727.38884524,15958100.0,4.994593022000782e-05,53266829.538004704,53266829.538004704,0.9960377170290567,53266829.538004704,0.9960377170290567,53266829.538004704,0.9960377170290567,211897.85084054014,53478727.38884524,0.6819877984887949,350200.0,350200.0,15957302.957850955,0.541543979367176,0.541543979367176,0.541543979367176,True,0.7380939146868483,0.0,0.0,53266829.538004704,CONTINUED_TO_HOUSEHOLD_BATCH,5493250.921630694,True,True,5495271.904090242,15958840.330780264,0.09,53478727.38884524,1.0,15.686039182269257,5493250.921630694,0.19443279714357947,0.09,0.21943279714357947,0.6819877984887949,0.7580312858231727,0.8,C1_RESIDUAL_LEVEL__NO_C0_ACTION,HJB_CONVERGED,True,13,9.658990229866049e-08,0.6819877984887949,14.865235699954019,0.08643568155993243,0.02,DIAGNOSTIC_ONLY,3.642022533398591e-17,True,0.13241628728491275,3.95964262392628,0.004724592596253352,False,0.003962282970943292,山西,3,False,True,turn_8.one_turn.capital.household_illiquid_return_rah -> steady_state._post_turn_states.rah,0.09,0.02,False,0.541543979367176,True,False,31,0,30,12,13,9,True,False,1.3,0.8,9.633362433880688e-05,False
7.329013914002045,12.001915751022286,4.672901837020241,8.860823988395817,82165502.99427319,16140800.0,4.5587137643243736e-05,81961499.45708896,81961499.45708896,0.9975171631676321,81961499.45708896,0.9975171631676321,81961499.45708896,0.9975171631676321,204003.5371842239,82165502.99427319,0.6960941814541124,242200.0,242200.0,16140064.187128728,0.4001484797007443,0.4001484797007443,0.4001484797007443,True,0.7380939146868483,0.0,0.0,81961499.45708896,CONTINUED_TO_HOUSEHOLD_BATCH,5430709.325562723,True,True,5432612.27522796,16141545.222518077,0.09,82165502.99427319,1.0,22.422416703396873,5430709.325562723,0.11721437879639374,0.09,0.14221437879639373,0.6960941814541124,0.7635024468158391,0.8,C1_RESIDUAL_LEVEL__NO_C0_ACTION,HJB_CONVERGED,True,25,2.2822663758859107e-09,0.6960941814541124,14.206416976475868,0.07370569929297233,0.02,DIAGNOSTIC_ONLY,2.140695461221194e-17,True,0.16266452799927,3.336633314762078,0.004603204669997751,False,0.002482836832367991,内蒙古,4,False,True,turn_8.one_turn.capital.household_illiquid_return_rah -> steady_state._post_turn_states.rah,0.09,0.02,False,0.4001484797007443,True,False,31,0,30,12,13,9,True,False,1.3,0.8,9.17530118047516e-05,False
7.334370605670863,11.996939625661257,4.662569019990395,8.43821594507887,90061052.78222083,23510500.0,0.003735422781763864,89854896.02178971,89854896.02178971,0.9977109221571102,89854896.02178971,0.9977109221571102,89854896.02178971,0.9977109221571102,206156.76043110635,90061052.78222083,0.6936949816114562,429100.0,429100.0,23598321.65731066,0.5406300280912503,0.5406300280912503,0.5406300280912503,True,0.7380939146868483,0.0,0.0,89854896.02178971,CONTINUED_TO_HOUSEHOLD_BATCH,5669057.120508252,True,True,5667696.030862581,23596837.632754583,0.09,90061052.78222083,1.0,13.211505757418438,5669057.120508252,0.16660083876993786,0.09,0.19160083876993786,0.6936949816114562,1.0800840605388466,1.0800840605388466,C1_RESIDUAL_LEVEL__NO_C0_ACTION,HJB_CONVERGED,True,15,9.609762630091723e-08,0.6936949816114562,13.72921225795597,0.08254871962266853,0.02,DIAGNOSTIC_ONLY,1.0950441942103595e-17,True,0.14765695626931172,3.648642048863607,0.0022671853869751235,False,0.002289077842889754,辽宁,5,False,True,turn_8.one_turn.capital.household_illiquid_return_rah -> steady_state._post_turn_states.rah,0.09,0.02,False,0.5406300280912503,True,False,31,0,30,12,13,9,False,False,1.3,0.8,6.289082372701316e-05,False
7.349644154950603,12.01062069172001,4.6609765367694065,8.125535805030264,66308917.7271201,11253800.0,0.007558725716648063,66101646.46629371,66101646.46629371,0.9968741570827717,66101646.46629371,0.9968741570827717,66101646.46629371,0.9968741570827717,207271.26082639405,66308917.7271201,0.703402376268388,248400.0,248400.0,11168735.612529986,0.3250442085976263,0.3250442085976263,0.3250442085976263,True,0.7380939146868483,0.0,0.0,66101646.46629371,CONTINUED_TO_HOUSEHOLD_BATCH,5388240.553310582,True,True,5388471.889776476,11168861.198128307,0.09,66308917.7271201,1.0,21.691789667111845,5388240.553310582,0.09684104306867089,0.09,0.121419791466603,0.703402376268388,0.5302106056287906,0.8,C1_RESIDUAL_LEVEL__NO_C0_ACTION,HJB_CONVERGED,True,25,4.941590159290854e-08,0.703402376268388,12.965623646024229,0.07865643617726316,0.02,DIAGNOSTIC_ONLY,1.2305694657710475e-17,True,0.16277530678924793,3.3781872821706447,0.003372144206007066,False,0.0031258429172283243,吉林,6,False,True,turn_8.one_turn.capital.household_illiquid_return_rah -> steady_state._post_turn_states.rah,0.09,0.02,False,0.3250442085976263,True,False,31,0,30,12,13,9,True,False,1.3,0.8,1.1244261710618986e-05,False
7.360696217800258,12.007210526016873,4.646514308216616,7.5161684648577785,58424879.89838116,12846500.0,4.059277998347266e-05,58214346.750319,58214346.750319,0.9963965155182459,58214346.750319,0.9963965155182459,58214346.750319,0.9963965155182459,210533.14806216382,58424879.89838116,0.7073973314936283,332700.0,332700.0,12845978.524851942,0.41270310471903765,0.41270310471903765,0.41270310471903765,True,0.7380939146868483,0.0,0.0,58214346.750319,CONTINUED_TO_HOUSEHOLD_BATCH,5277778.212210035,True,True,5279638.968709431,12847164.552164016,0.09,58424879.89838116,1.0,15.863475239585316,5277778.212210035,0.13475381117180346,0.09,0.15975381117180346,0.7073973314936283,0.6275262313903753,0.8,C1_RESIDUAL_LEVEL__NO_C0_ACTION,HJB_CONVERGED,True,22,4.797102270970299e-08,0.7073973314936283,12.024533461432547,0.08488047228441989,0.02,DIAGNOSTIC_ONLY,1.8643057933501572e-17,True,0.15885552666233094,3.508359181949359,0.004699540150376436,False,0.003603484481754104,黑龙江,7,False,True,turn_8.one_turn.capital.household_illiquid_return_rah -> steady_state._post_turn_states.rah,0.09,0.02,False,0.41270310471903765,True,False,31,0,30,12,13,9,True,False,1.3,0.8,9.231821599686718e-05,False
7.321968598273271,11.995517194509942,4.673548596236671,9.051217572469827,66125294.30800852,36011800.0,0.002068712701504105,65917973.12949448,65917973.12949448,0.9968647220298431,65917973.12949448,0.9968647220298431,65917973.12949448,0.9968647220298431,207321.17851403783,66125294.30800852,0.6882408430843662,247500.0,247500.0,35937301.93193597,1.0227253445056632,1.0227253445056632,1.0227253445056632,True,0.7380939146868483,0.0,0.0,65917973.12949448,CONTINUED_TO_HOUSEHOLD_BATCH,5915236.214880042,True,True,5915518.746178291,35937751.48180506,0.09,66125294.30800852,1.0,23.899944302545624,5915236.214880042,0.3903483368280447,0.09,0.41534833682804473,0.6882408430843662,1.647562756747776,1.3,C1_RESIDUAL_LEVEL__NO_C0_ACTION,HJB_CONVERGED,True,25,2.7559581283753687e-09,0.6882408430843662,14.769379989714709,0.07864080317402364,0.02,DIAGNOSTIC_ONLY,1.389530140890255e-17,True,0.14668169483772697,3.6103780437595314,0.0024321674550319416,False,0.0031352779701568586,上海,8,False,True,turn_8.one_turn.capital.household_illiquid_return_rah -> steady_state._post_turn_states.rah,0.09,0.02,False,1.0227253445056632,True,False,31,0,30,12,13,9,False,True,1.3,0.8,1.2509126212645327e-05,False
7.3129615379223,11.988906456269365,4.675944918347065,9.320594077365657,203535217.25929242,93207600.0,0.002184307037290112,203343357.92277583,203343357.92277583,0.9990573654078145,203343357.92277583,0.9990573654078145,203343357.92277583,0.9990573654078145,191859.33651660176,203535217.25929242,0.6822491375859276,844600.0,844600.0,93004005.98339108,1.1603289174497986,1.1603289174497986,1.1603289174497986,True,0.7380939146868483,0.0,0.0,203343357.92277583,CONTINUED_TO_HOUSEHOLD_BATCH,5799045.937155436,True,True,5799433.294385781,93005632.99876598,0.09,203535217.25929242,1.0,6.866026447022775,5799045.937155436,0.3194372035906198,0.09,0.3444372035906198,0.6822491375859276,4.289701129321432,1.3,C1_RESIDUAL_LEVEL__NO_C0_ACTION,HJB_CONVERGED,True,15,6.966383025996947e-10,0.6822491375859276,15.378926883802338,0.08042886844225097,0.02,DIAGNOSTIC_ONLY,1.3660947373317356e-17,True,0.138715444047636,3.7643907073043468,0.0016637598952699006,False,0.0009426345921855074,江苏,9,False,True,turn_8.one_turn.capital.household_illiquid_return_rah -> steady_state._post_turn_states.rah,0.09,0.02,False,1.1603289174497986,True,False,31,0,30,12,13,9,False,True,1.3,0.8,1.7493729384310264e-05,False
7.316048002998457,11.98751620124459,4.671468198246133,9.103964377786916,124249656.20818298,58002800.0,0.002147543856833134,124046336.35412925,124046336.35412925,0.9983636183772368,124046336.35412925,0.9983636183772368,124046336.35412925,0.9983636183772368,203319.85405371716,124249656.20818298,0.6824563354443328,627300.0,627300.0,57878236.44318088,1.0369336001179625,1.0369336001179625,1.0369336001179625,True,0.7380939146868483,0.0,0.0,124046336.35412925,CONTINUED_TO_HOUSEHOLD_BATCH,5852830.069609899,True,True,5853170.368039651,57879117.78746118,0.09,124249656.20818298,1.0,9.330193001131674,5852830.069609899,0.3266239368439422,0.09,0.3516239368439422,0.6824563354443328,2.6487543153027406,1.3,C1_RESIDUAL_LEVEL__NO_C0_ACTION,HJB_CONVERGED,True,18,6.641975858201477e-11,0.6824563354443328,15.072735703030974,0.08335289475159367,0.02,DIAGNOSTIC_ONLY,4.2659846849672723e-17,True,0.1358627736094519,3.854856838376409,0.0018362583595679105,False,0.001636381622763208,浙江,10,False,True,turn_8.one_turn.capital.household_illiquid_return_rah -> steady_state._post_turn_states.rah,0.09,0.02,False,1.0369336001179625,True,False,31,0,30,12,13,9,False,True,1.3,0.8,1.522732747116784e-05,False
7.314674217047577,11.983274986266757,4.668600769219179,9.093225817453948,70182433.35888097,34010900.0,0.0021123071829991513,69968726.56039803,69968726.56039803,0.9969549816349322,69968726.56039803,0.9969549816349322,69968726.56039803,0.9969549816349322,213706.79848294196,70182433.35888097,0.6774293128420207,607600.0,607600.0,33939058.531629734,0.9221011048681041,0.9221011048681041,0.9221011048681041,True,0.7380939146868483,0.0,0.0,69968726.56039803,CONTINUED_TO_HOUSEHOLD_BATCH,5969941.514869587,True,True,5970225.128061084,33939480.80541038,0.09,70182433.35888097,1.0,9.825446864498991,5969941.514869587,0.3410612700265892,0.09,0.3660612700265892,0.6774293128420207,1.5270248059335771,1.3,C1_RESIDUAL_LEVEL__NO_C0_ACTION,HJB_CONVERGED,True,14,1.4065859588185958e-10,0.6774293128420207,15.270911493153655,0.08895775354110526,0.02,DIAGNOSTIC_ONLY,1.4604521586766488e-17,True,0.12610558883809816,4.115240619750015,0.001942621363481667,False,0.0030450183650678345,安徽,11,False,True,turn_8.one_turn.capital.household_illiquid_return_rah -> steady_state._post_turn_states.rah,0.09,0.02,False,0.9221011048681041,True,False,31,0,30,12,13,9,False,True,1.3,0.8,1.2441963478049267e-05,False
7.322323832769261,11.99142505009849,4.66910121732923,8.887384464608957,87795538.11850408,38687800.0,0.0021039902586489356,87589287.38049537,87589287.38049537,0.9976507833720397,87589287.38049537,0.9976507833720397,87589287.38049537,0.9976507833720397,206250.73800870092,87795538.11850408,0.6868326485424789,410400.0,410400.0,38606401.24567144,0.8921644600055767,0.8921644600055767,0.8921644600055767,True,0.7380939146868483,0.0,0.0,87589287.38049537,CONTINUED_TO_HOUSEHOLD_BATCH,5892658.8226689445,True,True,5892952.689203389,38606905.48388008,0.09,87795538.11850408,1.0,14.358330464592944,5892658.8226689445,0.30556177637393794,0.09,0.33056177637393797,0.6868326485424789,1.747622979032921,1.3,C1_RESIDUAL_LEVEL__NO_C0_ACTION,HJB_CONVERGED,True,15,6.806680996618297e-09,0.6868326485424789,14.600461976180357,0.08227335304525524,0.02,DIAGNOSTIC_ONLY,3.01950305037213e-17,True,0.14117179556304044,3.749307398831488,0.002109842553816632,False,0.0023492166279601725,福建,12,False,True,turn_8.one_turn.capital.household_illiquid_return_rah -> steady_state._post_turn_states.rah,0.09,0.02,False,0.8921644600055767,True,False,31,0,30,12,13,9,False,True,1.3,0.8,1.3060829463507062e-05,False
7.317883991003977,11.984330239449438,4.66644624844546,8.950970767226835,51050047.92908307,22716500.0,0.0023056602481525967,50835646.90968311,50835646.90968311,0.9958001798607946,50835646.90968311,0.9958001798607946,50835646.90968311,0.9958001798607946,214401.01939996638,51050047.92908307,0.6793788109114789,451300.0,451300.0,22768876.53102716,0.7893560257063097,0.7893560257063097,0.7893560257063097,True,0.7380939146868483,0.0,0.0,50835646.90968311,CONTINUED_TO_HOUSEHOLD_BATCH,5772563.758382068,True,True,5772006.543631608,22768300.88365166,0.09,51050047.92908307,1.0,12.79096777837817,5772563.758382068,0.31061726830319264,0.09,0.33561726830319266,0.6793788109114789,1.053187457599817,1.053187457599817,C1_RESIDUAL_LEVEL__NO_C0_ACTION,HJB_CONVERGED,True,14,4.385873886292302e-10,0.6793788109114789,14.993183252951095,0.08911958419369924,0.02,DIAGNOSTIC_ONLY,1.381556829705531e-17,True,0.1276588719805288,4.086936402383511,0.001431567285243629,False,0.004199820139205447,江西,13,False,True,turn_8.one_turn.capital.household_illiquid_return_rah -> steady_state._post_turn_states.rah,0.09,0.02,False,0.7893560257063097,True,False,31,0,30,12,13,9,False,False,1.3,0.8,2.5282842951002138e-05,False
7.312378320922781,11.986507262104707,4.674128941181927,9.273630224610997,210016973.07581103,66648899.99999999,0.002171218575127032,209823149.71755505,209823149.71755505,0.9990771062194768,209823149.71755505,0.9990771062194768,209823149.71755505,0.9990771062194768,193823.3582559908,210016973.07581103,0.6806559391418726,1007700.0,1007700.0,66504190.67030821,0.8090038132922267,0.8090038132922267,0.8090038132922267,True,0.7380939146868483,0.0,0.0,209823149.71755505,CONTINUED_TO_HOUSEHOLD_BATCH,5846597.128075926,True,True,5846953.86872137,66505253.427977,0.09,210016973.07581103,1.0,5.801922326164459,5846597.128075926,0.20851028842858646,0.09,0.23351028842858645,0.6806559391418726,2.9763994162118945,1.3,C1_RESIDUAL_LEVEL__NO_C0_ACTION,HJB_CONVERGED,True,16,5.444622530603738e-11,0.6806559391418726,15.380273015400746,0.08264891597273823,0.02,DIAGNOSTIC_ONLY,1.1980434005964824e-17,True,0.134886548468308,3.862066803044793,0.0015731279765246464,False,0.0009228937805232784,山东,14,False,True,turn_8.one_turn.capital.household_illiquid_return_rah -> steady_state._post_turn_states.rah,0.09,0.02,False,0.8090038132922267,True,False,31,0,30,12,13,9,False,True,1.3,0.8,1.598005592062801e-05,False
7.311021489149141,11.98395915212308,4.672937662973941,9.279814855709343,168320556.01470312,49935900.0,0.0021573819023891216,168118845.8453641,168118845.8453641,0.998801630804253,168118845.8453641,0.998801630804253,168118845.8453641,0.998801630804253,201710.16933902778,168320556.01470312,0.678084979541961,986400.0,986400.0,49828169.19306049,0.7116861984516236,0.7116861984516236,0.7116861984516236,True,0.7380939146868483,0.0,0.0,168118845.8453641,CONTINUED_TO_HOUSEHOLD_BATCH,5910241.155018868,True,True,5910568.685015798,49828892.39156147,0.09,168320556.01470312,1.0,5.991728664860977,5910241.155018868,0.1926026490194569,0.09,0.2176026490194569,0.678084979541961,2.1990246513291543,1.3,C1_RESIDUAL_LEVEL__NO_C0_ACTION,HJB_CONVERGED,True,13,3.8587284478808215e-09,0.678084979541961,15.497803153079277,0.08521798820450921,0.02,DIAGNOSTIC_ONLY,2.2485804247535756e-17,True,0.1300343828961898,3.9868180684055194,0.0015869856374791658,False,0.0011983691957470008,河南,15,False,True,turn_8.one_turn.capital.household_illiquid_return_rah -> steady_state._post_turn_states.rah,0.09,0.02,False,0.7116861984516236,True,False,31,0,30,12,13,9,False,True,1.3,0.8,1.4513637897062281e-05,False
7.312082563239111,11.984451373768156,4.672368810529046,9.235093183514419,101805153.6623069,42022000.0,0.002125189708302999,101598064.84019952,101598064.84019952,0.9979658316435107,101598064.84019952,0.9979658316435107,101598064.84019952,0.9979658316435107,207088.82210739612,101805153.6623069,0.6788214529776153,591700.0,591700.0,41932695.27807769,0.8668910887321597,0.8668910887321597,0.8668910887321597,True,0.7380939146868483,0.0,0.0,101598064.84019952,CONTINUED_TO_HOUSEHOLD_BATCH,5940324.629727263,True,True,5940631.048893703,41933261.77277339,0.09,101805153.6623069,1.0,10.039419688570666,5940324.629727263,0.28327980792882945,0.09,0.3082798079288295,0.6788214529776153,1.8747295669461215,1.3,C1_RESIDUAL_LEVEL__NO_C0_ACTION,HJB_CONVERGED,True,13,3.0649154325601558e-09,0.6788214529776153,15.404860799427757,0.08512190968787182,0.02,DIAGNOSTIC_ONLY,2.1738253558334364e-17,True,0.13078861655263196,3.971392407045479,0.0019012814415185764,False,0.0020341683564893062,湖北,16,False,True,turn_8.one_turn.capital.household_illiquid_return_rah -> steady_state._post_turn_states.rah,0.09,0.02,False,0.8668910887321597,True,False,31,0,30,12,13,9,False,True,1.3,0.8,1.3509435511371848e-05,False
7.315625097107544,11.98451617236673,4.668891075259186,9.057248142656345,93791807.14892803,36329700.0,0.0021243883435327904,93581691.81966636,93581691.81966636,0.9977597688364396,93581691.81966636,0.9977597688364396,93581691.81966636,0.9977597688364396,210115.3292616761,93791807.14892803,0.679507110665657,663500.0,663500.0,36252521.608795956,0.7959373284760574,0.7959373284760574,0.7959373284760574,True,0.7380939146868483,0.0,0.0,93581691.81966636,CONTINUED_TO_HOUSEHOLD_BATCH,5948207.402631591,True,True,5948498.5810873555,36252986.39058038,0.09,93791807.14892803,1.0,8.964894352119956,5948207.402631591,0.26314260629788955,0.09,0.28814260629788957,0.679507110665657,1.612204931543109,1.3,C1_RESIDUAL_LEVEL__NO_C0_ACTION,HJB_CONVERGED,True,13,5.116033729990477e-08,0.679507110665657,15.132388027582186,0.08720573811975028,0.02,DIAGNOSTIC_ONLY,1.658213421029167e-17,True,0.1294722297958184,4.025301899983958,0.0018484415170751944,False,0.0022402311635604044,湖南,17,False,True,turn_8.one_turn.capital.household_illiquid_return_rah -> steady_state._post_turn_states.rah,0.09,0.02,False,0.7959373284760574,True,False,31,0,30,12,13,9,False,True,1.3,0.8,1.2820510272293362e-05,False
7.321933071524526,11.987642461246828,4.665709389722301,8.805934043226607,191259406.86816654,99945200.0,0.0022069868710983265,191057332.57524222,191057332.57524222,0.9989434543574445,191057332.57524222,0.9989434543574445,191057332.57524222,0.9989434543574445,202074.2929243152,191259406.86816654,0.6841258896688059,1234800.0,1234800.0,99724622.2557707,1.30644139756687,1.30644139756687,1.30644139756687,True,0.7380939146868483,0.0,0.0,191057332.57524222,CONTINUED_TO_HOUSEHOLD_BATCH,5734800.313997932,True,True,5735191.818189307,99726405.27145453,0.09,191259406.86816654,1.0,4.644315123095183,5734800.313997932,0.3720834895135893,0.09,0.39708348951358935,0.6841258896688059,4.699160715266031,1.3,C1_RESIDUAL_LEVEL__NO_C0_ACTION,HJB_CONVERGED,True,13,1.1449716286193734e-08,0.6841258896688059,14.598201003822108,0.08628758756746314,0.02,DIAGNOSTIC_ONLY,2.2944428475224488e-17,True,0.1345127355335421,3.919492434145645,0.0015030441165939656,False,0.001056545642555523,广东,18,False,True,turn_8.one_turn.capital.household_illiquid_return_rah -> steady_state._post_turn_states.rah,0.09,0.02,False,1.30644139756687,True,False,31,0,30,12,13,9,False,True,1.3,0.8,1.7879073039628324e-05,False
7.331579796825851,11.990663145047737,4.659083348221886,8.410303497909158,67306708.83876626,19627800.0,0.005296151635103219,67094690.01619108,67094690.01619108,0.9968499600376677,67094690.01619108,0.9968499600376677,67094690.01619108,0.9968499600376677,212018.82257518423,67306708.83876626,0.6891523253915197,494700.0,494700.0,19523848.19493652,0.5577680812178123,0.5577680812178123,0.5577680812178123,True,0.7380939146868483,0.0,0.0,67094690.01619108,CONTINUED_TO_HOUSEHOLD_BATCH,5545032.858277282,True,True,5544197.199882101,19523077.540250495,0.09,67306708.83876626,1.0,11.20887984288919,5545032.858277282,0.1880272026755052,0.09,0.2130272026755052,0.6891523253915197,0.9175363105571187,0.9175363105571187,C1_RESIDUAL_LEVEL__NO_C0_ACTION,HJB_CONVERGED,True,13,1.895456458456124e-08,0.6891523253915197,13.8642611473422,0.08756539046960443,0.02,DIAGNOSTIC_ONLY,1.8431436932253575e-17,True,0.13792070777864252,3.8760690134520037,0.00029578096589388814,False,0.0031500399623323873,广西,19,False,True,turn_8.one_turn.capital.household_illiquid_return_rah -> steady_state._post_turn_states.rah,0.09,0.02,False,0.5577680812178123,True,False,31,0,30,12,13,9,False,False,1.3,0.8,3.9474037043518706e-05,False
7.343191068644991,11.996584071837466,4.653393003192475,8.013719204845438,14673330.466888333,4910700.0,0.0020784443219975524,14458727.811219199,14458727.811219199,0.9853746457797428,14458727.811219199,0.9853746457797428,14458727.811219199,0.9853746457797428,214602.65566913373,14673330.466888333,0.6966331555677603,98200.0,98200.0,4900493.383467967,0.43124462072637787,0.43124462072637787,0.43124462072637787,True,0.7380939146868483,0.0,0.0,14458727.811219199,CONTINUED_TO_HOUSEHOLD_BATCH,5529229.508763588,True,True,5529471.465651543,4900549.546656492,0.09,14673330.466888333,1.0,56.305799478244275,5529229.508763588,0.22193752583244383,0.09,0.24693752583244383,0.6966331555677603,0.23253329119064395,0.8,C1_RESIDUAL_LEVEL__NO_C0_ACTION,HJB_CONVERGED,True,14,8.485752989173534e-09,0.6966331555677603,13.053343626776003,0.08665869173726387,0.02,DIAGNOSTIC_ONLY,3.090794928094198e-17,True,0.1460134425867379,3.728153311383166,0.0030176629576476044,False,0.014625354220257193,海南,20,False,True,turn_8.one_turn.capital.household_illiquid_return_rah -> steady_state._post_turn_states.rah,0.09,0.02,False,0.43124462072637787,True,False,31,0,30,12,13,9,True,False,1.3,0.8,1.146058987688825e-05,False
7.320872583864394,11.9874747384237,4.666602154559307,8.85451640901687,50663834.63130832,21588800.0,0.000700218382717166,50452053.37841157,50452053.37841157,0.9958198732007175,50452053.37841157,0.9958198732007175,50452053.37841157,0.9958198732007175,211781.25289675003,50663834.63130832,0.6837212175909916,316300.0,316300.0,21603916.874620803,0.7557652302563093,0.7557652302563093,0.7557652302563093,True,0.7380939146868483,0.0,0.0,50452053.37841157,CONTINUED_TO_HOUSEHOLD_BATCH,5697500.074471052,True,True,5696246.032070735,21602671.381743696,0.09,50663834.63130832,1.0,18.012962612934086,5697500.074471052,0.294882099035196,0.09,0.31988209903519604,0.6837212175909916,1.0093403136970671,1.0093403136970671,C1_RESIDUAL_LEVEL__NO_C0_ACTION,HJB_CONVERGED,True,13,8.968678688603404e-09,0.6837212175909916,14.68065195362218,0.08592875919099704,0.02,DIAGNOSTIC_ONLY,2.0446171462151972e-17,True,0.13448774688302664,3.9150306259056635,0.0016480324428063131,False,0.004180126799282526,重庆,21,False,True,turn_8.one_turn.capital.household_illiquid_return_rah -> steady_state._post_turn_states.rah,0.09,0.02,False,0.7557652302563093,True,False,31,0,30,12,13,9,False,False,1.3,0.8,5.765457683892805e-05,False
7.321773009951617,11.985770703836604,4.663997693884987,8.783437566481412,94830047.41899477,42902100.0,0.0021456681482840967,94616775.99405168,94616775.99405168,0.9977510142539444,94616775.99405168,0.9977510142539444,94616775.99405168,0.9977510142539444,213271.4249430866,94830047.41899477,0.6819548767916221,832100.0,832100.0,42810046.3305355,0.9358547875920058,0.9358547875920058,0.9358547875920058,True,0.7380939146868483,0.0,0.0,94616775.99405168,CONTINUED_TO_HOUSEHOLD_BATCH,5862493.249778924,True,True,5862801.358781273,42810635.58773301,0.09,94830047.41899477,1.0,7.045419120032356,5862493.249778924,0.31499263969240826,0.09,0.3399926396924083,0.6819548767916221,1.9514934228747005,1.3,C1_RESIDUAL_LEVEL__NO_C0_ACTION,HJB_CONVERGED,True,14,1.6717804918187085e-09,0.6819548767916221,14.657307497464519,0.08906223455650321,0.02,DIAGNOSTIC_ONLY,1.0652286344670081e-17,True,0.12996531720093613,4.041369675694261,0.0017192783561129632,False,0.0022489857460555023,四川,22,False,True,turn_8.one_turn.capital.household_illiquid_return_rah -> steady_state._post_turn_states.rah,0.09,0.02,False,0.9358547875920058,True,False,31,0,30,12,13,9,False,True,1.3,0.8,1.3764271177385545e-05,False
7.326496994059731,11.987121559778274,4.6606245657185426,8.585876404453883,39447014.665611394,15353200.0,5.060466732009772e-05,39231679.521155834,39231679.521155834,0.9945411548559268,39231679.521155834,0.9945411548559268,39231679.521155834,0.9945411548559268,215335.14445556214,39447014.665611394,0.6843548413467744,382200.0,382200.0,15352423.0564217,0.6531605820813702,0.6531605820813702,0.6531605820813702,True,0.7380939146868483,0.0,0.0,39231679.521155834,CONTINUED_TO_HOUSEHOLD_BATCH,5463524.379320524,True,True,5465552.883627616,15353915.734205782,0.09,39447014.665611394,1.0,14.294935581686351,5463524.379320524,0.2652854851315252,0.09,0.29028548513152524,0.6843548413467744,0.7437047263496276,0.8,C1_RESIDUAL_LEVEL__NO_C0_ACTION,HJB_CONVERGED,True,14,2.035269286437824e-09,0.6843548413467744,14.291625981963838,0.08979022272924388,0.02,DIAGNOSTIC_ONLY,2.2664968336343568e-17,True,0.1314420293490287,4.023218258802109,0.004708256785983078,False,0.005458845144073329,贵州,23,False,True,turn_8.one_turn.capital.household_illiquid_return_rah -> steady_state._post_turn_states.rah,0.09,0.02,False,0.6531605820813702,True,False,31,0,30,12,13,9,True,False,1.3,0.8,9.72180523797217e-05,False
7.334517626844975,11.992481903952957,4.657964277107981,8.313142770909625,68611984.86091176,20880600.0,0.0019162604654170412,68400716.6090907,68400716.6090907,0.9969208258258476,68400716.6090907,0.9969208258258476,68400716.6090907,0.9969208258258476,211268.2518210577,68611984.86091176,0.6913656082845244,470300.0,470300.0,20840587.331725813,0.5861329189742354,0.5861329189742354,0.5861329189742354,True,0.7380939146868483,0.0,0.0,68400716.6090907,CONTINUED_TO_HOUSEHOLD_BATCH,5576574.302153606,True,True,5575249.056436566,20839290.085093945,0.09,68611984.86091176,1.0,11.857483100475454,5576574.302153606,0.19853948056599055,0.09,0.22353948056599054,0.6913656082845244,0.9759345473104455,0.9759345473104455,C1_RESIDUAL_LEVEL__NO_C0_ACTION,HJB_CONVERGED,True,14,1.4615899601722049e-09,0.6913656082845244,13.648732123875812,0.08689840946632084,0.02,DIAGNOSTIC_ONLY,2.087089182034596e-17,True,0.1406763353926251,3.8197674944702773,0.0008842966974667021,False,0.0030791741741524404,云南,24,False,True,turn_8.one_turn.capital.household_illiquid_return_rah -> steady_state._post_turn_states.rah,0.09,0.02,False,0.5861329189742354,True,False,31,0,30,12,13,9,False,False,1.3,0.8,6.225003954418717e-05,False
8.171301979778605,10.127023601954136,1.9557216221755311,7.603256926644992,6325734.326183821,1548400.0,0.0021683683656072983,6110782.072644399,6110782.072644399,0.9660193990996934,6110782.072644399,0.9660193990996934,6110782.072644399,0.9660193990996934,214952.25353942224,6325734.326183821,0.6622402906063962,35400.0,35400.0,1545042.4984226937,0.2539305050273779,0.2539305050273779,0.2539305050273779,True,0.7380939146868483,0.0,0.0,6110782.072644399,CONTINUED_TO_HOUSEHOLD_BATCH,5453053.602258282,True,True,5453409.7954783505,1545068.9298996774,0.09,6325734.326183821,1.0,154.04106221068594,5453053.602258282,0.1531140478840325,0.09,0.17811404788403248,0.6622402906063962,0.0733167693011326,0.8,C1_RESIDUAL_LEVEL__NO_C0_ACTION,HJB_CONVERGED,True,16,2.716094460453178e-09,0.6622402906063962,11.59105484028697,0.08467080835030227,0.02,DIAGNOSTIC_ONLY,1.2237932021930131e-17,True,0.0006551493228666834,0.8070233336781765,0.003826503146603266,False,0.033980600900306586,西藏,25,False,True,turn_8.one_turn.capital.household_illiquid_return_rah -> steady_state._post_turn_states.rah,0.09,0.02,False,0.2539305050273779,True,False,31,0,30,12,13,9,True,False,1.3,0.8,1.7106988867809925e-05,False
7.316227337768117,11.98700947178676,4.670782134018642,9.08043208678513,73897910.2910824,23941900.0,0.004301479922593998,73689226.15880719,73689226.15880719,0.9971760482609967,73689226.15880719,0.9971760482609967,73689226.15880719,0.9971760482609967,208684.13227520583,73897910.2910824,0.6821318484061789,393100.0,393100.0,24044885.602158755,0.6338518706666324,0.6338518706666324,0.6338518706666324,True,0.7380939146868483,0.0,0.0,73689226.15880719,CONTINUED_TO_HOUSEHOLD_BATCH,5792991.747991333,True,True,5791770.8747144425,24043558.300114922,0.09,73897910.2910824,1.0,14.73668722460273,5792991.747991333,0.21526427529476808,0.09,0.24026427529476807,0.6821318484061789,1.087557963490935,1.087557963490935,C1_RESIDUAL_LEVEL__NO_C0_ACTION,HJB_CONVERGED,True,26,1.9741142054385818e-10,0.6821318484061789,15.053915088325992,0.08403885303719177,0.02,DIAGNOSTIC_ONLY,1.9000643072808465e-17,True,0.1348718413556087,3.881963189050574,0.002391731511134809,False,0.0028239517390032166,陕西,26,False,True,turn_8.one_turn.capital.household_illiquid_return_rah -> steady_state._post_turn_states.rah,0.09,0.02,False,0.6338518706666324,True,False,31,0,30,12,13,9,False,False,1.3,0.8,5.5204060366742524e-05,False
7.3288857959778655,11.987894016548745,4.65900822057088,8.488575253502775,25177704.67938732,8104100.0,0.006064192321283635,24962132.952363417,24962132.952363417,0.9914379912796265,24962132.952363417,0.9914379912796265,24962132.952363417,0.9914379912796265,215571.72702390197,25177704.67938732,0.6857009470737904,251500.0,251500.0,8153244.8209909145,0.4815843645010798,0.4815843645010798,0.4815843645010798,True,0.7380939146868483,0.0,0.0,24962132.952363417,CONTINUED_TO_HOUSEHOLD_BATCH,5532547.651454762,True,True,5532784.837565141,8153336.365708972,0.09,25177704.67938732,1.0,21.99820139743444,5532547.651454762,0.21406163353944166,0.09,0.23906163353944165,0.6857009470737904,0.3860422332237976,0.8,C1_RESIDUAL_LEVEL__NO_C0_ACTION,HJB_CONVERGED,True,13,2.049901137723964e-08,0.6857009470737904,14.106229585543641,0.09,0.02,DIAGNOSTIC_ONLY,1.3552527156068805e-17,True,0.13245106891416747,4.006990878974162,0.0002636941576142915,False,0.008562008720373463,甘肃,27,False,True,turn_8.one_turn.capital.household_illiquid_return_rah -> steady_state._post_turn_states.rah,0.09,0.02,False,0.4815843645010798,True,False,31,0,30,12,13,9,True,False,1.3,0.8,1.122788438401301e-05,False
7.345376833369789,12.005971071378735,4.660594238008946,8.10012484047663,17578407.529567722,2748000.0,0.0021176329274450456,17365178.262253124,17365178.262253124,0.9878698188697732,17365178.262253124,0.9878698188697732,17365178.262253124,0.9878698188697732,213229.26731459764,17578407.529567722,0.7068480205408054,58700.0,58700.0,2742180.744715381,0.2111711647722934,0.2111711647722934,0.2111711647722934,True,0.7380939146868483,0.0,0.0,17365178.262253124,CONTINUED_TO_HOUSEHOLD_BATCH,5531235.801862101,True,True,5531538.015281014,2742219.9843071126,0.08784906971137482,17578407.529567722,1.0,94.228889299184,5531235.801862101,0.0878473117424211,0.0878473117424211,0.11224222248019217,0.7068480205408054,0.12657489548354672,0.8,C1_RESIDUAL_LEVEL__NO_C0_ACTION,HJB_CONVERGED,True,26,8.924860850356708e-11,0.7068480205408054,12.801795006679985,0.0746232339491471,0.02,DIAGNOSTIC_ONLY,1.656118818471608e-17,True,0.1747559122230458,3.2149931062600814,0.0028608140838929375,False,0.012130181130226719,青海,28,False,False,turn_8.one_turn.capital.household_illiquid_return_rah -> steady_state._post_turn_states.rah,0.09,0.02,False,0.2111711647722934,True,False,31,0,30,12,13,9,True,False,1.3,0.8,1.4309425194314329e-05,False
7.3306262191425695,11.999663616614235,4.669037397471665,8.72509233246065,18640640.44456374,3510200.0,0.0020956897383813677,18427372.686881833,18427372.686881833,0.9885589897881377,18427372.686881833,0.9885589897881377,18427372.686881833,0.9885589897881377,213267.7576819053,18640640.44456374,0.6929962032503106,71000.0,71000.0,3502843.709880334,0.25704566563666087,0.25704566563666087,0.25704566563666087,True,0.7380939146868483,0.0,0.0,18427372.686881833,CONTINUED_TO_HOUSEHOLD_BATCH,5636356.642574173,True,True,5636638.015770857,3502889.507468547,0.09,18640640.44456374,1.0,79.38530482498835,5636356.642574173,0.11092546822198023,0.09,0.13586225249287623,0.6929962032503106,0.15943921195788144,0.8,C1_RESIDUAL_LEVEL__NO_C0_ACTION,HJB_CONVERGED,True,27,3.0181634969039806e-10,0.6929962032503106,14.143539850941059,0.07895703104529378,0.02,DIAGNOSTIC_ONLY,1.713039432527097e-17,True,0.15120091670322178,3.5460899407530424,0.0028762919394148545,False,0.011441010211862201,宁夏,29,False,True,turn_8.one_turn.capital.household_illiquid_return_rah -> steady_state._post_turn_states.rah,0.09,0.02,False,0.25704566563666087,True,False,31,0,30,12,13,9,True,False,1.3,0.8,1.3074231464016428e-05,False
8.183067845582897,10.142705543777893,1.9596376981949954,7.2777446203244285,49250553.031937115,12809400.0,3.9609651909744414e-05,49040338.52872625,49040338.52872625,0.9957317331426807,49040338.52872625,0.9957317331426807,49040338.52872625,0.9957317331426807,210214.50321086292,49250553.031937115,0.6689289241251335,252000.0,252000.0,12808892.624124827,0.4695876658129632,0.4695876658129632,0.4695876658129632,True,0.7380939146868483,0.0,0.0,49040338.52872625,CONTINUED_TO_HOUSEHOLD_BATCH,5159513.152382041,True,True,5161294.193502185,12810050.513524737,0.09,49250553.031937115,1.0,20.474258541198576,5159513.152382041,0.16513295384287272,0.09,0.1901329538428727,0.6689289241251335,0.6440116852478404,0.8,C1_RESIDUAL_LEVEL__NO_C0_ACTION,HJB_CONVERGED,True,16,2.6742004166635525e-09,0.6689289241251335,10.961461290671625,0.08353198195206345,0.02,DIAGNOSTIC_ONLY,1.5233040523421337e-17,True,0.14629372998673426,0.7878622307054548,0.004568840462440438,False,0.004268266857319283,新疆,30,False,True,turn_8.one_turn.capital.household_illiquid_return_rah -> steady_state._post_turn_states.rah,0.09,0.02,False,0.4695876658129632,True,False,31,0,30,12,13,9,True,False,1.3,0.8,9.03891361464515e-05,False
7.322074390019985,11.995635505128531,4.673561115108546,9.049744716175223,58719043.066994764,33106000.0,0.0020479762444721716,58510809.3793402,58510809.3793402,0.996453728181214,58510809.3793402,0.996453728181214,58510809.3793402,0.996453728181214,208233.68765456314,58719043.066994764,0.6883179302315645,219200.0,219200.0,33038199.698450506,1.026364744857471,1.026364744857471,1.026364744857471,True,0.7380939146868483,0.0,0.0,58510809.3793402,CONTINUED_TO_HOUSEHOLD_BATCH,5915520.468351895,True,True,5915462.946292487,33038115.557970244,0.09,58719043.066994764,1.0,26.98686345051047,5915520.468351895,0.40633730905087306,0.09,0.4313373090508731,0.6883179302315645,1.5192771184481446,1.3,C1_RESIDUAL_LEVEL__NO_C0_ACTION,HJB_CONVERGED,True,25,1.2138077210011033e-09,0.6883179302315645,14.764371887229423,0.07859257589146582,0.02,DIAGNOSTIC_ONLY,2.4665599424045226e-17,True,0.14681753393180014,3.607597122815124,0.0010244169460412733,False,0.0035462718187859684,北京,0,False,True,turn_9.one_turn.capital.household_illiquid_return_rah -> steady_state._post_turn_states.rah,0.09,0.02,False,1.026364744857471,True,False,31,0,30,12,13,10,False,True,1.3,0.8,2.5467699606984695e-06,False
7.308369903890879,11.98412019181388,4.675750287923,9.21198466789322,64593598.72309723,13362900.0,2.7941010087961793e-05,64388134.37545796,64388134.37545796,0.9968191221467616,64388134.37545796,0.9968191221467616,64388134.37545796,0.9968191221467616,205464.3476392716,64593598.72309723,0.697925889914114,138300.0,138300.0,13362526.627076296,0.3943630348293412,0.3943630348293412,0.3943630348293412,True,0.7380939146868483,0.0,0.0,64388134.37545796,CONTINUED_TO_HOUSEHOLD_BATCH,5499857.324731287,True,True,5499831.303820523,13362510.069147862,0.09,64593598.72309723,1.0,39.76758730825225,5499857.324731287,0.125000078248487,0.09,0.150000078248487,0.697925889914114,0.6251201642363995,0.8,C1_RESIDUAL_LEVEL__NO_C0_ACTION,HJB_CONVERGED,True,25,8.782474747448532e-09,0.697925889914114,14.587063841821225,0.06490310099206888,0.02,DIAGNOSTIC_ONLY,3.015057507978751e-17,True,0.1636742630901838,3.048069570597759,0.001691607656998828,False,0.0031808778532384533,天津,1,False,True,turn_9.one_turn.capital.household_illiquid_return_rah -> steady_state._post_turn_states.rah,0.09,0.02,False,0.3943630348293412,True,False,31,0,30,12,13,10,True,False,1.3,0.8,1.239133093022815e-06,False
7.316250913537411,11.985257659961958,4.669006746424547,9.038893335820632,113705229.18254791,32494600.0,0.0021131077742263527,113497505.76814057,113497505.76814057,0.9981731410604358,113497505.76814057,0.9981731410604358,113497505.76814057,0.9981731410604358,207723.4144073395,113705229.18254791,0.6805039524345328,742600.0,742600.0,32425935.408119623,0.6175565659297677,0.6175565659297677,0.6175565659297677,True,0.7380939146868483,0.0,0.0,113497505.76814057,CONTINUED_TO_HOUSEHOLD_BATCH,5950315.547896771,True,True,5950257.591406049,32425852.68979162,0.09,113705229.18254791,1.0,8.012813826954984,5950315.547896771,0.18427289069174826,0.09,0.20927289069174826,0.6805039524345328,1.4190162815195042,1.3,C1_RESIDUAL_LEVEL__NO_C0_ACTION,HJB_CONVERGED,True,13,2.9257568368024067e-08,0.6805039524345328,15.065117407500875,0.08640795057146784,0.02,DIAGNOSTIC_ONLY,3.049823870097719e-17,True,0.13110005964276303,3.9836094305223075,0.0007188677187908166,False,0.0018268589395642502,河北,2,False,True,turn_9.one_turn.capital.household_illiquid_return_rah -> steady_state._post_turn_states.rah,0.09,0.02,False,0.6175565659297677,True,False,31,0,30,12,13,10,False,True,1.3,0.8,2.5509993151207055e-06,False
7.318622571095673,11.98618605967609,4.667563488580416,8.93905269043326,53478727.38884524,15958100.0,4.906037182417222e-05,53266829.426039174,53266829.426039174,0.9960377149354106,53266829.426039174,0.9960377149354106,53266829.426039174,0.9960377149354106,211897.9628060717,53478727.38884524,0.6819681988522249,350200.0,350200.0,15957317.089680392,0.541543979367176,0.541543979367176,0.541543979367176,True,0.7380939146868483,0.0,0.0,53266829.426039174,CONTINUED_TO_HOUSEHOLD_BATCH,5493269.496393924,True,True,5493250.921630694,15957302.957850955,0.09,53478727.38884524,1.0,15.686092222712517,5493269.496393924,0.19441510225753167,0.09,0.21941510225753166,0.6819681988522249,0.757967595808133,0.8,C1_RESIDUAL_LEVEL__NO_C0_ACTION,HJB_CONVERGED,True,13,9.674425349714966e-08,0.6819681988522249,14.867824698662384,0.08643568456709175,0.02,DIAGNOSTIC_ONLY,2.782455233340721e-17,True,0.13239848515334296,3.959969892306889,0.0018811072162292497,False,0.00396228506458944,山西,3,False,True,turn_9.one_turn.capital.household_illiquid_return_rah -> steady_state._post_turn_states.rah,0.09,0.02,False,0.541543979367176,True,False,31,0,30,12,13,10,True,False,1.3,0.8,8.856026281200968e-07,False
7.328992280507361,12.001912763355863,4.672920482848502,8.862027594561287,82165502.99427319,16140800.0,4.463641188490186e-05,81961499.32674998,81961499.32674998,0.9975171615813339,81961499.32674998,0.9975171615813339,81961499.32674998,0.9975171615813339,204003.6675232019,82165502.99427319,0.696077031407351,242200.0,242200.0,16140079.532603048,0.4001484797007443,0.4001484797007443,0.4001484797007443,True,0.7380939146868483,0.0,0.0,81961499.32674998,CONTINUED_TO_HOUSEHOLD_BATCH,5430729.040100992,True,True,5430709.325562723,16140064.187128728,0.09,82165502.99427319,1.0,22.422498101160166,5430729.040100992,0.11720632042538204,0.09,0.14220632042538203,0.696077031407351,0.763456412563458,0.8,C1_RESIDUAL_LEVEL__NO_C0_ACTION,HJB_CONVERGED,True,25,2.5958390992286695e-09,0.696077031407351,14.208695531205802,0.07370571296475036,0.02,DIAGNOSTIC_ONLY,1.4626737501525462e-17,True,0.16264283851665065,3.336874044916158,0.0018325735482191963,False,0.002482838418666051,内蒙古,4,False,True,turn_9.one_turn.capital.household_illiquid_return_rah -> steady_state._post_turn_states.rah,0.09,0.02,False,0.4001484797007443,True,False,31,0,30,12,13,10,True,False,1.3,0.8,9.507691012267117e-07,False
7.334377927582982,11.996943234538605,4.662565306955624,8.43796073690963,90061052.78222083,23510500.0,0.0037302861203949433,89854895.93499625,89854895.93499625,0.9977109211933921,89854895.93499625,0.9977109211933921,89854895.93499625,0.9977109211933921,206156.84722458318,90061052.78222083,0.6936991694765133,429100.0,429100.0,23598200.891833548,0.5406300280912503,0.5406300280912503,0.5406300280912503,True,0.7380939146868483,0.0,0.0,89854895.93499625,CONTINUED_TO_HOUSEHOLD_BATCH,5668946.350089646,True,True,5669057.120508252,23598321.65731066,0.09,90061052.78222083,1.0,13.211247611488337,5668946.350089646,0.16660033608958688,0.09,0.19160033608958688,0.6936991694765133,1.0801023314867246,1.0801023314867246,C1_RESIDUAL_LEVEL__NO_C0_ACTION,HJB_CONVERGED,True,15,9.510674825463639e-08,0.6936991694765133,13.72871314887477,0.08254872589857835,0.02,DIAGNOSTIC_ONLY,1.338989683019598e-17,True,0.14766116566723578,3.648576331729265,0.0008885873505272146,False,0.002289078806607967,辽宁,5,False,True,turn_9.one_turn.capital.household_illiquid_return_rah -> steady_state._post_turn_states.rah,0.09,0.02,False,0.5406300280912503,True,False,31,0,30,12,13,10,False,False,1.3,0.8,5.1175451740714806e-06,False
7.349658146581617,12.010628636757634,4.660970490176017,8.125112076484381,66308917.7271201,11253800.0,0.007556182220820884,66101646.385902986,66101646.385902986,0.9968741558704051,66101646.385902986,0.9968741558704051,66101646.385902986,0.9968741558704051,207271.3412171192,66308917.7271201,0.7034097978072911,248400.0,248400.0,11168764.236523326,0.3250442085976263,0.3250442085976263,0.3250442085976263,True,0.7380939146868483,0.0,0.0,66101646.385902986,CONTINUED_TO_HOUSEHOLD_BATCH,5388293.279837704,True,True,5388240.553310582,11168735.612529986,0.09,66308917.7271201,1.0,21.692001931713786,5388293.279837704,0.09684135572631004,0.09,0.12142007815307172,0.7034097978072911,0.5302066691912132,0.8,C1_RESIDUAL_LEVEL__NO_C0_ACTION,HJB_CONVERGED,True,25,4.860222801994496e-08,0.7034097978072911,12.964805461075194,0.0786564457154068,0.02,DIAGNOSTIC_ONLY,1.9203930980149497e-17,True,0.16278350966041544,3.3780769386638463,0.0013363355095086238,False,0.0031258441295950452,吉林,6,False,True,turn_9.one_turn.capital.household_illiquid_return_rah -> steady_state._post_turn_states.rah,0.09,0.02,False,0.3250442085976263,True,False,31,0,30,12,13,10,True,False,1.3,0.8,2.562867842392791e-06,False
7.360662304841492,12.00719315477853,4.6465308499370375,7.517157135967865,58424879.89838116,12846500.0,3.960206665298838e-05,58214346.63091228,58214346.63091228,0.9963965134744811,58214346.63091228,0.9963965134744811,58214346.63091228,0.9963965134744811,210533.26746887522,58424879.89838116,0.7073787797161983,332700.0,332700.0,12845991.252050743,0.41270310471903765,0.41270310471903765,0.41270310471903765,True,0.7380939146868483,0.0,0.0,58214346.63091228,CONTINUED_TO_HOUSEHOLD_BATCH,5277798.177323799,True,True,5277778.212210035,12845978.524851942,0.09,58424879.89838116,1.0,15.863535248944391,5277798.177323799,0.13474343175399886,0.09,0.15974343175399885,0.7073787797161983,0.627483086492877,0.8,C1_RESIDUAL_LEVEL__NO_C0_ACTION,HJB_CONVERGED,True,26,2.01767966778732e-08,0.7073787797161983,12.026440082023898,0.08488047660075992,0.02,DIAGNOSTIC_ONLY,1.364287280232382e-17,True,0.1588367154492884,3.5086394828906746,0.0018707404615145862,False,0.003603486525518877,黑龙江,7,False,True,turn_9.one_turn.capital.household_illiquid_return_rah -> steady_state._post_turn_states.rah,0.09,0.02,False,0.41270310471903765,True,False,31,0,30,12,13,10,True,False,1.3,0.8,9.907535478692608e-07,False
7.321981461194064,11.995523899303837,4.673542438109774,9.050741799767872,66125294.30800852,36011800.0,0.002066136774623639,65917973.04779624,65917973.04779624,0.9968647207943365,65917973.04779624,0.9968647207943365,65917973.04779624,0.9968647207943365,207321.26021227834,66125294.30800852,0.6882481312229629,247500.0,247500.0,35937394.69569961,1.0227253445056632,1.0227253445056632,1.0227253445056632,True,0.7380939146868483,0.0,0.0,65917973.04779624,CONTINUED_TO_HOUSEHOLD_BATCH,5915294.513862499,True,True,5915236.214880042,35937301.93193597,0.09,66125294.30800852,1.0,23.900179853989894,5915294.513862499,0.3903556256986189,0.09,0.41535562569861895,0.6882481312229629,1.6475754314578235,1.3,C1_RESIDUAL_LEVEL__NO_C0_ACTION,HJB_CONVERGED,True,25,2.6908670847092253e-09,0.6882481312229629,14.768444995385684,0.07864081272524771,0.02,DIAGNOSTIC_ONLY,1.0950441942103595e-17,True,0.14668910905734947,3.6102632681612397,0.000984134794628888,False,0.0031352792056635035,上海,8,False,True,turn_9.one_turn.capital.household_illiquid_return_rah -> steady_state._post_turn_states.rah,0.09,0.02,False,1.0227253445056632,True,False,31,0,30,12,13,10,False,True,1.3,0.8,2.581266779877467e-06,False
7.312970875701575,11.988910910418877,4.675940034717303,9.320215998716353,203535217.25929242,93207600.0,0.0021818127672240673,203343357.85686126,203343357.85686126,0.999057365083966,203343357.85686126,0.999057365083966,203343357.85686126,0.999057365083966,191859.40243115925,203535217.25929242,0.6822546700247696,844600.0,844600.0,93004238.46831769,1.1603289174497986,1.1603289174497986,1.1603289174497986,True,0.7380939146868483,0.0,0.0,203343357.85686126,CONTINUED_TO_HOUSEHOLD_BATCH,5799101.285627237,True,True,5799045.937155436,93004005.98339108,0.09,203535217.25929242,1.0,6.866091979193981,5799101.285627237,0.31944096864963484,0.09,0.34444096864963486,0.6822546700247696,4.289707077520073,1.3,C1_RESIDUAL_LEVEL__NO_C0_ACTION,HJB_CONVERGED,True,15,6.950715558673437e-10,0.6822546700247696,15.37817836185263,0.08042887649622545,0.02,DIAGNOSTIC_ONLY,1.0777647220863718e-17,True,0.1387207816635918,3.7643009809467083,0.0006757069259684112,False,0.0009426349160339224,江苏,9,False,True,turn_9.one_turn.capital.household_illiquid_return_rah -> steady_state._post_turn_states.rah,0.09,0.02,False,1.1603289174497986,True,False,31,0,30,12,13,10,False,True,1.3,0.8,2.499730244354126e-06,False
7.3160584533630795,11.98752081621036,4.671462362847279,9.103537615111845,124249656.20818298,58002800.0,0.002145016132569233,124046336.2754376,124046336.2754376,0.9983636177439017,124046336.2754376,0.9983636177439017,124046336.2754376,0.9983636177439017,203319.93274538883,124249656.20818298,0.6824626845013618,627300.0,627300.0,57878383.05826581,1.0369336001179625,1.0369336001179625,1.0369336001179625,True,0.7380939146868483,0.0,0.0,124046336.2754376,CONTINUED_TO_HOUSEHOLD_BATCH,5852886.678578551,True,True,5852830.069609899,57878236.44318088,0.09,124249656.20818298,1.0,9.330283243390006,5852886.678578551,0.32662813882820757,0.09,0.3516281388282076,0.6824626845013618,2.6487603495166203,1.3,C1_RESIDUAL_LEVEL__NO_C0_ACTION,HJB_CONVERGED,True,18,6.724887313680483e-11,0.6824626845013618,15.07189001641782,0.083352900352134,0.02,DIAGNOSTIC_ONLY,1.842246902262092e-17,True,0.1358687275376352,3.854752545835055,0.0007449783413568944,False,0.001636382256098334,浙江,10,False,True,turn_9.one_turn.capital.household_illiquid_return_rah -> steady_state._post_turn_states.rah,0.09,0.02,False,1.0369336001179625,True,False,31,0,30,12,13,10,False,True,1.3,0.8,2.5331643453974095e-06,False
7.314685068642457,11.983278748416458,4.668593679774001,9.09273775582939,70182433.35888097,34010900.0,0.00210973318937846,69968726.46697226,69968726.46697226,0.9969549803037477,69968726.46697226,0.9969549803037477,69968726.46697226,0.9969549803037477,213706.8919087009,70182433.35888097,0.6774364073707512,607600.0,607600.0,33939146.07546937,0.9221011048681041,0.9221011048681041,0.9221011048681041,True,0.7380939146868483,0.0,0.0,69968726.46697226,CONTINUED_TO_HOUSEHOLD_BATCH,5970000.311422541,True,True,5969941.514869587,33939058.531629734,0.09,70182433.35888097,1.0,9.825543633019324,5970000.311422541,0.341065970556429,0.09,0.36606597055642903,0.6774364073707512,1.5270293748426533,1.3,C1_RESIDUAL_LEVEL__NO_C0_ACTION,HJB_CONVERGED,True,14,1.408415606363178e-10,0.6774364073707512,15.269937087752135,0.08895775442140125,0.02,DIAGNOSTIC_ONLY,1.9526678157879322e-17,True,0.12611172765961207,4.1151190987117,0.0007877963154535594,False,0.003045019696252213,安徽,11,False,True,turn_9.one_turn.capital.household_illiquid_return_rah -> steady_state._post_turn_states.rah,0.09,0.02,False,0.9221011048681041,True,False,31,0,30,12,13,10,False,True,1.3,0.8,2.579442194949877e-06,False
7.3223357003914185,11.99143064951711,4.669094949125691,8.88693045104787,87795538.11850408,38687800.0,0.0021014153847211947,87589287.29940988,87589287.29940988,0.9976507824484679,87589287.29940988,0.9976507824484679,87589287.29940988,0.9976507824484679,206250.81909420222,87795538.11850408,0.6868396446376016,410400.0,410400.0,38606500.86187898,0.8921644600055767,0.8921644600055767,0.8921644600055767,True,0.7380939146868483,0.0,0.0,87589287.29940988,CONTINUED_TO_HOUSEHOLD_BATCH,5892716.877447152,True,True,5892658.8226689445,38606401.24567144,0.09,87795538.11850408,1.0,14.35847192360417,5892716.877447152,0.30556579270253736,0.09,0.3305657927025374,0.6868396446376016,1.7476269949569025,1.3,C1_RESIDUAL_LEVEL__NO_C0_ACTION,HJB_CONVERGED,True,15,6.80199363500833e-09,0.6868396446376016,14.599567057095348,0.0822733595523179,0.02,DIAGNOSTIC_ONLY,1.249219585362238e-17,True,0.14117859202743005,3.7491948102134325,0.0008548503496813575,False,0.0023492175515321787,福建,12,False,True,turn_9.one_turn.capital.household_illiquid_return_rah -> steady_state._post_turn_states.rah,0.09,0.02,False,0.8921644600055767,True,False,31,0,30,12,13,10,False,True,1.3,0.8,2.5803028598225808e-06,False
7.317893250203736,11.98433353767777,4.666440287474034,8.95056622150793,51050047.92908307,22716500.0,0.002307618715775561,50835646.81497193,50835646.81497193,0.9958001780055333,50835646.81497193,0.9958001780055333,50835646.81497193,0.9958001780055333,214401.11411113976,51050047.92908307,0.6793848156657075,451300.0,451300.0,22768921.020556916,0.7893560257063097,0.7893560257063097,0.7893560257063097,True,0.7380939146868483,0.0,0.0,50835646.81497193,CONTINUED_TO_HOUSEHOLD_BATCH,5772606.82497925,True,True,5772563.758382068,22768876.53102716,0.09,51050047.92908307,1.0,12.791063206246953,5772606.82497925,0.3106194631537549,0.09,0.3356194631537549,0.6793848156657075,1.0531864878066655,1.0531864878066655,C1_RESIDUAL_LEVEL__NO_C0_ACTION,HJB_CONVERGED,True,14,4.388183150183522e-10,0.6793848156657075,14.992376915726336,0.08911958493736342,0.02,DIAGNOSTIC_ONLY,1.1996104115489029e-17,True,0.1276641069855543,4.086834071018022,0.000580575424625307,False,0.00419982199446665,江西,13,False,True,turn_9.one_turn.capital.household_illiquid_return_rah -> steady_state._post_turn_states.rah,0.09,0.02,False,0.7893560257063097,True,False,31,0,30,12,13,10,False,False,1.3,0.8,1.95396244939694e-06,False
7.3123888376419774,11.986511921471235,4.674123083829258,9.273190861844295,210016973.07581103,66648899.99999999,0.0021687328733299704,209823149.65264127,209823149.65264127,0.9990771059103886,209823149.65264127,0.9990771059103886,209823149.65264127,0.9990771059103886,193823.42316976894,210016973.07581103,0.6806623453311137,1007700.0,1007700.0,66504356.33959871,0.8090038132922267,0.8090038132922267,0.8090038132922267,True,0.7380939146868483,0.0,0.0,209823149.65264127,CONTINUED_TO_HOUSEHOLD_BATCH,5846652.7379746,True,True,5846597.128075926,66504190.67030821,0.09,210016973.07581103,1.0,5.801977511138831,5846652.7379746,0.20851189619960706,0.09,0.23351189619960705,0.6806623453311137,2.976391599449759,1.3,C1_RESIDUAL_LEVEL__NO_C0_ACTION,HJB_CONVERGED,True,16,5.6312066121222415e-11,0.6806623453311137,15.379400836053987,0.08264892216452589,0.02,DIAGNOSTIC_ONLY,1.6506978076091805e-17,True,0.13489253823201103,3.8619612236105745,0.0006393511044509026,False,0.0009228940896115257,山东,14,False,True,turn_9.one_turn.capital.household_illiquid_return_rah -> steady_state._post_turn_states.rah,0.09,0.02,False,0.8090038132922267,True,False,31,0,30,12,13,10,False,True,1.3,0.8,2.491110542512942e-06,False
7.311032397447496,11.98396351791504,4.6729311204675446,9.27933809353128,168320556.01470312,49935900.0,0.0021548687958420354,168118845.76985356,168118845.76985356,0.9988016303556415,168118845.76985356,0.9988016303556415,168118845.76985356,0.9988016303556415,201710.2448495523,168320556.01470312,0.6780918457659659,986400.0,986400.0,49828294.68729771,0.7116861984516236,0.7116861984516236,0.7116861984516236,True,0.7380939146868483,0.0,0.0,168118845.76985356,CONTINUED_TO_HOUSEHOLD_BATCH,5910297.9892522665,True,True,5910241.155018868,49828169.19306049,0.09,168320556.01470312,1.0,5.991786282696945,5910297.9892522665,0.19260405466710193,0.09,0.21760405466710192,0.6780918457659659,2.199017710108556,1.3,C1_RESIDUAL_LEVEL__NO_C0_ACTION,HJB_CONVERGED,True,13,3.848855456567435e-09,0.6780918457659659,15.496853202648657,0.0852179922368775,0.02,DIAGNOSTIC_ONLY,1.7198156961051314e-17,True,0.13004055592859998,3.9867025881529585,0.000645009303320343,False,0.0011983696443584261,河南,15,False,True,turn_9.one_turn.capital.household_illiquid_return_rah -> steady_state._post_turn_states.rah,0.09,0.02,False,0.7116861984516236,True,False,31,0,30,12,13,10,False,True,1.3,0.8,2.5185399996630053e-06,False
7.312093667915962,11.984455869957621,4.6723622020416595,9.234612666445951,101805153.6623069,42022000.0,0.0021226391547350953,101598064.75688984,101598064.75688984,0.997965830825186,101598064.75688984,0.997965830825186,101598064.75688984,0.997965830825186,207088.9054170714,101805153.6623069,0.6788284211603662,591700.0,591700.0,41932802.45743972,0.8668910887321597,0.8668910887321597,0.8668910887321597,True,0.7380939146868483,0.0,0.0,101598064.75688984,CONTINUED_TO_HOUSEHOLD_BATCH,5940382.602562894,True,True,5940324.629727263,41932695.27807769,0.09,101805153.6623069,1.0,10.039517665308255,5940382.602562894,0.2832830342652678,0.09,0.3082830342652678,0.6788284211603662,1.8747308912559577,1.3,C1_RESIDUAL_LEVEL__NO_C0_ACTION,HJB_CONVERGED,True,13,3.0629587755015564e-09,0.6788284211603662,15.403904063663322,0.08512191380108503,0.02,DIAGNOSTIC_ONLY,2.2077066737236084e-17,True,0.1307949095306068,3.9712755290508603,0.0007711328141437601,False,0.00203416917481404,湖北,16,False,True,turn_9.one_turn.capital.household_illiquid_return_rah -> steady_state._post_turn_states.rah,0.09,0.02,False,0.8668910887321597,True,False,31,0,30,12,13,10,False,True,1.3,0.8,2.555985521901505e-06,False
7.315636285882874,11.984520451570859,4.668884165687985,9.056765885527739,93791807.14892803,36329700.0,0.002121821102465171,93581691.73181911,93581691.73181911,0.99775976789982,93581691.73181911,0.99775976789982,93581691.73181911,0.99775976789982,210115.4171089194,93791807.14892803,0.6795142134617839,663500.0,663500.0,36252614.87589377,0.7959373284760574,0.7959373284760574,0.7959373284760574,True,0.7380939146868483,0.0,0.0,93581691.73181911,CONTINUED_TO_HOUSEHOLD_BATCH,5948265.832153294,True,True,5948207.402631591,36252521.608795956,0.09,93791807.14892803,1.0,8.964982414699765,5948265.832153294,0.26314535100151454,0.09,0.28814535100151456,0.6795142134617839,1.6122044518477325,1.3,C1_RESIDUAL_LEVEL__NO_C0_ACTION,HJB_CONVERGED,True,13,5.134666070105709e-08,0.6795142134617839,15.131427874472248,0.08720574047801705,0.02,DIAGNOSTIC_ONLY,2.3744027577432547e-17,True,0.12947854265442021,4.025181987546655,0.0007500132136645243,False,0.0022402321001799876,湖南,17,False,True,turn_9.one_turn.capital.household_illiquid_return_rah -> steady_state._post_turn_states.rah,0.09,0.02,False,0.7959373284760574,True,False,31,0,30,12,13,10,False,True,1.3,0.8,2.5727064953962042e-06,False
7.321941800758232,11.987646067297414,4.665704266539182,8.805582456004165,191259406.86816654,99945200.0,0.0022044843600630415,191057332.49514145,191057332.49514145,0.9989434539386375,191057332.49514145,0.9989434539386375,191057332.49514145,0.9989434539386375,202074.37302507873,191259406.86816654,0.6841312756117416,1234800.0,1234800.0,99724872.36973663,1.30644139756687,1.30644139756687,1.30644139756687,True,0.7380939146868483,0.0,0.0,191057332.49514145,CONTINUED_TO_HOUSEHOLD_BATCH,5734855.231375263,True,True,5734800.313997932,99724622.2557707,0.09,191259406.86816654,1.0,4.644359597809575,5734855.231375263,0.372088173453649,0.09,0.397088173453649,0.6841312756117416,4.699171145869293,1.3,C1_RESIDUAL_LEVEL__NO_C0_ACTION,HJB_CONVERGED,True,13,1.1461371407506249e-08,0.6841312756117416,14.59750476532978,0.08628759069936481,0.02,DIAGNOSTIC_ONLY,1.885232167421166e-17,True,0.1345176863979896,3.9194033380595013,0.0006113306379151862,False,0.001056546061362445,广东,18,False,True,turn_9.one_turn.capital.household_illiquid_return_rah -> steady_state._post_turn_states.rah,0.09,0.02,False,1.30644139756687,True,False,31,0,30,12,13,10,False,True,1.3,0.8,2.5080462604520903e-06,False
7.33158793218114,11.990666548727077,4.659078616545937,8.409997476363516,67306708.83876626,19627800.0,0.005297919260281447,67094689.923941046,67094689.923941046,0.9968499586670757,67094689.923941046,0.9968499586670757,67094689.923941046,0.9968499586670757,212018.91482521864,67306708.83876626,0.6891572632140951,494700.0,494700.0,19523813.500343047,0.5577680812178123,0.5577680812178123,0.5577680812178123,True,0.7380939146868483,0.0,0.0,67094689.923941046,CONTINUED_TO_HOUSEHOLD_BATCH,5544995.235242141,True,True,5545032.858277282,19523848.19493652,0.09,67306708.83876626,1.0,11.208803790665335,5544995.235242141,0.18802725657671163,0.09,0.21302725657671162,0.6891572632140951,0.9175427682423009,0.9175427682423009,C1_RESIDUAL_LEVEL__NO_C0_ACTION,HJB_CONVERGED,True,13,1.8952984071063383e-08,0.6891572632140951,13.863658227206702,0.08756539252465885,0.02,DIAGNOSTIC_ONLY,1.2454772456427232e-17,True,0.13792531664791807,3.8759883462868623,0.00012507723969190643,False,0.0031500413329243536,广西,19,False,True,turn_9.one_turn.capital.household_illiquid_return_rah -> steady_state._post_turn_states.rah,0.09,0.02,False,0.5577680812178123,True,False,31,0,30,12,13,10,False,False,1.3,0.8,1.7770366337321875e-06,False
7.343200849736472,11.996588543928578,4.653387694192105,8.01338812050648,14673330.466888333,4910700.0,0.0020758273113212766,14458727.716317546,14458727.716317546,0.9853746393121141,14458727.716317546,0.9853746393121141,14458727.716317546,0.9853746393121141,214602.75057078656,14673330.466888333,0.6966388513853714,98200.0,98200.0,4900506.234822295,0.43124462072637787,0.43124462072637787,0.43124462072637787,True,0.7380939146868483,0.0,0.0,14458727.716317546,CONTINUED_TO_HOUSEHOLD_BATCH,5529284.873052128,True,True,5529229.508763588,4900493.383467967,0.09,14673330.466888333,1.0,56.30636326936994,5529284.873052128,0.22193993931732933,0.09,0.24693993931732933,0.6966388513853714,0.23253323553329264,0.8,C1_RESIDUAL_LEVEL__NO_C0_ACTION,HJB_CONVERGED,True,14,8.443633348065305e-09,0.6966388513853714,13.052696912435785,0.08665869455654716,0.02,DIAGNOSTIC_ONLY,3.71887267932561e-17,True,0.14601902255084728,3.728063107475349,0.0012192554689411939,False,0.014625360687885865,海南,20,False,True,turn_9.one_turn.capital.household_illiquid_return_rah -> steady_state._post_turn_states.rah,0.09,0.02,False,0.43124462072637787,True,False,31,0,30,12,13,10,True,False,1.3,0.8,2.6224613161041077e-06,False
7.3208811791841635,11.987478311119904,4.666597131935741,8.854168599545844,50663834.63130832,21588800.0,0.0006978144245732842,50452053.28666945,50452053.28666945,0.9958198713899166,50452053.28666945,0.9958198713899166,50452053.28666945,0.9958198713899166,211781.34463886553,50663834.63130832,0.6837265167557521,316300.0,316300.0,21603864.97604923,0.7557652302563093,0.7557652302563093,0.7557652302563093,True,0.7380939146868483,0.0,0.0,50452053.28666945,CONTINUED_TO_HOUSEHOLD_BATCH,5697447.815580276,True,True,5697500.074471052,21603916.874620803,0.09,50663834.63130832,1.0,18.0127973935513,5697447.815580276,0.2948833044150121,0.09,0.3198833044150121,0.6837265167557521,1.0093533751342594,1.0093533751342594,C1_RESIDUAL_LEVEL__NO_C0_ACTION,HJB_CONVERGED,True,13,8.973799037192975e-09,0.6837265167557521,14.679962996271367,0.08592876262507994,0.02,DIAGNOSTIC_ONLY,2.0818709816478474e-17,True,0.13449262423412806,3.9149429831315463,0.0006506991840656839,False,0.004180128610083389,重庆,21,False,True,turn_9.one_turn.capital.household_illiquid_return_rah -> steady_state._post_turn_states.rah,0.09,0.02,False,0.7557652302563093,True,False,31,0,30,12,13,10,False,False,1.3,0.8,2.402276025881278e-06,False
7.321784300803829,11.985774875178663,4.663990574374833,8.782958967946513,94830047.41899477,42902100.0,0.0021431498563396767,94616775.90140651,94616775.90140651,0.9977510132769845,94616775.90140651,0.9977510132769845,94616775.90140651,0.9977510132769845,213271.51758825843,94830047.41899477,0.6819621899618251,832100.0,832100.0,42810154.37054833,0.9358547875920058,0.9358547875920058,0.9358547875920058,True,0.7380939146868483,0.0,0.0,94616775.90140651,CONTINUED_TO_HOUSEHOLD_BATCH,5862549.740515836,True,True,5862493.249778924,42810046.3305355,0.09,94830047.41899477,1.0,7.045487009392904,5862549.740515836,0.3149963677263502,0.09,0.3399963677263502,0.6819621899618251,1.9514960165511097,1.3,C1_RESIDUAL_LEVEL__NO_C0_ACTION,HJB_CONVERGED,True,14,1.6719821083199804e-09,0.6819621899618251,14.656355103382127,0.08906223534858926,0.02,DIAGNOSTIC_ONLY,1.659608300993651e-17,True,0.1299717586122483,4.041245819712336,0.0006980507266539648,False,0.002248986723015594,四川,22,False,True,turn_9.one_turn.capital.household_illiquid_return_rah -> steady_state._post_turn_states.rah,0.09,0.02,False,0.9358547875920058,True,False,31,0,30,12,13,10,False,True,1.3,0.8,2.523706982060503e-06,False
7.326465994526838,11.987110036530279,4.660644042003441,8.587147247123214,39447014.665611394,15353200.0,4.970462006959053e-05,39231679.42396236,39231679.42396236,0.9945411523920274,39231679.42396236,0.9945411523920274,39231679.42396236,0.9945411523920274,215335.24164902998,39447014.665611394,0.6843349264188014,382200.0,382200.0,15352436.875027148,0.6531605820813702,0.6531605820813702,0.6531605820813702,True,0.7380939146868483,0.0,0.0,39231679.42396236,CONTINUED_TO_HOUSEHOLD_BATCH,5463543.1558418255,True,True,5463524.379320524,15352423.0564217,0.09,39447014.665611394,1.0,14.294984709162286,5463543.1558418255,0.2652582725676091,0.09,0.2902582725676091,0.6843349264188014,0.7436324527423653,0.8,C1_RESIDUAL_LEVEL__NO_C0_ACTION,HJB_CONVERGED,True,14,2.0417139090511682e-09,0.6843349264188014,14.294148983905504,0.08979022290648928,0.02,DIAGNOSTIC_ONLY,1.812119822837642e-17,True,0.13142437687615985,4.023553740138451,0.0018745543105840312,False,0.0054588476079725275,贵州,23,False,True,turn_9.one_turn.capital.household_illiquid_return_rah -> steady_state._post_turn_states.rah,0.09,0.02,False,0.6531605820813702,True,False,31,0,30,12,13,10,True,False,1.3,0.8,9.000927994051722e-07,False
7.334524736348575,11.992484995551951,4.657960259203375,8.312883708431569,68611984.86091176,20880600.0,0.001921038071384218,68400716.5170697,68400716.5170697,0.9969208244846679,68400716.5170697,0.9969208244846679,68400716.5170697,0.9969208244846679,211268.34384205856,68611984.86091176,0.6913698618960278,470300.0,470300.0,20840487.572446655,0.5861329189742354,0.5861329189742354,0.5861329189742354,True,0.7380939146868483,0.0,0.0,68400716.5170697,CONTINUED_TO_HOUSEHOLD_BATCH,5576472.381471209,True,True,5576574.302153606,20840587.331725813,0.09,68611984.86091176,1.0,11.857266386287922,5576472.381471209,0.19853909504807882,0.09,0.2235390950480788,0.6913698618960278,0.9759507012430744,0.9759507012430744,C1_RESIDUAL_LEVEL__NO_C0_ACTION,HJB_CONVERGED,True,14,1.4589960350974707e-09,0.6913698618960278,13.648223080355747,0.08689841208361204,0.02,DIAGNOSTIC_ONLY,3.342909887665266e-17,True,0.1406803768659149,3.8196987626837013,0.00033563601254571473,False,0.003079175515332134,云南,24,False,True,turn_9.one_turn.capital.household_illiquid_return_rah -> steady_state._post_turn_states.rah,0.09,0.02,False,0.5861329189742354,True,False,31,0,30,12,13,10,False,False,1.3,0.8,4.786778681875603e-06,False
8.17132595054012,10.127064919813002,1.95573896927288,7.603034761307868,6325734.326183821,1548400.0,0.002165868775991675,6110781.978269192,6110781.978269192,0.9660193841804443,6110781.978269192,0.9660193841804443,6110781.978269192,0.9660193841804443,214952.34791462877,6325734.326183821,0.6622440545758823,35400.0,35400.0,1545046.3687872544,0.2539305050273779,0.2539305050273779,0.2539305050273779,True,0.7380939146868483,0.0,0.0,6110781.978269192,CONTINUED_TO_HOUSEHOLD_BATCH,5453105.758603959,True,True,5453053.602258282,1545042.4984226937,0.09,6325734.326183821,1.0,154.04253555378415,5453105.758603959,0.1531151685199322,0.09,0.1781151685199322,0.6622440545758823,0.07331652934229149,0.8,C1_RESIDUAL_LEVEL__NO_C0_ACTION,HJB_CONVERGED,True,16,2.7161335403036446e-09,0.6622440545758823,11.590632272382953,0.08467081284300286,0.02,DIAGNOSTIC_ONLY,7.997685087975104e-18,True,0.000655146513475374,0.807017080359063,0.0015436733036310324,False,0.03398061581955575,西藏,25,False,True,turn_9.one_turn.capital.household_illiquid_return_rah -> steady_state._post_turn_states.rah,0.09,0.02,False,0.2539305050273779,True,False,31,0,30,12,13,10,True,False,1.3,0.8,2.505021424736853e-06,False
7.3162350219690095,11.987012789593866,4.670777767624857,9.080116034047322,73897910.2910824,23941900.0,0.004298015483163775,73689226.06984875,73689226.06984875,0.9971760470571949,73689226.06984875,0.9971760470571949,73689226.06984875,0.9971760470571949,208684.22123364653,73897910.2910824,0.6821365503416539,393100.0,393100.0,24044802.65689636,0.6338518706666324,0.6338518706666324,0.6338518706666324,True,0.7380939146868483,0.0,0.0,73689226.06984875,CONTINUED_TO_HOUSEHOLD_BATCH,5792915.448071828,True,True,5792991.747991333,24044885.602158755,0.09,73897910.2910824,1.0,14.736493126613656,5792915.448071828,0.2152642504968939,0.09,0.2402642504968939,0.6821365503416539,1.0875721757361314,1.0875721757361314,C1_RESIDUAL_LEVEL__NO_C0_ACTION,HJB_CONVERGED,True,25,3.544731752569419e-08,0.6821365503416539,15.053288445029226,0.08403885806127272,0.02,DIAGNOSTIC_ONLY,2.1421920939131134e-17,True,0.13487617591603449,3.8818856665079897,0.0009449088406124906,False,0.002823952942805061,陕西,26,False,True,turn_9.one_turn.capital.household_illiquid_return_rah -> steady_state._post_turn_states.rah,0.09,0.02,False,0.6338518706666324,True,False,31,0,30,12,13,10,False,False,1.3,0.8,3.449601040594885e-06,False
7.3288960138090795,11.98789785154382,4.659001837734742,8.488164434513417,25177704.67938732,8104100.0,0.006066782312078356,24962132.856170967,24962132.856170967,0.9914379874590856,24962132.856170967,0.9914379874590856,24962132.856170967,0.9914379874590856,215571.8232163527,25177704.67938732,0.6857074713723952,251500.0,251500.0,8153265.8105353145,0.4815843645010798,0.4815843645010798,0.4815843645010798,True,0.7380939146868483,0.0,0.0,24962132.856170967,CONTINUED_TO_HOUSEHOLD_BATCH,5532602.03326723,True,True,5532547.651454762,8153244.8209909145,0.09,25177704.67938732,1.0,21.998417627305088,5532602.03326723,0.21406232277908063,0.09,0.23906232277908063,0.6857074713723952,0.38603955167351717,0.8,C1_RESIDUAL_LEVEL__NO_C0_ACTION,HJB_CONVERGED,True,13,2.0505597220221716e-08,0.6857074713723952,14.105415160917714,0.09,0.02,DIAGNOSTIC_ONLY,2.1504751863902597e-17,True,0.13245688353524496,4.006881417742536,0.00011532265452240953,False,0.008562012540914371,甘肃,27,False,True,turn_9.one_turn.capital.household_illiquid_return_rah -> steady_state._post_turn_states.rah,0.09,0.02,False,0.4815843645010798,True,False,31,0,30,12,13,10,True,False,1.3,0.8,2.5743792637644702e-06,False
7.345402823129838,12.00599021876847,4.6605873956386334,8.099665137522532,17578407.529567722,2748000.0,0.0021151185309572496,17365178.174348876,17365178.174348876,0.9878698138690786,17365178.174348876,0.9878698138690786,17365178.174348876,0.9878698138690786,213229.35521884653,17578407.529567722,0.7068474294797142,58700.0,58700.0,2742187.6542769293,0.2111711647722934,0.2111711647722934,0.2111711647722934,True,0.7380939146868483,0.0,0.0,17365178.174348876,CONTINUED_TO_HOUSEHOLD_BATCH,5531289.016674908,True,True,5531235.801862101,2742180.744715381,0.0878473117424211,17578407.529567722,1.0,94.22979585476845,5531289.016674908,0.08784759338722603,0.08784759338722603,0.11224267269514322,0.7068474294797142,0.12657418544568314,0.8,C1_RESIDUAL_LEVEL__NO_C0_ACTION,HJB_CONVERGED,True,26,9.75117764312472e-11,0.7068474294797142,12.80123674325528,0.07463400783992884,0.02,DIAGNOSTIC_ONLY,2.1938369572662017e-17,True,0.17473227815612144,3.215307524837074,0.001155902893775207,False,0.012130186130921391,青海,28,False,False,turn_9.one_turn.capital.household_illiquid_return_rah -> steady_state._post_turn_states.rah,0.09,0.02,False,0.2111711647722934,True,False,31,0,30,12,13,10,True,False,1.3,0.8,2.5197323558767692e-06,False
7.3306359061493245,11.999668778205459,4.6690328720561345,8.724755715453282,18640640.44456374,3510200.0,0.0020931487659551218,18427372.593733948,18427372.593733948,0.9885589847911053,18427372.593733948,0.9885589847911053,18427372.593733948,0.9885589847911053,213267.85082979122,18640640.44456374,0.6930015905046116,71000.0,71000.0,3502852.629201744,0.25704566563666087,0.25704566563666087,0.25704566563666087,True,0.7380939146868483,0.0,0.0,18427372.593733948,CONTINUED_TO_HOUSEHOLD_BATCH,5636411.440672615,True,True,5636356.642574173,3502843.709880334,0.09,18640640.44456374,1.0,79.38607662919175,5636411.440672615,0.11092580939912888,0.09,0.1358629041308984,0.6930015905046116,0.15943842657731067,0.8,C1_RESIDUAL_LEVEL__NO_C0_ACTION,HJB_CONVERGED,True,27,3.0176039444995695e-10,0.6930015905046116,14.142881982009174,0.07895704033188969,0.02,DIAGNOSTIC_ONLY,1.1750041044311654e-17,True,0.15120652222958772,3.5460065572154478,0.0011622166975188142,False,0.01144101520889469,宁夏,29,False,True,turn_9.one_turn.capital.household_illiquid_return_rah -> steady_state._post_turn_states.rah,0.09,0.02,False,0.25704566563666087,True,False,31,0,30,12,13,10,True,False,1.3,0.8,2.5463086992250084e-06,False
8.182967725953842,10.14253510798518,1.9595673820313375,7.278625729270564,49250553.031937115,12809400.0,3.861677610061953e-05,49040338.3669883,49040338.3669883,0.9957317298586983,49040338.3669883,0.9957317298586983,49040338.3669883,0.9957317298586983,210214.6649488121,49250553.031937115,0.6689131571508425,252000.0,252000.0,12808905.342268217,0.4695876658129632,0.4695876658129632,0.4695876658129632,True,0.7380939146868483,0.0,0.0,49040338.3669883,CONTINUED_TO_HOUSEHOLD_BATCH,5159532.712698391,True,True,5159513.152382041,12808892.624124827,0.09,49250553.031937115,1.0,20.47433616150155,5159532.712698391,0.1651194642915265,0.09,0.19011946429152649,0.6689131571508425,0.6439635525707885,0.8,C1_RESIDUAL_LEVEL__NO_C0_ACTION,HJB_CONVERGED,True,16,2.6740822889337323e-09,0.6689131571508425,10.963121366557894,0.08353198740213715,0.02,DIAGNOSTIC_ONLY,1.5368565794982025e-17,True,0.1462842076247366,0.7878887254034653,0.001818742036407306,False,0.00426827014130168,新疆,30,False,True,turn_9.one_turn.capital.household_illiquid_return_rah -> steady_state._post_turn_states.rah,0.09,0.02,False,0.4695876658129632,True,False,31,0,30,12,13,10,True,False,1.3,0.8,9.929151383314405e-07,False
7.322073998996982,11.99563530231154,4.673561303314558,9.04975921352393,58719043.066994764,33106000.0,0.0020481321913510264,58510809.39337711,58510809.39337711,0.9964537284202661,58510809.39337711,0.9964537284202661,58510809.39337711,0.9964537284202661,208233.67361765177,58719043.066994764,0.6883177092143403,219200.0,219200.0,33038194.535673134,1.026364744857471,1.026364744857471,1.026364744857471,True,0.7380939146868483,0.0,0.0,58510809.39337711,CONTINUED_TO_HOUSEHOLD_BATCH,5915516.938842839,True,True,5915520.468351895,33038199.698450506,0.09,58719043.066994764,1.0,26.986847348735576,5915516.938842839,0.406337912251541,0.09,0.431337912251541,0.6883177092143403,1.5192801495527302,1.3,C1_RESIDUAL_LEVEL__NO_C0_ACTION,HJB_CONVERGED,True,25,1.2138743343825809e-09,0.6883177092143403,14.764400330081564,0.0785925745814895,0.02,DIAGNOSTIC_ONLY,1.5854293294369926e-17,True,0.14681731009216223,3.607600568682392,0.0004094223884936188,False,0.003546271579733855,北京,0,False,True,turn_10.one_turn.capital.household_illiquid_return_rah -> steady_state._post_turn_states.rah,0.09,0.02,False,1.026364744857471,True,False,31,0,30,12,13,11,False,True,1.3,0.8,1.5626690974546165e-07,False
7.308369123051084,11.98412001647285,4.675750893421766,9.212027240095432,64593598.72309723,13362900.0,2.811922447931714e-05,64388134.38880685,64388134.38880685,0.9968191223534213,64388134.38880685,0.9968191223534213,64388134.38880685,0.9968191223534213,205464.33429038097,64593598.72309723,0.6979253006236001,138300.0,138300.0,13362524.245615205,0.3943630348293412,0.3943630348293412,0.3943630348293412,True,0.7380939146868483,0.0,0.0,64388134.38880685,CONTINUED_TO_HOUSEHOLD_BATCH,5499853.582241432,True,True,5499857.324731287,13362526.627076296,0.09,64593598.72309723,1.0,39.76756024758808,5499853.582241432,0.12499980828964982,0.09,0.14999980828964982,0.6979253006236001,0.6251194645674983,0.8,C1_RESIDUAL_LEVEL__NO_C0_ACTION,HJB_CONVERGED,True,25,8.81515127559851e-09,0.6979253006236001,14.58714381956204,0.06490309812688563,0.02,DIAGNOSTIC_ONLY,2.2625887864235234e-17,True,0.16367379478438746,3.0480773318768253,0.0006766379211720075,False,0.0031808776465788013,天津,1,False,True,turn_10.one_turn.capital.household_illiquid_return_rah -> steady_state._post_turn_states.rah,0.09,0.02,False,0.3943630348293412,True,False,31,0,30,12,13,11,True,False,1.3,0.8,1.7821937103867924e-07,False
7.316250564524132,11.985257521891121,4.669006957366991,9.038908133870233,113705229.18254791,32494600.0,0.00211326333241868,113497505.78219497,113497505.78219497,0.9981731411840395,113497505.78219497,0.9981731411840395,113497505.78219497,0.9981731411840395,207723.4003529467,113705229.18254791,0.6805037335220242,742600.0,742600.0,32425930.35331839,0.6175565659297677,0.6175565659297677,0.6175565659297677,True,0.7380939146868483,0.0,0.0,113497505.78219497,CONTINUED_TO_HOUSEHOLD_BATCH,5950312.006244798,True,True,5950315.547896771,32425935.408119623,0.09,113705229.18254791,1.0,8.012809057695662,5950312.006244798,0.18427291545778482,0.09,0.2092729154577848,0.6805037335220242,1.4190172940553745,1.3,C1_RESIDUAL_LEVEL__NO_C0_ACTION,HJB_CONVERGED,True,13,2.9254226152630736e-08,0.6805037335220242,15.065146815688662,0.08640795015757255,0.02,DIAGNOSTIC_ONLY,2.2172949842946003e-17,True,0.13109986278109448,3.983613090487182,0.0002870761328341853,False,0.0018268588159604993,河北,2,False,True,turn_10.one_turn.capital.household_illiquid_return_rah -> steady_state._post_turn_states.rah,0.09,0.02,False,0.6175565659297677,True,False,31,0,30,12,13,11,False,True,1.3,0.8,1.558875994955855e-07,False
7.318621380734536,11.986185581120612,4.667564200386075,8.939102109403166,53478727.38884524,15958100.0,4.924638494285816e-05,53266829.43987042,53266829.43987042,0.9960377151940414,53266829.43987042,0.9960377151940414,53266829.43987042,0.9960377151940414,211897.94897482655,53478727.38884524,0.6819674566808317,350200.0,350200.0,15957314.121264443,0.541543979367176,0.541543979367176,0.541543979367176,True,0.7380939146868483,0.0,0.0,53266829.43987042,CONTINUED_TO_HOUSEHOLD_BATCH,5493265.59472797,True,True,5493269.496393924,15957317.089680392,0.09,53478727.38884524,1.0,15.686081081461936,5493265.59472797,0.19441428202758862,0.09,0.21941428202758861,0.6819674566808317,0.757965300685496,0.8,C1_RESIDUAL_LEVEL__NO_C0_ACTION,HJB_CONVERGED,True,13,9.675006307219292e-08,0.6819674566808317,14.86792278956929,0.08643568415638715,0.02,DIAGNOSTIC_ONLY,3.2105936832727e-17,True,0.13239781158140926,3.9599822689429147,0.0007523053858022877,False,0.0039622848059586565,山西,3,False,True,turn_10.one_turn.capital.household_illiquid_return_rah -> steady_state._post_turn_states.rah,0.09,0.02,False,0.541543979367176,True,False,31,0,30,12,13,11,True,False,1.3,0.8,1.8602224505226417e-07,False
7.328991419274876,12.001912640667449,4.6729212213925715,8.862075298393886,82165502.99427319,16140800.0,4.482156126073278e-05,81961499.3398194,81961499.3398194,0.9975171617403961,81961499.3398194,0.9975171617403961,81961499.3398194,0.9975171617403961,204003.6544537879,82165502.99427319,0.6960763534625215,242200.0,242200.0,16140076.544144003,0.4001484797007443,0.4001484797007443,0.4001484797007443,True,0.7380939146868483,0.0,0.0,81961499.3398194,CONTINUED_TO_HOUSEHOLD_BATCH,5430725.200783122,True,True,5430729.040100992,16140079.532603048,0.09,82165502.99427319,1.0,22.422482249310992,5430725.200783122,0.11720606042372361,0.09,0.1422060604237236,0.6960763534625215,0.76345555643863,0.8,C1_RESIDUAL_LEVEL__NO_C0_ACTION,HJB_CONVERGED,True,25,2.6089335136703085e-09,0.6960763534625215,14.208785767885326,0.07370571109751903,0.02,DIAGNOSTIC_ONLY,2.0144827713532348e-17,True,0.1626419858609909,3.3368834907401306,0.0007329317862851958,False,0.0024828382596039926,内蒙古,4,False,True,turn_10.one_turn.capital.household_illiquid_return_rah -> steady_state._post_turn_states.rah,0.09,0.02,False,0.4001484797007443,True,False,31,0,30,12,13,11,True,False,1.3,0.8,1.8515764055315742e-07,False
7.334378453570798,11.996943495354412,4.662565041783613,8.437942451380167,90061052.78222083,23510500.0,0.003730862817595826,89854895.95010023,89854895.95010023,0.9977109213611003,89854895.95010023,0.9977109213611003,89854895.95010023,0.9977109213611003,206156.83212059236,90061052.78222083,0.693699470927445,429100.0,429100.0,23598214.45027309,0.5406300280912503,0.5406300280912503,0.5406300280912503,True,0.7380939146868483,0.0,0.0,89854895.95010023,CONTINUED_TO_HOUSEHOLD_BATCH,5668958.786296127,True,True,5668946.350089646,23598200.891833548,0.09,90061052.78222083,1.0,13.211276593558908,5668958.786296127,0.16660042673076492,0.09,0.1916004267307649,0.693699470927445,1.080100472993364,1.080100472993364,C1_RESIDUAL_LEVEL__NO_C0_ACTION,HJB_CONVERGED,True,15,9.503526321452682e-08,0.693699470927445,13.728677336685971,0.08254872504144219,0.02,DIAGNOSTIC_ONLY,1.2124492121480781e-17,True,0.14766147016838238,3.6485715605167193,0.000357817499470503,False,0.002289078638899614,辽宁,5,False,True,turn_10.one_turn.capital.household_illiquid_return_rah -> steady_state._post_turn_states.rah,0.09,0.02,False,0.5406300280912503,True,False,31,0,30,12,13,11,False,False,1.3,0.8,5.745539501944563e-07,False
7.349657748767245,12.010628412567176,4.660970663799931,8.12512418240781,66308917.7271201,11253800.0,0.0075563344569413715,66101646.399882495,66101646.399882495,0.996874156081229,66101646.399882495,0.996874156081229,66101646.399882495,0.996874156081229,207271.32723760663,66308917.7271201,0.7034095870080519,248400.0,248400.0,11168762.523288473,0.3250442085976263,0.3250442085976263,0.3250442085976263,True,0.7380939146868483,0.0,0.0,66101646.399882495,CONTINUED_TO_HOUSEHOLD_BATCH,5388290.12398067,True,True,5388293.279837704,11168764.236523326,0.09,66308917.7271201,1.0,21.691989226975323,5388290.12398067,0.0968413369214461,0.09,0.12142006665604775,0.7034095870080519,0.5302069295226765,0.8,C1_RESIDUAL_LEVEL__NO_C0_ACTION,HJB_CONVERGED,True,25,4.8624873016933634e-08,0.7034095870080519,12.964828794588104,0.07865644441272908,0.02,DIAGNOSTIC_ONLY,2.1326250744567595e-17,True,0.1627832780719932,3.378080040388906,0.0005346919578004261,False,0.0031258439187710255,吉林,6,False,True,turn_10.one_turn.capital.household_illiquid_return_rah -> steady_state._post_turn_states.rah,0.09,0.02,False,0.3250442085976263,True,False,31,0,30,12,13,11,True,False,1.3,0.8,1.5339520265111872e-07,False
7.360661009564137,12.0071924923615,4.646531482797364,7.517194928269346,58424879.89838116,12846500.0,3.9785690202132074e-05,58214346.64445443,58214346.64445443,0.9963965137062684,58214346.64445443,0.9963965137062684,58214346.64445443,0.9963965137062684,210533.25392673255,58424879.89838116,0.7073780714324671,332700.0,332700.0,12845988.893130818,0.41270310471903765,0.41270310471903765,0.41270310471903765,True,0.7380939146868483,0.0,0.0,58214346.64445443,CONTINUED_TO_HOUSEHOLD_BATCH,5277794.476889872,True,True,5277798.177323799,12845991.252050743,0.09,58424879.89838116,1.0,15.863524126509985,5277794.476889872,0.1347430655331228,0.09,0.15974306553312279,0.7073780714324671,0.6274820879001763,0.8,C1_RESIDUAL_LEVEL__NO_C0_ACTION,HJB_CONVERGED,True,26,2.0280820134388478e-08,0.7073780714324671,12.026512937627691,0.08488047601125319,0.02,DIAGNOSTIC_ONLY,1.2603850255143989e-17,True,0.1588359965249098,3.5086501624025095,0.0007481588622406665,False,0.00360348629373162,黑龙江,7,False,True,turn_10.one_turn.capital.household_illiquid_return_rah -> steady_state._post_turn_states.rah,0.09,0.02,False,0.41270310471903765,True,False,31,0,30,12,13,11,True,False,1.3,0.8,1.836308213265525e-07,False
7.321981056988197,11.995523689913089,4.673542632924892,9.050756800127267,66125294.30800852,36011800.0,0.002066292066274622,65917973.06176957,65917973.06176957,0.9968647210056524,65917973.06176957,0.9968647210056524,65917973.06176957,0.9968647210056524,207321.24623895396,66125294.30800852,0.6882479025644216,247500.0,247500.0,35937389.10336773,1.0227253445056632,1.0227253445056632,1.0227253445056632,True,0.7380939146868483,0.0,0.0,65917973.06176957,CONTINUED_TO_HOUSEHOLD_BATCH,5915290.999253346,True,True,5915294.513862499,35937394.69569961,0.09,66125294.30800852,1.0,23.90016565354887,5915290.999253346,0.3903561458279946,0.09,0.4153561458279946,0.6882479025644216,1.6475784735543535,1.3,C1_RESIDUAL_LEVEL__NO_C0_ACTION,HJB_CONVERGED,True,25,2.6928415053362187e-09,0.6882479025644216,14.768474430240314,0.07864081142078352,0.02,DIAGNOSTIC_ONLY,1.3036830494649079e-17,True,0.14668887763168667,3.6102668365182717,0.0003932925777337948,False,0.003135278994347629,上海,8,False,True,turn_10.one_turn.capital.household_illiquid_return_rah -> steady_state._post_turn_states.rah,0.09,0.02,False,1.0227253445056632,True,False,31,0,30,12,13,11,False,True,1.3,0.8,1.5561316912826584e-07,False
7.312970433330957,11.98891070015301,4.675940266822052,9.320233936218699,203535217.25929242,93207600.0,0.0021819783417781347,203343357.86985567,203343357.86985567,0.9990573651478096,203343357.86985567,0.9990573651478096,203343357.86985567,0.9990573651478096,191859.3894367607,203535217.25929242,0.6822544082962441,844600.0,844600.0,93004223.03551088,1.1603289174497986,1.1603289174497986,1.1603289174497986,True,0.7380939146868483,0.0,0.0,203343357.86985567,CONTINUED_TO_HOUSEHOLD_BATCH,5799097.61147471,True,True,5799101.285627237,93004238.46831769,0.09,203535217.25929242,1.0,6.86608762902523,5799097.61147471,0.3194411654608181,0.09,0.3444411654608181,0.6822544082962441,4.289712246473747,1.3,C1_RESIDUAL_LEVEL__NO_C0_ACTION,HJB_CONVERGED,True,15,6.951510478359069e-10,0.6822544082962441,15.378213843367142,0.08042887539624903,0.02,DIAGNOSTIC_ONLY,1.554474864801092e-17,True,0.1387205299217033,3.7643052023679475,0.0002697589921613064,False,0.0009426348521904326,江苏,9,False,True,turn_10.one_turn.capital.household_illiquid_return_rah -> steady_state._post_turn_states.rah,0.09,0.02,False,1.1603289174497986,True,False,31,0,30,12,13,11,False,True,1.3,0.8,1.6593659668551197e-07,False
7.316058042604004,11.987520635291045,4.671462592687042,9.103554402424136,124249656.20818298,58002800.0,0.002145176626634271,124046336.2891785,124046336.2891785,0.9983636178544929,124046336.2891785,0.9983636178544929,124046336.2891785,0.9983636178544929,203319.91900447742,124249656.20818298,0.6824624352856451,627300.0,627300.0,57878373.749160655,1.0369336001179625,1.0369336001179625,1.0369336001179625,True,0.7380939146868483,0.0,0.0,124046336.2891785,CONTINUED_TO_HOUSEHOLD_BATCH,5852883.084264881,True,True,5852886.678578551,57878383.05826581,0.09,124249656.20818298,1.0,9.330277513573858,5852883.084264881,0.3266283712189842,0.09,0.3516283712189842,0.6824624352856451,2.6487637267115036,1.3,C1_RESIDUAL_LEVEL__NO_C0_ACTION,HJB_CONVERGED,True,18,6.721068146475773e-11,0.6824624352856451,15.071923260337337,0.08335289958723682,0.02,DIAGNOSTIC_ONLY,1.625247888378829e-17,True,0.1358684943782545,3.854756622197347,0.0002975106675051631,False,0.0016363821455071916,浙江,10,False,True,turn_10.one_turn.capital.household_illiquid_return_rah -> steady_state._post_turn_states.rah,0.09,0.02,False,1.0369336001179625,True,False,31,0,30,12,13,11,False,True,1.3,0.8,1.608390675089666e-07,False
7.3146847262391725,11.983278629741832,4.66859390350266,9.092753154875238,70182433.35888097,34010900.0,0.002109887943404054,69968726.48131377,69968726.48131377,0.9969549805080938,69968726.48131377,0.9969549805080938,69968726.48131377,0.9969549805080938,213706.87756720698,70182433.35888097,0.6774361836004774,607600.0,607600.0,33939140.81214568,0.9221011048681041,0.9221011048681041,0.9221011048681041,True,0.7380939146868483,0.0,0.0,69968726.48131377,CONTINUED_TO_HOUSEHOLD_BATCH,5969996.776435406,True,True,5970000.311422541,33939146.07546937,0.09,70182433.35888097,1.0,9.825537815068147,5969996.776435406,0.341066249339268,0.09,0.366066249339268,0.6774361836004774,1.5270314419676507,1.3,C1_RESIDUAL_LEVEL__NO_C0_ACTION,HJB_CONVERGED,True,14,1.4083667565500946e-10,0.6774361836004774,15.269967828054723,0.0889577543011743,0.02,DIAGNOSTIC_ONLY,1.1139079605335924e-17,True,0.1261115341097306,4.115122928724883,0.00031467560735809474,False,0.003045019491906293,安徽,11,False,True,turn_10.one_turn.capital.household_illiquid_return_rah -> steady_state._post_turn_states.rah,0.09,0.02,False,0.9221011048681041,True,False,31,0,30,12,13,11,False,True,1.3,0.8,1.550812055439721e-07,False
7.322335290530836,11.991430456823615,4.66909516629278,8.886946151917718,87795538.11850408,38687800.0,0.002101570820881693,87589287.31331693,87589287.31331693,0.9976507826068706,87589287.31331693,0.9976507826068706,87589287.31331693,0.9976507826068706,206250.80518714426,87795538.11850408,0.6868394033758104,410400.0,410400.0,38606494.84839589,0.8921644600055767,0.8921644600055767,0.8921644600055767,True,0.7380939146868483,0.0,0.0,87589287.31331693,CONTINUED_TO_HOUSEHOLD_BATCH,5892713.372870651,True,True,5892716.877447152,38606500.86187898,0.09,87795538.11850408,1.0,14.358463384187747,5892713.372870651,0.3055660019231155,0.09,0.3305660019231155,0.6868394033758104,1.7476291404268138,1.3,C1_RESIDUAL_LEVEL__NO_C0_ACTION,HJB_CONVERGED,True,15,6.802154395302296e-09,0.6868394033758104,14.59959797829099,0.08227335866361189,0.02,DIAGNOSTIC_ONLY,2.6082796650903483e-17,True,0.14117835836267784,3.7491986717502703,0.00034152108740859166,False,0.0023492173931293913,福建,12,False,True,turn_10.one_turn.capital.household_illiquid_return_rah -> steady_state._post_turn_states.rah,0.09,0.02,False,0.8921644600055767,True,False,31,0,30,12,13,11,False,True,1.3,0.8,1.5576348433299358e-07,False
7.317893289079813,11.98433355157401,4.6664402624941985,8.950564523031684,51050047.92908307,22716500.0,0.0023074047568361067,50835646.82940695,50835646.82940695,0.9958001782882954,50835646.82940695,0.9958001782882954,50835646.82940695,0.9958001782882954,214401.09967612833,51050047.92908307,0.6793848409677796,451300.0,451300.0,22768916.160158668,0.7893560257063097,0.7893560257063097,0.7893560257063097,True,0.7380939146868483,0.0,0.0,50835646.82940695,CONTINUED_TO_HOUSEHOLD_BATCH,5772602.120022197,True,True,5772606.82497925,22768921.020556916,0.09,51050047.92908307,1.0,12.791052780904492,5772602.120022197,0.31061953601859077,0.09,0.3356195360185908,0.6793848409677796,1.0531875748586716,1.0531875748586716,C1_RESIDUAL_LEVEL__NO_C0_ACTION,HJB_CONVERGED,True,14,4.3881787092914237e-10,0.6793848409677796,14.992373526467274,0.08911958483579704,0.02,DIAGNOSTIC_ONLY,1.8414091240217055e-17,True,0.12766412913635364,4.086833636603286,0.00023149623406171216,False,0.004199821711704694,江西,13,False,True,turn_10.one_turn.capital.household_illiquid_return_rah -> steady_state._post_turn_states.rah,0.09,0.02,False,0.7893560257063097,True,False,31,0,30,12,13,11,False,False,1.3,0.8,2.1346634049290714e-07,False
7.312388421364959,11.986511737561266,4.674123316196307,9.27320826797127,210016973.07581103,66648899.99999999,0.0021688959317324175,209823149.66583195,209823149.66583195,0.9990771059731962,209823149.66583195,0.9990771059731962,209823149.66583195,0.9990771059731962,193823.40997906186,210016973.07581103,0.6806620921310103,1007700.0,1007700.0,66504345.471935555,0.8090038132922267,0.8090038132922267,0.8090038132922267,True,0.7380939146868483,0.0,0.0,209823149.66583195,CONTINUED_TO_HOUSEHOLD_BATCH,5846649.090034617,True,True,5846652.7379746,66504356.33959871,0.09,210016973.07581103,1.0,5.801973891073352,5846649.090034617,0.20851193319639086,0.09,0.23351193319639085,0.6806620921310103,2.9763939280993013,1.3,C1_RESIDUAL_LEVEL__NO_C0_ACTION,HJB_CONVERGED,True,16,5.62063728892781e-11,0.6806620921310103,15.379435363779839,0.08264892131887876,0.02,DIAGNOSTIC_ONLY,1.328956365453397e-17,True,0.1348923020937554,3.861965377259288,0.00025521480693779797,False,0.0009228940268037113,山东,14,False,True,turn_10.one_turn.capital.household_illiquid_return_rah -> steady_state._post_turn_states.rah,0.09,0.02,False,0.8090038132922267,True,False,31,0,30,12,13,11,False,True,1.3,0.8,1.6341280106857425e-07,False
7.311032004977562,11.983963361099836,4.672931356122273,9.279355251882718,168320556.01470312,49935900.0,0.0021550283249720525,168118845.78353825,168118845.78353825,0.9988016304369429,168118845.78353825,0.9988016304369429,168118845.78353825,0.9988016304369429,201710.23116487576,168320556.01470312,0.678091599025186,986400.0,986400.0,49828286.721067026,0.7116861984516236,0.7116861984516236,0.7116861984516236,True,0.7380939146868483,0.0,0.0,168118845.78353825,CONTINUED_TO_HOUSEHOLD_BATCH,5910294.381468124,True,True,5910297.9892522665,49828294.68729771,0.09,168320556.01470312,1.0,5.991782625170441,5910294.381468124,0.19260408130460804,0.09,0.21760408130460804,0.678091599025186,2.199019321629146,1.3,C1_RESIDUAL_LEVEL__NO_C0_ACTION,HJB_CONVERGED,True,13,3.8492089515784755e-09,0.678091599025186,15.496887374352287,0.08521799168615436,0.02,DIAGNOSTIC_ONLY,1.9325903724554117e-17,True,0.13004033447358143,3.986706725087022,0.0002574933426540138,False,0.0011983695630571466,河南,15,False,True,turn_10.one_turn.capital.household_illiquid_return_rah -> steady_state._post_turn_states.rah,0.09,0.02,False,0.7116861984516236,True,False,31,0,30,12,13,11,False,True,1.3,0.8,1.5987363666258858e-07,False
7.312093280467307,11.984455713365232,4.672362432897926,9.234629437444683,101805153.6623069,42022000.0,0.0021227959271010732,101598064.77086914,101598064.77086914,0.9979658309625002,101598064.77086914,0.9979658309625002,101598064.77086914,0.9979658309625002,207088.89143776687,101805153.6623069,0.6788281783421752,591700.0,591700.0,41932795.86955136,0.8668910887321597,0.8668910887321597,0.8668910887321597,True,0.7380939146868483,0.0,0.0,101598064.77086914,CONTINUED_TO_HOUSEHOLD_BATCH,5940379.039191618,True,True,5940382.602562894,41932802.45743972,0.09,101805153.6623069,1.0,10.039511643048195,5940379.039191618,0.28328318200343733,0.09,0.30828318200343735,0.6788281783421752,1.874732914250245,1.3,C1_RESIDUAL_LEVEL__NO_C0_ACTION,HJB_CONVERGED,True,13,3.063024500704614e-09,0.6788281783421752,15.403937438735301,0.08512191323932045,0.02,DIAGNOSTIC_ONLY,2.7660707925536432e-17,True,0.13079469063112784,3.971279588567799,0.0003079962359521238,False,0.002034169037499729,湖北,16,False,True,turn_10.one_turn.capital.household_illiquid_return_rah -> steady_state._post_turn_states.rah,0.09,0.02,False,0.8668910887321597,True,False,31,0,30,12,13,11,False,True,1.3,0.8,1.5710584488903834e-07,False
7.3156359034540515,11.984520305446981,4.66888440199293,9.056782370259475,93791807.14892803,36329700.0,0.002121976023373162,93581691.74596266,93581691.74596266,0.9977597680506173,93581691.74596266,0.9977597680506173,93581691.74596266,0.9977597680506173,210115.4029653639,93791807.14892803,0.6795139708805449,663500.0,663500.0,36252609.24766366,0.7959373284760574,0.7959373284760574,0.7959373284760574,True,0.7380939146868483,0.0,0.0,93581691.74596266,CONTINUED_TO_HOUSEHOLD_BATCH,5948262.306194824,True,True,5948265.832153294,36252614.87589377,0.09,93791807.14892803,1.0,8.964977100519706,5948262.306194824,0.26314546287395396,0.09,0.288145462873954,0.6795139708805449,1.6122060334548567,1.3,C1_RESIDUAL_LEVEL__NO_C0_ACTION,HJB_CONVERGED,True,13,5.1340274254130236e-08,0.6795139708805449,15.131460685469872,0.08720574015593534,0.02,DIAGNOSTIC_ONLY,1.8878670328403846e-17,True,0.12947832726785977,4.025186075325233,0.0002995477577371064,False,0.0022402319493826425,湖南,17,False,True,turn_10.one_turn.capital.household_illiquid_return_rah -> steady_state._post_turn_states.rah,0.09,0.02,False,0.7959373284760574,True,False,31,0,30,12,13,11,False,True,1.3,0.8,1.5525032137642114e-07,False
7.321941345021952,11.987645879227607,4.665704534205656,8.805600815206294,191259406.86816654,99945200.0,0.0022046496137060334,191057332.50873014,191057332.50873014,0.998943454009686,191057332.50873014,0.998943454009686,191057332.50873014,0.998943454009686,202074.35943640227,191259406.86816654,0.684130994609769,1234800.0,1234800.0,99724855.85342823,1.30644139756687,1.30644139756687,1.30644139756687,True,0.7380939146868483,0.0,0.0,191057332.50873014,CONTINUED_TO_HOUSEHOLD_BATCH,5734851.60488711,True,True,5734855.231375263,99724872.36973663,0.09,191259406.86816654,1.0,4.6443566609063085,5734851.60488711,0.37208846821188885,0.09,0.39708846821188887,0.684130994609769,4.699177605628286,1.3,C1_RESIDUAL_LEVEL__NO_C0_ACTION,HJB_CONVERGED,True,13,1.1460762117110335e-08,0.684130994609769,14.597541111340997,0.08628759027162344,0.02,DIAGNOSTIC_ONLY,2.462494184257702e-17,True,0.1345174283469557,3.919407978233858,0.00024398977725725857,False,0.0010565459903140366,广东,18,False,True,turn_10.one_turn.capital.household_illiquid_return_rah -> steady_state._post_turn_states.rah,0.09,0.02,False,1.30644139756687,True,False,31,0,30,12,13,11,False,True,1.3,0.8,1.6561874693898915e-07,False
7.331588073843925,11.990666608250251,4.659078534406326,8.409992152714539,67306708.83876626,19627800.0,0.005297790754152487,67094689.93843848,67094689.93843848,0.9968499588824693,67094689.93843848,0.9968499588824693,67094689.93843848,0.9968499588824693,212018.90032777638,67306708.83876626,0.6891573494111379,494700.0,494700.0,19523816.022635646,0.5577680812178123,0.5577680812178123,0.5577680812178123,True,0.7380939146868483,0.0,0.0,67094689.93843848,CONTINUED_TO_HOUSEHOLD_BATCH,5544997.970425732,True,True,5544995.235242141,19523813.500343047,0.09,67306708.83876626,1.0,11.208809319639645,5544997.970425732,0.1880272864058815,0.09,0.2130272864058815,0.6891573494111379,0.91754244412456,0.91754244412456,C1_RESIDUAL_LEVEL__NO_C0_ACTION,HJB_CONVERGED,True,13,1.8952956537532373e-08,0.6891573494111379,13.863647727143238,0.08756539224398856,0.02,DIAGNOSTIC_ONLY,1.7645390357201585e-17,True,0.1379253974173253,3.875986928501787,4.95338464052697e-05,False,0.0031500411175306355,广西,19,False,True,turn_10.one_turn.capital.household_illiquid_return_rah -> steady_state._post_turn_states.rah,0.09,0.02,False,0.5577680812178123,True,False,31,0,30,12,13,11,False,False,1.3,0.8,1.2919057024163294e-07,False
7.343200445939745,11.996588359575988,4.6533879136362435,8.013401794560544,14673330.466888333,4910700.0,0.0020759834079857598,14458727.73069305,14458727.73069305,0.985374640291817,14458727.73069305,0.985374640291817,14458727.73069305,0.985374640291817,214602.736195283,14673330.466888333,0.6966386164019818,98200.0,98200.0,4900505.468278404,0.43124462072637787,0.43124462072637787,0.43124462072637787,True,0.7380939146868483,0.0,0.0,14458727.73069305,CONTINUED_TO_HOUSEHOLD_BATCH,5529281.570730559,True,True,5529284.873052128,4900506.234822295,0.09,14673330.466888333,1.0,56.306329640840715,5529281.570730559,0.2219400196773357,0.09,0.2469400196773357,0.6966386164019818,0.23253345008378226,0.8,C1_RESIDUAL_LEVEL__NO_C0_ACTION,HJB_CONVERGED,True,14,8.445339094720339e-09,0.6966386164019818,13.052723612587696,0.08665869417150185,0.02,DIAGNOSTIC_ONLY,2.873135757086587e-17,True,0.1460187926336579,3.728066820746714,0.000487462277965256,False,0.014625359708183024,海南,20,False,True,turn_10.one_turn.capital.household_illiquid_return_rah -> steady_state._post_turn_states.rah,0.09,0.02,False,0.43124462072637787,True,False,31,0,30,12,13,11,True,False,1.3,0.8,1.56421368191495e-07,False
7.320881530609713,11.98747845766404,4.666596927054328,8.8541543899151,50663834.63130832,21588800.0,0.0006982389694201174,50452053.3012802,50452053.3012802,0.9958198716783028,50452053.3012802,0.9958198716783028,50452053.3012802,0.9958198716783028,211781.33002811845,50663834.63130832,0.6837267338327112,316300.0,316300.0,21603874.141463015,0.7557652302563093,0.7557652302563093,0.7557652302563093,True,0.7380939146868483,0.0,0.0,50452053.3012802,CONTINUED_TO_HOUSEHOLD_BATCH,5697457.044601585,True,True,5697447.815580276,21603864.97604923,0.09,50663834.63130832,1.0,18.01282657161424,5697457.044601585,0.2948835160001947,0.09,0.3198835160001947,0.6837267338327112,1.009352407764557,1.009352407764557,C1_RESIDUAL_LEVEL__NO_C0_ACTION,HJB_CONVERGED,True,13,8.974008203210815e-09,0.6837267338327112,14.679934825725065,0.085928762156068,0.02,DIAGNOSTIC_ONLY,2.349860184415691e-17,True,0.1344928246254515,3.914939373932087,0.000262000759012726,False,0.004180128321697262,重庆,21,False,True,turn_10.one_turn.capital.household_illiquid_return_rah -> steady_state._post_turn_states.rah,0.09,0.02,False,0.7557652302563093,True,False,31,0,30,12,13,11,False,False,1.3,0.8,4.242487996464206e-07,False
7.321783886740278,11.985774722241526,4.663990835501248,8.782976518491168,94830047.41899477,42902100.0,0.0021433071936677317,94616775.91570522,94616775.91570522,0.9977510134277668,94616775.91570522,0.9977510134277668,94616775.91570522,0.9977510134277668,213271.50328955386,94830047.41899477,0.6819619218458092,832100.0,832100.0,42810147.62044655,0.9358547875920058,0.9358547875920058,0.9358547875920058,True,0.7380939146868483,0.0,0.0,94616775.91570522,CONTINUED_TO_HOUSEHOLD_BATCH,5862546.211087384,True,True,5862549.740515836,42810154.37054833,0.09,94830047.41899477,1.0,7.045482767801207,5862546.211087384,0.3149965625577467,0.09,0.33999656255774674,0.6819619218458092,1.9514983096954257,1.3,C1_RESIDUAL_LEVEL__NO_C0_ACTION,HJB_CONVERGED,True,14,1.6719754469818326e-09,0.6819619218458092,14.65639002522642,0.08906223524040963,0.02,DIAGNOSTIC_ONLY,1.6615398293340355e-17,True,0.12997152252177788,4.041250358024693,0.00027873542382961247,False,0.0022489865722331685,四川,22,False,True,turn_10.one_turn.capital.household_illiquid_return_rah -> steady_state._post_turn_states.rah,0.09,0.02,False,0.9358547875920058,True,False,31,0,30,12,13,11,False,True,1.3,0.8,1.5767524974563685e-07,False
7.326464786316116,11.987109587481594,4.660644801165478,8.587196785847741,39447014.665611394,15353200.0,4.988863186961012e-05,39231679.43835214,39231679.43835214,0.9945411527568149,39231679.43835214,0.9945411527568149,39231679.43835214,0.9945411527568149,215335.2272592527,39447014.665611394,0.6843341502161616,382200.0,382200.0,15352434.049857179,0.6531605820813702,0.6531605820813702,0.6531605820813702,True,0.7380939146868483,0.0,0.0,39231679.43835214,CONTINUED_TO_HOUSEHOLD_BATCH,5463539.317037842,True,True,5463543.1558418255,15352436.875027148,0.09,39447014.665611394,1.0,14.29497466519582,5463539.317037842,0.26525665573934265,0.09,0.2902566557393427,0.6843341502161616,0.7436288329695804,0.8,C1_RESIDUAL_LEVEL__NO_C0_ACTION,HJB_CONVERGED,True,14,2.041966151722363e-09,0.6843341502161616,14.294247333071871,0.08979022288228188,0.02,DIAGNOSTIC_ONLY,1.5924314648738868e-17,True,0.13142368892170764,4.023566815373953,0.0007496824712265315,False,0.005458847243185043,贵州,23,False,True,turn_10.one_turn.capital.household_illiquid_return_rah -> steady_state._post_turn_states.rah,0.09,0.02,False,0.6531605820813702,True,False,31,0,30,12,13,11,True,False,1.3,0.8,1.8402094681402303e-07,False
7.3345251264581846,11.992485165642847,4.657960039184664,8.31286950337985,68611984.86091176,20880600.0,0.0019204735911331206,68400716.53172739,68400716.53172739,0.9969208246982995,68400716.53172739,0.9969208246982995,68400716.53172739,0.9969208246982995,211268.32918437247,68611984.86091176,0.6913700956168886,470300.0,470300.0,20840499.359132987,0.5861329189742354,0.5861329189742354,0.5861329189742354,True,0.7380939146868483,0.0,0.0,68400716.53172739,CONTINUED_TO_HOUSEHOLD_BATCH,5576484.423458467,True,True,5576472.381471209,20840487.572446655,0.09,68611984.86091176,1.0,11.857291991193849,5576484.423458467,0.19853920418836324,0.09,0.22353920418836323,0.6913700956168886,0.9759490702481451,0.9759490702481451,C1_RESIDUAL_LEVEL__NO_C0_ACTION,HJB_CONVERGED,True,14,1.458853038371899e-09,0.6913700956168886,13.64819514998574,0.08689841172615392,0.02,DIAGNOSTIC_ONLY,1.6263032587282567e-17,True,0.14068059944542122,3.819694970890406,0.0001364405795987178,False,0.003079175301700564,云南,24,False,True,turn_10.one_turn.capital.household_illiquid_return_rah -> steady_state._post_turn_states.rah,0.09,0.02,False,0.5861329189742354,True,False,31,0,30,12,13,11,False,False,1.3,0.8,5.655667263404496e-07,False
8.17132451511743,10.127062444193573,1.9557379290761432,7.603047997893646,6325734.326183821,1548400.0,0.0021660372021047314,6110781.992589164,6110781.992589164,0.9660193864442085,6110781.992589164,0.9660193864442085,6110781.992589164,0.9660193864442085,214952.33359465734,6325734.326183821,0.6622438306218604,35400.0,35400.0,1545046.107996261,0.2539305050273779,0.2539305050273779,0.2539305050273779,True,0.7380939146868483,0.0,0.0,6110781.992589164,CONTINUED_TO_HOUSEHOLD_BATCH,5453102.244219261,True,True,5453105.758603959,1545046.3687872544,0.09,6325734.326183821,1.0,154.04243627738026,5453102.244219261,0.15311517886071385,0.09,0.17811517886071385,0.6622438306218604,0.07331658084943606,0.8,C1_RESIDUAL_LEVEL__NO_C0_ACTION,HJB_CONVERGED,True,16,2.716129543500756e-09,0.6622438306218604,11.590657444718058,0.08467081222940956,0.02,DIAGNOSTIC_ONLY,1.9136168344369153e-17,True,0.0006551466805571228,0.8070174500195535,0.0006173976781164159,False,0.03398061355579146,西藏,25,False,True,turn_10.one_turn.capital.household_illiquid_return_rah -> steady_state._post_turn_states.rah,0.09,0.02,False,0.2539305050273779,True,False,31,0,30,12,13,11,True,False,1.3,0.8,1.6879169373318348e-07,False
7.316235385329688,11.987012947253529,4.670777561923842,9.080101109976844,73897910.2910824,23941900.0,0.004298425212982293,73689226.08461961,73689226.08461961,0.9971760472570769,73689226.08461961,0.9971760472570769,73689226.08461961,0.9971760472570769,208684.20646278182,73897910.2910824,0.6821367732745282,393100.0,393100.0,24044812.466606703,0.6338518706666324,0.6338518706666324,0.6338518706666324,True,0.7380939146868483,0.0,0.0,73689226.08461961,CONTINUED_TO_HOUSEHOLD_BATCH,5792924.471816887,True,True,5792915.448071828,24044802.65689636,0.09,73897910.2910824,1.0,14.736516081955958,5792924.471816887,0.21526434732793087,0.09,0.24026434732793087,0.6821367732745282,1.0875709199164114,1.0875709199164114,C1_RESIDUAL_LEVEL__NO_C0_ACTION,HJB_CONVERGED,True,25,4.64566163316249e-11,0.6821367732745282,15.053258817636994,0.08403885737510583,0.02,DIAGNOSTIC_ONLY,1.802486111757151e-17,True,0.1348764195945692,3.881881961698923,0.000379735071762366,False,0.0028239527429230254,陕西,26,False,True,turn_10.one_turn.capital.household_illiquid_return_rah -> steady_state._post_turn_states.rah,0.09,0.02,False,0.6338518706666324,True,False,31,0,30,12,13,11,False,False,1.3,0.8,4.079763300524064e-07,False
7.328895670923124,11.987897722846082,4.6590020519229585,8.488178219993962,25177704.67938732,8104100.0,0.006066627343084052,24962132.870599758,24962132.870599758,0.9914379880321638,24962132.870599758,0.9914379880321638,24962132.870599758,0.9914379880321638,215571.8087875606,25177704.67938732,0.6857072524361022,251500.0,251500.0,8153264.554651087,0.4815843645010798,0.4815843645010798,0.4815843645010798,True,0.7380939146868483,0.0,0.0,24962132.870599758,CONTINUED_TO_HOUSEHOLD_BATCH,5532598.779385575,True,True,5532602.03326723,8153265.8105353145,0.09,25177704.67938732,1.0,21.998404689405866,5532598.779385575,0.21406231890309876,0.09,0.23906231890309876,0.6857072524361022,0.38603977245559645,0.8,C1_RESIDUAL_LEVEL__NO_C0_ACTION,HJB_CONVERGED,True,13,2.050537606379521e-08,0.6857072524361022,14.105442489729894,0.09,0.02,DIAGNOSTIC_ONLY,2.9660010659308537e-17,True,0.1324566884100621,4.006885090895887,4.554415202095985e-05,False,0.008562011967836236,甘肃,27,False,True,turn_10.one_turn.capital.household_illiquid_return_rah -> steady_state._post_turn_states.rah,0.09,0.02,False,0.4815843645010798,True,False,31,0,30,12,13,11,True,False,1.3,0.8,1.540345005990318e-07,False
7.345399846959837,12.005987714825038,4.660587867865201,8.099701126175756,17578407.529567722,2748000.0,0.002115282743643032,17365178.18782856,17365178.18782856,0.9878698146359105,17365178.18782856,0.9878698146359105,17365178.18782856,0.9878698146359105,213229.34173916277,17578407.529567722,0.7068479341734932,58700.0,58700.0,2742187.203020469,0.2111711647722934,0.2111711647722934,0.2111711647722934,True,0.7380939146868483,0.0,0.0,17365178.18782856,CONTINUED_TO_HOUSEHOLD_BATCH,5531285.541257894,True,True,5531289.016674908,2742187.6542769293,0.08784759338722603,17578407.529567722,1.0,94.22973664834572,5531285.541257894,0.08784757464970273,0.08784757464970273,0.11224266459202445,0.7068479341734932,0.12657425583701076,0.8,C1_RESIDUAL_LEVEL__NO_C0_ACTION,HJB_CONVERGED,True,26,9.636824671588329e-11,0.7068479341734932,12.80126288279377,0.0746325363892999,0.02,DIAGNOSTIC_ONLY,2.054563116860031e-17,True,0.17473606999824418,3.2152588436626797,0.00046205401758991904,False,0.012130185364089484,青海,28,False,False,turn_10.one_turn.capital.household_illiquid_return_rah -> steady_state._post_turn_states.rah,0.09,0.02,False,0.2111711647722934,True,False,31,0,30,12,13,11,True,False,1.3,0.8,1.64560751247933e-07,False
7.33063549764347,11.999668561761487,4.669033064118016,8.724769955447458,18640640.44456374,3510200.0,0.0020933106913727517,18427372.60803435,18427372.60803435,0.9885589855582679,18427372.60803435,0.9885589855582679,18427372.60803435,0.9885589855582679,213267.83652938993,18640640.44456374,0.6930013636031194,71000.0,71000.0,3502852.0608111434,0.25704566563666087,0.25704566563666087,0.25704566563666087,True,0.7380939146868483,0.0,0.0,18427372.60803435,CONTINUED_TO_HOUSEHOLD_BATCH,5636407.948610012,True,True,5636411.440672615,3502852.629201744,0.09,18640640.44456374,1.0,79.38602744521144,5636407.948610012,0.11092578705153315,0.09,0.13586290016137317,0.6930013636031194,0.1594385206997875,0.8,C1_RESIDUAL_LEVEL__NO_C0_ACTION,HJB_CONVERGED,True,27,3.0176217080679635e-10,0.6930013636031194,14.142909774704822,0.07895703906356726,0.02,DIAGNOSTIC_ONLY,9.540979117872439e-18,True,0.15120628721078794,3.546010041050345,0.00046459181826230544,False,0.011441014441732138,宁夏,29,False,True,turn_10.one_turn.capital.household_illiquid_return_rah -> steady_state._post_turn_states.rah,0.09,0.02,False,0.25704566563666087,True,False,31,0,30,12,13,11,True,False,1.3,0.8,1.62265062497724e-07,False
8.182963693060607,10.142528239008717,1.9595645459481106,7.278661040255033,49250553.031937115,12809400.0,3.8800014537376804e-05,49040338.37877687,49040338.37877687,0.9957317300980574,49040338.37877687,0.9957317300980574,49040338.37877687,0.9957317300980574,210214.65316024152,49250553.031937115,0.6689125261959377,252000.0,252000.0,12808902.995093785,0.4695876658129632,0.4695876658129632,0.4695876658129632,True,0.7380939146868483,0.0,0.0,49040338.37877687,CONTINUED_TO_HOUSEHOLD_BATCH,5159529.102774728,True,True,5159532.712698391,12808905.342268217,0.09,49250553.031937115,1.0,20.47432183640765,5159529.102774728,0.16511891156009523,0.09,0.19011891156009522,0.6689125261959377,0.6439621309405011,0.8,C1_RESIDUAL_LEVEL__NO_C0_ACTION,HJB_CONVERGED,True,16,2.6740765157740043e-09,0.6689125261959377,10.9631878849174,0.08353198665779005,0.02,DIAGNOSTIC_ONLY,1.7076184216646695e-17,True,0.1462838279161848,0.7878897788819967,0.0007274039724169956,False,0.004268269901942528,新疆,30,False,True,turn_10.one_turn.capital.household_illiquid_return_rah -> steady_state._post_turn_states.rah,0.09,0.02,False,0.4695876658129632,True,False,31,0,30,12,13,11,True,False,1.3,0.8,1.8324551309678583e-07,False
7.322074045192879,11.995635326202107,4.673561281009228,9.049757498084759,58719043.066994764,33106000.0,0.0020481201778197455,58510809.39241568,58510809.39241568,0.9964537284038927,58510809.39241568,0.9964537284038927,58510809.39241568,0.9964537284038927,208233.67457908075,58719043.066994764,0.6883177353051193,219200.0,219200.0,33038194.9333931,1.026364744857471,1.026364744857471,1.026364744857471,True,0.7380939146868483,0.0,0.0,58510809.39241568,CONTINUED_TO_HOUSEHOLD_BATCH,5915517.210742215,True,True,5915516.938842839,33038194.535673134,0.09,58719043.066994764,1.0,26.98684858915244,5915517.210742215,0.4063379675444194,0.09,0.43133796754441944,0.6883177353051193,1.519280274476268,1.3,C1_RESIDUAL_LEVEL__NO_C0_ACTION,HJB_CONVERGED,True,25,1.213868117133643e-09,0.6883177353051193,14.764396966894912,0.07859257479136125,0.02,DIAGNOSTIC_ONLY,1.4663834382866447e-17,True,0.14681733645007508,3.607600163690777,0.00016385515191319477,False,0.003546271596107231,北京,0,False,True,turn_11.one_turn.capital.household_illiquid_return_rah -> steady_state._post_turn_states.rah,0.09,0.02,False,1.026364744857471,True,False,31,0,30,12,13,12,False,True,1.3,0.8,1.2038187113816434e-08,False
7.308369144814986,11.984120021984783,4.675750877169796,9.212026087085933,64593598.72309723,13362900.0,2.8107791994358422e-05,64388134.38782922,64388134.38782922,0.9968191223382862,64388134.38782922,0.9968191223382862,64388134.38782922,0.9968191223382862,205464.33526800768,64593598.72309723,0.6979253162687068,138300.0,138300.0,13362524.39838636,0.3943630348293412,0.3943630348293412,0.3943630348293412,True,0.7380939146868483,0.0,0.0,64388134.38782922,CONTINUED_TO_HOUSEHOLD_BATCH,5499853.82232277,True,True,5499853.582241432,13362524.245615205,0.09,64593598.72309723,1.0,39.76756198353413,5499853.82232277,0.12499980176056455,0.09,0.14999980176056454,0.6979253162687068,0.6251194100698324,0.8,C1_RESIDUAL_LEVEL__NO_C0_ACTION,HJB_CONVERGED,True,25,8.814367902232334e-09,0.6979253162687068,14.587141666444762,0.06490309858591761,0.02,DIAGNOSTIC_ONLY,3.18157420499606e-17,True,0.16367380774757592,3.0480771375489417,0.00027050166760789196,False,0.003180877661713841,天津,1,False,True,turn_11.one_turn.capital.household_illiquid_return_rah -> steady_state._post_turn_states.rah,0.09,0.02,False,0.3943630348293412,True,False,31,0,30,12,13,12,True,False,1.3,0.8,1.1432806479305668e-08,False
7.316250604894465,11.985257537849947,4.669006932955482,9.038906421977575,113705229.18254791,32494600.0,0.0021132513154298316,113497505.78123054,113497505.78123054,0.9981731411755577,113497505.78123054,0.9981731411755577,113497505.78123054,0.9981731411755577,207723.40131736614,113705229.18254791,0.6805037588296083,742600.0,742600.0,32425930.743805632,0.6175565659297677,0.6175565659297677,0.6175565659297677,True,0.7380939146868483,0.0,0.0,113497505.78123054,CONTINUED_TO_HOUSEHOLD_BATCH,5950312.279840051,True,True,5950312.006244798,32425930.35331839,0.09,113705229.18254791,1.0,8.012809426124496,5950312.279840051,0.18427291902052267,0.09,0.20927291902052267,0.6805037588296083,1.4190172529668474,1.3,C1_RESIDUAL_LEVEL__NO_C0_ACTION,HJB_CONVERGED,True,13,2.9254612066154095e-08,0.6805037588296083,15.065143414356394,0.08640795022388285,0.02,DIAGNOSTIC_ONLY,1.4990487765349654e-17,True,0.13109988552176993,3.98361266794853,0.00011489621029181496,False,0.0018268588244422504,河北,2,False,True,turn_11.one_turn.capital.household_illiquid_return_rah -> steady_state._post_turn_states.rah,0.09,0.02,False,0.6175565659297677,True,False,31,0,30,12,13,12,False,True,1.3,0.8,1.204243749164391e-08,False
7.3186214041657855,11.986185590500796,4.66756418633501,8.939101135851285,53478727.38884524,15958100.0,4.9235139309544707e-05,53266829.43887445,53266829.43887445,0.9960377151754178,53266829.43887445,0.9960377151754178,53266829.43887445,0.9960377151754178,211897.94997079056,53478727.38884524,0.681967471248152,350200.0,350200.0,15957314.300723385,0.541543979367176,0.541543979367176,0.541543979367176,True,0.7380939146868483,0.0,0.0,53266829.43887445,CONTINUED_TO_HOUSEHOLD_BATCH,5493265.830607539,True,True,5493265.59472797,15957314.121264443,0.09,53478727.38884524,1.0,15.686081755018673,5493265.830607539,0.19441424836615998,0.09,0.21941424836615997,0.681967471248152,0.7579651518554454,0.8,C1_RESIDUAL_LEVEL__NO_C0_ACTION,HJB_CONVERGED,True,13,9.67499542703365e-08,0.681967471248152,14.867920859400188,0.08643568422218627,0.02,DIAGNOSTIC_ONLY,2.692570736091211e-17,True,0.13239782474768977,3.9599820278127824,0.00030074343170527484,False,0.0039622848245822115,山西,3,False,True,turn_11.one_turn.capital.household_illiquid_return_rah -> steady_state._post_turn_states.rah,0.09,0.02,False,0.541543979367176,True,False,31,0,30,12,13,12,True,False,1.3,0.8,1.1246187314739586e-08,False
7.328991438262987,12.001912643778113,4.672921205515126,8.862074270013347,82165502.99427319,16140800.0,4.481031257519419e-05,81961499.33884165,81961499.33884165,0.9975171617284962,81961499.33884165,0.9975171617284962,81961499.33884165,0.9975171617284962,204003.65543154304,82165502.99427319,0.6960763678921378,242200.0,242200.0,16140076.725706786,0.4001484797007443,0.4001484797007443,0.4001484797007443,True,0.7380939146868483,0.0,0.0,81961499.33884165,CONTINUED_TO_HOUSEHOLD_BATCH,5430725.434039478,True,True,5430725.200783122,16140076.544144003,0.09,82165502.99427319,1.0,22.422483212384304,5430725.434039478,0.11720605448407811,0.09,0.1422060544840781,0.6960763678921378,0.7634554917593546,0.8,C1_RESIDUAL_LEVEL__NO_C0_ACTION,HJB_CONVERGED,True,25,2.608671501036497e-09,0.6960763678921378,14.20878383040908,0.0737057113966688,0.02,DIAGNOSTIC_ONLY,2.0572736222912447e-17,True,0.16264200350512095,3.336883297298511,0.0002930008820045682,False,0.0024828382715038184,内蒙古,4,False,True,turn_11.one_turn.capital.household_illiquid_return_rah -> steady_state._post_turn_states.rah,0.09,0.02,False,0.4001484797007443,True,False,31,0,30,12,13,12,True,False,1.3,0.8,1.1249189801887383e-08,False
7.3343784068531335,11.996943472114724,4.662565065261591,8.437944073195267,90061052.78222083,23510500.0,0.0037307993405870654,89854895.94903253,89854895.94903253,0.9977109213492451,89854895.94903253,0.9977109213492451,89854895.94903253,0.9977109213492451,206156.83318828896,90061052.78222083,0.6936994441251987,429100.0,429100.0,23598212.957896873,0.5406300280912503,0.5406300280912503,0.5406300280912503,True,0.7380939146868483,0.0,0.0,89854895.94903253,CONTINUED_TO_HOUSEHOLD_BATCH,5668957.4174430175,True,True,5668958.786296127,23598214.45027309,0.09,90061052.78222083,1.0,13.211273403502721,5668957.4174430175,0.16660041811972817,0.09,0.19160041811972817,0.6936994441251987,1.0801006852568802,1.0801006852568802,C1_RESIDUAL_LEVEL__NO_C0_ACTION,HJB_CONVERGED,True,15,9.504164122375869e-08,0.6936994441251987,13.728680515427182,0.08254872517876426,0.02,DIAGNOSTIC_ONLY,2.6061509721120313e-17,True,0.14766144302512904,3.6485719866353903,0.000142916304259888,False,0.0022890786507548675,辽宁,5,False,True,turn_11.one_turn.capital.household_illiquid_return_rah -> steady_state._post_turn_states.rah,0.09,0.02,False,0.5406300280912503,True,False,31,0,30,12,13,12,False,False,1.3,0.8,6.324106505140037e-08,False
7.349657797645399,12.010628440032825,4.660970642387426,8.125122692243472,66308917.7271201,11253800.0,0.00755632263327255,66101646.39892997,66101646.39892997,0.996874156066864,66101646.39892997,0.996874156066864,66101646.39892997,0.996874156066864,207271.32819013132,66308917.7271201,0.7034096128981249,248400.0,248400.0,11168762.656349678,0.3250442085976263,0.3250442085976263,0.3250442085976263,True,0.7380939146868483,0.0,0.0,66101646.39892997,CONTINUED_TO_HOUSEHOLD_BATCH,5388290.36908545,True,True,5388290.12398067,11168762.523288473,0.09,66308917.7271201,1.0,21.69199021370954,5388290.36908545,0.09684133837763756,0.09,0.12142006781674462,0.7034096128981249,0.5302069104728379,0.8,C1_RESIDUAL_LEVEL__NO_C0_ACTION,HJB_CONVERGED,True,25,4.862210856160232e-08,0.7034096128981249,12.964825924338452,0.07865644462143152,0.02,DIAGNOSTIC_ONLY,1.111307226797642e-17,True,0.16278330644890524,3.378079660968102,0.000213762692069297,False,0.003125843933135982,吉林,6,False,True,turn_11.one_turn.capital.household_illiquid_return_rah -> steady_state._post_turn_states.rah,0.09,0.02,False,0.3250442085976263,True,False,31,0,30,12,13,12,True,False,1.3,0.8,1.1913692699039302e-08,False
7.360661039758944,12.007192507692661,4.646531467933717,7.517194044448336,58424879.89838116,12846500.0,3.977437572066922e-05,58214346.64346737,58214346.64346737,0.9963965136893739,58214346.64346737,0.9963965136893739,58214346.64346737,0.9963965136893739,210533.25491378966,58424879.89838116,0.7073780879102538,332700.0,332700.0,12845989.038482305,0.41270310471903765,0.41270310471903765,0.41270310471903765,True,0.7380939146868483,0.0,0.0,58214346.64346737,CONTINUED_TO_HOUSEHOLD_BATCH,5277794.7049024645,True,True,5277794.476889872,12845988.893130818,0.09,58424879.89838116,1.0,15.863524811849908,5277794.7049024645,0.1347430554540926,0.09,0.1597430554540926,0.7073780879102538,0.6274820212003965,0.8,C1_RESIDUAL_LEVEL__NO_C0_ACTION,HJB_CONVERGED,True,26,2.0279060208849842e-08,0.7073780879102538,12.026511236637862,0.08488047610569827,0.02,DIAGNOSTIC_ONLY,1.6859343782149594e-17,True,0.1588360131487928,3.5086499163517946,0.00029908605199846505,False,0.003603486310626085,黑龙江,7,False,True,turn_11.one_turn.capital.household_illiquid_return_rah -> steady_state._post_turn_states.rah,0.09,0.02,False,0.41270310471903765,True,False,31,0,30,12,13,12,True,False,1.3,0.8,1.1314931658290561e-08,False
7.321981100453172,11.99552371234066,4.673542611887488,9.050755183706597,66125294.30800852,36011800.0,0.002066279957757433,65917973.06081082,65917973.06081082,0.9968647209911534,65917973.06081082,0.9968647209911534,65917973.06081082,0.9968647209911534,207321.2471977029,66125294.30800852,0.688247927127241,247500.0,247500.0,35937389.53941723,1.0227253445056632,1.0227253445056632,1.0227253445056632,True,0.7380939146868483,0.0,0.0,65917973.06081082,CONTINUED_TO_HOUSEHOLD_BATCH,5915291.273297034,True,True,5915290.999253346,35937389.10336773,0.09,66125294.30800852,1.0,23.900166760796097,5915291.273297034,0.3903561925961725,0.09,0.4153561925961725,0.688247927127241,1.6475785827389793,1.3,C1_RESIDUAL_LEVEL__NO_C0_ACTION,HJB_CONVERGED,True,25,2.692627898426281e-09,0.688247927127241,14.768471261367266,0.07864081162977218,0.02,DIAGNOSTIC_ONLY,1.3688052427629493e-17,True,0.14668890240980098,3.6102664554300903,0.00015740048355084024,False,0.0031352790088466035,上海,8,False,True,turn_11.one_turn.capital.household_illiquid_return_rah -> steady_state._post_turn_states.rah,0.09,0.02,False,1.0227253445056632,True,False,31,0,30,12,13,12,False,True,1.3,0.8,1.2133588800367079e-08,False
7.312970469945274,11.988910717468082,4.675940247522808,9.320232448403594,203535217.25929242,93207600.0,0.0021819657827270023,203343357.86896667,203343357.86896667,0.9990573651434418,203343357.86896667,0.9990573651434418,203343357.86896667,0.9990573651434418,191859.3903257644,203535217.25929242,0.6822544299155706,844600.0,844600.0,93004224.2061099,1.1603289174497986,1.1603289174497986,1.1603289174497986,True,0.7380939146868483,0.0,0.0,203343357.86896667,CONTINUED_TO_HOUSEHOLD_BATCH,5799097.890164024,True,True,5799097.61147471,93004223.03551088,0.09,203535217.25929242,1.0,6.866087958991267,5799097.890164024,0.3194411830717423,0.09,0.3444411830717423,0.6822544299155706,4.289712259650102,1.3,C1_RESIDUAL_LEVEL__NO_C0_ACTION,HJB_CONVERGED,True,15,6.951252906617356e-10,0.6822544299155706,15.378210904054876,0.08042887557247662,0.02,DIAGNOSTIC_ONLY,1.2725822999548608e-17,True,0.13872055062440786,3.764304856436941,0.00010796911664123776,False,0.0009426348565582453,江苏,9,False,True,turn_11.one_turn.capital.household_illiquid_return_rah -> steady_state._post_turn_states.rah,0.09,0.02,False,1.1603289174497986,True,False,31,0,30,12,13,12,False,True,1.3,0.8,1.2586514719359343e-08,False
7.3160580805223105,11.987520651945818,4.671462571423508,9.103552851383101,124249656.20818298,58002800.0,0.0021451643130397935,124046336.28823428,124046336.28823428,0.9983636178468934,124046336.28823428,0.9983636178468934,124046336.28823428,0.9983636178468934,203319.91994870346,124249656.20818298,0.6824624582599857,627300.0,627300.0,57878374.463383615,1.0369336001179625,1.0369336001179625,1.0369336001179625,True,0.7380939146868483,0.0,0.0,124046336.28823428,CONTINUED_TO_HOUSEHOLD_BATCH,5852883.360031539,True,True,5852883.084264881,57878373.749160655,0.09,124249656.20818298,1.0,9.33027795318275,5852883.360031539,0.3266283915382805,0.09,0.3516283915382805,0.6824624582599857,2.648763754973556,1.3,C1_RESIDUAL_LEVEL__NO_C0_ACTION,HJB_CONVERGED,True,18,6.721245782159713e-11,0.6824624582599857,15.0719201909317,0.08335289970978126,0.02,DIAGNOSTIC_ONLY,3.0561231163489696e-17,True,0.1358685158201553,3.854756248065552,0.00011907262458688006,False,0.0016363821531066175,浙江,10,False,True,turn_11.one_turn.capital.household_illiquid_return_rah -> steady_state._post_turn_states.rah,0.09,0.02,False,1.0369336001179625,True,False,31,0,30,12,13,12,False,True,1.3,0.8,1.2340066080085421e-08,False
7.314684763239793,11.983278642563697,4.668593879323903,9.092751490859005,70182433.35888097,34010900.0,0.0021098758673209206,69968726.48031546,69968726.48031546,0.9969549804938693,69968726.48031546,0.9969549804938693,69968726.48031546,0.9969549804938693,213706.8785654996,70182433.35888097,0.6774362077756463,607600.0,607600.0,33939141.222864136,0.9221011048681041,0.9221011048681041,0.9221011048681041,True,0.7380939146868483,0.0,0.0,69968726.48031546,CONTINUED_TO_HOUSEHOLD_BATCH,5969997.05228471,True,True,5969996.776435406,33939140.81214568,0.09,70182433.35888097,1.0,9.825538269066342,5969997.05228471,0.3410662736704988,0.09,0.3660662736704988,0.6774362077756463,1.527031472906533,1.3,C1_RESIDUAL_LEVEL__NO_C0_ACTION,HJB_CONVERGED,True,14,1.4083845201184886e-10,0.6774362077756463,15.269964506500465,0.08895775432043589,0.02,DIAGNOSTIC_ONLY,2.9009424920496836e-17,True,0.12611155501449534,4.11512251513973,0.00012594021252743115,False,0.0030450195061305445,安徽,11,False,True,turn_11.one_turn.capital.household_illiquid_return_rah -> steady_state._post_turn_states.rah,0.09,0.02,False,0.9221011048681041,True,False,31,0,30,12,13,12,False,True,1.3,0.8,1.2101616153614714e-08,False
7.322335331917532,11.991430476226961,4.669095144309429,8.886944564795906,87795538.11850408,38687800.0,0.00210155868835582,87589287.3123619,87589287.3123619,0.9976507825959926,87589287.3123619,0.9976507825959926,87589287.3123619,0.9976507825959926,206250.80614218707,87795538.11850408,0.6868394277092843,410400.0,410400.0,38606495.31777663,0.8921644600055767,0.8921644600055767,0.8921644600055767,True,0.7380939146868483,0.0,0.0,87589287.3123619,CONTINUED_TO_HOUSEHOLD_BATCH,5892713.646419333,True,True,5892713.372870651,38606494.84839589,0.09,87795538.11850408,1.0,14.358464050729369,5892713.646419333,0.30556601952323126,0.09,0.3305660195232313,0.6868394277092843,1.7476291523471297,1.3,C1_RESIDUAL_LEVEL__NO_C0_ACTION,HJB_CONVERGED,True,15,6.802136187644692e-09,0.6868394277092843,14.599594854770018,0.08227335880599179,0.02,DIAGNOSTIC_ONLY,1.3931997916438732e-17,True,0.14117838187270937,3.749198283948077,0.0001366828486674132,False,0.002349217404007425,福建,12,False,True,turn_11.one_turn.capital.household_illiquid_return_rah -> steady_state._post_turn_states.rah,0.09,0.02,False,0.8921644600055767,True,False,31,0,30,12,13,12,False,True,1.3,0.8,1.2158076989621236e-08,False
7.317893319630059,11.984333562450747,4.666440242820688,8.95056318832533,51050047.92908307,22716500.0,0.002307469714021515,50835646.828404106,50835646.828404106,0.9958001782686511,50835646.828404106,0.9958001782686511,50835646.828404106,0.9958001782686511,214401.1006789671,51050047.92908307,0.6793848607677637,451300.0,451300.0,22768917.635758568,0.7893560257063097,0.7893560257063097,0.7893560257063097,True,0.7380939146868483,0.0,0.0,50835646.828404106,CONTINUED_TO_HOUSEHOLD_BATCH,5772603.548430398,True,True,5772602.120022197,22768916.160158668,0.09,51050047.92908307,1.0,12.791055946001325,5772603.548430398,0.3106195625667029,0.09,0.33561956256670294,0.6793848607677637,1.0531873975605408,1.0531873975605408,C1_RESIDUAL_LEVEL__NO_C0_ACTION,HJB_CONVERGED,True,14,4.388192031967719e-10,0.6793848607677637,14.992370866660957,0.08911958485206903,0.02,DIAGNOSTIC_ONLY,3.1030327269375625e-17,True,0.12766414638635495,4.08683329960628,9.285878031084494e-05,False,0.004199821731348922,江西,13,False,True,turn_11.one_turn.capital.household_illiquid_return_rah -> steady_state._post_turn_states.rah,0.09,0.02,False,0.7893560257063097,True,False,31,0,30,12,13,12,False,False,1.3,0.8,6.480764791483296e-08,False
7.312388459985825,11.986511754574256,4.67412329458843,9.273206651593904,210016973.07581103,66648899.99999999,0.0021688835848062693,209823149.6649391,209823149.6649391,0.999077105968945,209823149.6649391,0.999077105968945,209823149.6649391,0.999077105968945,193823.41087192248,210016973.07581103,0.6806621155868717,1007700.0,1007700.0,66504346.2948446,0.8090038132922267,0.8090038132922267,0.8090038132922267,True,0.7380939146868483,0.0,0.0,209823149.6649391,CONTINUED_TO_HOUSEHOLD_BATCH,5846649.366259794,True,True,5846649.090034617,66504345.471935555,0.09,210016973.07581103,1.0,5.801974165187847,5846649.366259794,0.20851193781523528,0.09,0.23351193781523527,0.6806621155868717,2.9763938463522495,1.3,C1_RESIDUAL_LEVEL__NO_C0_ACTION,HJB_CONVERGED,True,16,5.6217253074919427e-11,0.6806621155868717,15.37943215982614,0.08264892145436017,0.02,DIAGNOSTIC_ONLY,1.6720502650321318e-17,True,0.1348923239111822,3.86196499430571,0.00010214879768755125,False,0.0009228940310550849,山东,14,False,True,turn_11.one_turn.capital.household_illiquid_return_rah -> steady_state._post_turn_states.rah,0.09,0.02,False,0.8090038132922267,True,False,31,0,30,12,13,12,False,True,1.3,0.8,1.2373763569328844e-08,False
7.311032043860106,11.98396337661362,4.672931332753513,9.279353551509924,168320556.01470312,49935900.0,0.0021550161290040393,168118845.78260425,168118845.78260425,0.9988016304313939,168118845.78260425,0.9988016304313939,168118845.78260425,0.9988016304313939,201710.23209888142,168320556.01470312,0.678091623445655,986400.0,986400.0,49828287.33008367,0.7116861984516236,0.7116861984516236,0.7116861984516236,True,0.7380939146868483,0.0,0.0,168118845.78260425,CONTINUED_TO_HOUSEHOLD_BATCH,5910294.657282399,True,True,5910294.381468124,49828286.721067026,0.09,168320556.01470312,1.0,5.9917829047875095,5910294.657282399,0.19260408512828833,0.09,0.21760408512828833,0.678091623445655,2.1990192576486227,1.3,C1_RESIDUAL_LEVEL__NO_C0_ACTION,HJB_CONVERGED,True,13,3.849171648084848e-09,0.678091623445655,15.496883989320759,0.08521799177438591,0.02,DIAGNOSTIC_ONLY,9.470177314468896e-18,True,0.13004035636013034,3.986706316714773,0.00010305991414572002,False,0.0011983695686061163,河南,15,False,True,turn_11.one_turn.capital.household_illiquid_return_rah -> steady_state._post_turn_states.rah,0.09,0.02,False,0.7116861984516236,True,False,31,0,30,12,13,12,False,True,1.3,0.8,1.222230738839869e-08,False
7.3120933194755935,11.98445572910813,4.672362409632537,9.234627748453287,101805153.6623069,42022000.0,0.002122783786723148,101598064.76990667,101598064.76990667,0.9979658309530463,101598064.76990667,0.9979658309530463,101598064.76990667,0.9979658309530463,207088.8924002387,101805153.6623069,0.6788282027647481,591700.0,591700.0,41932796.37971432,0.8668910887321597,0.8668910887321597,0.8668910887321597,True,0.7380939146868483,0.0,0.0,101598064.76990667,CONTINUED_TO_HOUSEHOLD_BATCH,5940379.315137344,True,True,5940379.039191618,41932795.86955136,0.09,101805153.6623069,1.0,10.039512109409067,5940379.315137344,0.2832831947370113,0.09,0.3082831947370113,0.6788282027647481,1.8747329045995906,1.3,C1_RESIDUAL_LEVEL__NO_C0_ACTION,HJB_CONVERGED,True,13,3.0630178393664664e-09,0.6788282027647481,15.403934078903704,0.08512191332932094,0.02,DIAGNOSTIC_ONLY,1.5365385136307642e-17,True,0.13079471261646125,3.9712791813230015,0.00012326771221160548,False,0.0020341690469537874,湖北,16,False,True,turn_11.one_turn.capital.household_illiquid_return_rah -> steady_state._post_turn_states.rah,0.09,0.02,False,0.8668910887321597,True,False,31,0,30,12,13,12,False,True,1.3,0.8,1.2166204266250702e-08,False
7.315635942805667,11.984520320471088,4.668884377665421,9.056780673782727,93791807.14892803,36329700.0,0.00212196394729236,93581691.7449843,93581691.7449843,0.9977597680401861,93581691.7449843,0.9977597680401861,93581691.7449843,0.9977597680401861,210115.40394373948,93791807.14892803,0.6795139958282174,663500.0,663500.0,36252609.68638405,0.7959373284760574,0.7959373284760574,0.7959373284760574,True,0.7380939146868483,0.0,0.0,93581691.7449843,CONTINUED_TO_HOUSEHOLD_BATCH,5948262.581043143,True,True,5948262.306194824,36252609.24766366,0.09,93791807.14892803,1.0,8.964977514759823,5948262.581043143,0.2631454727442308,0.09,0.2881454727442308,0.6795139958282174,1.6122060141857781,1.3,C1_RESIDUAL_LEVEL__NO_C0_ACTION,HJB_CONVERGED,True,13,5.1340931506160814e-08,0.6795139958282174,15.131457309538325,0.08720574020753616,0.02,DIAGNOSTIC_ONLY,1.3566079683224874e-17,True,0.12947834940196157,4.025185655505189,0.00011988684284180984,False,0.002240231959813997,湖南,17,False,True,turn_11.one_turn.capital.household_illiquid_return_rah -> steady_state._post_turn_states.rah,0.09,0.02,False,0.7959373284760574,True,False,31,0,30,12,13,12,False,True,1.3,0.8,1.2101760482607915e-08,False
7.3219413812066705,11.987645894133506,4.665704512926835,8.805599356945406,191259406.86816654,99945200.0,0.002204637042498625,191057332.5077891,191057332.5077891,0.9989434540047658,191057332.5077891,0.9989434540047658,191057332.5077891,0.9989434540047658,202074.3603774247,191259406.86816654,0.6841310168970046,1234800.0,1234800.0,99724857.10986006,1.30644139756687,1.30644139756687,1.30644139756687,True,0.7380939146868483,0.0,0.0,191057332.5077891,CONTINUED_TO_HOUSEHOLD_BATCH,5734851.880761963,True,True,5734851.60488711,99724855.85342823,0.09,191259406.86816654,1.0,4.644356884322938,5734851.880761963,0.372088495902381,0.09,0.39708849590238104,0.6841310168970046,4.699177707266054,1.3,C1_RESIDUAL_LEVEL__NO_C0_ACTION,HJB_CONVERGED,True,13,1.146080785829895e-08,0.6841310168970046,14.597538225722845,0.08628759034015204,0.02,DIAGNOSTIC_ONLY,1.4704491964334654e-17,True,0.13451744878044652,3.9194076112806946,9.765830070773696e-05,False,0.0010565459952341732,广东,18,False,True,turn_11.one_turn.capital.household_illiquid_return_rah -> steady_state._post_turn_states.rah,0.09,0.02,False,1.30644139756687,True,False,31,0,30,12,13,12,False,True,1.3,0.8,1.2598983634148908e-08,False
7.331588070634519,11.99066660687129,4.659078536236772,8.40999227273905,67306708.83876626,19627800.0,0.005297791669018115,67094689.937429205,67094689.937429205,0.9968499588674741,67094689.937429205,0.9968499588674741,67094689.937429205,0.9968499588674741,212018.90133705785,67306708.83876626,0.6891573474317357,494700.0,494700.0,19523816.004678845,0.5577680812178123,0.5577680812178123,0.5577680812178123,True,0.7380939146868483,0.0,0.0,67094689.937429205,CONTINUED_TO_HOUSEHOLD_BATCH,5544997.950953304,True,True,5544997.970425732,19523816.022635646,0.09,67306708.83876626,1.0,11.20880928027755,5544997.950953304,0.18802728748724107,0.09,0.21302728748724106,0.6891573474317357,0.9175424520042915,0.9175424520042915,C1_RESIDUAL_LEVEL__NO_C0_ACTION,HJB_CONVERGED,True,13,1.8952958757978422e-08,0.6891573474317357,13.863647965277108,0.08756539228895484,0.02,DIAGNOSTIC_ONLY,1.054386612742153e-17,True,0.13792539552399485,3.8759869622305323,1.9816461495514304e-05,False,0.0031500411325258936,广西,19,False,True,turn_11.one_turn.capital.household_illiquid_return_rah -> steady_state._post_turn_states.rah,0.09,0.02,False,0.5577680812178123,True,False,31,0,30,12,13,12,False,False,1.3,0.8,9.197382855319347e-10,False
7.34320048390234,11.996588376881864,4.6533878929795245,8.013400508420636,14673330.466888333,4910700.0,0.0020759712023302734,14458727.729690334,14458727.729690334,0.985374640223481,14458727.729690334,0.985374640223481,14458727.729690334,0.985374640223481,214602.73719799935,14673330.466888333,0.6966386384787158,98200.0,98200.0,4900505.528216717,0.43124462072637787,0.43124462072637787,0.43124462072637787,True,0.7380939146868483,0.0,0.0,14458727.729690334,CONTINUED_TO_HOUSEHOLD_BATCH,5529281.8289487045,True,True,5529281.570730559,4900505.468278404,0.09,14673330.466888333,1.0,56.30633227035341,5529281.8289487045,0.22194002665948184,0.09,0.24694002665948184,0.6966386384787158,0.2325334457992463,0.8,C1_RESIDUAL_LEVEL__NO_C0_ACTION,HJB_CONVERGED,True,14,8.445182331229262e-09,0.6966386384787158,13.052721102162453,0.08665869423319009,0.02,DIAGNOSTIC_ONLY,2.011419420050606e-17,True,0.1460188142068598,3.728066472651473,0.00019508864755946043,False,0.014625359776518998,海南,20,False,True,turn_11.one_turn.capital.household_illiquid_return_rah -> steady_state._post_turn_states.rah,0.09,0.02,False,0.43124462072637787,True,False,31,0,30,12,13,12,True,False,1.3,0.8,1.2231047064048539e-08,False
7.320881520781089,11.987478453516754,4.666596932735665,8.854154786227818,50663834.63130832,21588800.0,0.000698212420469746,50452053.30026738,50452053.30026738,0.9958198716583119,50452053.30026738,0.9958198716583119,50452053.30026738,0.9958198716583119,211781.33104093355,50663834.63130832,0.6837267277194434,316300.0,316300.0,21603873.568303037,0.7557652302563093,0.7557652302563093,0.7557652302563093,True,0.7380939146868483,0.0,0.0,50452053.30026738,CONTINUED_TO_HOUSEHOLD_BATCH,5697456.46746358,True,True,5697457.044601585,21603874.141463015,0.09,50663834.63130832,1.0,18.012824746960415,5697456.46746358,0.2948835208322058,0.09,0.31988352083220584,0.6837267277194434,1.0093525252562243,1.0093525252562243,C1_RESIDUAL_LEVEL__NO_C0_ACTION,HJB_CONVERGED,True,13,8.974003318229506e-09,0.6837267277194434,14.679935613816845,0.08592876223120856,0.02,DIAGNOSTIC_ONLY,1.406061019041919e-17,True,0.13449281892217466,3.914939477505173,0.00010471549398471947,False,0.004180128341688151,重庆,21,False,True,turn_11.one_turn.capital.household_illiquid_return_rah -> steady_state._post_turn_states.rah,0.09,0.02,False,0.7557652302563093,True,False,31,0,30,12,13,12,False,False,1.3,0.8,2.6530425745185937e-08,False
7.321783928356818,11.985774737609898,4.663990809253081,8.782974754544263,94830047.41899477,42902100.0,0.0021432951214716,94616775.91471057,94616775.91471057,0.9977510134172781,94616775.91471057,0.9977510134172781,94616775.91471057,0.9977510134172781,213271.5042842053,94830047.41899477,0.6819619487874256,832100.0,832100.0,42810148.13836911,0.9358547875920058,0.9358547875920058,0.9358547875920058,True,0.7380939146868483,0.0,0.0,94616775.91471057,CONTINUED_TO_HOUSEHOLD_BATCH,5862546.481893709,True,True,5862546.211087384,42810147.62044655,0.09,94830047.41899477,1.0,7.0454830932504615,5862546.481893709,0.3149965796548534,0.09,0.3399965796548534,0.6819619487874256,1.951498317683891,1.3,C1_RESIDUAL_LEVEL__NO_C0_ACTION,HJB_CONVERGED,True,14,1.6719754469818326e-09,0.6819619487874256,14.656386515588727,0.08906223525774112,0.02,DIAGNOSTIC_ONLY,1.0445610305540032e-17,True,0.12997154623924778,4.041249902190799,0.00011155900653492257,False,0.0022489865827219476,四川,22,False,True,turn_11.one_turn.capital.household_illiquid_return_rah -> steady_state._post_turn_states.rah,0.09,0.02,False,0.9358547875920058,True,False,31,0,30,12,13,12,False,True,1.3,0.8,1.2098126056514502e-08,False
7.326464811536875,11.98710959685437,4.660644785317496,8.587195751796871,39447014.665611394,15353200.0,4.9877416428256716e-05,39231679.43734523,39231679.43734523,0.9945411527312893,39231679.43734523,0.9945411527312893,39231679.43734523,0.9945411527312893,215335.2282661645,39447014.665611394,0.6843341664153519,382200.0,382200.0,15352434.222050093,0.6531605820813702,0.6531605820813702,0.6531605820813702,True,0.7380939146868483,0.0,0.0,39231679.43734523,CONTINUED_TO_HOUSEHOLD_BATCH,5463539.551011265,True,True,5463539.317037842,15352434.049857179,0.09,39447014.665611394,1.0,14.294975277371181,5463539.551011265,0.2652565661049355,0.09,0.2902565661049355,0.6843341664153519,0.7436285714833889,0.8,C1_RESIDUAL_LEVEL__NO_C0_ACTION,HJB_CONVERGED,True,14,2.0419612667410547e-09,0.6843341664153519,14.294245280289907,0.08979022288616016,0.02,DIAGNOSTIC_ONLY,2.3247058919046105e-17,True,0.13142370327574465,4.023566542596836,0.0002996953260727686,False,0.0054588472687107205,贵州,23,False,True,turn_11.one_turn.capital.household_illiquid_return_rah -> steady_state._post_turn_states.rah,0.09,0.02,False,0.6531605820813702,True,False,31,0,30,12,13,12,True,False,1.3,0.8,1.1216001016833843e-08,False
7.334525091602549,11.992485150421068,4.657960058818518,8.312870771999382,68611984.86091176,20880600.0,0.0019205345246572358,68400716.53069921,68400716.53069921,0.9969208246833141,68400716.53069921,0.9969208246833141,68400716.53069921,0.9969208246833141,211268.33021254998,68611984.86091176,0.6913700747192547,470300.0,470300.0,20840498.086804442,0.5861329189742354,0.5861329189742354,0.5861329189742354,True,0.7380939146868483,0.0,0.0,68400716.53069921,CONTINUED_TO_HOUSEHOLD_BATCH,5576483.1235702215,True,True,5576484.423458467,20840499.359132987,0.09,68611984.86091176,1.0,11.857289227238404,5576483.1235702215,0.19853919543479379,0.09,0.22353919543479378,0.6913700747192547,0.9759492595264401,0.9759492595264401,C1_RESIDUAL_LEVEL__NO_C0_ACTION,HJB_CONVERGED,True,14,1.4588685814942437e-09,0.6913700747192547,13.648197645314317,0.0868984117834224,0.02,DIAGNOSTIC_ONLY,1.4759728810988496e-17,True,0.14068057951852436,3.8196953106986284,5.4347610977334426e-05,False,0.003079175316685956,云南,24,False,True,turn_11.one_turn.capital.household_illiquid_return_rah -> steady_state._post_turn_states.rah,0.09,0.02,False,0.5861329189742354,True,False,31,0,30,12,13,12,False,False,1.3,0.8,6.105077055007513e-08,False
8.171324633288135,10.12706264819544,1.955738014907305,7.603046917480002,6325734.326183821,1548400.0,0.0021660244190098155,6110781.9915903965,6110781.9915903965,0.966019386286319,6110781.9915903965,0.966019386286319,6110781.9915903965,0.966019386286319,214952.3345934249,6325734.326183821,0.6622438488589953,35400.0,35400.0,1545046.1277896052,0.2539305050273779,0.2539305050273779,0.2539305050273779,True,0.7380939146868483,0.0,0.0,6110781.9915903965,CONTINUED_TO_HOUSEHOLD_BATCH,5453102.510951673,True,True,5453102.244219261,1545046.107996261,0.09,6325734.326183821,1.0,154.04244381219414,5453102.510951673,0.15311518151536216,0.09,0.17811518151536215,0.6622438488589953,0.07331657835595584,0.8,C1_RESIDUAL_LEVEL__NO_C0_ACTION,HJB_CONVERGED,True,16,2.716132652125225e-09,0.6622438488589953,11.590655390646827,0.08467081232771355,0.02,DIAGNOSTIC_ONLY,1.1899118843028411e-17,True,0.0006551466669625712,0.8070174202533277,0.0002470994901199175,False,0.033980613713681045,西藏,25,False,True,turn_11.one_turn.capital.household_illiquid_return_rah -> steady_state._post_turn_states.rah,0.09,0.02,False,0.2539305050273779,True,False,31,0,30,12,13,12,True,False,1.3,0.8,1.2810843719179843e-08,False
7.316235361790801,11.987012936984039,4.670777575193238,9.080102075222024,73897910.2910824,23941900.0,0.004298388019329913,73689226.08358973,73689226.08358973,0.9971760472431405,73689226.08358973,0.9971760472431405,73689226.08358973,0.9971760472431405,208684.20749266783,73897910.2910824,0.6821367587917412,393100.0,393100.0,24044811.576119997,0.6338518706666324,0.6338518706666324,0.6338518706666324,True,0.7380939146868483,0.0,0.0,73689226.08358973,CONTINUED_TO_HOUSEHOLD_BATCH,5792923.65267657,True,True,5792924.471816887,24044812.466606703,0.09,73897910.2910824,1.0,14.73651399815968,5792923.65267657,0.2152643430808599,0.09,0.2402643430808599,0.6821367587917412,1.0875710544782422,1.0875710544782422,C1_RESIDUAL_LEVEL__NO_C0_ACTION,HJB_CONVERGED,True,25,4.281819343532334e-11,0.6821367587917412,15.053260736499377,0.08403885748503685,0.02,DIAGNOSTIC_ONLY,2.805373121306243e-17,True,0.13487640601404846,3.881882204454988,0.00015178726215914207,False,0.002823952756859631,陕西,26,False,True,turn_11.one_turn.capital.household_illiquid_return_rah -> steady_state._post_turn_states.rah,0.09,0.02,False,0.6338518706666324,True,False,31,0,30,12,13,12,False,False,1.3,0.8,3.703446249669895e-08,False
7.328895708873622,11.98789773708949,4.659002028215868,8.488176694182782,25177704.67938732,8104100.0,0.00606663939538854,24962132.869592033,24962132.869592033,0.9914379879921392,24962132.869592033,0.9914379879921392,24962132.869592033,0.9914379879921392,215571.80979528683,25177704.67938732,0.685707276668382,251500.0,251500.0,8153264.652324169,0.4815843645010798,0.4815843645010798,0.4815843645010798,True,0.7380939146868483,0.0,0.0,24962132.869592033,CONTINUED_TO_HOUSEHOLD_BATCH,5532599.032447586,True,True,5532598.779385575,8153264.554651087,0.09,25177704.67938732,1.0,21.998405695616643,5532599.032447586,0.21406232158169222,0.09,0.23906232158169222,0.685707276668382,0.38603975912348654,0.8,C1_RESIDUAL_LEVEL__NO_C0_ACTION,HJB_CONVERGED,True,13,2.0505401820969382e-08,0.685707276668382,14.105439464912385,0.09,0.02,DIAGNOSTIC_ONLY,1.3582810558790805e-17,True,0.13245671000710005,4.006884684346211,1.826389798187389e-05,False,0.008562012007860782,甘肃,27,False,True,turn_11.one_turn.capital.household_illiquid_return_rah -> steady_state._post_turn_states.rah,0.09,0.02,False,0.4815843645010798,True,False,31,0,30,12,13,12,True,False,1.3,0.8,1.1979628622427185e-08,False
7.345400302728644,12.005988111912325,4.660587809183681,8.09969634374064,17578407.529567722,2748000.0,0.0021152702440030424,17365178.18696618,17365178.18696618,0.9878698145868515,17365178.18696618,0.9878698145868515,17365178.18696618,0.9878698145868515,213229.34260154315,17578407.529567722,0.7068478377525205,58700.0,58700.0,2742187.2373694796,0.2111711647722934,0.2111711647722934,0.2111711647722934,True,0.7380939146868483,0.0,0.0,17365178.18696618,CONTINUED_TO_HOUSEHOLD_BATCH,5531285.805801717,True,True,5531285.541257894,2742187.203020469,0.08784757464970273,17578407.529567722,1.0,94.2297411550548,5531285.805801717,0.08784757606625684,0.08784757606625684,0.11224266581139163,0.7068478377525205,0.12657425115842708,0.8,C1_RESIDUAL_LEVEL__NO_C0_ACTION,HJB_CONVERGED,True,26,9.654366195377406e-11,0.7068478377525205,12.80126053386186,0.07463277213090642,0.02,DIAGNOSTIC_ONLY,1.3167761535136963e-17,True,0.17473544176681266,3.215266853624688,0.00018492067776476606,False,0.012130185413148557,青海,28,False,False,turn_11.one_turn.capital.household_illiquid_return_rah -> steady_state._post_turn_states.rah,0.09,0.02,False,0.2111711647722934,True,False,31,0,30,12,13,12,True,False,1.3,0.8,1.2526136350388128e-08,False
7.330635535961314,11.999668581944787,4.669033045983474,8.724768615323766,18640640.44456374,3510200.0,0.0020932982970094383,18427372.607038666,18427372.607038666,0.9885589855048532,18427372.607038666,0.9885589855048532,18427372.607038666,0.9885589855048532,213267.83752507306,18640640.44456374,0.6930013848605553,71000.0,71000.0,3502852.1043178374,0.25704566563666087,0.25704566563666087,0.25704566563666087,True,0.7380939146868483,0.0,0.0,18427372.607038666,CONTINUED_TO_HOUSEHOLD_BATCH,5636408.2159051895,True,True,5636407.948610012,3502852.0608111434,0.09,18640640.44456374,1.0,79.38603120993224,5636408.2159051895,0.11092578874155698,0.09,0.13586290173872606,0.6930013848605553,0.15943851498980355,0.8,C1_RESIDUAL_LEVEL__NO_C0_ACTION,HJB_CONVERGED,True,27,3.0176749987731455e-10,0.6930013848605553,14.142907162709239,0.07895703926676562,0.02,DIAGNOSTIC_ONLY,1.7630143764151007e-17,True,0.1512063091251518,3.5460097173698655,0.00018593595883065195,False,0.01144101449514678,宁夏,29,False,True,turn_11.one_turn.capital.household_illiquid_return_rah -> steady_state._post_turn_states.rah,0.09,0.02,False,0.25704566563666087,True,False,31,0,30,12,13,12,True,False,1.3,0.8,1.2420362960341436e-08,False
8.182963794330924,10.142528411868991,1.959564617538067,7.2786601727462825,49250553.031937115,12809400.0,3.878877182217355e-05,49040338.377835445,49040338.377835445,0.9957317300789424,49040338.377835445,0.9957317300789424,49040338.377835445,0.9957317300789424,210214.65410166892,49250553.031937115,0.6689125416058239,252000.0,252000.0,12808903.139106221,0.4695876658129632,0.4695876658129632,0.4695876658129632,True,0.7380939146868483,0.0,0.0,49040338.377835445,CONTINUED_TO_HOUSEHOLD_BATCH,5159529.32426392,True,True,5159529.102774728,12808902.995093785,0.09,49250553.031937115,1.0,20.474322715333017,5159529.32426392,0.16511889247708217,0.09,0.19011889247708216,0.6689125416058239,0.6439620386592688,0.8,C1_RESIDUAL_LEVEL__NO_C0_ACTION,HJB_CONVERGED,True,16,2.674077848041634e-09,0.6689125416058239,10.963186251869722,0.08353198677704214,0.02,DIAGNOSTIC_ONLY,7.081195439045951e-18,True,0.14628383704878775,0.7878897538631814,0.0002907917157333184,False,0.00426826992105759,新疆,30,False,True,turn_11.one_turn.capital.household_illiquid_return_rah -> steady_state._post_turn_states.rah,0.09,0.02,False,0.4695876658129632,True,False,31,0,30,12,13,12,True,False,1.3,0.8,1.1243151520901051e-08,False
7.322074041101939,11.99563532407971,4.67356128297777,9.049757649731507,58719043.066994764,33106000.0,0.002048121361642341,58510809.39250663,58510809.39250663,0.9964537284054416,58510809.39250663,0.9964537284054416,58510809.39250663,0.9964537284054416,208233.67448813294,58719043.066994764,0.6883177329933126,219200.0,219200.0,33038194.89420147,1.026364744857471,1.026364744857471,1.026364744857471,True,0.7380939146868483,0.0,0.0,58510809.39250663,CONTINUED_TO_HOUSEHOLD_BATCH,5915517.18394904,True,True,5915517.210742215,33038194.9333931,0.09,58719043.066994764,1.0,26.986848466920804,5915517.18394904,0.4063379716252331,0.09,0.43133797162523313,0.6883177329933126,1.519280295731197,1.3,C1_RESIDUAL_LEVEL__NO_C0_ACTION,HJB_CONVERGED,True,25,1.2138743343825809e-09,0.6883177329933126,14.764397264410242,0.07859257477739871,0.02,DIAGNOSTIC_ONLY,1.2433308897029435e-17,True,0.14681733410908518,3.607600199726204,6.554397603464324e-05,False,0.0035462715945583667,北京,0,False,True,turn_12.one_turn.capital.household_illiquid_return_rah -> steady_state._post_turn_states.rah,0.09,0.02,False,1.026364744857471,True,False,31,0,30,12,13,13,False,True,1.3,0.8,1.1862520965522094e-09,False
7.308369141885471,11.984120021291156,4.675750879405685,9.212026244866795,64593598.72309723,13362900.0,2.8108975757001886e-05,64388134.387920216,64388134.387920216,0.9968191223396949,64388134.387920216,0.9968191223396949,64388134.387920216,0.9968191223396949,205464.3351770115,64593598.72309723,0.6979253141008877,138300.0,138300.0,13362524.382567856,0.3943630348293412,0.3943630348293412,0.3943630348293412,True,0.7380939146868483,0.0,0.0,64388134.387920216,CONTINUED_TO_HOUSEHOLD_BATCH,5499853.79746384,True,True,5499853.82232277,13362524.39838636,0.09,64593598.72309723,1.0,39.76756180378771,5499853.79746384,0.12499980138361011,0.09,0.1499998013836101,0.6979253141008877,0.6251194113243801,0.8,C1_RESIDUAL_LEVEL__NO_C0_ACTION,HJB_CONVERGED,True,25,8.814481144980846e-09,0.6979253141008877,14.587141962187967,0.06490309855537871,0.02,DIAGNOSTIC_ONLY,2.579125223599619e-17,True,0.16367380599733644,3.0480771654918857,0.00010818762923103797,False,0.003180877660305092,天津,1,False,True,turn_12.one_turn.capital.household_illiquid_return_rah -> steady_state._post_turn_states.rah,0.09,0.02,False,0.3943630348293412,True,False,31,0,30,12,13,13,True,False,1.3,0.8,1.1837959501548312e-09,False
7.316250601345051,11.985257536446294,4.669006935101243,9.038906572487926,113705229.18254791,32494600.0,0.0021132524988513035,113497505.78132178,113497505.78132178,0.9981731411763601,113497505.78132178,0.9981731411763601,113497505.78132178,0.9981731411763601,207723.40122612604,113705229.18254791,0.6805037566033418,742600.0,742600.0,32425930.705350827,0.6175565659297677,0.6175565659297677,0.6175565659297677,True,0.7380939146868483,0.0,0.0,113497505.78132178,CONTINUED_TO_HOUSEHOLD_BATCH,5950312.252896655,True,True,5950312.279840051,32425930.743805632,0.09,113705229.18254791,1.0,8.012809389841982,5950312.252896655,0.1842729189223216,0.09,0.20927291892232158,0.6805037566033418,1.4190172587263763,1.3,C1_RESIDUAL_LEVEL__NO_C0_ACTION,HJB_CONVERGED,True,13,2.9254579203552566e-08,0.6805037566033418,15.065143713455374,0.0864079502194713,0.02,DIAGNOSTIC_ONLY,1.4501204056993622e-17,True,0.13109988352004878,3.983612705163349,4.5957124752527e-05,False,0.0018268588236398237,河北,2,False,True,turn_12.one_turn.capital.household_illiquid_return_rah -> steady_state._post_turn_states.rah,0.09,0.02,False,0.6175565659297677,True,False,31,0,30,12,13,13,False,True,1.3,0.8,1.1859275783621115e-09,False
7.318621400326055,11.986185588958358,4.667564188632303,8.93910129526059,53478727.38884524,15958100.0,4.9236326053359036e-05,53266829.43896757,53266829.43896757,0.996037715177159,53266829.43896757,0.996037715177159,53266829.43896757,0.996037715177159,211897.94987767035,53478727.38884524,0.6819674688567944,350200.0,350200.0,15957314.281785209,0.541543979367176,0.541543979367176,0.541543979367176,True,0.7380939146868483,0.0,0.0,53266829.43896757,CONTINUED_TO_HOUSEHOLD_BATCH,5493265.805715331,True,True,5493265.830607539,15957314.300723385,0.09,53478727.38884524,1.0,15.686081683938694,5493265.805715331,0.19441424662305998,0.09,0.21941424662305997,0.6819674688567944,0.7579651492685636,0.8,C1_RESIDUAL_LEVEL__NO_C0_ACTION,HJB_CONVERGED,True,13,9.67499720339049e-08,0.6819674688567944,14.867921175697816,0.08643568421780873,0.02,DIAGNOSTIC_ONLY,2.1304730403635983e-17,True,0.13239782258015656,3.959982067598089,0.00012028020136112261,False,0.003962284822840954,山西,3,False,True,turn_12.one_turn.capital.household_illiquid_return_rah -> steady_state._post_turn_states.rah,0.09,0.02,False,0.541543979367176,True,False,31,0,30,12,13,13,True,False,1.3,0.8,1.1868022120609112e-09,False
7.328991435299709,12.001912643334315,4.672921208034605,8.862074432905185,82165502.99427319,16140800.0,4.481149853008404e-05,81961499.33893201,81961499.33893201,0.9975171617295959,81961499.33893201,0.9975171617295959,81961499.33893201,0.9975171617295959,204003.65534117262,82165502.99427319,0.6960763655868457,242200.0,242200.0,16140076.706564525,0.4001484797007443,0.4001484797007443,0.4001484797007443,True,0.7380939146868483,0.0,0.0,81961499.33893201,CONTINUED_TO_HOUSEHOLD_BATCH,5430725.409447137,True,True,5430725.434039478,16140076.725706786,0.09,82165502.99427319,1.0,22.422483110846976,5430725.409447137,0.11720605414318688,0.09,0.14220605414318688,0.6960763655868457,0.7634554933864363,0.8,C1_RESIDUAL_LEVEL__NO_C0_ACTION,HJB_CONVERGED,True,25,2.608712801333013e-09,0.6960763655868457,14.208784138128673,0.0737057113767667,0.02,DIAGNOSTIC_ONLY,2.3062969503947186e-17,True,0.16264200063212944,3.3368833290217137,0.00011718428144114057,False,0.00248283827040396,内蒙古,4,False,True,turn_12.one_turn.capital.household_illiquid_return_rah -> steady_state._post_turn_states.rah,0.09,0.02,False,0.4001484797007443,True,False,31,0,30,12,13,13,True,False,1.3,0.8,1.1860080695313968e-09,False
7.334378411604227,11.99694347447368,4.662565062869453,8.437943908148743,90061052.78222083,23510500.0,0.0037308069431887247,89854895.94913368,89854895.94913368,0.9977109213503682,89854895.94913368,0.9977109213503682,89854895.94913368,0.9977109213503682,206156.8330871424,90061052.78222083,0.6936994468479423,429100.0,429100.0,23598213.13663784,0.5406300280912503,0.5406300280912503,0.5406300280912503,True,0.7380939146868483,0.0,0.0,89854895.94913368,CONTINUED_TO_HOUSEHOLD_BATCH,5668957.581389687,True,True,5668957.4174430175,23598212.957896873,0.09,90061052.78222083,1.0,13.211273785573729,5668957.581389687,0.16660041923790275,0.09,0.19160041923790275,0.6936994468479423,1.0801006603237258,1.0801006603237258,C1_RESIDUAL_LEVEL__NO_C0_ACTION,HJB_CONVERGED,True,15,9.504099640622599e-08,0.6936994468479423,13.728680192119441,0.08254872516962837,0.02,DIAGNOSTIC_ONLY,1.0842021724855044e-17,True,0.1476614457770015,3.6485719434961963,5.7200342561070094e-05,False,0.002289078649631779,辽宁,5,False,True,turn_12.one_turn.capital.household_illiquid_return_rah -> steady_state._post_turn_states.rah,0.09,0.02,False,0.5406300280912503,True,False,31,0,30,12,13,13,False,False,1.3,0.8,7.574343374727732e-09,False
7.349657793316592,12.010628437592537,4.660970644275946,8.12512282394319,66308917.7271201,11253800.0,0.007556323799186804,66101646.39902013,66101646.39902013,0.9968741560682237,66101646.39902013,0.9968741560682237,66101646.39902013,0.9968741560682237,207271.32809997245,66308917.7271201,0.7034096106043641,248400.0,248400.0,11168762.643228712,0.3250442085976263,0.3250442085976263,0.3250442085976263,True,0.7380939146868483,0.0,0.0,66101646.39902013,CONTINUED_TO_HOUSEHOLD_BATCH,5388290.344916035,True,True,5388290.36908545,11168762.656349678,0.09,66308917.7271201,1.0,21.691990116409162,5388290.344916035,0.0968413382340339,0.09,0.12142006770296121,0.7034096106043641,0.5302069123542446,0.8,C1_RESIDUAL_LEVEL__NO_C0_ACTION,HJB_CONVERGED,True,25,4.8622354587024574e-08,0.7034096106043641,12.964826178197765,0.07865644460754677,0.02,DIAGNOSTIC_ONLY,1.2578608635369829e-17,True,0.16278330392826576,3.3780796947273677,8.549859748452349e-05,False,0.0031258439317763025,吉林,6,False,True,turn_12.one_turn.capital.household_illiquid_return_rah -> steady_state._post_turn_states.rah,0.09,0.02,False,0.3250442085976263,True,False,31,0,30,12,13,13,True,False,1.3,0.8,1.1747913752913064e-09,False
7.360661035183666,12.007192505359303,4.646531470175636,7.517194178119438,58424879.89838116,12846500.0,3.977556114420633e-05,58214346.643559285,58214346.643559285,0.9963965136909472,58214346.643559285,0.9963965136909472,58214346.643559285,0.9963965136909472,210533.25482187385,58424879.89838116,0.707378085409668,332700.0,332700.0,12845989.023253761,0.41270310471903765,0.41270310471903765,0.41270310471903765,True,0.7380939146868483,0.0,0.0,58214346.643559285,CONTINUED_TO_HOUSEHOLD_BATCH,5277794.681013475,True,True,5277794.7049024645,12845989.038482305,0.09,58424879.89838116,1.0,15.863524740046515,5277794.681013475,0.1347430549375846,0.09,0.1597430549375846,0.707378085409668,0.6274820220117009,0.8,C1_RESIDUAL_LEVEL__NO_C0_ACTION,HJB_CONVERGED,True,26,2.0279324886018912e-08,0.707378085409668,12.0265114941777,0.08488047609941493,0.02,DIAGNOSTIC_ONLY,1.8339480141700096e-17,True,0.15883601061565725,3.5086499539296825,0.00011961748292099728,False,0.003603486309052855,黑龙江,7,False,True,turn_12.one_turn.capital.household_illiquid_return_rah -> steady_state._post_turn_states.rah,0.09,0.02,False,0.41270310471903765,True,False,31,0,30,12,13,13,True,False,1.3,0.8,1.1854707215874782e-09,False
7.3219810967352315,11.995523710416588,4.673542613681358,9.050755321750561,66125294.30800852,36011800.0,0.002066281145764015,65917973.06090168,65917973.06090168,0.9968647209925274,65917973.06090168,0.9968647209925274,65917973.06090168,0.9968647209925274,207321.24710684465,66125294.30800852,0.6882479250249393,247500.0,247500.0,35937389.496634975,1.0227253445056632,1.0227253445056632,1.0227253445056632,True,0.7380939146868483,0.0,0.0,65917973.06090168,CONTINUED_TO_HOUSEHOLD_BATCH,5915291.246409705,True,True,5915291.273297034,35937389.53941723,0.09,66125294.30800852,1.0,23.900166652160422,5915291.246409705,0.39035619585377535,0.09,0.41535619585377537,0.6882479250249393,1.64757860314969,1.3,C1_RESIDUAL_LEVEL__NO_C0_ACTION,HJB_CONVERGED,True,25,2.692642109280996e-09,0.6882479250249393,14.768471532169468,0.07864081161586839,0.02,DIAGNOSTIC_ONLY,1.6317242695906842e-17,True,0.14668890028404666,3.610266488175836,6.29615948529727e-05,False,0.0031352790074725715,上海,8,False,True,turn_12.one_turn.capital.household_illiquid_return_rah -> steady_state._post_turn_states.rah,0.09,0.02,False,1.0227253445056632,True,False,31,0,30,12,13,13,False,True,1.3,0.8,1.190466392131384e-09,False
7.312970466546828,11.988910715854221,4.675940249307392,9.320232586229377,203535217.25929242,93207600.0,0.0021819670087080967,203343357.86905068,203343357.86905068,0.9990573651438546,203343357.86905068,0.9990573651438546,203343357.86905068,0.9990573651438546,191859.39024173623,203535217.25929242,0.6822544279074975,844600.0,844600.0,93004224.09183913,1.1603289174497986,1.1603289174497986,1.1603289174497986,True,0.7380939146868483,0.0,0.0,203343357.86905068,CONTINUED_TO_HOUSEHOLD_BATCH,5799097.862959115,True,True,5799097.890164024,93004224.2061099,0.09,203535217.25929242,1.0,6.86608792678086,5799097.862959115,0.31944118383645975,0.09,0.3444411838364598,0.6822544279074975,4.289712289298018,1.3,C1_RESIDUAL_LEVEL__NO_C0_ACTION,HJB_CONVERGED,True,15,6.951363928919818e-10,0.6822544279074975,15.378211176556174,0.0804288755607524,0.02,DIAGNOSTIC_ONLY,1.4907779871675686e-17,True,0.13872054869638692,3.7643048887204826,4.318575356820897e-05,False,0.0009426348561454019,江苏,9,False,True,turn_12.one_turn.capital.household_illiquid_return_rah -> steady_state._post_turn_states.rah,0.09,0.02,False,1.1603289174497986,True,False,31,0,30,12,13,13,False,True,1.3,0.8,1.228662060981378e-09,False
7.316058077151579,11.987520650460185,4.671462573308606,9.103552989047538,124249656.20818298,58002800.0,0.002145165519417347,124046336.28832367,124046336.28832367,0.9983636178476128,124046336.28832367,0.9983636178476128,124046336.28832367,0.9983636178476128,203319.91985930054,124249656.20818298,0.682462456217748,627300.0,627300.0,57878374.39341034,1.0369336001179625,1.0369336001179625,1.0369336001179625,True,0.7380939146868483,0.0,0.0,124046336.28832367,CONTINUED_TO_HOUSEHOLD_BATCH,5852883.33301435,True,True,5852883.360031539,57878374.463383615,0.09,124249656.20818298,1.0,9.330277910113741,5852883.33301435,0.3266283925104133,0.09,0.35162839251041333,0.682462456217748,2.648763774523305,1.3,C1_RESIDUAL_LEVEL__NO_C0_ACTION,HJB_CONVERGED,True,18,6.721290191080698e-11,0.682462456217748,15.071920463484897,0.08335289970162851,0.02,DIAGNOSTIC_ONLY,1.8878670328403846e-17,True,0.13586851391190508,3.854756281415123,4.762783703970985e-05,False,0.001636382152387075,浙江,10,False,True,turn_12.one_turn.capital.household_illiquid_return_rah -> steady_state._post_turn_states.rah,0.09,0.02,False,1.0369336001179625,True,False,31,0,30,12,13,13,False,True,1.3,0.8,1.2089710343943239e-09,False
7.314684760079697,11.983278641468958,4.668593881389262,9.092751633003143,70182433.35888097,34010900.0,0.0021098770527828714,69968726.48040971,69968726.48040971,0.9969549804952123,69968726.48040971,0.9969549804952123,69968726.48040971,0.9969549804952123,213706.8784712576,70182433.35888097,0.6774362057102056,607600.0,607600.0,33939141.182545505,0.9221011048681041,0.9221011048681041,0.9221011048681041,True,0.7380939146868483,0.0,0.0,69968726.48040971,CONTINUED_TO_HOUSEHOLD_BATCH,5969997.025205658,True,True,5969997.05228471,33939141.222864136,0.09,70182433.35888097,1.0,9.825538224499107,5969997.025205658,0.3410662749725369,0.09,0.3660662749725369,0.6774362057102056,1.527031485264331,1.3,C1_RESIDUAL_LEVEL__NO_C0_ACTION,HJB_CONVERGED,True,14,1.4083756383342916e-10,0.6774362057102056,15.269964790249338,0.08895775431915444,0.02,DIAGNOSTIC_ONLY,1.9945931841944264e-17,True,0.12611155322782036,4.1151225504840205,5.037535629515144e-05,False,0.00304501950478773,安徽,11,False,True,turn_12.one_turn.capital.household_illiquid_return_rah -> steady_state._post_turn_states.rah,0.09,0.02,False,0.9221011048681041,True,False,31,0,30,12,13,13,False,True,1.3,0.8,1.18796850134828e-09,False
7.322335328410313,11.991430474581122,4.669095146170809,8.88694469927059,87795538.11850408,38687800.0,0.0021015598778163502,87589287.31245248,87589287.31245248,0.9976507825970244,87589287.31245248,0.9976507825970244,87589287.31245248,0.9976507825970244,206250.80605160387,87795538.11850408,0.6868394256450958,410400.0,410400.0,38606495.27175902,0.8921644600055767,0.8921644600055767,0.8921644600055767,True,0.7380939146868483,0.0,0.0,87589287.31245248,CONTINUED_TO_HOUSEHOLD_BATCH,5892713.6196009,True,True,5892713.646419333,38606495.31777663,0.09,87795538.11850408,1.0,14.358463985382311,5892713.6196009,0.30556602027167873,0.09,0.33056602027167875,0.6868394256450958,1.7476291642576711,1.3,C1_RESIDUAL_LEVEL__NO_C0_ACTION,HJB_CONVERGED,True,15,6.8021370758231114e-09,0.6868394256450958,14.599595119520375,0.08227335879651941,0.02,DIAGNOSTIC_ONLY,9.974659986866641e-18,True,0.14117837987535628,3.7491983169252863,5.4673072694244595e-05,False,0.002349217402975673,福建,12,False,True,turn_12.one_turn.capital.household_illiquid_return_rah -> steady_state._post_turn_states.rah,0.09,0.02,False,0.8921644600055767,True,False,31,0,30,12,13,13,False,True,1.3,0.8,1.1919655262815354e-09,False
7.317893315917122,11.984333561127624,4.666440245210502,8.950563350500014,51050047.92908307,22716500.0,0.002307460778244508,50835646.82849856,50835646.82849856,0.9958001782705013,50835646.82849856,0.9958001782705013,50835646.82849856,0.9958001782705013,214401.1005845134,51050047.92908307,0.6793848583610684,451300.0,451300.0,22768917.432768993,0.7893560257063097,0.7893560257063097,0.7893560257063097,True,0.7380939146868483,0.0,0.0,50835646.82849856,CONTINUED_TO_HOUSEHOLD_BATCH,5772603.351932693,True,True,5772603.548430398,22768917.635758568,0.09,51050047.92908307,1.0,12.791055510597593,5772603.351932693,0.31061956132250534,0.09,0.33561956132250537,0.6793848583610684,1.053187429506386,1.053187429506386,C1_RESIDUAL_LEVEL__NO_C0_ACTION,HJB_CONVERGED,True,14,4.3881787092914237e-10,0.6793848583610684,14.99237118987991,0.08911958485098648,0.02,DIAGNOSTIC_ONLY,2.580922211611494e-17,True,0.12766414428897138,4.086833340598104,3.7111543261469926e-05,False,0.004199821729498704,江西,13,False,True,turn_12.one_turn.capital.household_illiquid_return_rah -> steady_state._post_turn_states.rah,0.09,0.02,False,0.7893560257063097,True,False,31,0,30,12,13,13,False,False,1.3,0.8,8.915205240711543e-09,False
7.312388456405797,11.986511752996307,4.674123296590511,9.273206801456991,210016973.07581103,66648899.99999999,0.002168884796317494,209823149.6650235,209823149.6650235,0.9990771059693467,209823149.6650235,0.9990771059693467,209823149.6650235,0.9990771059693467,193823.4107875224,210016973.07581103,0.6806621134089336,1007700.0,1007700.0,66504346.21409871,0.8090038132922267,0.8090038132922267,0.8090038132922267,True,0.7380939146868483,0.0,0.0,209823149.6650235,CONTINUED_TO_HOUSEHOLD_BATCH,5846649.339155888,True,True,5846649.366259794,66504346.2948446,0.09,210016973.07581103,1.0,5.8019741382910475,5846649.339155888,0.20851193774762697,0.09,0.23351193774762696,0.6806621134089336,2.9763938592884687,1.3,C1_RESIDUAL_LEVEL__NO_C0_ACTION,HJB_CONVERGED,True,16,5.6209259469142125e-11,0.6806621134089336,15.37943245701955,0.08264892144534675,0.02,DIAGNOSTIC_ONLY,1.3010426069826053e-17,True,0.13489232188127873,3.8619650299736334,4.085738786696602e-05,False,0.0009228940306532123,山东,14,False,True,turn_12.one_turn.capital.household_illiquid_return_rah -> steady_state._post_turn_states.rah,0.09,0.02,False,0.8090038132922267,True,False,31,0,30,12,13,13,False,True,1.3,0.8,1.2141445626667746e-09,False
7.311032040350401,11.98396337521169,4.67293133486129,9.279353704948994,168320556.01470312,49935900.0,0.002155017327523878,168118845.78269264,168118845.78269264,0.998801630431919,168118845.78269264,0.998801630431919,168118845.78269264,0.998801630431919,201710.23201048802,168320556.01470312,0.6780916212400171,986400.0,986400.0,49828287.2702345,0.7116861984516236,0.7116861984516236,0.7116861984516236,True,0.7380939146868483,0.0,0.0,168118845.78269264,CONTINUED_TO_HOUSEHOLD_BATCH,5910294.630177631,True,True,5910294.657282399,49828287.33008367,0.09,168320556.01470312,1.0,5.991782877309034,5910294.630177631,0.19260408503401671,0.09,0.2176040850340167,0.6780916212400171,2.199019266780713,1.3,C1_RESIDUAL_LEVEL__NO_C0_ACTION,HJB_CONVERGED,True,13,3.8491765330661565e-09,0.6780916212400171,15.496884294865465,0.08521799176851595,0.02,DIAGNOSTIC_ONLY,3.937999825324561e-17,True,0.1300403543814594,3.9867063536654297,4.1221929101498134e-05,False,0.0011983695680809672,河南,15,False,True,turn_12.one_turn.capital.household_illiquid_return_rah -> steady_state._post_turn_states.rah,0.09,0.02,False,0.7116861984516236,True,False,31,0,30,12,13,13,False,True,1.3,0.8,1.2011082128893236e-09,False
7.312093316084814,11.984455727739537,4.672362411654722,9.234627895307565,101805153.6623069,42022000.0,0.002122784978438763,101598064.76999778,101598064.76999778,0.9979658309539412,101598064.76999778,0.9979658309539412,101598064.76999778,0.9979658309539412,207088.8923091247,101805153.6623069,0.6788282006395384,591700.0,591700.0,41932796.329636045,0.8668910887321597,0.8668910887321597,0.8668910887321597,True,0.7380939146868483,0.0,0.0,101598064.76999778,CONTINUED_TO_HOUSEHOLD_BATCH,5940379.288050145,True,True,5940379.315137344,41932796.37971432,0.09,101805153.6623069,1.0,10.039512063630463,5940379.288050145,0.28328319514308464,0.09,0.30828319514308467,0.6788282006395384,1.8747329156174934,1.3,C1_RESIDUAL_LEVEL__NO_C0_ACTION,HJB_CONVERGED,True,13,3.0630200598125157e-09,0.6788282006395384,15.403934371107045,0.08512191332333331,0.02,DIAGNOSTIC_ONLY,1.6794294367089976e-17,True,0.13079471070083432,3.971279216815907,4.930617231879708e-05,False,0.002034169046058803,湖北,16,False,True,turn_12.one_turn.capital.household_illiquid_return_rah -> steady_state._post_turn_states.rah,0.09,0.02,False,0.8668910887321597,True,False,31,0,30,12,13,13,False,True,1.3,0.8,1.1942506983331214e-09,False
7.315635939428878,11.984520319181076,4.668884379752198,9.056780819333095,93791807.14892803,36329700.0,0.0021219651326768174,93581691.74507682,93581691.74507682,0.9977597680411725,93581691.74507682,0.9977597680411725,93581691.74507682,0.9977597680411725,210115.40385121034,93791807.14892803,0.6795139936870338,663500.0,663500.0,36252609.64331939,0.7959373284760574,0.7959373284760574,0.7959373284760574,True,0.7380939146868483,0.0,0.0,93581691.74507682,CONTINUED_TO_HOUSEHOLD_BATCH,5948262.554064111,True,True,5948262.581043143,36252609.68638405,0.09,93791807.14892803,1.0,8.964977474098133,5948262.554064111,0.2631454729651189,0.09,0.28814547296511894,0.6795139936870338,1.612206022734018,1.3,C1_RESIDUAL_LEVEL__NO_C0_ACTION,HJB_CONVERGED,True,13,5.134087466274195e-08,0.6795139936870338,15.131457599213574,0.08720574020410321,0.02,DIAGNOSTIC_ONLY,2.0252363728368345e-17,True,0.12947834750164183,4.025185691569503,4.7953651472032455e-05,False,0.0022402319588274593,湖南,17,False,True,turn_12.one_turn.capital.household_illiquid_return_rah -> steady_state._post_turn_states.rah,0.09,0.02,False,0.7959373284760574,True,False,31,0,30,12,13,13,False,True,1.3,0.8,1.1879051076135738e-09,False
7.3219413778782005,11.987645892760122,4.665704514881922,8.805599491005,191259406.86816654,99945200.0,0.002204638267904846,191057332.50787804,191057332.50787804,0.9989434540052308,191057332.50787804,0.9989434540052308,191057332.50787804,0.9989434540052308,202074.36028851275,191259406.86816654,0.6841310148463885,1234800.0,1234800.0,99724856.9873866,1.30644139756687,1.30644139756687,1.30644139756687,True,0.7380939146868483,0.0,0.0,191057332.50787804,CONTINUED_TO_HOUSEHOLD_BATCH,5734851.853870453,True,True,5734851.880761963,99724857.10986006,0.09,191259406.86816654,1.0,4.6443568625449085,5734851.853870453,0.37208849754605205,0.09,0.3970884975460521,0.6841310148463885,4.699177748752484,1.3,C1_RESIDUAL_LEVEL__NO_C0_ACTION,HJB_CONVERGED,True,13,1.146080652603132e-08,0.6841310148463885,14.59753849107068,0.08628759033559291,0.02,DIAGNOSTIC_ONLY,1.2969768488357847e-17,True,0.1345174468991238,3.919407645100252,3.9060920377420594e-05,False,0.0010565459947692972,广东,18,False,True,turn_12.one_turn.capital.household_illiquid_return_rah -> steady_state._post_turn_states.rah,0.09,0.02,False,1.30644139756687,True,False,31,0,30,12,13,13,False,True,1.3,0.8,1.2281137218295157e-09,False
7.331588069911522,11.990666606571633,4.659078536660111,8.40999229999965,67306708.83876626,19627800.0,0.0052977926438986245,67094689.9375239,67094689.9375239,0.9968499588688811,67094689.9375239,0.9968499588688811,67094689.9375239,0.9968499588688811,212018.9012423605,67306708.83876626,0.6891573469946569,494700.0,494700.0,19523815.985544086,0.5577680812178123,0.5577680812178123,0.5577680812178123,True,0.7380939146868483,0.0,0.0,67094689.9375239,CONTINUED_TO_HOUSEHOLD_BATCH,5544997.9302034965,True,True,5544997.950953304,19523816.004678845,0.09,67306708.83876626,1.0,11.208809238333327,5544997.9302034965,0.1880272873247628,0.09,0.21302728732476278,0.6891573469946569,0.9175424547379858,0.9175424547379858,C1_RESIDUAL_LEVEL__NO_C0_ACTION,HJB_CONVERGED,True,13,1.8952957425710792e-08,0.6891573469946569,13.863648018878457,0.08756539228596329,0.02,DIAGNOSTIC_ONLY,2.2659825404947043e-17,True,0.1379253951189586,3.875986969284717,7.930232459596454e-06,False,0.003150041131118941,广西,19,False,True,turn_12.one_turn.capital.household_illiquid_return_rah -> steady_state._post_turn_states.rah,0.09,0.02,False,0.5577680812178123,True,False,31,0,30,12,13,13,False,False,1.3,0.8,9.80072689671374e-10,False
7.3432004805688,11.99658837535963,4.65338789479083,8.013400621272577,14673330.466888333,4910700.0,0.0020759723957438636,14458727.729784941,14458727.729784941,0.9853746402299286,14458727.729784941,0.9853746402299286,14458727.729784941,0.9853746402299286,214602.73710339156,14673330.466888333,0.6966386365400852,98200.0,98200.0,4900505.5223562205,0.43124462072637787,0.43124462072637787,0.43124462072637787,True,0.7380939146868483,0.0,0.0,14458727.729784941,CONTINUED_TO_HOUSEHOLD_BATCH,5529281.803701304,True,True,5529281.8289487045,4900505.528216717,0.09,14673330.466888333,1.0,56.30633201325157,5529281.803701304,0.22194002670839247,0.09,0.24694002670839246,0.6966386365400852,0.23253344690708058,0.8,C1_RESIDUAL_LEVEL__NO_C0_ACTION,HJB_CONVERGED,True,14,8.445192545281088e-09,0.6966386365400852,13.052721322491848,0.08665869422908604,0.02,DIAGNOSTIC_ONLY,2.976369354406328e-17,True,0.14601881231125435,3.72806650326047,7.804002862210613e-05,False,0.014625359770071397,海南,20,False,True,turn_12.one_turn.capital.household_illiquid_return_rah -> steady_state._post_turn_states.rah,0.09,0.02,False,0.43124462072637787,True,False,31,0,30,12,13,13,True,False,1.3,0.8,1.1958962709002208e-09,False
7.3208815231773485,11.987478454517245,4.666596931339895,8.854154689356621,50663834.63130832,21588800.0,0.0006982165645990079,50452053.300363675,50452053.300363675,0.9958198716602125,50452053.300363675,0.9958198716602125,50452053.300363675,0.9958198716602125,211781.33094464513,50663834.63130832,0.6837267292010739,316300.0,316300.0,21603873.657769814,0.7557652302563093,0.7557652302563093,0.7557652302563093,True,0.7380939146868483,0.0,0.0,50452053.300363675,CONTINUED_TO_HOUSEHOLD_BATCH,5697456.557551301,True,True,5697456.46746358,21603873.568303037,0.09,50663834.63130832,1.0,18.012825031777748,5697456.557551301,0.29488352246108024,0.09,0.31988352246108026,0.6837267292010739,1.009352514436134,1.009352514436134,C1_RESIDUAL_LEVEL__NO_C0_ACTION,HJB_CONVERGED,True,13,8.974003762318716e-09,0.6837267292010739,14.679935421699238,0.08592876222620954,0.02,DIAGNOSTIC_ONLY,2.0545969187688855e-17,True,0.13449282029195578,3.9149394528159234,4.190464069608879e-05,False,0.0041801283397876155,重庆,21,False,True,turn_12.one_turn.capital.household_illiquid_return_rah -> steady_state._post_turn_states.rah,0.09,0.02,False,0.7557652302563093,True,False,31,0,30,12,13,13,False,False,1.3,0.8,4.141237797128383e-09,False
7.32178392457752,11.985774736214541,4.66399081163702,8.78297491476006,94830047.41899477,42902100.0,0.0021432963089235146,94616775.91480443,94616775.91480443,0.9977510134182679,94616775.91480443,0.9977510134182679,94616775.91480443,0.9977510134182679,213271.50419034492,94830047.41899477,0.6819619463400705,832100.0,832100.0,42810148.087424934,0.9358547875920058,0.9358547875920058,0.9358547875920058,True,0.7380939146868483,0.0,0.0,94616775.91480443,CONTINUED_TO_HOUSEHOLD_BATCH,5862546.45525651,True,True,5862546.481893709,42810148.13836911,0.09,94830047.41899477,1.0,7.0454830612384445,5862546.45525651,0.3149965803896272,0.09,0.3399965803896272,0.6819619463400705,1.9514983307681877,1.3,C1_RESIDUAL_LEVEL__NO_C0_ACTION,HJB_CONVERGED,True,14,1.6719754469818326e-09,0.6819619463400705,14.656386834375665,0.08906223525658807,0.02,DIAGNOSTIC_ONLY,1.0888515168819427e-17,True,0.12997154408459774,4.04124994361148,4.4622046292519535e-05,False,0.002248986581732173,四川,22,False,True,turn_12.one_turn.capital.household_illiquid_return_rah -> steady_state._post_turn_states.rah,0.09,0.02,False,0.9358547875920058,True,False,31,0,30,12,13,13,False,True,1.3,0.8,1.1900024299293932e-09,False
7.326464807628226,11.987109595400558,4.660644787772332,8.587195911998936,39447014.665611394,15353200.0,4.987859705773978e-05,39231679.43744015,39231679.43744015,0.9945411527336956,39231679.43744015,0.9945411527336956,39231679.43744015,0.9945411527336956,215335.22817124295,39447014.665611394,0.6843341639051531,382200.0,382200.0,15352434.203923654,0.6531605820813702,0.6531605820813702,0.6531605820813702,True,0.7380939146868483,0.0,0.0,39231679.43744015,CONTINUED_TO_HOUSEHOLD_BATCH,5463539.526381302,True,True,5463539.551011265,15352434.222050093,0.09,39447014.665611394,1.0,14.294975212928575,5463539.526381302,0.26525656061256214,0.09,0.29025656061256216,0.6843341639051531,0.7436285607644157,0.8,C1_RESIDUAL_LEVEL__NO_C0_ACTION,HJB_CONVERGED,True,14,2.041960822651845e-09,0.6843341639051531,14.294245598339309,0.08979022288590213,0.02,DIAGNOSTIC_ONLY,2.666722426326576e-17,True,0.13142370105131368,4.023566584878345,0.00011986108675543505,False,0.005458847266304415,贵州,23,False,True,turn_12.one_turn.capital.household_illiquid_return_rah -> steady_state._post_turn_states.rah,0.09,0.02,False,0.6531605820813702,True,False,31,0,30,12,13,13,True,False,1.3,0.8,1.180688324886603e-09,False
7.334525095458359,11.992485152103551,4.657960056645192,8.31287063165681,68611984.86091176,20880600.0,0.0019205270347425474,68400716.53079651,68400716.53079651,0.9969208246847322,68400716.53079651,0.9969208246847322,68400716.53079651,0.9969208246847322,211268.33011523992,68611984.86091176,0.69137007702882,470300.0,470300.0,20840498.243198354,0.5861329189742354,0.5861329189742354,0.5861329189742354,True,0.7380939146868483,0.0,0.0,68400716.53079651,CONTINUED_TO_HOUSEHOLD_BATCH,5576483.283351746,True,True,5576483.1235702215,20840498.086804442,0.09,68611984.86091176,1.0,11.857289566982237,5576483.283351746,0.19853919671980927,0.09,0.22353919671980926,0.69137007702882,0.975949237173066,0.975949237173066,C1_RESIDUAL_LEVEL__NO_C0_ACTION,HJB_CONVERGED,True,14,1.4588636965129353e-09,0.69137007702882,13.648197369353241,0.0868984117796124,0.02,DIAGNOSTIC_ONLY,2.169133402185395e-17,True,0.14068058171798933,3.8196952732187546,2.1768405410127478e-05,False,0.00307917531526769,云南,24,False,True,turn_12.one_turn.capital.household_illiquid_return_rah -> steady_state._post_turn_states.rah,0.09,0.02,False,0.5861329189742354,True,False,31,0,30,12,13,13,False,False,1.3,0.8,7.504326937635142e-09,False
8.171324621856632,10.127062628473455,1.9557380066168233,7.603047022563896,6325734.326183821,1548400.0,0.002166025657929782,6110781.991684577,6110781.991684577,0.9660193863012075,6110781.991684577,0.9660193863012075,6110781.991684577,0.9660193863012075,214952.33449924382,6325734.326183821,0.6622438470825102,35400.0,35400.0,1545046.1258712616,0.2539305050273779,0.2539305050273779,0.2539305050273779,True,0.7380939146868483,0.0,0.0,6110781.991684577,CONTINUED_TO_HOUSEHOLD_BATCH,5453102.485100336,True,True,5453102.510951673,1545046.1277896052,0.09,6325734.326183821,1.0,154.0424430819304,5453102.485100336,0.1531151813899275,0.09,0.1781151813899275,0.6622438470825102,0.07331657865189325,0.8,C1_RESIDUAL_LEVEL__NO_C0_ACTION,HJB_CONVERGED,True,16,2.7161313198575954e-09,0.6622438470825102,11.590655590467628,0.0846708123211735,0.02,DIAGNOSTIC_ONLY,1.4575742956352e-17,True,0.0006551466682832132,0.8070174231741064,9.884971198192982e-05,False,0.03398061369879249,西藏,25,False,True,turn_12.one_turn.capital.household_illiquid_return_rah -> steady_state._post_turn_states.rah,0.09,0.02,False,0.2539305050273779,True,False,31,0,30,12,13,13,True,False,1.3,0.8,1.2416092598499517e-09,False
7.316235364244676,11.987012938052866,4.67077757380819,9.080101974600897,73897910.2910824,23941900.0,0.004298392338707879,73689226.08368708,73689226.08368708,0.9971760472444577,73689226.08368708,0.9971760472444577,73689226.08368708,0.9971760472444577,208684.20739531005,73897910.2910824,0.6821367602975646,393100.0,393100.0,24044811.67953411,0.6338518706666324,0.6338518706666324,0.6338518706666324,True,0.7380939146868483,0.0,0.0,73689226.08368708,CONTINUED_TO_HOUSEHOLD_BATCH,5792923.747805073,True,True,5792923.65267657,24044811.576119997,0.09,73897910.2910824,1.0,14.736514240155362,5792923.747805073,0.2152643439102153,0.09,0.24026434391021528,0.6821367602975646,1.0875710403728205,1.0875710403728205,C1_RESIDUAL_LEVEL__NO_C0_ACTION,HJB_CONVERGED,True,25,4.3151704431920734e-11,0.6821367602975646,15.053260536631853,0.08403885747772327,0.02,DIAGNOSTIC_ONLY,1.66831609291207e-17,True,0.13487640742108264,3.881882179339716,6.0736855320597805e-05,False,0.0028239527555421677,陕西,26,False,True,turn_12.one_turn.capital.household_illiquid_return_rah -> steady_state._post_turn_states.rah,0.09,0.02,False,0.6338518706666324,True,False,31,0,30,12,13,13,False,False,1.3,0.8,4.30089097669395e-09,False
7.328895705486526,11.987897735819075,4.659002030332548,8.488176830397004,25177704.67938732,8104100.0,0.006066638209708319,24962132.86968708,24962132.86968708,0.9914379879959143,24962132.86968708,0.9914379879959143,24962132.86968708,0.9914379879959143,215571.8097002391,25177704.67938732,0.6857072745052466,251500.0,251500.0,8153264.642715297,0.4815843645010798,0.4815843645010798,0.4815843645010798,True,0.7380939146868483,0.0,0.0,24962132.86968708,CONTINUED_TO_HOUSEHOLD_BATCH,5532599.007551877,True,True,5532599.032447586,8153264.652324169,0.09,25177704.67938732,1.0,21.99840559662774,5532599.007551877,0.21406232142799533,0.09,0.23906232142799533,0.6857072745052466,0.38603976061240564,0.8,C1_RESIDUAL_LEVEL__NO_C0_ACTION,HJB_CONVERGED,True,13,2.0505396935988074e-08,0.6857072745052466,14.105439734942966,0.09,0.02,DIAGNOSTIC_ONLY,2.633933938339675e-17,True,0.13245670807910442,4.006884720635903,7.301139461457495e-06,False,0.008562012004085707,甘肃,27,False,True,turn_12.one_turn.capital.household_illiquid_return_rah -> steady_state._post_turn_states.rah,0.09,0.02,False,0.4815843645010798,True,False,31,0,30,12,13,13,True,False,1.3,0.8,1.178530606438244e-09,False
7.345400271632138,12.005988085345308,4.660587813713171,8.099696698146658,17578407.529567722,2748000.0,0.002115271462726942,17365178.18705131,17365178.18705131,0.9878698145916944,17365178.18705131,0.9878698145916944,17365178.18705131,0.9878698145916944,213229.34251641217,17578407.529567722,0.7068478435938116,58700.0,58700.0,2742187.2340204264,0.2111711647722934,0.2111711647722934,0.2111711647722934,True,0.7380939146868483,0.0,0.0,17365178.18705131,CONTINUED_TO_HOUSEHOLD_BATCH,5531285.780008506,True,True,5531285.805801717,2742187.2373694796,0.08784757606625684,17578407.529567722,1.0,94.22974071564747,5531285.780008506,0.08784757592798234,0.08784757592798234,0.11224266570238861,0.7068478435938116,0.12657425162574076,0.8,C1_RESIDUAL_LEVEL__NO_C0_ACTION,HJB_CONVERGED,True,26,9.652678656379976e-11,0.7068478435938116,12.801260757896468,0.07463275644727312,0.02,DIAGNOSTIC_ONLY,1.666960840196463e-17,True,0.17473548279817977,3.2152663284942236,7.3971816170193e-05,False,0.012130185408305629,青海,28,False,False,turn_12.one_turn.capital.household_illiquid_return_rah -> steady_state._post_turn_states.rah,0.09,0.02,False,0.2111711647722934,True,False,31,0,30,12,13,13,True,False,1.3,0.8,1.2213072775324463e-09,False
7.330635532375179,11.999668580049129,4.66903304767395,8.724768740510159,18640640.44456374,3510200.0,0.002093299507799018,18427372.607132588,18427372.607132588,0.9885589855098917,18427372.607132588,0.9885589855098917,18427372.607132588,0.9885589855098917,213267.83743115247,18640640.44456374,0.6930013828687661,71000.0,71000.0,3502852.100067724,0.25704566563666087,0.25704566563666087,0.25704566563666087,True,0.7380939146868483,0.0,0.0,18427372.607132588,CONTINUED_TO_HOUSEHOLD_BATCH,5636408.189793464,True,True,5636408.2159051895,3502852.1043178374,0.09,18640640.44456374,1.0,79.38603084216146,5636408.189793464,0.11092578857592841,0.09,0.135862901617635,0.6930013828687661,0.1594385155863292,0.8,C1_RESIDUAL_LEVEL__NO_C0_ACTION,HJB_CONVERGED,True,27,3.0176305898521605e-10,0.6930013828687661,14.14290740693269,0.07895703925324705,0.02,DIAGNOSTIC_ONLY,1.3877787807814457e-17,True,0.1512063070648014,3.546009747873442,7.437804943710713e-05,False,0.011441014490108295,宁夏,29,False,True,turn_12.one_turn.capital.household_illiquid_return_rah -> steady_state._post_turn_states.rah,0.09,0.02,False,0.25704566563666087,True,False,31,0,30,12,13,13,True,False,1.3,0.8,1.2133294369220948e-09,False
8.18296377943377,10.142528386478867,1.9595646070450976,7.278660302171454,49250553.031937115,12809400.0,3.878995241257677e-05,49040338.37792074,49040338.37792074,0.9957317300806743,49040338.37792074,0.9957317300806743,49040338.37792074,0.9957317300806743,210214.65401637394,49250553.031937115,0.6689125392978493,252000.0,252000.0,12808903.123983566,0.4695876658129632,0.4695876658129632,0.4695876658129632,True,0.7380939146868483,0.0,0.0,49040338.37792074,CONTINUED_TO_HOUSEHOLD_BATCH,5159529.30100548,True,True,5159529.32426392,12808903.139106221,0.09,49250553.031937115,1.0,20.47432262303762,5159529.30100548,0.16511889151998296,0.09,0.19011889151998296,0.6689125392978493,0.6439620383203175,0.8,C1_RESIDUAL_LEVEL__NO_C0_ACTION,HJB_CONVERGED,True,16,2.6740796243984732e-09,0.6689125392978493,10.963186495620267,0.08353198676910843,0.02,DIAGNOSTIC_ONLY,7.32514092785519e-18,True,0.14628383566691525,0.7878897576804244,0.00011630090386138825,False,0.004268269919325733,新疆,30,False,True,turn_12.one_turn.capital.household_illiquid_return_rah -> steady_state._post_turn_states.rah,0.09,0.02,False,0.4695876658129632,True,False,31,0,30,12,13,13,True,False,1.3,0.8,1.180636255426748e-09,False
7.322074041418457,11.99563532424375,4.673561282825292,9.049757637984067,58719043.066994764,33106000.0,0.002048121278473536,58510809.39250042,58510809.39250042,0.9964537284053359,58510809.39250042,0.9964537284053359,58510809.39250042,0.9964537284053359,208233.6744943436,58719043.066994764,0.6883177331724084,219200.0,219200.0,33038194.896954857,1.026364744857471,1.026364744857471,1.026364744857471,True,0.7380939146868483,0.0,0.0,58510809.39250042,CONTINUED_TO_HOUSEHOLD_BATCH,5915517.185831382,True,True,5915517.18394904,33038194.89420147,0.09,58719043.066994764,1.0,26.98684847550813,5915517.185831382,0.40633797200012284,0.09,0.43133797200012286,0.6883177331724084,1.5192802965682113,1.3,C1_RESIDUAL_LEVEL__NO_C0_ACTION,HJB_CONVERGED,True,25,1.2138645644199642e-09,0.6883177331724084,14.764397241362465,0.07859257477845427,0.02,DIAGNOSTIC_ONLY,1.680513367352532e-17,True,0.14681733429032343,3.607600196933819,2.6218939693345433e-05,False,0.0035462715946641362,北京,0,False,True,turn_13.one_turn.capital.household_illiquid_return_rah -> steady_state._post_turn_states.rah,0.09,0.02,False,1.026364744857471,True,False,31,0,30,12,13,14,False,True,1.3,0.8,8.333955747730215e-11,False
7.30836914209571,11.98412002134242,4.675750879246709,9.212026233628023,64593598.72309723,13362900.0,2.8108893681988434e-05,64388134.38791398,64388134.38791398,0.9968191223395984,64388134.38791398,0.9968191223395984,64388134.38791398,0.9968191223395984,205464.3351832486,64593598.72309723,0.6979253142552594,138300.0,138300.0,13362524.383664617,0.3943630348293412,0.3943630348293412,0.3943630348293412,True,0.7380939146868483,0.0,0.0,64388134.38791398,CONTINUED_TO_HOUSEHOLD_BATCH,5499853.799187411,True,True,5499853.79746384,13362524.382567856,0.09,64593598.72309723,1.0,39.76756181625026,5499853.799187411,0.1249998013844103,0.09,0.1499998013844103,0.6979253142552594,0.6251194111318118,0.8,C1_RESIDUAL_LEVEL__NO_C0_ACTION,HJB_CONVERGED,True,25,8.814476704088747e-09,0.6979253142552594,14.587141941124473,0.06490309855768744,0.02,DIAGNOSTIC_ONLY,9.011894592541197e-18,True,0.1636738061220281,3.048077163504186,4.327192938125002e-05,False,0.0031808776604016513,天津,1,False,True,turn_13.one_turn.capital.household_illiquid_return_rah -> steady_state._post_turn_states.rah,0.09,0.02,False,0.3943630348293412,True,False,31,0,30,12,13,14,True,False,1.3,0.8,8.207745594290827e-11,False
7.316250601614231,11.985257536551561,4.6690069349373315,9.03890656101242,113705229.18254791,32494600.0,0.002113252415670064,113497505.78131555,113497505.78131555,0.9981731411763053,113497505.78131555,0.9981731411763053,113497505.78131555,0.9981731411763053,207723.40123236514,113705229.18254791,0.6805037567729305,742600.0,742600.0,32425930.708053768,0.6175565659297677,0.6175565659297677,0.6175565659297677,True,0.7380939146868483,0.0,0.0,113497505.78131555,CONTINUED_TO_HOUSEHOLD_BATCH,5950312.254790474,True,True,5950312.252896655,32425930.705350827,0.09,113705229.18254791,1.0,8.012809392392235,5950312.254790474,0.18427291893563205,0.09,0.20927291893563205,0.6805037567729305,1.4190172583649967,1.3,C1_RESIDUAL_LEVEL__NO_C0_ACTION,HJB_CONVERGED,True,13,2.9254580091730986e-08,0.6805037567729305,15.065143690655413,0.08640795021980481,0.02,DIAGNOSTIC_ONLY,1.1275702593849246e-17,True,0.13109988367271552,3.9836127023297694,1.8383675074784556e-05,False,0.0018268588236946947,河北,2,False,True,turn_13.one_turn.capital.household_illiquid_return_rah -> steady_state._post_turn_states.rah,0.09,0.02,False,0.6175565659297677,True,False,31,0,30,12,13,14,False,True,1.3,0.8,8.335732104569615e-11,False
7.31862140058942,11.986185589064654,4.667564188475233,8.93910128435154,53478727.38884524,15958100.0,4.923624414543415e-05,53266829.43896118,53266829.43896118,0.9960377151770394,53266829.43896118,0.9960377151770394,53266829.43896118,0.9960377151770394,211897.949884066,53478727.38884524,0.6819674690205395,350200.0,350200.0,15957314.283092303,0.541543979367176,0.541543979367176,0.541543979367176,True,0.7380939146868483,0.0,0.0,53266829.43896118,CONTINUED_TO_HOUSEHOLD_BATCH,5493265.80743337,True,True,5493265.805715331,15957314.281785209,0.09,53478727.38884524,1.0,15.686081688844574,5493265.80743337,0.19441424656425357,0.09,0.21941424656425357,0.6819674690205395,0.7579651488283612,0.8,C1_RESIDUAL_LEVEL__NO_C0_ACTION,HJB_CONVERGED,True,13,9.674997070163727e-08,0.6819674690205395,14.867921154049625,0.08643568421813967,0.02,DIAGNOSTIC_ONLY,1.7268135941523632e-17,True,0.1323978227285378,3.9599820648740893,4.810829586765486e-05,False,0.003962284822960547,山西,3,False,True,turn_13.one_turn.capital.household_illiquid_return_rah -> steady_state._post_turn_states.rah,0.09,0.02,False,0.541543979367176,True,False,31,0,30,12,13,14,True,False,1.3,0.8,8.191203271223912e-11,False
7.328991435511609,12.001912643368414,4.672921207856804,8.862074421392377,82165502.99427319,16140800.0,4.481141675516387e-05,81961499.33892582,81961499.33892582,0.9975171617295208,81961499.33892582,0.9975171617295208,81961499.33892582,0.9975171617295208,204003.655347366,82165502.99427319,0.6960763657497748,242200.0,242200.0,16140076.707884438,0.4001484797007443,0.4001484797007443,0.4001484797007443,True,0.7380939146868483,0.0,0.0,81961499.33892582,CONTINUED_TO_HOUSEHOLD_BATCH,5430725.411142849,True,True,5430725.409447137,16140076.706564525,0.09,82165502.99427319,1.0,22.422483117848262,5430725.411142849,0.11720605414493138,0.09,0.14220605414493137,0.6960763657497748,0.7634554931574175,0.8,C1_RESIDUAL_LEVEL__NO_C0_ACTION,HJB_CONVERGED,True,25,2.6087079163517046e-09,0.6960763657497748,14.20878411638052,0.07370571137827128,0.02,DIAGNOSTIC_ONLY,1.9027748127120603e-17,True,0.16264200083413904,3.3368833267790095,4.6870104831953086e-05,False,0.0024828382704793366,内蒙古,4,False,True,turn_13.one_turn.capital.household_illiquid_return_rah -> steady_state._post_turn_states.rah,0.09,0.02,False,0.4001484797007443,True,False,31,0,30,12,13,14,True,False,1.3,0.8,8.177858390467918e-11,False
7.334378411017445,11.996943474182759,4.662565063165314,8.437943928545902,90061052.78222083,23510500.0,0.0037308059924350268,89854895.94912641,89854895.94912641,0.9977109213502874,89854895.94912641,0.9977109213502874,89854895.94912641,0.9977109213502874,206156.8330944235,90061052.78222083,0.6936994465118147,429100.0,429100.0,23598213.114285145,0.5406300280912503,0.5406300280912503,0.5406300280912503,True,0.7380939146868483,0.0,0.0,89854895.94912641,CONTINUED_TO_HOUSEHOLD_BATCH,5668957.560887111,True,True,5668957.581389687,23598213.13663784,0.09,90061052.78222083,1.0,13.211273737793315,5668957.560887111,0.16660041909966575,0.09,0.19160041909966574,0.6936994465118147,1.0801006634507828,1.0801006634507828,C1_RESIDUAL_LEVEL__NO_C0_ACTION,HJB_CONVERGED,True,15,9.504107190139166e-08,0.6936994465118147,13.728680232060823,0.08254872517031904,0.02,DIAGNOSTIC_ONLY,2.6072020596807187e-17,True,0.147661445437614,3.648571948808061,2.2877305745794274e-05,False,0.002289078649712625,辽宁,5,False,True,turn_13.one_turn.capital.household_illiquid_return_rah -> steady_state._post_turn_states.rah,0.09,0.02,False,0.5406300280912503,True,False,31,0,30,12,13,14,False,False,1.3,0.8,9.472198581050861e-10,False
7.34965779367111,12.010628437795358,4.660970644124249,8.125122813297653,66308917.7271201,11253800.0,0.007556323717580304,66101646.399014,66101646.399014,0.9968741560681313,66101646.399014,0.9968741560681313,66101646.399014,0.9968741560681313,207271.3281060999,66308917.7271201,0.703409610790431,248400.0,248400.0,11168762.644147094,0.3250442085976263,0.3250442085976263,0.3250442085976263,True,0.7380939146868483,0.0,0.0,66101646.399014,CONTINUED_TO_HOUSEHOLD_BATCH,5388290.346607739,True,True,5388290.344916035,11168762.643228712,0.09,66308917.7271201,1.0,21.69199012321956,5388290.346607739,0.09684133824409828,0.09,0.12142006771011618,0.703409610790431,0.5302069122190248,0.8,C1_RESIDUAL_LEVEL__NO_C0_ACTION,HJB_CONVERGED,True,25,4.862233948799144e-08,0.703409610790431,12.964826157660003,0.07865644460859646,0.02,DIAGNOSTIC_ONLY,1.4257258568184383e-17,True,0.16278330413230088,3.378079691981969,3.419737071119755e-05,False,0.0031258439318687103,吉林,6,False,True,turn_13.one_turn.capital.household_illiquid_return_rah -> steady_state._post_turn_states.rah,0.09,0.02,False,0.3250442085976263,True,False,31,0,30,12,13,14,True,False,1.3,0.8,8.222778014044252e-11,False
7.360661035522721,12.00719250553285,4.646531470010129,7.517194168236588,58424879.89838116,12846500.0,3.977547927236369e-05,58214346.64355299,58214346.64355299,0.9963965136908394,58214346.64355299,0.9963965136908394,58214346.64355299,0.9963965136908394,210533.2548281696,58424879.89838116,0.7073780855946372,332700.0,332700.0,12845989.024305528,0.41270310471903765,0.41270310471903765,0.41270310471903765,True,0.7380939146868483,0.0,0.0,58214346.64355299,CONTINUED_TO_HOUSEHOLD_BATCH,5277794.682663382,True,True,5277794.681013475,12845989.023253761,0.09,58424879.89838116,1.0,15.863524745005657,5277794.682663382,0.13474305493389918,0.09,0.15974305493389918,0.7073780855946372,0.6274820218010655,0.8,C1_RESIDUAL_LEVEL__NO_C0_ACTION,HJB_CONVERGED,True,26,2.0279310231074987e-08,0.7073780855946372,12.026511475134278,0.08488047609988995,0.02,DIAGNOSTIC_ONLY,9.486769009248164e-18,True,0.15883601080289284,3.508649951148362,4.7843246784973203e-05,False,0.003603486309160613,黑龙江,7,False,True,turn_13.one_turn.capital.household_illiquid_return_rah -> steady_state._post_turn_states.rah,0.09,0.02,False,0.41270310471903765,True,False,31,0,30,12,13,14,True,False,1.3,0.8,8.187517330782157e-11,False
7.321981096997809,11.995523710553456,4.673542613555647,9.050755312057323,66125294.30800852,36011800.0,0.0020662810618805594,65917973.06089544,65917973.06089544,0.9968647209924332,65917973.06089544,0.9968647209924332,65917973.06089544,0.9968647209924332,207321.24711307662,66125294.30800852,0.6882479251727255,247500.0,247500.0,35937389.49965577,1.0227253445056632,1.0227253445056632,1.0227253445056632,True,0.7380939146868483,0.0,0.0,65917973.06089544,CONTINUED_TO_HOUSEHOLD_BATCH,5915291.248308177,True,True,5915291.246409705,35937389.496634975,0.09,66125294.30800852,1.0,23.90016665983102,5915291.248308177,0.3903561961500366,0.09,0.4153561961500366,0.6882479251727255,1.6475786037960798,1.3,C1_RESIDUAL_LEVEL__NO_C0_ACTION,HJB_CONVERGED,True,25,2.692654543778872e-09,0.6882479251727255,14.768471513150123,0.07864081161691952,0.02,DIAGNOSTIC_ONLY,1.6181717424346154e-17,True,0.14668890043336605,3.6102664858753686,2.518591031108741e-05,False,0.0031352790075668165,上海,8,False,True,turn_13.one_turn.capital.household_illiquid_return_rah -> steady_state._post_turn_states.rah,0.09,0.02,False,1.0227253445056632,True,False,31,0,30,12,13,14,False,True,1.3,0.8,8.405720564041985e-11,False
7.312970466783935,11.98891071596692,4.675940249182984,9.320232576615544,203535217.25929242,93207600.0,0.002181966920858147,203343357.86904493,203343357.86904493,0.9990573651438263,203343357.86904493,0.9990573651438263,203343357.86904493,0.9990573651438263,191859.39024749526,203535217.25929242,0.6822544280475563,844600.0,844600.0,93004224.10002743,1.1603289174497986,1.1603289174497986,1.1603289174497986,True,0.7380939146868483,0.0,0.0,203343357.86904493,CONTINUED_TO_HOUSEHOLD_BATCH,5799097.864908536,True,True,5799097.862959115,93004224.09183913,0.09,203535217.25929242,1.0,6.866087929088961,5799097.864908536,0.3194411839183679,0.09,0.3444411839183679,0.6822544280475563,4.289712288876086,1.3,C1_RESIDUAL_LEVEL__NO_C0_ACTION,HJB_CONVERGED,True,15,6.951408337840803e-10,0.6822544280475563,15.378211157549623,0.08042887556163875,0.02,DIAGNOSTIC_ONLY,1.3769367590565906e-17,True,0.13872054883097143,3.7643048864715905,1.727508519477894e-05,False,0.0009426348561736969,江苏,9,False,True,turn_13.one_turn.capital.household_illiquid_return_rah -> steady_state._post_turn_states.rah,0.09,0.02,False,1.1603289174497986,True,False,31,0,30,12,13,14,False,True,1.3,0.8,8.804224016500939e-11,False
7.316058077384682,11.987520650564624,4.671462573179943,9.103552979630125,124249656.20818298,58002800.0,0.002145165433602436,124046336.28831753,124046336.28831753,0.9983636178475634,124046336.28831753,0.9983636178475634,124046336.28831753,0.9983636178475634,203319.91986543805,124249656.20818298,0.6824624563576227,627300.0,627300.0,57878374.39838784,1.0369336001179625,1.0369336001179625,1.0369336001179625,True,0.7380939146868483,0.0,0.0,124046336.28831753,CONTINUED_TO_HOUSEHOLD_BATCH,5852883.3349362,True,True,5852883.33301435,57878374.39341034,0.09,124249656.20818298,1.0,9.330277913177426,5852883.3349362,0.32662839260750104,0.09,0.35162839260750106,0.6824624563576227,2.6487637743849057,1.3,C1_RESIDUAL_LEVEL__NO_C0_ACTION,HJB_CONVERGED,True,18,6.721068146475773e-11,0.6824624563576227,15.071920444835184,0.08335289970224485,0.02,DIAGNOSTIC_ONLY,1.2614970420098904e-17,True,0.13586851404210504,3.85475627912993,1.9052007603104215e-05,False,0.0016363821524364715,浙江,10,False,True,turn_13.one_turn.capital.household_illiquid_return_rah -> steady_state._post_turn_states.rah,0.09,0.02,False,1.0369336001179625,True,False,31,0,30,12,13,14,False,True,1.3,0.8,8.59994297996991e-11,False
7.314684760302136,11.983278641546573,4.668593881244437,9.092751623018076,70182433.35888097,34010900.0,0.002109876969145885,69968726.48040324,69968726.48040324,0.9969549804951201,69968726.48040324,0.9969549804951201,69968726.48040324,0.9969549804951201,213706.87847772875,70182433.35888097,0.6774362058554539,607600.0,607600.0,33939141.18539008,0.9221011048681041,0.9221011048681041,0.9221011048681041,True,0.7380939146868483,0.0,0.0,69968726.48040324,CONTINUED_TO_HOUSEHOLD_BATCH,5969997.027116145,True,True,5969997.025205658,33939141.182545505,0.09,70182433.35888097,1.0,9.825538227643426,5969997.027116145,0.34106627509616577,0.09,0.3660662750961658,0.6774362058554539,1.5270314852913718,1.3,C1_RESIDUAL_LEVEL__NO_C0_ACTION,HJB_CONVERGED,True,14,1.408388961010587e-10,0.6774362058554539,15.269964770312322,0.08895775431925132,0.02,DIAGNOSTIC_ONLY,2.7618392781311594e-17,True,0.1261115533537183,4.11512254799858,2.0151071587037883e-05,False,0.003045019504879935,安徽,11,False,True,turn_13.one_turn.capital.household_illiquid_return_rah -> steady_state._post_turn_states.rah,0.09,0.02,False,0.9221011048681041,True,False,31,0,30,12,13,14,False,True,1.3,0.8,8.381384475342202e-11,False
7.322335328642694,11.991430474689679,4.669095146046985,8.886944690332681,87795538.11850408,38687800.0,0.002101559793631913,87589287.31244624,87589287.31244624,0.9976507825969533,87589287.31244624,0.9976507825969533,87589287.31244624,0.9976507825969533,206250.80605783593,87795538.11850408,0.6868394257822077,410400.0,410400.0,38606495.27501593,0.8921644600055767,0.8921644600055767,0.8921644600055767,True,0.7380939146868483,0.0,0.0,87589287.31244624,CONTINUED_TO_HOUSEHOLD_BATCH,5892713.6214989815,True,True,5892713.6196009,38606495.27175902,0.09,87795538.11850408,1.0,14.358463990007264,5892713.6214989815,0.30556602034814956,0.09,0.3305660203481496,0.6868394257822077,1.7476291640990327,1.3,C1_RESIDUAL_LEVEL__NO_C0_ACTION,HJB_CONVERGED,True,15,6.802135299466272e-09,0.6868394257822077,14.599595101927347,0.08227335879723552,0.02,DIAGNOSTIC_ONLY,1.3118846287074604e-17,True,0.1411783800081902,3.7491983147392967,2.1870268595458597e-05,False,0.002349217403046657,福建,12,False,True,turn_13.one_turn.capital.household_illiquid_return_rah -> steady_state._post_turn_states.rah,0.09,0.02,False,0.8921644600055767,True,False,31,0,30,12,13,14,False,True,1.3,0.8,8.436162879377207e-11,False
7.317893316666092,11.984333561395104,4.666440244729013,8.950563317814394,51050047.92908307,22716500.0,0.0023074622951990698,50835646.82849215,50835646.82849215,0.9958001782703758,50835646.82849215,0.9958001782703758,50835646.82849215,0.9958001782703758,214401.10059092144,51050047.92908307,0.6793848588462933,451300.0,451300.0,22768917.46722889,0.7893560257063097,0.7893560257063097,0.7893560257063097,True,0.7380939146868483,0.0,0.0,50835646.82849215,CONTINUED_TO_HOUSEHOLD_BATCH,5772603.385290515,True,True,5772603.351932693,22768917.432768993,0.09,51050047.92908307,1.0,12.791055584512552,5772603.385290515,0.3106195617485353,0.09,0.3356195617485353,0.6793848588462933,1.0531874247572892,1.0531874247572892,C1_RESIDUAL_LEVEL__NO_C0_ACTION,HJB_CONVERGED,True,14,4.388174268399325e-10,0.6793848588462933,14.992371124729692,0.08911958485106831,0.02,DIAGNOSTIC_ONLY,2.5257413885831543e-17,True,0.12766414471176635,4.08683333232794,1.485072641460583e-05,False,0.0041998217296242285,江西,13,False,True,turn_13.one_turn.capital.household_illiquid_return_rah -> steady_state._post_turn_states.rah,0.09,0.02,False,0.7893560257063097,True,False,31,0,30,12,13,14,False,False,1.3,0.8,1.5134622444179513e-09,False
7.312388456668565,11.986511753109514,4.674123296440949,9.273206790312198,210016973.07581103,66648899.99999999,0.0021688847101616338,209823149.66501775,209823149.66501775,0.9990771059693194,209823149.66501775,0.9990771059693194,209823149.66501775,0.9990771059693194,193823.41079326876,210016973.07581103,0.6806621135704721,1007700.0,1007700.0,66504346.2198409,0.8090038132922267,0.8090038132922267,0.8090038132922267,True,0.7380939146868483,0.0,0.0,209823149.66501775,CONTINUED_TO_HOUSEHOLD_BATCH,5846649.3410833655,True,True,5846649.339155888,66504346.21409871,0.09,210016973.07581103,1.0,5.8019741402037965,5846649.3410833655,0.20851193776462873,0.09,0.23351193776462872,0.6806621135704721,2.9763938585239433,1.3,C1_RESIDUAL_LEVEL__NO_C0_ACTION,HJB_CONVERGED,True,16,5.6213700361240626e-11,0.6806621135704721,15.379432434932042,0.08264892144602816,0.02,DIAGNOSTIC_ONLY,2.7159264420761886e-17,True,0.13489232203217638,3.8619650273329533,1.6343685461772672e-05,False,0.0009228940306805737,山东,14,False,True,turn_13.one_turn.capital.household_illiquid_return_rah -> steady_state._post_turn_states.rah,0.09,0.02,False,0.8090038132922267,True,False,31,0,30,12,13,14,False,True,1.3,0.8,8.634315484812305e-11,False
7.311032040609184,11.983963375315692,4.672931334706509,9.279353693671506,168320556.01470312,49935900.0,0.0021550172426754166,168118845.7826866,168118845.7826866,0.9988016304318831,168118845.7826866,0.9988016304318831,168118845.7826866,0.9988016304318831,201710.23201652523,168320556.01470312,0.6780916214021521,986400.0,986400.0,49828287.274471484,0.7116861984516236,0.7116861984516236,0.7116861984516236,True,0.7380939146868483,0.0,0.0,168118845.7826866,CONTINUED_TO_HOUSEHOLD_BATCH,5910294.632096495,True,True,5910294.630177631,49828287.2702345,0.09,168320556.01470312,1.0,5.9917828792543535,5910294.632096495,0.1926040850484003,0.09,0.2176040850484003,0.6780916214021521,2.1990192662121237,1.3,C1_RESIDUAL_LEVEL__NO_C0_ACTION,HJB_CONVERGED,True,13,3.849176088976947e-09,0.6780916214021521,15.49688427240718,0.08521799176895972,0.02,DIAGNOSTIC_ONLY,1.9103079444974565e-17,True,0.13004035452662052,3.986706350946615,1.648950412935779e-05,False,0.0011983695681168345,河南,15,False,True,turn_13.one_turn.capital.household_illiquid_return_rah -> steady_state._post_turn_states.rah,0.09,0.02,False,0.7116861984516236,True,False,31,0,30,12,13,14,False,True,1.3,0.8,8.503153736683089e-11,False
7.3120933163184425,11.984455727832433,4.6723624115139915,9.234627885114014,101805153.6623069,42022000.0,0.0021227848941166583,101598064.76999152,101598064.76999152,0.9979658309538797,101598064.76999152,0.9979658309538797,101598064.76999152,0.9979658309538797,207088.89231538153,101805153.6623069,0.6788282007867781,591700.0,591700.0,41932796.33317943,0.8668910887321597,0.8668910887321597,0.8668910887321597,True,0.7380939146868483,0.0,0.0,101598064.76999152,CONTINUED_TO_HOUSEHOLD_BATCH,5940379.289966754,True,True,5940379.288050145,41932796.329636045,0.09,101805153.6623069,1.0,10.03951206686962,5940379.289966754,0.2832831951938255,0.09,0.3082831951938255,0.6788282007867781,1.874732915321194,1.3,C1_RESIDUAL_LEVEL__NO_C0_ACTION,HJB_CONVERGED,True,13,3.0630182834556763e-09,0.6788282007867781,15.403934350833241,0.08512191332378598,0.02,DIAGNOSTIC_ONLY,1.7089736743802764e-17,True,0.13079471083368627,3.971279214359042,1.972337504285715e-05,False,0.002034169046120262,湖北,16,False,True,turn_13.one_turn.capital.household_illiquid_return_rah -> steady_state._post_turn_states.rah,0.09,0.02,False,0.8668910887321597,True,False,31,0,30,12,13,14,False,True,1.3,0.8,8.450151689487484e-11,False
7.315635939662625,11.984520319271084,4.66888437960846,9.056780809304694,93791807.14892803,36329700.0,0.002121965048944796,93581691.74507047,93581691.74507047,0.9977597680411049,93581691.74507047,0.9977597680411049,93581691.74507047,0.9977597680411049,210115.40385756388,93791807.14892803,0.6795139938345439,663500.0,663500.0,36252609.64636135,0.7959373284760574,0.7959373284760574,0.7959373284760574,True,0.7380939146868483,0.0,0.0,93581691.74507047,CONTINUED_TO_HOUSEHOLD_BATCH,5948262.55596983,True,True,5948262.554064111,36252609.64331939,0.09,93791807.14892803,1.0,8.964977476970354,5948262.55596983,0.26314547300190066,0.09,0.2881454730019007,0.6795139938345439,1.6122060224232935,1.3,C1_RESIDUAL_LEVEL__NO_C0_ACTION,HJB_CONVERGED,True,13,5.134087954772326e-08,0.6795139938345439,15.131457579255366,0.08720574020436275,0.02,DIAGNOSTIC_ONLY,1.5815799191132296e-17,True,0.12947834763219798,4.025185689083421,1.918233287356852e-05,False,0.0022402319588952003,湖南,17,False,True,turn_13.one_turn.capital.household_illiquid_return_rah -> steady_state._post_turn_states.rah,0.09,0.02,False,0.7959373284760574,True,False,31,0,30,12,13,14,False,True,1.3,0.8,8.391021211195948e-11,False
7.321941378103249,11.987645892853422,4.665704514750172,8.805599481966208,191259406.86816654,99945200.0,0.0022046381799271098,191057332.5078719,191057332.5078719,0.9989434540051987,191057332.5078719,0.9989434540051987,191057332.5078719,0.9989434540051987,202074.36029462575,191259406.86816654,0.6841310149846651,1234800.0,1234800.0,99724856.99617955,1.30644139756687,1.30644139756687,1.30644139756687,True,0.7380939146868483,0.0,0.0,191057332.5078719,CONTINUED_TO_HOUSEHOLD_BATCH,5734851.855801122,True,True,5734851.853870453,99724856.9873866,0.09,191259406.86816654,1.0,4.644356864108457,5734851.855801122,0.37208849770757774,0.09,0.39708849770757776,0.6841310149846651,4.699177749081988,1.3,C1_RESIDUAL_LEVEL__NO_C0_ACTION,HJB_CONVERGED,True,13,1.146080386149606e-08,0.6841310149846651,14.59753847317971,0.08628759033593758,0.02,DIAGNOSTIC_ONLY,1.5608343395816283e-17,True,0.13451744702575738,3.919407642819737,1.5625070990732404e-05,False,0.0010565459948012588,广东,18,False,True,turn_13.one_turn.capital.household_illiquid_return_rah -> steady_state._post_turn_states.rah,0.09,0.02,False,1.30644139756687,True,False,31,0,30,12,13,14,False,True,1.3,0.8,8.817213625889053e-11,False
7.331588070041588,11.990666606625833,4.659078536584245,8.409992295105653,67306708.83876626,19627800.0,0.00529779240313788,67094689.937517434,67094689.937517434,0.996849958868785,67094689.937517434,0.996849958868785,67094689.937517434,0.996849958868785,212018.90124882534,67306708.83876626,0.6891573470733691,494700.0,494700.0,19523815.99026969,0.5577680812178123,0.5577680812178123,0.5577680812178123,True,0.7380939146868483,0.0,0.0,67094689.937517434,CONTINUED_TO_HOUSEHOLD_BATCH,5544997.935327959,True,True,5544997.9302034965,19523815.985544086,0.09,67306708.83876626,1.0,11.208809248692054,5544997.935327959,0.18802728736936722,0.09,0.2130272873693672,0.6891573470733691,0.9175424540821487,0.9175424540821487,C1_RESIDUAL_LEVEL__NO_C0_ACTION,HJB_CONVERGED,True,13,1.8952956537532373e-08,0.6891573470733691,13.863648009245352,0.08756539228618944,0.02,DIAGNOSTIC_ONLY,1.237345729349082e-17,True,0.13792539519202224,3.8759869680040526,3.171153728054321e-06,False,0.0031500411312149913,广西,19,False,True,turn_13.one_turn.capital.household_illiquid_return_rah -> steady_state._post_turn_states.rah,0.09,0.02,False,0.5577680812178123,True,False,31,0,30,12,13,14,False,False,1.3,0.8,2.4204305226760425e-10,False
7.343200480802642,11.996588375467624,4.6533878946649825,8.013400613407274,14673330.466888333,4910700.0,0.00207597231085066,14458727.729778444,14458727.729778444,0.9853746402294858,14458727.729778444,0.9853746402294858,14458727.729778444,0.9853746402294858,214602.73710988855,14673330.466888333,0.6966386366754205,98200.0,98200.0,4900505.522773106,0.43124462072637787,0.43124462072637787,0.43124462072637787,True,0.7380939146868483,0.0,0.0,14458727.729778444,CONTINUED_TO_HOUSEHOLD_BATCH,5529281.805497269,True,True,5529281.803701304,4900505.5223562205,0.09,14673330.466888333,1.0,56.30633203154042,5529281.805497269,0.22194002673181096,0.09,0.24694002673181095,0.6966386366754205,0.23253344685360364,0.8,C1_RESIDUAL_LEVEL__NO_C0_ACTION,HJB_CONVERGED,True,14,8.445195209816347e-09,0.6966386366754205,13.0527213071302,0.0866586942293963,0.02,DIAGNOSTIC_ONLY,2.7145169794161133e-17,True,0.14601881244326564,3.7280665011227474,3.121779797610191e-05,False,0.01462535977051417,海南,20,False,True,turn_13.one_turn.capital.household_illiquid_return_rah -> steady_state._post_turn_states.rah,0.09,0.02,False,0.43124462072637787,True,False,31,0,30,12,13,14,True,False,1.3,0.8,8.5069729038878e-11,False
7.320881523050243,11.987478454464476,4.666596931414232,8.854154694519737,50663834.63130832,21588800.0,0.000698216193432355,50452053.30035708,50452053.30035708,0.9958198716600823,50452053.30035708,0.9958198716600823,50452053.30035708,0.9958198716600823,211781.3309512388,50663834.63130832,0.6837267291220047,316300.0,316300.0,21603873.64975677,0.7557652302563093,0.7557652302563093,0.7557652302563093,True,0.7380939146868483,0.0,0.0,50452053.30035708,CONTINUED_TO_HOUSEHOLD_BATCH,5697456.549482642,True,True,5697456.557551301,21603873.657769814,0.09,50663834.63130832,1.0,18.012825006268233,5697456.549482642,0.2948835224449658,0.09,0.3198835224449658,0.6837267291220047,1.009352515814718,1.009352515814718,C1_RESIDUAL_LEVEL__NO_C0_ACTION,HJB_CONVERGED,True,13,8.974003318229506e-09,0.6837267291220047,14.679935431942697,0.08592876222658746,0.02,DIAGNOSTIC_ONLY,1.6146243215299878e-17,True,0.1344928202186457,3.9149394541354865,1.6760861566544882e-05,False,0.0041801283399177614,重庆,21,False,True,turn_13.one_turn.capital.household_illiquid_return_rah -> steady_state._post_turn_states.rah,0.09,0.02,False,0.7557652302563093,True,False,31,0,30,12,13,14,False,False,1.3,0.8,3.709077489588708e-10,False
7.32178392486307,11.98577473631976,4.66399081145669,8.782974902647306,94830047.41899477,42902100.0,0.002143296225154745,94616775.91479799,94616775.91479799,0.9977510134181999,94616775.91479799,0.9977510134181999,94616775.91479799,0.9977510134181999,213271.50419678306,94830047.41899477,0.6819619465250008,832100.0,832100.0,42810148.09101879,0.9358547875920058,0.9358547875920058,0.9358547875920058,True,0.7380939146868483,0.0,0.0,94616775.91479799,CONTINUED_TO_HOUSEHOLD_BATCH,5862546.457135632,True,True,5862546.45525651,42810148.087424934,0.09,94830047.41899477,1.0,7.045483063496733,5862546.457135632,0.3149965804671357,0.09,0.3399965804671357,0.6819619465250008,1.951498330587554,1.3,C1_RESIDUAL_LEVEL__NO_C0_ACTION,HJB_CONVERGED,True,14,1.671974114714203e-09,0.6819619465250008,14.656386810276869,0.08906223525667524,0.02,DIAGNOSTIC_ONLY,2.2727588040727387e-17,True,0.1299715442473546,4.041249940480368,1.784961692452569e-05,False,0.0022489865818000644,四川,22,False,True,turn_13.one_turn.capital.household_illiquid_return_rah -> steady_state._post_turn_states.rah,0.09,0.02,False,0.9358547875920058,True,False,31,0,30,12,13,14,False,True,1.3,0.8,8.394862582861151e-11,False
7.326464807888048,11.987109595497847,4.660644787609799,8.587195901376367,39447014.665611394,15353200.0,4.9878515459345074e-05,39231679.43743363,39231679.43743363,0.9945411527335303,39231679.43743363,0.9945411527335303,39231679.43743363,0.9945411527335303,215335.22817776244,39447014.665611394,0.6843341640717553,382200.0,382200.0,15352434.20517645,0.6531605820813702,0.6531605820813702,0.6531605820813702,True,0.7380939146868483,0.0,0.0,39231679.43743363,CONTINUED_TO_HOUSEHOLD_BATCH,5463539.528083583,True,True,5463539.526381302,15352434.203923654,0.09,39447014.665611394,1.0,14.29497521738248,5463539.528083583,0.2652565603207003,0.09,0.2902565603207003,0.6843341640717553,0.7436285597849811,0.8,C1_RESIDUAL_LEVEL__NO_C0_ACTION,HJB_CONVERGED,True,14,2.0419621549194744e-09,0.6843341640717553,14.294245577245473,0.08979022288592164,0.02,DIAGNOSTIC_ONLY,1.3227266504323154e-17,True,0.13142370119891592,4.023566582070608,4.7940675360846896e-05,False,0.005458847266469688,贵州,23,False,True,turn_13.one_turn.capital.household_illiquid_return_rah -> steady_state._post_turn_states.rah,0.09,0.02,False,0.6531605820813702,True,False,31,0,30,12,13,14,True,False,1.3,0.8,8.160250253297363e-11,False
7.334525094960257,11.992485151886957,4.657960056926701,8.312870649816059,68611984.86091176,20880600.0,0.0019205279740636128,68400716.5307897,68400716.5307897,0.9969208246846331,68400716.5307897,0.9969208246846331,68400716.5307897,0.9969208246846331,211268.33012206003,68611984.86091176,0.6913700767302763,470300.0,470300.0,20840498.223584767,0.5861329189742354,0.5861329189742354,0.5861329189742354,True,0.7380939146868483,0.0,0.0,68400716.5307897,CONTINUED_TO_HOUSEHOLD_BATCH,5576483.263313313,True,True,5576483.283351746,20840498.243198354,0.09,68611984.86091176,1.0,11.857289524374469,5576483.263313313,0.19853919656704816,0.09,0.22353919656704815,0.6913700767302763,0.9759492400130848,0.9759492400130848,C1_RESIDUAL_LEVEL__NO_C0_ACTION,HJB_CONVERGED,True,14,1.4588681374050338e-09,0.6913700767302763,13.64819740505016,0.08689841177990043,0.02,DIAGNOSTIC_ONLY,1.3830353962768216e-17,True,0.14068058143386852,3.819695278056595,8.703882542260288e-06,False,0.003079175315367091,云南,24,False,True,turn_13.one_turn.capital.household_illiquid_return_rah -> steady_state._post_turn_states.rah,0.09,0.02,False,0.5861329189742354,True,False,31,0,30,12,13,14,False,False,1.3,0.8,9.411285084581777e-10,False
8.171324622765999,10.127062630041127,1.9557380072751287,7.6030470142139706,6325734.326183821,1548400.0,0.002166025568554497,6110781.991678119,6110781.991678119,0.9660193863001865,6110781.991678119,0.9660193863001865,6110781.991678119,0.9660193863001865,214952.33450570275,6325734.326183821,0.6622438472237184,35400.0,35400.0,1545046.1260096503,0.2539305050273779,0.2539305050273779,0.2539305050273779,True,0.7380939146868483,0.0,0.0,6110781.991678119,CONTINUED_TO_HOUSEHOLD_BATCH,5453102.486965246,True,True,5453102.485100336,1545046.1258712616,0.09,6325734.326183821,1.0,154.04244313461146,5453102.486965246,0.15311518140135855,0.09,0.17811518140135854,0.6622438472237184,0.07331657863152499,0.8,C1_RESIDUAL_LEVEL__NO_C0_ACTION,HJB_CONVERGED,True,16,2.7161282112331264e-09,0.6622438472237184,11.590655574589327,0.08467081232166793,0.02,DIAGNOSTIC_ONLY,1.9319127460976082e-17,True,0.0006551466681828468,0.8070174229415563,3.954257201255196e-05,False,0.03398061369981355,西藏,25,False,True,turn_13.one_turn.capital.household_illiquid_return_rah -> steady_state._post_turn_states.rah,0.09,0.02,False,0.2539305050273779,True,False,31,0,30,12,13,14,True,False,1.3,0.8,8.956924091307883e-11,False
7.316235363988608,11.987012937942618,4.67077757395401,9.080101985169259,73897910.2910824,23941900.0,0.0042983918520320685,73689226.08368032,73689226.08368032,0.9971760472443663,73689226.08368032,0.9971760472443663,73689226.08368032,0.9971760472443663,208684.20740207896,73897910.2910824,0.6821367601397545,393100.0,393100.0,24044811.667882167,0.6338518706666324,0.6338518706666324,0.6338518706666324,True,0.7380939146868483,0.0,0.0,73689226.08368032,CONTINUED_TO_HOUSEHOLD_BATCH,5792923.737086691,True,True,5792923.747805073,24044811.67953411,0.09,73897910.2910824,1.0,14.736514212889064,5792923.737086691,0.21526434383362048,0.09,0.24026434383362047,0.6821367601397545,1.0875710420383922,1.0875710420383922,C1_RESIDUAL_LEVEL__NO_C0_ACTION,HJB_CONVERGED,True,25,4.311395684908348e-11,0.6821367601397545,15.053260557611154,0.08403885747827618,0.02,DIAGNOSTIC_ONLY,3.5561831257524545e-17,True,0.13487640727342845,3.881882181963162,2.429377730295279e-05,False,0.002823952755633766,陕西,26,False,True,turn_13.one_turn.capital.household_illiquid_return_rah -> steady_state._post_turn_states.rah,0.09,0.02,False,0.6338518706666324,True,False,31,0,30,12,13,14,False,False,1.3,0.8,4.845929213459499e-10,False
7.328895705751929,11.987897735919368,4.65900203016744,8.48817681976396,25177704.67938732,8104100.0,0.006066638293079851,24962132.869680554,24962132.869680554,0.9914379879956551,24962132.869680554,0.9914379879956551,24962132.869680554,0.9914379879956551,215571.80970676697,25177704.67938732,0.6857072746741341,251500.0,251500.0,8153264.643390949,0.4815843645010798,0.4815843645010798,0.4815843645010798,True,0.7380939146868483,0.0,0.0,24962132.869680554,CONTINUED_TO_HOUSEHOLD_BATCH,5532599.009302429,True,True,5532599.007551877,8153264.642715297,0.09,25177704.67938732,1.0,21.998405603588186,5532599.009302429,0.21406232144045895,0.09,0.23906232144045894,0.6857072746741341,0.38603976051038635,0.8,C1_RESIDUAL_LEVEL__NO_C0_ACTION,HJB_CONVERGED,True,13,2.0505398712344913e-08,0.6857072746741341,14.105439713862754,0.09,0.02,DIAGNOSTIC_ONLY,2.3771132631744685e-17,True,0.1324567082292198,4.006884717800093,2.920784984206115e-06,False,0.008562012004344978,甘肃,27,False,True,turn_13.one_turn.capital.household_illiquid_return_rah -> steady_state._post_turn_states.rah,0.09,0.02,False,0.4815843645010798,True,False,31,0,30,12,13,14,True,False,1.3,0.8,8.286882291486108e-11,False
7.345400273992079,12.005988087354805,4.660587813362724,8.09969667089459,17578407.529567722,2748000.0,0.0021152713755008268,17365178.187045533,17365178.187045533,0.9878698145913657,17365178.187045533,0.9878698145913657,17365178.187045533,0.9878698145913657,213229.34252218745,17578407.529567722,0.7068478431594419,58700.0,58700.0,2742187.2342601237,0.2111711647722934,0.2111711647722934,0.2111711647722934,True,0.7380939146868483,0.0,0.0,17365178.187045533,CONTINUED_TO_HOUSEHOLD_BATCH,5531285.781854567,True,True,5531285.780008506,2742187.2340204264,0.08784757592798234,17578407.529567722,1.0,94.22974074709654,5531285.781854567,0.08784757593788693,0.08784757593788693,0.1122426657096897,0.7068478431594419,0.12657425159173002,0.8,C1_RESIDUAL_LEVEL__NO_C0_ACTION,HJB_CONVERGED,True,26,9.653833288325586e-11,0.7068478431594419,12.801260740102068,0.07463275763295357,0.02,DIAGNOSTIC_ONLY,9.676504389433127e-18,True,0.17473547970606637,3.215266368097307,2.9590373504473355e-05,False,0.012130185408634172,青海,28,False,False,turn_13.one_turn.capital.household_illiquid_return_rah -> steady_state._post_turn_states.rah,0.09,0.02,False,0.2111711647722934,True,False,31,0,30,12,13,14,True,False,1.3,0.8,8.741096735320752e-11,False
7.330635532655974,11.99966858019828,4.669033047542307,8.724768730740172,18640640.44456374,3510200.0,0.0020932994214020173,18427372.607126147,18427372.607126147,0.9885589855095462,18427372.607126147,0.9885589855095462,18427372.607126147,0.9885589855095462,213267.83743759207,18640640.44456374,0.6930013830243903,71000.0,71000.0,3502852.100370995,0.25704566563666087,0.25704566563666087,0.25704566563666087,True,0.7380939146868483,0.0,0.0,18427372.607126147,CONTINUED_TO_HOUSEHOLD_BATCH,5636408.191656688,True,True,5636408.189793464,3502852.100067724,0.09,18640640.44456374,1.0,79.38603086840406,5636408.191656688,0.11092578858775079,0.09,0.1358629016260387,0.6930013830243903,0.15943851554348565,0.8,C1_RESIDUAL_LEVEL__NO_C0_ACTION,HJB_CONVERGED,True,27,3.017652794312653e-10,0.6930013830243903,14.14290738786695,0.07895703925426906,0.02,DIAGNOSTIC_ONLY,1.645276796746753e-17,True,0.1512063072258056,3.5460097454871677,2.975287809647842e-05,False,0.011441014490453755,宁夏,29,False,True,turn_13.one_turn.capital.household_illiquid_return_rah -> steady_state._post_turn_states.rah,0.09,0.02,False,0.25704566563666087,True,False,31,0,30,12,13,14,True,False,1.3,0.8,8.657830008473866e-11,False
8.1829637805377,10.142528388359645,1.9595646078219466,7.278660292593406,49250553.031937115,12809400.0,3.8789871032895995e-05,49040338.377914935,49040338.377914935,0.9957317300805564,49040338.377914935,0.9957317300805564,49040338.377914935,0.9957317300805564,210214.65402217908,49250553.031937115,0.6689125394686583,252000.0,252000.0,12808903.125025991,0.4695876658129632,0.4695876658129632,0.4695876658129632,True,0.7380939146868483,0.0,0.0,49040338.377914935,CONTINUED_TO_HOUSEHOLD_BATCH,5159529.302608717,True,True,5159529.30100548,12808903.123983566,0.09,49250553.031937115,1.0,20.474322629399673,5159529.302608717,0.1651188914987103,0.09,0.1901188914987103,0.6689125394686583,0.6439620380481632,0.8,C1_RESIDUAL_LEVEL__NO_C0_ACTION,HJB_CONVERGED,True,16,2.6740818448445225e-09,0.6689125394686583,10.96318647758156,0.08353198676970822,0.02,DIAGNOSTIC_ONLY,1.5016200088924236e-17,True,0.1462838357691963,0.7878897573978615,4.6516804807161805e-05,False,0.004268269919443602,新疆,30,False,True,turn_13.one_turn.capital.household_illiquid_return_rah -> steady_state._post_turn_states.rah,0.09,0.02,False,0.4695876658129632,True,False,31,0,30,12,13,14,True,False,1.3,0.8,8.138290041870277e-11,False
7.322074041388408,11.995635324229255,4.673561282840847,9.049757639158138,58719043.066994764,33106000.0,0.0020481212864775777,58510809.39250098,58510809.39250098,0.9964537284053454,58510809.39250098,0.9964537284053454,58510809.39250098,0.9964537284053454,208233.67449378257,58719043.066994764,0.6883177331547583,219200.0,219200.0,33038194.896689873,1.026364744857471,1.026364744857471,1.026364744857471,True,0.7380939146868483,0.0,0.0,58510809.39250098,CONTINUED_TO_HOUSEHOLD_BATCH,5915517.185650227,True,True,5915517.185831382,33038194.896954857,0.09,58719043.066994764,1.0,26.98684847468169,5915517.185650227,0.40633797202780075,0.09,0.4313379720278008,0.6883177331547583,1.5192802967122259,1.3,C1_RESIDUAL_LEVEL__NO_C0_ACTION,HJB_CONVERGED,True,25,1.213868117133643e-09,0.6883177331547583,14.764397243658669,0.07859257477835124,0.02,DIAGNOSTIC_ONLY,1.1384122811097797e-17,True,0.1468173342729555,3.6076001972086473,1.0487710240258963e-05,False,0.0035462715946545814,北京,0,False,True,turn_14.one_turn.capital.household_illiquid_return_rah -> steady_state._post_turn_states.rah,0.09,0.02,False,1.026364744857471,True,False,31,0,30,12,13,15,False,True,1.3,0.8,8.020473174497056e-12,False
7.30836914207533,11.984120021338143,4.675750879262813,9.21202623476174,64593598.72309723,13362900.0,2.8108901639511963e-05,64388134.38791454,64388134.38791454,0.996819122339607,64388134.38791454,0.996819122339607,64388134.38791454,0.996819122339607,205464.33518268567,64593598.72309723,0.6979253142397148,138300.0,138300.0,13362524.38355828,0.3943630348293412,0.3943630348293412,0.3943630348293412,True,0.7380939146868483,0.0,0.0,64388134.38791454,CONTINUED_TO_HOUSEHOLD_BATCH,5499853.7990203,True,True,5499853.799187411,13362524.383664617,0.09,64593598.72309723,1.0,39.76756181504194,5499853.7990203,0.12499980138324104,0.09,0.14999980138324104,0.6979253142397148,0.6251194111459331,0.8,C1_RESIDUAL_LEVEL__NO_C0_ACTION,HJB_CONVERGED,True,25,8.814478924534797e-09,0.6979253142397148,14.587141943248433,0.06490309855746208,0.02,DIAGNOSTIC_ONLY,1.8762073752255456e-17,True,0.1636738061094451,3.048077163703522,1.7308352758815815e-05,False,0.0031808776603929364,天津,1,False,True,turn_14.one_turn.capital.household_illiquid_return_rah -> steady_state._post_turn_states.rah,0.09,0.02,False,0.3943630348293412,True,False,31,0,30,12,13,15,True,False,1.3,0.8,7.957856595908197e-12,False
7.3162506015873365,11.985257536540798,4.669006934953462,9.038906562141257,113705229.18254791,32494600.0,0.002113252423680212,113497505.78131612,113497505.78131612,0.9981731411763103,113497505.78131612,0.9981731411763103,113497505.78131612,0.9981731411763103,207723.40123180285,113705229.18254791,0.6805037567562825,742600.0,742600.0,32425930.70779348,0.6175565659297677,0.6175565659297677,0.6175565659297677,True,0.7380939146868483,0.0,0.0,113497505.78131612,CONTINUED_TO_HOUSEHOLD_BATCH,5950312.254608104,True,True,5950312.254790474,32425930.708053768,0.09,113705229.18254791,1.0,8.012809392146652,5950312.254608104,0.18427291893451253,0.09,0.20927291893451253,0.6805037567562825,1.419017258400897,1.3,C1_RESIDUAL_LEVEL__NO_C0_ACTION,HJB_CONVERGED,True,13,2.9254580535820196e-08,0.6805037567562825,15.06514369289756,0.08640795021977225,0.02,DIAGNOSTIC_ONLY,1.1553381644483514e-17,True,0.1310998836580057,3.983612702609351,7.353520492414667e-06,False,0.0018268588236897494,河北,2,False,True,turn_14.one_turn.capital.household_illiquid_return_rah -> steady_state._post_turn_states.rah,0.09,0.02,False,0.6175565659297677,True,False,31,0,30,12,13,15,False,True,1.3,0.8,8.027134512644807e-12,False
7.318621400561284,11.986185589052265,4.6675641884909815,8.939101285457633,53478727.38884524,15958100.0,4.9236252098960875e-05,53266829.43896175,53266829.43896175,0.9960377151770502,53266829.43896175,0.9960377151770502,53266829.43896175,0.9960377151770502,211897.949883489,53478727.38884524,0.6819674690038612,350200.0,350200.0,15957314.282965379,0.541543979367176,0.541543979367176,0.541543979367176,True,0.7380939146868483,0.0,0.0,53266829.43896175,CONTINUED_TO_HOUSEHOLD_BATCH,5493265.807266539,True,True,5493265.80743337,15957314.283092303,0.09,53478727.38884524,1.0,15.686081688368187,5493265.807266539,0.19441424655991807,0.09,0.21941424655991806,0.6819674690038612,0.7579651488364035,0.8,C1_RESIDUAL_LEVEL__NO_C0_ACTION,HJB_CONVERGED,True,13,9.674997158981569e-08,0.6819674690038612,14.867921156247235,0.08643568421810736,0.02,DIAGNOSTIC_ONLY,2.042427251908694e-17,True,0.13239782271398276,3.9599820651541737,1.9242793275697778e-05,False,0.003962284822949757,山西,3,False,True,turn_14.one_turn.capital.household_illiquid_return_rah -> steady_state._post_turn_states.rah,0.09,0.02,False,0.541543979367176,True,False,31,0,30,12,13,15,True,False,1.3,0.8,7.953970815322009e-12,False
7.328991435488721,12.001912643363848,4.672921207875127,8.862074422583994,82165502.99427319,16140800.0,4.4811424690927026e-05,81961499.33892637,81961499.33892637,0.9975171617295274,81961499.33892637,0.9975171617295274,81961499.33892637,0.9975171617295274,204003.655346811,82165502.99427319,0.6960763657329453,242200.0,242200.0,16140076.707756348,0.4001484797007443,0.4001484797007443,0.4001484797007443,True,0.7380939146868483,0.0,0.0,81961499.33892637,CONTINUED_TO_HOUSEHOLD_BATCH,5430725.410978287,True,True,5430725.411142849,16140076.707884438,0.09,82165502.99427319,1.0,22.422483117168817,5430725.410978287,0.11720605414385338,0.09,0.14220605414385337,0.6960763657329453,0.7634554931747642,0.8,C1_RESIDUAL_LEVEL__NO_C0_ACTION,HJB_CONVERGED,True,25,2.608718574492741e-09,0.6960763657329453,14.208784118630986,0.07370571137812441,0.02,DIAGNOSTIC_ONLY,2.0897996874658098e-17,True,0.16264200081376604,3.3368833270131555,1.8747545016628564e-05,False,0.002482838270472582,内蒙古,4,False,True,turn_14.one_turn.capital.household_illiquid_return_rah -> steady_state._post_turn_states.rah,0.09,0.02,False,0.4001484797007443,True,False,31,0,30,12,13,15,True,False,1.3,0.8,7.936207246928006e-12,False
7.334378411089781,11.9969434742179,4.66256506312812,8.437943925996159,90061052.78222083,23510500.0,0.003730806115468388,89854895.9491271,89854895.9491271,0.997710921350295,89854895.9491271,0.997710921350295,89854895.9491271,0.997710921350295,206156.8330937395,90061052.78222083,0.6936994465536723,429100.0,429100.0,23598213.117177717,0.5406300280912503,0.5406300280912503,0.5406300280912503,True,0.7380939146868483,0.0,0.0,89854895.9491271,CONTINUED_TO_HOUSEHOLD_BATCH,5668957.563540266,True,True,5668957.560887111,23598213.114285145,0.09,90061052.78222083,1.0,13.211273743976383,5668957.563540266,0.16660041911780438,0.09,0.19160041911780437,0.6936994465536723,1.080100663047532,1.080100663047532,C1_RESIDUAL_LEVEL__NO_C0_ACTION,HJB_CONVERGED,True,15,9.504106701641035e-08,0.6936994465536723,13.728680227072557,0.08254872517025162,0.02,DIAGNOSTIC_ONLY,1.105645713841112e-17,True,0.14766144547985122,3.6485719481479486,9.151515919292308e-06,False,0.00228907864970503,辽宁,5,False,True,turn_14.one_turn.capital.household_illiquid_return_rah -> steady_state._post_turn_states.rah,0.09,0.02,False,0.5406300280912503,True,False,31,0,30,12,13,15,False,False,1.3,0.8,1.225759493905798e-10,False
7.34965779363101,12.010628437769778,4.660970644138767,8.125122814373254,66308917.7271201,11253800.0,0.00755632372545989,66101646.39901455,66101646.39901455,0.9968741560681396,66101646.39901455,0.9968741560681396,66101646.39901455,0.9968741560681396,207271.32810555404,66308917.7271201,0.703409610771173,248400.0,248400.0,11168762.64405842,0.3250442085976263,0.3250442085976263,0.3250442085976263,True,0.7380939146868483,0.0,0.0,66101646.39901455,CONTINUED_TO_HOUSEHOLD_BATCH,5388290.346444396,True,True,5388290.346607739,11168762.644147094,0.09,66308917.7271201,1.0,21.691990122561982,5388290.346444396,0.09684133824312802,0.09,0.12142006770933005,0.703409610771173,0.530206912231665,0.8,C1_RESIDUAL_LEVEL__NO_C0_ACTION,HJB_CONVERGED,True,25,4.862233726754539e-08,0.703409610771173,12.96482615974735,0.078656444608494,0.02,DIAGNOSTIC_ONLY,1.3566079683224874e-17,True,0.1627833041121969,3.378079692271945,1.3678697934782491e-05,False,0.0031258439318604778,吉林,6,False,True,turn_14.one_turn.capital.household_illiquid_return_rah -> steady_state._post_turn_states.rah,0.09,0.02,False,0.3250442085976263,True,False,31,0,30,12,13,15,True,False,1.3,0.8,7.939537916001882e-12,False
7.360661035487414,12.007192505514858,4.646531470027444,7.5171941692713276,58424879.89838116,12846500.0,3.9775487209015026e-05,58214346.643553555,58214346.643553555,0.996396513690849,58214346.643553555,0.996396513690849,58214346.643553555,0.996396513690849,210533.25482760265,58424879.89838116,0.7073780855752503,332700.0,332700.0,12845989.024203569,0.41270310471903765,0.41270310471903765,0.41270310471903765,True,0.7380939146868483,0.0,0.0,58214346.643553555,CONTINUED_TO_HOUSEHOLD_BATCH,5277794.6825034395,True,True,5277794.682663382,12845989.024305528,0.09,58424879.89838116,1.0,15.863524744524916,5277794.6825034395,0.13474305493251168,0.09,0.15974305493251167,0.7073780855752503,0.627482021814631,0.8,C1_RESIDUAL_LEVEL__NO_C0_ACTION,HJB_CONVERGED,True,26,2.027929912884474e-08,0.7073780855752503,12.026511477128649,0.08488047609984359,0.02,DIAGNOSTIC_ONLY,2.848211514816286e-17,True,0.15883601078317888,3.5086499514397747,1.9136779680684057e-05,False,0.003603486309150909,黑龙江,7,False,True,turn_14.one_turn.capital.household_illiquid_return_rah -> steady_state._post_turn_states.rah,0.09,0.02,False,0.41270310471903765,True,False,31,0,30,12,13,15,True,False,1.3,0.8,7.937095425347707e-12,False
7.321981096972905,11.99552371053977,4.673542613566864,9.050755312935898,66125294.30800852,36011800.0,0.0020662810699562106,65917973.06089601,65917973.06089601,0.9968647209924417,65917973.06089601,0.9968647209924417,65917973.06089601,0.9968647209924417,207321.24711251355,66125294.30800852,0.688247925159233,247500.0,247500.0,35937389.49936495,1.0227253445056632,1.0227253445056632,1.0227253445056632,True,0.7380939146868483,0.0,0.0,65917973.06089601,CONTINUED_TO_HOUSEHOLD_BATCH,5915291.248125408,True,True,5915291.248308177,35937389.49965577,0.09,66125294.30800852,1.0,23.900166659092555,5915291.248125408,0.39035619617044354,0.09,0.41535619617044356,0.688247925159233,1.6475786039279339,1.3,C1_RESIDUAL_LEVEL__NO_C0_ACTION,HJB_CONVERGED,True,25,2.6926443297270453e-09,0.688247925159233,14.768471514876879,0.07864081161681691,0.02,DIAGNOSTIC_ONLY,1.9895109865109006e-17,True,0.14668890042004876,3.6102664860862954,1.0074485468636318e-05,False,0.003135279007558301,上海,8,False,True,turn_14.one_turn.capital.household_illiquid_return_rah -> steady_state._post_turn_states.rah,0.09,0.02,False,1.0227253445056632,True,False,31,0,30,12,13,15,False,True,1.3,0.8,8.092415626492766e-12,False
7.312970466765064,11.988910715959989,4.675940249194926,9.32023257749275,203535217.25929242,93207600.0,0.002181966929181711,203343357.86904547,203343357.86904547,0.9990573651438289,203343357.86904547,0.9990573651438289,203343357.86904547,0.9990573651438289,191859.3902469653,203535217.25929242,0.6822544280351855,844600.0,844600.0,93004224.0992516,1.1603289174497986,1.1603289174497986,1.1603289174497986,True,0.7380939146868483,0.0,0.0,203343357.86904547,CONTINUED_TO_HOUSEHOLD_BATCH,5799097.864723832,True,True,5799097.864908536,93004224.10002743,0.09,203535217.25929242,1.0,6.8660879288702725,5799097.864723832,0.3194411839210196,0.09,0.34444118392101963,0.6822544280351855,4.28971228904574,1.3,C1_RESIDUAL_LEVEL__NO_C0_ACTION,HJB_CONVERGED,True,15,6.951310638214636e-10,0.6822544280351855,15.378211159270846,0.08042887556155222,0.02,DIAGNOSTIC_ONLY,1.0598076236045806e-17,True,0.13872054881871546,3.764304886666283,6.9100738514515925e-06,False,0.0009426348561710931,江苏,9,False,True,turn_14.one_turn.capital.household_illiquid_return_rah -> steady_state._post_turn_states.rah,0.09,0.02,False,1.1603289174497986,True,False,31,0,30,12,13,15,False,True,1.3,0.8,8.341882740126039e-12,False
7.316058077362529,11.987520650553714,4.671462573191185,9.10355298046627,124249656.20818298,58002800.0,0.002145165441800545,124046336.2883181,124046336.2883181,0.998363617847568,124046336.2883181,0.998363617847568,124046336.2883181,0.998363617847568,203319.919864884,124249656.20818298,0.6824624563450257,627300.0,627300.0,57878374.39791233,1.0369336001179625,1.0369336001179625,1.0369336001179625,True,0.7380939146868483,0.0,0.0,124046336.2883181,CONTINUED_TO_HOUSEHOLD_BATCH,5852883.3347526025,True,True,5852883.3349362,57878374.39838784,0.09,124249656.20818298,1.0,9.330277912884748,5852883.3347526025,0.3266283926112884,0.09,0.3516283926112884,0.6824624563450257,2.6487637744965236,1.3,C1_RESIDUAL_LEVEL__NO_C0_ACTION,HJB_CONVERGED,True,18,6.721068146475773e-11,0.6824624563450257,15.07192044649635,0.0833528997021847,0.02,DIAGNOSTIC_ONLY,2.0566084223539378e-17,True,0.13586851403043548,3.854756279336448,7.6208587889148305e-06,False,0.0016363821524320124,浙江,10,False,True,turn_14.one_turn.capital.household_illiquid_return_rah -> steady_state._post_turn_states.rah,0.09,0.02,False,1.0369336001179625,True,False,31,0,30,12,13,15,False,True,1.3,0.8,8.215650382226158e-12,False
7.314684760283134,11.983278641540846,4.668593881257711,9.092751623928521,70182433.35888097,34010900.0,0.0021098769772058823,69968726.48040383,69968726.48040383,0.9969549804951284,69968726.48040383,0.9969549804951284,69968726.48040383,0.9969549804951284,213706.87847714245,70182433.35888097,0.6774362058422735,607600.0,607600.0,33939141.18511595,0.9221011048681041,0.9221011048681041,0.9221011048681041,True,0.7380939146868483,0.0,0.0,69968726.48040383,CONTINUED_TO_HOUSEHOLD_BATCH,5969997.026932035,True,True,5969997.027116145,33939141.18539008,0.09,70182433.35888097,1.0,9.825538227340413,5969997.026932035,0.3410662751020344,0.09,0.36606627510203443,0.6774362058422735,1.5270314853629454,1.3,C1_RESIDUAL_LEVEL__NO_C0_ACTION,HJB_CONVERGED,True,14,1.40838007922639e-10,0.6774362058422735,15.269964772128086,0.08895775431924186,0.02,DIAGNOSTIC_ONLY,1.3677888032262442e-17,True,0.1261115533419684,4.115122548222627,8.060495252926181e-06,False,0.003045019504871581,安徽,11,False,True,turn_14.one_turn.capital.household_illiquid_return_rah -> steady_state._post_turn_states.rah,0.09,0.02,False,0.9221011048681041,True,False,31,0,30,12,13,15,False,True,1.3,0.8,8.077094548752939e-12,False
7.322335328622869,11.991430474680502,4.669095146057632,8.886944691100126,87795538.11850408,38687800.0,0.0021015598017330994,87589287.3124468,87589287.3124468,0.9976507825969597,87589287.3124468,0.9976507825969597,87589287.3124468,0.9976507825969597,206250.80605727003,87795538.11850408,0.6868394257703992,410400.0,410400.0,38606495.27470251,0.8921644600055767,0.8921644600055767,0.8921644600055767,True,0.7380939146868483,0.0,0.0,87589287.3124468,CONTINUED_TO_HOUSEHOLD_BATCH,5892713.621316325,True,True,5892713.6214989815,38606495.27501593,0.09,87795538.11850408,1.0,14.358463989562194,5892713.621316325,0.30556602035042985,0.09,0.33056602035042987,0.6868394257703992,1.7476291641652593,1.3,C1_RESIDUAL_LEVEL__NO_C0_ACTION,HJB_CONVERGED,True,15,6.802134855377062e-09,0.6868394257703992,14.599595103438936,0.08227335879716562,0.02,DIAGNOSTIC_ONLY,7.806255641895632e-18,True,0.14117837999663582,3.7491983149271135,8.74819123708459e-06,False,0.0023492174030402112,福建,12,False,True,turn_14.one_turn.capital.household_illiquid_return_rah -> steady_state._post_turn_states.rah,0.09,0.02,False,0.8921644600055767,True,False,31,0,30,12,13,15,False,True,1.3,0.8,8.11817280066407e-12,False
7.317893316568771,11.984333561360277,4.666440244791506,8.950563322057741,51050047.92908307,22716500.0,0.0023074620797480794,50835646.82849272,50835646.82849272,0.995800178270387,50835646.82849272,0.995800178270387,50835646.82849272,0.995800178270387,214401.10059034586,51050047.92908307,0.6793848587833344,451300.0,451300.0,22768917.4623346,0.7893560257063097,0.7893560257063097,0.7893560257063097,True,0.7380939146868483,0.0,0.0,50835646.82849272,CONTINUED_TO_HOUSEHOLD_BATCH,5772603.380552752,True,True,5772603.385290515,22768917.46722889,0.09,51050047.92908307,1.0,12.791055574014518,5772603.380552752,0.31061956170444194,0.09,0.33561956170444196,0.6793848587833344,1.0531874254833078,1.0531874254833078,C1_RESIDUAL_LEVEL__NO_C0_ACTION,HJB_CONVERGED,True,14,4.3881698275072267e-10,0.6793848587833344,14.992371133186717,0.08911958485106032,0.02,DIAGNOSTIC_ONLY,2.3228146862466635e-17,True,0.12766414465703438,4.086833333401522,5.939522769504713e-06,False,0.004199821729612954,江西,13,False,True,turn_14.one_turn.capital.household_illiquid_return_rah -> steady_state._post_turn_states.rah,0.09,0.02,False,0.7893560257063097,True,False,31,0,30,12,13,15,False,False,1.3,0.8,2.1495494273437998e-10,False
7.31238845664471,11.98651175310064,4.67412329645593,9.273206791394507,210016973.07581103,66648899.99999999,0.0021688847183638504,209823149.6650183,209823149.6650183,0.999077105969322,209823149.6650183,0.999077105969322,209823149.6650183,0.999077105969322,193823.41079274856,210016973.07581103,0.6806621135550609,1007700.0,1007700.0,66504346.219294235,0.8090038132922267,0.8090038132922267,0.8090038132922267,True,0.7380939146868483,0.0,0.0,209823149.6650183,CONTINUED_TO_HOUSEHOLD_BATCH,5846649.340899865,True,True,5846649.3410833655,66504346.2198409,0.09,210016973.07581103,1.0,5.801974140021698,5846649.340899865,0.20851193776350402,0.09,0.233511937763504,0.6806621135550609,2.976393858603023,1.3,C1_RESIDUAL_LEVEL__NO_C0_ACTION,HJB_CONVERGED,True,16,5.622347032385733e-11,0.6806621135550609,15.379432437068548,0.08264892144596164,0.02,DIAGNOSTIC_ONLY,1.9000643072808465e-17,True,0.13489232201772516,3.861965027583149,6.537506907822177e-06,False,0.0009228940306780967,山东,14,False,True,turn_14.one_turn.capital.household_illiquid_return_rah -> steady_state._post_turn_states.rah,0.09,0.02,False,0.8090038132922267,True,False,31,0,30,12,13,15,False,True,1.3,0.8,8.219980252022197e-12,False
7.311032040583667,11.983963375304988,4.672931334721321,9.27935369475392,168320556.01470312,49935900.0,0.0021550172507950327,168118845.78268713,168118845.78268713,0.9988016304318863,168118845.78268713,0.9988016304318863,168118845.78268713,0.9988016304318863,201710.23201598244,168320556.01470312,0.6780916213866061,986400.0,986400.0,49828287.27406602,0.7116861984516236,0.7116861984516236,0.7116861984516236,True,0.7380939146868483,0.0,0.0,168118845.78268713,CONTINUED_TO_HOUSEHOLD_BATCH,5910294.631912869,True,True,5910294.632096495,49828287.274471484,0.09,168320556.01470312,1.0,5.991782879068197,5910294.631912869,0.19260408504725815,0.09,0.21760408504725814,0.6780916213866061,2.1990192662689023,1.3,C1_RESIDUAL_LEVEL__NO_C0_ACTION,HJB_CONVERGED,True,13,3.849177865333786e-09,0.6780916213866061,15.49688427456266,0.08521799176891641,0.02,DIAGNOSTIC_ONLY,1.6618786425129373e-17,True,0.13004035451295923,3.9867063512092713,6.595835840728093e-06,False,0.0011983695681136097,河南,15,False,True,turn_14.one_turn.capital.household_illiquid_return_rah -> steady_state._post_turn_states.rah,0.09,0.02,False,0.7116861984516236,True,False,31,0,30,12,13,15,False,True,1.3,0.8,8.13715761438516e-12,False
7.312093316297036,11.984455727823766,4.672362411526731,9.234627886037822,101805153.6623069,42022000.0,0.0021227849022168455,101598064.76999208,101598064.76999208,0.9979658309538852,101598064.76999208,0.9979658309538852,101598064.76999208,0.9979658309538852,207088.89231481522,101805153.6623069,0.678828200773464,591700.0,591700.0,41932796.33283904,0.8668910887321597,0.8668910887321597,0.8668910887321597,True,0.7380939146868483,0.0,0.0,101598064.76999208,CONTINUED_TO_HOUSEHOLD_BATCH,5940379.289782638,True,True,5940379.289966754,41932796.33317943,0.09,101805153.6623069,1.0,10.039512066558455,5940379.289782638,0.2832831951944083,0.09,0.30828319519440833,0.678828200773464,1.8747329153828436,1.3,C1_RESIDUAL_LEVEL__NO_C0_ACTION,HJB_CONVERGED,True,13,3.0630200598125157e-09,0.678828200773464,15.403934352669934,0.08512191332374179,0.02,DIAGNOSTIC_ONLY,2.5351127824828215e-17,True,0.13079471082174773,3.9712792145822045,7.889412387385164e-06,False,0.0020341690461146995,湖北,16,False,True,turn_14.one_turn.capital.household_illiquid_return_rah -> steady_state._post_turn_states.rah,0.09,0.02,False,0.8668910887321597,True,False,31,0,30,12,13,15,False,True,1.3,0.8,8.117395644546832e-12,False
7.3156359396406705,11.984520319261893,4.668884379621224,9.056780810203263,93791807.14892803,36329700.0,0.0021219650570073467,93581691.74507104,93581691.74507104,0.9977597680411109,93581691.74507104,0.9977597680411109,93581691.74507104,0.9977597680411109,210115.4038569891,93791807.14892803,0.6795139938211822,663500.0,663500.0,36252609.64606844,0.7959373284760574,0.7959373284760574,0.7959373284760574,True,0.7380939146868483,0.0,0.0,93581691.74507104,CONTINUED_TO_HOUSEHOLD_BATCH,5948262.555786328,True,True,5948262.55596983,36252609.64636135,0.09,93791807.14892803,1.0,8.964977476693788,5948262.555786328,0.2631454730016712,0.09,0.2881454730016712,0.6795139938211822,1.6122060224717454,1.3,C1_RESIDUAL_LEVEL__NO_C0_ACTION,HJB_CONVERGED,True,13,5.134087910363405e-08,0.6795139938211822,15.131457581047966,0.08720574020433741,0.02,DIAGNOSTIC_ONLY,1.6296429125255783e-17,True,0.12947834762051907,4.025185689309129,7.672990611995445e-06,False,0.002240231958889072,湖南,17,False,True,turn_14.one_turn.capital.household_illiquid_return_rah -> steady_state._post_turn_states.rah,0.09,0.02,False,0.7959373284760574,True,False,31,0,30,12,13,15,False,True,1.3,0.8,8.07975908401204e-12,False
7.321941378083708,11.987645892845538,4.665704514761831,8.805599482757897,191259406.86816654,99945200.0,0.002204638188252561,191057332.50787246,191057332.50787246,0.9989434540052017,191057332.50787246,0.9989434540052017,191057332.50787246,0.9989434540052017,202074.36029407062,191259406.86816654,0.6841310149726807,1234800.0,1234800.0,99724856.99534746,1.30644139756687,1.30644139756687,1.30644139756687,True,0.7380939146868483,0.0,0.0,191057332.50787246,CONTINUED_TO_HOUSEHOLD_BATCH,5734851.855618418,True,True,5734851.855801122,99724856.99617955,0.09,191259406.86816654,1.0,4.644356863960494,5734851.855618418,0.37208849771669705,0.09,0.3970884977166971,0.6841310149726807,4.699177749339616,1.3,C1_RESIDUAL_LEVEL__NO_C0_ACTION,HJB_CONVERGED,True,13,1.146080519376369e-08,0.6841310149726807,14.597538474743104,0.08628759033590393,0.02,DIAGNOSTIC_ONLY,1.3573678790988758e-17,True,0.13451744701485505,3.9194076430173297,6.250055132772658e-06,False,0.0010565459947983564,广东,18,False,True,turn_14.one_turn.capital.household_illiquid_return_rah -> steady_state._post_turn_states.rah,0.09,0.02,False,1.30644139756687,True,False,31,0,30,12,13,15,False,True,1.3,0.8,8.343881141570364e-12,False
7.331588070018752,11.990666606616331,4.65907853659758,8.409992295964093,67306708.83876626,19627800.0,0.0052977924450609,67094689.937518016,67094689.937518016,0.9968499588687936,67094689.937518016,0.9968499588687936,67094689.937518016,0.9968499588687936,212018.90124824524,67306708.83876626,0.6891573470595687,494700.0,494700.0,19523815.989446834,0.5577680812178123,0.5577680812178123,0.5577680812178123,True,0.7380939146868483,0.0,0.0,67094689.937518016,CONTINUED_TO_HOUSEHOLD_BATCH,5544997.934435649,True,True,5544997.935327959,19523815.99026969,0.09,67306708.83876626,1.0,11.208809246888313,5544997.934435649,0.18802728736229887,0.09,0.21302728736229887,0.6891573470595687,0.9175424541993565,0.9175424541993565,C1_RESIDUAL_LEVEL__NO_C0_ACTION,HJB_CONVERGED,True,13,1.8952958313889212e-08,0.6891573470595687,13.86364801093507,0.08756539228616737,0.02,DIAGNOSTIC_ONLY,9.161508357502512e-18,True,0.13792539517933824,3.8759869682291814,1.2686199997169467e-06,False,0.0031500411312063727,广西,19,False,True,turn_14.one_turn.capital.household_illiquid_return_rah -> steady_state._post_turn_states.rah,0.09,0.02,False,0.5577680812178123,True,False,31,0,30,12,13,15,False,False,1.3,0.8,4.214628646082019e-11,False
7.343200480782041,11.996588375458181,4.65338789467614,8.013400614101084,14673330.466888333,4910700.0,0.002075972318974939,14458727.729779033,14458727.729779033,0.9853746402295259,14458727.729779033,0.9853746402295259,14458727.729779033,0.9853746402295259,214602.73710930013,14673330.466888333,0.6966386366635202,98200.0,98200.0,4900505.52273321,0.43124462072637787,0.43124462072637787,0.43124462072637787,True,0.7380939146868483,0.0,0.0,14458727.729779033,CONTINUED_TO_HOUSEHOLD_BATCH,5529281.8053253945,True,True,5529281.805497269,4900505.522773106,0.09,14673330.466888333,1.0,56.30633202979017,5529281.8053253945,0.22194002673095506,0.09,0.24694002673095505,0.6966386366635202,0.23253344686002586,0.8,C1_RESIDUAL_LEVEL__NO_C0_ACTION,HJB_CONVERGED,True,14,8.445192545281088e-09,0.6966386366635202,13.052721308484244,0.086658694229366,0.02,DIAGNOSTIC_ONLY,3.797418109130479e-17,True,0.14601881243177584,3.728066501310791,1.2487322002985302e-05,False,0.014625359770474071,海南,20,False,True,turn_14.one_turn.capital.household_illiquid_return_rah -> steady_state._post_turn_states.rah,0.09,0.02,False,0.43124462072637787,True,False,31,0,30,12,13,15,True,False,1.3,0.8,8.14115441727381e-12,False
7.320881523078941,11.98747845447609,4.666596931397148,8.85415469333091,50663834.63130832,21588800.0,0.000698216247827288,50452053.300357684,50452053.300357684,0.9958198716600942,50452053.300357684,0.9958198716600942,50452053.300357684,0.9958198716600942,211781.33095063278,50663834.63130832,0.6837267291402219,316300.0,316300.0,21603873.650931094,0.7557652302563093,0.7557652302563093,0.7557652302563093,True,0.7380939146868483,0.0,0.0,50452053.300357684,CONTINUED_TO_HOUSEHOLD_BATCH,5697456.550665115,True,True,5697456.549482642,21603873.64975677,0.09,50663834.63130832,1.0,18.012825010006686,5697456.550665115,0.2948835224613393,0.09,0.31988352246133933,0.6837267291402219,1.0093525156568972,1.0093525156568972,C1_RESIDUAL_LEVEL__NO_C0_ACTION,HJB_CONVERGED,True,13,8.974002874140297e-09,0.6837267291402219,14.679935429584702,0.08592876222655058,0.02,DIAGNOSTIC_ONLY,2.7159264420761886e-17,True,0.13449282023592515,3.9149394538351308,6.7046195924014285e-06,False,0.0041801283399058,重庆,21,False,True,turn_14.one_turn.capital.household_illiquid_return_rah -> steady_state._post_turn_states.rah,0.09,0.02,False,0.7557652302563093,True,False,31,0,30,12,13,15,False,False,1.3,0.8,5.4356963374857514e-11,False
7.3217839248343175,11.985774736308844,4.663990811474527,8.78297490384775,94830047.41899477,42902100.0,0.0021432962331808803,94616775.91479857,94616775.91479857,0.9977510134182062,94616775.91479857,0.9977510134182062,94616775.91479857,0.9977510134182062,213271.50419620096,94830047.41899477,0.6819619465067173,832100.0,832100.0,42810148.09067445,0.9358547875920058,0.9358547875920058,0.9358547875920058,True,0.7380939146868483,0.0,0.0,94616775.91479857,CONTINUED_TO_HOUSEHOLD_BATCH,5862546.456955588,True,True,5862546.457135632,42810148.09101879,0.09,94830047.41899477,1.0,7.045483063280361,5862546.456955588,0.3149965804695662,0.09,0.3399965804695662,0.6819619465067173,1.951498330661436,1.3,C1_RESIDUAL_LEVEL__NO_C0_ACTION,HJB_CONVERGED,True,14,1.6719736706249932e-09,0.6819619465067173,14.656386812664289,0.08906223525666673,0.02,DIAGNOSTIC_ONLY,1.951563910473908e-17,True,0.12997154423139715,4.041249940791707,7.139892526319969e-06,False,0.002248986581793926,四川,22,False,True,turn_14.one_turn.capital.household_illiquid_return_rah -> steady_state._post_turn_states.rah,0.09,0.02,False,0.9358547875920058,True,False,31,0,30,12,13,15,False,True,1.3,0.8,8.043343768804334e-12,False
7.326464807862042,11.987109595487611,4.66064478762557,8.587195902420975,39447014.665611394,15353200.0,4.987852338522725e-05,39231679.43743422,39231679.43743422,0.9945411527335452,39231679.43743422,0.9945411527335452,39231679.43743422,0.9945411527335452,215335.22817717213,39447014.665611394,0.6843341640551912,382200.0,382200.0,15352434.205054762,0.6531605820813702,0.6531605820813702,0.6531605820813702,True,0.7380939146868483,0.0,0.0,39231679.43743422,CONTINUED_TO_HOUSEHOLD_BATCH,5463539.527918237,True,True,5463539.528083583,15352434.20517645,0.09,39447014.665611394,1.0,14.294975216949862,5463539.527918237,0.2652565603016316,0.09,0.2902565603016316,0.6843341640551912,0.7436285597586326,0.8,C1_RESIDUAL_LEVEL__NO_C0_ACTION,HJB_CONVERGED,True,14,2.0419612667410547e-09,0.6843341640551912,14.294245579324924,0.08979022288591974,0.02,DIAGNOSTIC_ONLY,2.1927988938519327e-17,True,0.13142370118415342,4.023566582349562,1.9175748830368988e-05,False,0.005458847266454723,贵州,23,False,True,turn_14.one_turn.capital.household_illiquid_return_rah -> steady_state._post_turn_states.rah,0.09,0.02,False,0.6531605820813702,True,False,31,0,30,12,13,15,True,False,1.3,0.8,7.926326262008843e-12,False
7.33452509502604,11.992485151915536,4.657960056889497,8.312870647419452,68611984.86091176,20880600.0,0.001920527850630127,68400716.53079033,68400716.53079033,0.9969208246846422,68400716.53079033,0.9969208246846422,68400716.53079033,0.9969208246846422,211268.33012143028,68611984.86091176,0.6913700767696372,470300.0,470300.0,20840498.226162132,0.5861329189742354,0.5861329189742354,0.5861329189742354,True,0.7380939146868483,0.0,0.0,68400716.53079033,CONTINUED_TO_HOUSEHOLD_BATCH,5576483.265946506,True,True,5576483.263313313,20840498.223584767,0.09,68611984.86091176,1.0,11.857289529973434,5576483.265946506,0.19853919658784394,0.09,0.22353919658784394,0.6913700767696372,0.9759492396430377,0.9759492396430377,C1_RESIDUAL_LEVEL__NO_C0_ACTION,HJB_CONVERGED,True,14,1.458867693315824e-09,0.6913700767696372,13.648197400340178,0.08689841177987231,0.02,DIAGNOSTIC_ONLY,1.6469820017552058e-17,True,0.1406805814713312,3.8196952774188833,3.4820433931770367e-06,False,0.0030791753153579125,云南,24,False,True,turn_14.one_turn.capital.household_illiquid_return_rah -> steady_state._post_turn_states.rah,0.09,0.02,False,0.5861329189742354,True,False,31,0,30,12,13,15,False,False,1.3,0.8,1.2367085133746514e-10,False
8.171324622675604,10.127062629884819,1.9557380072092139,7.603047015047965,6325734.326183821,1548400.0,0.002166025576947561,6110781.991678703,6110781.991678703,0.9660193863002788,6110781.991678703,0.9660193863002788,6110781.991678703,0.9660193863002788,214952.33450511846,6325734.326183821,0.6622438472096288,35400.0,35400.0,1545046.1259966544,0.2539305050273779,0.2539305050273779,0.2539305050273779,True,0.7380939146868483,0.0,0.0,6110781.991678703,CONTINUED_TO_HOUSEHOLD_BATCH,5453102.486790113,True,True,5453102.486965246,1545046.1260096503,0.09,6325734.326183821,1.0,154.0424431296642,5453102.486790113,0.1531151814002725,0.09,0.1781151814002725,0.6622438472096288,0.07331657863343259,0.8,C1_RESIDUAL_LEVEL__NO_C0_ACTION,HJB_CONVERGED,True,16,2.7161304316791757e-09,0.6622438472096288,11.590655576175058,0.08467081232161966,0.02,DIAGNOSTIC_ONLY,1.4609624274242172e-17,True,0.0006551466681936184,0.8070174229646516,1.5817371965765048e-05,False,0.03398061369972118,西藏,25,False,True,turn_14.one_turn.capital.household_illiquid_return_rah -> steady_state._post_turn_states.rah,0.09,0.02,False,0.2539305050273779,True,False,31,0,30,12,13,15,True,False,1.3,0.8,8.411382701467573e-12,False
7.316235364019533,11.987012937954674,4.670777573935141,9.080101983822543,73897910.2910824,23941900.0,0.004298391912920696,73689226.08368094,73689226.08368094,0.9971760472443747,73689226.08368094,0.9971760472443747,73689226.08368094,0.9971760472443747,208684.2074014587,73897910.2910824,0.6821367601596724,393100.0,393100.0,24044811.66933996,0.6338518706666324,0.6338518706666324,0.6338518706666324,True,0.7380939146868483,0.0,0.0,73689226.08368094,CONTINUED_TO_HOUSEHOLD_BATCH,5792923.738427681,True,True,5792923.737086691,24044811.667882167,0.09,73897910.2910824,1.0,14.736514216300383,5792923.738427681,0.2152643438445083,0.09,0.2402643438445083,0.6821367601596724,1.0875710418359172,1.0875710418359172,C1_RESIDUAL_LEVEL__NO_C0_ACTION,HJB_CONVERGED,True,25,4.310596324330618e-11,0.6821367601596724,15.053260554944082,0.0840388574782222,0.02,DIAGNOSTIC_ONLY,1.214306433183765e-17,True,0.1348764072924353,3.8818821816349627,9.717884053572767e-06,False,0.0028239527556253724,陕西,26,False,True,turn_14.one_turn.capital.household_illiquid_return_rah -> steady_state._post_turn_states.rah,0.09,0.02,False,0.6338518706666324,True,False,31,0,30,12,13,15,False,False,1.3,0.8,6.062816915175517e-11,False
7.32889570572376,11.987897735907179,4.6590020301834185,8.488176820819001,25177704.67938732,8104100.0,0.0060666382850562695,24962132.869681142,24962132.869681142,0.9914379879956784,24962132.869681142,0.9914379879956784,24962132.869681142,0.9914379879956784,215571.80970617582,25177704.67938732,0.6857072746571115,251500.0,251500.0,8153264.643325925,0.4815843645010798,0.4815843645010798,0.4815843645010798,True,0.7380939146868483,0.0,0.0,24962132.869681142,CONTINUED_TO_HOUSEHOLD_BATCH,5532599.009133957,True,True,5532599.009302429,8153264.643390949,0.09,25177704.67938732,1.0,21.998405602918318,5532599.009133957,0.21406232143914813,0.09,0.23906232143914813,0.6857072746571115,0.3860397605200248,0.8,C1_RESIDUAL_LEVEL__NO_C0_ACTION,HJB_CONVERGED,True,13,2.0505398712344913e-08,0.6857072746571115,14.105439715962465,0.09,0.02,DIAGNOSTIC_ONLY,2.0830234238877754e-17,True,0.132456708214408,4.006884718089056,1.168285590602558e-06,False,0.008562012004321499,甘肃,27,False,True,turn_14.one_turn.capital.household_illiquid_return_rah -> steady_state._post_turn_states.rah,0.09,0.02,False,0.4815843645010798,True,False,31,0,30,12,13,15,True,False,1.3,0.8,7.97517607509235e-12,False
7.345400273760279,12.00598808715758,4.660587813397299,8.099696673578869,17578407.529567722,2748000.0,0.0021152713837517823,17365178.18704605,17365178.18704605,0.9878698145913952,17365178.18704605,0.9878698145913952,17365178.18704605,0.9878698145913952,213229.34252167022,17578407.529567722,0.7068478432014403,58700.0,58700.0,2742187.23423745,0.2111711647722934,0.2111711647722934,0.2111711647722934,True,0.7380939146868483,0.0,0.0,17365178.18704605,CONTINUED_TO_HOUSEHOLD_BATCH,5531285.781679946,True,True,5531285.781854567,2742187.2342601237,0.08784757593788693,17578407.529567722,1.0,94.22974074412174,5531285.781679946,0.08784757593695114,0.08784757593695114,0.11224266570892975,0.7068478432014403,0.126574251594869,0.8,C1_RESIDUAL_LEVEL__NO_C0_ACTION,HJB_CONVERGED,True,26,9.653522425878691e-11,0.7068478432014403,12.801260741884741,0.0746327575172154,0.02,DIAGNOSTIC_ONLY,1.6705954978028522e-17,True,0.17473548000761363,3.2152663642382504,1.1836327977854388e-05,False,0.012130185408604747,青海,28,False,False,turn_14.one_turn.capital.household_illiquid_return_rah -> steady_state._post_turn_states.rah,0.09,0.02,False,0.2111711647722934,True,False,31,0,30,12,13,15,True,False,1.3,0.8,8.268385975895853e-12,False
7.330635532624756,11.99966858017908,4.669033047554324,8.724768731696637,18640640.44456374,3510200.0,0.0020932994296070095,18427372.607126728,18427372.607126728,0.9885589855095774,18427372.607126728,0.9885589855095774,18427372.607126728,0.9885589855095774,213267.83743701075,18640640.44456374,0.6930013830086623,71000.0,71000.0,3502852.1003421936,0.25704566563666087,0.25704566563666087,0.25704566563666087,True,0.7380939146868483,0.0,0.0,18427372.607126728,CONTINUED_TO_HOUSEHOLD_BATCH,5636408.191479742,True,True,5636408.191656688,3502852.100370995,0.09,18640640.44456374,1.0,79.38603086591185,5636408.191479742,0.11092578858662944,0.09,0.13586290162515474,0.6930013830086623,0.15943851554745364,0.8,C1_RESIDUAL_LEVEL__NO_C0_ACTION,HJB_CONVERGED,True,27,3.0176039444995695e-10,0.6930013830086623,14.142907389747647,0.07895703925416929,0.02,DIAGNOSTIC_ONLY,2.8866882842426556e-17,True,0.1512063072102143,3.546009745733343,1.1901332305219725e-05,False,0.01144101449042257,宁夏,29,False,True,turn_14.one_turn.capital.household_illiquid_return_rah -> steady_state._post_turn_states.rah,0.09,0.02,False,0.25704566563666087,True,False,31,0,30,12,13,15,True,False,1.3,0.8,8.222200698071447e-12,False
8.182963780420184,10.142528388160143,1.959564607739958,7.278660293607212,49250553.031937115,12809400.0,3.8789878917144804e-05,49040338.37791545,49040338.37791545,0.9957317300805668,49040338.37791545,0.9957317300805668,49040338.37791545,0.9957317300805668,210214.65402166487,49250553.031937115,0.6689125394505748,252000.0,252000.0,12808903.124924999,0.4695876658129632,0.4695876658129632,0.4695876658129632,True,0.7380939146868483,0.0,0.0,49040338.37791545,CONTINUED_TO_HOUSEHOLD_BATCH,5159529.302453389,True,True,5159529.302608717,12808903.125025991,0.09,49250553.031937115,1.0,20.47432262878329,5159529.302453389,0.16511889149639458,0.09,0.19011889149639458,0.6689125394505748,0.6439620380597058,0.8,C1_RESIDUAL_LEVEL__NO_C0_ACTION,HJB_CONVERGED,True,16,2.674083621201362e-09,0.6689125394505748,10.96318647949083,0.08353198676964968,0.02,DIAGNOSTIC_ONLY,2.041010589703962e-17,True,0.1462838357582926,0.7878897574277968,1.86062327278691e-05,False,0.004268269919433161,新疆,30,False,True,turn_14.one_turn.capital.household_illiquid_return_rah -> steady_state._post_turn_states.rah,0.09,0.02,False,0.4695876658129632,True,False,31,0,30,12,13,15,True,False,1.3,0.8,7.884581876282937e-12,False
7.322074041390925,11.995635324230406,4.67356128283948,9.049757639062443,58719043.066994764,33106000.0,0.0020481212859325693,58510809.39250097,58510809.39250097,0.9964537284053452,58510809.39250097,0.9964537284053452,58510809.39250097,0.9964537284053452,208233.6744937978,58719043.066994764,0.6883177331560929,219200.0,219200.0,33038194.896707915,1.026364744857471,1.026364744857471,1.026364744857471,True,0.7380939146868483,0.0,0.0,58510809.39250097,CONTINUED_TO_HOUSEHOLD_BATCH,5915517.185662562,True,True,5915517.185650227,33038194.896689873,0.09,58719043.066994764,1.0,26.986848474737965,5915517.185662562,0.4063379720303352,0.09,0.43133797203033525,0.6883177331560929,1.5192802967179846,1.3,C1_RESIDUAL_LEVEL__NO_C0_ACTION,HJB_CONVERGED,True,25,1.213868117133643e-09,0.6883177331560929,14.76439724347451,0.07859257477835861,0.02,DIAGNOSTIC_ONLY,1.5341460740669888e-17,True,0.14681733427372984,3.607600197187197,4.195112579652438e-06,False,0.0035462715946548407,北京,0,False,True,turn_15.one_turn.capital.household_illiquid_return_rah -> steady_state._post_turn_states.rah,0.09,0.02,False,1.026364744857471,True,False,31,0,30,12,13,16,False,True,1.3,0.8,5.46007683510652e-13,False
7.308369142075119,11.984120021336306,4.675750879261187,9.212026234670166,64593598.72309723,13362900.0,2.8108901099610506e-05,64388134.38791452,64388134.38791452,0.9968191223396068,64388134.38791452,0.9968191223396068,64388134.38791452,0.9968191223396068,205464.33518270368,64593598.72309723,0.6979253142408247,138300.0,138300.0,13362524.383565497,0.3943630348293412,0.3943630348293412,0.3943630348293412,True,0.7380939146868483,0.0,0.0,64388134.38791452,CONTINUED_TO_HOUSEHOLD_BATCH,5499853.799031641,True,True,5499853.7990203,13362524.38355828,0.09,64593598.72309723,1.0,39.76756181512394,5499853.799031641,0.12499980138328634,0.09,0.14999980138328634,0.6979253142408247,0.6251194111448327,0.8,C1_RESIDUAL_LEVEL__NO_C0_ACTION,HJB_CONVERGED,True,25,8.814473595464278e-09,0.6979253142408247,14.587141943081146,0.06490309855747824,0.02,DIAGNOSTIC_ONLY,3.1229529669023506e-17,True,0.16367380611033625,3.0480771636912785,6.923267143132961e-06,False,0.0031808776603932153,天津,1,False,True,turn_15.one_turn.capital.household_illiquid_return_rah -> steady_state._post_turn_states.rah,0.09,0.02,False,0.3943630348293412,True,False,31,0,30,12,13,16,True,False,1.3,0.8,5.400124791776761e-13,False
7.316250601591287,11.985257536543854,4.6690069349525665,9.038906562056573,113705229.18254791,32494600.0,0.0021132524231343153,113497505.7813161,113497505.7813161,0.9981731411763102,113497505.7813161,0.9981731411763102,113497505.7813161,0.9981731411763102,207723.40123181636,113705229.18254791,0.6805037567576732,742600.0,742600.0,32425930.70781122,0.6175565659297677,0.6175565659297677,0.6175565659297677,True,0.7380939146868483,0.0,0.0,113497505.7813161,CONTINUED_TO_HOUSEHOLD_BATCH,5950312.254620534,True,True,5950312.254608104,32425930.70779348,0.09,113705229.18254791,1.0,8.01280939216339,5950312.254620534,0.1842729189345799,0.09,0.2092729189345799,0.6805037567576732,1.4190172583983895,1.3,C1_RESIDUAL_LEVEL__NO_C0_ACTION,HJB_CONVERGED,True,13,2.9254581868087826e-08,0.6805037567576732,15.065143692724607,0.08640795021977458,0.02,DIAGNOSTIC_ONLY,2.0961133425205925e-17,True,0.13109988365891784,3.9836127025828834,2.941423263846943e-06,False,0.0018268588236898683,河北,2,False,True,turn_15.one_turn.capital.household_illiquid_return_rah -> steady_state._post_turn_states.rah,0.09,0.02,False,0.6175565659297677,True,False,31,0,30,12,13,16,False,True,1.3,0.8,5.471179065352771e-13,False
7.318621400563831,11.98618558905363,4.667564188489799,8.93910128537329,53478727.38884524,15958100.0,4.923625155961453e-05,53266829.43896174,53266829.43896174,0.99603771517705,53266829.43896174,0.99603771517705,53266829.43896174,0.99603771517705,211897.94988350544,53478727.38884524,0.6819674690052097,350200.0,350200.0,15957314.282973986,0.541543979367176,0.541543979367176,0.541543979367176,True,0.7380939146868483,0.0,0.0,53266829.43896174,CONTINUED_TO_HOUSEHOLD_BATCH,5493265.807277852,True,True,5493265.807266539,15957314.282965379,0.09,53478727.38884524,1.0,15.68608168840049,5493265.807277852,0.19441424655984546,0.09,0.21941424655984545,0.6819674690052097,0.7579651488345917,0.8,C1_RESIDUAL_LEVEL__NO_C0_ACTION,HJB_CONVERGED,True,13,9.674997158981569e-08,0.6819674690052097,14.867921156077212,0.08643568421810968,0.02,DIAGNOSTIC_ONLY,2.750376982037933e-17,True,0.1323978227151539,3.9599820651311552,7.69702638359071e-06,False,0.003962284822950065,山西,3,False,True,turn_15.one_turn.capital.household_illiquid_return_rah -> steady_state._post_turn_states.rah,0.09,0.02,False,0.541543979367176,True,False,31,0,30,12,13,16,True,False,1.3,0.8,5.39346345362901e-13,False
7.328991435490298,12.001912643363756,4.672921207873457,8.862074422484598,82165502.99427319,16140800.0,4.4811424154245216e-05,81961499.33892636,81961499.33892636,0.9975171617295272,81961499.33892636,0.9975171617295272,81961499.33892636,0.9975171617295272,204003.65534682624,82165502.99427319,0.696076365734244,242200.0,242200.0,16140076.707765011,0.4001484797007443,0.4001484797007443,0.4001484797007443,True,0.7380939146868483,0.0,0.0,81961499.33892636,CONTINUED_TO_HOUSEHOLD_BATCH,5430725.410989417,True,True,5430725.410978287,16140076.707756348,0.09,82165502.99427319,1.0,22.422483117214767,5430725.410989417,0.11720605414389842,0.09,0.14220605414389842,0.696076365734244,0.7634554931734415,0.8,C1_RESIDUAL_LEVEL__NO_C0_ACTION,HJB_CONVERGED,True,25,2.6087145776898524e-09,0.696076365734244,14.208784118446,0.07370571137813493,0.02,DIAGNOSTIC_ONLY,1.5559757658988994e-17,True,0.1626420008151165,3.336883326994586,7.498931605454118e-06,False,0.0024828382704727677,内蒙古,4,False,True,turn_15.one_turn.capital.household_illiquid_return_rah -> steady_state._post_turn_states.rah,0.09,0.02,False,0.4001484797007443,True,False,31,0,30,12,13,16,True,False,1.3,0.8,5.366818101038007e-13,False
7.334378411080586,11.996943474213825,4.662565063133239,8.437943926337178,90061052.78222083,23510500.0,0.0037308060990672853,89854895.94912706,89854895.94912706,0.9977109213502947,89854895.94912706,0.9977109213502947,89854895.94912706,0.9977109213502947,206156.83309376903,90061052.78222083,0.6936994465482405,429100.0,429100.0,23598213.116792124,0.5406300280912503,0.5406300280912503,0.5406300280912503,True,0.7380939146868483,0.0,0.0,89854895.94912706,CONTINUED_TO_HOUSEHOLD_BATCH,5668957.56318659,True,True,5668957.563540266,23598213.117177717,0.09,90061052.78222083,1.0,13.211273743152155,5668957.56318659,0.1666004191153752,0.09,0.1916004191153752,0.6936994465482405,1.080100663101224,1.080100663101224,C1_RESIDUAL_LEVEL__NO_C0_ACTION,HJB_CONVERGED,True,15,9.504106746049956e-08,0.6936994465482405,13.728680227735138,0.08254872517025645,0.02,DIAGNOSTIC_ONLY,1.2576745200831851e-17,True,0.14766144547456905,3.6485719482333674,3.6605640798548222e-06,False,0.002289078649705358,辽宁,5,False,True,turn_15.one_turn.capital.household_illiquid_return_rah -> steady_state._post_turn_states.rah,0.09,0.02,False,0.5406300280912503,True,False,31,0,30,12,13,16,False,False,1.3,0.8,1.6339929409525666e-11,False
7.3496577936330585,12.010628437770091,4.660970644137033,8.125122814277168,66308917.7271201,11253800.0,0.007556323724925984,66101646.39901453,66101646.39901453,0.9968741560681393,66101646.39901453,0.9968741560681393,66101646.39901453,0.9968741560681393,207271.3281055695,66308917.7271201,0.7034096107726389,248400.0,248400.0,11168762.644064428,0.3250442085976263,0.3250442085976263,0.3250442085976263,True,0.7380939146868483,0.0,0.0,66101646.39901453,CONTINUED_TO_HOUSEHOLD_BATCH,5388290.346455465,True,True,5388290.346444396,11168762.64405842,0.09,66308917.7271201,1.0,21.69199012260654,5388290.346455465,0.09684133824319391,0.09,0.12142006770937583,0.7034096107726389,0.5302069122307758,0.8,C1_RESIDUAL_LEVEL__NO_C0_ACTION,HJB_CONVERGED,True,25,4.862233282665329e-08,0.7034096107726389,12.964826159567336,0.07865644460850132,0.02,DIAGNOSTIC_ONLY,2.1060627200530924e-17,True,0.1627833041137959,3.37807969225095,5.4714322144100436e-06,False,0.003125843931860711,吉林,6,False,True,turn_15.one_turn.capital.household_illiquid_return_rah -> steady_state._post_turn_states.rah,0.09,0.02,False,0.3250442085976263,True,False,31,0,30,12,13,16,True,False,1.3,0.8,5.380140777333509e-13,False
7.36066103548951,12.007192505515258,4.646531470025748,7.517194169179951,58424879.89838116,12846500.0,3.9775486672333216e-05,58214346.64355354,58214346.64355354,0.9963965136908488,58214346.64355354,0.9963965136908488,58214346.64355354,0.9963965136908488,210533.25482761898,58424879.89838116,0.7073780855768559,332700.0,332700.0,12845989.024210464,0.41270310471903765,0.41270310471903765,0.41270310471903765,True,0.7380939146868483,0.0,0.0,58214346.64355354,CONTINUED_TO_HOUSEHOLD_BATCH,5277794.682514254,True,True,5277794.6825034395,12845989.024203569,0.09,58424879.89838116,1.0,15.863524744557422,5277794.682514254,0.13474305493255234,0.09,0.15974305493255234,0.7073780855768559,0.627482021813505,0.8,C1_RESIDUAL_LEVEL__NO_C0_ACTION,HJB_CONVERGED,True,26,2.0279316448323925e-08,0.7073780855768559,12.02651147695511,0.0848804760998469,0.02,DIAGNOSTIC_ONLY,1.2007539060276962e-17,True,0.15883601078496562,3.5086499514164453,7.654621932084993e-06,False,0.0036034863091511885,黑龙江,7,False,True,turn_15.one_turn.capital.household_illiquid_return_rah -> steady_state._post_turn_states.rah,0.09,0.02,False,0.41270310471903765,True,False,31,0,30,12,13,16,True,False,1.3,0.8,5.366818101038007e-13,False
7.321981096974712,11.995523710540912,4.673542613566201,9.050755312884485,66125294.30800852,36011800.0,0.002066281069401321,65917973.060895994,65917973.060895994,0.9968647209924415,65917973.060895994,0.9968647209924415,65917973.060895994,0.9968647209924415,207321.24711252926,66125294.30800852,0.6882479251600243,247500.0,247500.0,35937389.49938493,1.0227253445056632,1.0227253445056632,1.0227253445056632,True,0.7380939146868483,0.0,0.0,65917973.060895994,CONTINUED_TO_HOUSEHOLD_BATCH,5915291.248137966,True,True,5915291.248125408,35937389.49936495,0.09,66125294.30800852,1.0,23.900166659143295,5915291.248137966,0.3903561961723117,0.09,0.41535619617231173,0.6882479251600243,1.6475786039318467,1.3,C1_RESIDUAL_LEVEL__NO_C0_ACTION,HJB_CONVERGED,True,25,2.6926434415486256e-09,0.6882479251600243,14.768471514775706,0.07864081161682426,0.02,DIAGNOSTIC_ONLY,1.3458260145605544e-17,True,0.1466889004207164,3.610266486073624,4.029820669382289e-06,False,0.003135279007558539,上海,8,False,True,turn_15.one_turn.capital.household_illiquid_return_rah -> steady_state._post_turn_states.rah,0.09,0.02,False,1.0227253445056632,True,False,31,0,30,12,13,16,False,True,1.3,0.8,5.559996907322784e-13,False
7.312970466763989,11.988910715957754,4.675940249193764,9.320232577435146,203535217.25929242,93207600.0,0.0021819669286009535,203343357.86904544,203343357.86904544,0.9990573651438288,203343357.86904544,0.9990573651438288,203343357.86904544,0.9990573651438288,191859.39024698656,203535217.25929242,0.6822544280357347,844600.0,844600.0,93004224.09930573,1.1603289174497986,1.1603289174497986,1.1603289174497986,True,0.7380939146868483,0.0,0.0,203343357.86904544,CONTINUED_TO_HOUSEHOLD_BATCH,5799097.86473672,True,True,5799097.864723832,93004224.0992516,0.09,203535217.25929242,1.0,6.866087928885531,5799097.86473672,0.319441183921399,0.09,0.344441183921399,0.6822544280357347,4.289712289040932,1.3,C1_RESIDUAL_LEVEL__NO_C0_ACTION,HJB_CONVERGED,True,15,6.951315079106735e-10,0.6822544280357347,15.378211159166092,0.08042887556155842,0.02,DIAGNOSTIC_ONLY,1.534993107014243e-17,True,0.13872054881970974,3.764304886660616,2.764043222747148e-06,False,0.0009426348561711976,江苏,9,False,True,turn_15.one_turn.capital.household_illiquid_return_rah -> steady_state._post_turn_states.rah,0.09,0.02,False,1.1603289174497986,True,False,31,0,30,12,13,16,False,True,1.3,0.8,5.819789095085071e-13,False
7.316058077363135,11.987520650553673,4.671462573190539,9.103552980421004,124249656.20818298,58002800.0,0.002145165441232111,124046336.28831807,124046336.28831807,0.9983636178475678,124046336.28831807,0.9983636178475678,124046336.28831807,0.9983636178475678,203319.91986490076,124249656.20818298,0.6824624563457513,627300.0,627300.0,57878374.3979453,1.0369336001179625,1.0369336001179625,1.0369336001179625,True,0.7380939146868483,0.0,0.0,124046336.28831807,CONTINUED_TO_HOUSEHOLD_BATCH,5852883.334765329,True,True,5852883.3347526025,57878374.39791233,0.09,124249656.20818298,1.0,9.330277912905036,5852883.334765329,0.32662839261174903,0.09,0.35162839261174905,0.6824624563457513,2.648763774494234,1.3,C1_RESIDUAL_LEVEL__NO_C0_ACTION,HJB_CONVERGED,True,18,6.721645462448578e-11,0.6824624563457513,15.071920446405406,0.08335289970218901,0.02,DIAGNOSTIC_ONLY,2.1169047417779474e-17,True,0.1358685140314986,3.8547562793261996,3.0483596286101644e-06,False,0.0016363821524321472,浙江,10,False,True,turn_15.one_turn.capital.household_illiquid_return_rah -> steady_state._post_turn_states.rah,0.09,0.02,False,1.0369336001179625,True,False,31,0,30,12,13,16,False,True,1.3,0.8,5.695444116327053e-13,False
7.314684760282222,11.98327864153865,4.668593881256427,9.092751623870585,70182433.35888097,34010900.0,0.002109876976652325,69968726.48040381,69968726.48040381,0.9969549804951282,69968726.48040381,0.9969549804951282,69968726.48040381,0.9969549804951282,213706.8784771604,70182433.35888097,0.677436205842849,607600.0,607600.0,33939141.185134776,0.9221011048681041,0.9221011048681041,0.9221011048681041,True,0.7380939146868483,0.0,0.0,69968726.48040381,CONTINUED_TO_HOUSEHOLD_BATCH,5969997.026944678,True,True,5969997.026932035,33939141.18511595,0.09,70182433.35888097,1.0,9.825538227361221,5969997.026944678,0.3410662751026564,0.09,0.36606627510265644,0.677436205842849,1.527031485362306,1.3,C1_RESIDUAL_LEVEL__NO_C0_ACTION,HJB_CONVERGED,True,14,1.4083667565500946e-10,0.677436205842849,15.269964772021066,0.08895775431924254,0.02,DIAGNOSTIC_ONLY,2.0694708967317066e-17,True,0.12611155334276927,4.115122548215789,3.2242158122253173e-06,False,0.003045019504871837,安徽,11,False,True,turn_15.one_turn.capital.household_illiquid_return_rah -> steady_state._post_turn_states.rah,0.09,0.02,False,0.9221011048681041,True,False,31,0,30,12,13,16,False,True,1.3,0.8,5.546674231027282e-13,False
7.322335328622592,11.991430474679515,4.669095146056923,8.88694469106404,87795538.11850408,38687800.0,0.002101559801173991,87589287.31244679,87589287.31244679,0.9976507825969596,87589287.31244679,0.9976507825969596,87589287.31244679,0.9976507825969596,206250.80605728814,87795538.11850408,0.6868394257708247,410400.0,410400.0,38606495.27472414,0.8921644600055767,0.8921644600055767,0.8921644600055767,True,0.7380939146868483,0.0,0.0,87589287.31244679,CONTINUED_TO_HOUSEHOLD_BATCH,5892713.62132893,True,True,5892713.621316325,38606495.27470251,0.09,87795538.11850408,1.0,14.358463989592911,5892713.62132893,0.3055660203507631,0.09,0.3305660203507631,0.6868394257708247,1.7476291641632826,1.3,C1_RESIDUAL_LEVEL__NO_C0_ACTION,HJB_CONVERGED,True,15,6.802135299466272e-09,0.6868394257708247,14.59959510337162,0.08227335879717063,0.02,DIAGNOSTIC_ONLY,2.211772431870429e-17,True,0.14117837999720784,3.749198314921341,3.499297001274826e-06,False,0.0023492174030404177,福建,12,False,True,turn_15.one_turn.capital.household_illiquid_return_rah -> steady_state._post_turn_states.rah,0.09,0.02,False,0.8921644600055767,True,False,31,0,30,12,13,16,False,True,1.3,0.8,5.60218538225854e-13,False
7.317893316584475,11.984333561366086,4.66644024478161,8.95056332138338,51050047.92908307,22716500.0,0.002307462112248748,50835646.82849271,50835646.82849271,0.9958001782703867,50835646.82849271,0.9958001782703867,50835646.82849271,0.9958001782703867,214401.1005903611,51050047.92908307,0.6793848587934358,451300.0,451300.0,22768917.4630729,0.7893560257063097,0.7893560257063097,0.7893560257063097,True,0.7380939146868483,0.0,0.0,50835646.82849271,CONTINUED_TO_HOUSEHOLD_BATCH,5772603.3812674405,True,True,5772603.380552752,22768917.4623346,0.09,51050047.92908307,1.0,12.79105557559814,5772603.3812674405,0.31061956171242155,0.09,0.3356195617124216,0.6793848587934358,1.053187425377956,1.053187425377956,C1_RESIDUAL_LEVEL__NO_C0_ACTION,HJB_CONVERGED,True,14,4.3881875910756207e-10,0.6793848587934358,14.992371131839823,0.08911958485106089,0.02,DIAGNOSTIC_ONLY,1.4907779871675686e-17,True,0.12766414466588577,4.086833333229442,2.3759413811941243e-06,False,0.004199821729613253,江西,13,False,True,turn_15.one_turn.capital.household_illiquid_return_rah -> steady_state._post_turn_states.rah,0.09,0.02,False,0.7893560257063097,True,False,31,0,30,12,13,16,False,False,1.3,0.8,3.24258397910171e-11,False
7.312388456645678,11.986511753100107,4.674123296454429,9.273206791310411,210016973.07581103,66648899.99999999,0.0021688847177970816,209823149.66501826,209823149.66501826,0.9990771059693219,209823149.66501826,0.9990771059693219,209823149.66501826,0.9990771059693219,193823.41079276343,210016973.07581103,0.6806621135560476,1007700.0,1007700.0,66504346.21933201,0.8090038132922267,0.8090038132922267,0.8090038132922267,True,0.7380939146868483,0.0,0.0,209823149.66501826,CONTINUED_TO_HOUSEHOLD_BATCH,5846649.340912546,True,True,5846649.340899865,66504346.219294235,0.09,210016973.07581103,1.0,5.801974140034282,5846649.340912546,0.2085119377635841,0.09,0.2335119377635841,0.6806621135560476,2.9763938585975884,1.3,C1_RESIDUAL_LEVEL__NO_C0_ACTION,HJB_CONVERGED,True,16,5.62143664950554e-11,0.6806621135560476,15.37943243690894,0.0826489214459664,0.02,DIAGNOSTIC_ONLY,9.16422168621809e-18,True,0.13489232201869888,3.8619650275680093,2.615015189166847e-06,False,0.0009228940306781675,山东,14,False,True,turn_15.one_turn.capital.household_illiquid_return_rah -> steady_state._post_turn_states.rah,0.09,0.02,False,0.8090038132922267,True,False,31,0,30,12,13,16,False,True,1.3,0.8,5.679900993982301e-13,False
7.311032040584411,11.983963375304404,4.672931334719992,9.279353694673627,168320556.01470312,49935900.0,0.0021550172502364795,168118845.78268713,168118845.78268713,0.9988016304318863,168118845.78268713,0.9988016304318863,168118845.78268713,0.9988016304318863,201710.23201599883,168320556.01470312,0.6780916213875979,986400.0,986400.0,49828287.27409392,0.7116861984516236,0.7116861984516236,0.7116861984516236,True,0.7380939146868483,0.0,0.0,168118845.78268713,CONTINUED_TO_HOUSEHOLD_BATCH,5910294.631925502,True,True,5910294.631912869,49828287.27406602,0.09,168320556.01470312,1.0,5.991782879081003,5910294.631925502,0.1926040850473301,0.09,0.2176040850473301,0.6780916213875979,2.1990192662649295,1.3,C1_RESIDUAL_LEVEL__NO_C0_ACTION,HJB_CONVERGED,True,13,3.849177421244576e-09,0.6780916213875979,15.496884274407925,0.0852179917689195,0.02,DIAGNOSTIC_ONLY,1.2441219929271163e-17,True,0.13004035451418014,3.9867063511941887,2.638346914829448e-06,False,0.001198369568113707,河南,15,False,True,turn_15.one_turn.capital.household_illiquid_return_rah -> steady_state._post_turn_states.rah,0.09,0.02,False,0.7116861984516236,True,False,31,0,30,12,13,16,False,True,1.3,0.8,5.597744490160039e-13,False
7.312093316299625,11.98445572782595,4.672362411526324,9.23462788598827,101805153.6623069,42022000.0,0.0021227849016587363,101598064.76999207,101598064.76999207,0.9979658309538851,101598064.76999207,0.9979658309538851,101598064.76999207,0.9979658309538851,207088.89231482998,101805153.6623069,0.6788282007744062,591700.0,591700.0,41932796.3328625,0.8668910887321597,0.8668910887321597,0.8668910887321597,True,0.7380939146868483,0.0,0.0,101598064.76999207,CONTINUED_TO_HOUSEHOLD_BATCH,5940379.289795325,True,True,5940379.289782638,41932796.33283904,0.09,101805153.6623069,1.0,10.039512066579897,5940379.289795325,0.2832831951946161,0.09,0.3082831951946161,0.6788282007744062,1.8747329153801033,1.3,C1_RESIDUAL_LEVEL__NO_C0_ACTION,HJB_CONVERGED,True,13,3.0630182834556763e-09,0.6788282007744062,15.403934352564299,0.08512191332374495,0.02,DIAGNOSTIC_ONLY,1.2197274440461925e-17,True,0.13079471082263558,3.9712792145651044,3.15578202891853e-06,False,0.0020341690461148443,湖北,16,False,True,turn_15.one_turn.capital.household_illiquid_return_rah -> steady_state._post_turn_states.rah,0.09,0.02,False,0.8668910887321597,True,False,31,0,30,12,13,16,False,True,1.3,0.8,5.593303598061539e-13,False
7.315635939641615,11.984520319262044,4.66888437962043,9.056780810153223,93791807.14892803,36329700.0,0.0021219650564527903,93581691.74507102,93581691.74507102,0.9977597680411108,93581691.74507102,0.9977597680411108,93581691.74507102,0.9977597680411108,210115.40385700617,93791807.14892803,0.6795139938219019,663500.0,663500.0,36252609.646088585,0.7959373284760574,0.7959373284760574,0.7959373284760574,True,0.7380939146868483,0.0,0.0,93581691.74507102,CONTINUED_TO_HOUSEHOLD_BATCH,5948262.555798952,True,True,5948262.555786328,36252609.64606844,0.09,93791807.14892803,1.0,8.964977476712813,5948262.555798952,0.2631454730018182,0.09,0.2881454730018182,0.6795139938219019,1.612206022469147,1.3,C1_RESIDUAL_LEVEL__NO_C0_ACTION,HJB_CONVERGED,True,13,5.134087910363405e-08,0.6795139938219019,15.13145758094909,0.08720574020433923,0.02,DIAGNOSTIC_ONLY,1.674391970457495e-17,True,0.12947834762115967,4.025185689297687,3.0692124968201284e-06,False,0.0022402319588892537,湖南,17,False,True,turn_15.one_turn.capital.household_illiquid_return_rah -> steady_state._post_turn_states.rah,0.09,0.02,False,0.7959373284760574,True,False,31,0,30,12,13,16,False,True,1.3,0.8,5.557776461273534e-13,False
7.3219413780843094,11.98764589284536,4.6657045147610505,8.805599482714468,191259406.86816654,99945200.0,0.0022046381876706933,191057332.50787246,191057332.50787246,0.9989434540052017,191057332.50787246,0.9989434540052017,191057332.50787246,0.9989434540052017,202074.36029408727,191259406.86816654,0.6841310149732296,1234800.0,1234800.0,99724856.99540561,1.30644139756687,1.30644139756687,1.30644139756687,True,0.7380939146868483,0.0,0.0,191057332.50787246,CONTINUED_TO_HOUSEHOLD_BATCH,5734851.855631192,True,True,5734851.855618418,99724856.99534746,0.09,191259406.86816654,1.0,4.644356863970839,5734851.855631192,0.3720884977176306,0.09,0.3970884977176306,0.6841310149732296,4.699177749340197,1.3,C1_RESIDUAL_LEVEL__NO_C0_ACTION,HJB_CONVERGED,True,13,1.146080652603132e-08,0.6841310149732296,14.597538474660654,0.08628759033590634,0.02,DIAGNOSTIC_ONLY,1.83772268236293e-17,True,0.13451744701536603,3.9194076430093663,2.500033655872258e-06,False,0.0010565459947984434,广东,18,False,True,turn_15.one_turn.capital.household_illiquid_return_rah -> steady_state._post_turn_states.rah,0.09,0.02,False,1.30644139756687,True,False,31,0,30,12,13,16,False,True,1.3,0.8,5.830891325331322e-13,False
7.331588070020548,11.990666606615765,4.659078536595216,8.409992295837046,67306708.83876626,19627800.0,0.005297792438555771,67094689.937518,67094689.937518,0.9968499588687934,67094689.937518,0.9968499588687934,67094689.937518,0.9968499588687934,212018.90124826215,67306708.83876626,0.6891573470614257,494700.0,494700.0,19523815.989574514,0.5577680812178123,0.5577680812178123,0.5577680812178123,True,0.7380939146868483,0.0,0.0,67094689.937518,CONTINUED_TO_HOUSEHOLD_BATCH,5544997.934574107,True,True,5544997.934435649,19523815.989446834,0.09,67306708.83876626,1.0,11.208809247168196,5544997.934574107,0.18802728736338933,0.09,0.21302728736338933,0.6891573470614257,0.9175424541811424,0.9175424541811424,C1_RESIDUAL_LEVEL__NO_C0_ACTION,HJB_CONVERGED,True,13,1.8952956093443163e-08,0.6891573470614257,13.863648010690337,0.08756539228616896,0.02,DIAGNOSTIC_ONLY,1.7575732892735654e-17,True,0.13792539518126742,3.8759869682010013,5.07422643680755e-07,False,0.003150041131206624,广西,19,False,True,turn_15.one_turn.capital.household_illiquid_return_rah -> steady_state._post_turn_states.rah,0.09,0.02,False,0.5577680812178123,True,False,31,0,30,12,13,16,False,False,1.3,0.8,6.539657704252022e-12,False
7.343200480784475,11.996588375460096,4.653387894675621,8.013400614061968,14673330.466888333,4910700.0,0.002075972318411834,14458727.729779014,14458727.729779014,0.9853746402295247,14458727.729779014,0.9853746402295247,14458727.729779014,0.9853746402295247,214602.73710931756,14673330.466888333,0.6966386366642058,98200.0,98200.0,4900505.522735975,0.43124462072637787,0.43124462072637787,0.43124462072637787,True,0.7380939146868483,0.0,0.0,14458727.729779014,CONTINUED_TO_HOUSEHOLD_BATCH,5529281.80533731,True,True,5529281.8053253945,4900505.52273321,0.09,14673330.466888333,1.0,56.3063320299115,5529281.80533731,0.22194002673105218,0.09,0.24694002673105217,0.6966386366642058,0.2325334468596163,0.8,C1_RESIDUAL_LEVEL__NO_C0_ACTION,HJB_CONVERGED,True,14,8.445192545281088e-09,0.6966386366642058,13.052721308407166,0.08665869422936819,0.02,DIAGNOSTIC_ONLY,3.304290650740631e-17,True,0.1460188124318724,3.728066501297297,4.994968380578335e-06,False,0.014625359770475257,海南,20,False,True,turn_15.one_turn.capital.household_illiquid_return_rah -> steady_state._post_turn_states.rah,0.09,0.02,False,0.43124462072637787,True,False,31,0,30,12,13,16,True,False,1.3,0.8,5.642153411145046e-13,False
7.320881523076956,11.987478454475939,4.666596931398983,8.854154693447928,50663834.63130832,21588800.0,0.0006982162414437276,50452053.30035766,50452053.30035766,0.9958198716600938,50452053.30035766,0.9958198716600938,50452053.30035766,0.9958198716600938,211781.33095065158,50663834.63130832,0.6837267291386517,316300.0,316300.0,21603873.65079328,0.7557652302563093,0.7557652302563093,0.7557652302563093,True,0.7380939146868483,0.0,0.0,50452053.30035766,CONTINUED_TO_HOUSEHOLD_BATCH,5697456.550526346,True,True,5697456.550665115,21603873.650931094,0.09,50663834.63130832,1.0,18.012825009567962,5697456.550526346,0.29488352246032945,0.09,0.3198835224603295,0.6837267291386517,1.009352515678295,1.009352515678295,C1_RESIDUAL_LEVEL__NO_C0_ACTION,HJB_CONVERGED,True,13,8.974002874140297e-09,0.6837267291386517,14.679935429810389,0.08592876222655321,0.02,DIAGNOSTIC_ONLY,2.9691370152976087e-17,True,0.1344928202343726,3.914939453860899,2.681834269102623e-06,False,0.00418012833990617,重庆,21,False,True,turn_15.one_turn.capital.household_illiquid_return_rah -> steady_state._post_turn_states.rah,0.09,0.02,False,0.7557652302563093,True,False,31,0,30,12,13,16,False,False,1.3,0.8,6.3791194548912244e-12,False
7.321783924835273,11.985774736308194,4.66399081147292,8.782974903752187,94830047.41899477,42902100.0,0.00214329623263243,94616775.91479856,94616775.91479856,0.9977510134182059,94616775.91479856,0.9977510134182059,94616775.91479856,0.9977510134182059,213271.5041962184,94830047.41899477,0.6819619465080434,832100.0,832100.0,42810148.09069798,0.9358547875920058,0.9358547875920058,0.9358547875920058,True,0.7380939146868483,0.0,0.0,94616775.91479856,CONTINUED_TO_HOUSEHOLD_BATCH,5862546.456967893,True,True,5862546.456955588,42810148.09067445,0.09,94830047.41899477,1.0,7.045483063295149,5862546.456967893,0.314996580469915,0.09,0.33999658046991504,0.6819619465080434,1.9514983306593425,1.3,C1_RESIDUAL_LEVEL__NO_C0_ACTION,HJB_CONVERGED,True,14,1.671974114714203e-09,0.6819619465080434,14.65638681247816,0.08906223525666734,0.02,DIAGNOSTIC_ONLY,1.3877787807814457e-17,True,0.12997154423276586,4.041249940770271,2.8559713441955736e-06,False,0.00224898658179411,四川,22,False,True,turn_15.one_turn.capital.household_illiquid_return_rah -> steady_state._post_turn_states.rah,0.09,0.02,False,0.9358547875920058,True,False,31,0,30,12,13,16,False,True,1.3,0.8,5.495603971894525e-13,False
7.326464807864996,11.987109595489883,4.660644787624888,8.587195902351304,39447014.665611394,15353200.0,4.987852284676908e-05,39231679.437434204,39231679.437434204,0.9945411527335448,39231679.437434204,0.9945411527335448,39231679.437434204,0.9945411527335448,215335.2281771898,39447014.665611394,0.6843341640565745,382200.0,382200.0,15352434.205063028,0.6531605820813702,0.6531605820813702,0.6531605820813702,True,0.7380939146868483,0.0,0.0,39231679.437434204,CONTINUED_TO_HOUSEHOLD_BATCH,5463539.527929468,True,True,5463539.527918237,15352434.205054762,0.09,39447014.665611394,1.0,14.294975216979246,5463539.527929468,0.2652565603006923,0.09,0.2902565603006923,0.6843341640565745,0.7436285597546975,0.8,C1_RESIDUAL_LEVEL__NO_C0_ACTION,HJB_CONVERGED,True,14,2.041960378562635e-09,0.6843341640565745,14.294245579178211,0.08979022288591988,0.02,DIAGNOSTIC_ONLY,1.935179033454867e-17,True,0.13142370118546726,4.023566582325681,7.670209227317315e-06,False,0.005458847266455171,贵州,23,False,True,turn_15.one_turn.capital.household_illiquid_return_rah -> steady_state._post_turn_states.rah,0.09,0.02,False,0.6531605820813702,True,False,31,0,30,12,13,16,True,False,1.3,0.8,5.384581669432009e-13,False
7.334525095016707,11.992485151911268,4.657960056894561,8.312870647748205,68611984.86091176,20880600.0,0.001920527867241173,68400716.5307903,68400716.5307903,0.9969208246846417,68400716.5307903,0.9969208246846417,68400716.5307903,0.9969208246846417,211268.3301214535,68611984.86091176,0.6913700767642172,470300.0,470300.0,20840498.225815285,0.5861329189742354,0.5861329189742354,0.5861329189742354,True,0.7380939146868483,0.0,0.0,68400716.5307903,CONTINUED_TO_HOUSEHOLD_BATCH,5576483.265592145,True,True,5576483.265946506,20840498.226162132,0.09,68611984.86091176,1.0,11.857289529219955,5576483.265592145,0.19853919658505606,0.09,0.22353919658505605,0.6913700767642172,0.9759492396928832,0.9759492396928832,C1_RESIDUAL_LEVEL__NO_C0_ACTION,HJB_CONVERGED,True,14,1.458865028780565e-09,0.6913700767642172,13.648197400986957,0.08689841177987434,0.02,DIAGNOSTIC_ONLY,4.0766001685454967e-17,True,0.1406805814662278,3.8196952775072206,1.3927567216187597e-06,False,0.003079175315358251,云南,24,False,True,turn_15.one_turn.capital.household_illiquid_return_rah -> steady_state._post_turn_states.rah,0.09,0.02,False,0.5861329189742354,True,False,31,0,30,12,13,16,False,False,1.3,0.8,1.6642909272945872e-11,False
8.17132462268329,10.127062629898251,1.9557380072149608,7.603047014975706,6325734.326183821,1548400.0,0.0021660255763608083,6110781.991678686,6110781.991678686,0.9660193863002762,6110781.991678686,0.9660193863002762,6110781.991678686,0.9660193863002762,214952.33450513563,6325734.326183821,0.6622438472108254,35400.0,35400.0,1545046.125997563,0.2539305050273779,0.2539305050273779,0.2539305050273779,True,0.7380939146868483,0.0,0.0,6110781.991678686,CONTINUED_TO_HOUSEHOLD_BATCH,5453102.486802355,True,True,5453102.486790113,1545046.1259966544,0.09,6325734.326183821,1.0,154.04244313001004,5453102.486802355,0.15311518140033809,0.09,0.17811518140033808,0.6622438472108254,0.07331657863329498,0.8,C1_RESIDUAL_LEVEL__NO_C0_ACTION,HJB_CONVERGED,True,16,2.7161335403036446e-09,0.6622438472108254,11.590655576038108,0.08467081232162312,0.02,DIAGNOSTIC_ONLY,1.8234925288490578e-17,True,0.0006551466681922409,0.8070174229628913,6.327011077500444e-06,False,0.03398061369972389,西藏,25,False,True,turn_15.one_turn.capital.household_illiquid_return_rah -> steady_state._post_turn_states.rah,0.09,0.02,False,0.2539305050273779,True,False,31,0,30,12,13,16,True,False,1.3,0.8,5.879741138414829e-13,False
7.316235364014668,11.987012937951917,4.67077757393725,9.080101983991756,73897910.2910824,23941900.0,0.004298391905083188,73689226.08368091,73689226.08368091,0.9971760472443743,73689226.08368091,0.9971760472443743,73689226.08368091,0.9971760472443743,208684.20740148105,73897910.2910824,0.682136760157041,393100.0,393100.0,24044811.669152312,0.6338518706666324,0.6338518706666324,0.6338518706666324,True,0.7380939146868483,0.0,0.0,73689226.08368091,CONTINUED_TO_HOUSEHOLD_BATCH,5792923.738255071,True,True,5792923.738427681,24044811.66933996,0.09,73897910.2910824,1.0,14.736514215861286,5792923.738255071,0.21526434384315624,0.09,0.24026434384315623,0.682136760157041,1.087571041862203,1.087571041862203,C1_RESIDUAL_LEVEL__NO_C0_ACTION,HJB_CONVERGED,True,25,4.311884183039183e-11,0.682136760157041,15.053260555283199,0.08403885747822606,0.02,DIAGNOSTIC_ONLY,2.782333825140926e-17,True,0.1348764072901206,3.881882181679817,3.8871464900225305e-06,False,0.0028239527556256747,陕西,26,False,True,turn_15.one_turn.capital.household_illiquid_return_rah -> steady_state._post_turn_states.rah,0.09,0.02,False,0.6338518706666324,True,False,31,0,30,12,13,16,False,False,1.3,0.8,7.804090706997613e-12,False
7.328895705726687,11.987897735908902,4.659002030182214,8.488176820734544,25177704.67938732,8104100.0,0.006066638285602943,24962132.869681127,24962132.869681127,0.9914379879956778,24962132.869681127,0.9914379879956778,24962132.869681127,0.9914379879956778,215571.80970619357,25177704.67938732,0.6857072746585882,251500.0,251500.0,8153264.643330355,0.4815843645010798,0.4815843645010798,0.4815843645010798,True,0.7380939146868483,0.0,0.0,24962132.869681127,CONTINUED_TO_HOUSEHOLD_BATCH,5532599.009145437,True,True,5532599.009133957,8153264.643325925,0.09,25177704.67938732,1.0,21.998405602963963,5532599.009145437,0.21406232143921547,0.09,0.23906232143921546,0.6857072746585882,0.38603976051933253,0.8,C1_RESIDUAL_LEVEL__NO_C0_ACTION,HJB_CONVERGED,True,13,2.0505398712344913e-08,0.6857072746585882,14.105439715791125,0.09,0.02,DIAGNOSTIC_ONLY,3.9898639947466563e-17,True,0.13245670821570193,4.006884718063967,4.6731663849719496e-07,False,0.008562012004322205,甘肃,27,False,True,turn_15.one_turn.capital.household_illiquid_return_rah -> steady_state._post_turn_states.rah,0.09,0.02,False,0.4815843645010798,True,False,31,0,30,12,13,16,True,False,1.3,0.8,5.433431482515516e-13,False
7.345400273776912,12.005988087171403,4.66058781339449,8.099696673372316,17578407.529567722,2748000.0,0.0021152713831793513,17365178.18704604,17365178.18704604,0.9878698145913946,17365178.18704604,0.9878698145913946,17365178.18704604,0.9878698145913946,213229.34252168267,17578407.529567722,0.7068478431986109,58700.0,58700.0,2742187.234239023,0.2111711647722934,0.2111711647722934,0.2111711647722934,True,0.7380939146868483,0.0,0.0,17365178.18704604,CONTINUED_TO_HOUSEHOLD_BATCH,5531285.78169206,True,True,5531285.781679946,2742187.23423745,0.08784757593695114,17578407.529567722,1.0,94.2297407443281,5531285.78169206,0.08784757593701617,0.08784757593701617,0.11224266570897665,0.7068478431986109,0.12657425159464467,0.8,C1_RESIDUAL_LEVEL__NO_C0_ACTION,HJB_CONVERGED,True,26,9.653611243720661e-11,0.7068478431986109,12.801260741731483,0.07463275752550572,0.02,DIAGNOSTIC_ONLY,1.8404331877941438e-17,True,0.17473547998625397,3.215266364512334,4.734567005115764e-06,False,0.012130185408605457,青海,28,False,False,turn_15.one_turn.capital.household_illiquid_return_rah -> steady_state._post_turn_states.rah,0.09,0.02,False,0.2111711647722934,True,False,31,0,30,12,13,16,True,False,1.3,0.8,5.735412145213559e-13,False
7.330635532630188,11.999668580184224,4.669033047554037,8.724768731623623,18640640.44456374,3510200.0,0.0020932994290386864,18427372.607126713,18427372.607126713,0.9885589855095765,18427372.607126713,0.9885589855095765,18427372.607126713,0.9885589855095765,213267.83743702678,18640640.44456374,0.6930013830102612,71000.0,71000.0,3502852.1003441885,0.25704566563666087,0.25704566563666087,0.25704566563666087,True,0.7380939146868483,0.0,0.0,18427372.607126713,CONTINUED_TO_HOUSEHOLD_BATCH,5636408.191491998,True,True,5636408.191479742,3502852.1003421936,0.09,18640640.44456374,1.0,79.38603086608448,5636408.191491998,0.11092578858670725,0.09,0.13586290162520762,0.6930013830102612,0.15943851554716895,0.8,C1_RESIDUAL_LEVEL__NO_C0_ACTION,HJB_CONVERGED,True,27,3.017652794312653e-10,0.6930013830102612,14.142907389592704,0.07895703925417644,0.02,DIAGNOSTIC_ONLY,1.8179021113971794e-17,True,0.15120630721121922,3.5460097457048314,4.760569090711542e-06,False,0.01144101449042343,宁夏,29,False,True,turn_15.one_turn.capital.household_illiquid_return_rah -> steady_state._post_turn_states.rah,0.09,0.02,False,0.25704566563666087,True,False,31,0,30,12,13,16,True,False,1.3,0.8,5.695444116327053e-13,False
8.182963780430677,10.142528388177034,1.959564607746357,7.2786602935178175,49250553.031937115,12809400.0,3.8789878386347176e-05,49040338.37791544,49040338.37791544,0.9957317300805667,49040338.37791544,0.9957317300805667,49040338.37791544,0.9957317300805667,210214.65402167576,49250553.031937115,0.6689125394521667,252000.0,252000.0,12808903.124931797,0.4695876658129632,0.4695876658129632,0.4695876658129632,True,0.7380939146868483,0.0,0.0,49040338.37791544,CONTINUED_TO_HOUSEHOLD_BATCH,5159529.302463846,True,True,5159529.302453389,12808903.124924999,0.09,49250553.031937115,1.0,20.474322628824787,5159529.302463846,0.1651188914964066,0.09,0.1901188914964066,0.6689125394521667,0.6439620380584417,0.8,C1_RESIDUAL_LEVEL__NO_C0_ACTION,HJB_CONVERGED,True,16,2.674077403952424e-09,0.6689125394521667,10.96318647932254,0.08353198676965387,0.02,DIAGNOSTIC_ONLY,1.0001765041178778e-17,True,0.1462838357593269,0.7878897574251857,7.44240797945217e-06,False,0.004268269919433383,新疆,30,False,True,turn_15.one_turn.capital.household_illiquid_return_rah -> steady_state._post_turn_states.rah,0.09,0.02,False,0.4695876658129632,True,False,31,0,30,12,13,16,True,False,1.3,0.8,5.306866057708248e-13,False
7.322074041390673,11.995635324230296,4.673561282839622,9.049757639072126,58719043.066994764,33106000.0,0.0020481212859847497,58510809.39250095,58510809.39250095,0.996453728405345,58510809.39250095,0.996453728405345,58510809.39250095,0.996453728405345,208233.67449381066,58719043.066994764,0.6883177331559596,219200.0,219200.0,33038194.89670619,1.026364744857471,1.026364744857471,1.026364744857471,True,0.7380939146868483,0.0,0.0,58510809.39250095,CONTINUED_TO_HOUSEHOLD_BATCH,5915517.185661382,True,True,5915517.185662562,33038194.896707915,0.09,58719043.066994764,1.0,26.986848474732582,5915517.185661382,0.4063379720305232,0.09,0.4313379720305232,0.6883177331559596,1.5192802967189496,1.3,C1_RESIDUAL_LEVEL__NO_C0_ACTION,HJB_CONVERGED,True,25,1.2138627880631248e-09,0.6883177331559596,14.7643972434929,0.07859257477835792,0.02,DIAGNOSTIC_ONLY,1.7483826781695114e-17,True,0.146817334273652,3.607600197188781,1.678049056152986e-06,False,0.0035462715946550597,北京,0,False,True,turn_16.one_turn.capital.household_illiquid_return_rah -> steady_state._post_turn_states.rah,0.09,0.02,False,1.026364744857471,True,False,31,0,30,12,13,17,False,True,1.3,0.8,5.218048215738236e-14,False
7.308369142075367,11.984120021336633,4.6757508792612645,9.212026234679346,64593598.72309723,13362900.0,2.810890115145792e-05,64388134.38791451,64388134.38791451,0.9968191223396066,64388134.38791451,0.9968191223396066,64388134.38791451,0.9968191223396066,205464.33518271596,64593598.72309723,0.6979253142407237,138300.0,138300.0,13362524.383564804,0.3943630348293412,0.3943630348293412,0.3943630348293412,True,0.7380939146868483,0.0,0.0,64388134.38791451,CONTINUED_TO_HOUSEHOLD_BATCH,5499853.79903055,True,True,5499853.799031641,13362524.383565497,0.09,64593598.72309723,1.0,39.76756181511605,5499853.79903055,0.12499980138327996,0.09,0.14999980138327995,0.6979253142407237,0.6251194111449301,0.8,C1_RESIDUAL_LEVEL__NO_C0_ACTION,HJB_CONVERGED,True,25,8.814482477248475e-09,0.6979253142407237,14.587141943097599,0.06490309855747671,0.02,DIAGNOSTIC_ONLY,1.69000013636178e-17,True,0.16367380611048435,3.0480771636927506,2.7692955519853513e-06,False,0.0031808776603934052,天津,1,False,True,turn_16.one_turn.capital.household_illiquid_return_rah -> steady_state._post_turn_states.rah,0.09,0.02,False,0.3943630348293412,True,False,31,0,30,12,13,17,True,False,1.3,0.8,5.184741524999481e-14,False
7.316250601591626,11.985257536544418,4.669006934952792,9.038906562066607,113705229.18254791,32494600.0,0.0021132524231866068,113497505.78131609,113497505.78131609,0.9981731411763101,113497505.78131609,0.9981731411763101,113497505.78131609,0.9981731411763101,207723.4012318286,113705229.18254791,0.6805037567576315,742600.0,742600.0,32425930.70780952,0.6175565659297677,0.6175565659297677,0.6175565659297677,True,0.7380939146868483,0.0,0.0,113497505.78131609,CONTINUED_TO_HOUSEHOLD_BATCH,5950312.254619344,True,True,5950312.254620534,32425930.70781122,0.09,113705229.18254791,1.0,8.012809392161788,5950312.254619344,0.18427291893457173,0.09,0.20927291893457173,0.6805037567576315,1.419017258398618,1.3,C1_RESIDUAL_LEVEL__NO_C0_ACTION,HJB_CONVERGED,True,13,2.9254581868087826e-08,0.6805037567576315,15.065143692741277,0.08640795021977438,0.02,DIAGNOSTIC_ONLY,1.6832238727837456e-17,True,0.13109988365881625,3.9836127025832466,1.176571181926711e-06,False,0.001826858823689976,河北,2,False,True,turn_16.one_turn.capital.household_illiquid_return_rah -> steady_state._post_turn_states.rah,0.09,0.02,False,0.6175565659297677,True,False,31,0,30,12,13,17,False,True,1.3,0.8,5.2513549064769904e-14,False
7.3186214005646475,11.98618558905477,4.667564188490122,8.939101285382083,53478727.38884524,15958100.0,4.923625161179501e-05,53266829.43896172,53266829.43896172,0.9960377151770496,53266829.43896172,0.9960377151770496,53266829.43896172,0.9960377151770496,211897.94988351766,53478727.38884524,0.681967469005096,350200.0,350200.0,15957314.282973154,0.541543979367176,0.541543979367176,0.541543979367176,True,0.7380939146868483,0.0,0.0,53266829.43896172,CONTINUED_TO_HOUSEHOLD_BATCH,5493265.80727676,True,True,5493265.807277852,15957314.282973986,0.09,53478727.38884524,1.0,15.686081688397374,5493265.80727676,0.1944142465598308,0.09,0.2194142465598308,0.681967469005096,0.7579651488346917,0.8,C1_RESIDUAL_LEVEL__NO_C0_ACTION,HJB_CONVERGED,True,13,9.67499724779941e-08,0.681967469005096,14.867921156093807,0.08643568421810946,0.02,DIAGNOSTIC_ONLY,2.0432621067832147e-17,True,0.13239782271466555,3.9599820651308555,3.078796533717565e-06,False,0.003962284822950293,山西,3,False,True,turn_16.one_turn.capital.household_illiquid_return_rah -> steady_state._post_turn_states.rah,0.09,0.02,False,0.541543979367176,True,False,31,0,30,12,13,17,True,False,1.3,0.8,5.218048215738236e-14,False
7.328991435489639,12.001912643363255,4.672921207873616,8.862074422494587,82165502.99427319,16140800.0,4.481142420609263e-05,81961499.33892635,81961499.33892635,0.9975171617295271,81961499.33892635,0.9975171617295271,81961499.33892635,0.9975171617295271,204003.6553468399,82165502.99427319,0.6960763657340997,242200.0,242200.0,16140076.707764175,0.4001484797007443,0.4001484797007443,0.4001484797007443,True,0.7380939146868483,0.0,0.0,81961499.33892635,CONTINUED_TO_HOUSEHOLD_BATCH,5430725.410988345,True,True,5430725.410989417,16140076.707765011,0.09,82165502.99427319,1.0,22.42248311721034,5430725.410988345,0.11720605414389237,0.09,0.14220605414389237,0.6960763657340997,0.7634554931735599,0.8,C1_RESIDUAL_LEVEL__NO_C0_ACTION,HJB_CONVERGED,True,25,2.6087167981359016e-09,0.6960763657340997,14.20878411846505,0.07370571137813395,0.02,DIAGNOSTIC_ONLY,1.921294333694744e-17,True,0.1626420008152356,3.3368833269972797,2.999559343352942e-06,False,0.0024828382704729338,内蒙古,4,False,True,turn_16.one_turn.capital.household_illiquid_return_rah -> steady_state._post_turn_states.rah,0.09,0.02,False,0.4001484797007443,True,False,31,0,30,12,13,17,True,False,1.3,0.8,5.184741524999481e-14,False
7.334378411084158,11.996943474217241,4.6625650631330835,8.437943926294935,90061052.78222083,23510500.0,0.003730806101281514,89854895.94912705,89854895.94912705,0.9977109213502946,89854895.94912705,0.9977109213502946,89854895.94912705,0.9977109213502946,206156.8330937771,90061052.78222083,0.6936994465491251,429100.0,429100.0,23598213.116844177,0.5406300280912503,0.5406300280912503,0.5406300280912503,True,0.7380939146868483,0.0,0.0,89854895.94912705,CONTINUED_TO_HOUSEHOLD_BATCH,5668957.563234338,True,True,5668957.56318659,23598213.116792124,0.09,90061052.78222083,1.0,13.21127374326343,5668957.563234338,0.1666004191157039,0.09,0.19160041911570388,0.6936994465491251,1.0801006630939796,1.0801006630939796,C1_RESIDUAL_LEVEL__NO_C0_ACTION,HJB_CONVERGED,True,15,9.50410692368564e-08,0.6936994465491251,13.728680227646786,0.082548725170256,0.02,DIAGNOSTIC_ONLY,1.4929991671002454e-17,True,0.14766144547477475,3.6485719482154413,1.4642372705431228e-06,False,0.002289078649705448,辽宁,5,False,True,turn_16.one_turn.capital.household_illiquid_return_rah -> steady_state._post_turn_states.rah,0.09,0.02,False,0.5406300280912503,True,False,31,0,30,12,13,17,False,False,1.3,0.8,2.205791105325261e-12,False
7.349657793634655,12.010628437772205,4.660970644137549,8.125122814289105,66308917.7271201,11253800.0,0.007556323724977054,66101646.39901452,66101646.39901452,0.9968741560681391,66101646.39901452,0.9968741560681391,66101646.39901452,0.9968741560681391,207271.32810558032,66308917.7271201,0.7034096107725816,248400.0,248400.0,11168762.644063853,0.3250442085976263,0.3250442085976263,0.3250442085976263,True,0.7380939146868483,0.0,0.0,66101646.39901452,CONTINUED_TO_HOUSEHOLD_BATCH,5388290.346454402,True,True,5388290.346455465,11168762.644064428,0.09,66308917.7271201,1.0,21.691990122602263,5388290.346454402,0.09684133824318762,0.09,0.12142006770937072,0.7034096107725816,0.5302069122308578,0.8,C1_RESIDUAL_LEVEL__NO_C0_ACTION,HJB_CONVERGED,True,25,4.86223377116346e-08,0.7034096107725816,12.964826159586295,0.07865644460850063,0.02,DIAGNOSTIC_ONLY,1.3904892862126594e-17,True,0.16278330411296338,3.3780796922490244,2.188565898286754e-06,False,0.003125843931860874,吉林,6,False,True,turn_16.one_turn.capital.household_illiquid_return_rah -> steady_state._post_turn_states.rah,0.09,0.02,False,0.3250442085976263,True,False,31,0,30,12,13,17,True,False,1.3,0.8,5.1514348342607263e-14,False
7.360661035488661,12.007192505514364,4.646531470025703,7.517194169188393,58424879.89838116,12846500.0,3.9775486723958586e-05,58214346.643553525,58214346.643553525,0.9963965136908486,58214346.643553525,0.9963965136908486,58214346.643553525,0.9963965136908486,210533.25482763213,58424879.89838116,0.7073780855766166,332700.0,332700.0,12845989.024209801,0.41270310471903765,0.41270310471903765,0.41270310471903765,True,0.7380939146868483,0.0,0.0,58214346.643553525,CONTINUED_TO_HOUSEHOLD_BATCH,5277794.682513215,True,True,5277794.682514254,12845989.024210464,0.09,58424879.89838116,1.0,15.863524744554297,5277794.682513215,0.13474305493254543,0.09,0.15974305493254543,0.7073780855766166,0.6274820218136014,0.8,C1_RESIDUAL_LEVEL__NO_C0_ACTION,HJB_CONVERGED,True,26,2.0279316448323925e-08,0.7073780855766166,12.026511476973644,0.08488047609984659,0.02,DIAGNOSTIC_ONLY,8.594843315789386e-18,True,0.15883601078486226,3.508649951421783,3.061834907613914e-06,False,0.0036034863091514136,黑龙江,7,False,True,turn_16.one_turn.capital.household_illiquid_return_rah -> steady_state._post_turn_states.rah,0.09,0.02,False,0.41270310471903765,True,False,31,0,30,12,13,17,True,False,1.3,0.8,5.162537064506978e-14,False
7.321981096975131,11.995523710541452,4.673542613566321,9.050755312887386,66125294.30800852,36011800.0,0.002066281069454723,65917973.06089598,65917973.06089598,0.9968647209924413,65917973.06089598,0.9968647209924413,65917973.06089598,0.9968647209924413,207321.2471125414,66125294.30800852,0.6882479251599438,247500.0,247500.0,35937389.49938301,1.0227253445056632,1.0227253445056632,1.0227253445056632,True,0.7380939146868483,0.0,0.0,65917973.06089598,CONTINUED_TO_HOUSEHOLD_BATCH,5915291.248136759,True,True,5915291.248137966,35937389.49938493,0.09,66125294.30800852,1.0,23.90016665913842,5915291.248136759,0.39035619617243944,0.09,0.41535619617243946,0.6882479251599438,1.6475786039326894,1.3,C1_RESIDUAL_LEVEL__NO_C0_ACTION,HJB_CONVERGED,True,25,2.6926429974594157e-09,0.6882479251599438,14.768471514782354,0.07864081161682357,0.02,DIAGNOSTIC_ONLY,1.435755081455289e-17,True,0.1466889004202672,3.610266486073589,1.611931961242874e-06,False,0.0031352790075587227,上海,8,False,True,turn_16.one_turn.capital.household_illiquid_return_rah -> steady_state._post_turn_states.rah,0.09,0.02,False,1.0227253445056632,True,False,31,0,30,12,13,17,False,True,1.3,0.8,5.3512749786932545e-14,False
7.312970466763816,11.988910715957378,4.675940249193561,9.320232577435393,203535217.25929242,93207600.0,0.0021819669286557986,203343357.86904544,203343357.86904544,0.9990573651438288,203343357.86904544,0.9990573651438288,203343357.86904544,0.9990573651438288,191859.39024699974,203535217.25929242,0.6822544280355053,844600.0,844600.0,93004224.09930062,1.1603289174497986,1.1603289174497986,1.1603289174497986,True,0.7380939146868483,0.0,0.0,203343357.86904544,CONTINUED_TO_HOUSEHOLD_BATCH,5799097.864735503,True,True,5799097.86473672,93004224.09930573,0.09,203535217.25929242,1.0,6.866087928884091,5799097.864735503,0.31944118392140564,0.09,0.34444118392140566,0.6822544280355053,4.289712289041913,1.3,C1_RESIDUAL_LEVEL__NO_C0_ACTION,HJB_CONVERGED,True,15,6.951323960890932e-10,0.6822544280355053,15.37821115917312,0.08042887556155784,0.02,DIAGNOSTIC_ONLY,1.1590171592840189e-17,True,0.13872054881891027,3.7643048866624693,1.1056189129776683e-06,False,0.0009426348561712623,江苏,9,False,True,turn_16.one_turn.capital.household_illiquid_return_rah -> steady_state._post_turn_states.rah,0.09,0.02,False,1.1603289174497986,True,False,31,0,30,12,13,17,False,True,1.3,0.8,5.495603971894525e-14,False
7.316058077364053,11.987520650554856,4.671462573190803,9.103552980425622,124249656.20818298,58002800.0,0.0021451654412865118,124046336.28831807,124046336.28831807,0.9983636178475678,124046336.28831807,0.9983636178475678,124046336.28831807,0.9983636178475678,203319.9198649118,124249656.20818298,0.6824624563458148,627300.0,627300.0,57878374.39794215,1.0369336001179625,1.0369336001179625,1.0369336001179625,True,0.7380939146868483,0.0,0.0,124046336.28831807,CONTINUED_TO_HOUSEHOLD_BATCH,5852883.3347641155,True,True,5852883.334765329,57878374.3979453,0.09,124249656.20818298,1.0,9.330277912903101,5852883.3347641155,0.3266283926117616,0.09,0.3516283926117616,0.6824624563458148,2.648763774494878,1.3,C1_RESIDUAL_LEVEL__NO_C0_ACTION,HJB_CONVERGED,True,18,6.721112555396758e-11,0.6824624563458148,15.071920446410433,0.0833528997021886,0.02,DIAGNOSTIC_ONLY,1.6080433813231256e-17,True,0.13586851403144698,3.8547562793238823,1.2193458742704166e-06,False,0.001636382152432236,浙江,10,False,True,turn_16.one_turn.capital.household_illiquid_return_rah -> steady_state._post_turn_states.rah,0.09,0.02,False,1.0369336001179625,True,False,31,0,30,12,13,17,False,True,1.3,0.8,5.440092820663267e-14,False
7.314684760281768,11.983278641538321,4.6685938812565535,9.092751623874358,70182433.35888097,34010900.0,0.0021098769767055048,69968726.4804038,69968726.4804038,0.996954980495128,69968726.4804038,0.996954980495128,69968726.4804038,0.996954980495128,213706.87847717313,70182433.35888097,0.677436205842808,607600.0,607600.0,33939141.185132965,0.9221011048681041,0.9221011048681041,0.9221011048681041,True,0.7380939146868483,0.0,0.0,69968726.4804038,CONTINUED_TO_HOUSEHOLD_BATCH,5969997.026943462,True,True,5969997.026944678,33939141.185134776,0.09,70182433.35888097,1.0,9.82553822735922,5969997.026943462,0.34106627510268134,0.09,0.36606627510268136,0.677436205842808,1.5270314853627207,1.3,C1_RESIDUAL_LEVEL__NO_C0_ACTION,HJB_CONVERGED,True,14,1.408362315657996e-10,0.677436205842808,15.269964772028239,0.08895775431924248,0.02,DIAGNOSTIC_ONLY,1.0820677889060149e-17,True,0.1261115533429775,4.115122548216877,1.2896886161239962e-06,False,0.0030450195048720183,安徽,11,False,True,turn_16.one_turn.capital.household_illiquid_return_rah -> steady_state._post_turn_states.rah,0.09,0.02,False,0.9221011048681041,True,False,31,0,30,12,13,17,False,True,1.3,0.8,5.3290705182007514e-14,False
7.322335328624925,11.991430474682506,4.669095146057582,8.88694469106959,87795538.11850408,38687800.0,0.002101559801227948,87589287.31244677,87589287.31244677,0.9976507825969594,87589287.31244677,0.9976507825969594,87589287.31244677,0.9976507825969594,206250.80605729774,87795538.11850408,0.6868394257710466,410400.0,410400.0,38606495.274722055,0.8921644600055767,0.8921644600055767,0.8921644600055767,True,0.7380939146868483,0.0,0.0,87589287.31244677,CONTINUED_TO_HOUSEHOLD_BATCH,5892713.621327715,True,True,5892713.62132893,38606495.27472414,0.09,87795538.11850408,1.0,14.358463989589948,5892713.621327715,0.30556602035076685,0.09,0.3305660203507669,0.6868394257710466,1.7476291641636628,1.3,C1_RESIDUAL_LEVEL__NO_C0_ACTION,HJB_CONVERGED,True,15,6.802135299466272e-09,0.6868394257710466,14.599595103373385,0.08227335879717015,0.02,DIAGNOSTIC_ONLY,1.5043305143236374e-17,True,0.1411783799969062,3.749198314914559,1.3997215331240653e-06,False,0.002349217403040527,福建,12,False,True,turn_16.one_turn.capital.household_illiquid_return_rah -> steady_state._post_turn_states.rah,0.09,0.02,False,0.8921644600055767,True,False,31,0,30,12,13,17,False,True,1.3,0.8,5.4067861299245124e-14,False
7.317893316583318,11.984333561366544,4.6664402447832245,8.950563321477805,51050047.92908307,22716500.0,0.0023074621075971358,50835646.8284927,50835646.8284927,0.9958001782703866,50835646.8284927,0.9958001782703866,50835646.8284927,0.9958001782703866,214401.10059037388,51050047.92908307,0.6793848587920651,451300.0,451300.0,22768917.46296723,0.7893560257063097,0.7893560257063097,0.7893560257063097,True,0.7380939146868483,0.0,0.0,50835646.8284927,CONTINUED_TO_HOUSEHOLD_BATCH,5772603.381165149,True,True,5772603.3812674405,22768917.4630729,0.09,51050047.92908307,1.0,12.79105557537148,5772603.381165149,0.3106195617113893,0.09,0.33561956171138935,0.6793848587920651,1.0531874253933797,1.0531874253933797,C1_RESIDUAL_LEVEL__NO_C0_ACTION,HJB_CONVERGED,True,14,4.3881964728598177e-10,0.6793848587920651,14.992371132026552,0.08911958485106083,0.02,DIAGNOSTIC_ONLY,2.7321894746634712e-17,True,0.1276641446644151,4.08683333324997,9.503601872129508e-07,False,0.004199821729613503,江西,13,False,True,turn_16.one_turn.capital.household_illiquid_return_rah -> steady_state._post_turn_states.rah,0.09,0.02,False,0.7893560257063097,True,False,31,0,30,12,13,17,False,False,1.3,0.8,4.641065309840542e-12,False
7.3123884566438475,11.986511753098068,4.67412329645422,9.273206791315298,210016973.07581103,66648899.99999999,0.0021688847178507054,209823149.66501826,209823149.66501826,0.9990771059693219,209823149.66501826,0.9990771059693219,209823149.66501826,0.9990771059693219,193823.4107927815,210016973.07581103,0.6806621135558282,1007700.0,1007700.0,66504346.21932843,0.8090038132922267,0.8090038132922267,0.8090038132922267,True,0.7380939146868483,0.0,0.0,209823149.66501826,CONTINUED_TO_HOUSEHOLD_BATCH,5846649.340911346,True,True,5846649.340912546,66504346.21933201,0.09,210016973.07581103,1.0,5.80197414003309,5846649.340911346,0.20851193776357524,0.09,0.23351193776357523,0.6806621135558282,2.976393858598087,1.3,C1_RESIDUAL_LEVEL__NO_C0_ACTION,HJB_CONVERGED,True,16,5.621947352096868e-11,0.6806621135558282,15.379432436923585,0.08264892144596596,0.02,DIAGNOSTIC_ONLY,1.4582519219930035e-17,True,0.13489232201895837,3.861965027574452,1.0460075114959722e-06,False,0.0009228940306782536,山东,14,False,True,turn_16.one_turn.capital.household_illiquid_return_rah -> steady_state._post_turn_states.rah,0.09,0.02,False,0.8090038132922267,True,False,31,0,30,12,13,17,False,True,1.3,0.8,5.3734794391857577e-14,False
7.31103204058689,11.983963375307336,4.672931334720447,9.279353694682909,168320556.01470312,49935900.0,0.002155017250289659,168118845.78268713,168118845.78268713,0.9988016304318863,168118845.78268713,0.9988016304318863,168118845.78268713,0.9988016304318863,201710.2320160067,168320556.01470312,0.6780916213875923,986400.0,986400.0,49828287.27409126,0.7116861984516236,0.7116861984516236,0.7116861984516236,True,0.7380939146868483,0.0,0.0,168118845.78268713,CONTINUED_TO_HOUSEHOLD_BATCH,5910294.631924298,True,True,5910294.631925502,49828287.27409392,0.09,168320556.01470312,1.0,5.991782879079783,5910294.631924298,0.1926040850473216,0.09,0.2176040850473216,0.6780916213875923,2.199019266265291,1.3,C1_RESIDUAL_LEVEL__NO_C0_ACTION,HJB_CONVERGED,True,13,3.8491765330661565e-09,0.6780916213875923,15.496884274421673,0.08521799176891921,0.02,DIAGNOSTIC_ONLY,1.5506852461571523e-17,True,0.13004035451312812,3.9867063511890524,1.0553402327584394e-06,False,0.0011983695681137539,河南,15,False,True,turn_16.one_turn.capital.household_illiquid_return_rah -> steady_state._post_turn_states.rah,0.09,0.02,False,0.7116861984516236,True,False,31,0,30,12,13,17,False,True,1.3,0.8,5.340172748447003e-14,False
7.312093316298901,11.984455727825043,4.672362411526143,9.234627885989351,101805153.6623069,42022000.0,0.002122784901712471,101598064.76999207,101598064.76999207,0.9979658309538851,101598064.76999207,0.9979658309538851,101598064.76999207,0.9979658309538851,207088.89231484343,101805153.6623069,0.6788282007742428,591700.0,591700.0,41932796.33286024,0.8668910887321597,0.8668910887321597,0.8668910887321597,True,0.7380939146868483,0.0,0.0,101598064.76999207,CONTINUED_TO_HOUSEHOLD_BATCH,5940379.289794107,True,True,5940379.289795325,41932796.3328625,0.09,101805153.6623069,1.0,10.039512066577839,5940379.289794107,0.2832831951946122,0.09,0.3082831951946122,0.6788282007742428,1.8747329153804644,1.3,C1_RESIDUAL_LEVEL__NO_C0_ACTION,HJB_CONVERGED,True,13,3.0630182834556763e-09,0.6788282007742428,15.403934352571044,0.08512191332374465,0.02,DIAGNOSTIC_ONLY,1.0571803064236125e-17,True,0.13079471082228097,3.9712792145683564,1.262314996752778e-06,False,0.002034169046114976,湖北,16,False,True,turn_16.one_turn.capital.household_illiquid_return_rah -> steady_state._post_turn_states.rah,0.09,0.02,False,0.8668910887321597,True,False,31,0,30,12,13,17,False,True,1.3,0.8,5.384581669432009e-14,False
7.315635939642224,11.984520319262968,4.668884379620744,9.056780810159697,93791807.14892803,36329700.0,0.002121965056506192,93581691.74507101,93581691.74507101,0.9977597680411106,93581691.74507101,0.9977597680411106,93581691.74507101,0.9977597680411106,210115.40385701833,93791807.14892803,0.679513993822047,663500.0,663500.0,36252609.64608665,0.7959373284760574,0.7959373284760574,0.7959373284760574,True,0.7380939146868483,0.0,0.0,93581691.74507101,CONTINUED_TO_HOUSEHOLD_BATCH,5948262.555797735,True,True,5948262.555798952,36252609.646088585,0.09,93791807.14892803,1.0,8.96497747671098,5948262.555797735,0.26314547300181124,0.09,0.28814547300181126,0.679513993822047,1.6122060224694374,1.3,C1_RESIDUAL_LEVEL__NO_C0_ACTION,HJB_CONVERGED,True,13,5.134087999181247e-08,0.679513993822047,15.131457580954933,0.08720574020433905,0.02,DIAGNOSTIC_ONLY,2.861354807862568e-17,True,0.12947834762157223,4.025185689295905,1.2276870551275465e-06,False,0.0022402319588893838,湖南,17,False,True,turn_16.one_turn.capital.household_illiquid_return_rah -> steady_state._post_turn_states.rah,0.09,0.02,False,0.7959373284760574,True,False,31,0,30,12,13,17,False,True,1.3,0.8,5.340172748447003e-14,False
7.321941378085544,11.987645892846821,4.665704514761276,8.805599482717927,191259406.86816654,99945200.0,0.0022046381877255383,191057332.50787243,191057332.50787243,0.9989434540052015,191057332.50787243,0.9989434540052015,191057332.50787243,0.9989434540052015,202074.3602940976,191259406.86816654,0.6841310149732516,1234800.0,1234800.0,99724856.99540013,1.30644139756687,1.30644139756687,1.30644139756687,True,0.7380939146868483,0.0,0.0,191057332.50787243,CONTINUED_TO_HOUSEHOLD_BATCH,5734851.855629986,True,True,5734851.855631192,99724856.99540561,0.09,191259406.86816654,1.0,4.644356863969862,5734851.855629986,0.3720884977176806,0.09,0.3970884977176806,0.6841310149732516,4.699177749341777,1.3,C1_RESIDUAL_LEVEL__NO_C0_ACTION,HJB_CONVERGED,True,13,1.146080608194211e-08,0.6841310149732516,14.597538474664619,0.08628759033590612,0.02,DIAGNOSTIC_ONLY,1.615646401897981e-17,True,0.13451744701509016,3.919407643005849,1.000014752006173e-06,False,0.0010565459947984976,广东,18,False,True,turn_16.one_turn.capital.household_illiquid_return_rah -> steady_state._post_turn_states.rah,0.09,0.02,False,1.30644139756687,True,False,31,0,30,12,13,17,False,True,1.3,0.8,5.495603971894525e-14,False
7.331588070020194,11.990666606615811,4.659078536595616,8.409992295856041,67306708.83876626,19627800.0,0.005297792439521443,67094689.937517986,67094689.937517986,0.9968499588687931,67094689.937517986,0.9968499588687931,67094689.937517986,0.9968499588687931,212018.90124827492,67306708.83876626,0.6891573470611665,494700.0,494700.0,19523815.98955556,0.5577680812178123,0.5577680812178123,0.5577680812178123,True,0.7380939146868483,0.0,0.0,67094689.937517986,CONTINUED_TO_HOUSEHOLD_BATCH,5544997.934553554,True,True,5544997.934574107,19523815.989574514,0.09,67306708.83876626,1.0,11.20880924712665,5544997.934553554,0.1880272873632292,0.09,0.2130272873632292,0.6891573470611665,0.9175424541838537,0.9175424541838537,C1_RESIDUAL_LEVEL__NO_C0_ACTION,HJB_CONVERGED,True,13,1.8952958313889212e-08,0.6891573470611665,13.863648010726667,0.0875653922861688,0.02,DIAGNOSTIC_ONLY,1.5716700715252395e-17,True,0.13792539518107486,3.8759869682056474,2.0297270197922046e-07,False,0.0031500411312068138,广西,19,False,True,turn_16.one_turn.capital.household_illiquid_return_rah -> steady_state._post_turn_states.rah,0.09,0.02,False,0.5577680812178123,True,False,31,0,30,12,13,17,False,False,1.3,0.8,9.707790127322369e-13,False
7.343200480783965,11.996588375459659,4.653387894675694,8.013400614064995,14673330.466888333,4910700.0,0.002075972318465902,14458727.729779003,14458727.729779003,0.9853746402295239,14458727.729779003,0.9853746402295239,14458727.729779003,0.9853746402295239,214602.73710933022,14673330.466888333,0.6966386366642122,98200.0,98200.0,4900505.522735709,0.43124462072637787,0.43124462072637787,0.43124462072637787,True,0.7380939146868483,0.0,0.0,14458727.729779003,CONTINUED_TO_HOUSEHOLD_BATCH,5529281.805336166,True,True,5529281.80533731,4900505.522735975,0.09,14673330.466888333,1.0,56.306332029899856,5529281.805336166,0.22194002673104365,0.09,0.24694002673104365,0.6966386366642122,0.2325334468596563,0.8,C1_RESIDUAL_LEVEL__NO_C0_ACTION,HJB_CONVERGED,True,14,8.445191657102669e-09,0.6966386366642122,13.052721308411668,0.08665869422936798,0.02,DIAGNOSTIC_ONLY,2.5234805564600116e-17,True,0.14601881243209083,3.72806650129807,1.997993133384668e-06,False,0.014625359770476121,海南,20,False,True,turn_16.one_turn.capital.household_illiquid_return_rah -> steady_state._post_turn_states.rah,0.09,0.02,False,0.43124462072637787,True,False,31,0,30,12,13,17,True,False,1.3,0.8,5.417888360170764e-14,False
7.320881523075839,11.987478454474134,4.666596931398296,8.854154693423997,50663834.63130832,21588800.0,0.00069821624236166,50452053.300357655,50452053.300357655,0.9958198716600937,50452053.300357655,0.9958198716600937,50452053.300357655,0.9958198716600937,211781.33095066476,50663834.63130832,0.6837267291387037,316300.0,316300.0,21603873.650813095,0.7557652302563093,0.7557652302563093,0.7557652302563093,True,0.7380939146868483,0.0,0.0,50452053.300357655,CONTINUED_TO_HOUSEHOLD_BATCH,5697456.550546298,True,True,5697456.550526346,21603873.65079328,0.09,50663834.63130832,1.0,18.01282500963104,5697456.550546298,0.2948835224605593,0.09,0.31988352246055934,0.6837267291387037,1.0093525156754857,1.0093525156754857,C1_RESIDUAL_LEVEL__NO_C0_ACTION,HJB_CONVERGED,True,13,8.974004650497136e-09,0.6837267291387037,14.679935429772096,0.08592876222655296,0.02,DIAGNOSTIC_ONLY,2.3920210430461442e-17,True,0.13449282023449516,3.9149394538607294,1.0727389357922945e-06,False,0.00418012833990643,重庆,21,False,True,turn_16.one_turn.capital.household_illiquid_return_rah -> steady_state._post_turn_states.rah,0.09,0.02,False,0.7557652302563093,True,False,31,0,30,12,13,17,False,False,1.3,0.8,9.172662629453043e-13,False
7.3217839248369785,11.985774736310484,4.663990811473505,8.782974903765393,94830047.41899477,42902100.0,0.0021432962326844995,94616775.91479854,94616775.91479854,0.9977510134182058,94616775.91479854,0.9977510134182058,94616775.91479854,0.9977510134182058,213271.50419623047,94830047.41899477,0.6819619465081053,832100.0,832100.0,42810148.090695746,0.9358547875920058,0.9358547875920058,0.9358547875920058,True,0.7380939146868483,0.0,0.0,94616775.91479854,CONTINUED_TO_HOUSEHOLD_BATCH,5862546.456966721,True,True,5862546.456967893,42810148.09069798,0.09,94830047.41899477,1.0,7.045483063293741,5862546.456966721,0.31499658046992046,0.09,0.3399965804699205,0.6819619465081053,1.9514983306597637,1.3,C1_RESIDUAL_LEVEL__NO_C0_ACTION,HJB_CONVERGED,True,14,1.6719750028926228e-09,0.6819619465081053,14.65638681249645,0.08906223525666729,0.02,DIAGNOSTIC_ONLY,1.489824423945279e-17,True,0.12997154423256424,4.041249940766996,1.1423902954721399e-06,False,0.002248986581794237,四川,22,False,True,turn_16.one_turn.capital.household_illiquid_return_rah -> steady_state._post_turn_states.rah,0.09,0.02,False,0.9358547875920058,True,False,31,0,30,12,13,17,False,True,1.3,0.8,5.218048215738236e-14,False
7.326464807863813,11.987109595488546,4.660644787624733,8.587195902355257,39447014.665611394,15353200.0,4.987852289894956e-05,39231679.43743419,39231679.43743419,0.9945411527335445,39231679.43743419,0.9945411527335445,39231679.43743419,0.9945411527335445,215335.22817720243,39447014.665611394,0.6843341640563382,382200.0,382200.0,15352434.205062227,0.6531605820813702,0.6531605820813702,0.6531605820813702,True,0.7380939146868483,0.0,0.0,39231679.43743419,CONTINUED_TO_HOUSEHOLD_BATCH,5463539.52792838,True,True,5463539.527929468,15352434.205063028,0.09,39447014.665611394,1.0,14.2949752169764,5463539.52792838,0.26525656030062317,0.09,0.2902565603006232,0.6843341640563382,0.7436285597546686,0.8,C1_RESIDUAL_LEVEL__NO_C0_ACTION,HJB_CONVERGED,True,14,2.0419612667410547e-09,0.6843341640563382,14.294245579191323,0.08979022288591987,0.02,DIAGNOSTIC_ONLY,1.6156840634288716e-17,True,0.13142370118527924,4.0235665823310685,3.0680697702401005e-06,False,0.0054588472664554915,贵州,23,False,True,turn_16.one_turn.capital.household_illiquid_return_rah -> steady_state._post_turn_states.rah,0.09,0.02,False,0.6531605820813702,True,False,31,0,30,12,13,17,True,False,1.3,0.8,5.218048215738236e-14,False
7.334525095018325,11.99248515191232,4.657960056893994,8.31287064770387,68611984.86091176,20880600.0,0.0019205278649719881,68400716.53079028,68400716.53079028,0.9969208246846415,68400716.53079028,0.9969208246846415,68400716.53079028,0.9969208246846415,211268.33012146514,68611984.86091176,0.6913700767649943,470300.0,470300.0,20840498.225862667,0.5861329189742354,0.5861329189742354,0.5861329189742354,True,0.7380939146868483,0.0,0.0,68400716.53079028,CONTINUED_TO_HOUSEHOLD_BATCH,5576483.265640553,True,True,5576483.265592145,20840498.225815285,0.09,68611984.86091176,1.0,11.857289529322886,5576483.265640553,0.19853919658543928,0.09,0.22353919658543928,0.6913700767649943,0.9759492396860844,0.9759492396860844,C1_RESIDUAL_LEVEL__NO_C0_ACTION,HJB_CONVERGED,True,14,1.4588699137618732e-09,0.6913700767649943,13.648197400898397,0.08689841177987415,0.02,DIAGNOSTIC_ONLY,2.579012049711414e-17,True,0.14068058146680307,3.819695277494061,5.5711183510887e-07,False,0.0030791753153584208,云南,24,False,True,turn_16.one_turn.capital.household_illiquid_return_rah -> steady_state._post_turn_states.rah,0.09,0.02,False,0.5861329189742354,True,False,31,0,30,12,13,17,False,False,1.3,0.8,2.2735147098273956e-12,False
8.171324622680848,10.127062629896042,1.9557380072151946,7.603047014983418,6325734.326183821,1548400.0,0.0021660255764155423,6110781.991678673,6110781.991678673,0.9660193863002741,6110781.991678673,0.9660193863002741,6110781.991678673,0.9660193863002741,214952.3345051484,6325734.326183821,0.6622438472107056,35400.0,35400.0,1545046.1259974781,0.2539305050273779,0.2539305050273779,0.2539305050273779,True,0.7380939146868483,0.0,0.0,6110781.991678673,CONTINUED_TO_HOUSEHOLD_BATCH,5453102.486801212,True,True,5453102.486802355,1545046.125997563,0.09,6325734.326183821,1.0,154.04244312997773,5453102.486801212,0.15311518140033067,0.09,0.17811518140033067,0.6622438472107056,0.0733165786333073,0.8,C1_RESIDUAL_LEVEL__NO_C0_ACTION,HJB_CONVERGED,True,16,2.7161335403036446e-09,0.6622438472107056,11.590655576052342,0.0846708123216228,0.02,DIAGNOSTIC_ONLY,1.754205233763656e-17,True,0.0006551466681903059,0.8070174229629711,2.5308138286161963e-06,False,0.03398061369972591,西藏,25,False,True,turn_16.one_turn.capital.household_illiquid_return_rah -> steady_state._post_turn_states.rah,0.09,0.02,False,0.2539305050273779,True,False,31,0,30,12,13,17,True,False,1.3,0.8,5.484501741648273e-14,False
7.316235364016201,11.987012937953445,4.670777573937243,9.080101983972057,73897910.2910824,23941900.0,0.004298391906130572,73689226.0836809,73689226.0836809,0.997176047244374,73689226.0836809,0.997176047244374,73689226.0836809,0.997176047244374,208684.2074014922,73897910.2910824,0.6821367601575486,393100.0,393100.0,24044811.669177387,0.6338518706666324,0.6338518706666324,0.6338518706666324,True,0.7380939146868483,0.0,0.0,73689226.0836809,CONTINUED_TO_HOUSEHOLD_BATCH,5792923.738278137,True,True,5792923.738255071,24044811.669152312,0.09,73897910.2910824,1.0,14.73651421591996,5792923.738278137,0.21526434384334184,0.09,0.24026434384334183,0.6821367601575486,1.087571041858713,1.087571041858713,C1_RESIDUAL_LEVEL__NO_C0_ACTION,HJB_CONVERGED,True,25,4.312017409802138e-11,0.6821367601575486,15.053260555237802,0.0840388574782257,0.02,DIAGNOSTIC_ONLY,1.7509865085640897e-17,True,0.1348764072906159,3.881882181671251,1.554866204123151e-06,False,0.0028239527556258256,陕西,26,False,True,turn_16.one_turn.capital.household_illiquid_return_rah -> steady_state._post_turn_states.rah,0.09,0.02,False,0.6338518706666324,True,False,31,0,30,12,13,17,False,False,1.3,0.8,1.042943509332872e-12,False
7.328895705725223,11.98789773590732,4.659002030182096,8.4881768207403,25177704.67938732,8104100.0,0.006066638285550541,24962132.869681112,24962132.869681112,0.9914379879956773,24962132.869681112,0.9914379879956773,24962132.869681112,0.9914379879956773,215571.80970620617,25177704.67938732,0.6857072746582901,251500.0,251500.0,8153264.6433299305,0.4815843645010798,0.4815843645010798,0.4815843645010798,True,0.7380939146868483,0.0,0.0,24962132.869681112,CONTINUED_TO_HOUSEHOLD_BATCH,5532599.009144335,True,True,5532599.009145437,8153264.643330355,0.09,25177704.67938732,1.0,21.998405602959583,5532599.009144335,0.2140623214392062,0.09,0.2390623214392062,0.6857072746582901,0.38603976051939437,0.8,C1_RESIDUAL_LEVEL__NO_C0_ACTION,HJB_CONVERGED,True,13,2.0505399156434123e-08,0.6857072746582901,14.105439715808464,0.09,0.02,DIAGNOSTIC_ONLY,1.2972741481320753e-17,True,0.13245670821542077,4.006884718069553,1.8692650871621197e-07,False,0.008562012004322704,甘肃,27,False,True,turn_16.one_turn.capital.household_illiquid_return_rah -> steady_state._post_turn_states.rah,0.09,0.02,False,0.4815843645010798,True,False,31,0,30,12,13,17,True,False,1.3,0.8,5.206945985491984e-14,False
7.34540027377593,12.00598808717078,4.66058781339485,8.099696673392883,17578407.529567722,2748000.0,0.002115271383233197,17365178.187046025,17365178.187046025,0.9878698145913937,17365178.187046025,0.9878698145913937,17365178.187046025,0.9878698145913937,213229.34252169557,17578407.529567722,0.7068478431988773,58700.0,58700.0,2742187.234238875,0.2111711647722934,0.2111711647722934,0.2111711647722934,True,0.7380939146868483,0.0,0.0,17365178.187046025,CONTINUED_TO_HOUSEHOLD_BATCH,5531285.781690921,True,True,5531285.78169206,2742187.234239023,0.08784757593701617,17578407.529567722,1.0,94.2297407443087,5531285.781690921,0.08784757593701008,0.08784757593701008,0.11224266570897168,0.7068478431988773,0.12657425159466512,0.8,C1_RESIDUAL_LEVEL__NO_C0_ACTION,HJB_CONVERGED,True,26,9.653744470483616e-11,0.7068478431988773,12.801260741747415,0.07463275752472244,0.02,DIAGNOSTIC_ONLY,1.3277806292697415e-17,True,0.1747354799879574,3.215266364485327,1.8938319761296896e-06,False,0.01213018540860619,青海,28,False,False,turn_16.one_turn.capital.household_illiquid_return_rah -> steady_state._post_turn_states.rah,0.09,0.02,False,0.2111711647722934,True,False,31,0,30,12,13,17,True,False,1.3,0.8,5.395683899678261e-14,False
7.330635532631166,11.999668580185435,4.669033047554269,8.724768731631753,18640640.44456374,3510200.0,0.002093299429092421,18427372.6071267,18427372.6071267,0.988558985509576,18427372.6071267,0.988558985509576,18427372.6071267,0.988558985509576,213267.8374370391,18640640.44456374,0.6930013830101399,71000.0,71000.0,3502852.100344,0.25704566563666087,0.25704566563666087,0.25704566563666087,True,0.7380939146868483,0.0,0.0,18427372.6071267,CONTINUED_TO_HOUSEHOLD_BATCH,5636408.191490839,True,True,5636408.191491998,3502852.1003441885,0.09,18640640.44456374,1.0,79.38603086606815,5636408.191490839,0.11092578858669991,0.09,0.13586290162520176,0.6930013830101399,0.15943851554719488,0.8,C1_RESIDUAL_LEVEL__NO_C0_ACTION,HJB_CONVERGED,True,27,3.0176217080679635e-10,0.6930013830101399,14.1429073896082,0.07895703925417577,0.02,DIAGNOSTIC_ONLY,1.6270655883807855e-17,True,0.15120630721051648,3.546009745704945,1.9042328699425681e-06,False,0.01144101449042409,宁夏,29,False,True,turn_16.one_turn.capital.household_illiquid_return_rah -> steady_state._post_turn_states.rah,0.09,0.02,False,0.25704566563666087,True,False,31,0,30,12,13,17,True,False,1.3,0.8,5.384581669432009e-14,False
8.182963780430388,10.142528388176391,1.9595646077460036,7.278660293527715,49250553.031937115,12809400.0,3.878987843730641e-05,49040338.37791543,49040338.37791543,0.9957317300805664,49040338.37791543,0.9957317300805664,49040338.37791543,0.9957317300805664,210214.65402168856,49250553.031937115,0.6689125394520108,252000.0,252000.0,12808903.124931145,0.4695876658129632,0.4695876658129632,0.4695876658129632,True,0.7380939146868483,0.0,0.0,49040338.37791543,CONTINUED_TO_HOUSEHOLD_BATCH,5159529.302462842,True,True,5159529.302463846,12808903.124931797,0.09,49250553.031937115,1.0,20.474322628820804,5159529.302462842,0.16511889149639736,0.09,0.19011889149639735,0.6689125394520108,0.6439620380585356,0.8,C1_RESIDUAL_LEVEL__NO_C0_ACTION,HJB_CONVERGED,True,16,2.6740796243984732e-09,0.6689125394520108,10.963186479340923,0.08353198676965347,0.02,DIAGNOSTIC_ONLY,7.008350605582081e-18,True,0.14628383575941362,0.7878897574252819,2.9769500928811254e-06,False,0.004268269919433643,新疆,30,False,True,turn_16.one_turn.capital.household_illiquid_return_rah -> steady_state._post_turn_states.rah,0.09,0.02,False,0.4695876658129632,True,False,31,0,30,12,13,17,True,False,1.3,0.8,5.084821452783217e-14,False
7.322074041390446,11.995635324229944,4.673561282839498,9.049757639069943,58719043.066994764,33106000.0,0.0020481212859876363,58510809.39250095,58510809.39250095,0.996453728405345,58510809.39250095,0.996453728405345,58510809.39250095,0.996453728405345,208233.6744938105,58719043.066994764,0.6883177331559059,219200.0,219200.0,33038194.896706093,1.026364744857471,1.026364744857471,1.026364744857471,True,0.7380939146868483,0.0,0.0,58510809.39250095,CONTINUED_TO_HOUSEHOLD_BATCH,5915517.185661315,True,True,5915517.185661382,33038194.89670619,0.09,58719043.066994764,1.0,26.986848474732277,5915517.185661315,0.40633797203053745,0.09,0.4313379720305375,0.6883177331559059,1.5192802967190175,1.3,C1_RESIDUAL_LEVEL__NO_C0_ACTION,HJB_CONVERGED,True,25,1.2138667848660134e-09,0.6883177331559059,14.764397243491363,0.07859257477835797,0.02,DIAGNOSTIC_ONLY,1.0408340855860843e-17,True,0.14681733427349122,3.6076001971902034,6.712202870184925e-07,False,0.0035462715946550575,北京,0,False,True,turn_17.one_turn.capital.household_illiquid_return_rah -> steady_state._post_turn_states.rah,0.09,0.02,False,1.026364744857471,True,False,31,0,30,12,13,18,False,True,1.3,0.8,2.886579864025407e-15,False
7.308369142076026,11.984120021337553,4.6757508792615265,9.212026234679927,64593598.72309723,13362900.0,2.8108901154455523e-05,64388134.387914516,64388134.387914516,0.9968191223396067,64388134.387914516,0.9968191223396067,64388134.387914516,0.9968191223396067,205464.33518271468,64593598.72309723,0.6979253142407955,138300.0,138300.0,13362524.383564763,0.3943630348293412,0.3943630348293412,0.3943630348293412,True,0.7380939146868483,0.0,0.0,64388134.387914516,CONTINUED_TO_HOUSEHOLD_BATCH,5499853.7990304865,True,True,5499853.79903055,13362524.383564804,0.09,64593598.72309723,1.0,39.76756181511559,5499853.7990304865,0.12499980138327929,0.09,0.14999980138327929,0.6979253142407955,0.6251194111449347,0.8,C1_RESIDUAL_LEVEL__NO_C0_ACTION,HJB_CONVERGED,True,25,8.814478924534797e-09,0.6979253142407955,14.587141943096276,0.06490309855747681,0.02,DIAGNOSTIC_ONLY,2.035711719101061e-17,True,0.1636738061102858,3.048077163690289,1.107716391723912e-06,False,0.0031808776603933857,天津,1,False,True,turn_17.one_turn.capital.household_illiquid_return_rah -> steady_state._post_turn_states.rah,0.09,0.02,False,0.3943630348293412,True,False,31,0,30,12,13,18,True,False,1.3,0.8,3.1086244689504383e-15,False
7.316250601590696,11.985257536543378,4.669006934952682,9.038906562065387,113705229.18254791,32494600.0,0.0021132524231894934,113497505.78131609,113497505.78131609,0.9981731411763101,113497505.78131609,0.9981731411763101,113497505.78131609,0.9981731411763101,207723.40123182922,113705229.18254791,0.6805037567576253,742600.0,742600.0,32425930.707809426,0.6175565659297677,0.6175565659297677,0.6175565659297677,True,0.7380939146868483,0.0,0.0,113497505.78131609,CONTINUED_TO_HOUSEHOLD_BATCH,5950312.254619278,True,True,5950312.254619344,32425930.70780952,0.09,113705229.18254791,1.0,8.0128093921617,5950312.254619278,0.1842729189345708,0.09,0.20927291893457078,0.6805037567576253,1.4190172583986276,1.3,C1_RESIDUAL_LEVEL__NO_C0_ACTION,HJB_CONVERGED,True,13,2.9254580979909406e-08,0.6805037567576253,15.065143692740008,0.08640795021977439,0.02,DIAGNOSTIC_ONLY,1.7374125193147474e-17,True,0.13109988365917571,3.9836127025855297,4.706287938249787e-07,False,0.0018268588236899815,河北,2,False,True,turn_17.one_turn.capital.household_illiquid_return_rah -> steady_state._post_turn_states.rah,0.09,0.02,False,0.6175565659297677,True,False,31,0,30,12,13,18,False,True,1.3,0.8,2.886579864025407e-15,False
7.31862140056426,11.986185589054335,4.667564188490075,8.939101285381389,53478727.38884524,15958100.0,4.923625161457057e-05,53266829.43896172,53266829.43896172,0.9960377151770496,53266829.43896172,0.9960377151770496,53266829.43896172,0.9960377151770496,211897.94988351746,53478727.38884524,0.681967469005112,350200.0,350200.0,15957314.282973109,0.541543979367176,0.541543979367176,0.541543979367176,True,0.7380939146868483,0.0,0.0,53266829.43896172,CONTINUED_TO_HOUSEHOLD_BATCH,5493265.807276701,True,True,5493265.80727676,15957314.282973154,0.09,53478727.38884524,1.0,15.686081688397204,5493265.807276701,0.19441424655982953,0.09,0.21941424655982952,0.681967469005112,0.7579651488346956,0.8,C1_RESIDUAL_LEVEL__NO_C0_ACTION,HJB_CONVERGED,True,13,9.67499720339049e-08,0.681967469005112,14.867921156092507,0.08643568421810947,0.02,DIAGNOSTIC_ONLY,2.5546513689189698e-17,True,0.13239782271492603,3.959982065131504,1.2315163491205539e-06,False,0.0039622848229502895,山西,3,False,True,turn_17.one_turn.capital.household_illiquid_return_rah -> steady_state._post_turn_states.rah,0.09,0.02,False,0.541543979367176,True,False,31,0,30,12,13,18,True,False,1.3,0.8,2.7755575615628914e-15,False
7.328991435488902,12.001912643362427,4.672921207873526,8.862074422493638,82165502.99427319,16140800.0,4.481142420897921e-05,81961499.33892635,81961499.33892635,0.9975171617295271,81961499.33892635,0.9975171617295271,81961499.33892635,0.9975171617295271,204003.65534684068,82165502.99427319,0.6960763657341184,242200.0,242200.0,16140076.707764128,0.4001484797007443,0.4001484797007443,0.4001484797007443,True,0.7380939146868483,0.0,0.0,81961499.33892635,CONTINUED_TO_HOUSEHOLD_BATCH,5430725.410988284,True,True,5430725.410988345,16140076.707764175,0.09,82165502.99427319,1.0,22.422483117210092,5430725.410988284,0.11720605414389176,0.09,0.14220605414389176,0.6960763657341184,0.7634554931735651,0.8,C1_RESIDUAL_LEVEL__NO_C0_ACTION,HJB_CONVERGED,True,25,2.608712357243803e-09,0.6960763657341184,14.208784118463349,0.07370571137813402,0.02,DIAGNOSTIC_ONLY,1.8938682315992434e-17,True,0.16264200081541655,3.3368833269987093,1.199821589192851e-06,False,0.0024828382704729433,内蒙古,4,False,True,turn_17.one_turn.capital.household_illiquid_return_rah -> steady_state._post_turn_states.rah,0.09,0.02,False,0.4001484797007443,True,False,31,0,30,12,13,18,True,False,1.3,0.8,2.886579864025407e-15,False
7.334378411081598,11.996943474214234,4.662565063132635,8.437943926296951,90061052.78222083,23510500.0,0.003730806100972428,89854895.94912705,89854895.94912705,0.9977109213502946,89854895.94912705,0.9977109213502946,89854895.94912705,0.9977109213502946,206156.83309377998,90061052.78222083,0.6936994465488041,429100.0,429100.0,23598213.116836913,0.5406300280912503,0.5406300280912503,0.5406300280912503,True,0.7380939146868483,0.0,0.0,89854895.94912705,CONTINUED_TO_HOUSEHOLD_BATCH,5668957.563227673,True,True,5668957.563234338,23598213.116844177,0.09,90061052.78222083,1.0,13.211273743247897,5668957.563227673,0.16660041911565765,0.09,0.19160041911565764,0.6936994465488041,1.0801006630949885,1.0801006630949885,C1_RESIDUAL_LEVEL__NO_C0_ACTION,HJB_CONVERGED,True,15,9.504106568414272e-08,0.6936994465488041,13.728680227658963,0.08254872517025603,0.02,DIAGNOSTIC_ONLY,1.496198998029996e-17,True,0.14766144547506077,3.648571948224075,5.856942472126647e-07,False,0.0022890786497054795,辽宁,5,False,True,turn_17.one_turn.capital.household_illiquid_return_rah -> steady_state._post_turn_states.rah,0.09,0.02,False,0.5406300280912503,True,False,31,0,30,12,13,18,False,False,1.3,0.8,3.078648447285559e-13,False
7.349657793636352,12.010628437774393,4.660970644138041,8.125122814291478,66308917.7271201,11253800.0,0.007556323724980052,66101646.399014525,66101646.399014525,0.9968741560681392,66101646.399014525,0.9968741560681392,66101646.399014525,0.9968741560681392,207271.32810557802,66308917.7271201,0.7034096107727786,248400.0,248400.0,11168762.64406382,0.3250442085976263,0.3250442085976263,0.3250442085976263,True,0.7380939146868483,0.0,0.0,66101646.399014525,CONTINUED_TO_HOUSEHOLD_BATCH,5388290.346454342,True,True,5388290.346454402,11168762.644063853,0.09,66308917.7271201,1.0,21.69199012260202,5388290.346454342,0.09684133824318725,0.09,0.12142006770937022,0.7034096107727786,0.5302069122308618,0.8,C1_RESIDUAL_LEVEL__NO_C0_ACTION,HJB_CONVERGED,True,25,4.862233282665329e-08,0.7034096107727786,12.964826159584504,0.07865644460850069,0.02,DIAGNOSTIC_ONLY,1.7076184216646695e-17,True,0.16278330411288713,3.3780796922436402,8.7542522098083e-07,False,0.0031258439318608395,吉林,6,False,True,turn_17.one_turn.capital.household_illiquid_return_rah -> steady_state._post_turn_states.rah,0.09,0.02,False,0.3250442085976263,True,False,31,0,30,12,13,18,True,False,1.3,0.8,2.9976021664879227e-15,False
7.360661035488773,12.007192505514492,4.646531470025719,7.517194169187615,58424879.89838116,12846500.0,3.9775486726845166e-05,58214346.643553525,58214346.643553525,0.9963965136908486,58214346.643553525,0.9963965136908486,58214346.643553525,0.9963965136908486,210533.2548276317,58424879.89838116,0.7073780855766423,332700.0,332700.0,12845989.024209764,0.41270310471903765,0.41270310471903765,0.41270310471903765,True,0.7380939146868483,0.0,0.0,58214346.643553525,CONTINUED_TO_HOUSEHOLD_BATCH,5277794.682513156,True,True,5277794.682513215,12845989.024209801,0.09,58424879.89838116,1.0,15.863524744554121,5277794.682513156,0.13474305493254474,0.09,0.15974305493254473,0.7073780855766423,0.6274820218136057,0.8,C1_RESIDUAL_LEVEL__NO_C0_ACTION,HJB_CONVERGED,True,26,2.0279308454718148e-08,0.7073780855766423,12.026511476971852,0.08488047609984661,0.02,DIAGNOSTIC_ONLY,1.0963408618677809e-17,True,0.15883601078496462,3.5086499514212193,1.2247317240365874e-06,False,0.0036034863091514062,黑龙江,7,False,True,turn_17.one_turn.capital.household_illiquid_return_rah -> steady_state._post_turn_states.rah,0.09,0.02,False,0.41270310471903765,True,False,31,0,30,12,13,18,True,False,1.3,0.8,2.886579864025407e-15,False
7.321981096973278,11.99552371053922,4.673542613565943,9.050755312885904,66125294.30800852,36011800.0,0.0020662810694573874,65917973.06089598,65917973.06089598,0.9968647209924413,65917973.06089598,0.9968647209924413,65917973.06089598,0.9968647209924413,207321.24711254312,66125294.30800852,0.6882479251598821,247500.0,247500.0,35937389.49938291,1.0227253445056632,1.0227253445056632,1.0227253445056632,True,0.7380939146868483,0.0,0.0,65917973.06089598,CONTINUED_TO_HOUSEHOLD_BATCH,5915291.2481366955,True,True,5915291.248136759,35937389.49938301,0.09,66125294.30800852,1.0,23.900166659138165,5915291.2481366955,0.3903561961724485,0.09,0.4153561961724485,0.6882479251598821,1.647578603932743,1.3,C1_RESIDUAL_LEVEL__NO_C0_ACTION,HJB_CONVERGED,True,25,2.6926438856378354e-09,0.6882479251598821,14.768471514782505,0.07864081161682361,0.02,DIAGNOSTIC_ONLY,1.6347583595845092e-17,True,0.14668890042076976,3.6102664860786255,6.447733974512815e-07,False,0.0031352790075587487,上海,8,False,True,turn_17.one_turn.capital.household_illiquid_return_rah -> steady_state._post_turn_states.rah,0.09,0.02,False,1.0227253445056632,True,False,31,0,30,12,13,18,False,True,1.3,0.8,2.6645352591003757e-15,False
7.312970466765053,11.988910715959005,4.6759402491939515,9.32023257743953,203535217.25929242,93207600.0,0.002181966928658352,203343357.86904544,203343357.86904544,0.9990573651438288,203343357.86904544,0.9990573651438288,203343357.86904544,0.9990573651438288,191859.39024699535,203535217.25929242,0.6822544280357157,844600.0,844600.0,93004224.09930038,1.1603289174497986,1.1603289174497986,1.1603289174497986,True,0.7380939146868483,0.0,0.0,203343357.86904544,CONTINUED_TO_HOUSEHOLD_BATCH,5799097.864735444,True,True,5799097.864735503,93004224.09930062,0.09,203535217.25929242,1.0,6.866087928884021,5799097.864735444,0.3194411839214052,0.09,0.3444411839214052,0.6822544280357157,4.289712289041951,1.3,C1_RESIDUAL_LEVEL__NO_C0_ACTION,HJB_CONVERGED,True,15,6.951283992862045e-10,0.6822544280357157,15.378211159173183,0.08042887556155788,0.02,DIAGNOSTIC_ONLY,1.54227759036063e-17,True,0.13872054881899634,3.7643048866584867,4.4224784834234754e-07,False,0.0009426348561712407,江苏,9,False,True,turn_17.one_turn.capital.household_illiquid_return_rah -> steady_state._post_turn_states.rah,0.09,0.02,False,1.1603289174497986,True,False,31,0,30,12,13,18,False,True,1.3,0.8,2.55351295663786e-15,False
7.316058077363409,11.987520650553966,4.671462573190557,9.103552980423775,124249656.20818298,58002800.0,0.0021451654412890653,124046336.28831807,124046336.28831807,0.9983636178475678,124046336.28831807,0.9983636178475678,124046336.28831807,0.9983636178475678,203319.91986491252,124249656.20818298,0.6824624563457117,627300.0,627300.0,57878374.397942,1.0369336001179625,1.0369336001179625,1.0369336001179625,True,0.7380939146868483,0.0,0.0,124046336.28831807,CONTINUED_TO_HOUSEHOLD_BATCH,5852883.334764055,True,True,5852883.3347641155,57878374.39794215,0.09,124249656.20818298,1.0,9.330277912903005,5852883.334764055,0.3266283926117616,0.09,0.3516283926117616,0.6824624563457117,2.6487637744949053,1.3,C1_RESIDUAL_LEVEL__NO_C0_ACTION,HJB_CONVERGED,True,18,6.721201373238728e-11,0.6824624563457117,15.071920446410811,0.08335289970218862,0.02,DIAGNOSTIC_ONLY,1.93076132486898e-17,True,0.135868514031337,3.8547562793264913,4.877386960977503e-07,False,0.0016363821524322418,浙江,10,False,True,turn_17.one_turn.capital.household_illiquid_return_rah -> steady_state._post_turn_states.rah,0.09,0.02,False,1.0369336001179625,True,False,31,0,30,12,13,18,False,True,1.3,0.8,2.55351295663786e-15,False
7.314684760283496,11.983278641540311,4.668593881256815,9.09275162387702,70182433.35888097,34010900.0,0.0021098769767086134,69968726.4804038,69968726.4804038,0.996954980495128,69968726.4804038,0.996954980495128,69968726.4804038,0.996954980495128,213706.87847717234,70182433.35888097,0.6774362058429299,607600.0,607600.0,33939141.18513286,0.9221011048681041,0.9221011048681041,0.9221011048681041,True,0.7380939146868483,0.0,0.0,69968726.4804038,CONTINUED_TO_HOUSEHOLD_BATCH,5969997.026943396,True,True,5969997.026943462,33939141.185132965,0.09,70182433.35888097,1.0,9.825538227359111,5969997.026943396,0.341066275102682,0.09,0.366066275102682,0.6774362058429299,1.5270314853627407,1.3,C1_RESIDUAL_LEVEL__NO_C0_ACTION,HJB_CONVERGED,True,14,1.4083845201184886e-10,0.6774362058429299,15.269964772028358,0.08895775431924248,0.02,DIAGNOSTIC_ONLY,1.1815449889330418e-17,True,0.1261115533425517,4.115122548212548,5.158758346057724e-07,False,0.003045019504872007,安徽,11,False,True,turn_17.one_turn.capital.household_illiquid_return_rah -> steady_state._post_turn_states.rah,0.09,0.02,False,0.9221011048681041,True,False,31,0,30,12,13,18,False,True,1.3,0.8,3.1086244689504383e-15,False
7.322335328624125,11.991430474681387,4.669095146057261,8.886944691067377,87795538.11850408,38687800.0,0.0021015598012308345,87589287.31244677,87589287.31244677,0.9976507825969594,87589287.31244677,0.9976507825969594,87589287.31244677,0.9976507825969594,206250.8060572984,87795538.11850408,0.686839425770902,410400.0,410400.0,38606495.27472194,0.8921644600055767,0.8921644600055767,0.8921644600055767,True,0.7380939146868483,0.0,0.0,87589287.31244677,CONTINUED_TO_HOUSEHOLD_BATCH,5892713.621327653,True,True,5892713.621327715,38606495.274722055,0.09,87795538.11850408,1.0,14.358463989589797,5892713.621327653,0.30556602035076624,0.09,0.33056602035076627,0.686839425770902,1.7476291641636779,1.3,C1_RESIDUAL_LEVEL__NO_C0_ACTION,HJB_CONVERGED,True,15,6.802139296269161e-09,0.686839425770902,14.599595103374247,0.08227335879717018,0.02,DIAGNOSTIC_ONLY,1.6534083130403943e-17,True,0.14117837999703223,3.749198314917904,5.59889072770936e-07,False,0.0023492174030405348,福建,12,False,True,turn_17.one_turn.capital.household_illiquid_return_rah -> steady_state._post_turn_states.rah,0.09,0.02,False,0.8921644600055767,True,False,31,0,30,12,13,18,False,True,1.3,0.8,2.886579864025407e-15,False
7.317893316583017,11.984333561365865,4.666440244782848,8.950563321462601,51050047.92908307,22716500.0,0.002307462108269265,50835646.8284927,50835646.8284927,0.9958001782703866,50835646.8284927,0.9958001782703866,50835646.8284927,0.9958001782703866,214401.10059037356,51050047.92908307,0.6793848587922123,451300.0,451300.0,22768917.462982498,0.7893560257063097,0.7893560257063097,0.7893560257063097,True,0.7380939146868483,0.0,0.0,50835646.8284927,CONTINUED_TO_HOUSEHOLD_BATCH,5772603.381179928,True,True,5772603.381165149,22768917.46296723,0.09,51050047.92908307,1.0,12.791055575404227,5772603.381179928,0.3106195617115464,0.09,0.33561956171154644,0.6793848587922123,1.053187425391176,1.053187425391176,C1_RESIDUAL_LEVEL__NO_C0_ACTION,HJB_CONVERGED,True,14,4.388183150183522e-10,0.6793848587922123,14.992371131998949,0.08911958485106085,0.02,DIAGNOSTIC_ONLY,1.8641806714610567e-17,True,0.1276641446645464,4.086833333248637,3.801468517750095e-07,False,0.004199821729613497,江西,13,False,True,turn_17.one_turn.capital.household_illiquid_return_rah -> steady_state._post_turn_states.rah,0.09,0.02,False,0.7893560257063097,True,False,31,0,30,12,13,18,False,False,1.3,0.8,6.705747068735946e-13,False
7.312388456645544,11.986511753100224,4.67412329645468,9.273206791318938,210016973.07581103,66648899.99999999,0.002168884717853592,209823149.66501826,209823149.66501826,0.9990771059693219,209823149.66501826,0.9990771059693219,209823149.66501826,0.9990771059693219,193823.41079277606,210016973.07581103,0.680662113556025,1007700.0,1007700.0,66504346.21932824,0.8090038132922267,0.8090038132922267,0.8090038132922267,True,0.7380939146868483,0.0,0.0,209823149.66501826,CONTINUED_TO_HOUSEHOLD_BATCH,5846649.340911281,True,True,5846649.340911346,66504346.21932843,0.09,210016973.07581103,1.0,5.801974140033027,5846649.340911281,0.20851193776357418,0.09,0.23351193776357418,0.680662113556025,2.976393858598106,1.3,C1_RESIDUAL_LEVEL__NO_C0_ACTION,HJB_CONVERGED,True,16,5.62134783166357e-11,0.680662113556025,15.379432436922597,0.08264892144596599,0.02,DIAGNOSTIC_ONLY,1.676377758125285e-17,True,0.13489232201888543,3.8619650275679973,4.184032562637441e-07,False,0.0009228940306782277,山东,14,False,True,turn_17.one_turn.capital.household_illiquid_return_rah -> steady_state._post_turn_states.rah,0.09,0.02,False,0.8090038132922267,True,False,31,0,30,12,13,18,False,True,1.3,0.8,2.886579864025407e-15,False
7.311032040585534,11.983963375305718,4.672931334720184,9.279353694680319,168320556.01470312,49935900.0,0.0021550172502924347,168118845.78268713,168118845.78268713,0.9988016304318863,168118845.78268713,0.9988016304318863,168118845.78268713,0.9988016304318863,201710.2320160089,168320556.01470312,0.6780916213875042,986400.0,986400.0,49828287.274091125,0.7116861984516236,0.7116861984516236,0.7116861984516236,True,0.7380939146868483,0.0,0.0,168118845.78268713,CONTINUED_TO_HOUSEHOLD_BATCH,5910294.631924235,True,True,5910294.631924298,49828287.27409126,0.09,168320556.01470312,1.0,5.99178287907972,5910294.631924235,0.19260408504732066,0.09,0.21760408504732065,0.6780916213875042,2.199019266265305,1.3,C1_RESIDUAL_LEVEL__NO_C0_ACTION,HJB_CONVERGED,True,13,3.8491765330661565e-09,0.6780916213875042,15.49688427442086,0.08521799176891924,0.02,DIAGNOSTIC_ONLY,1.6619517624551104e-17,True,0.13004035451339796,3.9867063511931304,4.2213634965371227e-07,False,0.0011983695681137669,河南,15,False,True,turn_17.one_turn.capital.household_illiquid_return_rah -> steady_state._post_turn_states.rah,0.09,0.02,False,0.7116861984516236,True,False,31,0,30,12,13,18,False,True,1.3,0.8,2.6645352591003757e-15,False
7.312093316298345,11.984455727824404,4.67236241152606,9.234627885988695,101805153.6623069,42022000.0,0.0021227849017151357,101598064.76999207,101598064.76999207,0.9979658309538851,101598064.76999207,0.9979658309538851,101598064.76999207,0.9979658309538851,207088.8923148437,101805153.6623069,0.6788282007742079,591700.0,591700.0,41932796.33286013,0.8668910887321597,0.8668910887321597,0.8668910887321597,True,0.7380939146868483,0.0,0.0,101598064.76999207,CONTINUED_TO_HOUSEHOLD_BATCH,5940379.289794044,True,True,5940379.289794107,41932796.33286024,0.09,101805153.6623069,1.0,10.039512066577732,5940379.289794044,0.2832831951946111,0.09,0.3082831951946111,0.6788282007742079,1.8747329153804768,1.3,C1_RESIDUAL_LEVEL__NO_C0_ACTION,HJB_CONVERGED,True,13,3.0630178393664664e-09,0.6788282007742079,15.403934352571255,0.08512191332374468,0.02,DIAGNOSTIC_ONLY,1.7003394380471907e-17,True,0.13079471082241045,3.971279214569924,5.0492637060362e-07,False,0.0020341690461149788,湖北,16,False,True,turn_17.one_turn.capital.household_illiquid_return_rah -> steady_state._post_turn_states.rah,0.09,0.02,False,0.8668910887321597,True,False,31,0,30,12,13,18,False,True,1.3,0.8,2.6645352591003757e-15,False
7.315635939643857,11.984520319264924,4.6688843796210655,9.056780810161882,93791807.14892803,36329700.0,0.0021219650565090786,93581691.74507101,93581691.74507101,0.9977597680411106,93581691.74507101,0.9977597680411106,93581691.74507101,0.9977597680411106,210115.40385701673,93791807.14892803,0.679513993822127,663500.0,663500.0,36252609.646086544,0.7959373284760574,0.7959373284760574,0.7959373284760574,True,0.7380939146868483,0.0,0.0,93581691.74507101,CONTINUED_TO_HOUSEHOLD_BATCH,5948262.555797671,True,True,5948262.555797735,36252609.64608665,0.09,93791807.14892803,1.0,8.964977476710883,5948262.555797671,0.26314547300180996,0.09,0.28814547300181,0.679513993822127,1.6122060224694479,1.3,C1_RESIDUAL_LEVEL__NO_C0_ACTION,HJB_CONVERGED,True,13,5.134087865954484e-08,0.679513993822127,15.131457580955269,0.08720574020433906,0.02,DIAGNOSTIC_ONLY,2.729550677487314e-17,True,0.12947834762119073,4.025185689291253,4.910751728592899e-07,False,0.0022402319588893664,湖南,17,False,True,turn_17.one_turn.capital.household_illiquid_return_rah -> steady_state._post_turn_states.rah,0.09,0.02,False,0.7959373284760574,True,False,31,0,30,12,13,18,False,True,1.3,0.8,2.886579864025407e-15,False
7.321941378084963,11.987645892846201,4.665704514761238,8.805599482717895,191259406.86816654,99945200.0,0.002204638187728203,191057332.50787243,191057332.50787243,0.9989434540052015,191057332.50787243,0.9989434540052015,191057332.50787243,0.9989434540052015,202074.3602940983,191259406.86816654,0.6841310149732499,1234800.0,1234800.0,99724856.99539986,1.30644139756687,1.30644139756687,1.30644139756687,True,0.7380939146868483,0.0,0.0,191057332.50787243,CONTINUED_TO_HOUSEHOLD_BATCH,5734851.855629928,True,True,5734851.855629986,99724856.99540013,0.09,191259406.86816654,1.0,4.644356863969816,5734851.855629928,0.37208849771768343,0.09,0.39708849771768345,0.6841310149732499,4.699177749341857,1.3,C1_RESIDUAL_LEVEL__NO_C0_ACTION,HJB_CONVERGED,True,13,1.146080608194211e-08,0.6841310149732499,14.597538474665098,0.08628759033590613,0.02,DIAGNOSTIC_ONLY,1.6536014819522987e-17,True,0.13451744701515728,3.9194076430076294,4.0000613077406655e-07,False,0.001056545994798501,广东,18,False,True,turn_17.one_turn.capital.household_illiquid_return_rah -> steady_state._post_turn_states.rah,0.09,0.02,False,1.30644139756687,True,False,31,0,30,12,13,18,False,True,1.3,0.8,2.6645352591003757e-15,False
7.331588070022754,11.990666606618916,4.659078536596162,8.409992295858208,67306708.83876626,19627800.0,0.005297792439388993,67094689.937517986,67094689.937517986,0.9968499588687931,67094689.937517986,0.9968499588687931,67094689.937517986,0.9968499588687931,212018.90124827332,67306708.83876626,0.6891573470614449,494700.0,494700.0,19523815.98955816,0.5577680812178123,0.5577680812178123,0.5577680812178123,True,0.7380939146868483,0.0,0.0,67094689.937517986,CONTINUED_TO_HOUSEHOLD_BATCH,5544997.934556374,True,True,5544997.934553554,19523815.98955556,0.09,67306708.83876626,1.0,11.208809247132352,5544997.934556374,0.18802728736325075,0.09,0.21302728736325074,0.6891573470614449,0.9175424541834797,0.9175424541834797,C1_RESIDUAL_LEVEL__NO_C0_ACTION,HJB_CONVERGED,True,13,1.8952957869800002e-08,0.6891573470614449,13.863648010721665,0.08756539228616882,0.02,DIAGNOSTIC_ONLY,2.2876665839444144e-17,True,0.13792539518098193,3.8759869681972803,8.118856253958029e-08,False,0.00315004113120679,广西,19,False,True,turn_17.one_turn.capital.household_illiquid_return_rah -> steady_state._post_turn_states.rah,0.09,0.02,False,0.5577680812178123,True,False,31,0,30,12,13,18,False,False,1.3,0.8,1.3322676295501878e-13,False
7.343200480782441,11.99658837545784,4.653387894675399,8.013400614062633,14673330.466888333,4910700.0,0.0020759723184685663,14458727.729779003,14458727.729779003,0.9853746402295239,14458727.729779003,0.9853746402295239,14458727.729779003,0.9853746402295239,214602.73710933005,14673330.466888333,0.6966386366640787,98200.0,98200.0,4900505.522735696,0.43124462072637787,0.43124462072637787,0.43124462072637787,True,0.7380939146868483,0.0,0.0,14458727.729779003,CONTINUED_TO_HOUSEHOLD_BATCH,5529281.8053361075,True,True,5529281.805336166,4900505.522735709,0.09,14673330.466888333,1.0,56.30633202989926,5529281.8053361075,0.22194002673104254,0.09,0.24694002673104254,0.6966386366640787,0.23253344685965774,0.8,C1_RESIDUAL_LEVEL__NO_C0_ACTION,HJB_CONVERGED,True,14,8.44518721621057e-09,0.6966386366640787,13.052721308411892,0.08665869422936799,0.02,DIAGNOSTIC_ONLY,3.415236843329339e-17,True,0.14601881243222975,3.728066501302319,7.991982008404008e-07,False,0.01462535977047611,海南,20,False,True,turn_17.one_turn.capital.household_illiquid_return_rah -> steady_state._post_turn_states.rah,0.09,0.02,False,0.43124462072637787,True,False,31,0,30,12,13,18,True,False,1.3,0.8,2.6645352591003757e-15,False
7.320881523077205,11.987478454475765,4.66659693139856,8.854154693429473,50663834.63130832,21588800.0,0.0006982162422324301,50452053.300357655,50452053.300357655,0.9958198716600937,50452053.300357655,0.9958198716600937,50452053.300357655,0.9958198716600937,211781.3309506637,50663834.63130832,0.6837267291388233,316300.0,316300.0,21603873.65081031,0.7557652302563093,0.7557652302563093,0.7557652302563093,True,0.7380939146868483,0.0,0.0,50452053.300357655,CONTINUED_TO_HOUSEHOLD_BATCH,5697456.550543492,True,True,5697456.550546298,21603873.650813095,0.09,50663834.63130832,1.0,18.01282500962217,5697456.550543492,0.2948835224605325,0.09,0.31988352246053253,0.6837267291388233,1.0093525156758982,1.0093525156758982,C1_RESIDUAL_LEVEL__NO_C0_ACTION,HJB_CONVERGED,True,13,8.974002430051087e-09,0.6837267291388233,14.67993542977699,0.08592876222655299,0.02,DIAGNOSTIC_ONLY,1.6046192152785466e-17,True,0.13449282023447418,3.914939453858121,4.2909535780122354e-07,False,0.004180128339906409,重庆,21,False,True,turn_17.one_turn.capital.household_illiquid_return_rah -> steady_state._post_turn_states.rah,0.09,0.02,False,0.7557652302563093,True,False,31,0,30,12,13,18,False,False,1.3,0.8,1.290079154614432e-13,False
7.321783924836309,11.985774736309683,4.663990811473373,8.782974903762872,94830047.41899477,42902100.0,0.002143296232687497,94616775.91479854,94616775.91479854,0.9977510134182058,94616775.91479854,0.9977510134182058,94616775.91479854,0.9977510134182058,213271.50419623032,94830047.41899477,0.6819619465080201,832100.0,832100.0,42810148.09069562,0.9358547875920058,0.9358547875920058,0.9358547875920058,True,0.7380939146868483,0.0,0.0,94616775.91479854,CONTINUED_TO_HOUSEHOLD_BATCH,5862546.4569666535,True,True,5862546.456966721,42810148.090695746,0.09,94830047.41899477,1.0,7.045483063293659,5862546.4569666535,0.31499658046991985,0.09,0.3399965804699199,0.6819619465080201,1.9514983306597826,1.3,C1_RESIDUAL_LEVEL__NO_C0_ACTION,HJB_CONVERGED,True,14,1.6719763351602523e-09,0.6819619465080201,14.656386812494986,0.08906223525666729,0.02,DIAGNOSTIC_ONLY,2.197334084912068e-17,True,0.1299715442325362,4.041249940768394,4.569564198142473e-07,False,0.0022489865817942357,四川,22,False,True,turn_17.one_turn.capital.household_illiquid_return_rah -> steady_state._post_turn_states.rah,0.09,0.02,False,0.9358547875920058,True,False,31,0,30,12,13,18,False,True,1.3,0.8,2.9976021664879227e-15,False
7.326464807863533,11.987109595488148,4.660644787624615,8.587195902354582,39447014.665611394,15353200.0,4.9878522901947164e-05,39231679.43743419,39231679.43743419,0.9945411527335445,39231679.43743419,0.9945411527335445,39231679.43743419,0.9945411527335445,215335.22817720208,39447014.665611394,0.6843341640563295,382200.0,382200.0,15352434.205062183,0.6531605820813702,0.6531605820813702,0.6531605820813702,True,0.7380939146868483,0.0,0.0,39231679.43743419,CONTINUED_TO_HOUSEHOLD_BATCH,5463539.527928319,True,True,5463539.52792838,15352434.205062227,0.09,39447014.665611394,1.0,14.29497521697624,5463539.527928319,0.26525656030061834,0.09,0.29025656030061836,0.6843341640563295,0.7436285597546646,0.8,C1_RESIDUAL_LEVEL__NO_C0_ACTION,HJB_CONVERGED,True,14,2.0419625990086843e-09,0.6843341640563295,14.294245579190553,0.08979022288591987,0.02,DIAGNOSTIC_ONLY,1.180425115293593e-17,True,0.13142370118528013,4.02356658233147,1.2272256604273224e-06,False,0.005458847266455482,贵州,23,False,True,turn_17.one_turn.capital.household_illiquid_return_rah -> steady_state._post_turn_states.rah,0.09,0.02,False,0.6531605820813702,True,False,31,0,30,12,13,18,True,False,1.3,0.8,2.886579864025407e-15,False
7.334525095019358,11.992485151913673,4.657960056894314,8.312870647712167,68611984.86091176,20880600.0,0.0019205278652919544,68400716.5307903,68400716.5307903,0.9969208246846417,68400716.5307903,0.9969208246846417,68400716.5307903,0.9969208246846417,211268.33012146418,68611984.86091176,0.6913700767649869,470300.0,470300.0,20840498.225855984,0.5861329189742354,0.5861329189742354,0.5861329189742354,True,0.7380939146868483,0.0,0.0,68400716.5307903,CONTINUED_TO_HOUSEHOLD_BATCH,5576483.265633725,True,True,5576483.265640553,20840498.225862667,0.09,68611984.86091176,1.0,11.857289529308366,5576483.265633725,0.19853919658538477,0.09,0.22353919658538476,0.6913700767649869,0.9759492396870414,0.9759492396870414,C1_RESIDUAL_LEVEL__NO_C0_ACTION,HJB_CONVERGED,True,14,1.4588610319776762e-09,0.6913700767649869,13.648197400910844,0.08689841177987416,0.02,DIAGNOSTIC_ONLY,1.164369392556245e-17,True,0.1406805814665454,3.8196952774919612,2.2284358391910786e-07,False,0.003079175315358407,云南,24,False,True,turn_17.one_turn.capital.household_illiquid_return_rah -> steady_state._post_turn_states.rah,0.09,0.02,False,0.5861329189742354,True,False,31,0,30,12,13,18,False,False,1.3,0.8,3.206324095117452e-13,False
8.171324622682445,10.127062629897397,1.9557380072149528,7.603047014982703,6325734.326183821,1548400.0,0.002166025576418318,6110781.991678673,6110781.991678673,0.9660193863002741,6110781.991678673,0.9660193863002741,6110781.991678673,0.9660193863002741,214952.3345051479,6325734.326183821,0.6622438472107277,35400.0,35400.0,1545046.125997474,0.2539305050273779,0.2539305050273779,0.2539305050273779,True,0.7380939146868483,0.0,0.0,6110781.991678673,CONTINUED_TO_HOUSEHOLD_BATCH,5453102.486801157,True,True,5453102.486801212,1545046.1259974781,0.09,6325734.326183821,1.0,154.0424431299762,5453102.486801157,0.15311518140032995,0.09,0.17811518140032995,0.6622438472107277,0.07331657863330773,0.8,C1_RESIDUAL_LEVEL__NO_C0_ACTION,HJB_CONVERGED,True,16,2.7161330962144348e-09,0.6622438472107277,11.590655576050988,0.08467081232162281,0.02,DIAGNOSTIC_ONLY,1.5124620306172787e-17,True,0.0006551466681912385,0.8070174229628713,1.0123270587358846e-06,False,0.03398061369972583,西藏,25,False,True,turn_17.one_turn.capital.household_illiquid_return_rah -> steady_state._post_turn_states.rah,0.09,0.02,False,0.2539305050273779,True,False,31,0,30,12,13,18,True,False,1.3,0.8,2.6645352591003757e-15,False
7.316235364015454,11.987012937952557,4.670777573937103,9.080101983973364,73897910.2910824,23941900.0,0.004298391905981358,73689226.0836809,73689226.0836809,0.997176047244374,73689226.0836809,0.997176047244374,73689226.0836809,0.997176047244374,208684.20740149255,73897910.2910824,0.6821367601574027,393100.0,393100.0,24044811.669173814,0.6338518706666324,0.6338518706666324,0.6338518706666324,True,0.7380939146868483,0.0,0.0,73689226.0836809,CONTINUED_TO_HOUSEHOLD_BATCH,5792923.73827485,True,True,5792923.738278137,24044811.669177387,0.09,73897910.2910824,1.0,14.7365142159116,5792923.73827485,0.21526434384331503,0.09,0.24026434384331502,0.6821367601574027,1.0875710418592088,1.0875710418592088,C1_RESIDUAL_LEVEL__NO_C0_ACTION,HJB_CONVERGED,True,25,4.311129231382438e-11,0.6821367601574027,15.053260555244123,0.08403885747822573,0.02,DIAGNOSTIC_ONLY,1.0784708911221982e-17,True,0.13487640729037914,3.881882181673748,6.219464944168251e-07,False,0.0028239527556258304,陕西,26,False,True,turn_17.one_turn.capital.household_illiquid_return_rah -> steady_state._post_turn_states.rah,0.09,0.02,False,0.6338518706666324,True,False,31,0,30,12,13,18,False,False,1.3,0.8,1.4854784069484595e-13,False
7.3288957057273105,11.98789773591001,4.659002030182699,8.488176820744659,25177704.67938732,8104100.0,0.006066638285547654,24962132.869681112,24962132.869681112,0.9914379879956773,24962132.869681112,0.9914379879956773,24962132.869681112,0.9914379879956773,215571.80970620582,25177704.67938732,0.6857072746585685,251500.0,251500.0,8153264.643329906,0.4815843645010798,0.4815843645010798,0.4815843645010798,True,0.7380939146868483,0.0,0.0,24962132.869681112,CONTINUED_TO_HOUSEHOLD_BATCH,5532599.0091442745,True,True,5532599.009144335,8153264.6433299305,0.09,25177704.67938732,1.0,21.99840560295934,5532599.0091442745,0.21406232143920503,0.09,0.23906232143920503,0.6857072746585685,0.38603976051939676,0.8,C1_RESIDUAL_LEVEL__NO_C0_ACTION,HJB_CONVERGED,True,13,2.0505398712344913e-08,0.6857072746585685,14.105439715806956,0.09,0.02,DIAGNOSTIC_ONLY,2.6209011334433438e-17,True,0.13245670821555375,4.006884718062634,7.477060093297183e-08,False,0.00856201200432269,甘肃,27,False,True,turn_17.one_turn.capital.household_illiquid_return_rah -> steady_state._post_turn_states.rah,0.09,0.02,False,0.4815843645010798,True,False,31,0,30,12,13,18,True,False,1.3,0.8,2.9976021664879227e-15,False
7.3454002737759865,12.005988087170811,4.660587813394825,8.099696673391657,17578407.529567722,2748000.0,0.0021152713832359726,17365178.18704603,17365178.18704603,0.9878698145913939,17365178.18704603,0.9878698145913939,17365178.18704603,0.9878698145913939,213229.34252169522,17578407.529567722,0.7068478431988932,58700.0,58700.0,2742187.2342388676,0.2111711647722934,0.2111711647722934,0.2111711647722934,True,0.7380939146868483,0.0,0.0,17365178.18704603,CONTINUED_TO_HOUSEHOLD_BATCH,5531285.781690862,True,True,5531285.781690921,2742187.234238875,0.08784757593701008,17578407.529567722,1.0,94.2297407443077,5531285.781690862,0.08784757593700976,0.08784757593700976,0.11224266570897126,0.7068478431988932,0.126574251594666,0.8,C1_RESIDUAL_LEVEL__NO_C0_ACTION,HJB_CONVERGED,True,26,9.652989518826871e-11,0.7068478431988932,12.801260741745908,0.07463275752477687,0.02,DIAGNOSTIC_ONLY,1.5924219408380846e-17,True,0.17473547998823452,3.2152663644872894,7.57533640705077e-07,False,0.01213018540860617,青海,28,False,False,turn_17.one_turn.capital.household_illiquid_return_rah -> steady_state._post_turn_states.rah,0.09,0.02,False,0.2111711647722934,True,False,31,0,30,12,13,18,True,False,1.3,0.8,2.6645352591003757e-15,False
7.330635532630836,11.999668580185071,4.669033047554235,8.724768731630991,18640640.44456374,3510200.0,0.0020932994290951967,18427372.6071267,18427372.6071267,0.988558985509576,18427372.6071267,0.988558985509576,18427372.6071267,0.988558985509576,213267.8374370388,18640640.44456374,0.6930013830101431,71000.0,71000.0,3502852.10034399,0.25704566563666087,0.25704566563666087,0.25704566563666087,True,0.7380939146868483,0.0,0.0,18427372.6071267,CONTINUED_TO_HOUSEHOLD_BATCH,5636408.191490781,True,True,5636408.191490839,3502852.100344,0.09,18640640.44456374,1.0,79.38603086606733,5636408.191490781,0.11092578858669952,0.09,0.1358629016252012,0.6930013830101431,0.15943851554719587,0.8,C1_RESIDUAL_LEVEL__NO_C0_ACTION,HJB_CONVERGED,True,27,3.017635030744259e-10,0.6930013830101431,14.142907389606853,0.07895703925417581,0.02,DIAGNOSTIC_ONLY,1.7436901400639245e-17,True,0.15120630721053993,3.5460097457046706,7.61694007755942e-07,False,0.011441014490424074,宁夏,29,False,True,turn_17.one_turn.capital.household_illiquid_return_rah -> steady_state._post_turn_states.rah,0.09,0.02,False,0.25704566563666087,True,False,31,0,30,12,13,18,True,False,1.3,0.8,2.7755575615628914e-15,False
8.182963780428782,10.142528388175288,1.959564607746506,7.2786602935268405,49250553.031937115,12809400.0,3.878987844052606e-05,49040338.37791543,49040338.37791543,0.9957317300805664,49040338.37791543,0.9957317300805664,49040338.37791543,0.9957317300805664,210214.65402168923,49250553.031937115,0.6689125394520253,252000.0,252000.0,12808903.124931104,0.4695876658129632,0.4695876658129632,0.4695876658129632,True,0.7380939146868483,0.0,0.0,49040338.37791543,CONTINUED_TO_HOUSEHOLD_BATCH,5159529.302462782,True,True,5159529.302462842,12808903.124931145,0.09,49250553.031937115,1.0,20.474322628820563,5159529.302462782,0.1651188914963964,0.09,0.1901188914963964,0.6689125394520253,0.64396203805854,0.8,C1_RESIDUAL_LEVEL__NO_C0_ACTION,HJB_CONVERGED,True,16,2.6740840652905717e-09,0.6689125394520253,10.963186479339077,0.0835319867696535,0.02,DIAGNOSTIC_ONLY,1.877702637473333e-17,True,0.14628383575920317,0.7878897574252439,1.190777921822317e-06,False,0.004268269919433656,新疆,30,False,True,turn_17.one_turn.capital.household_illiquid_return_rah -> steady_state._post_turn_states.rah,0.09,0.02,False,0.4695876658129632,True,False,31,0,30,12,13,18,True,False,1.3,0.8,3.219646771412954e-15,False
7.3220740413887135,11.995635324228001,4.673561282839288,9.049757639068158,58719043.066994764,33106000.0,0.002048121285985305,58510809.39250095,58510809.39250095,0.996453728405345,58510809.39250095,0.996453728405345,58510809.39250095,0.996453728405345,208233.67449381438,58719043.066994764,0.6883177331558132,219200.0,219200.0,33038194.89670617,1.026364744857471,1.026364744857471,1.026364744857471,True,0.7380939146868483,0.0,0.0,58510809.39250095,CONTINUED_TO_HOUSEHOLD_BATCH,5915517.185661368,True,True,5915517.185661315,33038194.896706093,0.09,58719043.066994764,1.0,26.98684847473252,5915517.185661368,0.4063379720305397,0.09,0.4313379720305397,0.6883177331558132,1.5192802967190115,1.3,C1_RESIDUAL_LEVEL__NO_C0_ACTION,HJB_CONVERGED,True,25,1.2138690053120627e-09,0.6883177331558132,14.764397243491555,0.07859257477835796,0.02,DIAGNOSTIC_ONLY,2.6816486288566927e-17,True,0.14681733427404836,3.607600197194112,2.684882317582904e-07,False,0.0035462715946551235,北京,0,False,True,turn_18.one_turn.capital.household_illiquid_return_rah -> steady_state._post_turn_states.rah,0.09,0.02,False,1.026364744857471,True,False,31,0,30,12,13,19,False,True,1.3,0.8,2.4424906541753444e-15,False
7.308369142075554,11.984120021337146,4.675750879261592,9.212026234680359,64593598.72309723,13362900.0,2.8108901152235077e-05,64388134.38791451,64388134.38791451,0.9968191223396066,64388134.38791451,0.9968191223396066,64388134.38791451,0.9968191223396066,205464.33518271748,64593598.72309723,0.6979253142408189,138300.0,138300.0,13362524.383564793,0.3943630348293412,0.3943630348293412,0.3943630348293412,True,0.7380939146868483,0.0,0.0,64388134.38791451,CONTINUED_TO_HOUSEHOLD_BATCH,5499853.799030535,True,True,5499853.7990304865,13362524.383564763,0.09,64593598.72309723,1.0,39.76756181511594,5499853.799030535,0.12499980138327962,0.09,0.14999980138327962,0.6979253142408189,0.6251194111449304,0.8,C1_RESIDUAL_LEVEL__NO_C0_ACTION,HJB_CONVERGED,True,25,8.814480256802426e-09,0.6979253142408189,14.587141943096443,0.06490309855747681,0.02,DIAGNOSTIC_ONLY,2.3323899235594414e-17,True,0.16367380611042934,3.0480771636909867,4.4308625324340767e-07,False,0.0031808776603934287,天津,1,False,True,turn_18.one_turn.capital.household_illiquid_return_rah -> steady_state._post_turn_states.rah,0.09,0.02,False,0.3943630348293412,True,False,31,0,30,12,13,19,True,False,1.3,0.8,2.220446049250313e-15,False
7.316250601589945,11.98525753654231,4.669006934952364,9.038906562062069,113705229.18254791,32494600.0,0.002113252423187273,113497505.78131609,113497505.78131609,0.9981731411763101,113497505.78131609,0.9981731411763101,113497505.78131609,0.9981731411763101,207723.4012318322,113705229.18254791,0.6805037567574512,742600.0,742600.0,32425930.7078095,0.6175565659297677,0.6175565659297677,0.6175565659297677,True,0.7380939146868483,0.0,0.0,113497505.78131609,CONTINUED_TO_HOUSEHOLD_BATCH,5950312.25461933,True,True,5950312.254619278,32425930.707809426,0.09,113705229.18254791,1.0,8.01280939216177,5950312.25461933,0.18427291893457123,0.09,0.20927291893457123,0.6805037567574512,1.4190172583986183,1.3,C1_RESIDUAL_LEVEL__NO_C0_ACTION,HJB_CONVERGED,True,13,2.9254581423998616e-08,0.6805037567574512,15.065143692740163,0.08640795021977439,0.02,DIAGNOSTIC_ONLY,1.7480209163124782e-17,True,0.13109988365877473,3.9836127025888057,1.8825157932500503e-07,False,0.0018268588236900075,河北,2,False,True,turn_18.one_turn.capital.household_illiquid_return_rah -> steady_state._post_turn_states.rah,0.09,0.02,False,0.6175565659297677,True,False,31,0,30,12,13,19,False,True,1.3,0.8,2.220446049250313e-15,False
7.318621400565675,11.986185589056038,4.667564188490363,8.939101285384497,53478727.38884524,15958100.0,4.92362516122391e-05,53266829.43896172,53266829.43896172,0.9960377151770496,53266829.43896172,0.9960377151770496,53266829.43896172,0.9960377151770496,211897.94988351892,53478727.38884524,0.681967469005257,350200.0,350200.0,15957314.282973146,0.541543979367176,0.541543979367176,0.541543979367176,True,0.7380939146868483,0.0,0.0,53266829.43896172,CONTINUED_TO_HOUSEHOLD_BATCH,5493265.807276748,True,True,5493265.807276701,15957314.282973109,0.09,53478727.38884524,1.0,15.686081688397339,5493265.807276748,0.19441424655983,0.09,0.21941424655983,0.681967469005257,0.7579651488346906,0.8,C1_RESIDUAL_LEVEL__NO_C0_ACTION,HJB_CONVERGED,True,13,9.674997114572648e-08,0.681967469005257,14.86792115609267,0.08643568421810947,0.02,DIAGNOSTIC_ONLY,3.215984034110094e-17,True,0.1323978227147898,3.95998206512723,4.926061671906012e-07,False,0.003962284822950316,山西,3,False,True,turn_18.one_turn.capital.household_illiquid_return_rah -> steady_state._post_turn_states.rah,0.09,0.02,False,0.541543979367176,True,False,31,0,30,12,13,19,True,False,1.3,0.8,2.4424906541753444e-15,False
7.328991435491638,12.001912643365515,4.672921207873877,8.862074422496175,82165502.99427319,16140800.0,4.481142420664774e-05,81961499.33892635,81961499.33892635,0.9975171617295271,81961499.33892635,0.9975171617295271,81961499.33892635,0.9975171617295271,204003.6553468385,82165502.99427319,0.6960763657342349,242200.0,242200.0,16140076.707764165,0.4001484797007443,0.4001484797007443,0.4001484797007443,True,0.7380939146868483,0.0,0.0,81961499.33892635,CONTINUED_TO_HOUSEHOLD_BATCH,5430725.410988332,True,True,5430725.410988284,16140076.707764128,0.09,82165502.99427319,1.0,22.422483117210287,5430725.410988332,0.1172060541438921,0.09,0.1422060541438921,0.6960763657342349,0.7634554931735601,0.8,C1_RESIDUAL_LEVEL__NO_C0_ACTION,HJB_CONVERGED,True,25,2.6087088045301243e-09,0.6960763657342349,14.20878411846357,0.073705711378134,0.02,DIAGNOSTIC_ONLY,1.3458822320699474e-17,True,0.16264200081495933,3.33688332699336,4.799282813383599e-07,False,0.002482838270472917,内蒙古,4,False,True,turn_18.one_turn.capital.household_illiquid_return_rah -> steady_state._post_turn_states.rah,0.09,0.02,False,0.4001484797007443,True,False,31,0,30,12,13,19,True,False,1.3,0.8,2.220446049250313e-15,False
7.334378411084122,11.996943474217325,4.6625650631332025,8.437943926300887,90061052.78222083,23510500.0,0.003730806101017503,89854895.94912705,89854895.94912705,0.9977109213502946,89854895.94912705,0.9977109213502946,89854895.94912705,0.9977109213502946,206156.83309377887,90061052.78222083,0.6936994465490784,429100.0,429100.0,23598213.11683797,0.5406300280912503,0.5406300280912503,0.5406300280912503,True,0.7380939146868483,0.0,0.0,89854895.94912705,CONTINUED_TO_HOUSEHOLD_BATCH,5668957.5632286435,True,True,5668957.563227673,23598213.116836913,0.09,90061052.78222083,1.0,13.21127374325016,5668957.5632286435,0.16660041911566445,0.09,0.19160041911566444,0.6936994465490784,1.080100663094842,1.080100663094842,C1_RESIDUAL_LEVEL__NO_C0_ACTION,HJB_CONVERGED,True,15,9.504107012503482e-08,0.6936994465490784,13.728680227657325,0.08254872517025602,0.02,DIAGNOSTIC_ONLY,2.223815348708936e-17,True,0.14766144547478244,3.6485719482170063,2.3427795226016457e-07,False,0.0022890786497054673,辽宁,5,False,True,turn_18.one_turn.capital.household_illiquid_return_rah -> steady_state._post_turn_states.rah,0.09,0.02,False,0.5406300280912503,True,False,31,0,30,12,13,19,False,False,1.3,0.8,4.4853010194856324e-14,False
7.34965779363414,12.010628437771585,4.6609706441374446,8.125122814287678,66308917.7271201,11253800.0,0.0075563237249779425,66101646.39901452,66101646.39901452,0.9968741560681391,66101646.39901452,0.9968741560681391,66101646.39901452,0.9968741560681391,207271.32810558268,66308917.7271201,0.7034096107725623,248400.0,248400.0,11168762.644063843,0.3250442085976263,0.3250442085976263,0.3250442085976263,True,0.7380939146868483,0.0,0.0,66101646.39901452,CONTINUED_TO_HOUSEHOLD_BATCH,5388290.346454388,True,True,5388290.346454342,11168762.64406382,0.09,66308917.7271201,1.0,21.691990122602206,5388290.346454388,0.09684133824318748,0.09,0.12142006770937046,0.7034096107725623,0.5302069122308583,0.8,C1_RESIDUAL_LEVEL__NO_C0_ACTION,HJB_CONVERGED,True,25,4.862233682345618e-08,0.7034096107725623,12.964826159584735,0.07865644460850069,0.02,DIAGNOSTIC_ONLY,1.7798208674445728e-17,True,0.16278330411327677,3.378079692250185,3.5016989574643276e-07,False,0.0031258439318609097,吉林,6,False,True,turn_18.one_turn.capital.household_illiquid_return_rah -> steady_state._post_turn_states.rah,0.09,0.02,False,0.3250442085976263,True,False,31,0,30,12,13,19,True,False,1.3,0.8,2.220446049250313e-15,False
7.3606610354886985,12.007192505514395,4.646531470025696,7.517194169187466,58424879.89838116,12846500.0,3.977548672462472e-05,58214346.643553525,58214346.643553525,0.9963965136908486,58214346.643553525,0.9963965136908486,58214346.643553525,0.9963965136908486,210533.2548276339,58424879.89838116,0.7073780855766201,332700.0,332700.0,12845989.024209792,0.41270310471903765,0.41270310471903765,0.41270310471903765,True,0.7380939146868483,0.0,0.0,58214346.643553525,CONTINUED_TO_HOUSEHOLD_BATCH,5277794.682513202,True,True,5277794.682513156,12845989.024209764,0.09,58424879.89838116,1.0,15.863524744554258,5277794.682513202,0.1347430549325451,0.09,0.1597430549325451,0.7073780855766201,0.6274820218136016,0.8,C1_RESIDUAL_LEVEL__NO_C0_ACTION,HJB_CONVERGED,True,26,2.0279314671967086e-08,0.7073780855766201,12.026511476972086,0.08488047609984661,0.02,DIAGNOSTIC_ONLY,2.484178227707412e-17,True,0.15883601078476578,3.5086499514211535,4.898923211538175e-07,False,0.003603486309151444,黑龙江,7,False,True,turn_18.one_turn.capital.household_illiquid_return_rah -> steady_state._post_turn_states.rah,0.09,0.02,False,0.41270310471903765,True,False,31,0,30,12,13,19,True,False,1.3,0.8,2.220446049250313e-15,False
7.321981096976322,11.995523710542932,4.673542613566609,9.050755312890669,66125294.30800852,36011800.0,0.002066281069455167,65917973.06089598,65917973.06089598,0.9968647209924413,65917973.06089598,0.9968647209924413,65917973.06089598,0.9968647209924413,207321.24711254184,66125294.30800852,0.6882479251601171,247500.0,247500.0,35937389.499382995,1.0227253445056632,1.0227253445056632,1.0227253445056632,True,0.7380939146868483,0.0,0.0,65917973.06089598,CONTINUED_TO_HOUSEHOLD_BATCH,5915291.248136748,True,True,5915291.2481366955,35937389.49938291,0.09,66125294.30800852,1.0,23.900166659138375,5915291.248136748,0.3903561961724502,0.09,0.41535619617245023,0.6882479251601171,1.6475786039327354,1.3,C1_RESIDUAL_LEVEL__NO_C0_ACTION,HJB_CONVERGED,True,25,2.6926381124781074e-09,0.6882479251601171,14.768471514782457,0.07864081161682361,0.02,DIAGNOSTIC_ONLY,1.1899118843028411e-17,True,0.1466889004203169,3.610266486070555,2.579094674493021e-07,False,0.003135279007558729,上海,8,False,True,turn_18.one_turn.capital.household_illiquid_return_rah -> steady_state._post_turn_states.rah,0.09,0.02,False,1.0227253445056632,True,False,31,0,30,12,13,19,False,True,1.3,0.8,2.220446049250313e-15,False
7.312970466764849,11.988910715958777,4.675940249193929,9.320232577440084,203535217.25929242,93207600.0,0.0021819669286561316,203343357.86904544,203343357.86904544,0.9990573651438288,203343357.86904544,0.9990573651438288,203343357.86904544,0.9990573651438288,191859.39024699814,203535217.25929242,0.6822544280357462,844600.0,844600.0,93004224.0993006,1.1603289174497986,1.1603289174497986,1.1603289174497986,True,0.7380939146868483,0.0,0.0,203343357.86904544,CONTINUED_TO_HOUSEHOLD_BATCH,5799097.864735496,True,True,5799097.864735444,93004224.09930038,0.09,203535217.25929242,1.0,6.866087928884083,5799097.864735496,0.31944118392140597,0.09,0.344441183921406,0.6822544280357462,4.2897122890419235,1.3,C1_RESIDUAL_LEVEL__NO_C0_ACTION,HJB_CONVERGED,True,15,6.951350606243523e-10,0.6822544280357462,15.378211159173153,0.08042887556155788,0.02,DIAGNOSTIC_ONLY,1.452830911130576e-17,True,0.13872054881936263,3.764304886659097,1.7689919507013485e-07,False,0.0009426348561712545,江苏,9,False,True,turn_18.one_turn.capital.household_illiquid_return_rah -> steady_state._post_turn_states.rah,0.09,0.02,False,1.1603289174497986,True,False,31,0,30,12,13,19,False,True,1.3,0.8,2.220446049250313e-15,False
7.316058077365531,11.987520650556473,4.671462573190942,9.103552980426562,124249656.20818298,58002800.0,0.002145165441286845,124046336.28831807,124046336.28831807,0.9983636178475678,124046336.28831807,0.9983636178475678,124046336.28831807,0.9983636178475678,203319.9198649111,124249656.20818298,0.6824624563458405,627300.0,627300.0,57878374.397942126,1.0369336001179625,1.0369336001179625,1.0369336001179625,True,0.7380939146868483,0.0,0.0,124046336.28831807,CONTINUED_TO_HOUSEHOLD_BATCH,5852883.334764104,True,True,5852883.334764055,57878374.397942,0.09,124249656.20818298,1.0,9.330277912903084,5852883.334764104,0.3266283926117624,0.09,0.35162839261176243,0.6824624563458405,2.6487637744948893,1.3,C1_RESIDUAL_LEVEL__NO_C0_ACTION,HJB_CONVERGED,True,18,6.720979328633803e-11,0.6824624563458405,15.071920446410735,0.08335289970218862,0.02,DIAGNOSTIC_ONLY,2.9910589577552826e-17,True,0.1358685140306727,3.8547562793208354,1.950955439422586e-07,False,0.0016363821524322303,浙江,10,False,True,turn_18.one_turn.capital.household_illiquid_return_rah -> steady_state._post_turn_states.rah,0.09,0.02,False,1.0369336001179625,True,False,31,0,30,12,13,19,False,True,1.3,0.8,2.220446049250313e-15,False
7.314684760282759,11.983278641539577,4.668593881256818,9.092751623877154,70182433.35888097,34010900.0,0.002109876976706171,69968726.4804038,69968726.4804038,0.996954980495128,69968726.4804038,0.996954980495128,69968726.4804038,0.996954980495128,213706.87847717467,70182433.35888097,0.6774362058429513,607600.0,607600.0,33939141.18513294,0.9221011048681041,0.9221011048681041,0.9221011048681041,True,0.7380939146868483,0.0,0.0,69968726.4804038,CONTINUED_TO_HOUSEHOLD_BATCH,5969997.026943449,True,True,5969997.026943396,33939141.18513286,0.09,70182433.35888097,1.0,9.825538227359198,5969997.026943449,0.3410662751026829,0.09,0.3660662751026829,0.6774362058429513,1.5270314853627307,1.3,C1_RESIDUAL_LEVEL__NO_C0_ACTION,HJB_CONVERGED,True,14,1.40838007922639e-10,0.6774362058429513,15.269964772028317,0.08895775431924248,0.02,DIAGNOSTIC_ONLY,2.0653666792166338e-17,True,0.12611155334292287,4.115122548214165,2.063504066507349e-07,False,0.00304501950487204,安徽,11,False,True,turn_18.one_turn.capital.household_illiquid_return_rah -> steady_state._post_turn_states.rah,0.09,0.02,False,0.9221011048681041,True,False,31,0,30,12,13,19,False,True,1.3,0.8,2.4424906541753444e-15,False
7.322335328621843,11.991430474678623,4.66909514605678,8.88694469106336,87795538.11850408,38687800.0,0.002101559801228281,87589287.31244677,87589287.31244677,0.9976507825969594,87589287.31244677,0.9976507825969594,87589287.31244677,0.9976507825969594,206250.80605730347,87795538.11850408,0.6868394257707094,410400.0,410400.0,38606495.27472204,0.8921644600055767,0.8921644600055767,0.8921644600055767,True,0.7380939146868483,0.0,0.0,87589287.31244677,CONTINUED_TO_HOUSEHOLD_BATCH,5892713.6213277085,True,True,5892713.621327653,38606495.27472194,0.09,87795538.11850408,1.0,14.358463989589932,5892713.6213277085,0.3055660203507669,0.09,0.33056602035076693,0.6868394257707094,1.7476291641636654,1.3,C1_RESIDUAL_LEVEL__NO_C0_ACTION,HJB_CONVERGED,True,15,6.80214018444758e-09,0.6868394257707094,14.599595103374101,0.08227335879717018,0.02,DIAGNOSTIC_ONLY,3.496552006265752e-17,True,0.14117837999734156,3.749198314924296,2.239557137517778e-07,False,0.0023492174030405925,福建,12,False,True,turn_18.one_turn.capital.household_illiquid_return_rah -> steady_state._post_turn_states.rah,0.09,0.02,False,0.8921644600055767,True,False,31,0,30,12,13,19,False,True,1.3,0.8,2.4424906541753444e-15,False
7.317893316583312,11.984333561366174,4.666440244782861,8.950563321464747,51050047.92908307,22716500.0,0.002307462108175562,50835646.82849269,50835646.82849269,0.9958001782703864,50835646.82849269,0.9958001782703864,50835646.82849269,0.9958001782703864,214401.10059037566,51050047.92908307,0.6793848587921925,451300.0,451300.0,22768917.46298037,0.7893560257063097,0.7893560257063097,0.7893560257063097,True,0.7380939146868483,0.0,0.0,50835646.82849269,CONTINUED_TO_HOUSEHOLD_BATCH,5772603.381177869,True,True,5772603.381179928,22768917.462982498,0.09,51050047.92908307,1.0,12.791055575399664,5772603.381177869,0.31061956171152544,0.09,0.33561956171152546,0.6793848587921925,1.053187425391486,1.053187425391486,C1_RESIDUAL_LEVEL__NO_C0_ACTION,HJB_CONVERGED,True,14,4.3881964728598177e-10,0.6793848587921925,14.9923711320029,0.08911958485106085,0.02,DIAGNOSTIC_ONLY,1.862117231243854e-17,True,0.12766414466435527,4.086833333249036,1.5205841863430436e-07,False,0.004199821729613537,江西,13,False,True,turn_18.one_turn.capital.household_illiquid_return_rah -> steady_state._post_turn_states.rah,0.09,0.02,False,0.7893560257063097,True,False,31,0,30,12,13,19,False,False,1.3,0.8,9.336975637097567e-14,False
7.312388456645486,11.98651175310006,4.674123296454574,9.273206791317934,210016973.07581103,66648899.99999999,0.0021688847178512605,209823149.66501826,209823149.66501826,0.9990771059693219,209823149.66501826,0.9990771059693219,209823149.66501826,0.9990771059693219,193823.4107927784,210016973.07581103,0.6806621135559745,1007700.0,1007700.0,66504346.219328396,0.8090038132922267,0.8090038132922267,0.8090038132922267,True,0.7380939146868483,0.0,0.0,209823149.66501826,CONTINUED_TO_HOUSEHOLD_BATCH,5846649.340911334,True,True,5846649.340911281,66504346.21932824,0.09,210016973.07581103,1.0,5.80197414003308,5846649.340911334,0.20851193776357468,0.09,0.23351193776357468,0.6806621135559745,2.9763938585980854,1.3,C1_RESIDUAL_LEVEL__NO_C0_ACTION,HJB_CONVERGED,True,16,5.62179192087342e-11,0.6806621135559745,15.379432436922711,0.08264892144596599,0.02,DIAGNOSTIC_ONLY,1.0842021724855044e-17,True,0.13489232201863655,3.861965027569161,1.673613536645746e-07,False,0.0009228940306782388,山东,14,False,True,turn_18.one_turn.capital.household_illiquid_return_rah -> steady_state._post_turn_states.rah,0.09,0.02,False,0.8090038132922267,True,False,31,0,30,12,13,19,False,True,1.3,0.8,2.4424906541753444e-15,False
7.311032040585253,11.983963375305525,4.67293133472027,9.279353694682214,168320556.01470312,49935900.0,0.0021550172502899922,168118845.78268713,168118845.78268713,0.9988016304318863,168118845.78268713,0.9988016304318863,168118845.78268713,0.9988016304318863,201710.23201601158,168320556.01470312,0.6780916213876067,986400.0,986400.0,49828287.274091244,0.7116861984516236,0.7116861984516236,0.7116861984516236,True,0.7380939146868483,0.0,0.0,168118845.78268713,CONTINUED_TO_HOUSEHOLD_BATCH,5910294.631924288,True,True,5910294.631924235,49828287.274091125,0.09,168320556.01470312,1.0,5.991782879079773,5910294.631924288,0.19260408504732113,0.09,0.21760408504732112,0.6780916213876067,2.19901926626529,1.3,C1_RESIDUAL_LEVEL__NO_C0_ACTION,HJB_CONVERGED,True,13,3.849176088976947e-09,0.6780916213876067,15.496884274420951,0.08521799176891924,0.02,DIAGNOSTIC_ONLY,3.5529329219000665e-17,True,0.13004035451383567,3.98670635119296,1.6885459164228678e-07,False,0.001198369568113783,河南,15,False,True,turn_18.one_turn.capital.household_illiquid_return_rah -> steady_state._post_turn_states.rah,0.09,0.02,False,0.7116861984516236,True,False,31,0,30,12,13,19,False,True,1.3,0.8,2.4424906541753444e-15,False
7.312093316298754,11.98445572782494,4.672362411526187,9.234627885988994,101805153.6623069,42022000.0,0.002122784901712804,101598064.76999205,101598064.76999205,0.9979658309538849,101598064.76999205,0.9979658309538849,101598064.76999205,0.9979658309538849,207088.89231484535,101805153.6623069,0.6788282007742197,591700.0,591700.0,41932796.332860224,0.8668910887321597,0.8668910887321597,0.8668910887321597,True,0.7380939146868483,0.0,0.0,101598064.76999205,CONTINUED_TO_HOUSEHOLD_BATCH,5940379.289794097,True,True,5940379.289794044,41932796.33286013,0.09,101805153.6623069,1.0,10.03951206657782,5940379.289794097,0.28328319519461176,0.09,0.3082831951946118,0.6788282007742197,1.8747329153804642,1.3,C1_RESIDUAL_LEVEL__NO_C0_ACTION,HJB_CONVERGED,True,13,3.063019615723306e-09,0.6788282007742197,15.403934352571204,0.08512191332374468,0.02,DIAGNOSTIC_ONLY,1.5705273771690197e-17,True,0.1307947108225092,3.9712792145689235,2.0197061834092978e-07,False,0.0020341690461149952,湖北,16,False,True,turn_18.one_turn.capital.household_illiquid_return_rah -> steady_state._post_turn_states.rah,0.09,0.02,False,0.8668910887321597,True,False,31,0,30,12,13,19,False,True,1.3,0.8,2.220446049250313e-15,False
7.315635939641783,11.98452031926248,4.668884379620697,9.056780810158106,93791807.14892803,36329700.0,0.002121965056506525,93581691.74507101,93581691.74507101,0.9977597680411106,93581691.74507101,0.9977597680411106,93581691.74507101,0.9977597680411106,210115.4038570204,93791807.14892803,0.6795139938219553,663500.0,663500.0,36252609.64608663,0.7959373284760574,0.7959373284760574,0.7959373284760574,True,0.7380939146868483,0.0,0.0,93581691.74507101,CONTINUED_TO_HOUSEHOLD_BATCH,5948262.555797728,True,True,5948262.555797671,36252609.646086544,0.09,93791807.14892803,1.0,8.964977476710969,5948262.555797728,0.26314547300181057,0.09,0.2881454730018106,0.6795139938219553,1.612206022469436,1.3,C1_RESIDUAL_LEVEL__NO_C0_ACTION,HJB_CONVERGED,True,13,5.134087910363405e-08,0.6795139938219553,15.131457580955198,0.08720574020433906,0.02,DIAGNOSTIC_ONLY,2.23517106620257e-17,True,0.1294783476213765,4.025185689297034,1.9643013671188925e-07,False,0.0022402319588894055,湖南,17,False,True,turn_18.one_turn.capital.household_illiquid_return_rah -> steady_state._post_turn_states.rah,0.09,0.02,False,0.7959373284760574,True,False,31,0,30,12,13,19,False,True,1.3,0.8,2.4424906541753444e-15,False
7.321941378084391,11.987645892845537,4.665704514761146,8.805599482717243,191259406.86816654,99945200.0,0.0022046381877257604,191057332.50787243,191057332.50787243,0.9989434540052015,191057332.50787243,0.9989434540052015,191057332.50787243,0.9989434540052015,202074.36029410147,191259406.86816654,0.6841310149732217,1234800.0,1234800.0,99724856.99540012,1.30644139756687,1.30644139756687,1.30644139756687,True,0.7380939146868483,0.0,0.0,191057332.50787243,CONTINUED_TO_HOUSEHOLD_BATCH,5734851.855629982,True,True,5734851.855629928,99724856.99539986,0.09,191259406.86816654,1.0,4.644356863969859,5734851.855629982,0.37208849771768465,0.09,0.3970884977176847,0.6841310149732217,4.699177749341828,1.3,C1_RESIDUAL_LEVEL__NO_C0_ACTION,HJB_CONVERGED,True,13,1.146080608194211e-08,0.6841310149732217,14.597538474665013,0.08628759033590613,0.02,DIAGNOSTIC_ONLY,2.2713265458842253e-17,True,0.13451744701540622,3.919407643009051,1.6000250002701222e-07,False,0.0010565459947985177,广东,18,False,True,turn_18.one_turn.capital.household_illiquid_return_rah -> steady_state._post_turn_states.rah,0.09,0.02,False,1.30644139756687,True,False,31,0,30,12,13,19,False,True,1.3,0.8,2.4424906541753444e-15,False
7.331588070022044,11.99066660661812,4.659078536596076,8.40999229585793,67306708.83876626,19627800.0,0.00529779243940498,67094689.937517986,67094689.937517986,0.9968499588687931,67094689.937517986,0.9968499588687931,67094689.937517986,0.9968499588687931,212018.9012482758,67306708.83876626,0.6891573470614066,494700.0,494700.0,19523815.989557847,0.5577680812178123,0.5577680812178123,0.5577680812178123,True,0.7380939146868483,0.0,0.0,67094689.937517986,CONTINUED_TO_HOUSEHOLD_BATCH,5544997.934556034,True,True,5544997.934556374,19523815.98955816,0.09,67306708.83876626,1.0,11.208809247131665,5544997.934556034,0.18802728736324825,0.09,0.21302728736324825,0.6891573470614066,0.9175424541835254,0.9175424541835254,C1_RESIDUAL_LEVEL__NO_C0_ACTION,HJB_CONVERGED,True,13,1.8952956093443163e-08,0.6891573470614066,13.863648010722414,0.0875653922861688,0.02,DIAGNOSTIC_ONLY,1.406752318799942e-17,True,0.13792539518115443,3.8759869681989394,3.247548474583084e-08,False,0.0031500411312068268,广西,19,False,True,turn_18.one_turn.capital.household_illiquid_return_rah -> steady_state._post_turn_states.rah,0.09,0.02,False,0.5577680812178123,True,False,31,0,30,12,13,19,False,False,1.3,0.8,1.5987211554602254e-14,False
7.343200480784241,11.99658837545991,4.653387894675668,8.013400614064532,14673330.466888333,4910700.0,0.002075972318466124,14458727.729779001,14458727.729779001,0.9853746402295238,14458727.729779001,0.9853746402295238,14458727.729779001,0.9853746402295238,214602.73710933197,14673330.466888333,0.6966386366641752,98200.0,98200.0,4900505.522735708,0.43124462072637787,0.43124462072637787,0.43124462072637787,True,0.7380939146868483,0.0,0.0,14458727.729779001,CONTINUED_TO_HOUSEHOLD_BATCH,5529281.8053361615,True,True,5529281.8053361075,4900505.522735696,0.09,14673330.466888333,1.0,56.306332029899814,5529281.8053361615,0.22194002673104313,0.09,0.24694002673104312,0.6966386366641752,0.23253344685965596,0.8,C1_RESIDUAL_LEVEL__NO_C0_ACTION,HJB_CONVERGED,True,14,8.445194765727138e-09,0.6966386366641752,13.052721308411845,0.08665869422936799,0.02,DIAGNOSTIC_ONLY,3.5128150388530344e-17,True,0.14601881243184178,3.728066501298127,3.1967944347233157e-07,False,0.01462535977047624,海南,20,False,True,turn_18.one_turn.capital.household_illiquid_return_rah -> steady_state._post_turn_states.rah,0.09,0.02,False,0.43124462072637787,True,False,31,0,30,12,13,19,True,False,1.3,0.8,2.4424906541753444e-15,False
7.320881523076379,11.987478454474788,4.666596931398409,8.85415469342728,50663834.63130832,21588800.0,0.0006982162422539684,50452053.30035765,50452053.30035765,0.9958198716600934,50452053.30035765,0.9958198716600934,50452053.30035765,0.9958198716600934,211781.33095066625,50663834.63130832,0.683726729138733,316300.0,316300.0,21603873.65081077,0.7557652302563093,0.7557652302563093,0.7557652302563093,True,0.7380939146868483,0.0,0.0,50452053.30035765,CONTINUED_TO_HOUSEHOLD_BATCH,5697456.550543957,True,True,5697456.550543492,21603873.65081031,0.09,50663834.63130832,1.0,18.01282500962364,5697456.550543957,0.2948835224605377,0.09,0.3198835224605377,0.683726729138733,1.0093525156758318,1.0093525156758318,C1_RESIDUAL_LEVEL__NO_C0_ACTION,HJB_CONVERGED,True,13,8.974003762318716e-09,0.683726729138733,14.679935429776288,0.08592876222655299,0.02,DIAGNOSTIC_ONLY,1.9843305834098043e-17,True,0.13449282023456693,3.9149394538600903,1.7163826904198487e-07,False,0.00418012833990646,重庆,21,False,True,turn_18.one_turn.capital.household_illiquid_return_rah -> steady_state._post_turn_states.rah,0.09,0.02,False,0.7557652302563093,True,False,31,0,30,12,13,19,False,False,1.3,0.8,2.1316282072803006e-14,False
7.321783924836568,11.985774736309963,4.663990811473395,8.782974903763622,94830047.41899477,42902100.0,0.0021432962326850546,94616775.91479854,94616775.91479854,0.9977510134182058,94616775.91479854,0.9977510134182058,94616775.91479854,0.9977510134182058,213271.50419623236,94830047.41899477,0.6819619465080611,832100.0,832100.0,42810148.090695724,0.9358547875920058,0.9358547875920058,0.9358547875920058,True,0.7380939146868483,0.0,0.0,94616775.91479854,CONTINUED_TO_HOUSEHOLD_BATCH,5862546.456966711,True,True,5862546.4569666535,42810148.09069562,0.09,94830047.41899477,1.0,7.045483063293728,5862546.456966711,0.3149965804699207,0.09,0.3399965804699207,0.6819619465080611,1.9514983306597684,1.3,C1_RESIDUAL_LEVEL__NO_C0_ACTION,HJB_CONVERGED,True,14,1.6719754469818326e-09,0.6819619465080611,14.65638681249517,0.08906223525666729,0.02,DIAGNOSTIC_ONLY,1.3145951341386741e-17,True,0.1299715442327572,4.0412499407686235,1.8278262781112886e-07,False,0.002248986581794257,四川,22,False,True,turn_18.one_turn.capital.household_illiquid_return_rah -> steady_state._post_turn_states.rah,0.09,0.02,False,0.9358547875920058,True,False,31,0,30,12,13,19,False,True,1.3,0.8,2.4424906541753444e-15,False
7.326464807863482,11.987109595488143,4.660644787624661,8.587195902355052,39447014.665611394,15353200.0,4.9878522899504674e-05,39231679.43743419,39231679.43743419,0.9945411527335445,39231679.43743419,0.9945411527335445,39231679.43743419,0.9945411527335445,215335.22817720423,39447014.665611394,0.6843341640563597,382200.0,382200.0,15352434.20506222,0.6531605820813702,0.6531605820813702,0.6531605820813702,True,0.7380939146868483,0.0,0.0,39231679.43743419,CONTINUED_TO_HOUSEHOLD_BATCH,5463539.52792837,True,True,5463539.527928319,15352434.205062183,0.09,39447014.665611394,1.0,14.294975216976374,5463539.52792837,0.26525656030061884,0.09,0.29025656030061886,0.6843341640563597,0.7436285597546589,0.8,C1_RESIDUAL_LEVEL__NO_C0_ACTION,HJB_CONVERGED,True,14,2.041960822651845e-09,0.6843341640563597,14.294245579190648,0.08979022288591987,0.02,DIAGNOSTIC_ONLY,1.0444400356185687e-17,True,0.13142370118550237,4.023566582332093,4.908898934008477e-07,False,0.005458847266455537,贵州,23,False,True,turn_18.one_turn.capital.household_illiquid_return_rah -> steady_state._post_turn_states.rah,0.09,0.02,False,0.6531605820813702,True,False,31,0,30,12,13,19,True,False,1.3,0.8,2.4424906541753444e-15,False
7.334525095016234,11.992485151909921,4.657960056893687,8.312870647706466,68611984.86091176,20880600.0,0.00192052786524477,68400716.53079028,68400716.53079028,0.9969208246846415,68400716.53079028,0.9969208246846415,68400716.53079028,0.9969208246846415,211268.33012146817,68611984.86091176,0.6913700767647558,470300.0,470300.0,20840498.22585697,0.5861329189742354,0.5861329189742354,0.5861329189742354,True,0.7380939146868483,0.0,0.0,68400716.53079028,CONTINUED_TO_HOUSEHOLD_BATCH,5576483.265634737,True,True,5576483.265633725,20840498.225855984,0.09,68611984.86091176,1.0,11.857289529310519,5576483.265634737,0.19853919658539293,0.09,0.22353919658539292,0.6913700767647558,0.9759492396869002,0.9759492396869002,C1_RESIDUAL_LEVEL__NO_C0_ACTION,HJB_CONVERGED,True,14,1.458867693315824e-09,0.6913700767647558,13.64819740090915,0.08689841177987416,0.02,DIAGNOSTIC_ONLY,2.4448758989548125e-17,True,0.1406805814671068,3.819695277500775,8.913762716833418e-08,False,0.003079175315358465,云南,24,False,True,turn_18.one_turn.capital.household_illiquid_return_rah -> steady_state._post_turn_states.rah,0.09,0.02,False,0.5861329189742354,True,False,31,0,30,12,13,19,False,False,1.3,0.8,4.729550084903167e-14,False
8.171324622680409,10.127062629895958,1.9557380072155497,7.603047014982627,6325734.326183821,1548400.0,0.0021660255764158753,6110781.991678671,6110781.991678671,0.9660193863002738,6110781.991678671,0.9660193863002738,6110781.991678671,0.9660193863002738,214952.3345051502,6325734.326183821,0.6622438472106986,35400.0,35400.0,1545046.1259974777,0.2539305050273779,0.2539305050273779,0.2539305050273779,True,0.7380939146868483,0.0,0.0,6110781.991678671,CONTINUED_TO_HOUSEHOLD_BATCH,5453102.486801209,True,True,5453102.486801157,1545046.125997474,0.09,6325734.326183821,1.0,154.04244312997764,5453102.486801209,0.15311518140033034,0.09,0.17811518140033034,0.6622438472106986,0.07331657863330722,0.8,C1_RESIDUAL_LEVEL__NO_C0_ACTION,HJB_CONVERGED,True,16,2.7161313198575954e-09,0.6622438472106986,11.590655576051176,0.08467081232162281,0.02,DIAGNOSTIC_ONLY,1.2597073991565955e-17,True,0.0006551466681916367,0.8070174229631494,4.049310790010807e-07,False,0.03398061369972619,西藏,25,False,True,turn_18.one_turn.capital.household_illiquid_return_rah -> steady_state._post_turn_states.rah,0.09,0.02,False,0.2539305050273779,True,False,31,0,30,12,13,19,True,False,1.3,0.8,2.4424906541753444e-15,False
7.316235364016611,11.987012937953898,4.670777573937286,9.080101983974082,73897910.2910824,23941900.0,0.004298391906004673,73689226.0836809,73689226.0836809,0.997176047244374,73689226.0836809,0.997176047244374,73689226.0836809,0.997176047244374,208684.2074014936,73897910.2910824,0.6821367601574608,393100.0,393100.0,24044811.669174373,0.6338518706666324,0.6338518706666324,0.6338518706666324,True,0.7380939146868483,0.0,0.0,73689226.0836809,CONTINUED_TO_HOUSEHOLD_BATCH,5792923.738275363,True,True,5792923.73827485,24044811.669173814,0.09,73897910.2910824,1.0,14.736514215912905,5792923.738275363,0.21526434384331936,0.09,0.24026434384331935,0.6821367601574608,1.087571041859132,1.087571041859132,C1_RESIDUAL_LEVEL__NO_C0_ACTION,HJB_CONVERGED,True,25,4.311173640303423e-11,0.6821367601574608,15.05326055524328,0.08403885747822573,0.02,DIAGNOSTIC_ONLY,1.349831704744453e-17,True,0.13487640729014833,3.8818821816711444,2.4877877913276336e-07,False,0.0028239527556258447,陕西,26,False,True,turn_18.one_turn.capital.household_illiquid_return_rah -> steady_state._post_turn_states.rah,0.09,0.02,False,0.6338518706666324,True,False,31,0,30,12,13,19,False,False,1.3,0.8,2.3314683517128287e-14,False
7.328895705726711,11.987897735909208,4.659002030182496,8.48817682074349,25177704.67938732,8104100.0,0.006066638285550097,24962132.869681112,24962132.869681112,0.9914379879956773,24962132.869681112,0.9914379879956773,24962132.869681112,0.9914379879956773,215571.80970620795,25177704.67938732,0.6857072746585011,251500.0,251500.0,8153264.643329927,0.4815843645010798,0.4815843645010798,0.4815843645010798,True,0.7380939146868483,0.0,0.0,24962132.869681112,CONTINUED_TO_HOUSEHOLD_BATCH,5532599.009144326,True,True,5532599.0091442745,8153264.643329906,0.09,25177704.67938732,1.0,21.998405602959547,5532599.009144326,0.21406232143920562,0.09,0.2390623214392056,0.6857072746585011,0.38603976051939404,0.8,C1_RESIDUAL_LEVEL__NO_C0_ACTION,HJB_CONVERGED,True,13,2.0505400932790963e-08,0.6857072746585011,14.105439715807154,0.09,0.02,DIAGNOSTIC_ONLY,1.7218383069854152e-17,True,0.1324567082156096,4.00688471806458,2.9908250875898545e-08,False,0.008562012004322776,甘肃,27,False,True,turn_18.one_turn.capital.household_illiquid_return_rah -> steady_state._post_turn_states.rah,0.09,0.02,False,0.4815843645010798,True,False,31,0,30,12,13,19,True,False,1.3,0.8,2.4424906541753444e-15,False
7.345400273776608,12.005988087171588,4.660587813394979,8.099696673392582,17578407.529567722,2748000.0,0.002115271383233419,17365178.187046025,17365178.187046025,0.9878698145913937,17365178.187046025,0.9878698145913937,17365178.187046025,0.9878698145913937,213229.34252169714,17578407.529567722,0.7068478431989335,58700.0,58700.0,2742187.2342388746,0.2111711647722934,0.2111711647722934,0.2111711647722934,True,0.7380939146868483,0.0,0.0,17365178.187046025,CONTINUED_TO_HOUSEHOLD_BATCH,5531285.781690914,True,True,5531285.781690862,2742187.2342388676,0.08784757593700976,17578407.529567722,1.0,94.22974074430859,5531285.781690914,0.08784757593701002,0.08784757593701002,0.11224266570897153,0.7068478431989335,0.1265742515946651,0.8,C1_RESIDUAL_LEVEL__NO_C0_ACTION,HJB_CONVERGED,True,26,9.653167154510811e-11,0.7068478431989335,12.801260741746114,0.07463275752477178,0.02,DIAGNOSTIC_ONLY,2.5017965130103015e-17,True,0.17473547998803896,3.215266364485807,3.030136033199682e-07,False,0.012130185408606279,青海,28,False,False,turn_18.one_turn.capital.household_illiquid_return_rah -> steady_state._post_turn_states.rah,0.09,0.02,False,0.2111711647722934,True,False,31,0,30,12,13,19,True,False,1.3,0.8,2.4424906541753444e-15,False
7.330635532628971,11.999668580182849,4.669033047553878,8.724768731628021,18640640.44456374,3510200.0,0.0020932994290927542,18427372.607126698,18427372.607126698,0.9885589855095758,18427372.607126698,0.9885589855095758,18427372.607126698,0.9885589855095758,213267.83743704154,18640640.44456374,0.6930013830099807,71000.0,71000.0,3502852.1003439985,0.25704566563666087,0.25704566563666087,0.25704566563666087,True,0.7380939146868483,0.0,0.0,18427372.607126698,CONTINUED_TO_HOUSEHOLD_BATCH,5636408.191490833,True,True,5636408.191490781,3502852.10034399,0.09,18640640.44456374,1.0,79.38603086606807,5636408.191490833,0.11092578858669987,0.09,0.13586290162520154,0.6930013830099807,0.15943851554719476,0.8,C1_RESIDUAL_LEVEL__NO_C0_ACTION,HJB_CONVERGED,True,27,3.0175950627153725e-10,0.6930013830099807,14.14290738960703,0.07895703925417581,0.02,DIAGNOSTIC_ONLY,1.651375433966984e-17,True,0.1512063072106323,3.546009745708981,3.046777516946264e-07,False,0.011441014490424221,宁夏,29,False,True,turn_18.one_turn.capital.household_illiquid_return_rah -> steady_state._post_turn_states.rah,0.09,0.02,False,0.25704566563666087,True,False,31,0,30,12,13,19,True,False,1.3,0.8,2.4424906541753444e-15,False
8.182963780430187,10.142528388176075,1.9595646077458877,7.278660293526874,49250553.031937115,12809400.0,3.878987843797255e-05,49040338.37791543,49040338.37791543,0.9957317300805664,49040338.37791543,0.9957317300805664,49040338.37791543,0.9957317300805664,210214.65402169048,49250553.031937115,0.668912539452023,252000.0,252000.0,12808903.124931136,0.4695876658129632,0.4695876658129632,0.4695876658129632,True,0.7380939146868483,0.0,0.0,49040338.37791543,CONTINUED_TO_HOUSEHOLD_BATCH,5159529.30246283,True,True,5159529.302462782,12808903.124931104,0.09,49250553.031937115,1.0,20.474322628820754,5159529.30246283,0.16511889149639686,0.09,0.19011889149639685,0.668912539452023,0.6439620380585354,0.8,C1_RESIDUAL_LEVEL__NO_C0_ACTION,HJB_CONVERGED,True,16,2.674077403952424e-09,0.668912539452023,10.963186479339326,0.0835319867696535,0.02,DIAGNOSTIC_ONLY,1.0211829212097845e-17,True,0.1462838357591298,0.7878897574252779,4.763108192307186e-07,False,0.004268269919433681,新疆,30,False,True,turn_18.one_turn.capital.household_illiquid_return_rah -> steady_state._post_turn_states.rah,0.09,0.02,False,0.4695876658129632,True,False,31,0,30,12,13,19,True,False,1.3,0.8,2.4424906541753444e-15,False
7.322074041390291,11.99563532422983,4.67356128283954,9.04975763907086,58719043.066994764,33106000.0,0.0020481212859825293,58510809.39250095,58510809.39250095,0.996453728405345,58510809.39250095,0.996453728405345,58510809.39250095,0.996453728405345,208233.67449381202,58719043.066994764,0.688317733155958,219200.0,219200.0,33038194.89670626,1.026364744857471,1.026364744857471,1.026364744857471,True,0.7380939146868483,0.0,0.0,58510809.39250095,CONTINUED_TO_HOUSEHOLD_BATCH,5915517.185661431,True,True,5915517.185661368,33038194.89670617,0.09,58719043.066994764,1.0,26.986848474732806,5915517.185661431,0.40633797203054106,0.09,0.4313379720305411,0.688317733155958,1.5192802967190002,1.3,C1_RESIDUAL_LEVEL__NO_C0_ACTION,HJB_CONVERGED,True,25,1.2138676730444331e-09,0.688317733155958,14.764397243491517,0.07859257477835796,0.02,DIAGNOSTIC_ONLY,1.0516761073109393e-17,True,0.14681733427380228,3.6076001971907394,1.0739532074754976e-07,False,0.003546271594655083,北京,0,False,True,turn_19.one_turn.capital.household_illiquid_return_rah -> steady_state._post_turn_states.rah,0.09,0.02,False,1.026364744857471,True,False,31,0,30,12,13,20,False,True,1.3,0.8,2.6645352591003757e-15,False
7.308369142074621,11.984120021335865,4.675750879261244,9.212026234677174,64593598.72309723,13362900.0,2.8108901149348497e-05,64388134.38791451,64388134.38791451,0.9968191223396066,64388134.38791451,0.9968191223396066,64388134.38791451,0.9968191223396066,205464.33518271797,64593598.72309723,0.6979253142406445,138300.0,138300.0,13362524.383564832,0.3943630348293412,0.3943630348293412,0.3943630348293412,True,0.7380939146868483,0.0,0.0,64388134.38791451,CONTINUED_TO_HOUSEHOLD_BATCH,5499853.799030596,True,True,5499853.799030535,13362524.383564793,0.09,64593598.72309723,1.0,39.76756181511639,5499853.799030596,0.12499980138328004,0.09,0.14999980138328003,0.6979253142406445,0.6251194111449253,0.8,C1_RESIDUAL_LEVEL__NO_C0_ACTION,HJB_CONVERGED,True,25,8.814481144980846e-09,0.6979253142406445,14.587141943096405,0.06490309855747681,0.02,DIAGNOSTIC_ONLY,2.035843688725711e-17,True,0.16367380611028587,3.0480771636932134,1.7723444289963197e-07,False,0.0031808776603934365,天津,1,False,True,turn_19.one_turn.capital.household_illiquid_return_rah -> steady_state._post_turn_states.rah,0.09,0.02,False,0.3943630348293412,True,False,31,0,30,12,13,20,True,False,1.3,0.8,2.886579864025407e-15,False
7.316250601589774,11.985257536542175,4.669006934952402,9.038906562062024,113705229.18254791,32494600.0,0.0021132524231842753,113497505.78131609,113497505.78131609,0.9981731411763101,113497505.78131609,0.9981731411763101,113497505.78131609,0.9981731411763101,207723.40123183158,113705229.18254791,0.6805037567574492,742600.0,742600.0,32425930.707809597,0.6175565659297677,0.6175565659297677,0.6175565659297677,True,0.7380939146868483,0.0,0.0,113497505.78131609,CONTINUED_TO_HOUSEHOLD_BATCH,5950312.254619396,True,True,5950312.25461933,32425930.7078095,0.09,113705229.18254791,1.0,8.01280939216186,5950312.254619396,0.18427291893457184,0.09,0.20927291893457184,0.6805037567574492,1.4190172583986065,1.3,C1_RESIDUAL_LEVEL__NO_C0_ACTION,HJB_CONVERGED,True,13,2.9254581868087826e-08,0.6805037567574492,15.06514369274013,0.08640795021977439,0.02,DIAGNOSTIC_ONLY,1.1366883294364944e-17,True,0.1310998836588834,3.98361270258877,7.530065138094955e-08,False,0.001826858823690002,河北,2,False,True,turn_19.one_turn.capital.household_illiquid_return_rah -> steady_state._post_turn_states.rah,0.09,0.02,False,0.6175565659297677,True,False,31,0,30,12,13,20,False,True,1.3,0.8,2.886579864025407e-15,False
7.318621400565837,11.986185589056275,4.667564188490438,8.939101285384599,53478727.38884524,15958100.0,4.9236251609463544e-05,53266829.43896172,53266829.43896172,0.9960377151770496,53266829.43896172,0.9960377151770496,53266829.43896172,0.9960377151770496,211897.94988351807,53478727.38884524,0.6819674690052594,350200.0,350200.0,15957314.28297319,0.541543979367176,0.541543979367176,0.541543979367176,True,0.7380939146868483,0.0,0.0,53266829.43896172,CONTINUED_TO_HOUSEHOLD_BATCH,5493265.807276809,True,True,5493265.807276748,15957314.282973146,0.09,53478727.38884524,1.0,15.686081688397511,5493265.807276809,0.19441424655983064,0.09,0.21941424655983063,0.6819674690052594,0.7579651488346845,0.8,C1_RESIDUAL_LEVEL__NO_C0_ACTION,HJB_CONVERGED,True,13,9.674996981345885e-08,0.6819674690052594,14.867921156092638,0.08643568421810947,0.02,DIAGNOSTIC_ONLY,1.2261589152911405e-17,True,0.13239782271452313,3.959982065126446,1.9704239750950592e-07,False,0.003962284822950301,山西,3,False,True,turn_19.one_turn.capital.household_illiquid_return_rah -> steady_state._post_turn_states.rah,0.09,0.02,False,0.541543979367176,True,False,31,0,30,12,13,20,True,False,1.3,0.8,2.886579864025407e-15,False
7.328991435490646,12.001912643364326,4.672921207873681,8.862074422494864,82165502.99427319,16140800.0,4.481142420365014e-05,81961499.33892635,81961499.33892635,0.9975171617295271,81961499.33892635,0.9975171617295271,81961499.33892635,0.9975171617295271,204003.6553468393,82165502.99427319,0.6960763657341668,242200.0,242200.0,16140076.707764214,0.4001484797007443,0.4001484797007443,0.4001484797007443,True,0.7380939146868483,0.0,0.0,81961499.33892635,CONTINUED_TO_HOUSEHOLD_BATCH,5430725.410988391,True,True,5430725.410988332,16140076.707764165,0.09,82165502.99427319,1.0,22.422483117210533,5430725.410988391,0.11720605414389251,0.09,0.1422060541438925,0.6960763657341668,0.763455493173554,0.8,C1_RESIDUAL_LEVEL__NO_C0_ACTION,HJB_CONVERGED,True,25,2.608712357243803e-09,0.6960763657341668,14.208784118463523,0.073705711378134,0.02,DIAGNOSTIC_ONLY,1.849919956803392e-17,True,0.16264200081506672,3.3368833269953395,1.919712462328249e-07,False,0.002482838270472927,内蒙古,4,False,True,turn_19.one_turn.capital.household_illiquid_return_rah -> steady_state._post_turn_states.rah,0.09,0.02,False,0.4001484797007443,True,False,31,0,30,12,13,20,True,False,1.3,0.8,3.1086244689504383e-15,False
7.334378411082121,11.99694347421478,4.662565063132658,8.43794392629715,90061052.78222083,23510500.0,0.0037308061010141724,89854895.94912705,89854895.94912705,0.9977109213502946,89854895.94912705,0.9977109213502946,89854895.94912705,0.9977109213502946,206156.83309378067,90061052.78222083,0.6936994465488728,429100.0,429100.0,23598213.116837893,0.5406300280912503,0.5406300280912503,0.5406300280912503,True,0.7380939146868483,0.0,0.0,89854895.94912705,CONTINUED_TO_HOUSEHOLD_BATCH,5668957.563228572,True,True,5668957.5632286435,23598213.11683797,0.09,90061052.78222083,1.0,13.211273743249993,5668957.563228572,0.16660041911566406,0.09,0.19160041911566406,0.6936994465488728,1.0801006630948535,1.0801006630948535,C1_RESIDUAL_LEVEL__NO_C0_ACTION,HJB_CONVERGED,True,15,9.504106390778588e-08,0.6936994465488728,13.728680227657534,0.08254872517025602,0.02,DIAGNOSTIC_ONLY,1.6046192152785466e-17,True,0.14766144547484972,3.648571948222827,9.37111813703595e-08,False,0.0022890786497054873,辽宁,5,False,True,turn_19.one_turn.capital.household_illiquid_return_rah -> steady_state._post_turn_states.rah,0.09,0.02,False,0.5406300280912503,True,False,31,0,30,12,13,20,False,False,1.3,0.8,3.3306690738754696e-15,False
7.349657793635858,12.010628437773835,4.6609706441379775,8.125122814291409,66308917.7271201,11253800.0,0.007556323724975167,66101646.399014525,66101646.399014525,0.9968741560681392,66101646.399014525,0.9968741560681392,66101646.399014525,0.9968741560681392,207271.32810557995,66308917.7271201,0.7034096107727763,248400.0,248400.0,11168762.644063875,0.3250442085976263,0.3250442085976263,0.3250442085976263,True,0.7380939146868483,0.0,0.0,66101646.399014525,CONTINUED_TO_HOUSEHOLD_BATCH,5388290.346454446,True,True,5388290.346454388,11168762.644063843,0.09,66308917.7271201,1.0,21.69199012260244,5388290.346454446,0.09684133824318784,0.09,0.12142006770937082,0.7034096107727763,0.5302069122308543,0.8,C1_RESIDUAL_LEVEL__NO_C0_ACTION,HJB_CONVERGED,True,25,4.862233726754539e-08,0.7034096107727763,12.96482615958469,0.07865644460850069,0.02,DIAGNOSTIC_ONLY,1.4446665079372145e-17,True,0.16278330411328285,3.378079692244912,1.4006791815290853e-07,False,0.0031258439318608685,吉林,6,False,True,turn_19.one_turn.capital.household_illiquid_return_rah -> steady_state._post_turn_states.rah,0.09,0.02,False,0.3250442085976263,True,False,31,0,30,12,13,20,True,False,1.3,0.8,2.886579864025407e-15,False
7.360661035490529,12.00719250551661,4.64653147002608,7.517194169189919,58424879.89838116,12846500.0,3.977548672173814e-05,58214346.643553525,58214346.643553525,0.9963965136908486,58214346.643553525,0.9963965136908486,58214346.643553525,0.9963965136908486,210533.25482763184,58424879.89838116,0.7073780855767606,332700.0,332700.0,12845989.024209829,0.41270310471903765,0.41270310471903765,0.41270310471903765,True,0.7380939146868483,0.0,0.0,58214346.643553525,CONTINUED_TO_HOUSEHOLD_BATCH,5277794.6825132575,True,True,5277794.682513202,12845989.024209792,0.09,58424879.89838116,1.0,15.863524744554425,5277794.6825132575,0.13474305493254554,0.09,0.15974305493254554,0.7073780855767606,0.6274820218135967,0.8,C1_RESIDUAL_LEVEL__NO_C0_ACTION,HJB_CONVERGED,True,26,2.0279316448323925e-08,0.7073780855767606,12.026511476972045,0.08488047609984661,0.02,DIAGNOSTIC_ONLY,1.8431436932253575e-17,True,0.15883601078454188,3.5086499514164164,1.959568602938333e-07,False,0.0036034863091514084,黑龙江,7,False,True,turn_19.one_turn.capital.household_illiquid_return_rah -> steady_state._post_turn_states.rah,0.09,0.02,False,0.41270310471903765,True,False,31,0,30,12,13,20,True,False,1.3,0.8,2.886579864025407e-15,False
7.3219810969716566,11.995523710537277,4.67354261356562,9.05075531288254,66125294.30800852,36011800.0,0.0020662810694522804,65917973.06089597,65917973.06089597,0.9968647209924412,65917973.06089597,0.9968647209924412,65917973.06089597,0.9968647209924412,207321.2471125463,66125294.30800852,0.6882479251597015,247500.0,247500.0,35937389.4993831,1.0227253445056632,1.0227253445056632,1.0227253445056632,True,0.7380939146868483,0.0,0.0,65917973.06089597,CONTINUED_TO_HOUSEHOLD_BATCH,5915291.248136816,True,True,5915291.248136748,35937389.499382995,0.09,66125294.30800852,1.0,23.900166659138648,5915291.248136816,0.3903561961724515,0.09,0.4153561961724515,0.6882479251597015,1.6475786039327216,1.3,C1_RESIDUAL_LEVEL__NO_C0_ACTION,HJB_CONVERGED,True,25,2.6926461060838847e-09,0.6882479251597015,14.768471514782451,0.07864081161682361,0.02,DIAGNOSTIC_ONLY,9.605122717776903e-18,True,0.1466889004208746,3.610266486082148,1.0316381460206969e-07,False,0.0031352790075587964,上海,8,False,True,turn_19.one_turn.capital.household_illiquid_return_rah -> steady_state._post_turn_states.rah,0.09,0.02,False,1.0227253445056632,True,False,31,0,30,12,13,20,False,True,1.3,0.8,2.886579864025407e-15,False
7.312970466767565,11.988910715962113,4.675940249194548,9.320232577445022,203535217.25929242,93207600.0,0.002181966928653023,203343357.86904544,203343357.86904544,0.9990573651438288,203343357.86904544,0.9990573651438288,203343357.86904544,0.9990573651438288,191859.39024698857,203535217.25929242,0.682254428035986,844600.0,844600.0,93004224.09930088,1.1603289174497986,1.1603289174497986,1.1603289174497986,True,0.7380939146868483,0.0,0.0,203343357.86904544,CONTINUED_TO_HOUSEHOLD_BATCH,5799097.864735561,True,True,5799097.864735496,93004224.0993006,0.09,203535217.25929242,1.0,6.86608792888416,5799097.864735561,0.3194411839214071,0.09,0.3444411839214071,0.682254428035986,4.289712289041889,1.3,C1_RESIDUAL_LEVEL__NO_C0_ACTION,HJB_CONVERGED,True,15,6.951283992862045e-10,0.682254428035986,15.378211159173143,0.08042887556155787,0.02,DIAGNOSTIC_ONLY,1.7356552122187868e-17,True,0.13872054881918894,3.7643048866518565,7.07596968796409e-08,False,0.0009426348561712074,江苏,9,False,True,turn_19.one_turn.capital.household_illiquid_return_rah -> steady_state._post_turn_states.rah,0.09,0.02,False,1.1603289174497986,True,False,31,0,30,12,13,20,False,True,1.3,0.8,3.1086244689504383e-15,False
7.316058077364351,11.98752065055503,4.671462573190678,9.103552980424395,124249656.20818298,58002800.0,0.0021451654412839583,124046336.28831807,124046336.28831807,0.9983636178475678,124046336.28831807,0.9983636178475678,124046336.28831807,0.9983636178475678,203319.9198649123,124249656.20818298,0.6824624563457359,627300.0,627300.0,57878374.3979423,1.0369336001179625,1.0369336001179625,1.0369336001179625,True,0.7380939146868483,0.0,0.0,124046336.28831807,CONTINUED_TO_HOUSEHOLD_BATCH,5852883.334764172,True,True,5852883.334764104,57878374.397942126,0.09,124249656.20818298,1.0,9.330277912903192,5852883.334764172,0.3266283926117634,0.09,0.35162839261176343,0.6824624563457359,2.6487637744948658,1.3,C1_RESIDUAL_LEVEL__NO_C0_ACTION,HJB_CONVERGED,True,18,6.721467826764638e-11,0.6824624563457359,15.071920446410731,0.08335289970218862,0.02,DIAGNOSTIC_ONLY,1.8514056777834093e-17,True,0.13586851403079814,3.854756279324263,7.803823853791414e-08,False,0.0016363821524322403,浙江,10,False,True,turn_19.one_turn.capital.household_illiquid_return_rah -> steady_state._post_turn_states.rah,0.09,0.02,False,1.0369336001179625,True,False,31,0,30,12,13,20,False,True,1.3,0.8,2.886579864025407e-15,False
7.31468476028334,11.983278641540112,4.668593881256772,9.092751623876543,70182433.35888097,34010900.0,0.0021098769767033954,69968726.4804038,69968726.4804038,0.996954980495128,69968726.4804038,0.996954980495128,69968726.4804038,0.996954980495128,213706.87847717374,70182433.35888097,0.6774362058429034,607600.0,607600.0,33939141.18513304,0.9221011048681041,0.9221011048681041,0.9221011048681041,True,0.7380939146868483,0.0,0.0,69968726.4804038,CONTINUED_TO_HOUSEHOLD_BATCH,5969997.026943515,True,True,5969997.026943449,33939141.18513294,0.09,70182433.35888097,1.0,9.825538227359306,5969997.026943515,0.34106627510268395,0.09,0.36606627510268397,0.6774362058429034,1.5270314853627187,1.3,C1_RESIDUAL_LEVEL__NO_C0_ACTION,HJB_CONVERGED,True,14,1.4083756383342916e-10,0.6774362058429034,15.26996477202831,0.08895775431924248,0.02,DIAGNOSTIC_ONLY,1.3464980426063884e-17,True,0.12611155334250362,4.115122548212693,8.254018390996265e-08,False,0.003045019504872027,安徽,11,False,True,turn_19.one_turn.capital.household_illiquid_return_rah -> steady_state._post_turn_states.rah,0.09,0.02,False,0.9221011048681041,True,False,31,0,30,12,13,20,False,True,1.3,0.8,2.886579864025407e-15,False
7.322335328622641,11.99143047467955,4.669095146056908,8.886944691064725,87795538.11850408,38687800.0,0.0021015598012253944,87589287.31244677,87589287.31244677,0.9976507825969594,87589287.31244677,0.9976507825969594,87589287.31244677,0.9976507825969594,206250.80605730167,87795538.11850408,0.6868394257707737,410400.0,410400.0,38606495.27472215,0.8921644600055767,0.8921644600055767,0.8921644600055767,True,0.7380939146868483,0.0,0.0,87589287.31244677,CONTINUED_TO_HOUSEHOLD_BATCH,5892713.6213277755,True,True,5892713.6213277085,38606495.27472204,0.09,87795538.11850408,1.0,14.358463989590096,5892713.6213277755,0.30556602035076796,0.09,0.330566020350768,0.6868394257707737,1.747629164163651,1.3,C1_RESIDUAL_LEVEL__NO_C0_ACTION,HJB_CONVERGED,True,15,6.802134411287852e-09,0.6868394257707737,14.599595103374108,0.08227335879717018,0.02,DIAGNOSTIC_ONLY,2.726046377965345e-17,True,0.14117837999709626,3.749198314921729,8.958230912625709e-08,False,0.0023492174030405716,福建,12,False,True,turn_19.one_turn.capital.household_illiquid_return_rah -> steady_state._post_turn_states.rah,0.09,0.02,False,0.8921644600055767,True,False,31,0,30,12,13,20,False,True,1.3,0.8,2.886579864025407e-15,False
7.3178933165818805,11.984333561364467,4.666440244782587,8.950563321461775,51050047.92908307,22716500.0,0.0023074621081922153,50835646.82849269,50835646.82849269,0.9958001782703864,50835646.82849269,0.9958001782703864,50835646.82849269,0.9958001782703864,214401.10059037514,51050047.92908307,0.6793848587920658,451300.0,451300.0,22768917.462980747,0.7893560257063097,0.7893560257063097,0.7893560257063097,True,0.7380939146868483,0.0,0.0,50835646.82849269,CONTINUED_TO_HOUSEHOLD_BATCH,5772603.381178232,True,True,5772603.381177869,22768917.46298037,0.09,51050047.92908307,1.0,12.791055575400469,5772603.381178232,0.3106195617115295,0.09,0.3356195617115295,0.6793848587920658,1.0531874253914326,1.0531874253914326,C1_RESIDUAL_LEVEL__NO_C0_ACTION,HJB_CONVERGED,True,14,4.388192031967719e-10,0.6793848587920658,14.992371132002306,0.08911958485106085,0.02,DIAGNOSTIC_ONLY,1.865310612459395e-17,True,0.1276641446645467,4.08683333325305,6.082343584346006e-08,False,0.004199821729613527,江西,13,False,True,turn_19.one_turn.capital.household_illiquid_return_rah -> steady_state._post_turn_states.rah,0.09,0.02,False,0.7893560257063097,True,False,31,0,30,12,13,20,False,False,1.3,0.8,1.6431300764452317e-14,False
7.312388456645546,11.98651175310013,4.674123296454584,9.273206791317289,210016973.07581103,66648899.99999999,0.002168884717848263,209823149.66501826,209823149.66501826,0.9990771059693219,209823149.66501826,0.9990771059693219,209823149.66501826,0.9990771059693219,193823.41079277743,210016973.07581103,0.6806621135559426,1007700.0,1007700.0,66504346.2193286,0.8090038132922267,0.8090038132922267,0.8090038132922267,True,0.7380939146868483,0.0,0.0,209823149.66501826,CONTINUED_TO_HOUSEHOLD_BATCH,5846649.3409114005,True,True,5846649.340911334,66504346.219328396,0.09,210016973.07581103,1.0,5.8019741400331455,5846649.3409114005,0.2085119377635754,0.09,0.2335119377635754,0.6806621135559426,2.9763938585980605,1.3,C1_RESIDUAL_LEVEL__NO_C0_ACTION,HJB_CONVERGED,True,16,5.6212590138216e-11,0.6806621135559426,15.379432436922684,0.08264892144596599,0.02,DIAGNOSTIC_ONLY,1.1099519740820352e-17,True,0.13489232201869014,3.861965027569459,6.694455956246514e-08,False,0.0009228940306782342,山东,14,False,True,turn_19.one_turn.capital.household_illiquid_return_rah -> steady_state._post_turn_states.rah,0.09,0.02,False,0.8090038132922267,True,False,31,0,30,12,13,20,False,True,1.3,0.8,3.1086244689504383e-15,False
7.311032040586646,11.983963375307118,4.672931334720472,9.27935369468364,168320556.01470312,49935900.0,0.0021550172502869946,168118845.78268713,168118845.78268713,0.9988016304318863,168118845.78268713,0.9988016304318863,168118845.78268713,0.9988016304318863,201710.23201600817,168320556.01470312,0.6780916213876649,986400.0,986400.0,49828287.27409139,0.7116861984516236,0.7116861984516236,0.7116861984516236,True,0.7380939146868483,0.0,0.0,168118845.78268713,CONTINUED_TO_HOUSEHOLD_BATCH,5910294.631924355,True,True,5910294.631924288,49828287.274091244,0.09,168320556.01470312,1.0,5.9917828790798415,5910294.631924355,0.19260408504732177,0.09,0.21760408504732176,0.6780916213876649,2.199019266265272,1.3,C1_RESIDUAL_LEVEL__NO_C0_ACTION,HJB_CONVERGED,True,13,3.849174312620107e-09,0.6780916213876649,15.496884274420927,0.08521799176891924,0.02,DIAGNOSTIC_ONLY,1.4718044491490723e-17,True,0.1300403545135293,3.9867063511894285,6.754185488677678e-08,False,0.0011983695681137625,河南,15,False,True,turn_19.one_turn.capital.household_illiquid_return_rah -> steady_state._post_turn_states.rah,0.09,0.02,False,0.7116861984516236,True,False,31,0,30,12,13,20,False,True,1.3,0.8,2.886579864025407e-15,False
7.312093316296359,11.984455727822036,4.672362411525677,9.23462788598598,101805153.6623069,42022000.0,0.0021227849017098066,101598064.76999205,101598064.76999205,0.9979658309538849,101598064.76999205,0.9979658309538849,101598064.76999205,0.9979658309538849,207088.89231484738,101805153.6623069,0.6788282007740988,591700.0,591700.0,41932796.33286035,0.8668910887321597,0.8668910887321597,0.8668910887321597,True,0.7380939146868483,0.0,0.0,101598064.76999205,CONTINUED_TO_HOUSEHOLD_BATCH,5940379.289794166,True,True,5940379.289794097,41932796.332860224,0.09,101805153.6623069,1.0,10.039512066577938,5940379.289794166,0.28328319519461276,0.09,0.3082831951946128,0.6788282007740988,1.8747329153804486,1.3,C1_RESIDUAL_LEVEL__NO_C0_ACTION,HJB_CONVERGED,True,13,3.063019171634096e-09,0.6788282007740988,15.403934352571197,0.08512191332374468,0.02,DIAGNOSTIC_ONLY,1.2923326087585671e-17,True,0.13079471082299543,3.971279214576158,8.078826863044952e-08,False,0.002034169046115015,湖北,16,False,True,turn_19.one_turn.capital.household_illiquid_return_rah -> steady_state._post_turn_states.rah,0.09,0.02,False,0.8668910887321597,True,False,31,0,30,12,13,20,False,True,1.3,0.8,3.1086244689504383e-15,False
7.3156359396409965,11.984520319261412,4.668884379620415,9.056780810156472,93791807.14892803,36329700.0,0.0021219650565037496,93581691.74507101,93581691.74507101,0.9977597680411106,93581691.74507101,0.9977597680411106,93581691.74507101,0.9977597680411106,210115.40385702022,93791807.14892803,0.6795139938218743,663500.0,663500.0,36252609.64608674,0.7959373284760574,0.7959373284760574,0.7959373284760574,True,0.7380939146868483,0.0,0.0,93581691.74507101,CONTINUED_TO_HOUSEHOLD_BATCH,5948262.555797794,True,True,5948262.555797728,36252609.64608663,0.09,93791807.14892803,1.0,8.964977476711068,5948262.555797794,0.26314547300181146,0.09,0.2881454730018115,0.6795139938218743,1.6122060224694235,1.3,C1_RESIDUAL_LEVEL__NO_C0_ACTION,HJB_CONVERGED,True,13,5.134087865954484e-08,0.6795139938218743,15.131457580955194,0.08720574020433906,0.02,DIAGNOSTIC_ONLY,1.81603863891322e-17,True,0.12947834762150875,4.025185689299668,7.857207506845043e-08,False,0.0022402319588894037,湖南,17,False,True,turn_19.one_turn.capital.household_illiquid_return_rah -> steady_state._post_turn_states.rah,0.09,0.02,False,0.7959373284760574,True,False,31,0,30,12,13,20,False,True,1.3,0.8,2.886579864025407e-15,False
7.321941378083398,11.987645892844327,4.665704514760929,8.80559948271557,191259406.86816654,99945200.0,0.0022046381877225407,191057332.50787243,191057332.50787243,0.9989434540052015,191057332.50787243,0.9989434540052015,191057332.50787243,0.9989434540052015,202074.36029410255,191259406.86816654,0.6841310149731445,1234800.0,1234800.0,99724856.99540043,1.30644139756687,1.30644139756687,1.30644139756687,True,0.7380939146868483,0.0,0.0,191057332.50787243,CONTINUED_TO_HOUSEHOLD_BATCH,5734851.8556300495,True,True,5734851.855629982,99724856.99540012,0.09,191259406.86816654,1.0,4.6443568639699135,5734851.8556300495,0.37208849771768604,0.09,0.39708849771768606,0.6841310149731445,4.699177749341788,1.3,C1_RESIDUAL_LEVEL__NO_C0_ACTION,HJB_CONVERGED,True,13,1.146080785829895e-08,0.6841310149731445,14.597538474665011,0.08628759033590613,0.02,DIAGNOSTIC_ONLY,1.5564345516158584e-17,True,0.1345174470156018,3.9194076430123936,6.40010178187822e-08,False,0.0010565459947985234,广东,18,False,True,turn_19.one_turn.capital.household_illiquid_return_rah -> steady_state._post_turn_states.rah,0.09,0.02,False,1.30644139756687,True,False,31,0,30,12,13,20,False,True,1.3,0.8,3.1086244689504383e-15,False
7.331588070021594,11.990666606617426,4.659078536595832,8.40999229585493,67306708.83876626,19627800.0,0.005297792439399651,67094689.937517986,67094689.937517986,0.9968499588687931,67094689.937517986,0.9968499588687931,67094689.937517986,0.9968499588687931,212018.90124827524,67306708.83876626,0.6891573470612411,494700.0,494700.0,19523815.98955795,0.5577680812178123,0.5577680812178123,0.5577680812178123,True,0.7380939146868483,0.0,0.0,67094689.937517986,CONTINUED_TO_HOUSEHOLD_BATCH,5544997.934556147,True,True,5544997.934556034,19523815.989557847,0.09,67306708.83876626,1.0,11.208809247131892,5544997.934556147,0.1880272873632493,0.09,0.2130272873632493,0.6891573470612411,0.9175424541835111,0.9175424541835111,C1_RESIDUAL_LEVEL__NO_C0_ACTION,HJB_CONVERGED,True,13,1.8952958313889212e-08,0.6891573470612411,13.863648010722294,0.0875653922861688,0.02,DIAGNOSTIC_ONLY,7.856425361771518e-18,True,0.13792539518081107,3.87598696820126,1.2990173381410841e-08,False,0.0031500411312068185,广西,19,False,True,turn_19.one_turn.capital.household_illiquid_return_rah -> steady_state._post_turn_states.rah,0.09,0.02,False,0.5577680812178123,True,False,31,0,30,12,13,20,False,False,1.3,0.8,5.329070518200751e-15,False
7.343200480782607,11.996588375458048,4.653387894675441,8.01340061406317,14673330.466888333,4910700.0,0.0020759723184631262,14458727.729779001,14458727.729779001,0.9853746402295238,14458727.729779001,0.9853746402295238,14458727.729779001,0.9853746402295238,214602.7371093314,14673330.466888333,0.6966386366641064,98200.0,98200.0,4900505.522735723,0.43124462072637787,0.43124462072637787,0.43124462072637787,True,0.7380939146868483,0.0,0.0,14458727.729779001,CONTINUED_TO_HOUSEHOLD_BATCH,5529281.805336227,True,True,5529281.8053361615,4900505.522735708,0.09,14673330.466888333,1.0,56.306332029900474,5529281.805336227,0.2219400267310439,0.09,0.2469400267310439,0.6966386366641064,0.23253344685965402,0.8,C1_RESIDUAL_LEVEL__NO_C0_ACTION,HJB_CONVERGED,True,14,8.445184995764521e-09,0.6966386366641064,13.052721308411842,0.08665869422936799,0.02,DIAGNOSTIC_ONLY,3.507394027990607e-17,True,0.14601881243234882,3.728066501301568,1.2787181347118093e-07,False,0.014625359770476203,海南,20,False,True,turn_19.one_turn.capital.household_illiquid_return_rah -> steady_state._post_turn_states.rah,0.09,0.02,False,0.43124462072637787,True,False,31,0,30,12,13,20,True,False,1.3,0.8,3.1086244689504383e-15,False
7.3208815230767055,11.987478454475175,4.66659693139847,8.854154693426942,50663834.63130832,21588800.0,0.0006982162422537463,50452053.300357655,50452053.300357655,0.9958198716600937,50452053.300357655,0.9958198716600937,50452053.300357655,0.9958198716600937,211781.33095066532,50663834.63130832,0.6837267291387066,316300.0,316300.0,21603873.650810767,0.7557652302563093,0.7557652302563093,0.7557652302563093,True,0.7380939146868483,0.0,0.0,50452053.300357655,CONTINUED_TO_HOUSEHOLD_BATCH,5697456.550543953,True,True,5697456.550543957,21603873.65081077,0.09,50663834.63130832,1.0,18.012825009623626,5697456.550543953,0.2948835224605379,0.09,0.3198835224605379,0.6837267291387066,1.0093525156758332,1.0093525156758332,C1_RESIDUAL_LEVEL__NO_C0_ACTION,HJB_CONVERGED,True,13,8.974005094586346e-09,0.6837267291387066,14.679935429776366,0.08592876222655299,0.02,DIAGNOSTIC_ONLY,1.5004525313599844e-17,True,0.1344928202342019,3.9149394538593474,6.865531387845181e-08,False,0.0041801283399064415,重庆,21,False,True,turn_19.one_turn.capital.household_illiquid_return_rah -> steady_state._post_turn_states.rah,0.09,0.02,False,0.7557652302563093,True,False,31,0,30,12,13,20,False,False,1.3,0.8,2.220446049250313e-16,False
7.321783924837904,11.985774736311557,4.663990811473653,8.78297490376602,94830047.41899477,42902100.0,0.002143296232682057,94616775.91479854,94616775.91479854,0.9977510134182058,94616775.91479854,0.9977510134182058,94616775.91479854,0.9977510134182058,213271.5041962312,94830047.41899477,0.681961946508175,832100.0,832100.0,42810148.09069585,0.9358547875920058,0.9358547875920058,0.9358547875920058,True,0.7380939146868483,0.0,0.0,94616775.91479854,CONTINUED_TO_HOUSEHOLD_BATCH,5862546.4569667755,True,True,5862546.456966711,42810148.090695724,0.09,94830047.41899477,1.0,7.045483063293806,5862546.4569667755,0.3149965804699217,0.09,0.3399965804699217,0.681961946508175,1.9514983306597526,1.3,C1_RESIDUAL_LEVEL__NO_C0_ACTION,HJB_CONVERGED,True,14,1.6719754469818326e-09,0.681961946508175,14.656386812495132,0.08906223525666729,0.02,DIAGNOSTIC_ONLY,1.1085967213664283e-17,True,0.12997154423267337,4.0412499407646205,7.311307026469649e-08,False,0.002248986581794245,四川,22,False,True,turn_19.one_turn.capital.household_illiquid_return_rah -> steady_state._post_turn_states.rah,0.09,0.02,False,0.9358547875920058,True,False,31,0,30,12,13,20,False,True,1.3,0.8,2.886579864025407e-15,False
7.326464807864307,11.987109595489105,4.660644787624799,8.587195902355731,39447014.665611394,15353200.0,4.987852289639605e-05,39231679.43743419,39231679.43743419,0.9945411527335445,39231679.43743419,0.9945411527335445,39231679.43743419,0.9945411527335445,215335.22817720342,39447014.665611394,0.6843341640563773,382200.0,382200.0,15352434.205062266,0.6531605820813702,0.6531605820813702,0.6531605820813702,True,0.7380939146868483,0.0,0.0,39231679.43743419,CONTINUED_TO_HOUSEHOLD_BATCH,5463539.527928433,True,True,5463539.52792837,15352434.20506222,0.09,39447014.665611394,1.0,14.294975216976539,5463539.527928433,0.2652565603006197,0.09,0.29025656030061975,0.6843341640563773,0.7436285597546525,0.8,C1_RESIDUAL_LEVEL__NO_C0_ACTION,HJB_CONVERGED,True,14,2.0419612667410547e-09,0.6843341640563773,14.294245579190623,0.08979022288591987,0.02,DIAGNOSTIC_ONLY,2.440301253332415e-17,True,0.13142370118530322,4.023566582329233,1.9635588799360448e-07,False,0.005458847266455517,贵州,23,False,True,turn_19.one_turn.capital.household_illiquid_return_rah -> steady_state._post_turn_states.rah,0.09,0.02,False,0.6531605820813702,True,False,31,0,30,12,13,20,True,False,1.3,0.8,3.1086244689504383e-15,False
7.334525095017842,11.992485151911865,4.657960056894023,8.31287064770907,68611984.86091176,20880600.0,0.0019205278652484337,68400716.53079028,68400716.53079028,0.9969208246846415,68400716.53079028,0.9969208246846415,68400716.53079028,0.9969208246846415,211268.33012146645,68611984.86091176,0.6913700767648775,470300.0,470300.0,20840498.225856893,0.5861329189742354,0.5861329189742354,0.5861329189742354,True,0.7380939146868483,0.0,0.0,68400716.53079028,CONTINUED_TO_HOUSEHOLD_BATCH,5576483.265634657,True,True,5576483.265634737,20840498.22585697,0.09,68611984.86091176,1.0,11.857289529310348,5576483.265634657,0.19853919658539243,0.09,0.22353919658539242,0.6913700767648775,0.9759492396869119,0.9759492396869119,C1_RESIDUAL_LEVEL__NO_C0_ACTION,HJB_CONVERGED,True,14,1.4588699137618732e-09,0.6913700767648775,13.64819740090937,0.08689841177987416,0.02,DIAGNOSTIC_ONLY,1.191267137018448e-17,True,0.14068058146686682,3.8196952774959625,3.565503825520011e-08,False,0.00307917531535844,云南,24,False,True,turn_19.one_turn.capital.household_illiquid_return_rah -> steady_state._post_turn_states.rah,0.09,0.02,False,0.5861329189742354,True,False,31,0,30,12,13,20,False,False,1.3,0.8,3.774758283725532e-15,False
8.171324622680576,10.127062629895033,1.9557380072144575,7.603047014982539,6325734.326183821,1548400.0,0.0021660255764128777,6110781.991678672,6110781.991678672,0.966019386300274,6110781.991678672,0.966019386300274,6110781.991678672,0.966019386300274,214952.33450514943,6325734.326183821,0.662243847210694,35400.0,35400.0,1545046.1259974823,0.2539305050273779,0.2539305050273779,0.2539305050273779,True,0.7380939146868483,0.0,0.0,6110781.991678672,CONTINUED_TO_HOUSEHOLD_BATCH,5453102.48680127,True,True,5453102.486801209,1545046.1259974777,0.09,6325734.326183821,1.0,154.0424431299794,5453102.48680127,0.1531151814003309,0.09,0.1781151814003309,0.662243847210694,0.07331657863330661,0.8,C1_RESIDUAL_LEVEL__NO_C0_ACTION,HJB_CONVERGED,True,16,2.7161313198575954e-09,0.662243847210694,11.590655576051136,0.08467081232162281,0.02,DIAGNOSTIC_ONLY,1.7015197844444385e-17,True,0.0006551466681912457,0.8070174229632144,1.6197248220439775e-07,False,0.033980613699726075,西藏,25,False,True,turn_19.one_turn.capital.household_illiquid_return_rah -> steady_state._post_turn_states.rah,0.09,0.02,False,0.2539305050273779,True,False,31,0,30,12,13,20,True,False,1.3,0.8,3.1086244689504383e-15,False
7.316235364016451,11.987012937953695,4.670777573937245,9.08010198397398,73897910.2910824,23941900.0,0.004298391906004451,73689226.0836809,73689226.0836809,0.997176047244374,73689226.0836809,0.997176047244374,73689226.0836809,0.997176047244374,208684.20740149295,73897910.2910824,0.682136760157449,393100.0,393100.0,24044811.669174366,0.6338518706666324,0.6338518706666324,0.6338518706666324,True,0.7380939146868483,0.0,0.0,73689226.0836809,CONTINUED_TO_HOUSEHOLD_BATCH,5792923.7382753575,True,True,5792923.738275363,24044811.669174373,0.09,73897910.2910824,1.0,14.73651421591289,5792923.7382753575,0.21526434384331947,0.09,0.24026434384331946,0.682136760157449,1.0875710418591336,1.0875710418591336,C1_RESIDUAL_LEVEL__NO_C0_ACTION,HJB_CONVERGED,True,25,4.311218049224408e-11,0.682136760157449,15.053260555243382,0.08403885747822573,0.02,DIAGNOSTIC_ONLY,2.2375222334669598e-17,True,0.13487640729035372,3.8818821816713043,9.951152568632438e-08,False,0.002823952755625836,陕西,26,False,True,turn_19.one_turn.capital.household_illiquid_return_rah -> steady_state._post_turn_states.rah,0.09,0.02,False,0.6338518706666324,True,False,31,0,30,12,13,20,False,False,1.3,0.8,3.3306690738754696e-16,False
7.328895705725806,11.987897735908058,4.659002030182252,8.48817682074134,25177704.67938732,8104100.0,0.006066638285552983,24962132.869681112,24962132.869681112,0.9914379879956773,24962132.869681112,0.9914379879956773,24962132.869681112,0.9914379879956773,215571.8097062072,25177704.67938732,0.6857072746583902,251500.0,251500.0,8153264.64332995,0.4815843645010798,0.4815843645010798,0.4815843645010798,True,0.7380939146868483,0.0,0.0,24962132.869681112,CONTINUED_TO_HOUSEHOLD_BATCH,5532599.009144386,True,True,5532599.009144326,8153264.643329927,0.09,25177704.67938732,1.0,21.998405602959785,5532599.009144386,0.21406232143920628,0.09,0.23906232143920628,0.6857072746583902,0.386039760519391,0.8,C1_RESIDUAL_LEVEL__NO_C0_ACTION,HJB_CONVERGED,True,13,2.0505398712344913e-08,0.6857072746583902,14.105439715807114,0.09,0.02,DIAGNOSTIC_ONLY,1.1834368071280223e-17,True,0.13245670821558864,4.006884718067453,1.1963311563611967e-08,False,0.008562012004322746,甘肃,27,False,True,turn_19.one_turn.capital.household_illiquid_return_rah -> steady_state._post_turn_states.rah,0.09,0.02,False,0.4815843645010798,True,False,31,0,30,12,13,20,True,False,1.3,0.8,2.886579864025407e-15,False
7.34540027377712,12.005988087172181,4.66058781339506,8.099696673392561,17578407.529567722,2748000.0,0.0021152713832306436,17365178.187046025,17365178.187046025,0.9878698145913937,17365178.187046025,0.9878698145913937,17365178.187046025,0.9878698145913937,213229.3425216962,17578407.529567722,0.7068478431989271,58700.0,58700.0,2742187.234238882,0.2111711647722934,0.2111711647722934,0.2111711647722934,True,0.7380939146868483,0.0,0.0,17365178.187046025,CONTINUED_TO_HOUSEHOLD_BATCH,5531285.781690975,True,True,5531285.781690914,2742187.2342388746,0.08784757593701002,17578407.529567722,1.0,94.22974074430962,5531285.781690975,0.08784757593701033,0.08784757593701033,0.11224266570897183,0.7068478431989271,0.12657425159466407,0.8,C1_RESIDUAL_LEVEL__NO_C0_ACTION,HJB_CONVERGED,True,26,9.653033927747856e-11,0.7068478431989271,12.801260741746074,0.07463275752477151,0.02,DIAGNOSTIC_ONLY,1.4423277025846226e-17,True,0.1747354799877516,3.215266364484627,1.2120547432381557e-07,False,0.012130185408606227,青海,28,False,False,turn_19.one_turn.capital.household_illiquid_return_rah -> steady_state._post_turn_states.rah,0.09,0.02,False,0.2111711647722934,True,False,31,0,30,12,13,20,True,False,1.3,0.8,2.6645352591003757e-15,False
7.3306355326275074,11.999668580181055,4.6690330475535475,8.724768731625728,18640640.44456374,3510200.0,0.0020932994290898677,18427372.607126698,18427372.607126698,0.9885589855095758,18427372.607126698,0.9885589855095758,18427372.607126698,0.9885589855095758,213267.83743704122,18640640.44456374,0.6930013830098714,71000.0,71000.0,3502852.1003440088,0.25704566563666087,0.25704566563666087,0.25704566563666087,True,0.7380939146868483,0.0,0.0,18427372.607126698,CONTINUED_TO_HOUSEHOLD_BATCH,5636408.191490894,True,True,5636408.191490833,3502852.1003439985,0.09,18640640.44456374,1.0,79.38603086606894,5636408.191490894,0.11092578858670027,0.09,0.13586290162520195,0.6930013830098714,0.15943851554719352,0.8,C1_RESIDUAL_LEVEL__NO_C0_ACTION,HJB_CONVERGED,True,27,3.0176128262837665e-10,0.6930013830098714,14.142907389606991,0.07895703925417581,0.02,DIAGNOSTIC_ONLY,1.723380349190309e-17,True,0.15120630721124143,3.546009745713727,1.2187113385131454e-07,False,0.011441014490424204,宁夏,29,False,True,turn_19.one_turn.capital.household_illiquid_return_rah -> steady_state._post_turn_states.rah,0.09,0.02,False,0.25704566563666087,True,False,31,0,30,12,13,20,True,False,1.3,0.8,2.886579864025407e-15,False
8.182963780428926,10.142528388174803,1.9595646077458773,7.2786602935265705,49250553.031937115,12809400.0,3.878987843519699e-05,49040338.37791543,49040338.37791543,0.9957317300805664,49040338.37791543,0.9957317300805664,49040338.37791543,0.9957317300805664,210214.6540216905,49250553.031937115,0.6689125394519906,252000.0,252000.0,12808903.124931172,0.4695876658129632,0.4695876658129632,0.4695876658129632,True,0.7380939146868483,0.0,0.0,49040338.37791543,CONTINUED_TO_HOUSEHOLD_BATCH,5159529.302462885,True,True,5159529.30246283,12808903.124931136,0.09,49250553.031937115,1.0,20.47432262882097,5159529.302462885,0.1651188914963974,0.09,0.1901188914963974,0.6689125394519906,0.6439620380585305,0.8,C1_RESIDUAL_LEVEL__NO_C0_ACTION,HJB_CONVERGED,True,16,2.674082733022942e-09,0.6689125394519906,10.96318647933928,0.0835319867696535,0.02,DIAGNOSTIC_ONLY,1.412850956020173e-17,True,0.14628383575919007,0.787889757425631,1.9052426258880928e-07,False,0.004268269919433682,新疆,30,False,True,turn_19.one_turn.capital.household_illiquid_return_rah -> steady_state._post_turn_states.rah,0.09,0.02,False,0.4695876658129632,True,False,31,0,30,12,13,20,True,False,1.3,0.8,2.6645352591003757e-15,False
7.322074041389927,11.995635324229315,4.6735612828393895,9.049757639069991,58719043.066994764,33106000.0,0.0020481212859723152,58510809.39250096,58510809.39250096,0.9964537284053451,58510809.39250096,0.9964537284053451,58510809.39250096,0.9964537284053451,208233.67449380268,58719043.066994764,0.6883177331559082,219200.0,219200.0,33038194.8967066,1.026364744857471,1.026364744857471,1.026364744857471,True,0.7380939146868483,0.0,0.0,58510809.39250096,CONTINUED_TO_HOUSEHOLD_BATCH,5915517.1856616605,True,True,5915517.185661431,33038194.89670626,0.09,58719043.066994764,1.0,26.986848474733854,5915517.1856616605,0.40633797203054556,0.09,0.4313379720305456,0.6883177331559082,1.5192802967189571,1.3,C1_RESIDUAL_LEVEL__NO_C0_ACTION,HJB_CONVERGED,True,25,1.2138672289552233e-09,0.6883177331559082,14.764397243491498,0.07859257477835796,0.02,DIAGNOSTIC_ONLY,1.4654145201435867e-17,True,0.14681733427378924,3.6076001971915295,4.295816968813426e-08,False,0.003546271594654924,北京,0,False,True,turn_20.one_turn.capital.household_illiquid_return_rah -> steady_state._post_turn_states.rah,0.09,0.02,False,1.026364744857471,True,False,31,0,30,12,13,21,False,True,1.3,0.8,1.021405182655144e-14,False
7.308369142077919,11.984120021339868,4.675750879261948,9.21202623468292,64593598.72309723,13362900.0,2.8108901139134446e-05,64388134.38791452,64388134.38791452,0.9968191223396068,64388134.38791452,0.9968191223396068,64388134.38791452,0.9968191223396068,205464.33518270368,64593598.72309723,0.6979253142409556,138300.0,138300.0,13362524.383564968,0.3943630348293412,0.3943630348293412,0.3943630348293412,True,0.7380939146868483,0.0,0.0,64388134.38791452,CONTINUED_TO_HOUSEHOLD_BATCH,5499853.799030808,True,True,5499853.799030596,13362524.383564832,0.09,64593598.72309723,1.0,39.767561815117915,5499853.799030808,0.12499980138328162,0.09,0.14999980138328162,0.6979253142409556,0.6251194111449078,0.8,C1_RESIDUAL_LEVEL__NO_C0_ACTION,HJB_CONVERGED,True,25,8.814482477248475e-09,0.6979253142409556,14.58714194309639,0.06490309855747681,0.02,DIAGNOSTIC_ONLY,1.3796472644878044e-17,True,0.1636738061104126,3.0480771636871147,7.089373110780173e-08,False,0.0031808776603932153,天津,1,False,True,turn_20.one_turn.capital.household_illiquid_return_rah -> steady_state._post_turn_states.rah,0.09,0.02,False,0.3943630348293412,True,False,31,0,30,12,13,21,True,False,1.3,0.8,1.021405182655144e-14,False
7.316250601588938,11.98525753654109,4.669006934952152,9.038906562060241,113705229.18254791,32494600.0,0.0021132524231741723,113497505.78131609,113497505.78131609,0.9981731411763101,113497505.78131609,0.9981731411763101,113497505.78131609,0.9981731411763101,207723.40123182276,113705229.18254791,0.6805037567573657,742600.0,742600.0,32425930.707809925,0.6175565659297677,0.6175565659297677,0.6175565659297677,True,0.7380939146868483,0.0,0.0,113497505.78131609,CONTINUED_TO_HOUSEHOLD_BATCH,5950312.254619626,True,True,5950312.254619396,32425930.707809597,0.09,113705229.18254791,1.0,8.012809392162168,5950312.254619626,0.184272918934574,0.09,0.209272918934574,0.6805037567573657,1.419017258398566,1.3,C1_RESIDUAL_LEVEL__NO_C0_ACTION,HJB_CONVERGED,True,13,2.9254580091730986e-08,0.6805037567573657,15.065143692740111,0.08640795021977439,0.02,DIAGNOSTIC_ONLY,3.064290949756731e-17,True,0.13109988365888794,3.9836127025916115,3.0120300587022086e-08,False,0.0018268588236899246,河北,2,False,True,turn_20.one_turn.capital.household_illiquid_return_rah -> steady_state._post_turn_states.rah,0.09,0.02,False,0.6175565659297677,True,False,31,0,30,12,13,21,False,True,1.3,0.8,1.021405182655144e-14,False
7.318621400564444,11.986185589054445,4.667564188490001,8.939101285381525,53478727.38884524,15958100.0,4.9236251599360514e-05,53266829.43896174,53266829.43896174,0.99603771517705,53266829.43896174,0.99603771517705,53266829.43896174,0.99603771517705,211897.94988350902,53478727.38884524,0.6819674690051114,350200.0,350200.0,15957314.282973353,0.541543979367176,0.541543979367176,0.541543979367176,True,0.7380939146868483,0.0,0.0,53266829.43896174,CONTINUED_TO_HOUSEHOLD_BATCH,5493265.807277021,True,True,5493265.807276809,15957314.28297319,0.09,53478727.38884524,1.0,15.686081688398119,5493265.807277021,0.19441424655983292,0.09,0.2194142465598329,0.6819674690051114,0.7579651488346629,0.8,C1_RESIDUAL_LEVEL__NO_C0_ACTION,HJB_CONVERGED,True,13,9.67499724779941e-08,0.6819674690051114,14.867921156092617,0.08643568421810947,0.02,DIAGNOSTIC_ONLY,1.6940658945086007e-17,True,0.13239782271479095,3.959982065131297,7.881691099775878e-08,False,0.003962284822950132,山西,3,False,True,turn_20.one_turn.capital.household_illiquid_return_rah -> steady_state._post_turn_states.rah,0.09,0.02,False,0.541543979367176,True,False,31,0,30,12,13,21,True,False,1.3,0.8,1.021405182655144e-14,False
7.328991435489721,12.001912643363326,4.672921207873605,8.862074422493242,82165502.99427319,16140800.0,4.4811424193769156e-05,81961499.33892636,81961499.33892636,0.9975171617295272,81961499.33892636,0.9975171617295272,81961499.33892636,0.9975171617295272,204003.65534683104,82165502.99427319,0.6960763657340808,242200.0,242200.0,16140076.707764374,0.4001484797007443,0.4001484797007443,0.4001484797007443,True,0.7380939146868483,0.0,0.0,81961499.33892636,CONTINUED_TO_HOUSEHOLD_BATCH,5430725.4109886,True,True,5430725.410988391,16140076.707764214,0.09,82165502.99427319,1.0,22.422483117211396,5430725.4109886,0.11720605414389396,0.09,0.14220605414389395,0.6960763657340808,0.7634554931735326,0.8,C1_RESIDUAL_LEVEL__NO_C0_ACTION,HJB_CONVERGED,True,25,2.608712801333013e-09,0.6960763657340808,14.208784118463509,0.073705711378134,0.02,DIAGNOSTIC_ONLY,1.42182031564006e-17,True,0.16264200081492344,3.3368833269970897,7.67884511532202e-08,False,0.0024828382704728262,内蒙古,4,False,True,turn_20.one_turn.capital.household_illiquid_return_rah -> steady_state._post_turn_states.rah,0.09,0.02,False,0.4001484797007443,True,False,31,0,30,12,13,21,True,False,1.3,0.8,9.992007221626409e-15,False
7.334378411083716,11.996943474216877,4.662565063133162,8.437943926301232,90061052.78222083,23510500.0,0.0037308061010248306,89854895.94912706,89854895.94912706,0.9977109213502947,89854895.94912706,0.9977109213502947,89854895.94912706,0.9977109213502947,206156.83309376892,90061052.78222083,0.6936994465490947,429100.0,429100.0,23598213.116838142,0.5406300280912503,0.5406300280912503,0.5406300280912503,True,0.7380939146868483,0.0,0.0,89854895.94912706,CONTINUED_TO_HOUSEHOLD_BATCH,5668957.5632288,True,True,5668957.563228572,23598213.116837893,0.09,90061052.78222083,1.0,13.211273743250525,5668957.5632288,0.1666004191156661,0.09,0.19160041911566608,0.6936994465490947,1.0801006630948216,1.0801006630948216,C1_RESIDUAL_LEVEL__NO_C0_ACTION,HJB_CONVERGED,True,15,9.504106301960746e-08,0.6936994465490947,13.728680227657485,0.08254872517025602,0.02,DIAGNOSTIC_ONLY,1.1492543028346347e-17,True,0.14766144547502624,3.648571948217782,3.748451493645888e-08,False,0.0022890786497053567,辽宁,5,False,True,turn_20.one_turn.capital.household_illiquid_return_rah -> steady_state._post_turn_states.rah,0.09,0.02,False,0.5406300280912503,True,False,31,0,30,12,13,21,False,False,1.3,0.8,1.0658141036401503e-14,False
7.349657793636493,12.010628437774589,4.6609706441380965,8.125122814292022,66308917.7271201,11253800.0,0.007556323724965175,66101646.39901453,66101646.39901453,0.9968741560681393,66101646.39901453,0.9968741560681393,66101646.39901453,0.9968741560681393,207271.3281055695,66308917.7271201,0.7034096107728101,248400.0,248400.0,11168762.644063987,0.3250442085976263,0.3250442085976263,0.3250442085976263,True,0.7380939146868483,0.0,0.0,66101646.39901453,CONTINUED_TO_HOUSEHOLD_BATCH,5388290.346454653,True,True,5388290.346454446,11168762.644063875,0.09,66308917.7271201,1.0,21.691990122603272,5388290.346454653,0.09684133824318907,0.09,0.12142006770937204,0.7034096107728101,0.5302069122308393,0.8,C1_RESIDUAL_LEVEL__NO_C0_ACTION,HJB_CONVERGED,True,25,4.862233993208065e-08,0.7034096107728101,12.96482615958468,0.07865644460850069,0.02,DIAGNOSTIC_ONLY,1.7618285302889447e-17,True,0.16278330411313557,3.378079692243651,5.6027124051283295e-08,False,0.003125843931860711,吉林,6,False,True,turn_20.one_turn.capital.household_illiquid_return_rah -> steady_state._post_turn_states.rah,0.09,0.02,False,0.3250442085976263,True,False,31,0,30,12,13,21,True,False,1.3,0.8,9.992007221626409e-15,False
7.360661035488798,12.007192505514455,4.646531470025657,7.517194169187242,58424879.89838116,12846500.0,3.977548671174613e-05,58214346.64355353,58214346.64355353,0.9963965136908487,58214346.64355353,0.9963965136908487,58214346.64355353,0.9963965136908487,210533.2548276233,58424879.89838116,0.7073780855766075,332700.0,332700.0,12845989.024209958,0.41270310471903765,0.41270310471903765,0.41270310471903765,True,0.7380939146868483,0.0,0.0,58214346.64355353,CONTINUED_TO_HOUSEHOLD_BATCH,5277794.6825134605,True,True,5277794.6825132575,12845989.024209829,0.09,58424879.89838116,1.0,15.863524744555036,5277794.6825134605,0.13474305493254715,0.09,0.15974305493254715,0.7073780855766075,0.6274820218135789,0.8,C1_RESIDUAL_LEVEL__NO_C0_ACTION,HJB_CONVERGED,True,26,2.0279311563342617e-08,0.7073780855766075,12.02651147697203,0.08488047609984661,0.02,DIAGNOSTIC_ONLY,1.996287250088935e-17,True,0.15883601078479742,3.508649951421387,7.838269655557895e-08,False,0.0036034863091512627,黑龙江,7,False,True,turn_20.one_turn.capital.household_illiquid_return_rah -> steady_state._post_turn_states.rah,0.09,0.02,False,0.41270310471903765,True,False,31,0,30,12,13,21,True,False,1.3,0.8,9.992007221626409e-15,False
7.321981096976811,11.995523710543603,4.673542613566792,9.05075531289202,66125294.30800852,36011800.0,0.0020662810694420664,65917973.060895994,65917973.060895994,0.9968647209924415,65917973.060895994,0.9968647209924415,65917973.060895994,0.9968647209924415,207321.24711253078,66125294.30800852,0.6882479251601811,247500.0,247500.0,35937389.499383464,1.0227253445056632,1.0227253445056632,1.0227253445056632,True,0.7380939146868483,0.0,0.0,65917973.060895994,CONTINUED_TO_HOUSEHOLD_BATCH,5915291.248137044,True,True,5915291.248136816,35937389.4993831,0.09,66125294.30800852,1.0,23.900166659139572,5915291.248137044,0.3903561961724558,0.09,0.41535619617245584,0.6882479251601811,1.6475786039326752,1.3,C1_RESIDUAL_LEVEL__NO_C0_ACTION,HJB_CONVERGED,True,25,2.692644773816255e-09,0.6882479251601811,14.76847151478243,0.07864081161682361,0.02,DIAGNOSTIC_ONLY,1.1206036107576695e-17,True,0.14668890042040922,3.6102664860683826,4.1265566852466407e-08,False,0.0031352790075585618,上海,8,False,True,turn_20.one_turn.capital.household_illiquid_return_rah -> steady_state._post_turn_states.rah,0.09,0.02,False,1.0227253445056632,True,False,31,0,30,12,13,21,False,True,1.3,0.8,1.021405182655144e-14,False
7.312970466762901,11.988910715956223,4.675940249193323,9.320232577433849,203535217.25929242,93207600.0,0.002181966928643031,203343357.86904544,203343357.86904544,0.9990573651438288,203343357.86904544,0.9990573651438288,203343357.86904544,0.9990573651438288,191859.39024699395,203535217.25929242,0.6822544280354361,844600.0,844600.0,93004224.09930182,1.1603289174497986,1.1603289174497986,1.1603289174497986,True,0.7380939146868483,0.0,0.0,203343357.86904544,CONTINUED_TO_HOUSEHOLD_BATCH,5799097.864735786,True,True,5799097.864735561,93004224.09930088,0.09,203535217.25929242,1.0,6.866087928884426,5799097.864735786,0.31944118392141063,0.09,0.34444118392141065,0.6822544280354361,4.289712289041767,1.3,C1_RESIDUAL_LEVEL__NO_C0_ACTION,HJB_CONVERGED,True,15,6.951372810704015e-10,0.6822544280354361,15.378211159173121,0.08042887556155788,0.02,DIAGNOSTIC_ONLY,1.4826464708739273e-17,True,0.13872054881889942,3.764304886665321,2.8303918542249562e-08,False,0.0009426348561712339,江苏,9,False,True,turn_20.one_turn.capital.household_illiquid_return_rah -> steady_state._post_turn_states.rah,0.09,0.02,False,1.1603289174497986,True,False,31,0,30,12,13,21,False,True,1.3,0.8,9.992007221626409e-15,False
7.316058077364554,11.987520650555432,4.671462573190877,9.103552980426631,124249656.20818298,58002800.0,0.002145165441273744,124046336.28831807,124046336.28831807,0.9983636178475678,124046336.28831807,0.9983636178475678,124046336.28831807,0.9983636178475678,203319.91986490224,124249656.20818298,0.6824624563458528,627300.0,627300.0,57878374.397942886,1.0369336001179625,1.0369336001179625,1.0369336001179625,True,0.7380939146868483,0.0,0.0,124046336.28831807,CONTINUED_TO_HOUSEHOLD_BATCH,5852883.3347644,True,True,5852883.334764172,57878374.3979423,0.09,124249656.20818298,1.0,9.330277912903554,5852883.3347644,0.32662839261176707,0.09,0.3516283926117671,0.6824624563458528,2.648763774494791,1.3,C1_RESIDUAL_LEVEL__NO_C0_ACTION,HJB_CONVERGED,True,18,6.721156964317743e-11,0.6824624563458528,15.07192044641071,0.08335289970218862,0.02,DIAGNOSTIC_ONLY,2.1662045051588282e-17,True,0.13586851403129596,3.8547562793224057,3.121533576067037e-08,False,0.0016363821524321592,浙江,10,False,True,turn_20.one_turn.capital.household_illiquid_return_rah -> steady_state._post_turn_states.rah,0.09,0.02,False,1.0369336001179625,True,False,31,0,30,12,13,21,False,True,1.3,0.8,1.021405182655144e-14,False
7.314684760282269,11.983278641538902,4.668593881256634,9.092751623875483,70182433.35888097,34010900.0,0.0021098769766930703,69968726.4804038,69968726.4804038,0.996954980495128,69968726.4804038,0.996954980495128,69968726.4804038,0.996954980495128,213706.87847716428,70182433.35888097,0.6774362058428646,607600.0,607600.0,33939141.18513339,0.9221011048681041,0.9221011048681041,0.9221011048681041,True,0.7380939146868483,0.0,0.0,69968726.4804038,CONTINUED_TO_HOUSEHOLD_BATCH,5969997.02694375,True,True,5969997.026943515,33939141.18513304,0.09,70182433.35888097,1.0,9.825538227359694,5969997.02694375,0.34106627510268783,0.09,0.36606627510268785,0.6774362058428646,1.5270314853626743,1.3,C1_RESIDUAL_LEVEL__NO_C0_ACTION,HJB_CONVERGED,True,14,1.40838007922639e-10,0.6774362058428646,15.269964772028287,0.08895775431924248,0.02,DIAGNOSTIC_ONLY,1.2607238386933006e-17,True,0.126111553342684,4.115122548215653,3.3016114397987906e-08,False,0.003045019504871892,安徽,11,False,True,turn_20.one_turn.capital.household_illiquid_return_rah -> steady_state._post_turn_states.rah,0.09,0.02,False,0.9221011048681041,True,False,31,0,30,12,13,21,False,True,1.3,0.8,1.021405182655144e-14,False
7.322335328622399,11.991430474679346,4.6690951460569465,8.886944691065098,87795538.11850408,38687800.0,0.0021015598012151804,87589287.31244679,87589287.31244679,0.9976507825969596,87589287.31244679,0.9976507825969596,87589287.31244679,0.9976507825969596,206250.80605729224,87795538.11850408,0.6868394257707948,410400.0,410400.0,38606495.27472255,0.8921644600055767,0.8921644600055767,0.8921644600055767,True,0.7380939146868483,0.0,0.0,87589287.31244679,CONTINUED_TO_HOUSEHOLD_BATCH,5892713.621328004,True,True,5892713.6213277755,38606495.27472215,0.09,87795538.11850408,1.0,14.358463989590652,5892713.621328004,0.3055660203507714,0.09,0.33056602035077143,0.6868394257707948,1.7476291641636017,1.3,C1_RESIDUAL_LEVEL__NO_C0_ACTION,HJB_CONVERGED,True,15,6.802136631733902e-09,0.6868394257707948,14.599595103374085,0.08227335879717018,0.02,DIAGNOSTIC_ONLY,1.8458541986565713e-17,True,0.14117837999729538,3.7491983149219985,3.5832964262461076e-08,False,0.0023492174030404645,福建,12,False,True,turn_20.one_turn.capital.household_illiquid_return_rah -> steady_state._post_turn_states.rah,0.09,0.02,False,0.8921644600055767,True,False,31,0,30,12,13,21,False,True,1.3,0.8,1.021405182655144e-14,False
7.317893316581367,11.98433356136394,4.666440244782572,8.950563321461857,51050047.92908307,22716500.0,0.002307462108199765,50835646.82849271,50835646.82849271,0.9958001782703867,50835646.82849271,0.9958001782703867,50835646.82849271,0.9958001782703867,214401.10059036547,51050047.92908307,0.679384858792079,451300.0,451300.0,22768917.462980922,0.7893560257063097,0.7893560257063097,0.7893560257063097,True,0.7380939146868483,0.0,0.0,50835646.82849271,CONTINUED_TO_HOUSEHOLD_BATCH,5772603.381178402,True,True,5772603.381178232,22768917.462980747,0.09,51050047.92908307,1.0,12.791055575400847,5772603.381178402,0.31061956171153243,0.09,0.33561956171153245,0.679384858792079,1.0531874253914104,1.0531874253914104,C1_RESIDUAL_LEVEL__NO_C0_ACTION,HJB_CONVERGED,True,14,4.388192031967719e-10,0.679384858792079,14.992371132002367,0.08911958485106085,0.02,DIAGNOSTIC_ONLY,2.6098458040528372e-17,True,0.12766414466480622,4.086833333254272,2.4329404935130583e-08,False,0.004199821729613338,江西,13,False,True,turn_20.one_turn.capital.household_illiquid_return_rah -> steady_state._post_turn_states.rah,0.09,0.02,False,0.7893560257063097,True,False,31,0,30,12,13,21,False,False,1.3,0.8,7.771561172376096e-15,False
7.31238845664464,11.98651175309907,4.674123296454429,9.273206791316138,210016973.07581103,66648899.99999999,0.00216888471783816,209823149.66501826,209823149.66501826,0.9990771059693219,209823149.66501826,0.9990771059693219,209823149.66501826,0.9990771059693219,193823.41079277042,210016973.07581103,0.6806621135558926,1007700.0,1007700.0,66504346.21932927,0.8090038132922267,0.8090038132922267,0.8090038132922267,True,0.7380939146868483,0.0,0.0,209823149.66501826,CONTINUED_TO_HOUSEHOLD_BATCH,5846649.340911626,True,True,5846649.3409114005,66504346.2193286,0.09,210016973.07581103,1.0,5.801974140033369,5846649.340911626,0.2085119377635778,0.09,0.2335119377635778,0.6806621135558926,2.976393858597976,1.3,C1_RESIDUAL_LEVEL__NO_C0_ACTION,HJB_CONVERGED,True,16,5.621392240584555e-11,0.6806621135558926,15.379432436922665,0.08264892144596599,0.02,DIAGNOSTIC_ONLY,9.432558900623889e-18,True,0.13489232201877693,3.8619650275718054,2.6777863371130195e-08,False,0.0009228940306782008,山东,14,False,True,turn_20.one_turn.capital.household_illiquid_return_rah -> steady_state._post_turn_states.rah,0.09,0.02,False,0.8090038132922267,True,False,31,0,30,12,13,21,False,True,1.3,0.8,9.992007221626409e-15,False
7.311032040586893,11.983963375307404,4.672931334720511,9.279353694683413,168320556.01470312,49935900.0,0.0021550172502771137,168118845.78268713,168118845.78268713,0.9988016304318863,168118845.78268713,0.9988016304318863,168118845.78268713,0.9988016304318863,201710.232015998,168320556.01470312,0.6780916213876487,986400.0,986400.0,49828287.274091884,0.7116861984516236,0.7116861984516236,0.7116861984516236,True,0.7380939146868483,0.0,0.0,168118845.78268713,CONTINUED_TO_HOUSEHOLD_BATCH,5910294.63192458,True,True,5910294.631924355,49828287.27409139,0.09,168320556.01470312,1.0,5.991782879080069,5910294.63192458,0.192604085047324,0.09,0.21760408504732398,0.6780916213876487,2.19901926626521,1.3,C1_RESIDUAL_LEVEL__NO_C0_ACTION,HJB_CONVERGED,True,13,3.849175200798527e-09,0.6780916213876487,15.496884274420903,0.08521799176891924,0.02,DIAGNOSTIC_ONLY,1.611536600928634e-17,True,0.1300403545131774,3.9867063511886283,2.7016781034561177e-08,False,0.001198369568113702,河南,15,False,True,turn_20.one_turn.capital.household_illiquid_return_rah -> steady_state._post_turn_states.rah,0.09,0.02,False,0.7116861984516236,True,False,31,0,30,12,13,21,False,True,1.3,0.8,9.769962616701378e-15,False
7.3120933162971316,11.984455727822944,4.672362411525811,9.234627885985883,101805153.6623069,42022000.0,0.0021227849016997036,101598064.76999207,101598064.76999207,0.9979658309538851,101598064.76999207,0.9979658309538851,101598064.76999207,0.9979658309538851,207088.89231483676,101805153.6623069,0.6788282007740766,591700.0,591700.0,41932796.332860775,0.8668910887321597,0.8668910887321597,0.8668910887321597,True,0.7380939146868483,0.0,0.0,101598064.76999207,CONTINUED_TO_HOUSEHOLD_BATCH,5940379.289794396,True,True,5940379.289794166,41932796.33286035,0.09,101805153.6623069,1.0,10.039512066578327,5940379.289794396,0.2832831951946159,0.09,0.30828319519461594,0.6788282007740766,1.8747329153803958,1.3,C1_RESIDUAL_LEVEL__NO_C0_ACTION,HJB_CONVERGED,True,13,3.063019171634096e-09,0.6788282007740766,15.403934352571172,0.08512191332374468,0.02,DIAGNOSTIC_ONLY,1.699063388897401e-17,True,0.13079471082263763,3.971279214573998,3.2315347842093445e-08,False,0.0020341690461149107,湖北,16,False,True,turn_20.one_turn.capital.household_illiquid_return_rah -> steady_state._post_turn_states.rah,0.09,0.02,False,0.8668910887321597,True,False,31,0,30,12,13,21,False,True,1.3,0.8,1.021405182655144e-14,False
7.31563593964131,11.984520319261762,4.668884379620453,9.05678081015627,93791807.14892803,36329700.0,0.0021219650564936465,93581691.74507102,93581691.74507102,0.9977597680411108,93581691.74507102,0.9977597680411108,93581691.74507102,0.9977597680411108,210115.4038570103,93791807.14892803,0.6795139938218515,663500.0,663500.0,36252609.6460871,0.7959373284760574,0.7959373284760574,0.7959373284760574,True,0.7380939146868483,0.0,0.0,93581691.74507102,CONTINUED_TO_HOUSEHOLD_BATCH,5948262.555798025,True,True,5948262.555797794,36252609.64608674,0.09,93791807.14892803,1.0,8.964977476711416,5948262.555798025,0.26314547300181446,0.09,0.2881454730018145,0.6795139938218515,1.6122060224693775,1.3,C1_RESIDUAL_LEVEL__NO_C0_ACTION,HJB_CONVERGED,True,13,5.134087910363405e-08,0.6795139938218515,15.13145758095517,0.08720574020433906,0.02,DIAGNOSTIC_ONLY,1.4582519219930035e-17,True,0.12947834762121346,4.025185689298464,3.142887039508935e-08,False,0.002240231958889298,湖南,17,False,True,turn_20.one_turn.capital.household_illiquid_return_rah -> steady_state._post_turn_states.rah,0.09,0.02,False,0.7959373284760574,True,False,31,0,30,12,13,21,False,True,1.3,0.8,9.992007221626409e-15,False
7.321941378084064,11.987645892844952,4.665704514760889,8.805599482714536,191259406.86816654,99945200.0,0.0022046381877125487,191057332.50787243,191057332.50787243,0.9989434540052015,191057332.50787243,0.9989434540052015,191057332.50787243,0.9989434540052015,202074.3602940916,191259406.86816654,0.6841310149730773,1234800.0,1234800.0,99724856.99540143,1.30644139756687,1.30644139756687,1.30644139756687,True,0.7380939146868483,0.0,0.0,191057332.50787243,CONTINUED_TO_HOUSEHOLD_BATCH,5734851.85563027,True,True,5734851.8556300495,99724856.99540043,0.09,191259406.86816654,1.0,4.644356863970092,5734851.85563027,0.37208849771769004,0.09,0.39708849771769006,0.6841310149730773,4.699177749341656,1.3,C1_RESIDUAL_LEVEL__NO_C0_ACTION,HJB_CONVERGED,True,13,1.146080697012053e-08,0.6841310149730773,14.597538474664985,0.08628759033590613,0.02,DIAGNOSTIC_ONLY,1.6276585114438635e-17,True,0.1345174470150783,3.919407643011246,2.560044676247486e-08,False,0.0010565459947984661,广东,18,False,True,turn_20.one_turn.capital.household_illiquid_return_rah -> steady_state._post_turn_states.rah,0.09,0.02,False,1.30644139756687,True,False,31,0,30,12,13,21,False,True,1.3,0.8,9.992007221626409e-15,False
7.331588070019242,11.990666606614543,4.659078536595301,8.409992295851103,67306708.83876626,19627800.0,0.005297792439390547,67094689.93751799,67094689.93751799,0.9968499588687932,67094689.93751799,0.9968499588687932,67094689.93751799,0.9968499588687932,212018.90124826666,67306708.83876626,0.689157347061057,494700.0,494700.0,19523815.98955813,0.5577680812178123,0.5577680812178123,0.5577680812178123,True,0.7380939146868483,0.0,0.0,67094689.93751799,CONTINUED_TO_HOUSEHOLD_BATCH,5544997.934556344,True,True,5544997.934556147,19523815.98955795,0.09,67306708.83876626,1.0,11.20880924713229,5544997.934556344,0.18802728736325128,0.09,0.21302728736325127,0.689157347061057,0.9175424541834872,0.9175424541834872,C1_RESIDUAL_LEVEL__NO_C0_ACTION,HJB_CONVERGED,True,13,1.8952957425710792e-08,0.689157347061057,13.863648010722283,0.0875653922861688,0.02,DIAGNOSTIC_ONLY,1.8419025170388134e-17,True,0.13792539518107397,3.87598696820852,5.1960338254275484e-09,False,0.003150041131206691,广西,19,False,True,turn_20.one_turn.capital.household_illiquid_return_rah -> steady_state._post_turn_states.rah,0.09,0.02,False,0.5577680812178123,True,False,31,0,30,12,13,21,False,False,1.3,0.8,9.103828801926284e-15,False
7.343200480783349,11.996588375458927,4.653387894675579,8.013400614064498,14673330.466888333,4910700.0,0.002075972318453023,14458727.72977901,14458727.72977901,0.9853746402295245,14458727.72977901,0.9853746402295245,14458727.72977901,0.9853746402295245,214602.7371093216,14673330.466888333,0.6966386366641889,98200.0,98200.0,4900505.522735773,0.43124462072637787,0.43124462072637787,0.43124462072637787,True,0.7380939146868483,0.0,0.0,14458727.72977901,CONTINUED_TO_HOUSEHOLD_BATCH,5529281.805336439,True,True,5529281.805336227,4900505.522735723,0.09,14673330.466888333,1.0,56.30633202990264,5529281.805336439,0.22194002673104637,0.09,0.24694002673104637,0.6966386366641889,0.23253344685964739,0.8,C1_RESIDUAL_LEVEL__NO_C0_ACTION,HJB_CONVERGED,True,14,8.44518899256741e-09,0.6966386366641889,13.05272130841182,0.08665869422936799,0.02,DIAGNOSTIC_ONLY,1.894643296418419e-17,True,0.14601881243236994,3.7280665012999092,5.1148767887809754e-08,False,0.014625359770475533,海南,20,False,True,turn_20.one_turn.capital.household_illiquid_return_rah -> steady_state._post_turn_states.rah,0.09,0.02,False,0.43124462072637787,True,False,31,0,30,12,13,21,True,False,1.3,0.8,9.992007221626409e-15,False
7.320881523078116,11.987478454477113,4.666596931398996,8.854154693431441,50663834.63130832,21588800.0,0.0006982162422637384,50452053.30035766,50452053.30035766,0.9958198716600938,50452053.30035766,0.9958198716600938,50452053.30035766,0.9958198716600938,211781.33095065487,50663834.63130832,0.6837267291389374,316300.0,316300.0,21603873.650810983,0.7557652302563093,0.7557652302563093,0.7557652302563093,True,0.7380939146868483,0.0,0.0,50452053.30035766,CONTINUED_TO_HOUSEHOLD_BATCH,5697456.550544172,True,True,5697456.550543953,21603873.650810767,0.09,50663834.63130832,1.0,18.01282500962432,5697456.550544172,0.2948835224605412,0.09,0.31988352246054125,0.6837267291389374,1.0093525156758052,1.0093525156758052,C1_RESIDUAL_LEVEL__NO_C0_ACTION,HJB_CONVERGED,True,13,8.974004650497136e-09,0.6837267291389374,14.67993542977633,0.08592876222655299,0.02,DIAGNOSTIC_ONLY,1.470599387390861e-17,True,0.1344928202343888,3.914939453853949,2.746216509752486e-08,False,0.004180128339906235,重庆,21,False,True,turn_20.one_turn.capital.household_illiquid_return_rah -> steady_state._post_turn_states.rah,0.09,0.02,False,0.7557652302563093,True,False,31,0,30,12,13,21,False,False,1.3,0.8,9.992007221626409e-15,False
7.321783924837373,11.985774736310841,4.663990811473467,8.782974903764474,94830047.41899477,42902100.0,0.002143296232671954,94616775.91479854,94616775.91479854,0.9977510134182058,94616775.91479854,0.9977510134182058,94616775.91479854,0.9977510134182058,213271.50419622162,94830047.41899477,0.6819619465080972,832100.0,832100.0,42810148.09069628,0.9358547875920058,0.9358547875920058,0.9358547875920058,True,0.7380939146868483,0.0,0.0,94616775.91479854,CONTINUED_TO_HOUSEHOLD_BATCH,5862546.456967,True,True,5862546.4569667755,42810148.09069585,0.09,94830047.41899477,1.0,7.045483063294075,5862546.456967,0.3149965804699252,0.09,0.3399965804699252,0.6819619465080972,1.951498330659698,1.3,C1_RESIDUAL_LEVEL__NO_C0_ACTION,HJB_CONVERGED,True,14,1.671974114714203e-09,0.6819619465080972,14.656386812495112,0.08906223525666729,0.02,DIAGNOSTIC_ONLY,1.463672932855431e-17,True,0.12997154423251106,4.041249940766337,2.9245267429978128e-08,False,0.002248986581794144,四川,22,False,True,turn_20.one_turn.capital.household_illiquid_return_rah -> steady_state._post_turn_states.rah,0.09,0.02,False,0.9358547875920058,True,False,31,0,30,12,13,21,False,True,1.3,0.8,9.992007221626409e-15,False
7.326464807864729,11.987109595489642,4.660644787624913,8.587195902356951,39447014.665611394,15353200.0,4.987852288640404e-05,39231679.4374342,39231679.4374342,0.9945411527335446,39231679.4374342,0.9945411527335446,39231679.4374342,0.9945411527335446,215335.22817719367,39447014.665611394,0.6843341640564393,382200.0,382200.0,15352434.205062421,0.6531605820813702,0.6531605820813702,0.6531605820813702,True,0.7380939146868483,0.0,0.0,39231679.4374342,CONTINUED_TO_HOUSEHOLD_BATCH,5463539.527928643,True,True,5463539.527928433,15352434.205062266,0.09,39447014.665611394,1.0,14.294975216977088,5463539.527928643,0.26525656030062267,0.09,0.2902565603006227,0.6843341640564393,0.7436285597546316,0.8,C1_RESIDUAL_LEVEL__NO_C0_ACTION,HJB_CONVERGED,True,14,2.041960822651845e-09,0.6843341640564393,14.294245579190598,0.08979022288591987,0.02,DIAGNOSTIC_ONLY,1.5569755523382137e-17,True,0.13142370118529226,4.0235665823275175,7.854230754666958e-08,False,0.0054588472664552695,贵州,23,False,True,turn_20.one_turn.capital.household_illiquid_return_rah -> steady_state._post_turn_states.rah,0.09,0.02,False,0.6531605820813702,True,False,31,0,30,12,13,21,True,False,1.3,0.8,9.992007221626409e-15,False
7.334525095018327,11.992485151912463,4.657960056894137,8.31287064771032,68611984.86091176,20880600.0,0.0019205278652377755,68400716.5307903,68400716.5307903,0.9969208246846417,68400716.5307903,0.9969208246846417,68400716.5307903,0.9969208246846417,211268.33012145644,68611984.86091176,0.6913700767649503,470300.0,470300.0,20840498.225857116,0.5861329189742354,0.5861329189742354,0.5861329189742354,True,0.7380939146868483,0.0,0.0,68400716.5307903,CONTINUED_TO_HOUSEHOLD_BATCH,5576483.265634881,True,True,5576483.265634657,20840498.225856893,0.09,68611984.86091176,1.0,11.857289529310826,5576483.265634881,0.19853919658539482,0.09,0.2235391965853948,0.6913700767649503,0.975949239686883,0.975949239686883,C1_RESIDUAL_LEVEL__NO_C0_ACTION,HJB_CONVERGED,True,14,1.4588659169589846e-09,0.6913700767649503,13.648197400909314,0.08689841177987416,0.02,DIAGNOSTIC_ONLY,2.2524300133386355e-17,True,0.14068058146674794,3.819695277494444,1.4262055980651667e-08,False,0.0030791753153582937,云南,24,False,True,turn_20.one_turn.capital.household_illiquid_return_rah -> steady_state._post_turn_states.rah,0.09,0.02,False,0.5861329189742354,True,False,31,0,30,12,13,21,False,False,1.3,0.8,1.0658141036401503e-14,False
8.171324622681148,10.127062629896187,1.9557380072150403,7.603047014982747,6325734.326183821,1548400.0,0.0021660255764031078,6110781.991678681,6110781.991678681,0.9660193863002754,6110781.991678681,0.9660193863002754,6110781.991678681,0.9660193863002754,214952.33450513968,6325734.326183821,0.6622438472107162,35400.0,35400.0,1545046.1259974975,0.2539305050273779,0.2539305050273779,0.2539305050273779,True,0.7380939146868483,0.0,0.0,6110781.991678681,CONTINUED_TO_HOUSEHOLD_BATCH,5453102.486801473,True,True,5453102.48680127,1545046.1259974823,0.09,6325734.326183821,1.0,154.04244312998512,5453102.486801473,0.15311518140033267,0.09,0.17811518140033267,0.6622438472107162,0.0733165786333046,0.8,C1_RESIDUAL_LEVEL__NO_C0_ACTION,HJB_CONVERGED,True,16,2.7161308757683855e-09,0.6622438472107162,11.59065557605112,0.08467081232162281,0.02,DIAGNOSTIC_ONLY,2.0003530082357557e-17,True,0.0006551466681908198,0.8070174229629663,6.478903635809274e-08,False,0.03398061369972453,西藏,25,False,True,turn_20.one_turn.capital.household_illiquid_return_rah -> steady_state._post_turn_states.rah,0.09,0.02,False,0.2539305050273779,True,False,31,0,30,12,13,21,True,False,1.3,0.8,9.769962616701378e-15,False
7.3162353640130675,11.987012937949586,4.670777573936519,9.080101983968333,73897910.2910824,23941900.0,0.004298391906014443,73689226.08368091,73689226.08368091,0.9971760472443743,73689226.08368091,0.9971760472443743,73689226.08368091,0.9971760472443743,208684.20740148643,73897910.2910824,0.6821367601571895,393100.0,393100.0,24044811.669174608,0.6338518706666324,0.6338518706666324,0.6338518706666324,True,0.7380939146868483,0.0,0.0,73689226.08368091,CONTINUED_TO_HOUSEHOLD_BATCH,5792923.738275581,True,True,5792923.7382753575,24044811.669174366,0.09,73897910.2910824,1.0,14.73651421591346,5792923.738275581,0.2152643438433219,0.09,0.2402643438433219,0.6821367601571895,1.0875710418591027,1.0875710418591027,C1_RESIDUAL_LEVEL__NO_C0_ACTION,HJB_CONVERGED,True,25,4.311662138434258e-11,0.6821367601571895,15.053260555243344,0.08403885747822573,0.02,DIAGNOSTIC_ONLY,2.1941541465675396e-17,True,0.13487640729068662,3.881882181681129,3.980465124175936e-08,False,0.0028239527556257475,陕西,26,False,True,turn_20.one_turn.capital.household_illiquid_return_rah -> steady_state._post_turn_states.rah,0.09,0.02,False,0.6338518706666324,True,False,31,0,30,12,13,21,False,False,1.3,0.8,9.992007221626409e-15,False
7.328895705727016,11.987897735909474,4.659002030182458,8.488176820743101,25177704.67938732,8104100.0,0.006066638285562975,24962132.869681124,24962132.869681124,0.9914379879956777,24962132.869681124,0.9914379879956777,24962132.869681124,0.9914379879956777,215571.80970619747,25177704.67938732,0.6857072746584787,251500.0,251500.0,8153264.643330031,0.4815843645010798,0.4815843645010798,0.4815843645010798,True,0.7380939146868483,0.0,0.0,24962132.869681124,CONTINUED_TO_HOUSEHOLD_BATCH,5532599.009144596,True,True,5532599.009144386,8153264.64332995,0.09,25177704.67938732,1.0,21.99840560296062,5532599.009144596,0.21406232143920872,0.09,0.23906232143920872,0.6857072746584787,0.3860397605193802,0.8,C1_RESIDUAL_LEVEL__NO_C0_ACTION,HJB_CONVERGED,True,13,2.0505397824166494e-08,0.6857072746584787,14.105439715807098,0.09,0.02,DIAGNOSTIC_ONLY,2.296499479816569e-17,True,0.13245670821532532,4.006884718064257,4.7853624396410055e-09,False,0.00856201200432236,甘肃,27,False,True,turn_20.one_turn.capital.household_illiquid_return_rah -> steady_state._post_turn_states.rah,0.09,0.02,False,0.4815843645010798,True,False,31,0,30,12,13,21,True,False,1.3,0.8,9.992007221626409e-15,False
7.345400273775287,12.005988087170032,4.660587813394744,8.099696673391149,17578407.529567722,2748000.0,0.0021152713832206516,17365178.187046036,17365178.187046036,0.9878698145913943,17365178.187046036,0.9878698145913943,17365178.187046036,0.9878698145913943,213229.34252168707,17578407.529567722,0.7068478431988581,58700.0,58700.0,2742187.2342389096,0.2111711647722934,0.2111711647722934,0.2111711647722934,True,0.7380939146868483,0.0,0.0,17365178.187046036,CONTINUED_TO_HOUSEHOLD_BATCH,5531285.781691184,True,True,5531285.781690975,2742187.234238882,0.08784757593701033,17578407.529567722,1.0,94.22974074431319,5531285.781691184,0.08784757593701147,0.08784757593701147,0.11224266570897297,0.7068478431988581,0.12657425159466054,0.8,C1_RESIDUAL_LEVEL__NO_C0_ACTION,HJB_CONVERGED,True,26,9.653300381273766e-11,0.7068478431988581,12.801260741746056,0.07463275752477173,0.02,DIAGNOSTIC_ONLY,2.894819800536297e-17,True,0.17473547998841218,3.21526636448854,4.848223134068519e-08,False,0.012130185408605706,青海,28,False,False,turn_20.one_turn.capital.household_illiquid_return_rah -> steady_state._post_turn_states.rah,0.09,0.02,False,0.2111711647722934,True,False,31,0,30,12,13,21,True,False,1.3,0.8,9.992007221626409e-15,False
7.3306355326292305,11.999668580183215,4.6690330475539845,8.724768731629684,18640640.44456374,3510200.0,0.0020932994290800977,18427372.60712671,18427372.60712671,0.9885589855095764,18427372.60712671,0.9885589855095764,18427372.60712671,0.9885589855095764,213267.83743703095,18640640.44456374,0.6930013830100795,71000.0,71000.0,3502852.100344043,0.25704566563666087,0.25704566563666087,0.25704566563666087,True,0.7380939146868483,0.0,0.0,18427372.60712671,CONTINUED_TO_HOUSEHOLD_BATCH,5636408.1914911065,True,True,5636408.191490894,3502852.1003440088,0.09,18640640.44456374,1.0,79.38603086607192,5636408.1914911065,0.11092578858670162,0.09,0.13586290162520331,0.6930013830100795,0.1594385155471891,0.8,C1_RESIDUAL_LEVEL__NO_C0_ACTION,HJB_CONVERGED,True,27,3.0176394716363575e-10,0.6930013830100795,14.142907389606975,0.07895703925417581,0.02,DIAGNOSTIC_ONLY,8.917562868693274e-18,True,0.1512063072112911,3.5460097457085915,4.874849490743571e-08,False,0.011441014490423652,宁夏,29,False,True,turn_20.one_turn.capital.household_illiquid_return_rah -> steady_state._post_turn_states.rah,0.09,0.02,False,0.25704566563666087,True,False,31,0,30,12,13,21,True,False,1.3,0.8,9.769962616701378e-15,False
8.182963780429537,10.14252838817502,1.9595646077454836,7.278660293526757,49250553.031937115,12809400.0,3.878987842509396e-05,49040338.377915435,49040338.377915435,0.9957317300805665,49040338.377915435,0.9957317300805665,49040338.377915435,0.9957317300805665,210214.65402168038,49250553.031937115,0.6689125394520119,252000.0,252000.0,12808903.124931302,0.4695876658129632,0.4695876658129632,0.4695876658129632,True,0.7380939146868483,0.0,0.0,49040338.377915435,CONTINUED_TO_HOUSEHOLD_BATCH,5159529.3024630835,True,True,5159529.302462885,12808903.124931172,0.09,49250553.031937115,1.0,20.47432262882176,5159529.3024630835,0.16511889149639936,0.09,0.19011889149639935,0.6689125394520119,0.6439620380585122,0.8,C1_RESIDUAL_LEVEL__NO_C0_ACTION,HJB_CONVERGED,True,16,2.6740760716847944e-09,0.6689125394520119,10.963186479339269,0.0835319867696535,0.02,DIAGNOSTIC_ONLY,1.7889335846010823e-17,True,0.14628383575932186,0.7878897574254022,7.620965791765855e-08,False,0.004268269919433476,新疆,30,False,True,turn_20.one_turn.capital.household_illiquid_return_rah -> steady_state._post_turn_states.rah,0.09,0.02,False,0.4695876658129632,True,False,31,0,30,12,13,21,True,False,1.3,0.8,1.021405182655144e-14,False
7.322074041389566,11.995635324228818,4.673561282839251,9.049757639067595,58719043.066994764,33106000.0,0.0020481212859826403,58510809.39250096,58510809.39250096,0.9964537284053451,58510809.39250096,0.9964537284053451,58510809.39250096,0.9964537284053451,208233.67449380676,58719043.066994764,0.6883177331557877,219200.0,219200.0,33038194.896706257,1.026364744857471,1.026364744857471,1.026364744857471,True,0.7380939146868483,0.0,0.0,58510809.39250096,CONTINUED_TO_HOUSEHOLD_BATCH,5915517.185661428,True,True,5915517.1856616605,33038194.8967066,0.09,58719043.066994764,1.0,26.986848474732792,5915517.185661428,0.4063379720305415,0.09,0.4313379720305415,0.6883177331557877,1.5192802967190027,1.3,C1_RESIDUAL_LEVEL__NO_C0_ACTION,HJB_CONVERGED,True,25,1.2138698934904824e-09,0.6883177331557877,14.764397243491427,0.07859257477835796,0.02,DIAGNOSTIC_ONLY,1.5089620939733986e-17,True,0.1468173342733432,3.6076001971934724,1.718322895083446e-08,False,0.0035462715946549934,北京,0,False,True,turn_21.one_turn.capital.household_illiquid_return_rah -> steady_state._post_turn_states.rah,0.09,0.02,False,1.026364744857471,True,False,31,0,30,12,13,22,False,True,1.3,0.8,1.0325074129013956e-14,False
7.308369142074794,11.984120021336143,4.675750879261349,9.212026234679296,64593598.72309723,13362900.0,2.810890114945952e-05,64388134.387914516,64388134.387914516,0.9968191223396067,64388134.387914516,0.9968191223396067,64388134.387914516,0.9968191223396067,205464.33518271174,64593598.72309723,0.6979253142407763,138300.0,138300.0,13362524.38356483,0.3943630348293412,0.3943630348293412,0.3943630348293412,True,0.7380939146868483,0.0,0.0,64388134.387914516,CONTINUED_TO_HOUSEHOLD_BATCH,5499853.799030591,True,True,5499853.799030808,13362524.383564968,0.09,64593598.72309723,1.0,39.767561815116345,5499853.799030591,0.12499980138328012,0.09,0.14999980138328012,0.6979253142407763,0.6251194111449261,0.8,C1_RESIDUAL_LEVEL__NO_C0_ACTION,HJB_CONVERGED,True,25,8.814473595464278e-09,0.6979253142407763,14.587141943096318,0.06490309855747681,0.02,DIAGNOSTIC_ONLY,3.618524750670371e-17,True,0.16367380611058838,3.0480771636932698,2.83575307680195e-08,False,0.00318087766039334,天津,1,False,True,turn_21.one_turn.capital.household_illiquid_return_rah -> steady_state._post_turn_states.rah,0.09,0.02,False,0.3943630348293412,True,False,31,0,30,12,13,22,True,False,1.3,0.8,1.0325074129013956e-14,False
7.316250601590119,11.985257536542505,4.669006934952385,9.038906562062591,113705229.18254791,32494600.0,0.0021132524231844974,113497505.78131609,113497505.78131609,0.9981731411763101,113497505.78131609,0.9981731411763101,113497505.78131609,0.9981731411763101,207723.4012318252,113705229.18254791,0.6805037567574784,742600.0,742600.0,32425930.70780959,0.6175565659297677,0.6175565659297677,0.6175565659297677,True,0.7380939146868483,0.0,0.0,113497505.78131609,CONTINUED_TO_HOUSEHOLD_BATCH,5950312.254619391,True,True,5950312.254619626,32425930.707809925,0.09,113705229.18254791,1.0,8.01280939216185,5950312.254619391,0.18427291893457193,0.09,0.20927291893457192,0.6805037567574784,1.4190172583986083,1.3,C1_RESIDUAL_LEVEL__NO_C0_ACTION,HJB_CONVERGED,True,13,2.9254580979909406e-08,0.6805037567574784,15.065143692740037,0.08640795021977439,0.02,DIAGNOSTIC_ONLY,1.391568638817363e-17,True,0.1310998836587754,3.9836127025877506,1.2048080755278079e-08,False,0.0018268588236899461,河北,2,False,True,turn_21.one_turn.capital.household_illiquid_return_rah -> steady_state._post_turn_states.rah,0.09,0.02,False,0.6175565659297677,True,False,31,0,30,12,13,22,False,True,1.3,0.8,1.0325074129013956e-14,False
7.318621400563987,11.986185589053859,4.667564188489872,8.93910128537983,53478727.38884524,15958100.0,4.923625160968559e-05,53266829.43896173,53266829.43896173,0.9960377151770498,53266829.43896173,0.9960377151770498,53266829.43896173,0.9960377151770498,211897.94988351298,53478727.38884524,0.6819674690050285,350200.0,350200.0,15957314.282973187,0.541543979367176,0.541543979367176,0.541543979367176,True,0.7380939146868483,0.0,0.0,53266829.43896173,CONTINUED_TO_HOUSEHOLD_BATCH,5493265.807276803,True,True,5493265.807277021,15957314.282973353,0.09,53478727.38884524,1.0,15.686081688397495,5493265.807276803,0.19441424655983072,0.09,0.21941424655983072,0.6819674690050285,0.7579651488346854,0.8,C1_RESIDUAL_LEVEL__NO_C0_ACTION,HJB_CONVERGED,True,13,9.674997158981569e-08,0.6819674690050285,14.867921156092546,0.08643568421810947,0.02,DIAGNOSTIC_ONLY,3.964793045304998e-17,True,0.13239782271466827,3.9599820651331443,3.152680272400232e-08,False,0.003962284822950205,山西,3,False,True,turn_21.one_turn.capital.household_illiquid_return_rah -> steady_state._post_turn_states.rah,0.09,0.02,False,0.541543979367176,True,False,31,0,30,12,13,22,True,False,1.3,0.8,1.0436096431476471e-14,False
7.328991435489308,12.001912643362846,4.672921207873539,8.862074422493098,82165502.99427319,16140800.0,4.4811424203872186e-05,81961499.33892635,81961499.33892635,0.9975171617295271,81961499.33892635,0.9975171617295271,81961499.33892635,0.9975171617295271,204003.6553468354,82165502.99427319,0.696076365734078,242200.0,242200.0,16140076.70776421,0.4001484797007443,0.4001484797007443,0.4001484797007443,True,0.7380939146868483,0.0,0.0,81961499.33892635,CONTINUED_TO_HOUSEHOLD_BATCH,5430725.410988389,True,True,5430725.4109886,16140076.707764374,0.09,82165502.99427319,1.0,22.422483117210522,5430725.410988389,0.11720605414389257,0.09,0.14220605414389256,0.696076365734078,0.7634554931735545,0.8,C1_RESIDUAL_LEVEL__NO_C0_ACTION,HJB_CONVERGED,True,25,2.608706584084075e-09,0.696076365734078,14.208784118463443,0.073705711378134,0.02,DIAGNOSTIC_ONLY,2.5370330836160804e-17,True,0.16264200081518285,3.336883326997871,3.071541798682631e-08,False,0.002482838270472879,内蒙古,4,False,True,turn_21.one_turn.capital.household_illiquid_return_rah -> steady_state._post_turn_states.rah,0.09,0.02,False,0.4001484797007443,True,False,31,0,30,12,13,22,True,False,1.3,0.8,1.0103029524088925e-14,False
7.33437841108043,11.996943474212667,4.662565063132236,8.437943926293787,90061052.78222083,23510500.0,0.003730806101013062,89854895.94912705,89854895.94912705,0.9977109213502946,89854895.94912705,0.9977109213502946,89854895.94912705,0.9977109213502946,206156.83309377683,90061052.78222083,0.6936994465486981,429100.0,429100.0,23598213.116837867,0.5406300280912503,0.5406300280912503,0.5406300280912503,True,0.7380939146868483,0.0,0.0,89854895.94912705,CONTINUED_TO_HOUSEHOLD_BATCH,5668957.563228545,True,True,5668957.5632288,23598213.116838142,0.09,90061052.78222083,1.0,13.21127374324993,5668957.563228545,0.16660041911566392,0.09,0.19160041911566392,0.6936994465486981,1.0801006630948575,1.0801006630948575,C1_RESIDUAL_LEVEL__NO_C0_ACTION,HJB_CONVERGED,True,15,9.504106746049956e-08,0.6936994465486981,13.728680227657422,0.08254872517025602,0.02,DIAGNOSTIC_ONLY,1.0842021724855044e-17,True,0.14766144547509102,3.648571948228049,1.4993761343617962e-08,False,0.0022890786497054448,辽宁,5,False,True,turn_21.one_turn.capital.household_illiquid_return_rah -> steady_state._post_turn_states.rah,0.09,0.02,False,0.5406300280912503,True,False,31,0,30,12,13,22,False,False,1.3,0.8,1.1657341758564144e-14,False
7.34965779363385,12.010628437771304,4.660970644137454,8.125122814287662,66308917.7271201,11253800.0,0.007556323724975278,66101646.399014525,66101646.399014525,0.9968741560681392,66101646.399014525,0.9968741560681392,66101646.399014525,0.9968741560681392,207271.3281055762,66308917.7271201,0.7034096107725683,248400.0,248400.0,11168762.644063873,0.3250442085976263,0.3250442085976263,0.3250442085976263,True,0.7380939146868483,0.0,0.0,66101646.399014525,CONTINUED_TO_HOUSEHOLD_BATCH,5388290.346454444,True,True,5388290.346454653,11168762.644063987,0.09,66308917.7271201,1.0,21.691990122602434,5388290.346454444,0.09684133824318783,0.09,0.12142006770937083,0.7034096107725683,0.5302069122308545,0.8,C1_RESIDUAL_LEVEL__NO_C0_ACTION,HJB_CONVERGED,True,25,4.862233904390223e-08,0.7034096107725683,12.964826159584616,0.07865644460850069,0.02,DIAGNOSTIC_ONLY,8.890457814381136e-18,True,0.16278330411322442,3.3780796922503322,2.241088759014076e-08,False,0.0031258439318608117,吉林,6,False,True,turn_21.one_turn.capital.household_illiquid_return_rah -> steady_state._post_turn_states.rah,0.09,0.02,False,0.3250442085976263,True,False,31,0,30,12,13,22,True,False,1.3,0.8,1.021405182655144e-14,False
7.3606610354894375,12.007192505515249,4.6465314700258125,7.51719416918831,58424879.89838116,12846500.0,3.977548672173814e-05,58214346.64355353,58214346.64355353,0.9963965136908487,58214346.64355353,0.9963965136908487,58214346.64355353,0.9963965136908487,210533.25482762657,58424879.89838116,0.7073780855766648,332700.0,332700.0,12845989.024209829,0.41270310471903765,0.41270310471903765,0.41270310471903765,True,0.7380939146868483,0.0,0.0,58214346.64355353,CONTINUED_TO_HOUSEHOLD_BATCH,5277794.6825132575,True,True,5277794.6825134605,12845989.024209958,0.09,58424879.89838116,1.0,15.863524744554425,5277794.6825132575,0.13474305493254563,0.09,0.15974305493254562,0.7073780855766648,0.6274820218135969,0.8,C1_RESIDUAL_LEVEL__NO_C0_ACTION,HJB_CONVERGED,True,26,2.0279309786985777e-08,0.7073780855766648,12.026511476971974,0.08488047609984661,0.02,DIAGNOSTIC_ONLY,7.846651484706189e-18,True,0.15883601078466478,3.508649951419067,3.1353115437227075e-08,False,0.003603486309151318,黑龙江,7,False,True,turn_21.one_turn.capital.household_illiquid_return_rah -> steady_state._post_turn_states.rah,0.09,0.02,False,0.41270310471903765,True,False,31,0,30,12,13,22,True,False,1.3,0.8,9.992007221626409e-15,False
7.3219810969747225,11.995523710541026,4.673542613566304,9.050755312888063,66125294.30800852,36011800.0,0.0020662810694526135,65917973.06089599,65917973.06089599,0.9968647209924414,65917973.06089599,0.9968647209924414,65917973.06089599,0.9968647209924414,207321.24711253683,66125294.30800852,0.6882479251599812,247500.0,247500.0,35937389.499383084,1.0227253445056632,1.0227253445056632,1.0227253445056632,True,0.7380939146868483,0.0,0.0,65917973.06089599,CONTINUED_TO_HOUSEHOLD_BATCH,5915291.2481368035,True,True,5915291.248137044,35937389.499383464,0.09,66125294.30800852,1.0,23.9001666591386,5915291.2481368035,0.39035619617245176,0.09,0.4153561961724518,0.6882479251599812,1.6475786039327258,1.3,C1_RESIDUAL_LEVEL__NO_C0_ACTION,HJB_CONVERGED,True,25,2.6926443297270453e-09,0.6882479251599812,14.768471514782359,0.07864081161682361,0.02,DIAGNOSTIC_ONLY,2.442217610658553e-17,True,0.14668890042063792,3.610266486073896,1.6506186639730913e-08,False,0.0031352790075586533,上海,8,False,True,turn_21.one_turn.capital.household_illiquid_return_rah -> steady_state._post_turn_states.rah,0.09,0.02,False,1.0227253445056632,True,False,31,0,30,12,13,22,False,True,1.3,0.8,1.0547118733938987e-14,False
7.3129704667647735,11.988910715958784,4.67594024919401,9.32023257744114,203535217.25929242,93207600.0,0.002181966928653578,203343357.86904544,203343357.86904544,0.9990573651438288,203343357.86904544,0.9990573651438288,203343357.86904544,0.9990573651438288,191859.3902469916,203535217.25929242,0.6822544280358105,844600.0,844600.0,93004224.09930083,1.1603289174497986,1.1603289174497986,1.1603289174497986,True,0.7380939146868483,0.0,0.0,203343357.86904544,CONTINUED_TO_HOUSEHOLD_BATCH,5799097.86473555,True,True,5799097.864735786,93004224.09930182,0.09,203535217.25929242,1.0,6.866087928884147,5799097.86473555,0.31944118392140725,0.09,0.34444118392140727,0.6822544280358105,4.289712289041899,1.3,C1_RESIDUAL_LEVEL__NO_C0_ACTION,HJB_CONVERGED,True,15,6.951372810704015e-10,0.6822544280358105,15.378211159173047,0.08042887556155788,0.02,DIAGNOSTIC_ONLY,1.43822264336491e-17,True,0.13872054881962656,3.764304886658715,1.1321526938168347e-08,False,0.0009426348561712223,江苏,9,False,True,turn_21.one_turn.capital.household_illiquid_return_rah -> steady_state._post_turn_states.rah,0.09,0.02,False,1.1603289174497986,True,False,31,0,30,12,13,22,False,True,1.3,0.8,1.0547118733938987e-14,False
7.316058077365424,11.987520650556508,4.671462573191083,9.103552980428177,124249656.20818298,58002800.0,0.0021451654412844023,124046336.28831807,124046336.28831807,0.9983636178475678,124046336.28831807,0.9983636178475678,124046336.28831807,0.9983636178475678,203319.91986490448,124249656.20818298,0.6824624563459251,627300.0,627300.0,57878374.39794227,1.0369336001179625,1.0369336001179625,1.0369336001179625,True,0.7380939146868483,0.0,0.0,124046336.28831807,CONTINUED_TO_HOUSEHOLD_BATCH,5852883.33476416,True,True,5852883.3347644,57878374.397942886,0.09,124249656.20818298,1.0,9.330277912903172,5852883.33476416,0.3266283926117636,0.09,0.3516283926117636,0.6824624563459251,2.648763774494873,1.3,C1_RESIDUAL_LEVEL__NO_C0_ACTION,HJB_CONVERGED,True,18,6.720846101870848e-11,0.6824624563459251,15.071920446410635,0.08335289970218862,0.02,DIAGNOSTIC_ONLY,2.5542676461468304e-17,True,0.13586851403108785,3.854756279319669,1.2486093492469763e-08,False,0.0016363821524321772,浙江,10,False,True,turn_21.one_turn.capital.household_illiquid_return_rah -> steady_state._post_turn_states.rah,0.09,0.02,False,1.0369336001179625,True,False,31,0,30,12,13,22,False,True,1.3,0.8,1.0658141036401503e-14,False
7.314684760283179,11.983278641539949,4.668593881256769,9.092751623876492,70182433.35888097,34010900.0,0.0021098769767036174,69968726.4804038,69968726.4804038,0.996954980495128,69968726.4804038,0.996954980495128,69968726.4804038,0.996954980495128,213706.87847716775,70182433.35888097,0.6774362058429099,607600.0,607600.0,33939141.18513303,0.9221011048681041,0.9221011048681041,0.9221011048681041,True,0.7380939146868483,0.0,0.0,69968726.4804038,CONTINUED_TO_HOUSEHOLD_BATCH,5969997.026943507,True,True,5969997.02694375,33939141.18513339,0.09,70182433.35888097,1.0,9.825538227359294,5969997.026943507,0.34106627510268434,0.09,0.36606627510268436,0.6774362058429099,1.5270314853627216,1.3,C1_RESIDUAL_LEVEL__NO_C0_ACTION,HJB_CONVERGED,True,14,1.40838007922639e-10,0.6774362058429099,15.269964772028214,0.08895775431924248,0.02,DIAGNOSTIC_ONLY,2.0218273143100917e-17,True,0.1261115533426578,4.1151225482132405,1.3206405413690447e-08,False,0.0030450195048719415,安徽,11,False,True,turn_21.one_turn.capital.household_illiquid_return_rah -> steady_state._post_turn_states.rah,0.09,0.02,False,0.9221011048681041,True,False,31,0,30,12,13,22,False,True,1.3,0.8,1.0547118733938987e-14,False
7.322335328622467,11.991430474679428,4.669095146056961,8.886944691065391,87795538.11850408,38687800.0,0.0021015598012259495,87589287.31244679,87589287.31244679,0.9976507825969596,87589287.31244679,0.9976507825969596,87589287.31244679,0.9976507825969596,206250.80605729585,87795538.11850408,0.6868394257708161,410400.0,410400.0,38606495.27472213,0.8921644600055767,0.8921644600055767,0.8921644600055767,True,0.7380939146868483,0.0,0.0,87589287.31244679,CONTINUED_TO_HOUSEHOLD_BATCH,5892713.621327762,True,True,5892713.621328004,38606495.27472255,0.09,87795538.11850408,1.0,14.358463989590062,5892713.621327762,0.3055660203507681,0.09,0.3305660203507681,0.6868394257708161,1.7476291641636559,1.3,C1_RESIDUAL_LEVEL__NO_C0_ACTION,HJB_CONVERGED,True,15,6.802137964001531e-09,0.6868394257708161,14.599595103374012,0.08227335879717018,0.02,DIAGNOSTIC_ONLY,2.2063514210080015e-17,True,0.14117837999735777,3.7491983149217547,1.433314511523065e-08,False,0.0023492174030405053,福建,12,False,True,turn_21.one_turn.capital.household_illiquid_return_rah -> steady_state._post_turn_states.rah,0.09,0.02,False,0.8921644600055767,True,False,31,0,30,12,13,22,False,True,1.3,0.8,1.0769163338864018e-14,False
7.317893316583882,11.984333561366869,4.6664402447829865,8.950563321465063,51050047.92908307,22716500.0,0.0023074621081879965,50835646.8284927,50835646.8284927,0.9958001782703866,50835646.8284927,0.9958001782703866,50835646.8284927,0.9958001782703866,214401.10059036876,51050047.92908307,0.6793848587922194,451300.0,451300.0,22768917.46298065,0.7893560257063097,0.7893560257063097,0.7893560257063097,True,0.7380939146868483,0.0,0.0,50835646.8284927,CONTINUED_TO_HOUSEHOLD_BATCH,5772603.381178141,True,True,5772603.381178402,22768917.462980922,0.09,51050047.92908307,1.0,12.791055575400268,5772603.381178141,0.3106195617115286,0.09,0.3356195617115286,0.6793848587922194,1.0531874253914466,1.0531874253914466,C1_RESIDUAL_LEVEL__NO_C0_ACTION,HJB_CONVERGED,True,14,4.388183150183522e-10,0.6793848587922194,14.99237113200228,0.08911958485106085,0.02,DIAGNOSTIC_ONLY,1.3125850553621306e-17,True,0.1276641446642261,4.086833333247149,9.731716543726066e-09,False,0.004199821729613402,江西,13,False,True,turn_21.one_turn.capital.household_illiquid_return_rah -> steady_state._post_turn_states.rah,0.09,0.02,False,0.7893560257063097,True,False,31,0,30,12,13,22,False,False,1.3,0.8,1.199040866595169e-14,False
7.312388456645813,11.986511753100466,4.674123296454653,9.273206791318083,210016973.07581103,66648899.99999999,0.002168884717848596,209823149.66501826,209823149.66501826,0.9990771059693219,209823149.66501826,0.9990771059693219,209823149.66501826,0.9990771059693219,193823.41079277062,210016973.07581103,0.6806621135559806,1007700.0,1007700.0,66504346.219328575,0.8090038132922267,0.8090038132922267,0.8090038132922267,True,0.7380939146868483,0.0,0.0,209823149.66501826,CONTINUED_TO_HOUSEHOLD_BATCH,5846649.340911394,True,True,5846649.340911626,66504346.21932927,0.09,210016973.07581103,1.0,5.801974140033138,5846649.340911394,0.20851193776357546,0.09,0.23351193776357546,0.6806621135559806,2.9763938585980654,1.3,C1_RESIDUAL_LEVEL__NO_C0_ACTION,HJB_CONVERGED,True,16,5.621303422742585e-11,0.6806621135559806,15.379432436922588,0.08264892144596599,0.02,DIAGNOSTIC_ONLY,1.2040131678887338e-17,True,0.13489232201862858,3.861965027567995,1.0711105891125783e-08,False,0.0009228940306782018,山东,14,False,True,turn_21.one_turn.capital.household_illiquid_return_rah -> steady_state._post_turn_states.rah,0.09,0.02,False,0.8090038132922267,True,False,31,0,30,12,13,22,False,True,1.3,0.8,1.0436096431476471e-14,False
7.311032040585559,11.98396337530585,4.672931334720291,9.279353694682701,168320556.01470312,49935900.0,0.0021550172502876608,168118845.78268713,168118845.78268713,0.9988016304318863,168118845.78268713,0.9988016304318863,168118845.78268713,0.9988016304318863,201710.2320160042,168320556.01470312,0.6780916213876264,986400.0,986400.0,49828287.27409136,0.7116861984516236,0.7116861984516236,0.7116861984516236,True,0.7380939146868483,0.0,0.0,168118845.78268713,CONTINUED_TO_HOUSEHOLD_BATCH,5910294.631924346,True,True,5910294.63192458,49828287.274091884,0.09,168320556.01470312,1.0,5.991782879079832,5910294.631924346,0.1926040850473218,0.09,0.2176040850473218,0.6780916213876264,2.1990192662652754,1.3,C1_RESIDUAL_LEVEL__NO_C0_ACTION,HJB_CONVERGED,True,13,3.849177421244576e-09,0.6780916213876264,15.49688427442083,0.08521799176891924,0.02,DIAGNOSTIC_ONLY,3.1108255449621795e-17,True,0.1300403545139132,3.986706351191887,1.0806673000907097e-08,False,0.0011983695681137391,河南,15,False,True,turn_21.one_turn.capital.household_illiquid_return_rah -> steady_state._post_turn_states.rah,0.09,0.02,False,0.7116861984516236,True,False,31,0,30,12,13,22,False,True,1.3,0.8,1.0436096431476471e-14,False
7.312093316298021,11.984455727824063,4.672362411526042,9.234627885988276,101805153.6623069,42022000.0,0.0021227849017101397,101598064.76999207,101598064.76999207,0.9979658309538851,101598064.76999207,0.9979658309538851,101598064.76999207,0.9979658309538851,207088.89231483944,101805153.6623069,0.6788282007741923,591700.0,591700.0,41932796.332860336,0.8668910887321597,0.8668910887321597,0.8668910887321597,True,0.7380939146868483,0.0,0.0,101598064.76999207,CONTINUED_TO_HOUSEHOLD_BATCH,5940379.2897941535,True,True,5940379.289794396,41932796.332860775,0.09,101805153.6623069,1.0,10.039512066577917,5940379.2897941535,0.2832831951946129,0.09,0.30828319519461295,0.6788282007741923,1.8747329153804533,1.3,C1_RESIDUAL_LEVEL__NO_C0_ACTION,HJB_CONVERGED,True,13,3.0630182834556763e-09,0.6788282007741923,15.403934352571094,0.08512191332374468,0.02,DIAGNOSTIC_ONLY,1.1344263826361595e-17,True,0.1307947108227629,3.971279214570724,1.2926098524879137e-08,False,0.002034169046114937,湖北,16,False,True,turn_21.one_turn.capital.household_illiquid_return_rah -> steady_state._post_turn_states.rah,0.09,0.02,False,0.8668910887321597,True,False,31,0,30,12,13,22,False,True,1.3,0.8,1.0436096431476471e-14,False
7.315635939642252,11.984520319262781,4.66888437962053,9.056780810156623,93791807.14892803,36329700.0,0.0021219650565040826,93581691.74507102,93581691.74507102,0.9977597680411108,93581691.74507102,0.9977597680411108,93581691.74507102,0.9977597680411108,210115.40385701327,93791807.14892803,0.6795139938218724,663500.0,663500.0,36252609.64608672,0.7959373284760574,0.7959373284760574,0.7959373284760574,True,0.7380939146868483,0.0,0.0,93581691.74507102,CONTINUED_TO_HOUSEHOLD_BATCH,5948262.555797784,True,True,5948262.555798025,36252609.6460871,0.09,93791807.14892803,1.0,8.964977476711052,5948262.555797784,0.26314547300181157,0.09,0.2881454730018116,0.6795139938218724,1.6122060224694263,1.3,C1_RESIDUAL_LEVEL__NO_C0_ACTION,HJB_CONVERGED,True,13,5.134087954772326e-08,0.6795139938218724,15.131457580955095,0.08720574020433906,0.02,DIAGNOSTIC_ONLY,1.6597661429022645e-17,True,0.12947834762091712,4.025185689297078,1.2571507834735485e-08,False,0.0022402319588893296,湖南,17,False,True,turn_21.one_turn.capital.household_illiquid_return_rah -> steady_state._post_turn_states.rah,0.09,0.02,False,0.7959373284760574,True,False,31,0,30,12,13,22,False,True,1.3,0.8,1.0436096431476471e-14,False
7.321941378086292,11.987645892847889,4.665704514761597,8.805599482720654,191259406.86816654,99945200.0,0.002204638187723429,191057332.50787243,191057332.50787243,0.9989434540052015,191057332.50787243,0.9989434540052015,191057332.50787243,0.9989434540052015,202074.3602940912,191259406.86816654,0.684131014973385,1234800.0,1234800.0,99724856.99540034,1.30644139756687,1.30644139756687,1.30644139756687,True,0.7380939146868483,0.0,0.0,191057332.50787243,CONTINUED_TO_HOUSEHOLD_BATCH,5734851.855630033,True,True,5734851.85563027,99724856.99540143,0.09,191259406.86816654,1.0,4.6443568639699,5734851.855630033,0.37208849771768604,0.09,0.39708849771768606,0.684131014973385,4.699177749341803,1.3,C1_RESIDUAL_LEVEL__NO_C0_ACTION,HJB_CONVERGED,True,13,1.146080608194211e-08,0.684131014973385,14.59753847466491,0.08628759033590613,0.02,DIAGNOSTIC_ONLY,1.4862961392524186e-17,True,0.1345174470152084,3.919407643002826,1.0240137293671125e-08,False,0.001056545994798464,广东,18,False,True,turn_21.one_turn.capital.household_illiquid_return_rah -> steady_state._post_turn_states.rah,0.09,0.02,False,1.30644139756687,True,False,31,0,30,12,13,22,False,True,1.3,0.8,1.0880185641326534e-14,False
7.331588070021047,11.990666606616834,4.6590785365957865,8.409992295854737,67306708.83876626,19627800.0,0.005297792439402538,67094689.93751799,67094689.93751799,0.9968499588687932,67094689.93751799,0.9968499588687932,67094689.93751799,0.9968499588687932,212018.90124826945,67306708.83876626,0.689157347061246,494700.0,494700.0,19523815.989557896,0.5577680812178123,0.5577680812178123,0.5577680812178123,True,0.7380939146868483,0.0,0.0,67094689.93751799,CONTINUED_TO_HOUSEHOLD_BATCH,5544997.934556088,True,True,5544997.934556344,19523815.98955813,0.09,67306708.83876626,1.0,11.208809247131773,5544997.934556088,0.1880272873632488,0.09,0.2130272873632488,0.689157347061246,0.9175424541835189,0.9175424541835189,C1_RESIDUAL_LEVEL__NO_C0_ACTION,HJB_CONVERGED,True,13,1.8952957425710792e-08,0.689157347061246,13.863648010722207,0.0875653922861688,0.02,DIAGNOSTIC_ONLY,9.339631676225616e-18,True,0.13792539518098798,3.875986968202668,2.078459626631002e-09,False,0.0031500411312067322,广西,19,False,True,turn_21.one_turn.capital.household_illiquid_return_rah -> steady_state._post_turn_states.rah,0.09,0.02,False,0.5577680812178123,True,False,31,0,30,12,13,22,False,False,1.3,0.8,1.199040866595169e-14,False
7.343200480782841,11.996588375458257,4.653387894675417,8.01340061406351,14673330.466888333,4910700.0,0.0020759723184636814,14458727.729779007,14458727.729779007,0.9853746402295241,14458727.729779007,0.9853746402295241,14458727.729779007,0.9853746402295241,214602.73710932536,14673330.466888333,0.6966386366641312,98200.0,98200.0,4900505.5227357205,0.43124462072637787,0.43124462072637787,0.43124462072637787,True,0.7380939146868483,0.0,0.0,14458727.729779007,CONTINUED_TO_HOUSEHOLD_BATCH,5529281.805336214,True,True,5529281.805336439,4900505.522735773,0.09,14673330.466888333,1.0,56.30633202990034,5529281.805336214,0.2219400267310439,0.09,0.2469400267310439,0.6966386366641312,0.23253344685965455,0.8,C1_RESIDUAL_LEVEL__NO_C0_ACTION,HJB_CONVERGED,True,14,8.44518988074583e-09,0.6966386366641312,13.05272130841175,0.08665869422936799,0.02,DIAGNOSTIC_ONLY,3.7161029461940664e-17,True,0.14601881243232318,3.7280665013013166,2.045946689843703e-08,False,0.01462535977047579,海南,20,False,True,turn_21.one_turn.capital.household_illiquid_return_rah -> steady_state._post_turn_states.rah,0.09,0.02,False,0.43124462072637787,True,False,31,0,30,12,13,22,True,False,1.3,0.8,1.0658141036401503e-14,False
7.320881523076679,11.987478454475134,4.666596931398455,8.85415469342739,50663834.63130832,21588800.0,0.0006982162422517479,50452053.300357655,50452053.300357655,0.9958198716600937,50452053.300357655,0.9958198716600937,50452053.300357655,0.9958198716600937,211781.3309506593,50663834.63130832,0.6837267291387377,316300.0,316300.0,21603873.650810726,0.7557652302563093,0.7557652302563093,0.7557652302563093,True,0.7380939146868483,0.0,0.0,50452053.300357655,CONTINUED_TO_HOUSEHOLD_BATCH,5697456.550543915,True,True,5697456.550544172,21603873.650810983,0.09,50663834.63130832,1.0,18.012825009623505,5697456.550543915,0.2948835224605375,0.09,0.31988352246053753,0.6837267291387377,1.0093525156758392,1.0093525156758392,C1_RESIDUAL_LEVEL__NO_C0_ACTION,HJB_CONVERGED,True,13,8.974004206407926e-09,0.6837267291387377,14.679935429776254,0.08592876222655299,0.02,DIAGNOSTIC_ONLY,1.8532260034537642e-17,True,0.13449282023434042,3.914939453859572,1.0984821385839894e-08,False,0.004180128339906323,重庆,21,False,True,turn_21.one_turn.capital.household_illiquid_return_rah -> steady_state._post_turn_states.rah,0.09,0.02,False,0.7557652302563093,True,False,31,0,30,12,13,22,False,False,1.3,0.8,1.1879386363489175e-14,False
7.321783924836102,11.985774736309374,4.663990811473272,8.782974903761703,94830047.41899477,42902100.0,0.00214329623268239,94616775.91479854,94616775.91479854,0.9977510134182058,94616775.91479854,0.9977510134182058,94616775.91479854,0.9977510134182058,213271.50419622572,94830047.41899477,0.6819619465079575,832100.0,832100.0,42810148.090695836,0.9358547875920058,0.9358547875920058,0.9358547875920058,True,0.7380939146868483,0.0,0.0,94616775.91479854,CONTINUED_TO_HOUSEHOLD_BATCH,5862546.456966766,True,True,5862546.456967,42810148.09069628,0.09,94830047.41899477,1.0,7.045483063293794,5862546.456966766,0.31499658046992196,0.09,0.339996580469922,0.6819619465079575,1.951498330659757,1.3,C1_RESIDUAL_LEVEL__NO_C0_ACTION,HJB_CONVERGED,True,14,1.6719754469818326e-09,0.6819619465079575,14.656386812495034,0.08906223525666729,0.02,DIAGNOSTIC_ONLY,1.695462655094998e-17,True,0.12997154423254992,4.041249940769598,1.1698067514664956e-08,False,0.002248986581794187,四川,22,False,True,turn_21.one_turn.capital.household_illiquid_return_rah -> steady_state._post_turn_states.rah,0.09,0.02,False,0.9358547875920058,True,False,31,0,30,12,13,22,False,True,1.3,0.8,1.0436096431476471e-14,False
7.326464807864216,11.987109595488901,4.660644787624685,8.587195902354622,39447014.665611394,15353200.0,4.987852289706218e-05,39231679.4374342,39231679.4374342,0.9945411527335446,39231679.4374342,0.9945411527335446,39231679.4374342,0.9945411527335446,215335.2281771974,39447014.665611394,0.684334164056323,382200.0,382200.0,15352434.205062257,0.6531605820813702,0.6531605820813702,0.6531605820813702,True,0.7380939146868483,0.0,0.0,39231679.4374342,CONTINUED_TO_HOUSEHOLD_BATCH,5463539.527928422,True,True,5463539.527928643,15352434.205062421,0.09,39447014.665611394,1.0,14.29497521697651,5463539.527928422,0.2652565603006197,0.09,0.29025656030061975,0.684334164056323,0.7436285597546541,0.8,C1_RESIDUAL_LEVEL__NO_C0_ACTION,HJB_CONVERGED,True,14,2.041960378562635e-09,0.684334164056323,14.294245579190521,0.08979022288591987,0.02,DIAGNOSTIC_ONLY,1.393922428353231e-17,True,0.13142370118510316,4.023566582330234,3.1416961920882613e-08,False,0.005458847266455363,贵州,23,False,True,turn_21.one_turn.capital.household_illiquid_return_rah -> steady_state._post_turn_states.rah,0.09,0.02,False,0.6531605820813702,True,False,31,0,30,12,13,22,True,False,1.3,0.8,1.0658141036401503e-14,False
7.334525095017296,11.992485151911087,4.65796005689379,8.312870647707141,68611984.86091176,20880600.0,0.001920527865249877,68400716.5307903,68400716.5307903,0.9969208246846417,68400716.5307903,0.9969208246846417,68400716.5307903,0.9969208246846417,211268.33012146075,68611984.86091176,0.6913700767647721,470300.0,470300.0,20840498.225856863,0.5861329189742354,0.5861329189742354,0.5861329189742354,True,0.7380939146868483,0.0,0.0,68400716.5307903,CONTINUED_TO_HOUSEHOLD_BATCH,5576483.265634625,True,True,5576483.265634881,20840498.225857116,0.09,68611984.86091176,1.0,11.85728952931028,5576483.265634625,0.19853919658539218,0.09,0.22353919658539217,0.6913700767647721,0.9759492396869164,0.9759492396869164,C1_RESIDUAL_LEVEL__NO_C0_ACTION,HJB_CONVERGED,True,14,1.4588690255834535e-09,0.6913700767647721,13.64819740090924,0.08689841177987416,0.02,DIAGNOSTIC_ONLY,1.2602876712794478e-17,True,0.14068058146662,3.8196952774979387,5.70477654004975e-09,False,0.0030791753153583566,云南,24,False,True,turn_21.one_turn.capital.household_illiquid_return_rah -> steady_state._post_turn_states.rah,0.09,0.02,False,0.5861329189742354,True,False,31,0,30,12,13,22,False,False,1.3,0.8,1.2101430968414206e-14,False
8.171324622680844,10.127062629896434,1.9557380072155905,7.603047014982682,6325734.326183821,1548400.0,0.0021660255764129888,6110781.9916786775,6110781.9916786775,0.9660193863002748,6110781.9916786775,0.9660193863002748,6110781.9916786775,0.9660193863002748,214952.3345051434,6325734.326183821,0.6622438472107127,35400.0,35400.0,1545046.125997482,0.2539305050273779,0.2539305050273779,0.2539305050273779,True,0.7380939146868483,0.0,0.0,6110781.9916786775,CONTINUED_TO_HOUSEHOLD_BATCH,5453102.486801267,True,True,5453102.486801473,1545046.1259974975,0.09,6325734.326183821,1.0,154.0424431299793,5453102.486801267,0.15311518140033095,0.09,0.17811518140033095,0.6622438472107127,0.07331657863330669,0.8,C1_RESIDUAL_LEVEL__NO_C0_ACTION,HJB_CONVERGED,True,16,2.7161255466978673e-09,0.6622438472107127,11.590655576051061,0.08467081232162281,0.02,DIAGNOSTIC_ONLY,4.572283849278713e-18,True,0.0006551466681914679,0.8070174229630066,2.591557768383268e-08,False,0.03398061369972512,西藏,25,False,True,turn_21.one_turn.capital.household_illiquid_return_rah -> steady_state._post_turn_states.rah,0.09,0.02,False,0.2539305050273779,True,False,31,0,30,12,13,22,True,False,1.3,0.8,9.992007221626409e-15,False
7.316235364015897,11.987012937953125,4.670777573937229,9.080101983974624,73897910.2910824,23941900.0,0.004298391906002452,73689226.08368091,73689226.08368091,0.9971760472443743,73689226.08368091,0.9971760472443743,73689226.08368091,0.9971760472443743,208684.20740148745,73897910.2910824,0.6821367601574894,393100.0,393100.0,24044811.66917432,0.6338518706666324,0.6338518706666324,0.6338518706666324,True,0.7380939146868483,0.0,0.0,73689226.08368091,CONTINUED_TO_HOUSEHOLD_BATCH,5792923.7382753175,True,True,5792923.738275581,24044811.669174608,0.09,73897910.2910824,1.0,14.73651421591279,5792923.7382753175,0.21526434384331916,0.09,0.24026434384331916,0.6821367601574894,1.0875710418591398,1.0875710418591398,C1_RESIDUAL_LEVEL__NO_C0_ACTION,HJB_CONVERGED,True,25,4.311484502750318e-11,0.6821367601574894,15.053260555243268,0.08403885747822573,0.02,DIAGNOSTIC_ONLY,1.4259382305646447e-17,True,0.13487640729052996,3.881882181671471,1.5921815532671246e-08,False,0.0028239527556257614,陕西,26,False,True,turn_21.one_turn.capital.household_illiquid_return_rah -> steady_state._post_turn_states.rah,0.09,0.02,False,0.6338518706666324,True,False,31,0,30,12,13,22,False,False,1.3,0.8,1.1879386363489175e-14,False
7.328895705726116,11.987897735908438,4.6590020301823225,8.488176820742032,25177704.67938732,8104100.0,0.006066638285552761,24962132.86968112,24962132.86968112,0.9914379879956775,24962132.86968112,0.9914379879956775,24962132.86968112,0.9914379879956775,215571.80970620117,25177704.67938732,0.6857072746584374,251500.0,251500.0,8153264.643329948,0.4815843645010798,0.4815843645010798,0.4815843645010798,True,0.7380939146868483,0.0,0.0,24962132.86968112,CONTINUED_TO_HOUSEHOLD_BATCH,5532599.009144383,True,True,5532599.009144596,8153264.643330031,0.09,25177704.67938732,1.0,21.99840560295977,5532599.009144383,0.2140623214392064,0.09,0.2390623214392064,0.6857072746584374,0.3860397605193915,0.8,C1_RESIDUAL_LEVEL__NO_C0_ACTION,HJB_CONVERGED,True,13,2.0505399156434123e-08,0.6857072746584374,14.105439715807023,0.09,0.02,DIAGNOSTIC_ONLY,2.6770810083992875e-17,True,0.13245670821569414,4.006884718066946,1.9141065399352897e-09,False,0.008562012004322507,甘肃,27,False,True,turn_21.one_turn.capital.household_illiquid_return_rah -> steady_state._post_turn_states.rah,0.09,0.02,False,0.4815843645010798,True,False,31,0,30,12,13,22,True,False,1.3,0.8,1.021405182655144e-14,False
7.34540027377688,12.00598808717187,4.66058781339499,8.099696673392843,17578407.529567722,2748000.0,0.0021152713832306436,17365178.187046032,17365178.187046032,0.9878698145913941,17365178.187046032,0.9878698145913941,17365178.187046032,0.9878698145913941,213229.34252169027,17578407.529567722,0.7068478431989561,58700.0,58700.0,2742187.234238882,0.2111711647722934,0.2111711647722934,0.2111711647722934,True,0.7380939146868483,0.0,0.0,17365178.187046032,CONTINUED_TO_HOUSEHOLD_BATCH,5531285.781690973,True,True,5531285.781691184,2742187.2342389096,0.08784757593701147,17578407.529567722,1.0,94.2297407443096,5531285.781690973,0.08784757593701036,0.08784757593701036,0.11224266570897189,0.7068478431989561,0.12657425159466418,0.8,C1_RESIDUAL_LEVEL__NO_C0_ACTION,HJB_CONVERGED,True,26,9.653744470483616e-11,0.7068478431989561,12.801260741745992,0.07463275752477198,0.02,DIAGNOSTIC_ONLY,2.0247475571166795e-17,True,0.1747354799880877,3.2152663644854336,1.939285487750908e-08,False,0.012130185408605889,青海,28,False,False,turn_21.one_turn.capital.household_illiquid_return_rah -> steady_state._post_turn_states.rah,0.09,0.02,False,0.2111711647722934,True,False,31,0,30,12,13,22,True,False,1.3,0.8,9.992007221626409e-15,False
7.330635532628703,11.999668580182457,4.669033047553754,8.72476873162765,18640640.44456374,3510200.0,0.0020932994290899787,18427372.607126705,18427372.607126705,0.9885589855095762,18427372.607126705,0.9885589855095762,18427372.607126705,0.9885589855095762,213267.83743703485,18640640.44456374,0.6930013830099772,71000.0,71000.0,3502852.1003440083,0.25704566563666087,0.25704566563666087,0.25704566563666087,True,0.7380939146868483,0.0,0.0,18427372.607126705,CONTINUED_TO_HOUSEHOLD_BATCH,5636408.191490893,True,True,5636408.1914911065,3502852.100344043,0.09,18640640.44456374,1.0,79.38603086606892,5636408.191490893,0.11092578858670023,0.09,0.13586290162520195,0.6930013830099772,0.1594385155471936,0.8,C1_RESIDUAL_LEVEL__NO_C0_ACTION,HJB_CONVERGED,True,27,3.017635030744259e-10,0.6930013830099772,14.142907389606904,0.07895703925417581,0.02,DIAGNOSTIC_ONLY,1.554474864801092e-17,True,0.15120630721118386,3.5460097457110993,1.949936068168512e-08,False,0.011441014490423862,宁夏,29,False,True,turn_21.one_turn.capital.household_illiquid_return_rah -> steady_state._post_turn_states.rah,0.09,0.02,False,0.25704566563666087,True,False,31,0,30,12,13,22,True,False,1.3,0.8,9.992007221626409e-15,False
8.182963780429692,10.142528388175645,1.9595646077459539,7.278660293526874,49250553.031937115,12809400.0,3.878987843519699e-05,49040338.377915435,49040338.377915435,0.9957317300805665,49040338.377915435,0.9957317300805665,49040338.377915435,0.9957317300805665,210214.654021684,49250553.031937115,0.6689125394520246,252000.0,252000.0,12808903.124931172,0.4695876658129632,0.4695876658129632,0.4695876658129632,True,0.7380939146868483,0.0,0.0,49040338.377915435,CONTINUED_TO_HOUSEHOLD_BATCH,5159529.302462884,True,True,5159529.3024630835,12808903.124931302,0.09,49250553.031937115,1.0,20.474322628820968,5159529.302462884,0.1651188914963975,0.09,0.1901188914963975,0.6689125394520246,0.6439620380585308,0.8,C1_RESIDUAL_LEVEL__NO_C0_ACTION,HJB_CONVERGED,True,16,2.674082733022942e-09,0.6689125394520246,10.963186479339214,0.0835319867696535,0.02,DIAGNOSTIC_ONLY,7.911287727355165e-18,True,0.14628383575931073,0.7878897574252532,3.048390029292136e-08,False,0.00426826991943355,新疆,30,False,True,turn_21.one_turn.capital.household_illiquid_return_rah -> steady_state._post_turn_states.rah,0.09,0.02,False,0.4695876658129632,True,False,31,0,30,12,13,22,True,False,1.3,0.8,1.021405182655144e-14,False
7.322074041390291,11.99563532422983,4.67356128283954,9.04975763907086,58719043.066994764,33106000.0,0.0020481212859871922,58510809.392500944,58510809.392500944,0.9964537284053447,58510809.392500944,0.9964537284053447,58510809.392500944,0.9964537284053447,208233.67449381584,58719043.066994764,0.688317733155958,219200.0,219200.0,33038194.896706108,1.026364744857471,1.026364744857471,1.026364744857471,True,0.7380939146868483,0.0,0.0,58510809.392500944,CONTINUED_TO_HOUSEHOLD_BATCH,5915517.185661325,True,True,5915517.185661428,33038194.896706257,0.09,58719043.066994764,1.0,26.986848474732323,5915517.185661325,0.40633797203053923,0.09,0.43133797203053925,0.688317733155958,1.5192802967190213,1.3,C1_RESIDUAL_LEVEL__NO_C0_ACTION,HJB_CONVERGED,True,25,1.2138676730444331e-09,0.688317733155958,14.764397243491517,0.07859257477835796,0.02,DIAGNOSTIC_ONLY,1.0516761073109393e-17,True,0.14681733427380228,3.6076001971907394,6.873274283059061e-09,False,0.003546271594655148,北京,0,False,True,turn_22.one_turn.capital.household_illiquid_return_rah -> steady_state._post_turn_states.rah,0.09,0.02,False,1.026364744857471,True,False,31,0,30,12,13,23,False,True,1.3,0.8,4.551914400963142e-15,False
7.308369142074621,11.984120021335865,4.675750879261244,9.212026234677174,64593598.72309723,13362900.0,2.8108901154011434e-05,64388134.38791451,64388134.38791451,0.9968191223396066,64388134.38791451,0.9968191223396066,64388134.38791451,0.9968191223396066,205464.33518272178,64593598.72309723,0.6979253142406445,138300.0,138300.0,13362524.383564768,0.3943630348293412,0.3943630348293412,0.3943630348293412,True,0.7380939146868483,0.0,0.0,64388134.38791451,CONTINUED_TO_HOUSEHOLD_BATCH,5499853.799030496,True,True,5499853.799030591,13362524.38356483,0.09,64593598.72309723,1.0,39.76756181511566,5499853.799030496,0.12499980138327937,0.09,0.14999980138327937,0.6979253142406445,0.625119411144934,0.8,C1_RESIDUAL_LEVEL__NO_C0_ACTION,HJB_CONVERGED,True,25,8.814481144980846e-09,0.6979253142406445,14.587141943096405,0.06490309855747681,0.02,DIAGNOSTIC_ONLY,2.035843688725711e-17,True,0.16367380611028587,3.0480771636932134,1.134302940464238e-08,False,0.0031808776603934955,天津,1,False,True,turn_22.one_turn.capital.household_illiquid_return_rah -> steady_state._post_turn_states.rah,0.09,0.02,False,0.3943630348293412,True,False,31,0,30,12,13,23,True,False,1.3,0.8,4.551914400963142e-15,False
7.316250601589774,11.985257536542175,4.669006934952402,9.038906562062024,113705229.18254791,32494600.0,0.0021132524231889382,113497505.78131607,113497505.78131607,0.99817314117631,113497505.78131607,0.99817314117631,113497505.78131607,0.99817314117631,207723.40123183542,113705229.18254791,0.6805037567574492,742600.0,742600.0,32425930.707809445,0.6175565659297677,0.6175565659297677,0.6175565659297677,True,0.7380939146868483,0.0,0.0,113497505.78131607,CONTINUED_TO_HOUSEHOLD_BATCH,5950312.254619288,True,True,5950312.254619391,32425930.70780959,0.09,113705229.18254791,1.0,8.012809392161714,5950312.254619288,0.1842729189345709,0.09,0.2092729189345709,0.6805037567574492,1.4190172583986258,1.3,C1_RESIDUAL_LEVEL__NO_C0_ACTION,HJB_CONVERGED,True,13,2.9254581868087826e-08,0.6805037567574492,15.06514369274013,0.08640795021977439,0.02,DIAGNOSTIC_ONLY,1.1366883294364944e-17,True,0.1310998836588834,3.98361270258877,4.819215027040968e-09,False,0.0018268588236900359,河北,2,False,True,turn_22.one_turn.capital.household_illiquid_return_rah -> steady_state._post_turn_states.rah,0.09,0.02,False,0.6175565659297677,True,False,31,0,30,12,13,23,False,True,1.3,0.8,4.440892098500626e-15,False
7.318621400564535,11.98618558905461,4.6675641884900765,8.939101285381764,53478727.38884524,15958100.0,4.923625161412648e-05,53266829.43896172,53266829.43896172,0.9960377151770496,53266829.43896172,0.9960377151770496,53266829.43896172,0.9960377151770496,211897.94988352252,53478727.38884524,0.6819674690051211,350200.0,350200.0,15957314.282973116,0.541543979367176,0.541543979367176,0.541543979367176,True,0.7380939146868483,0.0,0.0,53266829.43896172,CONTINUED_TO_HOUSEHOLD_BATCH,5493265.807276707,True,True,5493265.807276803,15957314.282973187,0.09,53478727.38884524,1.0,15.686081688397222,5493265.807276707,0.19441424655982967,0.09,0.21941424655982966,0.6819674690051211,0.7579651488346949,0.8,C1_RESIDUAL_LEVEL__NO_C0_ACTION,HJB_CONVERGED,True,13,9.67499724779941e-08,0.6819674690051211,14.867921156092635,0.08643568421810947,0.02,DIAGNOSTIC_ONLY,2.1801793271250194e-17,True,0.13239782271484712,3.9599820651309674,1.2610738453489034e-08,False,0.003962284822950384,山西,3,False,True,turn_22.one_turn.capital.household_illiquid_return_rah -> steady_state._post_turn_states.rah,0.09,0.02,False,0.541543979367176,True,False,31,0,30,12,13,23,True,False,1.3,0.8,4.440892098500626e-15,False
7.328991435490035,12.001912643363797,4.672921207873761,8.862074422494832,82165502.99427319,16140800.0,4.481142420853512e-05,81961499.33892635,81961499.33892635,0.9975171617295271,81961499.33892635,0.9975171617295271,81961499.33892635,0.9975171617295271,204003.65534684408,82165502.99427319,0.6960763657341643,242200.0,242200.0,16140076.707764136,0.4001484797007443,0.4001484797007443,0.4001484797007443,True,0.7380939146868483,0.0,0.0,81961499.33892635,CONTINUED_TO_HOUSEHOLD_BATCH,5430725.410988293,True,True,5430725.410988389,16140076.70776421,0.09,82165502.99427319,1.0,22.422483117210128,5430725.410988293,0.11720605414389187,0.09,0.14220605414389187,0.6960763657341643,0.7634554931735644,0.8,C1_RESIDUAL_LEVEL__NO_C0_ACTION,HJB_CONVERGED,True,25,2.6087145776898524e-09,0.6960763657341643,14.208784118463528,0.073705711378134,0.02,DIAGNOSTIC_ONLY,1.588356182691264e-17,True,0.16264200081539998,3.336883326995859,1.2286184736254313e-08,False,0.0024828382704729845,内蒙古,4,False,True,turn_22.one_turn.capital.household_illiquid_return_rah -> steady_state._post_turn_states.rah,0.09,0.02,False,0.4001484797007443,True,False,31,0,30,12,13,23,True,False,1.3,0.8,4.6629367034256575e-15,False
7.334378411082268,11.996943474215048,4.662565063132779,8.437943926298034,90061052.78222083,23510500.0,0.0037308061010099536,89854895.94912705,89854895.94912705,0.9977109213502946,89854895.94912705,0.9977109213502946,89854895.94912705,0.9977109213502946,206156.8330937843,90061052.78222083,0.6936994465489212,429100.0,429100.0,23598213.116837796,0.5406300280912503,0.5406300280912503,0.5406300280912503,True,0.7380939146868483,0.0,0.0,89854895.94912705,CONTINUED_TO_HOUSEHOLD_BATCH,5668957.563228483,True,True,5668957.563228545,23598213.116837867,0.09,90061052.78222083,1.0,13.211273743249786,5668957.563228483,0.16660041911566326,0.09,0.19160041911566325,0.6936994465489212,1.080100663094866,1.080100663094866,C1_RESIDUAL_LEVEL__NO_C0_ACTION,HJB_CONVERGED,True,15,9.504106568414272e-08,0.6936994465489212,13.728680227657504,0.08254872517025602,0.02,DIAGNOSTIC_ONLY,2.3744027577432547e-17,True,0.14766144547511034,3.6485719482220587,5.997493723874925e-09,False,0.0022890786497055276,辽宁,5,False,True,turn_22.one_turn.capital.household_illiquid_return_rah -> steady_state._post_turn_states.rah,0.09,0.02,False,0.5406300280912503,True,False,31,0,30,12,13,23,False,False,1.3,0.8,2.9976021664879227e-15,False
7.349657793634435,12.010628437772121,4.660970644137686,8.125122814289528,66308917.7271201,11253800.0,0.007556323724979719,66101646.39901452,66101646.39901452,0.9968741560681391,66101646.39901452,0.9968741560681391,66101646.39901452,0.9968741560681391,207271.32810558536,66308917.7271201,0.7034096107726808,248400.0,248400.0,11168762.644063823,0.3250442085976263,0.3250442085976263,0.3250442085976263,True,0.7380939146868483,0.0,0.0,66101646.39901452,CONTINUED_TO_HOUSEHOLD_BATCH,5388290.34645435,True,True,5388290.346454444,11168762.644063873,0.09,66308917.7271201,1.0,21.691990122602054,5388290.34645435,0.09684133824318727,0.09,0.12142006770937026,0.7034096107726808,0.5302069122308611,0.8,C1_RESIDUAL_LEVEL__NO_C0_ACTION,HJB_CONVERGED,True,25,4.86223377116346e-08,0.7034096107726808,12.964826159584693,0.07865644460850069,0.02,DIAGNOSTIC_ONLY,2.2944428475224488e-17,True,0.16278330411364744,3.3780796922490173,8.964372577580093e-09,False,0.00312584393186095,吉林,6,False,True,turn_22.one_turn.capital.household_illiquid_return_rah -> steady_state._post_turn_states.rah,0.09,0.02,False,0.3250442085976263,True,False,31,0,30,12,13,23,True,False,1.3,0.8,4.551914400963142e-15,False
7.360661035488066,12.007192505513554,4.646531470025488,7.517194169186294,58424879.89838116,12846500.0,3.977548672640108e-05,58214346.64355352,58214346.64355352,0.9963965136908485,58214346.64355352,0.9963965136908485,58214346.64355352,0.9963965136908485,210533.25482763734,58424879.89838116,0.7073780855765495,332700.0,332700.0,12845989.02420977,0.41270310471903765,0.41270310471903765,0.41270310471903765,True,0.7380939146868483,0.0,0.0,58214346.64355352,CONTINUED_TO_HOUSEHOLD_BATCH,5277794.682513164,True,True,5277794.6825132575,12845989.024209829,0.09,58424879.89838116,1.0,15.863524744554146,5277794.682513164,0.1347430549325448,0.09,0.1597430549325448,0.7073780855765495,0.6274820218136049,0.8,C1_RESIDUAL_LEVEL__NO_C0_ACTION,HJB_CONVERGED,True,26,2.0279309786985777e-08,0.7073780855765495,12.026511476972049,0.08488047609984661,0.02,DIAGNOSTIC_ONLY,1.440830947981735e-17,True,0.1588360107848161,3.5086499514228278,1.2541263583187856e-08,False,0.0036034863091515025,黑龙江,7,False,True,turn_22.one_turn.capital.household_illiquid_return_rah -> steady_state._post_turn_states.rah,0.09,0.02,False,0.41270310471903765,True,False,31,0,30,12,13,23,True,False,1.3,0.8,4.6629367034256575e-15,False
7.321981096975792,11.995523710542443,4.673542613566652,9.05075531289047,66125294.30800852,36011800.0,0.0020662810694571654,65917973.06089598,65917973.06089598,0.9968647209924413,65917973.06089598,0.9968647209924413,65917973.06089598,0.9968647209924413,207321.24711254548,66125294.30800852,0.6882479251600984,247500.0,247500.0,35937389.49938292,1.0227253445056632,1.0227253445056632,1.0227253445056632,True,0.7380939146868483,0.0,0.0,65917973.06089598,CONTINUED_TO_HOUSEHOLD_BATCH,5915291.248136706,True,True,5915291.2481368035,35937389.499383084,0.09,66125294.30800852,1.0,23.900166659138204,5915291.248136706,0.39035619617244965,0.09,0.4153561961724497,0.6882479251600984,1.6475786039327447,1.3,C1_RESIDUAL_LEVEL__NO_C0_ACTION,HJB_CONVERGED,True,25,2.692645217905465e-09,0.6882479251600984,14.76847151478245,0.07864081161682361,0.02,DIAGNOSTIC_ONLY,1.1492543028346347e-17,True,0.1466889004205457,3.6102664860704756,6.602458246796061e-09,False,0.0031352790075587843,上海,8,False,True,turn_22.one_turn.capital.household_illiquid_return_rah -> steady_state._post_turn_states.rah,0.09,0.02,False,1.0227253445056632,True,False,31,0,30,12,13,23,False,True,1.3,0.8,4.551914400963142e-15,False
7.312970466767522,11.988910715962017,4.675940249194495,9.320232577444838,203535217.25929242,93207600.0,0.002181966928658019,203343357.86904544,203343357.86904544,0.9990573651438288,203343357.86904544,0.9990573651438288,203343357.86904544,0.9990573651438288,191859.39024699252,203535217.25929242,0.6822544280359761,844600.0,844600.0,93004224.09930041,1.1603289174497986,1.1603289174497986,1.1603289174497986,True,0.7380939146868483,0.0,0.0,203343357.86904544,CONTINUED_TO_HOUSEHOLD_BATCH,5799097.864735452,True,True,5799097.86473555,93004224.09930083,0.09,203535217.25929242,1.0,6.86608792888403,5799097.864735452,0.31944118392140547,0.09,0.3444411839214055,0.6822544280359761,4.289712289041949,1.3,C1_RESIDUAL_LEVEL__NO_C0_ACTION,HJB_CONVERGED,True,15,6.951426101409197e-10,0.6822544280359761,15.37821115917314,0.08042887556155788,0.02,DIAGNOSTIC_ONLY,1.338989683019598e-17,True,0.13872054881917947,3.7643048866520696,4.528594055308588e-09,False,0.0009426348561712268,江苏,9,False,True,turn_22.one_turn.capital.household_illiquid_return_rah -> steady_state._post_turn_states.rah,0.09,0.02,False,1.1603289174497986,True,False,31,0,30,12,13,23,False,True,1.3,0.8,4.440892098500626e-15,False
7.316058077363419,11.98752065055398,4.671462573190562,9.103552980423817,124249656.20818298,58002800.0,0.0021451654412888432,124046336.28831805,124046336.28831805,0.9983636178475677,124046336.28831805,0.9983636178475677,124046336.28831805,0.9983636178475677,203319.91986491767,124249656.20818298,0.682462456345714,627300.0,627300.0,57878374.397942014,1.0369336001179625,1.0369336001179625,1.0369336001179625,True,0.7380939146868483,0.0,0.0,124046336.28831805,CONTINUED_TO_HOUSEHOLD_BATCH,5852883.334764062,True,True,5852883.33476416,57878374.39794227,0.09,124249656.20818298,1.0,9.330277912903016,5852883.334764062,0.3266283926117618,0.09,0.3516283926117618,0.682462456345714,2.648763774494904,1.3,C1_RESIDUAL_LEVEL__NO_C0_ACTION,HJB_CONVERGED,True,18,6.721689871369563e-11,0.682462456345714,15.071920446410727,0.08335289970218862,0.02,DIAGNOSTIC_ONLY,2.798825525171185e-17,True,0.13586851403117872,3.8547562793262764,4.994420765846996e-09,False,0.0016363821524322834,浙江,10,False,True,turn_22.one_turn.capital.household_illiquid_return_rah -> steady_state._post_turn_states.rah,0.09,0.02,False,1.0369336001179625,True,False,31,0,30,12,13,23,False,True,1.3,0.8,4.3298697960381105e-15,False
7.314684760282461,11.983278641539123,4.668593881256663,9.092751623875635,70182433.35888097,34010900.0,0.0021098769767081693,69968726.4804038,69968726.4804038,0.996954980495128,69968726.4804038,0.996954980495128,69968726.4804038,0.996954980495128,213706.87847717776,70182433.35888097,0.6774362058428676,607600.0,607600.0,33939141.185132876,0.9221011048681041,0.9221011048681041,0.9221011048681041,True,0.7380939146868483,0.0,0.0,69968726.4804038,CONTINUED_TO_HOUSEHOLD_BATCH,5969997.026943404,True,True,5969997.026943507,33939141.18513303,0.09,70182433.35888097,1.0,9.825538227359125,5969997.026943404,0.3410662751026824,0.09,0.3660662751026824,0.6774362058428676,1.52703148536274,1.3,C1_RESIDUAL_LEVEL__NO_C0_ACTION,HJB_CONVERGED,True,14,1.4083667565500946e-10,0.6774362058428676,15.269964772028308,0.08895775431924248,0.02,DIAGNOSTIC_ONLY,1.7618285302889447e-17,True,0.1261115533426586,4.115122548215052,5.282544957019297e-09,False,0.003045019504872084,安徽,11,False,True,turn_22.one_turn.capital.household_illiquid_return_rah -> steady_state._post_turn_states.rah,0.09,0.02,False,0.9221011048681041,True,False,31,0,30,12,13,23,False,True,1.3,0.8,4.6629367034256575e-15,False
7.322335328622186,11.991430474678904,4.669095146056718,8.886944691062702,87795538.11850408,38687800.0,0.0021015598012302794,87589287.31244677,87589287.31244677,0.9976507825969594,87589287.31244677,0.9976507825969594,87589287.31244677,0.9976507825969594,206250.80605730606,87795538.11850408,0.6868394257706661,410400.0,410400.0,38606495.274721965,0.8921644600055767,0.8921644600055767,0.8921644600055767,True,0.7380939146868483,0.0,0.0,87589287.31244677,CONTINUED_TO_HOUSEHOLD_BATCH,5892713.621327664,True,True,5892713.621327762,38606495.27472213,0.09,87795538.11850408,1.0,14.358463989589824,5892713.621327664,0.30556602035076647,0.09,0.3305660203507665,0.6868394257706661,1.7476291641636759,1.3,C1_RESIDUAL_LEVEL__NO_C0_ACTION,HJB_CONVERGED,True,15,6.802135299466272e-09,0.6868394257706661,14.599595103374103,0.08227335879717018,0.02,DIAGNOSTIC_ONLY,8.267041565201971e-18,True,0.1411783799968565,3.749198314923923,5.7332414371558116e-09,False,0.002349217403040622,福建,12,False,True,turn_22.one_turn.capital.household_illiquid_return_rah -> steady_state._post_turn_states.rah,0.09,0.02,False,0.8921644600055767,True,False,31,0,30,12,13,23,False,True,1.3,0.8,4.218847493575595e-15,False
7.317893316583607,11.984333561366471,4.666440244782864,8.950563321463742,51050047.92908307,22716500.0,0.002307462108185332,50835646.82849269,50835646.82849269,0.9958001782703864,50835646.82849269,0.9958001782703864,50835646.82849269,0.9958001782703864,214401.10059037866,51050047.92908307,0.6793848587921524,451300.0,451300.0,22768917.46298059,0.7893560257063097,0.7893560257063097,0.7893560257063097,True,0.7380939146868483,0.0,0.0,50835646.82849269,CONTINUED_TO_HOUSEHOLD_BATCH,5772603.381178082,True,True,5772603.381178141,22768917.46298065,0.09,51050047.92908307,1.0,12.791055575400136,5772603.381178082,0.31061956171152744,0.09,0.33561956171152746,0.6793848587921524,1.0531874253914533,1.0531874253914533,C1_RESIDUAL_LEVEL__NO_C0_ACTION,HJB_CONVERGED,True,14,4.3881875910756207e-10,0.6793848587921524,14.992371132002376,0.08911958485106085,0.02,DIAGNOSTIC_ONLY,1.940328952165353e-17,True,0.12766414466409376,4.0868333332487605,3.892676625483205e-09,False,0.004199821729613596,江西,13,False,True,turn_22.one_turn.capital.household_illiquid_return_rah -> steady_state._post_turn_states.rah,0.09,0.02,False,0.7893560257063097,True,False,31,0,30,12,13,23,False,False,1.3,0.8,2.6645352591003757e-15,False
7.312388456645474,11.986511753100055,4.674123296454582,9.273206791317275,210016973.07581103,66648899.99999999,0.002168884717853148,209823149.66501826,209823149.66501826,0.9990771059693219,209823149.66501826,0.9990771059693219,209823149.66501826,0.9990771059693219,193823.41079278148,210016973.07581103,0.6806621135559445,1007700.0,1007700.0,66504346.21932827,0.8090038132922267,0.8090038132922267,0.8090038132922267,True,0.7380939146868483,0.0,0.0,209823149.66501826,CONTINUED_TO_HOUSEHOLD_BATCH,5846649.3409112925,True,True,5846649.340911394,66504346.219328575,0.09,210016973.07581103,1.0,5.801974140033038,5846649.3409112925,0.2085119377635743,0.09,0.2335119377635743,0.6806621135559445,2.9763938585981013,1.3,C1_RESIDUAL_LEVEL__NO_C0_ACTION,HJB_CONVERGED,True,16,5.621747511952435e-11,0.6806621135559445,15.379432436922682,0.08264892144596599,0.02,DIAGNOSTIC_ONLY,1.1786717208518383e-17,True,0.1348923220186848,3.861965027569826,4.2844251479934314e-09,False,0.0009228940306782535,山东,14,False,True,turn_22.one_turn.capital.household_illiquid_return_rah -> steady_state._post_turn_states.rah,0.09,0.02,False,0.8090038132922267,True,False,31,0,30,12,13,23,False,True,1.3,0.8,4.551914400963142e-15,False
7.311032040586646,11.983963375307118,4.672931334720472,9.27935369468364,168320556.01470312,49935900.0,0.0021550172502919906,168118845.78268713,168118845.78268713,0.9988016304318863,168118845.78268713,0.9988016304318863,168118845.78268713,0.9988016304318863,201710.23201601199,168320556.01470312,0.6780916213876649,986400.0,986400.0,49828287.27409115,0.7116861984516236,0.7116861984516236,0.7116861984516236,True,0.7380939146868483,0.0,0.0,168118845.78268713,CONTINUED_TO_HOUSEHOLD_BATCH,5910294.631924245,True,True,5910294.631924346,49828287.27409136,0.09,168320556.01470312,1.0,5.991782879079729,5910294.631924245,0.19260408504732074,0.09,0.21760408504732073,0.6780916213876649,2.1990192662653025,1.3,C1_RESIDUAL_LEVEL__NO_C0_ACTION,HJB_CONVERGED,True,13,3.849174312620107e-09,0.6780916213876649,15.496884274420927,0.08521799176891924,0.02,DIAGNOSTIC_ONLY,1.4718044491490723e-17,True,0.1300403545135293,3.9867063511894285,4.32265212513272e-09,False,0.0011983695681137853,河南,15,False,True,turn_22.one_turn.capital.household_illiquid_return_rah -> steady_state._post_turn_states.rah,0.09,0.02,False,0.7116861984516236,True,False,31,0,30,12,13,23,False,True,1.3,0.8,4.3298697960381105e-15,False
7.312093316297635,11.984455727823505,4.672362411525871,9.234627885987054,101805153.6623069,42022000.0,0.0021227849017148026,101598064.76999205,101598064.76999205,0.9979658309538849,101598064.76999205,0.9979658309538849,101598064.76999205,0.9979658309538849,207088.8923148497,101805153.6623069,0.6788282007741326,591700.0,591700.0,41932796.33286014,0.8668910887321597,0.8668910887321597,0.8668910887321597,True,0.7380939146868483,0.0,0.0,101598064.76999205,CONTINUED_TO_HOUSEHOLD_BATCH,5940379.289794053,True,True,5940379.2897941535,41932796.332860336,0.09,101805153.6623069,1.0,10.039512066577748,5940379.289794053,0.28328319519461126,0.09,0.3082831951946113,0.6788282007741326,1.8747329153804755,1.3,C1_RESIDUAL_LEVEL__NO_C0_ACTION,HJB_CONVERGED,True,13,3.0630182834556763e-09,0.6788282007741326,15.403934352571191,0.08512191332374468,0.02,DIAGNOSTIC_ONLY,1.2379461785769828e-17,True,0.13079471082266106,3.971279214572423,5.1704225345616805e-09,False,0.002034169046115038,湖北,16,False,True,turn_22.one_turn.capital.household_illiquid_return_rah -> steady_state._post_turn_states.rah,0.09,0.02,False,0.8668910887321597,True,False,31,0,30,12,13,23,False,True,1.3,0.8,4.6629367034256575e-15,False
7.315635939641625,11.984520319262227,4.668884379620602,9.056780810157667,93791807.14892803,36329700.0,0.0021219650565086345,93581691.74507101,93581691.74507101,0.9977597680411106,93581691.74507101,0.9977597680411106,93581691.74507101,0.9977597680411106,210115.40385702357,93791807.14892803,0.6795139938219329,663500.0,663500.0,36252609.64608656,0.7959373284760574,0.7959373284760574,0.7959373284760574,True,0.7380939146868483,0.0,0.0,93581691.74507101,CONTINUED_TO_HOUSEHOLD_BATCH,5948262.555797681,True,True,5948262.555797784,36252609.64608672,0.09,93791807.14892803,1.0,8.9649774767109,5948262.555797681,0.26314547300181007,0.09,0.2881454730018101,0.6795139938219329,1.6122060224694463,1.3,C1_RESIDUAL_LEVEL__NO_C0_ACTION,HJB_CONVERGED,True,13,5.134087865954484e-08,0.6795139938219329,15.131457580955189,0.08720574020433906,0.02,DIAGNOSTIC_ONLY,1.162839787461199e-17,True,0.12947834762131077,4.025185689297631,5.028585992050694e-09,False,0.0022402319588894393,湖南,17,False,True,turn_22.one_turn.capital.household_illiquid_return_rah -> steady_state._post_turn_states.rah,0.09,0.02,False,0.7959373284760574,True,False,31,0,30,12,13,23,False,True,1.3,0.8,4.551914400963142e-15,False
7.321941378084964,11.987645892846238,4.665704514761275,8.8055994827185,191259406.86816654,99945200.0,0.0022046381877277588,191057332.50787243,191057332.50787243,0.9989434540052015,191057332.50787243,0.9989434540052015,191057332.50787243,0.9989434540052015,202074.36029410348,191259406.86816654,0.6841310149732862,1234800.0,1234800.0,99724856.9953999,1.30644139756687,1.30644139756687,1.30644139756687,True,0.7380939146868483,0.0,0.0,191057332.50787243,CONTINUED_TO_HOUSEHOLD_BATCH,5734851.855629937,True,True,5734851.855630033,99724856.99540034,0.09,191259406.86816654,1.0,4.644356863969822,5734851.855629937,0.372088497717684,0.09,0.397088497717684,0.6841310149732862,4.699177749341857,1.3,C1_RESIDUAL_LEVEL__NO_C0_ACTION,HJB_CONVERGED,True,13,1.146080652603132e-08,0.6841310149732862,14.597538474665008,0.08628759033590613,0.02,DIAGNOSTIC_ONLY,1.3877787807814457e-17,True,0.1345174470154075,3.919407643007457,4.096038397349844e-09,False,0.0010565459947985282,广东,18,False,True,turn_22.one_turn.capital.household_illiquid_return_rah -> steady_state._post_turn_states.rah,0.09,0.02,False,1.30644139756687,True,False,31,0,30,12,13,23,False,True,1.3,0.8,4.3298697960381105e-15,False
7.331588070020472,11.990666606616093,4.659078536595621,8.409992295854371,67306708.83876626,19627800.0,0.005297792439405202,67094689.937517986,67094689.937517986,0.9968499588687931,67094689.937517986,0.9968499588687931,67094689.937517986,0.9968499588687931,212018.90124827958,67306708.83876626,0.6891573470612301,494700.0,494700.0,19523815.989557844,0.5577680812178123,0.5577680812178123,0.5577680812178123,True,0.7380939146868483,0.0,0.0,67094689.937517986,CONTINUED_TO_HOUSEHOLD_BATCH,5544997.934556031,True,True,5544997.934556088,19523815.989557896,0.09,67306708.83876626,1.0,11.208809247131656,5544997.934556031,0.1880272873632481,0.09,0.2130272873632481,0.6891573470612301,0.9175424541835253,0.9175424541835253,C1_RESIDUAL_LEVEL__NO_C0_ACTION,HJB_CONVERGED,True,13,1.8952958313889212e-08,0.6891573470612301,13.863648010722303,0.0875653922861688,0.02,DIAGNOSTIC_ONLY,1.5178830414797062e-17,True,0.1379253951812663,3.875986968204596,8.313942867488322e-10,False,0.0031500411312068827,广西,19,False,True,turn_22.one_turn.capital.household_illiquid_return_rah -> steady_state._post_turn_states.rah,0.09,0.02,False,0.5577680812178123,True,False,31,0,30,12,13,23,False,False,1.3,0.8,2.6645352591003757e-15,False
7.343200480783885,11.996588375459574,4.653387894675689,8.013400614065015,14673330.466888333,4910700.0,0.0020759723184680112,14458727.729778998,14458727.729778998,0.9853746402295236,14458727.729778998,0.9853746402295236,14458727.729778998,0.9853746402295236,214602.73710933505,14673330.466888333,0.6966386366642096,98200.0,98200.0,4900505.522735699,0.43124462072637787,0.43124462072637787,0.43124462072637787,True,0.7380939146868483,0.0,0.0,14458727.729778998,CONTINUED_TO_HOUSEHOLD_BATCH,5529281.80533612,True,True,5529281.805336214,4900505.5227357205,0.09,14673330.466888333,1.0,56.30633202989939,5529281.80533612,0.22194002673104268,0.09,0.24694002673104268,0.6966386366642096,0.23253344685965735,0.8,C1_RESIDUAL_LEVEL__NO_C0_ACTION,HJB_CONVERGED,True,14,8.44518899256741e-09,0.6966386366642096,13.052721308411838,0.08665869422936799,0.02,DIAGNOSTIC_ONLY,2.7575861961753415e-17,True,0.14601881243212922,3.7280665012984393,8.183769772962535e-09,False,0.014625359770476451,海南,20,False,True,turn_22.one_turn.capital.household_illiquid_return_rah -> steady_state._post_turn_states.rah,0.09,0.02,False,0.43124462072637787,True,False,31,0,30,12,13,23,True,False,1.3,0.8,4.3298697960381105e-15,False
7.320881523078632,11.987478454477596,4.666596931398964,8.854154693431857,50663834.63130832,21588800.0,0.0006982162422488614,50452053.30035765,50452053.30035765,0.9958198716600934,50452053.30035765,0.9958198716600934,50452053.30035765,0.9958198716600934,211781.33095066814,50663834.63130832,0.6837267291389576,316300.0,316300.0,21603873.650810663,0.7557652302563093,0.7557652302563093,0.7557652302563093,True,0.7380939146868483,0.0,0.0,50452053.30035765,CONTINUED_TO_HOUSEHOLD_BATCH,5697456.55054385,True,True,5697456.550543915,21603873.650810726,0.09,50663834.63130832,1.0,18.012825009623302,5697456.55054385,0.2948835224605364,0.09,0.3198835224605364,0.6837267291389576,1.0093525156758467,1.0093525156758467,C1_RESIDUAL_LEVEL__NO_C0_ACTION,HJB_CONVERGED,True,13,8.974004650497136e-09,0.6837267291389576,14.679935429776352,0.08592876222655299,0.02,DIAGNOSTIC_ONLY,3.370513503714312e-17,True,0.13449282023434858,3.914939453853283,4.393917230061106e-09,False,0.004180128339906497,重庆,21,False,True,turn_22.one_turn.capital.household_illiquid_return_rah -> steady_state._post_turn_states.rah,0.09,0.02,False,0.7557652302563093,True,False,31,0,30,12,13,23,False,False,1.3,0.8,2.886579864025407e-15,False
7.321783924837086,11.985774736310557,4.663990811473472,8.782974903765052,94830047.41899477,42902100.0,0.002143296232687053,94616775.91479853,94616775.91479853,0.9977510134182056,94616775.91479853,0.9977510134182056,94616775.91479853,0.9977510134182056,213271.50419623527,94830047.41899477,0.68196194650814,832100.0,832100.0,42810148.090695634,0.9358547875920058,0.9358547875920058,0.9358547875920058,True,0.7380939146868483,0.0,0.0,94616775.91479853,CONTINUED_TO_HOUSEHOLD_BATCH,5862546.456966663,True,True,5862546.456966766,42810148.090695836,0.09,94830047.41899477,1.0,7.04548306329367,5862546.456966663,0.31499658046992013,0.09,0.33999658046992015,0.68196194650814,1.9514983306597813,1.3,C1_RESIDUAL_LEVEL__NO_C0_ACTION,HJB_CONVERGED,True,14,1.671974558803413e-09,0.68196194650814,14.65638681249513,0.08906223525666729,0.02,DIAGNOSTIC_ONLY,3.2824220771998647e-17,True,0.12997154423278032,4.041249940767456,4.679209353319891e-09,False,0.002248986581794288,四川,22,False,True,turn_22.one_turn.capital.household_illiquid_return_rah -> steady_state._post_turn_states.rah,0.09,0.02,False,0.9358547875920058,True,False,31,0,30,12,13,23,False,True,1.3,0.8,4.6629367034256575e-15,False
7.326464807863445,11.987109595488082,4.660644787624638,8.587195902354667,39447014.665611394,15353200.0,4.987852290139205e-05,39231679.43743419,39231679.43743419,0.9945411527335445,39231679.43743419,0.9945411527335445,39231679.43743419,0.9945411527335445,215335.22817720726,39447014.665611394,0.6843341640563294,382200.0,382200.0,15352434.20506219,0.6531605820813702,0.6531605820813702,0.6531605820813702,True,0.7380939146868483,0.0,0.0,39231679.43743419,CONTINUED_TO_HOUSEHOLD_BATCH,5463539.527928328,True,True,5463539.527928422,15352434.205062257,0.09,39447014.665611394,1.0,14.294975216976264,5463539.527928328,0.26525656030061834,0.09,0.29025656030061836,0.6843341640563294,0.7436285597546632,0.8,C1_RESIDUAL_LEVEL__NO_C0_ACTION,HJB_CONVERGED,True,14,2.041963043097894e-09,0.6843341640563294,14.294245579190619,0.08979022288591987,0.02,DIAGNOSTIC_ONLY,1.292911090688964e-17,True,0.13142370118532615,4.023566582331511,1.2566801821378704e-08,False,0.005458847266455614,贵州,23,False,True,turn_22.one_turn.capital.household_illiquid_return_rah -> steady_state._post_turn_states.rah,0.09,0.02,False,0.6531605820813702,True,False,31,0,30,12,13,23,True,False,1.3,0.8,4.3298697960381105e-15,False
7.334525095018801,11.992485151913055,4.657960056894253,8.312870647711126,68611984.86091176,20880600.0,0.0019205278652527635,68400716.53079028,68400716.53079028,0.9969208246846415,68400716.53079028,0.9969208246846415,68400716.53079028,0.9969208246846415,211268.33012146968,68611984.86091176,0.691370076764991,470300.0,470300.0,20840498.225856803,0.5861329189742354,0.5861329189742354,0.5861329189742354,True,0.7380939146868483,0.0,0.0,68400716.53079028,CONTINUED_TO_HOUSEHOLD_BATCH,5576483.265634563,True,True,5576483.265634625,20840498.225856863,0.09,68611984.86091176,1.0,11.85728952931015,5576483.265634563,0.19853919658539143,0.09,0.22353919658539143,0.691370076764991,0.9759492396869239,0.9759492396869239,C1_RESIDUAL_LEVEL__NO_C0_ACTION,HJB_CONVERGED,True,14,1.4588654728697747e-09,0.691370076764991,13.648197400909336,0.08689841177987416,0.02,DIAGNOSTIC_ONLY,1.488974580097819e-17,True,0.1406805814667087,3.819695277492963,2.2818993361539697e-09,False,0.0030791753153584867,云南,24,False,True,turn_22.one_turn.capital.household_illiquid_return_rah -> steady_state._post_turn_states.rah,0.09,0.02,False,0.5861329189742354,True,False,31,0,30,12,13,23,False,False,1.3,0.8,2.886579864025407e-15,False
8.17132462268018,10.127062629895487,1.9557380072153077,7.603047014982341,6325734.326183821,1548400.0,0.0021660255764179848,6110781.991678668,6110781.991678668,0.9660193863002734,6110781.991678668,0.9660193863002734,6110781.991678668,0.9660193863002734,214952.33450515327,6325734.326183821,0.6622438472106746,35400.0,35400.0,1545046.1259974744,0.2539305050273779,0.2539305050273779,0.2539305050273779,True,0.7380939146868483,0.0,0.0,6110781.991678668,CONTINUED_TO_HOUSEHOLD_BATCH,5453102.486801165,True,True,5453102.486801267,1545046.125997482,0.09,6325734.326183821,1.0,154.04244312997642,5453102.486801165,0.15311518140033,0.09,0.17811518140033,0.6622438472106746,0.07331657863330765,0.8,C1_RESIDUAL_LEVEL__NO_C0_ACTION,HJB_CONVERGED,True,16,2.716129543500756e-09,0.6622438472106746,11.590655576051137,0.08467081232162281,0.02,DIAGNOSTIC_ONLY,9.834052517622427e-18,True,0.0006551466681901387,0.8070174229634242,1.0366212666035324e-08,False,0.03398061369972668,西藏,25,False,True,turn_22.one_turn.capital.household_illiquid_return_rah -> steady_state._post_turn_states.rah,0.09,0.02,False,0.2539305050273779,True,False,31,0,30,12,13,23,True,False,1.3,0.8,4.9960036108132044e-15,False
7.316235364016398,11.987012937953661,4.670777573937264,9.080101983974162,73897910.2910824,23941900.0,0.004298391905999788,73689226.0836809,73689226.0836809,0.997176047244374,73689226.0836809,0.997176047244374,73689226.0836809,0.997176047244374,208684.20740149682,73897910.2910824,0.6821367601574598,393100.0,393100.0,24044811.669174254,0.6338518706666324,0.6338518706666324,0.6338518706666324,True,0.7380939146868483,0.0,0.0,73689226.0836809,CONTINUED_TO_HOUSEHOLD_BATCH,5792923.738275253,True,True,5792923.7382753175,24044811.66917432,0.09,73897910.2910824,1.0,14.736514215912626,5792923.738275253,0.21526434384331836,0.09,0.24026434384331835,0.6821367601574598,1.087571041859148,1.087571041859148,C1_RESIDUAL_LEVEL__NO_C0_ACTION,HJB_CONVERGED,True,25,4.311306867066378e-11,0.6821367601574598,15.053260555243364,0.08403885747822573,0.02,DIAGNOSTIC_ONLY,1.9881557337952938e-17,True,0.13487640729043845,3.881882181671211,6.368715110838252e-09,False,0.0028239527556258885,陕西,26,False,True,turn_22.one_turn.capital.household_illiquid_return_rah -> steady_state._post_turn_states.rah,0.09,0.02,False,0.6338518706666324,True,False,31,0,30,12,13,23,False,False,1.3,0.8,2.7755575615628914e-15,False
7.328895705727584,11.987897735910282,4.659002030182698,8.488176820744778,25177704.67938732,8104100.0,0.006066638285548098,24962132.86968111,24962132.86968111,0.9914379879956771,24962132.86968111,0.9914379879956771,24962132.86968111,0.9914379879956771,215571.809706211,25177704.67938732,0.6857072746585661,251500.0,251500.0,8153264.64332991,0.4815843645010798,0.4815843645010798,0.4815843645010798,True,0.7380939146868483,0.0,0.0,24962132.86968111,CONTINUED_TO_HOUSEHOLD_BATCH,5532599.009144283,True,True,5532599.009144383,8153264.643329948,0.09,25177704.67938732,1.0,21.998405602959377,5532599.009144283,0.21406232143920514,0.09,0.23906232143920514,0.6857072746585661,0.38603976051939637,0.8,C1_RESIDUAL_LEVEL__NO_C0_ACTION,HJB_CONVERGED,True,13,2.0505399600523333e-08,0.6857072746585661,14.105439715807115,0.09,0.02,DIAGNOSTIC_ONLY,2.3527187142935446e-17,True,0.13245670821539748,4.006884718061963,7.656243417031305e-10,False,0.008562012004322897,甘肃,27,False,True,turn_22.one_turn.capital.household_illiquid_return_rah -> steady_state._post_turn_states.rah,0.09,0.02,False,0.4815843645010798,True,False,31,0,30,12,13,23,True,False,1.3,0.8,4.6629367034256575e-15,False
7.345400273776892,12.005988087171868,4.660587813394976,8.099696673392135,17578407.529567722,2748000.0,0.0021152713832354175,17365178.18704602,17365178.18704602,0.9878698145913934,17365178.18704602,0.9878698145913934,17365178.18704602,0.9878698145913934,213229.3425217001,17578407.529567722,0.7068478431988974,58700.0,58700.0,2742187.234238869,0.2111711647722934,0.2111711647722934,0.2111711647722934,True,0.7380939146868483,0.0,0.0,17365178.18704602,CONTINUED_TO_HOUSEHOLD_BATCH,5531285.781690874,True,True,5531285.781690973,2742187.234238882,0.08784757593701036,17578407.529567722,1.0,94.2297407443079,5531285.781690874,0.08784757593700981,0.08784757593700981,0.11224266570897132,0.7068478431988974,0.12657425159466582,0.8,C1_RESIDUAL_LEVEL__NO_C0_ACTION,HJB_CONVERGED,True,26,9.653966515088541e-11,0.7068478431988974,12.801260741746075,0.07463275752477294,0.02,DIAGNOSTIC_ONLY,1.4474099002681484e-17,True,0.17473547998762473,3.215266364485003,7.757124054208475e-09,False,0.012130185408606449,青海,28,False,False,turn_22.one_turn.capital.household_illiquid_return_rah -> steady_state._post_turn_states.rah,0.09,0.02,False,0.2111711647722934,True,False,31,0,30,12,13,23,True,False,1.3,0.8,4.773959005888173e-15,False
7.3306355326275074,11.999668580181055,4.6690330475535475,8.724768731625728,18640640.44456374,3510200.0,0.0020932994290947526,18427372.607126694,18427372.607126694,0.9885589855095755,18427372.607126694,0.9885589855095755,18427372.607126694,0.9885589855095755,213267.83743704503,18640640.44456374,0.6930013830098714,71000.0,71000.0,3502852.1003439915,0.25704566563666087,0.25704566563666087,0.25704566563666087,True,0.7380939146868483,0.0,0.0,18427372.607126694,CONTINUED_TO_HOUSEHOLD_BATCH,5636408.191490789,True,True,5636408.191490893,3502852.1003440083,0.09,18640640.44456374,1.0,79.38603086606744,5636408.191490789,0.11092578858669959,0.09,0.1358629016252013,0.6930013830098714,0.15943851554719574,0.8,C1_RESIDUAL_LEVEL__NO_C0_ACTION,HJB_CONVERGED,True,27,3.0176128262837665e-10,0.6930013830098714,14.142907389606991,0.07895703925417581,0.02,DIAGNOSTIC_ONLY,1.723380349190309e-17,True,0.15120630721124143,3.546009745713727,7.799725754153997e-09,False,0.011441014490424409,宁夏,29,False,True,turn_22.one_turn.capital.household_illiquid_return_rah -> steady_state._post_turn_states.rah,0.09,0.02,False,0.25704566563666087,True,False,31,0,30,12,13,23,True,False,1.3,0.8,4.773959005888173e-15,False
8.182963780430045,10.142528388176654,1.9595646077466085,7.278660293527058,49250553.031937115,12809400.0,3.878987844008197e-05,49040338.37791542,49040338.37791542,0.9957317300805663,49040338.37791542,0.9957317300805663,49040338.37791542,0.9957317300805663,210214.6540216936,49250553.031937115,0.668912539452041,252000.0,252000.0,12808903.12493111,0.4695876658129632,0.4695876658129632,0.4695876658129632,True,0.7380939146868483,0.0,0.0,49040338.37791542,CONTINUED_TO_HOUSEHOLD_BATCH,5159529.30246279,True,True,5159529.302462884,12808903.124931172,0.09,49250553.031937115,1.0,20.474322628820595,5159529.30246279,0.1651188914963965,0.09,0.1901188914963965,0.668912539452041,0.6439620380585392,0.8,C1_RESIDUAL_LEVEL__NO_C0_ACTION,HJB_CONVERGED,True,16,2.6740796243984732e-09,0.668912539452041,10.963186479339283,0.0835319867696535,0.02,DIAGNOSTIC_ONLY,1.616308269950656e-17,True,0.14628383575926474,0.7878897574250692,1.219357792514586e-08,False,0.004268269919433744,新疆,30,False,True,turn_22.one_turn.capital.household_illiquid_return_rah -> steady_state._post_turn_states.rah,0.09,0.02,False,0.4695876658129632,True,False,31,0,30,12,13,23,True,False,1.3,0.8,4.773959005888173e-15,False
7.322074041391084,11.99563532423062,4.673561282839534,9.049757639070824,58719043.066994764,33106000.0,0.0020481212859827513,58510809.39250095,58510809.39250095,0.996453728405345,58510809.39250095,0.996453728405345,58510809.39250095,0.996453728405345,208233.67449381028,58719043.066994764,0.6883177331559382,219200.0,219200.0,33038194.896706253,1.026364744857471,1.026364744857471,1.026364744857471,True,0.7380939146868483,0.0,0.0,58510809.39250095,CONTINUED_TO_HOUSEHOLD_BATCH,5915517.185661425,True,True,5915517.185661325,33038194.896706108,0.09,58719043.066994764,1.0,26.986848474732778,5915517.185661425,0.40633797203054095,0.09,0.431337972030541,0.6883177331559382,1.5192802967190018,1.3,C1_RESIDUAL_LEVEL__NO_C0_ACTION,HJB_CONVERGED,True,25,1.2138654525983839e-09,0.6883177331559382,14.764397243491535,0.07859257477835796,0.02,DIAGNOSTIC_ONLY,1.2088854223213374e-17,True,0.14681733427343324,3.60760019718866,2.7493265442046777e-09,False,0.003546271594655053,北京,0,False,True,turn_23.one_turn.capital.household_illiquid_return_rah -> steady_state._post_turn_states.rah,0.09,0.02,False,1.026364744857471,True,False,31,0,30,12,13,24,False,True,1.3,0.8,4.440892098500626e-15,False
7.308369142075465,11.984120021337066,4.675750879261601,9.212026234679252,64593598.72309723,13362900.0,2.8108901149570542e-05,64388134.38791451,64388134.38791451,0.9968191223396066,64388134.38791451,0.9968191223396066,64388134.38791451,0.9968191223396066,205464.33518271585,64593598.72309723,0.6979253142407655,138300.0,138300.0,13362524.383564828,0.3943630348293412,0.3943630348293412,0.3943630348293412,True,0.7380939146868483,0.0,0.0,64388134.38791451,CONTINUED_TO_HOUSEHOLD_BATCH,5499853.799030589,True,True,5499853.799030496,13362524.383564768,0.09,64593598.72309723,1.0,39.76756181511633,5499853.799030589,0.12499980138328001,0.09,0.14999980138328,0.6979253142407655,0.625119411144926,0.8,C1_RESIDUAL_LEVEL__NO_C0_ACTION,HJB_CONVERGED,True,25,8.814481589070056e-09,0.6979253142407655,14.587141943096423,0.06490309855747681,0.02,DIAGNOSTIC_ONLY,2.918559153908993e-17,True,0.16367380611035565,3.0480771636917043,4.5371948420580566e-09,False,0.0031808776603934035,天津,1,False,True,turn_23.one_turn.capital.household_illiquid_return_rah -> steady_state._post_turn_states.rah,0.09,0.02,False,0.3943630348293412,True,False,31,0,30,12,13,24,True,False,1.3,0.8,4.440892098500626e-15,False
7.316250601587702,11.985257536539702,4.669006934952002,9.03890656206017,113705229.18254791,32494600.0,0.0021132524231846084,113497505.78131607,113497505.78131607,0.99817314117631,113497505.78131607,0.99817314117631,113497505.78131607,0.99817314117631,207723.40123183283,113705229.18254791,0.6805037567573788,742600.0,742600.0,32425930.707809586,0.6175565659297677,0.6175565659297677,0.6175565659297677,True,0.7380939146868483,0.0,0.0,113497505.78131607,CONTINUED_TO_HOUSEHOLD_BATCH,5950312.254619388,True,True,5950312.254619288,32425930.707809445,0.09,113705229.18254791,1.0,8.012809392161847,5950312.254619388,0.18427291893457182,0.09,0.2092729189345718,0.6805037567573788,1.4190172583986078,1.3,C1_RESIDUAL_LEVEL__NO_C0_ACTION,HJB_CONVERGED,True,13,2.9254582312177035e-08,0.6805037567573788,15.065143692740147,0.08640795021977439,0.02,DIAGNOSTIC_ONLY,2.4714262332644446e-17,True,0.13109988365952746,3.983612702594481,1.927702775184059e-09,False,0.0018268588236900131,河北,2,False,True,turn_23.one_turn.capital.household_illiquid_return_rah -> steady_state._post_turn_states.rah,0.09,0.02,False,0.6175565659297677,True,False,31,0,30,12,13,24,False,True,1.3,0.8,4.440892098500626e-15,False
7.318621400564464,11.986185589054443,4.667564188489979,8.939101285380445,53478727.38884524,15958100.0,4.923625160979661e-05,53266829.43896172,53266829.43896172,0.9960377151770496,53266829.43896172,0.9960377151770496,53266829.43896172,0.9960377151770496,211897.94988351778,53478727.38884524,0.6819674690050544,350200.0,350200.0,15957314.282973185,0.541543979367176,0.541543979367176,0.541543979367176,True,0.7380939146868483,0.0,0.0,53266829.43896172,CONTINUED_TO_HOUSEHOLD_BATCH,5493265.807276801,True,True,5493265.807276707,15957314.282973116,0.09,53478727.38884524,1.0,15.68608168839749,5493265.807276801,0.19441424655983053,0.09,0.21941424655983052,0.6819674690050544,0.7579651488346852,0.8,C1_RESIDUAL_LEVEL__NO_C0_ACTION,HJB_CONVERGED,True,13,9.67499720339049e-08,0.6819674690050544,14.867921156092656,0.08643568421810947,0.02,DIAGNOSTIC_ONLY,3.7513395167998453e-17,True,0.13239782271450032,3.959982065131868,5.0442781063253506e-09,False,0.0039622848229502955,山西,3,False,True,turn_23.one_turn.capital.household_illiquid_return_rah -> steady_state._post_turn_states.rah,0.09,0.02,False,0.541543979367176,True,False,31,0,30,12,13,24,True,False,1.3,0.8,4.218847493575595e-15,False
7.328991435489305,12.001912643362765,4.6729212078734585,8.862074422492977,82165502.99427319,16140800.0,4.481142420398321e-05,81961499.33892635,81961499.33892635,0.9975171617295271,81961499.33892635,0.9975171617295271,81961499.33892635,0.9975171617295271,204003.65534684047,82165502.99427319,0.6960763657340672,242200.0,242200.0,16140076.707764208,0.4001484797007443,0.4001484797007443,0.4001484797007443,True,0.7380939146868483,0.0,0.0,81961499.33892635,CONTINUED_TO_HOUSEHOLD_BATCH,5430725.410988387,True,True,5430725.410988293,16140076.707764136,0.09,82165502.99427319,1.0,22.422483117210515,5430725.410988387,0.11720605414389246,0.09,0.14220605414389245,0.6960763657340672,0.7634554931735544,0.8,C1_RESIDUAL_LEVEL__NO_C0_ACTION,HJB_CONVERGED,True,25,2.6087114690653834e-09,0.6960763657340672,14.208784118463544,0.073705711378134,0.02,DIAGNOSTIC_ONLY,1.2286610296936933e-17,True,0.16264200081504235,3.3368833269979774,4.914456397386857e-09,False,0.0024828382704729407,内蒙古,4,False,True,turn_23.one_turn.capital.household_illiquid_return_rah -> steady_state._post_turn_states.rah,0.09,0.02,False,0.4001484797007443,True,False,31,0,30,12,13,24,True,False,1.3,0.8,4.440892098500626e-15,False
7.3343784110815875,11.996943474214193,4.662565063132606,8.437943926296905,90061052.78222083,23510500.0,0.0037308061010148386,89854895.94912705,89854895.94912705,0.9977109213502946,89854895.94912705,0.9977109213502946,89854895.94912705,0.9977109213502946,206156.8330937804,90061052.78222083,0.6936994465488642,429100.0,429100.0,23598213.11683791,0.5406300280912503,0.5406300280912503,0.5406300280912503,True,0.7380939146868483,0.0,0.0,89854895.94912705,CONTINUED_TO_HOUSEHOLD_BATCH,5668957.563228589,True,True,5668957.563228483,23598213.116837796,0.09,90061052.78222083,1.0,13.211273743250032,5668957.563228589,0.16660041911566414,0.09,0.19160041911566414,0.6936994465488642,1.0801006630948509,1.0801006630948509,C1_RESIDUAL_LEVEL__NO_C0_ACTION,HJB_CONVERGED,True,15,9.504106524005351e-08,0.6936994465488642,13.728680227657527,0.08254872517025602,0.02,DIAGNOSTIC_ONLY,1.7618285302889447e-17,True,0.1476614454750636,3.6485719482239776,2.3990160968878627e-09,False,0.0022890786497054847,辽宁,5,False,True,turn_23.one_turn.capital.household_illiquid_return_rah -> steady_state._post_turn_states.rah,0.09,0.02,False,0.5406300280912503,True,False,31,0,30,12,13,24,False,False,1.3,0.8,4.884981308350689e-15,False
7.349657793634378,12.010628437772025,4.660970644137647,8.125122814288842,66308917.7271201,11253800.0,0.007556323724975278,66101646.39901452,66101646.39901452,0.9968741560681391,66101646.39901452,0.9968741560681391,66101646.39901452,0.9968741560681391,207271.32810558064,66308917.7271201,0.7034096107726321,248400.0,248400.0,11168762.644063873,0.3250442085976263,0.3250442085976263,0.3250442085976263,True,0.7380939146868483,0.0,0.0,66101646.39901452,CONTINUED_TO_HOUSEHOLD_BATCH,5388290.3464544425,True,True,5388290.34645435,11168762.644063823,0.09,66308917.7271201,1.0,21.691990122602427,5388290.3464544425,0.09684133824318783,0.09,0.12142006770937078,0.7034096107726321,0.5302069122308543,0.8,C1_RESIDUAL_LEVEL__NO_C0_ACTION,HJB_CONVERGED,True,25,4.862233460301013e-08,0.7034096107726321,12.964826159584709,0.07865644460850069,0.02,DIAGNOSTIC_ONLY,2.0711154945649644e-17,True,0.16278330411335182,3.378079692248723,3.585731711552853e-09,False,0.003125843931860879,吉林,6,False,True,turn_23.one_turn.capital.household_illiquid_return_rah -> steady_state._post_turn_states.rah,0.09,0.02,False,0.3250442085976263,True,False,31,0,30,12,13,24,True,False,1.3,0.8,4.440892098500626e-15,False
7.360661035489134,12.00719250551491,4.646531470025776,7.517194169188303,58424879.89838116,12846500.0,3.977548672207121e-05,58214346.643553525,58214346.643553525,0.9963965136908486,58214346.643553525,0.9963965136908486,58214346.643553525,0.9963965136908486,210533.25482763184,58424879.89838116,0.7073780855766673,332700.0,332700.0,12845989.024209825,0.41270310471903765,0.41270310471903765,0.41270310471903765,True,0.7380939146868483,0.0,0.0,58214346.643553525,CONTINUED_TO_HOUSEHOLD_BATCH,5277794.682513254,True,True,5277794.682513164,12845989.02420977,0.09,58424879.89838116,1.0,15.863524744554415,5277794.682513254,0.13474305493254551,0.09,0.1597430549325455,0.7073780855766673,0.627482021813597,0.8,C1_RESIDUAL_LEVEL__NO_C0_ACTION,HJB_CONVERGED,True,26,2.027930445791526e-08,0.7073780855766673,12.026511476972063,0.08488047609984661,0.02,DIAGNOSTIC_ONLY,1.096910095289773e-17,True,0.15883601078482526,3.5086499514199274,5.016488557885168e-09,False,0.0036034863091514084,黑龙江,7,False,True,turn_23.one_turn.capital.household_illiquid_return_rah -> steady_state._post_turn_states.rah,0.09,0.02,False,0.41270310471903765,True,False,31,0,30,12,13,24,True,False,1.3,0.8,4.440892098500626e-15,False
7.321981096975341,11.99552371054188,4.673542613566539,9.050755312890189,66125294.30800852,36011800.0,0.0020662810694526135,65917973.06089598,65917973.06089598,0.9968647209924413,65917973.06089598,0.9968647209924413,65917973.06089598,0.9968647209924413,207321.24711254117,66125294.30800852,0.6882479251600937,247500.0,247500.0,35937389.499383084,1.0227253445056632,1.0227253445056632,1.0227253445056632,True,0.7380939146868483,0.0,0.0,65917973.06089598,CONTINUED_TO_HOUSEHOLD_BATCH,5915291.248136807,True,True,5915291.248136706,35937389.49938292,0.09,66125294.30800852,1.0,23.900166659138616,5915291.248136807,0.3903561961724514,0.09,0.4153561961724514,0.6882479251600937,1.6475786039327234,1.3,C1_RESIDUAL_LEVEL__NO_C0_ACTION,HJB_CONVERGED,True,25,2.692645661994675e-09,0.6882479251600937,14.768471514782469,0.07864081161682361,0.02,DIAGNOSTIC_ONLY,1.8404331877941438e-17,True,0.14668890042070976,3.610266486072105,2.6410004183574642e-09,False,0.003135279007558719,上海,8,False,True,turn_23.one_turn.capital.household_illiquid_return_rah -> steady_state._post_turn_states.rah,0.09,0.02,False,1.0227253445056632,True,False,31,0,30,12,13,24,False,True,1.3,0.8,4.6629367034256575e-15,False
7.3129704667647415,11.988910715958493,4.675940249193752,9.32023257743802,203535217.25929242,93207600.0,0.002181966928653356,203343357.86904544,203343357.86904544,0.9990573651438288,203343357.86904544,0.9990573651438288,203343357.86904544,0.9990573651438288,191859.39024699674,203535217.25929242,0.6822544280356417,844600.0,844600.0,93004224.09930085,1.1603289174497986,1.1603289174497986,1.1603289174497986,True,0.7380939146868483,0.0,0.0,203343357.86904544,CONTINUED_TO_HOUSEHOLD_BATCH,5799097.864735554,True,True,5799097.864735452,93004224.09930041,0.09,203535217.25929242,1.0,6.866087928884151,5799097.864735554,0.3194411839214069,0.09,0.34444118392140693,0.6822544280356417,4.2897122890418915,1.3,C1_RESIDUAL_LEVEL__NO_C0_ACTION,HJB_CONVERGED,True,15,6.95132840178303e-10,0.6822544280356417,15.37821115917316,0.08042887556155788,0.02,DIAGNOSTIC_ONLY,1.307411043080888e-17,True,0.1387205488190881,3.7643048866606392,1.8114549860115403e-09,False,0.0009426348561712475,江苏,9,False,True,turn_23.one_turn.capital.household_illiquid_return_rah -> steady_state._post_turn_states.rah,0.09,0.02,False,1.1603289174497986,True,False,31,0,30,12,13,24,False,True,1.3,0.8,4.6629367034256575e-15,False
7.316058077364417,11.987520650555311,4.671462573190894,9.103552980427736,124249656.20818298,58002800.0,0.0021451654412842913,124046336.28831807,124046336.28831807,0.9983636178475678,124046336.28831807,0.9983636178475678,124046336.28831807,0.9983636178475678,203319.91986491124,124249656.20818298,0.6824624563459218,627300.0,627300.0,57878374.397942275,1.0369336001179625,1.0369336001179625,1.0369336001179625,True,0.7380939146868483,0.0,0.0,124046336.28831807,CONTINUED_TO_HOUSEHOLD_BATCH,5852883.334764164,True,True,5852883.334764062,57878374.397942014,0.09,124249656.20818298,1.0,9.33027791290318,5852883.334764164,0.32662839261176335,0.09,0.3516283926117634,0.6824624563459218,2.648763774494869,1.3,C1_RESIDUAL_LEVEL__NO_C0_ACTION,HJB_CONVERGED,True,18,6.720934919712818e-11,0.6824624563459218,15.071920446410745,0.08335289970218862,0.02,DIAGNOSTIC_ONLY,1.9678269430611905e-17,True,0.1358685140315885,3.8547562793230448,1.997785825658127e-09,False,0.0016363821524322316,浙江,10,False,True,turn_23.one_turn.capital.household_illiquid_return_rah -> steady_state._post_turn_states.rah,0.09,0.02,False,1.0369336001179625,True,False,31,0,30,12,13,24,False,True,1.3,0.8,4.440892098500626e-15,False
7.314684760281114,11.983278641537485,4.66859388125637,9.092751623873763,70182433.35888097,34010900.0,0.0021098769767036174,69968726.4804038,69968726.4804038,0.996954980495128,69968726.4804038,0.996954980495128,69968726.4804038,0.996954980495128,213706.87847717333,70182433.35888097,0.677436205842791,607600.0,607600.0,33939141.18513303,0.9221011048681041,0.9221011048681041,0.9221011048681041,True,0.7380939146868483,0.0,0.0,69968726.4804038,CONTINUED_TO_HOUSEHOLD_BATCH,5969997.026943508,True,True,5969997.026943404,33939141.185132876,0.09,70182433.35888097,1.0,9.825538227359296,5969997.026943508,0.3410662751026839,0.09,0.3660662751026839,0.677436205842791,1.52703148536272,1.3,C1_RESIDUAL_LEVEL__NO_C0_ACTION,HJB_CONVERGED,True,14,1.4083756383342916e-10,0.677436205842791,15.269964772028326,0.08895775431924248,0.02,DIAGNOSTIC_ONLY,2.211772431870429e-17,True,0.12611155334318175,4.115122548219552,2.113035302286903e-09,False,0.003045019504872021,安徽,11,False,True,turn_23.one_turn.capital.household_illiquid_return_rah -> steady_state._post_turn_states.rah,0.09,0.02,False,0.9221011048681041,True,False,31,0,30,12,13,24,False,True,1.3,0.8,4.6629367034256575e-15,False
7.322335328623344,11.991430474680282,4.6690951460569385,8.886944691064457,87795538.11850408,38687800.0,0.0021015598012256165,87589287.31244677,87589287.31244677,0.9976507825969594,87589287.31244677,0.9976507825969594,87589287.31244677,0.9976507825969594,206250.8060572998,87795538.11850408,0.6868394257707546,410400.0,410400.0,38606495.274722144,0.8921644600055767,0.8921644600055767,0.8921644600055767,True,0.7380939146868483,0.0,0.0,87589287.31244677,CONTINUED_TO_HOUSEHOLD_BATCH,5892713.621327766,True,True,5892713.621327664,38606495.274721965,0.09,87795538.11850408,1.0,14.358463989590074,5892713.621327766,0.3055660203507678,0.09,0.3305660203507678,0.6868394257707546,1.747629164163653,1.3,C1_RESIDUAL_LEVEL__NO_C0_ACTION,HJB_CONVERGED,True,15,6.802132190841803e-09,0.6868394257707546,14.59959510337412,0.08227335879717018,0.02,DIAGNOSTIC_ONLY,2.1385887852276575e-17,True,0.14117837999661703,3.7491983149212262,2.2933139831593508e-09,False,0.0023492174030405504,福建,12,False,True,turn_23.one_turn.capital.household_illiquid_return_rah -> steady_state._post_turn_states.rah,0.09,0.02,False,0.8921644600055767,True,False,31,0,30,12,13,24,False,True,1.3,0.8,4.6629367034256575e-15,False
7.31789331658171,11.984333561364302,4.666440244782592,8.950563321461793,51050047.92908307,22716500.0,0.002307462108190217,50835646.8284927,50835646.8284927,0.9958001782703866,50835646.8284927,0.9958001782703866,50835646.8284927,0.9958001782703866,214401.10059037418,51050047.92908307,0.6793848587920632,451300.0,451300.0,22768917.462980703,0.7893560257063097,0.7893560257063097,0.7893560257063097,True,0.7380939146868483,0.0,0.0,50835646.8284927,CONTINUED_TO_HOUSEHOLD_BATCH,5772603.381178189,True,True,5772603.381178082,22768917.46298059,0.09,51050047.92908307,1.0,12.791055575400375,5772603.381178189,0.310619561711529,0.09,0.335619561711529,0.6793848587920632,1.0531874253914386,1.0531874253914386,C1_RESIDUAL_LEVEL__NO_C0_ACTION,HJB_CONVERGED,True,14,4.388183150183522e-10,0.6793848587920632,14.992371132002397,0.08911958485106085,0.02,DIAGNOSTIC_ONLY,1.626059471670578e-17,True,0.1276641446647568,4.0868333332531765,1.5570890132821091e-09,False,0.004199821729613509,江西,13,False,True,turn_23.one_turn.capital.household_illiquid_return_rah -> steady_state._post_turn_states.rah,0.09,0.02,False,0.7893560257063097,True,False,31,0,30,12,13,24,False,False,1.3,0.8,4.884981308350689e-15,False
7.312388456646831,11.986511753101844,4.674123296455012,9.273206791321822,210016973.07581103,66648899.99999999,0.002168884717848707,209823149.66501826,209823149.66501826,0.9990771059693219,209823149.66501826,0.9990771059693219,209823149.66501826,0.9990771059693219,193823.41079277266,210016973.07581103,0.6806621135561666,1007700.0,1007700.0,66504346.21932857,0.8090038132922267,0.8090038132922267,0.8090038132922267,True,0.7380939146868483,0.0,0.0,209823149.66501826,CONTINUED_TO_HOUSEHOLD_BATCH,5846649.340911392,True,True,5846649.3409112925,66504346.21932827,0.09,210016973.07581103,1.0,5.801974140033137,5846649.340911392,0.2085119377635753,0.09,0.2335119377635753,0.6806621135561666,2.9763938585980636,1.3,C1_RESIDUAL_LEVEL__NO_C0_ACTION,HJB_CONVERGED,True,16,5.6218141253339127e-11,0.6806621135561666,15.379432436922702,0.08264892144596599,0.02,DIAGNOSTIC_ONLY,1.2874900798265365e-17,True,0.13489232201897386,3.861965027564701,1.7137872232453333e-09,False,0.0009228940306782114,山东,14,False,True,turn_23.one_turn.capital.household_illiquid_return_rah -> steady_state._post_turn_states.rah,0.09,0.02,False,0.8090038132922267,True,False,31,0,30,12,13,24,False,True,1.3,0.8,4.440892098500626e-15,False
7.311032040585658,11.983963375305887,4.6729313347202295,9.279353694681733,168320556.01470312,49935900.0,0.0021550172502876608,168118845.78268713,168118845.78268713,0.9988016304318863,168118845.78268713,0.9988016304318863,168118845.78268713,0.9988016304318863,201710.2320160091,168320556.01470312,0.6780916213875715,986400.0,986400.0,49828287.27409136,0.7116861984516236,0.7116861984516236,0.7116861984516236,True,0.7380939146868483,0.0,0.0,168118845.78268713,CONTINUED_TO_HOUSEHOLD_BATCH,5910294.631924346,True,True,5910294.631924245,49828287.27409115,0.09,168320556.01470312,1.0,5.991782879079832,5910294.631924346,0.19260408504732165,0.09,0.21760408504732165,0.6780916213875715,2.199019266265274,1.3,C1_RESIDUAL_LEVEL__NO_C0_ACTION,HJB_CONVERGED,True,13,3.849175644887737e-09,0.6780916213875715,15.496884274420946,0.08521799176891924,0.02,DIAGNOSTIC_ONLY,5.800214665209159e-17,True,0.1300403545135565,3.9867063511922747,1.7290779918965882e-09,False,0.0011983695681137682,河南,15,False,True,turn_23.one_turn.capital.household_illiquid_return_rah -> steady_state._post_turn_states.rah,0.09,0.02,False,0.7116861984516236,True,False,31,0,30,12,13,24,False,True,1.3,0.8,4.440892098500626e-15,False
7.312093316296963,11.984455727822835,4.672362411525873,9.234627885987885,101805153.6623069,42022000.0,0.0021227849017101397,101598064.76999205,101598064.76999205,0.9979658309538849,101598064.76999205,0.9979658309538849,101598064.76999205,0.9979658309538849,207088.8923148457,101805153.6623069,0.6788282007741819,591700.0,591700.0,41932796.332860336,0.8668910887321597,0.8668910887321597,0.8668910887321597,True,0.7380939146868483,0.0,0.0,101598064.76999205,CONTINUED_TO_HOUSEHOLD_BATCH,5940379.289794154,True,True,5940379.289794053,41932796.33286014,0.09,101805153.6623069,1.0,10.039512066577919,5940379.289794154,0.2832831951946126,0.09,0.3082831951946126,0.6788282007741819,1.8747329153804506,1.3,C1_RESIDUAL_LEVEL__NO_C0_ACTION,HJB_CONVERGED,True,13,3.0630178393664664e-09,0.6788282007741819,15.403934352571214,0.08512191332374468,0.02,DIAGNOSTIC_ONLY,8.774171579737546e-18,True,0.13079471082305016,3.971279214573296,2.0681862888949354e-09,False,0.0020341690461149987,湖北,16,False,True,turn_23.one_turn.capital.household_illiquid_return_rah -> steady_state._post_turn_states.rah,0.09,0.02,False,0.8668910887321597,True,False,31,0,30,12,13,24,False,True,1.3,0.8,4.6629367034256575e-15,False
7.315635939641875,11.984520319262344,4.66888437962047,9.05678081015638,93791807.14892803,36329700.0,0.0021219650565040826,93581691.74507101,93581691.74507101,0.9977597680411106,93581691.74507101,0.9977597680411106,93581691.74507101,0.9977597680411106,210115.40385701862,93791807.14892803,0.6795139938218557,663500.0,663500.0,36252609.64608672,0.7959373284760574,0.7959373284760574,0.7959373284760574,True,0.7380939146868483,0.0,0.0,93581691.74507101,CONTINUED_TO_HOUSEHOLD_BATCH,5948262.5557977855,True,True,5948262.555797681,36252609.64608656,0.09,93791807.14892803,1.0,8.964977476711056,5948262.5557977855,0.2631454730018113,0.09,0.2881454730018113,0.6795139938218557,1.6122060224694243,1.3,C1_RESIDUAL_LEVEL__NO_C0_ACTION,HJB_CONVERGED,True,13,5.134087777136642e-08,0.6795139938218557,15.131457580955214,0.08720574020433906,0.02,DIAGNOSTIC_ONLY,1.1387915677816798e-17,True,0.12947834762099175,4.025185689297895,2.011452004957448e-09,False,0.002240231958889387,湖南,17,False,True,turn_23.one_turn.capital.household_illiquid_return_rah -> steady_state._post_turn_states.rah,0.09,0.02,False,0.7959373284760574,True,False,31,0,30,12,13,24,False,True,1.3,0.8,4.440892098500626e-15,False
7.321941378085375,11.9876458928467,4.665704514761326,8.805599482717923,191259406.86816654,99945200.0,0.002204638187723207,191057332.50787243,191057332.50787243,0.9989434540052015,191057332.50787243,0.9989434540052015,191057332.50787243,0.9989434540052015,202074.36029409795,191259406.86816654,0.6841310149732454,1234800.0,1234800.0,99724856.99540037,1.30644139756687,1.30644139756687,1.30644139756687,True,0.7380939146868483,0.0,0.0,191057332.50787243,CONTINUED_TO_HOUSEHOLD_BATCH,5734851.855630036,True,True,5734851.855629937,99724856.9953999,0.09,191259406.86816654,1.0,4.644356863969903,5734851.855630036,0.3720884977176858,0.09,0.39708849771768584,0.6841310149732454,4.699177749341796,1.3,C1_RESIDUAL_LEVEL__NO_C0_ACTION,HJB_CONVERGED,True,13,1.146080608194211e-08,0.6841310149732454,14.59753847466503,0.08628759033590613,0.02,DIAGNOSTIC_ONLY,2.7077949257825473e-17,True,0.13451744701512178,3.9194076430065112,1.6384326118057402e-09,False,0.0010565459947984993,广东,18,False,True,turn_23.one_turn.capital.household_illiquid_return_rah -> steady_state._post_turn_states.rah,0.09,0.02,False,1.30644139756687,True,False,31,0,30,12,13,24,False,True,1.3,0.8,4.6629367034256575e-15,False
7.331588070022679,11.990666606618761,4.659078536596082,8.40999229585726,67306708.83876626,19627800.0,0.005297792439400206,67094689.937517986,67094689.937517986,0.9968499588687931,67094689.937517986,0.9968499588687931,67094689.937517986,0.9968499588687931,212018.90124827376,67306708.83876626,0.6891573470613621,494700.0,494700.0,19523815.98955794,0.5577680812178123,0.5577680812178123,0.5577680812178123,True,0.7380939146868483,0.0,0.0,67094689.937517986,CONTINUED_TO_HOUSEHOLD_BATCH,5544997.934556136,True,True,5544997.934556031,19523815.989557844,0.09,67306708.83876626,1.0,11.20880924713187,5544997.934556136,0.18802728736324917,0.09,0.21302728736324916,0.6891573470613621,0.9175424541835125,0.9175424541835125,C1_RESIDUAL_LEVEL__NO_C0_ACTION,HJB_CONVERGED,True,13,1.8952956981621583e-08,0.6891573470613621,13.863648010722322,0.0875653922861688,0.02,DIAGNOSTIC_ONLY,1.0408340855860843e-17,True,0.13792539518080646,3.8759869681979544,3.325386632724303e-10,False,0.0031500411312067964,广西,19,False,True,turn_23.one_turn.capital.household_illiquid_return_rah -> steady_state._post_turn_states.rah,0.09,0.02,False,0.5577680812178123,True,False,31,0,30,12,13,24,False,False,1.3,0.8,4.884981308350689e-15,False
7.343200480783102,11.996588375458618,4.653387894675516,8.013400614063807,14673330.466888333,4910700.0,0.0020759723184636814,14458727.729779003,14458727.729779003,0.9853746402295239,14458727.729779003,0.9853746402295239,14458727.729779003,0.9853746402295239,214602.7371093304,14673330.466888333,0.6966386366641424,98200.0,98200.0,4900505.5227357205,0.43124462072637787,0.43124462072637787,0.43124462072637787,True,0.7380939146868483,0.0,0.0,14458727.729779003,CONTINUED_TO_HOUSEHOLD_BATCH,5529281.805336214,True,True,5529281.80533612,4900505.522735699,0.09,14673330.466888333,1.0,56.30633202990034,5529281.805336214,0.22194002673104374,0.09,0.24694002673104373,0.6966386366641424,0.23253344685965435,0.8,C1_RESIDUAL_LEVEL__NO_C0_ACTION,HJB_CONVERGED,True,14,8.445192101191878e-09,0.6966386366641424,13.052721308411856,0.08665869422936799,0.02,DIAGNOSTIC_ONLY,3.7161029461940664e-17,True,0.14601881243225606,3.728066501300418,3.2735248955972907e-09,False,0.014625359770476134,海南,20,False,True,turn_23.one_turn.capital.household_illiquid_return_rah -> steady_state._post_turn_states.rah,0.09,0.02,False,0.43124462072637787,True,False,31,0,30,12,13,24,True,False,1.3,0.8,4.440892098500626e-15,False
7.320881523077932,11.987478454476676,4.666596931398743,8.854154693429924,50663834.63130832,21588800.0,0.0006982162422539684,50452053.300357655,50452053.300357655,0.9958198716600937,50452053.300357655,0.9958198716600937,50452053.300357655,0.9958198716600937,211781.33095066372,50663834.63130832,0.6837267291388559,316300.0,316300.0,21603873.65081077,0.7557652302563093,0.7557652302563093,0.7557652302563093,True,0.7380939146868483,0.0,0.0,50452053.300357655,CONTINUED_TO_HOUSEHOLD_BATCH,5697456.550543958,True,True,5697456.55054385,21603873.650810663,0.09,50663834.63130832,1.0,18.012825009623644,5697456.550543958,0.2948835224605379,0.09,0.3198835224605379,0.6837267291388559,1.0093525156758325,1.0093525156758325,C1_RESIDUAL_LEVEL__NO_C0_ACTION,HJB_CONVERGED,True,13,8.974003318229506e-09,0.6837267291388559,14.679935429776375,0.08592876222655299,0.02,DIAGNOSTIC_ONLY,2.965523013379156e-17,True,0.13449282023422482,3.914939453855588,1.7575857436114006e-09,False,0.00418012833990641,重庆,21,False,True,turn_23.one_turn.capital.household_illiquid_return_rah -> steady_state._post_turn_states.rah,0.09,0.02,False,0.7557652302563093,True,False,31,0,30,12,13,24,False,False,1.3,0.8,5.10702591327572e-15,False
7.321783924835934,11.98577473630922,4.663990811473288,8.782974903762344,94830047.41899477,42902100.0,0.00214329623268239,94616775.91479854,94616775.91479854,0.9977510134182058,94616775.91479854,0.9977510134182058,94616775.91479854,0.9977510134182058,213271.50419623085,94830047.41899477,0.6819619465079949,832100.0,832100.0,42810148.090695836,0.9358547875920058,0.9358547875920058,0.9358547875920058,True,0.7380939146868483,0.0,0.0,94616775.91479854,CONTINUED_TO_HOUSEHOLD_BATCH,5862546.456966766,True,True,5862546.456966663,42810148.090695634,0.09,94830047.41899477,1.0,7.045483063293794,5862546.456966766,0.31499658046992157,0.09,0.3399965804699216,0.6819619465079949,1.9514983306597549,1.3,C1_RESIDUAL_LEVEL__NO_C0_ACTION,HJB_CONVERGED,True,14,1.6719758910710425e-09,0.6819619465079949,14.656386812495153,0.08906223525666729,0.02,DIAGNOSTIC_ONLY,1.2309420004441667e-17,True,0.1299715442325336,4.041249940769904,1.871701571509732e-09,False,0.002248986581794241,四川,22,False,True,turn_23.one_turn.capital.household_illiquid_return_rah -> steady_state._post_turn_states.rah,0.09,0.02,False,0.9358547875920058,True,False,31,0,30,12,13,24,False,True,1.3,0.8,4.6629367034256575e-15,False
7.3264648078635295,11.987109595488201,4.660644787624672,8.587195902355457,39447014.665611394,15353200.0,4.987852289706218e-05,39231679.43743419,39231679.43743419,0.9945411527335445,39231679.43743419,0.9945411527335445,39231679.43743419,0.9945411527335445,215335.2281772025,39447014.665611394,0.6843341640563819,382200.0,382200.0,15352434.205062257,0.6531605820813702,0.6531605820813702,0.6531605820813702,True,0.7380939146868483,0.0,0.0,39231679.43743419,CONTINUED_TO_HOUSEHOLD_BATCH,5463539.527928421,True,True,5463539.527928328,15352434.20506219,0.09,39447014.665611394,1.0,14.294975216976507,5463539.527928421,0.2652565603006195,0.09,0.2902565603006195,0.6843341640563819,0.7436285597546537,0.8,C1_RESIDUAL_LEVEL__NO_C0_ACTION,HJB_CONVERGED,True,14,2.0419612667410547e-09,0.6843341640563819,14.29424557919064,0.08979022288591987,0.02,DIAGNOSTIC_ONLY,1.2352659951042058e-17,True,0.1314237011856634,4.023566582331837,5.026703719934744e-09,False,0.005458847266455492,贵州,23,False,True,turn_23.one_turn.capital.household_illiquid_return_rah -> steady_state._post_turn_states.rah,0.09,0.02,False,0.6531605820813702,True,False,31,0,30,12,13,24,True,False,1.3,0.8,4.440892098500626e-15,False
7.334525095018014,11.992485151912089,4.657960056894074,8.312870647709946,68611984.86091176,20880600.0,0.0019205278652477675,68400716.53079028,68400716.53079028,0.9969208246846415,68400716.53079028,0.9969208246846415,68400716.53079028,0.9969208246846415,211268.33012146538,68611984.86091176,0.6913700767649364,470300.0,470300.0,20840498.225856908,0.5861329189742354,0.5861329189742354,0.5861329189742354,True,0.7380939146868483,0.0,0.0,68400716.53079028,CONTINUED_TO_HOUSEHOLD_BATCH,5576483.265634669,True,True,5576483.265634563,20840498.225856803,0.09,68611984.86091176,1.0,11.857289529310375,5576483.265634669,0.1985391965853925,0.09,0.2235391965853925,0.6913700767649364,0.9759492396869103,0.9759492396869103,C1_RESIDUAL_LEVEL__NO_C0_ACTION,HJB_CONVERGED,True,14,1.4588610319776762e-09,0.6913700767649364,13.648197400909355,0.08689841177987416,0.02,DIAGNOSTIC_ONLY,2.5343225781848666e-17,True,0.14068058146693221,3.8196952774957307,9.127787414797695e-10,False,0.0030791753153584242,云南,24,False,True,turn_23.one_turn.capital.household_illiquid_return_rah -> steady_state._post_turn_states.rah,0.09,0.02,False,0.5861329189742354,True,False,31,0,30,12,13,24,False,False,1.3,0.8,5.10702591327572e-15,False
8.171324622683766,10.127062629897722,1.9557380072139563,7.603047014982601,6325734.326183821,1548400.0,0.002166025576413322,6110781.991678673,6110781.991678673,0.9660193863002741,6110781.991678673,0.9660193863002741,6110781.991678673,0.9660193863002741,214952.33450514823,6325734.326183821,0.6622438472107193,35400.0,35400.0,1545046.1259974816,0.2539305050273779,0.2539305050273779,0.2539305050273779,True,0.7380939146868483,0.0,0.0,6110781.991678673,CONTINUED_TO_HOUSEHOLD_BATCH,5453102.48680126,True,True,5453102.486801165,1545046.1259974744,0.09,6325734.326183821,1.0,154.0424431299791,5453102.48680126,0.15311518140033079,0.09,0.17811518140033078,0.6622438472107193,0.07331657863330672,0.8,C1_RESIDUAL_LEVEL__NO_C0_ACTION,HJB_CONVERGED,True,16,2.716135760749694e-09,0.6622438472107193,11.590655576051152,0.08467081232162281,0.02,DIAGNOSTIC_ONLY,2.3730475050276478e-17,True,0.0006551466681943971,0.8070174229629868,4.146502474711156e-09,False,0.03398061369972588,西藏,25,False,True,turn_23.one_turn.capital.household_illiquid_return_rah -> steady_state._post_turn_states.rah,0.09,0.02,False,0.2539305050273779,True,False,31,0,30,12,13,24,True,False,1.3,0.8,4.6629367034256575e-15,False
7.316235364017406,11.987012937955008,4.6707775739376025,9.080101983976848,73897910.2910824,23941900.0,0.004298391906004673,73689226.08368091,73689226.08368091,0.9971760472443743,73689226.08368091,0.9971760472443743,73689226.08368091,0.9971760472443743,208684.2074014911,73897910.2910824,0.6821367601575948,393100.0,393100.0,24044811.669174373,0.6338518706666324,0.6338518706666324,0.6338518706666324,True,0.7380939146868483,0.0,0.0,73689226.08368091,CONTINUED_TO_HOUSEHOLD_BATCH,5792923.738275364,True,True,5792923.738275253,24044811.669174254,0.09,73897910.2910824,1.0,14.736514215912909,5792923.738275364,0.2152643438433195,0.09,0.2402643438433195,0.6821367601575948,1.0875710418591324,1.0875710418591324,C1_RESIDUAL_LEVEL__NO_C0_ACTION,HJB_CONVERGED,True,25,4.310862777856528e-11,0.6821367601575948,15.053260555243387,0.08403885747822573,0.02,DIAGNOSTIC_ONLY,1.1201638233328546e-17,True,0.13487640729032735,3.881882181667853,2.5475050957624035e-09,False,0.002823952755625811,陕西,26,False,True,turn_23.one_turn.capital.household_illiquid_return_rah -> steady_state._post_turn_states.rah,0.09,0.02,False,0.6338518706666324,True,False,31,0,30,12,13,24,False,False,1.3,0.8,4.884981308350689e-15,False
7.328895705727488,11.987897735910185,4.6590020301826955,8.488176820745702,25177704.67938732,8104100.0,0.006066638285552761,24962132.869681112,24962132.869681112,0.9914379879956773,24962132.869681112,0.9914379879956773,24962132.869681112,0.9914379879956773,215571.80970620623,25177704.67938732,0.6857072746586215,251500.0,251500.0,8153264.643329947,0.4815843645010798,0.4815843645010798,0.4815843645010798,True,0.7380939146868483,0.0,0.0,24962132.869681112,CONTINUED_TO_HOUSEHOLD_BATCH,5532599.009144379,True,True,5532599.009144283,8153264.64332991,0.09,25177704.67938732,1.0,21.998405602959757,5532599.009144379,0.2140623214392062,0.09,0.2390623214392062,0.6857072746586215,0.3860397605193914,0.8,C1_RESIDUAL_LEVEL__NO_C0_ACTION,HJB_CONVERGED,True,13,2.0505398268255703e-08,0.6857072746586215,14.105439715807133,0.09,0.02,DIAGNOSTIC_ONLY,2.1419315413714822e-17,True,0.1324567082157601,4.006884718062292,3.0626712277381785e-10,False,0.008562012004322708,甘肃,27,False,True,turn_23.one_turn.capital.household_illiquid_return_rah -> steady_state._post_turn_states.rah,0.09,0.02,False,0.4815843645010798,True,False,31,0,30,12,13,24,True,False,1.3,0.8,4.6629367034256575e-15,False
7.3454002737759465,12.005988087170781,4.660587813394835,8.099696673391835,17578407.529567722,2748000.0,0.0021152713832309766,17365178.187046025,17365178.187046025,0.9878698145913937,17365178.187046025,0.9878698145913937,17365178.187046025,0.9878698145913937,213229.3425216956,17578407.529567722,0.7068478431989004,58700.0,58700.0,2742187.234238881,0.2111711647722934,0.2111711647722934,0.2111711647722934,True,0.7380939146868483,0.0,0.0,17365178.187046025,CONTINUED_TO_HOUSEHOLD_BATCH,5531285.781690967,True,True,5531285.781690874,2742187.234238869,0.08784757593700981,17578407.529567722,1.0,94.2297407443095,5531285.781690967,0.0878475759370103,0.0878475759370103,0.1122426657089718,0.7068478431989004,0.1265742515946642,0.8,C1_RESIDUAL_LEVEL__NO_C0_ACTION,HJB_CONVERGED,True,26,9.653255972352781e-11,0.7068478431989004,12.801260741746091,0.07463275752477201,0.02,DIAGNOSTIC_ONLY,1.5833583134513165e-17,True,0.1747354799881405,3.2152663644877495,3.102866519277825e-09,False,0.012130185408606192,青海,28,False,False,turn_23.one_turn.capital.household_illiquid_return_rah -> steady_state._post_turn_states.rah,0.09,0.02,False,0.2111711647722934,True,False,31,0,30,12,13,24,True,False,1.3,0.8,4.440892098500626e-15,False
7.330635532628271,11.999668580181845,4.669033047553574,8.72476873162616,18640640.44456374,3510200.0,0.0020932994290903117,18427372.607126698,18427372.607126698,0.9885589855095758,18427372.607126698,0.9885589855095758,18427372.607126698,0.9885589855095758,213267.83743704003,18640640.44456374,0.6930013830098878,71000.0,71000.0,3502852.1003440074,0.25704566563666087,0.25704566563666087,0.25704566563666087,True,0.7380939146868483,0.0,0.0,18427372.607126698,CONTINUED_TO_HOUSEHOLD_BATCH,5636408.191490887,True,True,5636408.191490789,3502852.1003439915,0.09,18640640.44456374,1.0,79.38603086606882,5636408.191490887,0.1109257885867002,0.09,0.13586290162520187,0.6930013830098878,0.15943851554719365,0.8,C1_RESIDUAL_LEVEL__NO_C0_ACTION,HJB_CONVERGED,True,27,3.0176305898521605e-10,0.6930013830098878,14.142907389607013,0.07895703925417581,0.02,DIAGNOSTIC_ONLY,1.9481757786848908e-17,True,0.15120630721107028,3.5460097457123747,3.1199076655497038e-09,False,0.01144101449042414,宁夏,29,False,True,turn_23.one_turn.capital.household_illiquid_return_rah -> steady_state._post_turn_states.rah,0.09,0.02,False,0.25704566563666087,True,False,31,0,30,12,13,24,True,False,1.3,0.8,4.440892098500626e-15,False
8.18296378043099,10.142528388176869,1.9595646077458788,7.278660293527048,49250553.031937115,12809400.0,3.8789878435530056e-05,49040338.37791543,49040338.37791543,0.9957317300805664,49040338.37791543,0.9957317300805664,49040338.37791543,0.9957317300805664,210214.6540216882,49250553.031937115,0.6689125394520459,252000.0,252000.0,12808903.124931168,0.4695876658129632,0.4695876658129632,0.4695876658129632,True,0.7380939146868483,0.0,0.0,49040338.37791543,CONTINUED_TO_HOUSEHOLD_BATCH,5159529.302462879,True,True,5159529.30246279,12808903.12493111,0.09,49250553.031937115,1.0,20.474322628820946,5159529.302462879,0.16511889149639733,0.09,0.19011889149639732,0.6689125394520459,0.6439620380585308,0.8,C1_RESIDUAL_LEVEL__NO_C0_ACTION,HJB_CONVERGED,True,16,2.674082733022942e-09,0.6689125394520459,10.9631864793393,0.0835319867696535,0.02,DIAGNOSTIC_ONLY,1.2441219929271163e-17,True,0.1462838357593636,0.787889757425036,4.877413806170239e-09,False,0.004268269919433635,新疆,30,False,True,turn_23.one_turn.capital.household_illiquid_return_rah -> steady_state._post_turn_states.rah,0.09,0.02,False,0.4695876658129632,True,False,31,0,30,12,13,24,True,False,1.3,0.8,4.440892098500626e-15,False
7.32207404139146,11.99563532423127,4.67356128283981,9.049757639072359,58719043.066994764,33106000.0,0.002048121285981641,58510809.39250095,58510809.39250095,0.996453728405345,58510809.39250095,0.996453728405345,58510809.39250095,0.996453728405345,208233.6744938119,58719043.066994764,0.6883177331560152,219200.0,219200.0,33038194.89670629,1.026364744857471,1.026364744857471,1.026364744857471,True,0.7380939146868483,0.0,0.0,58510809.39250095,CONTINUED_TO_HOUSEHOLD_BATCH,5915517.185661449,True,True,5915517.185661425,33038194.896706253,0.09,58719043.066994764,1.0,26.986848474732888,5915517.185661449,0.40633797203054156,0.09,0.4313379720305416,0.6883177331560152,1.5192802967189973,1.3,C1_RESIDUAL_LEVEL__NO_C0_ACTION,HJB_CONVERGED,True,25,1.2138663407768036e-09,0.6883177331560152,14.764397243491501,0.07859257477835796,0.02,DIAGNOSTIC_ONLY,1.1275702593849246e-17,True,0.14681733427350482,3.6076001971864797,1.0997348587338251e-09,False,0.003546271594655081,北京,0,False,True,turn_24.one_turn.capital.household_illiquid_return_rah -> steady_state._post_turn_states.rah,0.09,0.02,False,1.026364744857471,True,False,31,0,30,12,13,25,False,True,1.3,0.8,1.1102230246251565e-15,False
7.3083691420779715,11.98412002133992,4.675750879261949,9.212026234682883,64593598.72309723,13362900.0,2.8108901148682364e-05,64388134.387914516,64388134.387914516,0.9968191223396067,64388134.387914516,0.9968191223396067,64388134.387914516,0.9968191223396067,205464.33518271436,64593598.72309723,0.6979253142409526,138300.0,138300.0,13362524.383564841,0.3943630348293412,0.3943630348293412,0.3943630348293412,True,0.7380939146868483,0.0,0.0,64388134.387914516,CONTINUED_TO_HOUSEHOLD_BATCH,5499853.799030609,True,True,5499853.799030589,13362524.383564828,0.09,64593598.72309723,1.0,39.76756181511648,5499853.799030609,0.12499980138328018,0.09,0.14999980138328017,0.6979253142409526,0.6251194111449243,0.8,C1_RESIDUAL_LEVEL__NO_C0_ACTION,HJB_CONVERGED,True,25,8.814481144980846e-09,0.6979253142409526,14.587141943096391,0.06490309855747681,0.02,DIAGNOSTIC_ONLY,2.9327668765732895e-17,True,0.16367380611032586,3.0480771636868926,1.8148742508827809e-09,False,0.0031808776603933805,天津,1,False,True,turn_24.one_turn.capital.household_illiquid_return_rah -> steady_state._post_turn_states.rah,0.09,0.02,False,0.3943630348293412,True,False,31,0,30,12,13,25,True,False,1.3,0.8,8.881784197001252e-16,False
7.316250601589843,11.985257536542175,4.669006934952331,9.03890656206208,113705229.18254791,32494600.0,0.00211325242318372,113497505.78131609,113497505.78131609,0.9981731411763101,113497505.78131609,0.9981731411763101,113497505.78131609,0.9981731411763101,207723.4012318325,113705229.18254791,0.6805037567574496,742600.0,742600.0,32425930.707809616,0.6175565659297677,0.6175565659297677,0.6175565659297677,True,0.7380939146868483,0.0,0.0,113497505.78131609,CONTINUED_TO_HOUSEHOLD_BATCH,5950312.254619412,True,True,5950312.254619388,32425930.707809586,0.09,113705229.18254791,1.0,8.01280939216188,5950312.254619412,0.184272918934572,0.09,0.209272918934572,0.6805037567574496,1.4190172583986038,1.3,C1_RESIDUAL_LEVEL__NO_C0_ACTION,HJB_CONVERGED,True,13,2.9254580091730986e-08,0.6805037567574496,15.06514369274011,0.08640795021977439,0.02,DIAGNOSTIC_ONLY,2.1158008536436346e-17,True,0.1310998836588748,3.9836127025886388,7.710851956943543e-10,False,0.0018268588236900103,河北,2,False,True,turn_24.one_turn.capital.household_illiquid_return_rah -> steady_state._post_turn_states.rah,0.09,0.02,False,0.6175565659297677,True,False,31,0,30,12,13,25,False,True,1.3,0.8,8.881784197001252e-16,False
7.318621400563387,11.9861855890531,4.667564188489714,8.939101285378724,53478727.38884524,15958100.0,4.9236251608575365e-05,53266829.43896172,53266829.43896172,0.9960377151770496,53266829.43896172,0.9960377151770496,53266829.43896172,0.9960377151770496,211897.9498835203,53478727.38884524,0.6819674690049713,350200.0,350200.0,15957314.282973206,0.541543979367176,0.541543979367176,0.541543979367176,True,0.7380939146868483,0.0,0.0,53266829.43896172,CONTINUED_TO_HOUSEHOLD_BATCH,5493265.807276825,True,True,5493265.807276801,15957314.282973185,0.09,53478727.38884524,1.0,15.68608168839756,5493265.807276825,0.1944142465598309,0.09,0.21941424655983088,0.6819674690049713,0.7579651488346828,0.8,C1_RESIDUAL_LEVEL__NO_C0_ACTION,HJB_CONVERGED,True,13,9.67499720339049e-08,0.6819674690049713,14.867921156092619,0.08643568421810947,0.02,DIAGNOSTIC_ONLY,2.2726191353134396e-17,True,0.13239782271468623,3.959982065134758,2.0177068904558837e-09,False,0.003962284822950342,山西,3,False,True,turn_24.one_turn.capital.household_illiquid_return_rah -> steady_state._post_turn_states.rah,0.09,0.02,False,0.541543979367176,True,False,31,0,30,12,13,25,True,False,1.3,0.8,1.3322676295501878e-15,False
7.328991435489721,12.001912643363326,4.672921207873605,8.862074422493242,82165502.99427319,16140800.0,4.481142420298401e-05,81961499.33892635,81961499.33892635,0.9975171617295271,81961499.33892635,0.9975171617295271,81961499.33892635,0.9975171617295271,204003.6553468418,82165502.99427319,0.6960763657340808,242200.0,242200.0,16140076.707764225,0.4001484797007443,0.4001484797007443,0.4001484797007443,True,0.7380939146868483,0.0,0.0,81961499.33892635,CONTINUED_TO_HOUSEHOLD_BATCH,5430725.410988407,True,True,5430725.410988387,16140076.707764208,0.09,82165502.99427319,1.0,22.4224831172106,5430725.410988407,0.11720605414389265,0.09,0.14220605414389265,0.6960763657340808,0.7634554931735525,0.8,C1_RESIDUAL_LEVEL__NO_C0_ACTION,HJB_CONVERGED,True,25,2.608712801333013e-09,0.6960763657340808,14.20878411846351,0.073705711378134,0.02,DIAGNOSTIC_ONLY,1.42182031564006e-17,True,0.16264200081492344,3.3368833269970897,1.965778873014301e-09,False,0.002482838270472957,内蒙古,4,False,True,turn_24.one_turn.capital.household_illiquid_return_rah -> steady_state._post_turn_states.rah,0.09,0.02,False,0.4001484797007443,True,False,31,0,30,12,13,25,True,False,1.3,0.8,1.1102230246251565e-15,False
7.33437841108255,11.996943474215394,4.662565063132844,8.437943926297834,90061052.78222083,23510500.0,0.0037308061010152826,89854895.94912705,89854895.94912705,0.9977109213502946,89854895.94912705,0.9977109213502946,89854895.94912705,0.9977109213502946,206156.83309378114,90061052.78222083,0.6936994465489088,429100.0,429100.0,23598213.11683792,0.5406300280912503,0.5406300280912503,0.5406300280912503,True,0.7380939146868483,0.0,0.0,89854895.94912705,CONTINUED_TO_HOUSEHOLD_BATCH,5668957.563228596,True,True,5668957.563228589,23598213.11683791,0.09,90061052.78222083,1.0,13.211273743250048,5668957.563228596,0.16660041911566428,0.09,0.19160041911566428,0.6936994465489088,1.08010066309485,1.08010066309485,C1_RESIDUAL_LEVEL__NO_C0_ACTION,HJB_CONVERGED,True,15,9.504106746049956e-08,0.6936994465489088,13.728680227657488,0.08254872517025602,0.02,DIAGNOSTIC_ONLY,1.6195269951502222e-17,True,0.14766144547484084,3.6485719482216092,9.59607837636156e-10,False,0.0022890786497054925,辽宁,5,False,True,turn_24.one_turn.capital.household_illiquid_return_rah -> steady_state._post_turn_states.rah,0.09,0.02,False,0.5406300280912503,True,False,31,0,30,12,13,25,False,False,1.3,0.8,2.220446049250313e-16,False
7.349657793634876,12.010628437772525,4.660970644137649,8.12512281428971,66308917.7271201,11253800.0,0.007556323724974279,66101646.39901452,66101646.39901452,0.9968741560681391,66101646.39901452,0.9968741560681391,66101646.39901452,0.9968741560681391,207271.32810558207,66308917.7271201,0.7034096107726769,248400.0,248400.0,11168762.644063884,0.3250442085976263,0.3250442085976263,0.3250442085976263,True,0.7380939146868483,0.0,0.0,66101646.39901452,CONTINUED_TO_HOUSEHOLD_BATCH,5388290.346454462,True,True,5388290.3464544425,11168762.644063873,0.09,66308917.7271201,1.0,21.691990122602505,5388290.346454462,0.09684133824318795,0.09,0.12142006770937093,0.7034096107726769,0.530206912230853,0.8,C1_RESIDUAL_LEVEL__NO_C0_ACTION,HJB_CONVERGED,True,25,4.862233815572381e-08,0.7034096107726769,12.964826159584677,0.07865644460850069,0.02,DIAGNOSTIC_ONLY,1.600553457131726e-17,True,0.162783304113277,3.378079692247459,1.4342891319074624e-09,False,0.0031258439318609006,吉林,6,False,True,turn_24.one_turn.capital.household_illiquid_return_rah -> steady_state._post_turn_states.rah,0.09,0.02,False,0.3250442085976263,True,False,31,0,30,12,13,25,True,False,1.3,0.8,1.1102230246251565e-15,False
7.3606610354900806,12.007192505515976,4.646531470025895,7.517194169188889,58424879.89838116,12846500.0,3.9775486721072006e-05,58214346.643553525,58214346.643553525,0.9963965136908486,58214346.643553525,0.9963965136908486,58214346.643553525,0.9963965136908486,210533.25482763318,58424879.89838116,0.7073780855766987,332700.0,332700.0,12845989.024209838,0.41270310471903765,0.41270310471903765,0.41270310471903765,True,0.7380939146868483,0.0,0.0,58214346.643553525,CONTINUED_TO_HOUSEHOLD_BATCH,5277794.682513274,True,True,5277794.682513254,12845989.024209825,0.09,58424879.89838116,1.0,15.863524744554477,5277794.682513274,0.13474305493254568,0.09,0.15974305493254568,0.7073780855766987,0.6274820218135952,0.8,C1_RESIDUAL_LEVEL__NO_C0_ACTION,HJB_CONVERGED,True,26,2.0279313783788666e-08,0.7073780855766987,12.026511476972033,0.08488047609984661,0.02,DIAGNOSTIC_ONLY,2.0857339293189892e-17,True,0.15883601078448376,3.5086499514180907,2.0065913375333366e-09,False,0.0036034863091514314,黑龙江,7,False,True,turn_24.one_turn.capital.household_illiquid_return_rah -> steady_state._post_turn_states.rah,0.09,0.02,False,0.41270310471903765,True,False,31,0,30,12,13,25,True,False,1.3,0.8,1.1102230246251565e-15,False
7.321981096973223,11.995523710539263,4.67354261356604,9.050755312886489,66125294.30800852,36011800.0,0.0020662810694516143,65917973.06089598,65917973.06089598,0.9968647209924413,65917973.06089598,0.9968647209924413,65917973.06089598,0.9968647209924413,207321.24711254556,66125294.30800852,0.688247925159912,247500.0,247500.0,35937389.49938312,1.0227253445056632,1.0227253445056632,1.0227253445056632,True,0.7380939146868483,0.0,0.0,65917973.06089598,CONTINUED_TO_HOUSEHOLD_BATCH,5915291.248136829,True,True,5915291.248136807,35937389.499383084,0.09,66125294.30800852,1.0,23.9001666591387,5915291.248136829,0.3903561961724519,0.09,0.4153561961724519,0.688247925159912,1.6475786039327192,1.3,C1_RESIDUAL_LEVEL__NO_C0_ACTION,HJB_CONVERGED,True,25,2.6926434415486256e-09,0.688247925159912,14.768471514782433,0.07864081161682361,0.02,DIAGNOSTIC_ONLY,1.9054694340988615e-17,True,0.1466889004210472,3.6102664860778315,1.056403742261125e-09,False,0.0031352790075587856,上海,8,False,True,turn_24.one_turn.capital.household_illiquid_return_rah -> steady_state._post_turn_states.rah,0.09,0.02,False,1.0227253445056632,True,False,31,0,30,12,13,25,False,True,1.3,0.8,1.1102230246251565e-15,False
7.312970466764549,11.988910715958465,4.675940249193917,9.320232577439278,203535217.25929242,93207600.0,0.002181966928652468,203343357.86904544,203343357.86904544,0.9990573651438288,203343357.86904544,0.9990573651438288,203343357.86904544,0.9990573651438288,191859.39024699936,203535217.25929242,0.6822544280357108,844600.0,844600.0,93004224.09930094,1.1603289174497986,1.1603289174497986,1.1603289174497986,True,0.7380939146868483,0.0,0.0,203343357.86904544,CONTINUED_TO_HOUSEHOLD_BATCH,5799097.864735577,True,True,5799097.864735554,93004224.09930085,0.09,203535217.25929242,1.0,6.866087928884179,5799097.864735577,0.3194411839214073,0.09,0.3444411839214073,0.6822544280357108,4.289712289041881,1.3,C1_RESIDUAL_LEVEL__NO_C0_ACTION,HJB_CONVERGED,True,15,6.951408337840803e-10,0.6822544280357108,15.378211159173125,0.08042887556155787,0.02,DIAGNOSTIC_ONLY,1.5795470400398193e-17,True,0.13872054881936632,3.7643048866600837,7.245860578208863e-10,False,0.0009426348561712604,江苏,9,False,True,turn_24.one_turn.capital.household_illiquid_return_rah -> steady_state._post_turn_states.rah,0.09,0.02,False,1.1603289174497986,True,False,31,0,30,12,13,25,False,True,1.3,0.8,8.881784197001252e-16,False
7.316058077364554,11.987520650555432,4.671462573190877,9.103552980426631,124249656.20818298,58002800.0,0.002145165441283292,124046336.28831807,124046336.28831807,0.9983636178475678,124046336.28831807,0.9983636178475678,124046336.28831807,0.9983636178475678,203319.91986491298,124249656.20818298,0.6824624563458528,627300.0,627300.0,57878374.397942334,1.0369336001179625,1.0369336001179625,1.0369336001179625,True,0.7380939146868483,0.0,0.0,124046336.28831807,CONTINUED_TO_HOUSEHOLD_BATCH,5852883.334764187,True,True,5852883.334764164,57878374.397942275,0.09,124249656.20818298,1.0,9.330277912903215,5852883.334764187,0.3266283926117637,0.09,0.3516283926117637,0.6824624563458528,2.648763774494862,1.3,C1_RESIDUAL_LEVEL__NO_C0_ACTION,HJB_CONVERGED,True,18,6.721156964317743e-11,0.6824624563458528,15.07192044641071,0.08335289970218862,0.02,DIAGNOSTIC_ONLY,2.1662045051588282e-17,True,0.13586851403129596,3.8547562793224057,7.99118438088442e-10,False,0.0016363821524322457,浙江,10,False,True,turn_24.one_turn.capital.household_illiquid_return_rah -> steady_state._post_turn_states.rah,0.09,0.02,False,1.0369336001179625,True,False,31,0,30,12,13,25,False,True,1.3,0.8,1.1102230246251565e-15,False
7.314684760282269,11.983278641538902,4.668593881256634,9.092751623875483,70182433.35888097,34010900.0,0.002109876976702507,69968726.4804038,69968726.4804038,0.996954980495128,69968726.4804038,0.996954980495128,69968726.4804038,0.996954980495128,213706.87847717505,70182433.35888097,0.6774362058428646,607600.0,607600.0,33939141.18513307,0.9221011048681041,0.9221011048681041,0.9221011048681041,True,0.7380939146868483,0.0,0.0,69968726.4804038,CONTINUED_TO_HOUSEHOLD_BATCH,5969997.026943533,True,True,5969997.026943508,33939141.18513303,0.09,70182433.35888097,1.0,9.825538227359337,5969997.026943533,0.3410662751026844,0.09,0.3660662751026844,0.6774362058428646,1.5270314853627154,1.3,C1_RESIDUAL_LEVEL__NO_C0_ACTION,HJB_CONVERGED,True,14,1.40838007922639e-10,0.6774362058428646,15.269964772028287,0.08895775431924248,0.02,DIAGNOSTIC_ONLY,1.2607238386933006e-17,True,0.126111553342684,4.115122548215653,8.452182287399523e-10,False,0.0030450195048720456,安徽,11,False,True,turn_24.one_turn.capital.household_illiquid_return_rah -> steady_state._post_turn_states.rah,0.09,0.02,False,0.9221011048681041,True,False,31,0,30,12,13,25,False,True,1.3,0.8,1.1102230246251565e-15,False
7.322335328624283,11.991430474681668,4.6690951460573835,8.886944691068765,87795538.11850408,38687800.0,0.0021015598012248393,87589287.31244677,87589287.31244677,0.9976507825969594,87589287.31244677,0.9976507825969594,87589287.31244677,0.9976507825969594,206250.8060573006,87795538.11850408,0.6868394257709829,410400.0,410400.0,38606495.274722174,0.8921644600055767,0.8921644600055767,0.8921644600055767,True,0.7380939146868483,0.0,0.0,87589287.31244677,CONTINUED_TO_HOUSEHOLD_BATCH,5892713.621327789,True,True,5892713.621327766,38606495.274722144,0.09,87795538.11850408,1.0,14.358463989590128,5892713.621327789,0.30556602035076813,0.09,0.33056602035076815,0.6868394257709829,1.7476291641636483,1.3,C1_RESIDUAL_LEVEL__NO_C0_ACTION,HJB_CONVERGED,True,15,6.802134411287852e-09,0.6868394257709829,14.599595103374083,0.08227335879717018,0.02,DIAGNOSTIC_ONLY,2.4665599424045226e-17,True,0.1411783799970737,3.7491983149168595,9.173294346354055e-10,False,0.0023492174030405595,福建,12,False,True,turn_24.one_turn.capital.household_illiquid_return_rah -> steady_state._post_turn_states.rah,0.09,0.02,False,0.8921644600055767,True,False,31,0,30,12,13,25,False,True,1.3,0.8,6.661338147750939e-16,False
7.31789331658169,11.984333561364277,4.666440244782588,8.950563321461464,51050047.92908307,22716500.0,0.002307462108190439,50835646.82849269,50835646.82849269,0.9958001782703864,50835646.82849269,0.9958001782703864,50835646.82849269,0.9958001782703864,214401.10059037618,51050047.92908307,0.679384858792048,451300.0,451300.0,22768917.46298071,0.7893560257063097,0.7893560257063097,0.7893560257063097,True,0.7380939146868483,0.0,0.0,50835646.82849269,CONTINUED_TO_HOUSEHOLD_BATCH,5772603.3811781965,True,True,5772603.381178189,22768917.462980703,0.09,51050047.92908307,1.0,12.79105557540039,5772603.3811781965,0.31061956171152927,0.09,0.3356195617115293,0.679384858792048,1.0531874253914382,1.0531874253914382,C1_RESIDUAL_LEVEL__NO_C0_ACTION,HJB_CONVERGED,True,14,4.388183150183522e-10,0.679384858792048,14.992371132002356,0.08911958485106085,0.02,DIAGNOSTIC_ONLY,1.3541354447971432e-17,True,0.12766414466466605,4.086833333253195,6.228368931715522e-10,False,0.004199821729613548,江西,13,False,True,turn_24.one_turn.capital.household_illiquid_return_rah -> steady_state._post_turn_states.rah,0.09,0.02,False,0.7893560257063097,True,False,31,0,30,12,13,25,False,False,1.3,0.8,2.220446049250313e-16,False
7.312388456644328,11.986511753098664,4.674123296454336,9.273206791316172,210016973.07581103,66648899.99999999,0.0021688847178474857,209823149.66501826,209823149.66501826,0.9990771059693219,209823149.66501826,0.9990771059693219,209823149.66501826,0.9990771059693219,193823.4107927821,210016973.07581103,0.6806621135558977,1007700.0,1007700.0,66504346.21932865,0.8090038132922267,0.8090038132922267,0.8090038132922267,True,0.7380939146868483,0.0,0.0,209823149.66501826,CONTINUED_TO_HOUSEHOLD_BATCH,5846649.340911417,True,True,5846649.340911392,66504346.21932857,0.09,210016973.07581103,1.0,5.801974140033162,5846649.340911417,0.2085119377635756,0.09,0.2335119377635756,0.6806621135558977,2.9763938585980547,1.3,C1_RESIDUAL_LEVEL__NO_C0_ACTION,HJB_CONVERGED,True,16,5.62134783166357e-11,0.6806621135558977,15.379432436922663,0.08264892144596599,0.02,DIAGNOSTIC_ONLY,1.7320129705455933e-17,True,0.13489232201883625,3.861965027572579,6.855190859411664e-10,False,0.0009228940306782564,山东,14,False,True,turn_24.one_turn.capital.household_illiquid_return_rah -> steady_state._post_turn_states.rah,0.09,0.02,False,0.8090038132922267,True,False,31,0,30,12,13,25,False,True,1.3,0.8,1.3322676295501878e-15,False
7.311032040588696,11.983963375309592,4.672931334720897,9.279353694687046,168320556.01470312,49935900.0,0.0021550172502865506,168118845.78268713,168118845.78268713,0.9988016304318863,168118845.78268713,0.9988016304318863,168118845.78268713,0.9988016304318863,201710.2320160053,168320556.01470312,0.678091621387822,986400.0,986400.0,49828287.274091415,0.7116861984516236,0.7116861984516236,0.7116861984516236,True,0.7380939146868483,0.0,0.0,168118845.78268713,CONTINUED_TO_HOUSEHOLD_BATCH,5910294.631924367,True,True,5910294.631924346,49828287.27409136,0.09,168320556.01470312,1.0,5.991782879079852,5910294.631924367,0.1926040850473219,0.09,0.2176040850473219,0.678091621387822,2.199019266265269,1.3,C1_RESIDUAL_LEVEL__NO_C0_ACTION,HJB_CONVERGED,True,13,3.849175644887737e-09,0.678091621387822,15.496884274420905,0.08521799176891924,0.02,DIAGNOSTIC_ONLY,1.3968147757836817e-17,True,0.13004035451319498,3.986706351183698,6.916347494723141e-10,False,0.0011983695681137454,河南,15,False,True,turn_24.one_turn.capital.household_illiquid_return_rah -> steady_state._post_turn_states.rah,0.09,0.02,False,0.7116861984516236,True,False,31,0,30,12,13,25,False,True,1.3,0.8,1.1102230246251565e-15,False
7.3120933162971316,11.984455727822944,4.672362411525811,9.234627885985883,101805153.6623069,42022000.0,0.0021227849017091405,101598064.76999205,101598064.76999205,0.9979658309538849,101598064.76999205,0.9979658309538849,101598064.76999205,0.9979658309538849,207088.8923148475,101805153.6623069,0.6788282007740766,591700.0,591700.0,41932796.33286038,0.8668910887321597,0.8668910887321597,0.8668910887321597,True,0.7380939146868483,0.0,0.0,101598064.76999205,CONTINUED_TO_HOUSEHOLD_BATCH,5940379.289794179,True,True,5940379.289794154,41932796.332860336,0.09,101805153.6623069,1.0,10.03951206657796,5940379.289794179,0.283283195194613,0.09,0.308283195194613,0.6788282007740766,1.8747329153804457,1.3,C1_RESIDUAL_LEVEL__NO_C0_ACTION,HJB_CONVERGED,True,13,3.063019171634096e-09,0.6788282007740766,15.403934352571174,0.08512191332374468,0.02,DIAGNOSTIC_ONLY,1.699063388897401e-17,True,0.13079471082263763,3.971279214573998,8.272784679519418e-10,False,0.0020341690461150165,湖北,16,False,True,turn_24.one_turn.capital.household_illiquid_return_rah -> steady_state._post_turn_states.rah,0.09,0.02,False,0.8668910887321597,True,False,31,0,30,12,13,25,False,True,1.3,0.8,1.1102230246251565e-15,False
7.315635939641597,11.984520319262128,4.66888437962053,9.056780810155917,93791807.14892803,36329700.0,0.0021219650565030834,93581691.74507101,93581691.74507101,0.9977597680411106,93581691.74507101,0.9977597680411106,93581691.74507101,0.9977597680411106,210115.4038570208,93791807.14892803,0.6795139938218335,663500.0,663500.0,36252609.64608676,0.7959373284760574,0.7959373284760574,0.7959373284760574,True,0.7380939146868483,0.0,0.0,93581691.74507101,CONTINUED_TO_HOUSEHOLD_BATCH,5948262.555797808,True,True,5948262.5557977855,36252609.64608672,0.09,93791807.14892803,1.0,8.96497747671109,5948262.555797808,0.2631454730018117,0.09,0.2881454730018117,0.6795139938218335,1.6122060224694204,1.3,C1_RESIDUAL_LEVEL__NO_C0_ACTION,HJB_CONVERGED,True,13,5.134087865954484e-08,0.6795139938218335,15.131457580955171,0.08720574020433906,0.02,DIAGNOSTIC_ONLY,1.3877787807814457e-17,True,0.12947834762102775,4.025185689298156,8.045845101278815e-10,False,0.00224023195888941,湖南,17,False,True,turn_24.one_turn.capital.household_illiquid_return_rah -> steady_state._post_turn_states.rah,0.09,0.02,False,0.7959373284760574,True,False,31,0,30,12,13,25,False,True,1.3,0.8,1.1102230246251565e-15,False
7.321941378086391,11.98764589284778,4.665704514761389,8.805599482719014,191259406.86816654,99945200.0,0.0022046381877223187,191057332.50787243,191057332.50787243,0.9989434540052015,191057332.50787243,0.9989434540052015,191057332.50787243,0.9989434540052015,202074.36029409806,191259406.86816654,0.6841310149732903,1234800.0,1234800.0,99724856.99540046,1.30644139756687,1.30644139756687,1.30644139756687,True,0.7380939146868483,0.0,0.0,191057332.50787243,CONTINUED_TO_HOUSEHOLD_BATCH,5734851.855630059,True,True,5734851.855630036,99724856.99540037,0.09,191259406.86816654,1.0,4.6443568639699215,5734851.855630059,0.37208849771768615,0.09,0.3970884977176862,0.6841310149732903,4.699177749341783,1.3,C1_RESIDUAL_LEVEL__NO_C0_ACTION,HJB_CONVERGED,True,13,1.146080519376369e-08,0.6841310149732903,14.59753847466499,0.08628759033590613,0.02,DIAGNOSTIC_ONLY,2.6167931695277913e-17,True,0.1345174470148911,3.919407643003861,6.553771969564082e-10,False,0.0010565459947985,广东,18,False,True,turn_24.one_turn.capital.household_illiquid_return_rah -> steady_state._post_turn_states.rah,0.09,0.02,False,1.30644139756687,True,False,31,0,30,12,13,25,False,True,1.3,0.8,8.881784197001252e-16,False
7.331588070021814,11.990666606617747,4.659078536595934,8.40999229585595,67306708.83876626,19627800.0,0.005297792439399873,67094689.937517986,67094689.937517986,0.9968499588687931,67094689.937517986,0.9968499588687931,67094689.937517986,0.9968499588687931,212018.90124827615,67306708.83876626,0.6891573470613045,494700.0,494700.0,19523815.989557948,0.5577680812178123,0.5577680812178123,0.5577680812178123,True,0.7380939146868483,0.0,0.0,67094689.937517986,CONTINUED_TO_HOUSEHOLD_BATCH,5544997.934556142,True,True,5544997.934556136,19523815.98955794,0.09,67306708.83876626,1.0,11.208809247131883,5544997.934556142,0.18802728736324928,0.09,0.21302728736324927,0.6891573470613045,0.9175424541835119,0.9175424541835119,C1_RESIDUAL_LEVEL__NO_C0_ACTION,HJB_CONVERGED,True,13,1.8952956981621583e-08,0.6891573470613045,13.863648010722285,0.0875653922861688,0.02,DIAGNOSTIC_ONLY,1.6425662913155392e-17,True,0.1379253951809142,3.8759869682007375,1.3301426626810553e-10,False,0.003150041131206832,广西,19,False,True,turn_24.one_turn.capital.household_illiquid_return_rah -> steady_state._post_turn_states.rah,0.09,0.02,False,0.5577680812178123,True,False,31,0,30,12,13,25,False,False,1.3,0.8,4.440892098500626e-16,False
7.343200480782299,11.996588375457566,4.653387894675267,8.013400614061897,14673330.466888333,4910700.0,0.002075972318462571,14458727.729779,14458727.729779,0.9853746402295237,14458727.729779,0.9853746402295237,14458727.729779,0.9853746402295237,214602.73710933246,14673330.466888333,0.6966386366640397,98200.0,98200.0,4900505.522735726,0.43124462072637787,0.43124462072637787,0.43124462072637787,True,0.7380939146868483,0.0,0.0,14458727.729779,CONTINUED_TO_HOUSEHOLD_BATCH,5529281.805336237,True,True,5529281.805336214,4900505.5227357205,0.09,14673330.466888333,1.0,56.30633202990058,5529281.805336237,0.22194002673104404,0.09,0.24694002673104404,0.6966386366640397,0.23253344685965371,0.8,C1_RESIDUAL_LEVEL__NO_C0_ACTION,HJB_CONVERGED,True,14,8.445194321637928e-09,0.6966386366640397,13.052721308411817,0.08665869422936799,0.02,DIAGNOSTIC_ONLY,2.3852447794681098e-17,True,0.14601881243229625,3.7280665013034726,1.3094140216551864e-09,False,0.014625359770476274,海南,20,False,True,turn_24.one_turn.capital.household_illiquid_return_rah -> steady_state._post_turn_states.rah,0.09,0.02,False,0.43124462072637787,True,False,31,0,30,12,13,25,True,False,1.3,0.8,1.1102230246251565e-15,False
7.320881523075936,11.987478454474306,4.666596931398369,8.85415469342713,50663834.63130832,21588800.0,0.0006982162422541904,50452053.30035765,50452053.30035765,0.9958198716600934,50452053.30035765,0.9958198716600934,50452053.30035765,0.9958198716600934,211781.3309506667,50663834.63130832,0.68372672913873,316300.0,316300.0,21603873.65081078,0.7557652302563093,0.7557652302563093,0.7557652302563093,True,0.7380939146868483,0.0,0.0,50452053.30035765,CONTINUED_TO_HOUSEHOLD_BATCH,5697456.550543967,True,True,5697456.550543958,21603873.65081077,0.09,50663834.63130832,1.0,18.01282500962367,5697456.550543967,0.29488352246053817,0.09,0.3198835224605382,0.68372672913873,1.0093525156758318,1.0093525156758318,C1_RESIDUAL_LEVEL__NO_C0_ACTION,HJB_CONVERGED,True,13,8.974005538675556e-09,0.68372672913873,14.679935429776336,0.08592876222655299,0.02,DIAGNOSTIC_ONLY,1.8532260067867413e-17,True,0.13449282023462825,3.914939453861065,7.030356297121898e-10,False,0.004180128339906469,重庆,21,False,True,turn_24.one_turn.capital.household_illiquid_return_rah -> steady_state._post_turn_states.rah,0.09,0.02,False,0.7557652302563093,True,False,31,0,30,12,13,25,False,False,1.3,0.8,4.440892098500626e-16,False
7.321783924836535,11.985774736309835,4.663990811473301,8.782974903762955,94830047.41899477,42902100.0,0.002143296232681502,94616775.91479854,94616775.91479854,0.9977510134182058,94616775.91479854,0.9977510134182058,94616775.91479854,0.9977510134182058,213271.50419623265,94830047.41899477,0.6819619465080269,832100.0,832100.0,42810148.09069587,0.9358547875920058,0.9358547875920058,0.9358547875920058,True,0.7380939146868483,0.0,0.0,94616775.91479854,CONTINUED_TO_HOUSEHOLD_BATCH,5862546.456966789,True,True,5862546.456966766,42810148.090695836,0.09,94830047.41899477,1.0,7.045483063293823,5862546.456966789,0.3149965804699219,0.09,0.3399965804699219,0.6819619465080269,1.9514983306597495,1.3,C1_RESIDUAL_LEVEL__NO_C0_ACTION,HJB_CONVERGED,True,14,1.6719763351602523e-09,0.6819619465080269,14.65638681249511,0.08906223525666729,0.02,DIAGNOSTIC_ONLY,1.9989977555201488e-17,True,0.12997154423249296,4.041249940769041,7.486845587933999e-10,False,0.00224898658179426,四川,22,False,True,turn_24.one_turn.capital.household_illiquid_return_rah -> steady_state._post_turn_states.rah,0.09,0.02,False,0.9358547875920058,True,False,31,0,30,12,13,25,False,True,1.3,0.8,8.881784197001252e-16,False
7.326464807864729,11.987109595489642,4.660644787624913,8.587195902356951,39447014.665611394,15353200.0,4.9878522895729915e-05,39231679.43743419,39231679.43743419,0.9945411527335445,39231679.43743419,0.9945411527335445,39231679.43743419,0.9945411527335445,215335.2281772044,39447014.665611394,0.6843341640564393,382200.0,382200.0,15352434.205062278,0.6531605820813702,0.6531605820813702,0.6531605820813702,True,0.7380939146868483,0.0,0.0,39231679.43743419,CONTINUED_TO_HOUSEHOLD_BATCH,5463539.5279284455,True,True,5463539.527928421,15352434.205062257,0.09,39447014.665611394,1.0,14.294975216976571,5463539.5279284455,0.26525656030061995,0.09,0.29025656030061997,0.6843341640564393,0.7436285597546514,0.8,C1_RESIDUAL_LEVEL__NO_C0_ACTION,HJB_CONVERGED,True,14,2.041960822651845e-09,0.6843341640564393,14.294245579190598,0.08979022288591987,0.02,DIAGNOSTIC_ONLY,1.5569755523382137e-17,True,0.13142370118529226,4.0235665823275175,2.010676958263957e-09,False,0.005458847266455541,贵州,23,False,True,turn_24.one_turn.capital.household_illiquid_return_rah -> steady_state._post_turn_states.rah,0.09,0.02,False,0.6531605820813702,True,False,31,0,30,12,13,25,True,False,1.3,0.8,1.3322676295501878e-15,False
7.33452509501787,11.99248515191174,4.65796005689387,8.312870647707976,68611984.86091176,20880600.0,0.0019205278652474345,68400716.53079028,68400716.53079028,0.9969208246846415,68400716.53079028,0.9969208246846415,68400716.53079028,0.9969208246846415,211268.33012146744,68611984.86091176,0.6913700767648171,470300.0,470300.0,20840498.225856915,0.5861329189742354,0.5861329189742354,0.5861329189742354,True,0.7380939146868483,0.0,0.0,68400716.53079028,CONTINUED_TO_HOUSEHOLD_BATCH,5576483.265634678,True,True,5576483.265634669,20840498.225856908,0.09,68611984.86091176,1.0,11.857289529310394,5576483.265634678,0.19853919658539268,0.09,0.22353919658539267,0.6913700767648171,0.975949239686909,0.975949239686909,C1_RESIDUAL_LEVEL__NO_C0_ACTION,HJB_CONVERGED,True,14,1.4588663610481944e-09,0.6913700767648171,13.648197400909318,0.08689841177987416,0.02,DIAGNOSTIC_ONLY,1.7726705520137997e-17,True,0.14068058146651427,3.819695277496476,3.651132729487472e-10,False,0.003079175315358454,云南,24,False,True,turn_24.one_turn.capital.household_illiquid_return_rah -> steady_state._post_turn_states.rah,0.09,0.02,False,0.5861329189742354,True,False,31,0,30,12,13,25,False,False,1.3,0.8,4.440892098500626e-16,False
8.171324622683166,10.12706262989747,1.955738007214304,7.603047014982602,6325734.326183821,1548400.0,0.0021660255764122116,6110781.991678671,6110781.991678671,0.9660193863002738,6110781.991678671,0.9660193863002738,6110781.991678671,0.9660193863002738,214952.33450515024,6325734.326183821,0.662243847210718,35400.0,35400.0,1545046.1259974833,0.2539305050273779,0.2539305050273779,0.2539305050273779,True,0.7380939146868483,0.0,0.0,6110781.991678671,CONTINUED_TO_HOUSEHOLD_BATCH,5453102.486801285,True,True,5453102.48680126,1545046.1259974816,0.09,6325734.326183821,1.0,154.0424431299798,5453102.486801285,0.153115181400331,0.09,0.178115181400331,0.662243847210718,0.07331657863330647,0.8,C1_RESIDUAL_LEVEL__NO_C0_ACTION,HJB_CONVERGED,True,16,2.7161335403036446e-09,0.662243847210718,11.590655576051123,0.08467081232162281,0.02,DIAGNOSTIC_ONLY,1.6936000263876108e-17,True,0.0006551466681938099,0.8070174229629944,1.6586054751854817e-09,False,0.0339806136997262,西藏,25,False,True,turn_24.one_turn.capital.household_illiquid_return_rah -> steady_state._post_turn_states.rah,0.09,0.02,False,0.2539305050273779,True,False,31,0,30,12,13,25,True,False,1.3,0.8,1.1102230246251565e-15,False
7.3162353640130675,11.987012937949586,4.670777573936519,9.080101983968333,73897910.2910824,23941900.0,0.004298391906005117,73689226.0836809,73689226.0836809,0.997176047244374,73689226.0836809,0.997176047244374,73689226.0836809,0.997176047244374,208684.20740149717,73897910.2910824,0.6821367601571895,393100.0,393100.0,24044811.669174384,0.6338518706666324,0.6338518706666324,0.6338518706666324,True,0.7380939146868483,0.0,0.0,73689226.0836809,CONTINUED_TO_HOUSEHOLD_BATCH,5792923.738275372,True,True,5792923.738275364,24044811.669174373,0.09,73897910.2910824,1.0,14.73651421591293,5792923.738275372,0.2152643438433197,0.09,0.24026434384331968,0.6821367601571895,1.0875710418591316,1.0875710418591316,C1_RESIDUAL_LEVEL__NO_C0_ACTION,HJB_CONVERGED,True,25,4.311662138434258e-11,0.6821367601571895,15.053260555243344,0.08403885747822573,0.02,DIAGNOSTIC_ONLY,2.1941541465675396e-17,True,0.13487640729068662,3.881882181681129,1.0190035482082749e-09,False,0.002823952755625893,陕西,26,False,True,turn_24.one_turn.capital.household_illiquid_return_rah -> steady_state._post_turn_states.rah,0.09,0.02,False,0.6338518706666324,True,False,31,0,30,12,13,25,False,False,1.3,0.8,4.440892098500626e-16,False
7.328895705727016,11.987897735909474,4.659002030182458,8.488176820743101,25177704.67938732,8104100.0,0.006066638285553871,24962132.869681112,24962132.869681112,0.9914379879956773,24962132.869681112,0.9914379879956773,24962132.869681112,0.9914379879956773,215571.8097062082,25177704.67938732,0.6857072746584787,251500.0,251500.0,8153264.643329957,0.4815843645010798,0.4815843645010798,0.4815843645010798,True,0.7380939146868483,0.0,0.0,24962132.869681112,CONTINUED_TO_HOUSEHOLD_BATCH,5532599.009144402,True,True,5532599.009144379,8153264.643329947,0.09,25177704.67938732,1.0,21.99840560295985,5532599.009144402,0.2140623214392065,0.09,0.2390623214392065,0.6857072746584787,0.3860397605193902,0.8,C1_RESIDUAL_LEVEL__NO_C0_ACTION,HJB_CONVERGED,True,13,2.0505397824166494e-08,0.6857072746584787,14.105439715807098,0.09,0.02,DIAGNOSTIC_ONLY,2.296499479816569e-17,True,0.13245670821532532,4.006884718064257,1.2251122338824416e-10,False,0.008562012004322786,甘肃,27,False,True,turn_24.one_turn.capital.household_illiquid_return_rah -> steady_state._post_turn_states.rah,0.09,0.02,False,0.4815843645010798,True,False,31,0,30,12,13,25,True,False,1.3,0.8,1.1102230246251565e-15,False
7.345400273776022,12.005988087170756,4.660587813394735,8.099696673391353,17578407.529567722,2748000.0,0.0021152713832298664,17365178.187046025,17365178.187046025,0.9878698145913937,17365178.187046025,0.9878698145913937,17365178.187046025,0.9878698145913937,213229.3425216976,17578407.529567722,0.7068478431988644,58700.0,58700.0,2742187.2342388844,0.2111711647722934,0.2111711647722934,0.2111711647722934,True,0.7380939146868483,0.0,0.0,17365178.187046025,CONTINUED_TO_HOUSEHOLD_BATCH,5531285.781690992,True,True,5531285.781690967,2742187.234238881,0.0878475759370103,17578407.529567722,1.0,94.22974074430992,5531285.781690992,0.08784757593701044,0.08784757593701044,0.11224266570897194,0.7068478431988644,0.1265742515946638,0.8,C1_RESIDUAL_LEVEL__NO_C0_ACTION,HJB_CONVERGED,True,26,9.653700061562631e-11,0.7068478431988644,12.801260741746058,0.07463275752477155,0.02,DIAGNOSTIC_ONLY,1.769960046582586e-17,True,0.1747354799878653,3.215266364487355,1.2411511818299914e-09,False,0.012130185408606305,青海,28,False,False,turn_24.one_turn.capital.household_illiquid_return_rah -> steady_state._post_turn_states.rah,0.09,0.02,False,0.2111711647722934,True,False,31,0,30,12,13,25,True,False,1.3,0.8,1.1102230246251565e-15,False
7.3306355326292305,11.999668580183215,4.6690330475539845,8.724768731629684,18640640.44456374,3510200.0,0.0020932994290892015,18427372.607126698,18427372.607126698,0.9885589855095758,18427372.607126698,0.9885589855095758,18427372.607126698,0.9885589855095758,213267.8374370417,18640640.44456374,0.6930013830100795,71000.0,71000.0,3502852.100344011,0.25704566563666087,0.25704566563666087,0.25704566563666087,True,0.7380939146868483,0.0,0.0,18427372.607126698,CONTINUED_TO_HOUSEHOLD_BATCH,5636408.191490911,True,True,5636408.191490887,3502852.1003440074,0.09,18640640.44456374,1.0,79.38603086606916,5636408.191490911,0.11092578858670037,0.09,0.13586290162520206,0.6930013830100795,0.15943851554719318,0.8,C1_RESIDUAL_LEVEL__NO_C0_ACTION,HJB_CONVERGED,True,27,3.0176394716363575e-10,0.6930013830100795,14.142907389606975,0.07895703925417581,0.02,DIAGNOSTIC_ONLY,8.917562868693274e-18,True,0.1512063072112911,3.5460097457085915,1.2479673960896775e-09,False,0.01144101449042423,宁夏,29,False,True,turn_24.one_turn.capital.household_illiquid_return_rah -> steady_state._post_turn_states.rah,0.09,0.02,False,0.25704566563666087,True,False,31,0,30,12,13,25,True,False,1.3,0.8,1.1102230246251565e-15,False
8.182963780430462,10.142528388176274,1.959564607745811,7.278660293526929,49250553.031937115,12809400.0,3.878987843419779e-05,49040338.37791543,49040338.37791543,0.9957317300805664,49040338.37791543,0.9957317300805664,49040338.37791543,0.9957317300805664,210214.65402169054,49250553.031937115,0.668912539452032,252000.0,252000.0,12808903.124931185,0.4695876658129632,0.4695876658129632,0.4695876658129632,True,0.7380939146868483,0.0,0.0,49040338.37791543,CONTINUED_TO_HOUSEHOLD_BATCH,5159529.302462903,True,True,5159529.302462879,12808903.124931168,0.09,49250553.031937115,1.0,20.474322628821042,5159529.302462903,0.1651188914963976,0.09,0.1901188914963976,0.668912539452032,0.6439620380585288,0.8,C1_RESIDUAL_LEVEL__NO_C0_ACTION,HJB_CONVERGED,True,16,2.6740760716847944e-09,0.668912539452032,10.96318647933927,0.0835319867696535,0.02,DIAGNOSTIC_ONLY,1.2874900798265365e-17,True,0.14628383575930742,0.7878897574251832,1.950960726304629e-09,False,0.004268269919433683,新疆,30,False,True,turn_24.one_turn.capital.household_illiquid_return_rah -> steady_state._post_turn_states.rah,0.09,0.02,False,0.4695876658129632,True,False,31,0,30,12,13,25,True,False,1.3,0.8,1.3322676295501878e-15,False
