turn,province,iteration,d1_active,raw_candidate_count,hit_count,winner_changed_count,fallback_to_zero_count,switch_to_other_nonzero_count
1,北京,1,False,0,0,0,0,0
1,北京,2,False,0,0,0,0,0
1,北京,3,False,0,0,0,0,0
1,北京,4,False,0,0,0,0,0
1,北京,5,False,0,0,0,0,0
1,北京,6,False,0,0,0,0,0
1,北京,7,False,0,0,0,0,0
1,北京,8,False,0,0,0,0,0
1,北京,9,False,0,0,0,0,0
1,北京,10,False,0,0,0,0,0
1,北京,11,False,0,0,0,0,0
1,北京,12,False,0,0,0,0,0
1,北京,13,False,0,0,0,0,0
1,北京,14,False,0,0,0,0,0
1,北京,15,False,0,0,0,0,0
1,北京,16,False,0,0,0,0,0
1,北京,17,False,0,0,0,0,0
1,天津,1,False,0,0,0,0,0
1,天津,2,False,0,0,0,0,0
1,天津,3,False,0,0,0,0,0
1,天津,4,False,0,0,0,0,0
1,天津,5,False,0,0,0,0,0
1,天津,6,False,0,0,0,0,0
1,天津,7,False,0,0,0,0,0
1,天津,8,False,0,0,0,0,0
1,天津,9,False,0,0,0,0,0
1,天津,10,False,0,0,0,0,0
1,天津,11,False,0,0,0,0,0
1,天津,12,False,0,0,0,0,0
1,天津,13,False,0,0,0,0,0
1,天津,14,False,0,0,0,0,0
1,天津,15,False,0,0,0,0,0
1,天津,16,False,0,0,0,0,0
1,天津,17,False,0,0,0,0,0
1,天津,18,False,0,0,0,0,0
1,天津,19,False,0,0,0,0,0
1,天津,20,False,0,0,0,0,0
1,天津,21,False,0,0,0,0,0
1,天津,22,False,0,0,0,0,0
1,天津,23,False,0,0,0,0,0
1,天津,24,False,0,0,0,0,0
1,天津,25,False,0,0,0,0,0
1,天津,26,False,0,0,0,0,0
1,天津,27,False,0,0,0,0,0
1,河北,1,False,0,0,0,0,0
1,河北,2,False,0,0,0,0,0
1,河北,3,False,0,0,0,0,0
1,河北,4,False,0,0,0,0,0
1,河北,5,False,0,0,0,0,0
1,河北,6,False,0,0,0,0,0
1,河北,7,False,0,0,0,0,0
1,河北,8,False,0,0,0,0,0
1,河北,9,False,0,0,0,0,0
1,河北,10,False,0,0,0,0,0
1,河北,11,False,0,0,0,0,0
1,河北,12,False,0,0,0,0,0
1,河北,13,False,0,0,0,0,0
1,河北,14,False,0,0,0,0,0
1,河北,15,False,0,0,0,0,0
1,河北,16,False,0,0,0,0,0
1,河北,17,False,0,0,0,0,0
1,河北,18,False,0,0,0,0,0
1,河北,19,False,0,0,0,0,0
1,河北,20,False,0,0,0,0,0
1,河北,21,False,0,0,0,0,0
1,河北,22,False,0,0,0,0,0
1,河北,23,False,0,0,0,0,0
1,河北,24,False,0,0,0,0,0
1,河北,25,False,0,0,0,0,0
1,河北,26,False,0,0,0,0,0
1,河北,27,False,0,0,0,0,0
1,河北,28,False,0,0,0,0,0
1,河北,29,False,0,0,0,0,0
1,河北,30,False,0,0,0,0,0
1,河北,31,False,0,0,0,0,0
1,河北,32,False,0,0,0,0,0
1,河北,33,False,0,0,0,0,0
1,河北,34,False,0,0,0,0,0
1,河北,35,False,0,0,0,0,0
1,山西,1,False,0,0,0,0,0
1,山西,2,False,0,0,0,0,0
1,山西,3,False,0,0,0,0,0
1,山西,4,False,0,0,0,0,0
1,山西,5,False,0,0,0,0,0
1,山西,6,False,0,0,0,0,0
1,山西,7,False,0,0,0,0,0
1,山西,8,False,0,0,0,0,0
1,山西,9,False,0,0,0,0,0
1,山西,10,False,0,0,0,0,0
1,山西,11,False,0,0,0,0,0
1,山西,12,False,0,0,0,0,0
1,山西,13,False,0,0,0,0,0
1,山西,14,False,0,0,0,0,0
1,山西,15,False,0,0,0,0,0
1,山西,16,False,0,0,0,0,0
1,山西,17,False,0,0,0,0,0
1,山西,18,False,0,0,0,0,0
1,山西,19,False,0,0,0,0,0
1,山西,20,False,0,0,0,0,0
1,山西,21,False,0,0,0,0,0
1,山西,22,False,0,0,0,0,0
1,山西,23,False,0,0,0,0,0
1,山西,24,False,0,0,0,0,0
1,山西,25,False,0,0,0,0,0
1,山西,26,False,0,0,0,0,0
1,山西,27,False,0,0,0,0,0
1,山西,28,False,0,0,0,0,0
1,山西,29,False,0,0,0,0,0
1,山西,30,False,0,0,0,0,0
1,山西,31,False,0,0,0,0,0
1,山西,32,False,0,0,0,0,0
1,山西,33,False,0,0,0,0,0
1,山西,34,False,0,0,0,0,0
1,山西,35,False,0,0,0,0,0
1,山西,36,False,0,0,0,0,0
1,山西,37,False,0,0,0,0,0
1,山西,38,False,0,0,0,0,0
1,山西,39,False,0,0,0,0,0
1,山西,40,False,0,0,0,0,0
1,山西,41,False,0,0,0,0,0
1,山西,42,False,0,0,0,0,0
1,山西,43,False,0,0,0,0,0
1,山西,44,False,0,0,0,0,0
1,山西,45,False,0,0,0,0,0
1,山西,46,False,0,0,0,0,0
1,山西,47,False,0,0,0,0,0
1,山西,48,False,0,0,0,0,0
1,山西,49,False,0,0,0,0,0
1,内蒙古,1,False,0,0,0,0,0
1,内蒙古,2,False,0,0,0,0,0
1,内蒙古,3,False,0,0,0,0,0
1,内蒙古,4,False,0,0,0,0,0
1,内蒙古,5,False,0,0,0,0,0
1,内蒙古,6,False,0,0,0,0,0
1,内蒙古,7,False,0,0,0,0,0
1,内蒙古,8,False,0,0,0,0,0
1,内蒙古,9,False,0,0,0,0,0
1,内蒙古,10,False,0,0,0,0,0
1,内蒙古,11,False,0,0,0,0,0
1,内蒙古,12,False,0,0,0,0,0
1,内蒙古,13,False,0,0,0,0,0
1,内蒙古,14,False,0,0,0,0,0
1,内蒙古,15,False,0,0,0,0,0
1,内蒙古,16,False,0,0,0,0,0
1,内蒙古,17,False,0,0,0,0,0
1,内蒙古,18,False,0,0,0,0,0
1,内蒙古,19,False,0,0,0,0,0
1,内蒙古,20,False,0,0,0,0,0
1,内蒙古,21,False,0,0,0,0,0
1,内蒙古,22,False,0,0,0,0,0
1,内蒙古,23,False,0,0,0,0,0
1,内蒙古,24,False,0,0,0,0,0
1,内蒙古,25,False,0,0,0,0,0
1,内蒙古,26,False,0,0,0,0,0
1,辽宁,1,False,0,0,0,0,0
1,辽宁,2,False,0,0,0,0,0
1,辽宁,3,False,0,0,0,0,0
1,辽宁,4,False,0,0,0,0,0
1,辽宁,5,False,0,0,0,0,0
1,辽宁,6,False,0,0,0,0,0
1,辽宁,7,False,0,0,0,0,0
1,辽宁,8,False,0,0,0,0,0
1,辽宁,9,False,0,0,0,0,0
1,辽宁,10,False,0,0,0,0,0
1,辽宁,11,False,0,0,0,0,0
1,辽宁,12,False,0,0,0,0,0
1,辽宁,13,False,0,0,0,0,0
1,辽宁,14,False,0,0,0,0,0
1,辽宁,15,False,0,0,0,0,0
1,吉林,1,False,0,0,0,0,0
1,吉林,2,False,0,0,0,0,0
1,吉林,3,False,0,0,0,0,0
1,吉林,4,False,0,0,0,0,0
1,吉林,5,False,0,0,0,0,0
1,吉林,6,False,0,0,0,0,0
1,吉林,7,False,0,0,0,0,0
1,吉林,8,False,0,0,0,0,0
1,吉林,9,False,0,0,0,0,0
1,吉林,10,False,0,0,0,0,0
1,吉林,11,False,0,0,0,0,0
1,吉林,12,False,0,0,0,0,0
1,吉林,13,False,0,0,0,0,0
1,吉林,14,False,0,0,0,0,0
1,吉林,15,False,0,0,0,0,0
1,黑龙江,1,False,0,0,0,0,0
1,黑龙江,2,False,0,0,0,0,0
1,黑龙江,3,False,0,0,0,0,0
1,黑龙江,4,False,0,0,0,0,0
1,黑龙江,5,False,0,0,0,0,0
1,黑龙江,6,False,0,0,0,0,0
1,黑龙江,7,False,0,0,0,0,0
1,黑龙江,8,False,0,0,0,0,0
1,黑龙江,9,False,0,0,0,0,0
1,黑龙江,10,False,0,0,0,0,0
1,黑龙江,11,False,0,0,0,0,0
1,黑龙江,12,False,0,0,0,0,0
1,黑龙江,13,False,0,0,0,0,0
1,上海,1,False,0,0,0,0,0
1,上海,2,False,0,0,0,0,0
1,上海,3,False,0,0,0,0,0
1,上海,4,False,0,0,0,0,0
1,上海,5,False,0,0,0,0,0
1,上海,6,False,0,0,0,0,0
1,上海,7,False,0,0,0,0,0
1,上海,8,False,0,0,0,0,0
1,上海,9,False,0,0,0,0,0
1,上海,10,False,0,0,0,0,0
1,上海,11,False,0,0,0,0,0
1,上海,12,False,0,0,0,0,0
1,上海,13,False,0,0,0,0,0
1,上海,14,False,0,0,0,0,0
1,上海,15,False,0,0,0,0,0
1,上海,16,False,0,0,0,0,0
1,上海,17,False,0,0,0,0,0
1,上海,18,False,0,0,0,0,0
1,江苏,1,False,0,0,0,0,0
1,江苏,2,False,0,0,0,0,0
1,江苏,3,False,0,0,0,0,0
1,江苏,4,False,0,0,0,0,0
1,江苏,5,False,0,0,0,0,0
1,江苏,6,False,0,0,0,0,0
1,江苏,7,False,0,0,0,0,0
1,江苏,8,False,0,0,0,0,0
1,江苏,9,False,0,0,0,0,0
1,江苏,10,False,0,0,0,0,0
1,江苏,11,False,0,0,0,0,0
1,江苏,12,False,0,0,0,0,0
1,江苏,13,False,0,0,0,0,0
1,江苏,14,False,0,0,0,0,0
1,江苏,15,False,0,0,0,0,0
1,江苏,16,False,0,0,0,0,0
1,江苏,17,False,0,0,0,0,0
1,浙江,1,False,0,0,0,0,0
1,浙江,2,False,0,0,0,0,0
1,浙江,3,False,0,0,0,0,0
1,浙江,4,False,0,0,0,0,0
1,浙江,5,False,0,0,0,0,0
1,浙江,6,False,0,0,0,0,0
1,浙江,7,False,0,0,0,0,0
1,浙江,8,False,0,0,0,0,0
1,浙江,9,False,0,0,0,0,0
1,浙江,10,False,0,0,0,0,0
1,浙江,11,False,0,0,0,0,0
1,浙江,12,False,0,0,0,0,0
1,浙江,13,False,0,0,0,0,0
1,浙江,14,False,0,0,0,0,0
1,浙江,15,False,0,0,0,0,0
1,安徽,1,False,0,0,0,0,0
1,安徽,2,False,0,0,0,0,0
1,安徽,3,False,0,0,0,0,0
1,安徽,4,False,0,0,0,0,0
1,安徽,5,False,0,0,0,0,0
1,安徽,6,False,0,0,0,0,0
1,安徽,7,False,0,0,0,0,0
1,安徽,8,False,0,0,0,0,0
1,安徽,9,False,0,0,0,0,0
1,安徽,10,False,0,0,0,0,0
1,安徽,11,False,0,0,0,0,0
1,安徽,12,False,0,0,0,0,0
1,安徽,13,False,0,0,0,0,0
1,安徽,14,False,0,0,0,0,0
1,安徽,15,False,0,0,0,0,0
1,安徽,16,False,0,0,0,0,0
1,安徽,17,False,0,0,0,0,0
1,安徽,18,False,0,0,0,0,0
1,安徽,19,False,0,0,0,0,0
1,安徽,20,False,0,0,0,0,0
1,安徽,21,False,0,0,0,0,0
1,安徽,22,False,0,0,0,0,0
1,安徽,23,False,0,0,0,0,0
1,安徽,24,False,0,0,0,0,0
1,安徽,25,False,0,0,0,0,0
1,安徽,26,False,0,0,0,0,0
1,安徽,27,False,0,0,0,0,0
1,安徽,28,False,0,0,0,0,0
1,安徽,29,False,0,0,0,0,0
1,安徽,30,False,0,0,0,0,0
1,安徽,31,False,0,0,0,0,0
1,安徽,32,False,0,0,0,0,0
1,安徽,33,False,0,0,0,0,0
1,安徽,34,False,0,0,0,0,0
1,安徽,35,False,0,0,0,0,0
1,安徽,36,False,0,0,0,0,0
1,安徽,37,False,0,0,0,0,0
1,安徽,38,False,0,0,0,0,0
1,安徽,39,False,0,0,0,0,0
1,安徽,40,False,0,0,0,0,0
1,安徽,41,False,0,0,0,0,0
1,安徽,42,False,0,0,0,0,0
1,安徽,43,False,0,0,0,0,0
1,安徽,44,False,0,0,0,0,0
1,安徽,45,False,0,0,0,0,0
1,安徽,46,False,0,0,0,0,0
1,安徽,47,False,0,0,0,0,0
1,安徽,48,False,0,0,0,0,0
1,安徽,49,False,0,0,0,0,0
1,安徽,50,False,0,0,0,0,0
1,安徽,51,False,0,0,0,0,0
1,安徽,52,False,0,0,0,0,0
1,安徽,53,False,0,0,0,0,0
1,安徽,54,False,0,0,0,0,0
1,安徽,55,False,0,0,0,0,0
1,安徽,56,False,0,0,0,0,0
1,安徽,57,False,0,0,0,0,0
1,安徽,58,False,0,0,0,0,0
1,安徽,59,False,0,0,0,0,0
1,安徽,60,False,0,0,0,0,0
1,安徽,61,False,0,0,0,0,0
1,安徽,62,False,0,0,0,0,0
1,安徽,63,False,0,0,0,0,0
1,安徽,64,False,0,0,0,0,0
1,安徽,65,False,0,0,0,0,0
1,安徽,66,False,0,0,0,0,0
1,安徽,67,False,0,0,0,0,0
1,安徽,68,False,0,0,0,0,0
1,安徽,69,False,0,0,0,0,0
1,安徽,70,False,0,0,0,0,0
1,安徽,71,False,0,0,0,0,0
1,安徽,72,False,0,0,0,0,0
1,安徽,73,False,0,0,0,0,0
1,安徽,74,False,0,0,0,0,0
1,安徽,75,False,0,0,0,0,0
1,安徽,76,False,0,0,0,0,0
1,安徽,77,False,0,0,0,0,0
1,安徽,78,False,0,0,0,0,0
1,安徽,79,False,0,0,0,0,0
1,安徽,80,False,0,0,0,0,0
1,安徽,81,False,0,0,0,0,0
1,安徽,82,False,0,0,0,0,0
1,安徽,83,False,0,0,0,0,0
1,安徽,84,False,0,0,0,0,0
1,安徽,85,False,0,0,0,0,0
1,安徽,86,False,0,0,0,0,0
1,安徽,87,False,0,0,0,0,0
1,安徽,88,False,0,0,0,0,0
1,安徽,89,False,0,0,0,0,0
1,安徽,90,False,0,0,0,0,0
1,安徽,91,False,0,0,0,0,0
1,安徽,92,False,0,0,0,0,0
1,安徽,93,False,0,0,0,0,0
1,安徽,94,False,0,0,0,0,0
1,安徽,95,False,0,0,0,0,0
1,安徽,96,False,0,0,0,0,0
1,安徽,97,False,0,0,0,0,0
1,安徽,98,False,0,0,0,0,0
1,安徽,99,False,0,0,0,0,0
1,安徽,100,False,0,0,0,0,0
1,福建,1,False,0,0,0,0,0
1,福建,2,False,0,0,0,0,0
1,福建,3,False,0,0,0,0,0
1,福建,4,False,0,0,0,0,0
1,福建,5,False,0,0,0,0,0
1,福建,6,False,0,0,0,0,0
1,福建,7,False,0,0,0,0,0
1,福建,8,False,0,0,0,0,0
1,福建,9,False,0,0,0,0,0
1,福建,10,False,0,0,0,0,0
1,福建,11,False,0,0,0,0,0
1,福建,12,False,0,0,0,0,0
1,福建,13,False,0,0,0,0,0
1,福建,14,False,0,0,0,0,0
1,江西,1,False,0,0,0,0,0
1,江西,2,False,0,0,0,0,0
1,江西,3,False,0,0,0,0,0
1,江西,4,False,0,0,0,0,0
1,江西,5,False,0,0,0,0,0
1,江西,6,False,0,0,0,0,0
1,江西,7,False,0,0,0,0,0
1,江西,8,False,0,0,0,0,0
1,江西,9,False,0,0,0,0,0
1,江西,10,False,0,0,0,0,0
1,江西,11,False,0,0,0,0,0
1,江西,12,False,0,0,0,0,0
1,江西,13,False,0,0,0,0,0
1,江西,14,False,0,0,0,0,0
1,江西,15,False,0,0,0,0,0
1,江西,16,False,0,0,0,0,0
1,江西,17,False,0,0,0,0,0
1,江西,18,False,0,0,0,0,0
1,江西,19,False,0,0,0,0,0
1,江西,20,False,0,0,0,0,0
1,江西,21,False,0,0,0,0,0
1,江西,22,False,0,0,0,0,0
1,江西,23,False,0,0,0,0,0
1,江西,24,False,0,0,0,0,0
1,江西,25,False,0,0,0,0,0
1,江西,26,False,0,0,0,0,0
1,江西,27,False,0,0,0,0,0
1,江西,28,False,0,0,0,0,0
1,江西,29,False,0,0,0,0,0
1,江西,30,False,0,0,0,0,0
1,江西,31,False,0,0,0,0,0
1,江西,32,False,0,0,0,0,0
1,江西,33,False,0,0,0,0,0
1,江西,34,False,0,0,0,0,0
1,江西,35,False,0,0,0,0,0
1,江西,36,False,0,0,0,0,0
1,江西,37,False,0,0,0,0,0
1,江西,38,False,0,0,0,0,0
1,江西,39,False,0,0,0,0,0
1,江西,40,False,0,0,0,0,0
1,江西,41,False,0,0,0,0,0
1,江西,42,False,0,0,0,0,0
1,江西,43,False,0,0,0,0,0
1,江西,44,False,0,0,0,0,0
1,江西,45,False,0,0,0,0,0
1,江西,46,False,0,0,0,0,0
1,江西,47,False,0,0,0,0,0
1,江西,48,False,0,0,0,0,0
1,江西,49,False,0,0,0,0,0
1,江西,50,False,0,0,0,0,0
1,江西,51,False,0,0,0,0,0
1,江西,52,False,0,0,0,0,0
1,江西,53,False,0,0,0,0,0
1,江西,54,False,0,0,0,0,0
1,江西,55,False,0,0,0,0,0
1,江西,56,False,0,0,0,0,0
1,江西,57,False,0,0,0,0,0
1,江西,58,False,0,0,0,0,0
1,江西,59,False,0,0,0,0,0
1,江西,60,False,0,0,0,0,0
1,江西,61,False,0,0,0,0,0
1,江西,62,False,0,0,0,0,0
1,江西,63,False,0,0,0,0,0
1,江西,64,False,0,0,0,0,0
1,江西,65,False,0,0,0,0,0
1,江西,66,False,0,0,0,0,0
1,江西,67,False,0,0,0,0,0
1,江西,68,False,0,0,0,0,0
1,江西,69,False,0,0,0,0,0
1,江西,70,False,0,0,0,0,0
1,江西,71,False,0,0,0,0,0
1,江西,72,False,0,0,0,0,0
1,江西,73,False,0,0,0,0,0
1,江西,74,False,0,0,0,0,0
1,江西,75,False,0,0,0,0,0
1,江西,76,False,0,0,0,0,0
1,江西,77,False,0,0,0,0,0
1,江西,78,False,0,0,0,0,0
1,江西,79,False,0,0,0,0,0
1,江西,80,False,0,0,0,0,0
1,江西,81,False,0,0,0,0,0
1,江西,82,False,0,0,0,0,0
1,江西,83,False,0,0,0,0,0
1,江西,84,False,0,0,0,0,0
1,江西,85,False,0,0,0,0,0
1,江西,86,False,0,0,0,0,0
1,江西,87,False,0,0,0,0,0
1,江西,88,False,0,0,0,0,0
1,江西,89,False,0,0,0,0,0
1,江西,90,False,0,0,0,0,0
1,江西,91,False,0,0,0,0,0
1,江西,92,False,0,0,0,0,0
1,江西,93,False,0,0,0,0,0
1,江西,94,False,0,0,0,0,0
1,江西,95,False,0,0,0,0,0
1,江西,96,False,0,0,0,0,0
1,江西,97,False,0,0,0,0,0
1,江西,98,False,0,0,0,0,0
1,江西,99,False,0,0,0,0,0
1,江西,100,False,0,0,0,0,0
1,山东,1,False,0,0,0,0,0
1,山东,2,False,0,0,0,0,0
1,山东,3,False,0,0,0,0,0
1,山东,4,False,0,0,0,0,0
1,山东,5,False,0,0,0,0,0
1,山东,6,False,0,0,0,0,0
1,山东,7,False,0,0,0,0,0
1,山东,8,False,0,0,0,0,0
1,山东,9,False,0,0,0,0,0
1,山东,10,False,0,0,0,0,0
1,山东,11,False,0,0,0,0,0
1,山东,12,False,0,0,0,0,0
1,山东,13,False,0,0,0,0,0
1,山东,14,False,0,0,0,0,0
1,山东,15,False,0,0,0,0,0
1,河南,1,False,0,0,0,0,0
1,河南,2,False,0,0,0,0,0
1,河南,3,False,0,0,0,0,0
1,河南,4,False,0,0,0,0,0
1,河南,5,False,0,0,0,0,0
1,河南,6,False,0,0,0,0,0
1,河南,7,False,0,0,0,0,0
1,河南,8,False,0,0,0,0,0
1,河南,9,False,0,0,0,0,0
1,河南,10,False,0,0,0,0,0
1,河南,11,False,0,0,0,0,0
1,河南,12,False,0,0,0,0,0
1,河南,13,False,0,0,0,0,0
1,河南,14,False,0,0,0,0,0
1,河南,15,False,0,0,0,0,0
1,河南,16,False,0,0,0,0,0
1,河南,17,False,0,0,0,0,0
1,河南,18,False,0,0,0,0,0
1,河南,19,False,0,0,0,0,0
1,河南,20,False,0,0,0,0,0
1,河南,21,False,0,0,0,0,0
1,河南,22,False,0,0,0,0,0
1,河南,23,False,0,0,0,0,0
1,河南,24,False,0,0,0,0,0
1,河南,25,False,0,0,0,0,0
1,河南,26,False,0,0,0,0,0
1,河南,27,False,0,0,0,0,0
1,河南,28,False,0,0,0,0,0
1,河南,29,False,0,0,0,0,0
1,河南,30,False,0,0,0,0,0
1,河南,31,False,0,0,0,0,0
1,河南,32,False,0,0,0,0,0
1,河南,33,False,0,0,0,0,0
1,河南,34,False,0,0,0,0,0
1,河南,35,False,0,0,0,0,0
1,河南,36,False,0,0,0,0,0
1,河南,37,False,0,0,0,0,0
1,河南,38,False,0,0,0,0,0
1,河南,39,False,0,0,0,0,0
1,河南,40,False,0,0,0,0,0
1,河南,41,False,0,0,0,0,0
1,河南,42,False,0,0,0,0,0
1,河南,43,False,0,0,0,0,0
1,河南,44,False,0,0,0,0,0
1,河南,45,False,0,0,0,0,0
1,河南,46,False,0,0,0,0,0
1,河南,47,False,0,0,0,0,0
1,河南,48,False,0,0,0,0,0
1,河南,49,False,0,0,0,0,0
1,河南,50,False,0,0,0,0,0
1,河南,51,False,0,0,0,0,0
1,河南,52,False,0,0,0,0,0
1,河南,53,False,0,0,0,0,0
1,河南,54,False,0,0,0,0,0
1,河南,55,False,0,0,0,0,0
1,河南,56,False,0,0,0,0,0
1,河南,57,False,0,0,0,0,0
1,河南,58,False,0,0,0,0,0
1,河南,59,False,0,0,0,0,0
1,河南,60,False,0,0,0,0,0
1,河南,61,False,0,0,0,0,0
1,河南,62,False,0,0,0,0,0
1,河南,63,False,0,0,0,0,0
1,河南,64,False,0,0,0,0,0
1,河南,65,False,0,0,0,0,0
1,河南,66,False,0,0,0,0,0
1,河南,67,False,0,0,0,0,0
1,河南,68,False,0,0,0,0,0
1,河南,69,False,0,0,0,0,0
1,河南,70,False,0,0,0,0,0
1,河南,71,False,0,0,0,0,0
1,河南,72,False,0,0,0,0,0
1,河南,73,False,0,0,0,0,0
1,河南,74,False,0,0,0,0,0
1,河南,75,False,0,0,0,0,0
1,河南,76,False,0,0,0,0,0
1,河南,77,False,0,0,0,0,0
1,河南,78,False,0,0,0,0,0
1,河南,79,False,0,0,0,0,0
1,河南,80,False,0,0,0,0,0
1,河南,81,False,0,0,0,0,0
1,河南,82,False,0,0,0,0,0
1,河南,83,False,0,0,0,0,0
1,河南,84,False,0,0,0,0,0
1,河南,85,False,0,0,0,0,0
1,河南,86,False,0,0,0,0,0
1,河南,87,False,0,0,0,0,0
1,河南,88,False,0,0,0,0,0
1,河南,89,False,0,0,0,0,0
1,河南,90,False,0,0,0,0,0
1,河南,91,False,0,0,0,0,0
1,河南,92,False,0,0,0,0,0
1,河南,93,False,0,0,0,0,0
1,河南,94,False,0,0,0,0,0
1,河南,95,False,0,0,0,0,0
1,河南,96,False,0,0,0,0,0
1,河南,97,False,0,0,0,0,0
1,河南,98,False,0,0,0,0,0
1,河南,99,False,0,0,0,0,0
1,河南,100,False,0,0,0,0,0
1,湖北,1,False,0,0,0,0,0
1,湖北,2,False,0,0,0,0,0
1,湖北,3,False,0,0,0,0,0
1,湖北,4,False,0,0,0,0,0
1,湖北,5,False,0,0,0,0,0
1,湖北,6,False,0,0,0,0,0
1,湖北,7,False,0,0,0,0,0
1,湖北,8,False,0,0,0,0,0
1,湖北,9,False,0,0,0,0,0
1,湖北,10,False,0,0,0,0,0
1,湖北,11,False,0,0,0,0,0
1,湖北,12,False,0,0,0,0,0
1,湖北,13,False,0,0,0,0,0
1,湖北,14,False,0,0,0,0,0
1,湖北,15,False,0,0,0,0,0
1,湖北,16,False,0,0,0,0,0
1,湖北,17,False,0,0,0,0,0
1,湖北,18,False,0,0,0,0,0
1,湖北,19,False,0,0,0,0,0
1,湖北,20,False,0,0,0,0,0
1,湖北,21,False,0,0,0,0,0
1,湖北,22,False,0,0,0,0,0
1,湖北,23,False,0,0,0,0,0
1,湖北,24,False,0,0,0,0,0
1,湖北,25,False,0,0,0,0,0
1,湖北,26,False,0,0,0,0,0
1,湖北,27,False,0,0,0,0,0
1,湖北,28,False,0,0,0,0,0
1,湖北,29,False,0,0,0,0,0
1,湖北,30,False,0,0,0,0,0
1,湖北,31,False,0,0,0,0,0
1,湖北,32,False,0,0,0,0,0
1,湖北,33,False,0,0,0,0,0
1,湖北,34,False,0,0,0,0,0
1,湖北,35,False,0,0,0,0,0
1,湖北,36,False,0,0,0,0,0
1,湖北,37,False,0,0,0,0,0
1,湖北,38,False,0,0,0,0,0
1,湖北,39,False,0,0,0,0,0
1,湖北,40,False,0,0,0,0,0
1,湖北,41,False,0,0,0,0,0
1,湖北,42,False,0,0,0,0,0
1,湖北,43,False,0,0,0,0,0
1,湖北,44,False,0,0,0,0,0
1,湖北,45,False,0,0,0,0,0
1,湖北,46,False,0,0,0,0,0
1,湖北,47,False,0,0,0,0,0
1,湖北,48,False,0,0,0,0,0
1,湖北,49,False,0,0,0,0,0
1,湖北,50,False,0,0,0,0,0
1,湖北,51,False,0,0,0,0,0
1,湖北,52,False,0,0,0,0,0
1,湖北,53,False,0,0,0,0,0
1,湖北,54,False,0,0,0,0,0
1,湖北,55,False,0,0,0,0,0
1,湖北,56,False,0,0,0,0,0
1,湖北,57,False,0,0,0,0,0
1,湖北,58,False,0,0,0,0,0
1,湖北,59,False,0,0,0,0,0
1,湖北,60,False,0,0,0,0,0
1,湖北,61,False,0,0,0,0,0
1,湖北,62,False,0,0,0,0,0
1,湖北,63,False,0,0,0,0,0
1,湖北,64,False,0,0,0,0,0
1,湖北,65,False,0,0,0,0,0
1,湖北,66,False,0,0,0,0,0
1,湖北,67,False,0,0,0,0,0
1,湖北,68,False,0,0,0,0,0
1,湖北,69,False,0,0,0,0,0
1,湖北,70,False,0,0,0,0,0
1,湖北,71,False,0,0,0,0,0
1,湖北,72,False,0,0,0,0,0
1,湖北,73,False,0,0,0,0,0
1,湖北,74,False,0,0,0,0,0
1,湖北,75,False,0,0,0,0,0
1,湖北,76,False,0,0,0,0,0
1,湖北,77,False,0,0,0,0,0
1,湖北,78,False,0,0,0,0,0
1,湖北,79,False,0,0,0,0,0
1,湖北,80,False,0,0,0,0,0
1,湖北,81,False,0,0,0,0,0
1,湖北,82,False,0,0,0,0,0
1,湖北,83,False,0,0,0,0,0
1,湖北,84,False,0,0,0,0,0
1,湖北,85,False,0,0,0,0,0
1,湖北,86,False,0,0,0,0,0
1,湖北,87,False,0,0,0,0,0
1,湖北,88,False,0,0,0,0,0
1,湖北,89,False,0,0,0,0,0
1,湖北,90,False,0,0,0,0,0
1,湖北,91,False,0,0,0,0,0
1,湖北,92,False,0,0,0,0,0
1,湖北,93,False,0,0,0,0,0
1,湖北,94,False,0,0,0,0,0
1,湖北,95,False,0,0,0,0,0
1,湖北,96,False,0,0,0,0,0
1,湖北,97,False,0,0,0,0,0
1,湖北,98,False,0,0,0,0,0
1,湖北,99,False,0,0,0,0,0
1,湖北,100,False,0,0,0,0,0
1,湖南,1,False,0,0,0,0,0
1,湖南,2,False,0,0,0,0,0
1,湖南,3,False,0,0,0,0,0
1,湖南,4,False,0,0,0,0,0
1,湖南,5,False,0,0,0,0,0
1,湖南,6,False,0,0,0,0,0
1,湖南,7,False,0,0,0,0,0
1,湖南,8,False,0,0,0,0,0
1,湖南,9,False,0,0,0,0,0
1,湖南,10,False,0,0,0,0,0
1,湖南,11,False,0,0,0,0,0
1,湖南,12,False,0,0,0,0,0
1,湖南,13,False,0,0,0,0,0
1,湖南,14,False,0,0,0,0,0
1,湖南,15,False,0,0,0,0,0
1,湖南,16,False,0,0,0,0,0
1,湖南,17,False,0,0,0,0,0
1,湖南,18,False,0,0,0,0,0
1,湖南,19,False,0,0,0,0,0
1,湖南,20,False,0,0,0,0,0
1,湖南,21,False,0,0,0,0,0
1,湖南,22,False,0,0,0,0,0
1,湖南,23,False,0,0,0,0,0
1,湖南,24,False,0,0,0,0,0
1,湖南,25,False,0,0,0,0,0
1,湖南,26,False,0,0,0,0,0
1,湖南,27,False,0,0,0,0,0
1,湖南,28,False,0,0,0,0,0
1,湖南,29,False,0,0,0,0,0
1,湖南,30,False,0,0,0,0,0
1,湖南,31,False,0,0,0,0,0
1,湖南,32,False,0,0,0,0,0
1,湖南,33,False,0,0,0,0,0
1,湖南,34,False,0,0,0,0,0
1,湖南,35,False,0,0,0,0,0
1,湖南,36,False,0,0,0,0,0
1,湖南,37,False,0,0,0,0,0
1,湖南,38,False,0,0,0,0,0
1,湖南,39,False,0,0,0,0,0
1,湖南,40,False,0,0,0,0,0
1,湖南,41,False,0,0,0,0,0
1,湖南,42,False,0,0,0,0,0
1,湖南,43,False,0,0,0,0,0
1,湖南,44,False,0,0,0,0,0
1,湖南,45,False,0,0,0,0,0
1,湖南,46,False,0,0,0,0,0
1,湖南,47,False,0,0,0,0,0
1,湖南,48,False,0,0,0,0,0
1,湖南,49,False,0,0,0,0,0
1,湖南,50,False,0,0,0,0,0
1,湖南,51,False,0,0,0,0,0
1,湖南,52,False,0,0,0,0,0
1,湖南,53,False,0,0,0,0,0
1,湖南,54,False,0,0,0,0,0
1,湖南,55,False,0,0,0,0,0
1,湖南,56,False,0,0,0,0,0
1,湖南,57,False,0,0,0,0,0
1,湖南,58,False,0,0,0,0,0
1,湖南,59,False,0,0,0,0,0
1,湖南,60,False,0,0,0,0,0
1,湖南,61,False,0,0,0,0,0
1,湖南,62,False,0,0,0,0,0
1,湖南,63,False,0,0,0,0,0
1,湖南,64,False,0,0,0,0,0
1,湖南,65,False,0,0,0,0,0
1,湖南,66,False,0,0,0,0,0
1,湖南,67,False,0,0,0,0,0
1,湖南,68,False,0,0,0,0,0
1,湖南,69,False,0,0,0,0,0
1,湖南,70,False,0,0,0,0,0
1,湖南,71,False,0,0,0,0,0
1,湖南,72,False,0,0,0,0,0
1,湖南,73,False,0,0,0,0,0
1,湖南,74,False,0,0,0,0,0
1,湖南,75,False,0,0,0,0,0
1,湖南,76,False,0,0,0,0,0
1,湖南,77,False,0,0,0,0,0
1,湖南,78,False,0,0,0,0,0
1,湖南,79,False,0,0,0,0,0
1,湖南,80,False,0,0,0,0,0
1,湖南,81,False,0,0,0,0,0
1,湖南,82,False,0,0,0,0,0
1,湖南,83,False,0,0,0,0,0
1,湖南,84,False,0,0,0,0,0
1,湖南,85,False,0,0,0,0,0
1,湖南,86,False,0,0,0,0,0
1,湖南,87,False,0,0,0,0,0
1,湖南,88,False,0,0,0,0,0
1,湖南,89,False,0,0,0,0,0
1,湖南,90,False,0,0,0,0,0
1,湖南,91,False,0,0,0,0,0
1,湖南,92,False,0,0,0,0,0
1,湖南,93,False,0,0,0,0,0
1,湖南,94,False,0,0,0,0,0
1,湖南,95,False,0,0,0,0,0
1,湖南,96,False,0,0,0,0,0
1,湖南,97,False,0,0,0,0,0
1,湖南,98,False,0,0,0,0,0
1,湖南,99,False,0,0,0,0,0
1,湖南,100,False,0,0,0,0,0
1,广东,1,False,0,0,0,0,0
1,广东,2,False,0,0,0,0,0
1,广东,3,False,0,0,0,0,0
1,广东,4,False,0,0,0,0,0
1,广东,5,False,0,0,0,0,0
1,广东,6,False,0,0,0,0,0
1,广东,7,False,0,0,0,0,0
1,广东,8,False,0,0,0,0,0
1,广东,9,False,0,0,0,0,0
1,广东,10,False,0,0,0,0,0
1,广东,11,False,0,0,0,0,0
1,广东,12,False,0,0,0,0,0
1,广东,13,False,0,0,0,0,0
1,广东,14,False,0,0,0,0,0
1,广东,15,False,0,0,0,0,0
1,广东,16,False,0,0,0,0,0
1,广东,17,False,0,0,0,0,0
1,广东,18,False,0,0,0,0,0
1,广东,19,False,0,0,0,0,0
1,广东,20,False,0,0,0,0,0
1,广东,21,False,0,0,0,0,0
1,广东,22,False,0,0,0,0,0
1,广东,23,False,0,0,0,0,0
1,广东,24,False,0,0,0,0,0
1,广东,25,False,0,0,0,0,0
1,广东,26,False,0,0,0,0,0
1,广东,27,False,0,0,0,0,0
1,广东,28,False,0,0,0,0,0
1,广东,29,False,0,0,0,0,0
1,广东,30,False,0,0,0,0,0
1,广东,31,False,0,0,0,0,0
1,广东,32,False,0,0,0,0,0
1,广东,33,False,0,0,0,0,0
1,广东,34,False,0,0,0,0,0
1,广东,35,False,0,0,0,0,0
1,广东,36,False,0,0,0,0,0
1,广东,37,False,0,0,0,0,0
1,广东,38,False,0,0,0,0,0
1,广东,39,False,0,0,0,0,0
1,广东,40,False,0,0,0,0,0
1,广东,41,False,0,0,0,0,0
1,广东,42,False,0,0,0,0,0
1,广东,43,False,0,0,0,0,0
1,广东,44,False,0,0,0,0,0
1,广东,45,False,0,0,0,0,0
1,广东,46,False,0,0,0,0,0
1,广东,47,False,0,0,0,0,0
1,广东,48,False,0,0,0,0,0
1,广东,49,False,0,0,0,0,0
1,广东,50,False,0,0,0,0,0
1,广东,51,False,0,0,0,0,0
1,广东,52,False,0,0,0,0,0
1,广东,53,False,0,0,0,0,0
1,广东,54,False,0,0,0,0,0
1,广东,55,False,0,0,0,0,0
1,广东,56,False,0,0,0,0,0
1,广东,57,False,0,0,0,0,0
1,广东,58,False,0,0,0,0,0
1,广东,59,False,0,0,0,0,0
1,广东,60,False,0,0,0,0,0
1,广东,61,False,0,0,0,0,0
1,广东,62,False,0,0,0,0,0
1,广东,63,False,0,0,0,0,0
1,广东,64,False,0,0,0,0,0
1,广东,65,False,0,0,0,0,0
1,广东,66,False,0,0,0,0,0
1,广东,67,False,0,0,0,0,0
1,广东,68,False,0,0,0,0,0
1,广东,69,False,0,0,0,0,0
1,广东,70,False,0,0,0,0,0
1,广东,71,False,0,0,0,0,0
1,广东,72,False,0,0,0,0,0
1,广东,73,False,0,0,0,0,0
1,广东,74,False,0,0,0,0,0
1,广东,75,False,0,0,0,0,0
1,广东,76,False,0,0,0,0,0
1,广东,77,False,0,0,0,0,0
1,广东,78,False,0,0,0,0,0
1,广东,79,False,0,0,0,0,0
1,广东,80,False,0,0,0,0,0
1,广东,81,False,0,0,0,0,0
1,广东,82,False,0,0,0,0,0
1,广东,83,False,0,0,0,0,0
1,广东,84,False,0,0,0,0,0
1,广东,85,False,0,0,0,0,0
1,广东,86,False,0,0,0,0,0
1,广东,87,False,0,0,0,0,0
1,广东,88,False,0,0,0,0,0
1,广东,89,False,0,0,0,0,0
1,广东,90,False,0,0,0,0,0
1,广东,91,False,0,0,0,0,0
1,广东,92,False,0,0,0,0,0
1,广东,93,False,0,0,0,0,0
1,广东,94,False,0,0,0,0,0
1,广东,95,False,0,0,0,0,0
1,广东,96,False,0,0,0,0,0
1,广东,97,False,0,0,0,0,0
1,广东,98,False,0,0,0,0,0
1,广东,99,False,0,0,0,0,0
1,广东,100,False,0,0,0,0,0
1,广西,1,False,0,0,0,0,0
1,广西,2,False,0,0,0,0,0
1,广西,3,False,0,0,0,0,0
1,广西,4,False,0,0,0,0,0
1,广西,5,False,0,0,0,0,0
1,广西,6,False,0,0,0,0,0
1,广西,7,False,0,0,0,0,0
1,广西,8,False,0,0,0,0,0
1,广西,9,False,0,0,0,0,0
1,广西,10,False,0,0,0,0,0
1,广西,11,False,0,0,0,0,0
1,广西,12,False,0,0,0,0,0
1,广西,13,False,0,0,0,0,0
1,广西,14,False,0,0,0,0,0
1,广西,15,False,0,0,0,0,0
1,广西,16,False,0,0,0,0,0
1,广西,17,False,0,0,0,0,0
1,广西,18,False,0,0,0,0,0
1,广西,19,False,0,0,0,0,0
1,广西,20,False,0,0,0,0,0
1,广西,21,False,0,0,0,0,0
1,广西,22,False,0,0,0,0,0
1,广西,23,False,0,0,0,0,0
1,广西,24,False,0,0,0,0,0
1,广西,25,False,0,0,0,0,0
1,广西,26,False,0,0,0,0,0
1,广西,27,False,0,0,0,0,0
1,广西,28,False,0,0,0,0,0
1,广西,29,False,0,0,0,0,0
1,广西,30,False,0,0,0,0,0
1,广西,31,False,0,0,0,0,0
1,广西,32,False,0,0,0,0,0
1,广西,33,False,0,0,0,0,0
1,广西,34,False,0,0,0,0,0
1,广西,35,False,0,0,0,0,0
1,广西,36,False,0,0,0,0,0
1,广西,37,False,0,0,0,0,0
1,广西,38,False,0,0,0,0,0
1,广西,39,False,0,0,0,0,0
1,广西,40,False,0,0,0,0,0
1,广西,41,False,0,0,0,0,0
1,广西,42,False,0,0,0,0,0
1,广西,43,False,0,0,0,0,0
1,广西,44,False,0,0,0,0,0
1,广西,45,False,0,0,0,0,0
1,广西,46,False,0,0,0,0,0
1,广西,47,False,0,0,0,0,0
1,广西,48,False,0,0,0,0,0
1,广西,49,False,0,0,0,0,0
1,广西,50,False,0,0,0,0,0
1,广西,51,False,0,0,0,0,0
1,广西,52,False,0,0,0,0,0
1,广西,53,False,0,0,0,0,0
1,广西,54,False,0,0,0,0,0
1,广西,55,False,0,0,0,0,0
1,广西,56,False,0,0,0,0,0
1,广西,57,False,0,0,0,0,0
1,广西,58,False,0,0,0,0,0
1,广西,59,False,0,0,0,0,0
1,广西,60,False,0,0,0,0,0
1,广西,61,False,0,0,0,0,0
1,广西,62,False,0,0,0,0,0
1,广西,63,False,0,0,0,0,0
1,广西,64,False,0,0,0,0,0
1,广西,65,False,0,0,0,0,0
1,广西,66,False,0,0,0,0,0
1,广西,67,False,0,0,0,0,0
1,广西,68,False,0,0,0,0,0
1,广西,69,False,0,0,0,0,0
1,广西,70,False,0,0,0,0,0
1,广西,71,False,0,0,0,0,0
1,广西,72,False,0,0,0,0,0
1,广西,73,False,0,0,0,0,0
1,广西,74,False,0,0,0,0,0
1,广西,75,False,0,0,0,0,0
1,广西,76,False,0,0,0,0,0
1,广西,77,False,0,0,0,0,0
1,广西,78,False,0,0,0,0,0
1,广西,79,False,0,0,0,0,0
1,广西,80,False,0,0,0,0,0
1,广西,81,False,0,0,0,0,0
1,广西,82,False,0,0,0,0,0
1,广西,83,False,0,0,0,0,0
1,广西,84,False,0,0,0,0,0
1,广西,85,False,0,0,0,0,0
1,广西,86,False,0,0,0,0,0
1,广西,87,False,0,0,0,0,0
1,广西,88,False,0,0,0,0,0
1,广西,89,False,0,0,0,0,0
1,广西,90,False,0,0,0,0,0
1,广西,91,False,0,0,0,0,0
1,广西,92,False,0,0,0,0,0
1,广西,93,False,0,0,0,0,0
1,广西,94,False,0,0,0,0,0
1,广西,95,False,0,0,0,0,0
1,广西,96,False,0,0,0,0,0
1,广西,97,False,0,0,0,0,0
1,广西,98,False,0,0,0,0,0
1,广西,99,False,0,0,0,0,0
1,广西,100,False,0,0,0,0,0
1,海南,1,False,0,0,0,0,0
1,海南,2,False,0,0,0,0,0
1,海南,3,False,0,0,0,0,0
1,海南,4,False,0,0,0,0,0
1,海南,5,False,0,0,0,0,0
1,海南,6,False,0,0,0,0,0
1,海南,7,False,0,0,0,0,0
1,海南,8,False,0,0,0,0,0
1,海南,9,False,0,0,0,0,0
1,海南,10,False,0,0,0,0,0
1,海南,11,False,0,0,0,0,0
1,海南,12,False,0,0,0,0,0
1,海南,13,False,0,0,0,0,0
1,海南,14,False,0,0,0,0,0
1,重庆,1,False,0,0,0,0,0
1,重庆,2,False,0,0,0,0,0
1,重庆,3,False,0,0,0,0,0
1,重庆,4,False,0,0,0,0,0
1,重庆,5,False,0,0,0,0,0
1,重庆,6,False,0,0,0,0,0
1,重庆,7,False,0,0,0,0,0
1,重庆,8,False,0,0,0,0,0
1,重庆,9,False,0,0,0,0,0
1,重庆,10,False,0,0,0,0,0
1,重庆,11,False,0,0,0,0,0
1,重庆,12,False,0,0,0,0,0
1,重庆,13,False,0,0,0,0,0
1,重庆,14,False,0,0,0,0,0
1,重庆,15,False,0,0,0,0,0
1,重庆,16,False,0,0,0,0,0
1,重庆,17,False,0,0,0,0,0
1,重庆,18,False,0,0,0,0,0
1,重庆,19,False,0,0,0,0,0
1,重庆,20,False,0,0,0,0,0
1,重庆,21,False,0,0,0,0,0
1,重庆,22,False,0,0,0,0,0
1,重庆,23,False,0,0,0,0,0
1,重庆,24,False,0,0,0,0,0
1,重庆,25,False,0,0,0,0,0
1,重庆,26,False,0,0,0,0,0
1,重庆,27,False,0,0,0,0,0
1,重庆,28,False,0,0,0,0,0
1,重庆,29,False,0,0,0,0,0
1,重庆,30,False,0,0,0,0,0
1,重庆,31,False,0,0,0,0,0
1,重庆,32,False,0,0,0,0,0
1,重庆,33,False,0,0,0,0,0
1,重庆,34,False,0,0,0,0,0
1,重庆,35,False,0,0,0,0,0
1,重庆,36,False,0,0,0,0,0
1,重庆,37,False,0,0,0,0,0
1,重庆,38,False,0,0,0,0,0
1,重庆,39,False,0,0,0,0,0
1,重庆,40,False,0,0,0,0,0
1,重庆,41,False,0,0,0,0,0
1,重庆,42,False,0,0,0,0,0
1,重庆,43,False,0,0,0,0,0
1,重庆,44,False,0,0,0,0,0
1,重庆,45,False,0,0,0,0,0
1,重庆,46,False,0,0,0,0,0
1,重庆,47,False,0,0,0,0,0
1,重庆,48,False,0,0,0,0,0
1,重庆,49,False,0,0,0,0,0
1,重庆,50,False,0,0,0,0,0
1,重庆,51,False,0,0,0,0,0
1,重庆,52,False,0,0,0,0,0
1,重庆,53,False,0,0,0,0,0
1,重庆,54,False,0,0,0,0,0
1,重庆,55,False,0,0,0,0,0
1,重庆,56,False,0,0,0,0,0
1,重庆,57,False,0,0,0,0,0
1,重庆,58,False,0,0,0,0,0
1,重庆,59,False,0,0,0,0,0
1,重庆,60,False,0,0,0,0,0
1,重庆,61,False,0,0,0,0,0
1,重庆,62,False,0,0,0,0,0
1,重庆,63,False,0,0,0,0,0
1,重庆,64,False,0,0,0,0,0
1,重庆,65,False,0,0,0,0,0
1,重庆,66,False,0,0,0,0,0
1,重庆,67,False,0,0,0,0,0
1,重庆,68,False,0,0,0,0,0
1,重庆,69,False,0,0,0,0,0
1,重庆,70,False,0,0,0,0,0
1,重庆,71,False,0,0,0,0,0
1,重庆,72,False,0,0,0,0,0
1,重庆,73,False,0,0,0,0,0
1,重庆,74,False,0,0,0,0,0
1,重庆,75,False,0,0,0,0,0
1,重庆,76,False,0,0,0,0,0
1,重庆,77,False,0,0,0,0,0
1,重庆,78,False,0,0,0,0,0
1,重庆,79,False,0,0,0,0,0
1,重庆,80,False,0,0,0,0,0
1,重庆,81,False,0,0,0,0,0
1,重庆,82,False,0,0,0,0,0
1,重庆,83,False,0,0,0,0,0
1,重庆,84,False,0,0,0,0,0
1,重庆,85,False,0,0,0,0,0
1,重庆,86,False,0,0,0,0,0
1,重庆,87,False,0,0,0,0,0
1,重庆,88,False,0,0,0,0,0
1,重庆,89,False,0,0,0,0,0
1,重庆,90,False,0,0,0,0,0
1,重庆,91,False,0,0,0,0,0
1,重庆,92,False,0,0,0,0,0
1,重庆,93,False,0,0,0,0,0
1,重庆,94,False,0,0,0,0,0
1,重庆,95,False,0,0,0,0,0
1,重庆,96,False,0,0,0,0,0
1,重庆,97,False,0,0,0,0,0
1,重庆,98,False,0,0,0,0,0
1,重庆,99,False,0,0,0,0,0
1,重庆,100,False,0,0,0,0,0
1,四川,1,False,0,0,0,0,0
1,四川,2,False,0,0,0,0,0
1,四川,3,False,0,0,0,0,0
1,四川,4,False,0,0,0,0,0
1,四川,5,False,0,0,0,0,0
1,四川,6,False,0,0,0,0,0
1,四川,7,False,0,0,0,0,0
1,四川,8,False,0,0,0,0,0
1,四川,9,False,0,0,0,0,0
1,四川,10,False,0,0,0,0,0
1,四川,11,False,0,0,0,0,0
1,四川,12,False,0,0,0,0,0
1,四川,13,False,0,0,0,0,0
1,四川,14,False,0,0,0,0,0
1,四川,15,False,0,0,0,0,0
1,四川,16,False,0,0,0,0,0
1,四川,17,False,0,0,0,0,0
1,四川,18,False,0,0,0,0,0
1,四川,19,False,0,0,0,0,0
1,四川,20,False,0,0,0,0,0
1,四川,21,False,0,0,0,0,0
1,四川,22,False,0,0,0,0,0
1,四川,23,False,0,0,0,0,0
1,四川,24,False,0,0,0,0,0
1,四川,25,False,0,0,0,0,0
1,四川,26,False,0,0,0,0,0
1,四川,27,False,0,0,0,0,0
1,四川,28,False,0,0,0,0,0
1,四川,29,False,0,0,0,0,0
1,四川,30,False,0,0,0,0,0
1,四川,31,False,0,0,0,0,0
1,四川,32,False,0,0,0,0,0
1,四川,33,False,0,0,0,0,0
1,四川,34,False,0,0,0,0,0
1,四川,35,False,0,0,0,0,0
1,四川,36,False,0,0,0,0,0
1,四川,37,False,0,0,0,0,0
1,四川,38,False,0,0,0,0,0
1,四川,39,False,0,0,0,0,0
1,四川,40,False,0,0,0,0,0
1,四川,41,False,0,0,0,0,0
1,四川,42,False,0,0,0,0,0
1,四川,43,False,0,0,0,0,0
1,四川,44,False,0,0,0,0,0
1,四川,45,False,0,0,0,0,0
1,四川,46,False,0,0,0,0,0
1,四川,47,False,0,0,0,0,0
1,四川,48,False,0,0,0,0,0
1,四川,49,False,0,0,0,0,0
1,四川,50,False,0,0,0,0,0
1,四川,51,False,0,0,0,0,0
1,四川,52,False,0,0,0,0,0
1,四川,53,False,0,0,0,0,0
1,四川,54,False,0,0,0,0,0
1,四川,55,False,0,0,0,0,0
1,四川,56,False,0,0,0,0,0
1,四川,57,False,0,0,0,0,0
1,四川,58,False,0,0,0,0,0
1,四川,59,False,0,0,0,0,0
1,四川,60,False,0,0,0,0,0
1,四川,61,False,0,0,0,0,0
1,四川,62,False,0,0,0,0,0
1,四川,63,False,0,0,0,0,0
1,四川,64,False,0,0,0,0,0
1,四川,65,False,0,0,0,0,0
1,四川,66,False,0,0,0,0,0
1,四川,67,False,0,0,0,0,0
1,四川,68,False,0,0,0,0,0
1,四川,69,False,0,0,0,0,0
1,四川,70,False,0,0,0,0,0
1,四川,71,False,0,0,0,0,0
1,四川,72,False,0,0,0,0,0
1,四川,73,False,0,0,0,0,0
1,四川,74,False,0,0,0,0,0
1,四川,75,False,0,0,0,0,0
1,四川,76,False,0,0,0,0,0
1,四川,77,False,0,0,0,0,0
1,四川,78,False,0,0,0,0,0
1,四川,79,False,0,0,0,0,0
1,四川,80,False,0,0,0,0,0
1,四川,81,False,0,0,0,0,0
1,四川,82,False,0,0,0,0,0
1,四川,83,False,0,0,0,0,0
1,四川,84,False,0,0,0,0,0
1,四川,85,False,0,0,0,0,0
1,四川,86,False,0,0,0,0,0
1,四川,87,False,0,0,0,0,0
1,四川,88,False,0,0,0,0,0
1,四川,89,False,0,0,0,0,0
1,四川,90,False,0,0,0,0,0
1,四川,91,False,0,0,0,0,0
1,四川,92,False,0,0,0,0,0
1,四川,93,False,0,0,0,0,0
1,四川,94,False,0,0,0,0,0
1,四川,95,False,0,0,0,0,0
1,四川,96,False,0,0,0,0,0
1,四川,97,False,0,0,0,0,0
1,四川,98,False,0,0,0,0,0
1,四川,99,False,0,0,0,0,0
1,四川,100,False,0,0,0,0,0
1,贵州,1,False,0,0,0,0,0
1,贵州,2,False,0,0,0,0,0
1,贵州,3,False,0,0,0,0,0
1,贵州,4,False,0,0,0,0,0
1,贵州,5,False,0,0,0,0,0
1,贵州,6,False,0,0,0,0,0
1,贵州,7,False,0,0,0,0,0
1,贵州,8,False,0,0,0,0,0
1,贵州,9,False,0,0,0,0,0
1,贵州,10,False,0,0,0,0,0
1,贵州,11,False,0,0,0,0,0
1,贵州,12,False,0,0,0,0,0
1,贵州,13,False,0,0,0,0,0
1,贵州,14,False,0,0,0,0,0
1,贵州,15,False,0,0,0,0,0
1,贵州,16,False,0,0,0,0,0
1,贵州,17,False,0,0,0,0,0
1,贵州,18,False,0,0,0,0,0
1,贵州,19,False,0,0,0,0,0
1,贵州,20,False,0,0,0,0,0
1,贵州,21,False,0,0,0,0,0
1,贵州,22,False,0,0,0,0,0
1,贵州,23,False,0,0,0,0,0
1,贵州,24,False,0,0,0,0,0
1,贵州,25,False,0,0,0,0,0
1,贵州,26,False,0,0,0,0,0
1,贵州,27,False,0,0,0,0,0
1,贵州,28,False,0,0,0,0,0
1,贵州,29,False,0,0,0,0,0
1,贵州,30,False,0,0,0,0,0
1,贵州,31,False,0,0,0,0,0
1,贵州,32,False,0,0,0,0,0
1,贵州,33,False,0,0,0,0,0
1,贵州,34,False,0,0,0,0,0
1,贵州,35,False,0,0,0,0,0
1,贵州,36,False,0,0,0,0,0
1,贵州,37,False,0,0,0,0,0
1,贵州,38,False,0,0,0,0,0
1,贵州,39,False,0,0,0,0,0
1,贵州,40,False,0,0,0,0,0
1,贵州,41,False,0,0,0,0,0
1,贵州,42,False,0,0,0,0,0
1,贵州,43,False,0,0,0,0,0
1,贵州,44,False,0,0,0,0,0
1,贵州,45,False,0,0,0,0,0
1,贵州,46,False,0,0,0,0,0
1,贵州,47,False,0,0,0,0,0
1,贵州,48,False,0,0,0,0,0
1,贵州,49,False,0,0,0,0,0
1,贵州,50,False,0,0,0,0,0
1,贵州,51,False,0,0,0,0,0
1,贵州,52,False,0,0,0,0,0
1,贵州,53,False,0,0,0,0,0
1,贵州,54,False,0,0,0,0,0
1,贵州,55,False,0,0,0,0,0
1,贵州,56,False,0,0,0,0,0
1,贵州,57,False,0,0,0,0,0
1,贵州,58,False,0,0,0,0,0
1,贵州,59,False,0,0,0,0,0
1,贵州,60,False,0,0,0,0,0
1,贵州,61,False,0,0,0,0,0
1,贵州,62,False,0,0,0,0,0
1,贵州,63,False,0,0,0,0,0
1,贵州,64,False,0,0,0,0,0
1,贵州,65,False,0,0,0,0,0
1,贵州,66,False,0,0,0,0,0
1,贵州,67,False,0,0,0,0,0
1,贵州,68,False,0,0,0,0,0
1,贵州,69,False,0,0,0,0,0
1,贵州,70,False,0,0,0,0,0
1,贵州,71,False,0,0,0,0,0
1,贵州,72,False,0,0,0,0,0
1,贵州,73,False,0,0,0,0,0
1,贵州,74,False,0,0,0,0,0
1,贵州,75,False,0,0,0,0,0
1,贵州,76,False,0,0,0,0,0
1,贵州,77,False,0,0,0,0,0
1,贵州,78,False,0,0,0,0,0
1,贵州,79,False,0,0,0,0,0
1,贵州,80,False,0,0,0,0,0
1,贵州,81,False,0,0,0,0,0
1,贵州,82,False,0,0,0,0,0
1,贵州,83,False,0,0,0,0,0
1,贵州,84,False,0,0,0,0,0
1,贵州,85,False,0,0,0,0,0
1,贵州,86,False,0,0,0,0,0
1,贵州,87,False,0,0,0,0,0
1,贵州,88,False,0,0,0,0,0
1,贵州,89,False,0,0,0,0,0
1,贵州,90,False,0,0,0,0,0
1,贵州,91,False,0,0,0,0,0
1,贵州,92,False,0,0,0,0,0
1,贵州,93,False,0,0,0,0,0
1,贵州,94,False,0,0,0,0,0
1,贵州,95,False,0,0,0,0,0
1,贵州,96,False,0,0,0,0,0
1,贵州,97,False,0,0,0,0,0
1,贵州,98,False,0,0,0,0,0
1,贵州,99,False,0,0,0,0,0
1,贵州,100,False,0,0,0,0,0
1,云南,1,False,0,0,0,0,0
1,云南,2,False,0,0,0,0,0
1,云南,3,False,0,0,0,0,0
1,云南,4,False,0,0,0,0,0
1,云南,5,False,0,0,0,0,0
1,云南,6,False,0,0,0,0,0
1,云南,7,False,0,0,0,0,0
1,云南,8,False,0,0,0,0,0
1,云南,9,False,0,0,0,0,0
1,云南,10,False,0,0,0,0,0
1,云南,11,False,0,0,0,0,0
1,云南,12,False,0,0,0,0,0
1,云南,13,False,0,0,0,0,0
1,云南,14,False,0,0,0,0,0
1,云南,15,False,0,0,0,0,0
1,云南,16,False,0,0,0,0,0
1,云南,17,False,0,0,0,0,0
1,云南,18,False,0,0,0,0,0
1,云南,19,False,0,0,0,0,0
1,云南,20,False,0,0,0,0,0
1,云南,21,False,0,0,0,0,0
1,云南,22,False,0,0,0,0,0
1,云南,23,False,0,0,0,0,0
1,云南,24,False,0,0,0,0,0
1,云南,25,False,0,0,0,0,0
1,云南,26,False,0,0,0,0,0
1,云南,27,False,0,0,0,0,0
1,云南,28,False,0,0,0,0,0
1,云南,29,False,0,0,0,0,0
1,云南,30,False,0,0,0,0,0
1,云南,31,False,0,0,0,0,0
1,云南,32,False,0,0,0,0,0
1,云南,33,False,0,0,0,0,0
1,云南,34,False,0,0,0,0,0
1,云南,35,False,0,0,0,0,0
1,云南,36,False,0,0,0,0,0
1,云南,37,False,0,0,0,0,0
1,云南,38,False,0,0,0,0,0
1,云南,39,False,0,0,0,0,0
1,云南,40,False,0,0,0,0,0
1,云南,41,False,0,0,0,0,0
1,云南,42,False,0,0,0,0,0
1,云南,43,False,0,0,0,0,0
1,云南,44,False,0,0,0,0,0
1,云南,45,False,0,0,0,0,0
1,云南,46,False,0,0,0,0,0
1,云南,47,False,0,0,0,0,0
1,云南,48,False,0,0,0,0,0
1,云南,49,False,0,0,0,0,0
1,云南,50,False,0,0,0,0,0
1,云南,51,False,0,0,0,0,0
1,云南,52,False,0,0,0,0,0
1,云南,53,False,0,0,0,0,0
1,云南,54,False,0,0,0,0,0
1,云南,55,False,0,0,0,0,0
1,云南,56,False,0,0,0,0,0
1,云南,57,False,0,0,0,0,0
1,云南,58,False,0,0,0,0,0
1,云南,59,False,0,0,0,0,0
1,云南,60,False,0,0,0,0,0
1,西藏,1,False,0,0,0,0,0
1,西藏,2,False,0,0,0,0,0
1,西藏,3,False,0,0,0,0,0
1,西藏,4,False,0,0,0,0,0
1,西藏,5,False,0,0,0,0,0
1,西藏,6,False,0,0,0,0,0
1,西藏,7,False,0,0,0,0,0
1,西藏,8,False,0,0,0,0,0
1,西藏,9,False,0,0,0,0,0
1,西藏,10,False,0,0,0,0,0
1,西藏,11,False,0,0,0,0,0
1,西藏,12,False,0,0,0,0,0
1,西藏,13,False,0,0,0,0,0
1,陕西,1,False,0,0,0,0,0
1,陕西,2,False,0,0,0,0,0
1,陕西,3,False,0,0,0,0,0
1,陕西,4,False,0,0,0,0,0
1,陕西,5,False,0,0,0,0,0
1,陕西,6,False,0,0,0,0,0
1,陕西,7,False,0,0,0,0,0
1,陕西,8,False,0,0,0,0,0
1,陕西,9,False,0,0,0,0,0
1,陕西,10,False,0,0,0,0,0
1,陕西,11,False,0,0,0,0,0
1,陕西,12,False,0,0,0,0,0
1,陕西,13,False,0,0,0,0,0
1,陕西,14,False,0,0,0,0,0
1,陕西,15,False,0,0,0,0,0
1,陕西,16,False,0,0,0,0,0
1,陕西,17,False,0,0,0,0,0
1,陕西,18,False,0,0,0,0,0
1,陕西,19,False,0,0,0,0,0
1,陕西,20,False,0,0,0,0,0
1,陕西,21,False,0,0,0,0,0
1,陕西,22,False,0,0,0,0,0
1,陕西,23,False,0,0,0,0,0
1,陕西,24,False,0,0,0,0,0
1,陕西,25,False,0,0,0,0,0
1,陕西,26,False,0,0,0,0,0
1,陕西,27,False,0,0,0,0,0
1,陕西,28,False,0,0,0,0,0
1,陕西,29,False,0,0,0,0,0
1,陕西,30,False,0,0,0,0,0
1,陕西,31,False,0,0,0,0,0
1,陕西,32,False,0,0,0,0,0
1,陕西,33,False,0,0,0,0,0
1,陕西,34,False,0,0,0,0,0
1,陕西,35,False,0,0,0,0,0
1,陕西,36,False,0,0,0,0,0
1,陕西,37,False,0,0,0,0,0
1,陕西,38,False,0,0,0,0,0
1,陕西,39,False,0,0,0,0,0
1,陕西,40,False,0,0,0,0,0
1,陕西,41,False,0,0,0,0,0
1,陕西,42,False,0,0,0,0,0
1,陕西,43,False,0,0,0,0,0
1,陕西,44,False,0,0,0,0,0
1,陕西,45,False,0,0,0,0,0
1,陕西,46,False,0,0,0,0,0
1,陕西,47,False,0,0,0,0,0
1,陕西,48,False,0,0,0,0,0
1,陕西,49,False,0,0,0,0,0
1,陕西,50,False,0,0,0,0,0
1,陕西,51,False,0,0,0,0,0
1,陕西,52,False,0,0,0,0,0
1,陕西,53,False,0,0,0,0,0
1,陕西,54,False,0,0,0,0,0
1,陕西,55,False,0,0,0,0,0
1,陕西,56,False,0,0,0,0,0
1,陕西,57,False,0,0,0,0,0
1,陕西,58,False,0,0,0,0,0
1,陕西,59,False,0,0,0,0,0
1,陕西,60,False,0,0,0,0,0
1,陕西,61,False,0,0,0,0,0
1,陕西,62,False,0,0,0,0,0
1,陕西,63,False,0,0,0,0,0
1,陕西,64,False,0,0,0,0,0
1,陕西,65,False,0,0,0,0,0
1,陕西,66,False,0,0,0,0,0
1,陕西,67,False,0,0,0,0,0
1,陕西,68,False,0,0,0,0,0
1,陕西,69,False,0,0,0,0,0
1,陕西,70,False,0,0,0,0,0
1,陕西,71,False,0,0,0,0,0
1,陕西,72,False,0,0,0,0,0
1,陕西,73,False,0,0,0,0,0
1,陕西,74,False,0,0,0,0,0
1,陕西,75,False,0,0,0,0,0
1,陕西,76,False,0,0,0,0,0
1,陕西,77,False,0,0,0,0,0
1,甘肃,1,False,0,0,0,0,0
1,甘肃,2,False,0,0,0,0,0
1,甘肃,3,False,0,0,0,0,0
1,甘肃,4,False,0,0,0,0,0
1,甘肃,5,False,0,0,0,0,0
1,甘肃,6,False,0,0,0,0,0
1,甘肃,7,False,0,0,0,0,0
1,甘肃,8,False,0,0,0,0,0
1,甘肃,9,False,0,0,0,0,0
1,甘肃,10,False,0,0,0,0,0
1,甘肃,11,False,0,0,0,0,0
1,甘肃,12,False,0,0,0,0,0
1,甘肃,13,False,0,0,0,0,0
1,甘肃,14,False,0,0,0,0,0
1,甘肃,15,False,0,0,0,0,0
1,甘肃,16,False,0,0,0,0,0
1,甘肃,17,False,0,0,0,0,0
1,甘肃,18,False,0,0,0,0,0
1,甘肃,19,False,0,0,0,0,0
1,甘肃,20,False,0,0,0,0,0
1,甘肃,21,False,0,0,0,0,0
1,甘肃,22,False,0,0,0,0,0
1,甘肃,23,False,0,0,0,0,0
1,甘肃,24,False,0,0,0,0,0
1,甘肃,25,False,0,0,0,0,0
1,甘肃,26,False,0,0,0,0,0
1,甘肃,27,False,0,0,0,0,0
1,甘肃,28,False,0,0,0,0,0
1,甘肃,29,False,0,0,0,0,0
1,甘肃,30,False,0,0,0,0,0
1,甘肃,31,False,0,0,0,0,0
1,甘肃,32,False,0,0,0,0,0
1,甘肃,33,False,0,0,0,0,0
1,甘肃,34,False,0,0,0,0,0
1,甘肃,35,False,0,0,0,0,0
1,甘肃,36,False,0,0,0,0,0
1,甘肃,37,False,0,0,0,0,0
1,甘肃,38,False,0,0,0,0,0
1,甘肃,39,False,0,0,0,0,0
1,甘肃,40,False,0,0,0,0,0
1,甘肃,41,False,0,0,0,0,0
1,甘肃,42,False,0,0,0,0,0
1,甘肃,43,False,0,0,0,0,0
1,甘肃,44,False,0,0,0,0,0
1,甘肃,45,False,0,0,0,0,0
1,甘肃,46,False,0,0,0,0,0
1,甘肃,47,False,0,0,0,0,0
1,甘肃,48,False,0,0,0,0,0
1,甘肃,49,False,0,0,0,0,0
1,甘肃,50,False,0,0,0,0,0
1,甘肃,51,False,0,0,0,0,0
1,甘肃,52,False,0,0,0,0,0
1,甘肃,53,False,0,0,0,0,0
1,甘肃,54,False,0,0,0,0,0
1,甘肃,55,False,0,0,0,0,0
1,甘肃,56,False,0,0,0,0,0
1,甘肃,57,False,0,0,0,0,0
1,甘肃,58,False,0,0,0,0,0
1,甘肃,59,False,0,0,0,0,0
1,甘肃,60,False,0,0,0,0,0
1,甘肃,61,False,0,0,0,0,0
1,甘肃,62,False,0,0,0,0,0
1,甘肃,63,False,0,0,0,0,0
1,甘肃,64,False,0,0,0,0,0
1,甘肃,65,False,0,0,0,0,0
1,甘肃,66,False,0,0,0,0,0
1,甘肃,67,False,0,0,0,0,0
1,甘肃,68,False,0,0,0,0,0
1,甘肃,69,False,0,0,0,0,0
1,甘肃,70,False,0,0,0,0,0
1,甘肃,71,False,0,0,0,0,0
1,甘肃,72,False,0,0,0,0,0
1,甘肃,73,False,0,0,0,0,0
1,甘肃,74,False,0,0,0,0,0
1,甘肃,75,False,0,0,0,0,0
1,甘肃,76,False,0,0,0,0,0
1,甘肃,77,False,0,0,0,0,0
1,甘肃,78,False,0,0,0,0,0
1,甘肃,79,False,0,0,0,0,0
1,甘肃,80,False,0,0,0,0,0
1,甘肃,81,False,0,0,0,0,0
1,甘肃,82,False,0,0,0,0,0
1,甘肃,83,False,0,0,0,0,0
1,甘肃,84,False,0,0,0,0,0
1,甘肃,85,False,0,0,0,0,0
1,甘肃,86,False,0,0,0,0,0
1,甘肃,87,False,0,0,0,0,0
1,甘肃,88,False,0,0,0,0,0
1,甘肃,89,False,0,0,0,0,0
1,甘肃,90,False,0,0,0,0,0
1,甘肃,91,False,0,0,0,0,0
1,甘肃,92,False,0,0,0,0,0
1,甘肃,93,False,0,0,0,0,0
1,甘肃,94,False,0,0,0,0,0
1,甘肃,95,False,0,0,0,0,0
1,甘肃,96,False,0,0,0,0,0
1,甘肃,97,False,0,0,0,0,0
1,甘肃,98,False,0,0,0,0,0
1,甘肃,99,False,0,0,0,0,0
1,甘肃,100,False,0,0,0,0,0
1,青海,1,False,0,0,0,0,0
1,青海,2,False,0,0,0,0,0
1,青海,3,False,0,0,0,0,0
1,青海,4,False,0,0,0,0,0
1,青海,5,False,0,0,0,0,0
1,青海,6,False,0,0,0,0,0
1,青海,7,False,0,0,0,0,0
1,青海,8,False,0,0,0,0,0
1,青海,9,False,0,0,0,0,0
1,青海,10,False,0,0,0,0,0
1,青海,11,False,0,0,0,0,0
1,青海,12,False,0,0,0,0,0
1,青海,13,False,0,0,0,0,0
1,青海,14,False,0,0,0,0,0
1,青海,15,False,0,0,0,0,0
1,青海,16,False,0,0,0,0,0
1,青海,17,False,0,0,0,0,0
1,青海,18,False,0,0,0,0,0
1,青海,19,False,0,0,0,0,0
1,青海,20,False,0,0,0,0,0
1,青海,21,False,0,0,0,0,0
1,青海,22,False,0,0,0,0,0
1,青海,23,False,0,0,0,0,0
1,青海,24,False,0,0,0,0,0
1,宁夏,1,False,0,0,0,0,0
1,宁夏,2,False,0,0,0,0,0
1,宁夏,3,False,0,0,0,0,0
1,宁夏,4,False,0,0,0,0,0
1,宁夏,5,False,0,0,0,0,0
1,宁夏,6,False,0,0,0,0,0
1,宁夏,7,False,0,0,0,0,0
1,宁夏,8,False,0,0,0,0,0
1,宁夏,9,False,0,0,0,0,0
1,宁夏,10,False,0,0,0,0,0
1,宁夏,11,False,0,0,0,0,0
1,宁夏,12,False,0,0,0,0,0
1,宁夏,13,False,0,0,0,0,0
1,宁夏,14,False,0,0,0,0,0
1,宁夏,15,False,0,0,0,0,0
1,宁夏,16,False,0,0,0,0,0
1,宁夏,17,False,0,0,0,0,0
1,新疆,1,False,0,0,0,0,0
1,新疆,2,False,0,0,0,0,0
1,新疆,3,False,0,0,0,0,0
1,新疆,4,False,0,0,0,0,0
1,新疆,5,False,0,0,0,0,0
1,新疆,6,False,0,0,0,0,0
1,新疆,7,False,0,0,0,0,0
1,新疆,8,False,0,0,0,0,0
1,新疆,9,False,0,0,0,0,0
1,新疆,10,False,0,0,0,0,0
1,新疆,11,False,0,0,0,0,0
1,新疆,12,False,0,0,0,0,0
1,新疆,13,False,0,0,0,0,0
1,新疆,14,False,0,0,0,0,0
1,新疆,15,False,0,0,0,0,0
2,北京,1,True,3200,0,0,0,0
2,北京,2,True,3200,0,0,0,0
2,北京,3,True,3200,0,0,0,0
2,北京,4,True,3200,3,0,0,0
2,北京,5,True,3200,4,0,0,0
2,北京,6,True,3200,5,2,0,2
2,北京,7,True,3200,0,0,0,0
2,北京,8,True,3200,2,1,0,1
2,北京,9,True,3200,0,0,0,0
2,北京,10,True,3200,0,0,0,0
2,北京,11,True,3200,0,0,0,0
2,北京,12,True,3200,3,2,2,0
2,北京,13,True,3200,2,0,0,0
2,北京,14,True,3200,3,0,0,0
2,北京,15,True,3200,14,3,3,0
2,北京,16,True,3200,0,0,0,0
2,北京,17,True,3200,0,0,0,0
2,北京,18,True,3200,2,0,0,0
2,北京,19,True,3200,2,0,0,0
2,北京,20,True,3200,4,2,2,0
2,北京,21,True,3200,0,0,0,0
2,北京,22,True,3200,0,0,0,0
2,北京,23,True,3200,0,0,0,0
2,北京,24,True,3200,1,1,1,0
2,北京,25,True,3200,0,0,0,0
2,北京,26,True,3200,2,1,0,1
2,北京,27,True,3200,0,0,0,0
2,北京,28,True,3200,2,1,0,1
2,北京,29,True,3200,2,1,0,1
2,北京,30,True,3200,8,2,1,1
2,北京,31,True,3200,0,0,0,0
2,北京,32,True,3200,0,0,0,0
2,北京,33,True,3200,0,0,0,0
2,北京,34,True,3200,3,1,0,1
2,北京,35,True,3200,2,1,1,0
2,北京,36,True,3200,2,2,2,0
2,北京,37,True,3200,4,2,0,2
2,北京,38,True,3200,0,0,0,0
2,北京,39,True,3200,0,0,0,0
2,北京,40,True,3200,0,0,0,0
2,北京,41,True,3200,0,0,0,0
2,北京,42,True,3200,0,0,0,0
2,北京,43,True,3200,0,0,0,0
2,北京,44,True,3200,0,0,0,0
2,北京,45,True,3200,0,0,0,0
2,北京,46,True,3200,1,1,1,0
2,北京,47,True,3200,5,2,2,0
2,北京,48,True,3200,0,0,0,0
2,北京,49,True,3200,2,0,0,0
2,北京,50,True,3200,0,0,0,0
2,北京,51,True,3200,22,6,5,1
2,北京,52,True,3200,0,0,0,0
2,北京,53,True,3200,0,0,0,0
2,北京,54,True,3200,0,0,0,0
2,北京,55,True,3200,0,0,0,0
2,北京,56,True,3200,0,0,0,0
2,北京,57,True,3200,0,0,0,0
2,北京,58,True,3200,4,1,1,0
2,北京,59,True,3200,0,0,0,0
2,北京,60,True,3200,0,0,0,0
2,北京,61,True,3200,3,0,0,0
2,北京,62,True,3200,0,0,0,0
2,北京,63,True,3200,0,0,0,0
2,北京,64,True,3200,0,0,0,0
2,北京,65,True,3200,1,1,1,0
2,北京,66,True,3200,0,0,0,0
2,北京,67,True,3200,0,0,0,0
2,北京,68,True,3200,0,0,0,0
2,北京,69,True,3200,0,0,0,0
2,北京,70,True,3200,0,0,0,0
2,北京,71,True,3200,0,0,0,0
2,北京,72,True,3200,0,0,0,0
2,北京,73,True,3200,0,0,0,0
2,北京,74,True,3200,0,0,0,0
2,北京,75,True,3200,0,0,0,0
2,北京,76,True,3200,0,0,0,0
2,北京,77,True,3200,0,0,0,0
2,北京,78,True,3200,0,0,0,0
2,北京,79,True,3200,0,0,0,0
2,北京,80,True,3200,0,0,0,0
2,北京,81,True,3200,0,0,0,0
2,北京,82,True,3200,0,0,0,0
2,北京,83,True,3200,0,0,0,0
2,北京,84,True,3200,0,0,0,0
2,北京,85,True,3200,0,0,0,0
2,北京,86,True,3200,0,0,0,0
2,北京,87,True,3200,0,0,0,0
2,北京,88,True,3200,0,0,0,0
2,北京,89,True,3200,0,0,0,0
2,北京,90,True,3200,0,0,0,0
2,北京,91,True,3200,0,0,0,0
2,北京,92,True,3200,0,0,0,0
2,北京,93,True,3200,0,0,0,0
2,北京,94,True,3200,0,0,0,0
2,北京,95,True,3200,0,0,0,0
2,北京,96,True,3200,0,0,0,0
2,北京,97,True,3200,0,0,0,0
2,北京,98,True,3200,0,0,0,0
2,北京,99,True,3200,0,0,0,0
2,北京,100,True,3200,0,0,0,0
2,天津,1,True,3200,0,0,0,0
2,天津,2,True,3200,0,0,0,0
2,天津,3,True,3200,0,0,0,0
2,天津,4,True,3200,0,0,0,0
2,天津,5,True,3200,0,0,0,0
2,天津,6,True,3200,0,0,0,0
2,天津,7,True,3200,0,0,0,0
2,天津,8,True,3200,0,0,0,0
2,天津,9,True,3200,0,0,0,0
2,天津,10,True,3200,0,0,0,0
2,天津,11,True,3200,0,0,0,0
2,天津,12,True,3200,0,0,0,0
2,天津,13,True,3200,0,0,0,0
2,天津,14,True,3200,0,0,0,0
2,天津,15,True,3200,0,0,0,0
2,天津,16,True,3200,0,0,0,0
2,天津,17,True,3200,1,0,0,0
2,天津,18,True,3200,0,0,0,0
2,天津,19,True,3200,4,1,0,1
2,天津,20,True,3200,0,0,0,0
2,天津,21,True,3200,0,0,0,0
2,天津,22,True,3200,0,0,0,0
2,天津,23,True,3200,0,0,0,0
2,天津,24,True,3200,0,0,0,0
2,天津,25,True,3200,1,0,0,0
2,天津,26,True,3200,0,0,0,0
2,天津,27,True,3200,0,0,0,0
2,天津,28,True,3200,0,0,0,0
2,天津,29,True,3200,0,0,0,0
2,天津,30,True,3200,0,0,0,0
2,天津,31,True,3200,0,0,0,0
2,天津,32,True,3200,2,0,0,0
2,天津,33,True,3200,0,0,0,0
2,天津,34,True,3200,0,0,0,0
2,天津,35,True,3200,0,0,0,0
2,天津,36,True,3200,0,0,0,0
2,天津,37,True,3200,0,0,0,0
2,天津,38,True,3200,0,0,0,0
2,天津,39,True,3200,0,0,0,0
2,天津,40,True,3200,2,0,0,0
2,天津,41,True,3200,0,0,0,0
2,天津,42,True,3200,0,0,0,0
2,天津,43,True,3200,6,1,1,0
2,天津,44,True,3200,0,0,0,0
2,天津,45,True,3200,1,1,0,1
2,天津,46,True,3200,0,0,0,0
2,天津,47,True,3200,0,0,0,0
2,天津,48,True,3200,2,0,0,0
2,天津,49,True,3200,0,0,0,0
2,天津,50,True,3200,0,0,0,0
2,天津,51,True,3200,0,0,0,0
2,天津,52,True,3200,0,0,0,0
2,天津,53,True,3200,0,0,0,0
2,天津,54,True,3200,0,0,0,0
2,天津,55,True,3200,0,0,0,0
2,天津,56,True,3200,0,0,0,0
2,天津,57,True,3200,1,0,0,0
2,天津,58,True,3200,0,0,0,0
2,天津,59,True,3200,0,0,0,0
2,天津,60,True,3200,0,0,0,0
2,天津,61,True,3200,0,0,0,0
2,天津,62,True,3200,0,0,0,0
2,天津,63,True,3200,4,0,0,0
2,天津,64,True,3200,0,0,0,0
2,天津,65,True,3200,3,0,0,0
2,天津,66,True,3200,2,0,0,0
2,天津,67,True,3200,2,0,0,0
2,天津,68,True,3200,1,1,0,1
2,天津,69,True,3200,4,0,0,0
2,天津,70,True,3200,0,0,0,0
2,天津,71,True,3200,1,1,1,0
2,天津,72,True,3200,0,0,0,0
2,天津,73,True,3200,0,0,0,0
2,天津,74,True,3200,1,1,1,0
2,天津,75,True,3200,4,1,1,0
2,天津,76,True,3200,0,0,0,0
2,天津,77,True,3200,1,0,0,0
2,天津,78,True,3200,6,1,1,0
2,天津,79,True,3200,0,0,0,0
2,天津,80,True,3200,0,0,0,0
2,天津,81,True,3200,0,0,0,0
2,天津,82,True,3200,6,2,1,1
2,天津,83,True,3200,5,1,0,1
2,天津,84,True,3200,0,0,0,0
2,天津,85,True,3200,0,0,0,0
2,天津,86,True,3200,2,0,0,0
2,天津,87,True,3200,2,0,0,0
2,天津,88,True,3200,6,0,0,0
2,天津,89,True,3200,2,0,0,0
2,天津,90,True,3200,3,1,1,0
2,天津,91,True,3200,1,1,0,1
2,天津,92,True,3200,0,0,0,0
2,天津,93,True,3200,0,0,0,0
2,天津,94,True,3200,0,0,0,0
2,天津,95,True,3200,0,0,0,0
2,天津,96,True,3200,2,0,0,0
2,天津,97,True,3200,2,0,0,0
2,天津,98,True,3200,2,0,0,0
2,天津,99,True,3200,2,1,1,0
2,天津,100,True,3200,0,0,0,0
2,河北,1,True,3200,0,0,0,0
2,河北,2,True,3200,0,0,0,0
2,河北,3,True,3200,0,0,0,0
2,河北,4,True,3200,0,0,0,0
2,河北,5,True,3200,0,0,0,0
2,河北,6,True,3200,0,0,0,0
2,河北,7,True,3200,0,0,0,0
2,河北,8,True,3200,0,0,0,0
2,河北,9,True,3200,4,0,0,0
2,河北,10,True,3200,7,2,2,0
2,河北,11,True,3200,0,0,0,0
2,河北,12,True,3200,2,0,0,0
2,河北,13,True,3200,1,1,1,0
2,河北,14,True,3200,0,0,0,0
2,河北,15,True,3200,1,0,0,0
2,河北,16,True,3200,2,0,0,0
2,河北,17,True,3200,0,0,0,0
2,河北,18,True,3200,5,2,0,2
2,河北,19,True,3200,4,0,0,0
2,河北,20,True,3200,2,1,1,0
2,河北,21,True,3200,6,2,2,0
2,河北,22,True,3200,4,1,1,0
2,河北,23,True,3200,4,0,0,0
2,河北,24,True,3200,8,4,0,4
2,河北,25,True,3200,4,0,0,0
2,河北,26,True,3200,0,0,0,0
2,河北,27,True,3200,0,0,0,0
2,河北,28,True,3200,3,2,2,0
2,河北,29,True,3200,2,0,0,0
2,河北,30,True,3200,2,1,0,1
2,河北,31,True,3200,2,0,0,0
2,河北,32,True,3200,0,0,0,0
2,河北,33,True,3200,0,0,0,0
2,河北,34,True,3200,2,0,0,0
2,河北,35,True,3200,0,0,0,0
2,河北,36,True,3200,4,0,0,0
2,河北,37,True,3200,0,0,0,0
2,河北,38,True,3200,0,0,0,0
2,河北,39,True,3200,0,0,0,0
2,河北,40,True,3200,2,1,1,0
2,河北,41,True,3200,0,0,0,0
2,河北,42,True,3200,1,0,0,0
2,河北,43,True,3200,0,0,0,0
2,河北,44,True,3200,2,1,1,0
2,河北,45,True,3200,0,0,0,0
2,河北,46,True,3200,0,0,0,0
2,河北,47,True,3200,0,0,0,0
2,河北,48,True,3200,0,0,0,0
2,河北,49,True,3200,0,0,0,0
2,河北,50,True,3200,0,0,0,0
2,河北,51,True,3200,0,0,0,0
2,河北,52,True,3200,2,1,0,1
2,河北,53,True,3200,0,0,0,0
2,河北,54,True,3200,0,0,0,0
2,河北,55,True,3200,1,0,0,0
2,河北,56,True,3200,4,1,1,0
2,河北,57,True,3200,0,0,0,0
2,河北,58,True,3200,0,0,0,0
2,河北,59,True,3200,0,0,0,0
2,河北,60,True,3200,4,2,2,0
2,河北,61,True,3200,0,0,0,0
2,河北,62,True,3200,2,0,0,0
2,河北,63,True,3200,0,0,0,0
2,河北,64,True,3200,0,0,0,0
2,河北,65,True,3200,4,1,1,0
2,河北,66,True,3200,0,0,0,0
2,河北,67,True,3200,8,2,2,0
2,河北,68,True,3200,2,0,0,0
2,河北,69,True,3200,0,0,0,0
2,河北,70,True,3200,0,0,0,0
2,河北,71,True,3200,0,0,0,0
2,河北,72,True,3200,4,0,0,0
2,河北,73,True,3200,4,0,0,0
2,河北,74,True,3200,8,3,3,0
2,河北,75,True,3200,2,0,0,0
2,河北,76,True,3200,0,0,0,0
2,河北,77,True,3200,3,0,0,0
2,河北,78,True,3200,0,0,0,0
2,河北,79,True,3200,0,0,0,0
2,河北,80,True,3200,0,0,0,0
2,河北,81,True,3200,0,0,0,0
2,河北,82,True,3200,2,0,0,0
2,河北,83,True,3200,0,0,0,0
2,河北,84,True,3200,2,0,0,0
2,河北,85,True,3200,2,1,0,1
2,河北,86,True,3200,2,1,0,1
2,河北,87,True,3200,0,0,0,0
2,河北,88,True,3200,0,0,0,0
2,河北,89,True,3200,0,0,0,0
2,河北,90,True,3200,0,0,0,0
2,河北,91,True,3200,0,0,0,0
2,河北,92,True,3200,10,2,2,0
2,河北,93,True,3200,0,0,0,0
2,河北,94,True,3200,4,1,1,0
2,河北,95,True,3200,2,0,0,0
2,河北,96,True,3200,0,0,0,0
2,河北,97,True,3200,0,0,0,0
2,河北,98,True,3200,0,0,0,0
2,河北,99,True,3200,0,0,0,0
2,河北,100,True,3200,2,0,0,0
2,山西,1,True,3200,0,0,0,0
2,山西,2,True,3200,0,0,0,0
2,山西,3,True,3200,0,0,0,0
2,山西,4,True,3200,0,0,0,0
2,山西,5,True,3200,0,0,0,0
2,山西,6,True,3200,0,0,0,0
2,山西,7,True,3200,0,0,0,0
2,山西,8,True,3200,0,0,0,0
2,山西,9,True,3200,0,0,0,0
2,山西,10,True,3200,0,0,0,0
2,山西,11,True,3200,0,0,0,0
2,山西,12,True,3200,0,0,0,0
2,山西,13,True,3200,0,0,0,0
2,山西,14,True,3200,2,1,1,0
2,山西,15,True,3200,1,1,0,1
2,山西,16,True,3200,0,0,0,0
2,山西,17,True,3200,0,0,0,0
2,山西,18,True,3200,0,0,0,0
2,山西,19,True,3200,0,0,0,0
2,山西,20,True,3200,0,0,0,0
2,山西,21,True,3200,4,1,0,1
2,山西,22,True,3200,2,0,0,0
2,山西,23,True,3200,0,0,0,0
2,山西,24,True,3200,0,0,0,0
2,山西,25,True,3200,0,0,0,0
2,山西,26,True,3200,0,0,0,0
2,山西,27,True,3200,0,0,0,0
2,山西,28,True,3200,0,0,0,0
2,山西,29,True,3200,2,0,0,0
2,山西,30,True,3200,8,4,1,3
2,山西,31,True,3200,0,0,0,0
2,山西,32,True,3200,0,0,0,0
2,山西,33,True,3200,0,0,0,0
2,山西,34,True,3200,0,0,0,0
2,山西,35,True,3200,0,0,0,0
2,山西,36,True,3200,0,0,0,0
2,山西,37,True,3200,0,0,0,0
2,山西,38,True,3200,0,0,0,0
2,山西,39,True,3200,0,0,0,0
2,山西,40,True,3200,2,1,0,1
2,山西,41,True,3200,0,0,0,0
2,山西,42,True,3200,4,1,1,0
2,山西,43,True,3200,2,1,1,0
2,山西,44,True,3200,4,0,0,0
2,山西,45,True,3200,0,0,0,0
2,山西,46,True,3200,3,1,1,0
2,山西,47,True,3200,0,0,0,0
2,山西,48,True,3200,2,0,0,0
2,山西,49,True,3200,1,1,1,0
2,山西,50,True,3200,11,4,4,0
2,山西,51,True,3200,2,1,0,1
2,山西,52,True,3200,0,0,0,0
2,山西,53,True,3200,1,1,1,0
2,山西,54,True,3200,0,0,0,0
2,山西,55,True,3200,2,1,0,1
2,山西,56,True,3200,0,0,0,0
2,山西,57,True,3200,0,0,0,0
2,山西,58,True,3200,0,0,0,0
2,山西,59,True,3200,0,0,0,0
2,山西,60,True,3200,0,0,0,0
2,山西,61,True,3200,2,0,0,0
2,山西,62,True,3200,0,0,0,0
2,山西,63,True,3200,0,0,0,0
2,山西,64,True,3200,4,2,2,0
2,山西,65,True,3200,1,0,0,0
2,山西,66,True,3200,4,2,1,1
2,山西,67,True,3200,0,0,0,0
2,山西,68,True,3200,0,0,0,0
2,山西,69,True,3200,0,0,0,0
2,山西,70,True,3200,0,0,0,0
2,山西,71,True,3200,0,0,0,0
2,山西,72,True,3200,8,3,0,3
2,山西,73,True,3200,2,1,0,1
2,山西,74,True,3200,18,4,3,1
2,山西,75,True,3200,8,0,0,0
2,山西,76,True,3200,1,0,0,0
2,山西,77,True,3200,6,0,0,0
2,山西,78,True,3200,6,1,1,0
2,山西,79,True,3200,3,2,1,1
2,山西,80,True,3200,7,1,1,0
2,山西,81,True,3200,4,1,1,0
2,山西,82,True,3200,8,3,0,3
2,山西,83,True,3200,2,1,0,1
2,山西,84,True,3200,2,0,0,0
2,山西,85,True,3200,0,0,0,0
2,山西,86,True,3200,0,0,0,0
2,山西,87,True,3200,0,0,0,0
2,山西,88,True,3200,0,0,0,0
2,山西,89,True,3200,0,0,0,0
2,山西,90,True,3200,0,0,0,0
2,山西,91,True,3200,0,0,0,0
2,山西,92,True,3200,1,0,0,0
2,山西,93,True,3200,1,0,0,0
2,山西,94,True,3200,2,0,0,0
2,山西,95,True,3200,0,0,0,0
2,山西,96,True,3200,0,0,0,0
2,山西,97,True,3200,0,0,0,0
2,山西,98,True,3200,8,2,2,0
2,山西,99,True,3200,0,0,0,0
2,山西,100,True,3200,0,0,0,0
2,内蒙古,1,True,3200,0,0,0,0
2,内蒙古,2,True,3200,0,0,0,0
2,内蒙古,3,True,3200,0,0,0,0
2,内蒙古,4,True,3200,0,0,0,0
2,内蒙古,5,True,3200,0,0,0,0
2,内蒙古,6,True,3200,2,1,1,0
2,内蒙古,7,True,3200,0,0,0,0
2,内蒙古,8,True,3200,4,1,1,0
2,内蒙古,9,True,3200,3,0,0,0
2,内蒙古,10,True,3200,0,0,0,0
2,内蒙古,11,True,3200,0,0,0,0
2,内蒙古,12,True,3200,0,0,0,0
2,内蒙古,13,True,3200,7,1,1,0
2,内蒙古,14,True,3200,2,0,0,0
2,内蒙古,15,True,3200,3,0,0,0
2,内蒙古,16,True,3200,7,3,1,2
2,内蒙古,17,True,3200,0,0,0,0
2,内蒙古,18,True,3200,8,1,1,0
2,内蒙古,19,True,3200,2,0,0,0
2,内蒙古,20,True,3200,0,0,0,0
2,内蒙古,21,True,3200,0,0,0,0
2,内蒙古,22,True,3200,0,0,0,0
2,内蒙古,23,True,3200,0,0,0,0
2,内蒙古,24,True,3200,0,0,0,0
2,内蒙古,25,True,3200,2,1,0,1
2,内蒙古,26,True,3200,8,4,4,0
2,内蒙古,27,True,3200,0,0,0,0
2,内蒙古,28,True,3200,0,0,0,0
2,内蒙古,29,True,3200,0,0,0,0
2,内蒙古,30,True,3200,0,0,0,0
2,内蒙古,31,True,3200,0,0,0,0
2,内蒙古,32,True,3200,0,0,0,0
2,内蒙古,33,True,3200,0,0,0,0
2,内蒙古,34,True,3200,0,0,0,0
2,内蒙古,35,True,3200,4,1,1,0
2,内蒙古,36,True,3200,0,0,0,0
2,内蒙古,37,True,3200,0,0,0,0
2,内蒙古,38,True,3200,0,0,0,0
2,内蒙古,39,True,3200,2,1,0,1
2,内蒙古,40,True,3200,0,0,0,0
2,内蒙古,41,True,3200,0,0,0,0
2,内蒙古,42,True,3200,1,0,0,0
2,内蒙古,43,True,3200,11,3,3,0
2,内蒙古,44,True,3200,3,1,1,0
2,内蒙古,45,True,3200,0,0,0,0
2,内蒙古,46,True,3200,0,0,0,0
2,内蒙古,47,True,3200,2,1,0,1
2,内蒙古,48,True,3200,0,0,0,0
2,内蒙古,49,True,3200,0,0,0,0
2,内蒙古,50,True,3200,0,0,0,0
2,内蒙古,51,True,3200,0,0,0,0
2,内蒙古,52,True,3200,0,0,0,0
2,内蒙古,53,True,3200,0,0,0,0
2,内蒙古,54,True,3200,0,0,0,0
2,内蒙古,55,True,3200,0,0,0,0
2,内蒙古,56,True,3200,0,0,0,0
2,内蒙古,57,True,3200,2,0,0,0
2,内蒙古,58,True,3200,0,0,0,0
2,内蒙古,59,True,3200,0,0,0,0
2,内蒙古,60,True,3200,1,1,1,0
2,内蒙古,61,True,3200,0,0,0,0
2,内蒙古,62,True,3200,0,0,0,0
2,内蒙古,63,True,3200,0,0,0,0
2,内蒙古,64,True,3200,0,0,0,0
2,内蒙古,65,True,3200,0,0,0,0
2,内蒙古,66,True,3200,0,0,0,0
2,内蒙古,67,True,3200,0,0,0,0
2,内蒙古,68,True,3200,1,0,0,0
2,内蒙古,69,True,3200,0,0,0,0
2,内蒙古,70,True,3200,2,0,0,0
2,内蒙古,71,True,3200,2,1,0,1
2,内蒙古,72,True,3200,0,0,0,0
2,内蒙古,73,True,3200,2,0,0,0
2,内蒙古,74,True,3200,0,0,0,0
2,内蒙古,75,True,3200,0,0,0,0
2,内蒙古,76,True,3200,0,0,0,0
2,内蒙古,77,True,3200,0,0,0,0
2,内蒙古,78,True,3200,0,0,0,0
2,内蒙古,79,True,3200,0,0,0,0
2,内蒙古,80,True,3200,0,0,0,0
2,内蒙古,81,True,3200,0,0,0,0
2,内蒙古,82,True,3200,0,0,0,0
2,内蒙古,83,True,3200,2,1,1,0
2,内蒙古,84,True,3200,2,1,1,0
2,内蒙古,85,True,3200,9,3,3,0
2,内蒙古,86,True,3200,0,0,0,0
2,内蒙古,87,True,3200,0,0,0,0
2,内蒙古,88,True,3200,0,0,0,0
2,内蒙古,89,True,3200,0,0,0,0
2,内蒙古,90,True,3200,0,0,0,0
2,内蒙古,91,True,3200,0,0,0,0
2,内蒙古,92,True,3200,0,0,0,0
2,内蒙古,93,True,3200,0,0,0,0
2,内蒙古,94,True,3200,0,0,0,0
2,内蒙古,95,True,3200,0,0,0,0
2,内蒙古,96,True,3200,0,0,0,0
2,内蒙古,97,True,3200,0,0,0,0
2,内蒙古,98,True,3200,0,0,0,0
2,内蒙古,99,True,3200,0,0,0,0
2,内蒙古,100,True,3200,2,1,0,1
2,辽宁,1,True,3200,0,0,0,0
2,辽宁,2,True,3200,0,0,0,0
2,辽宁,3,True,3200,0,0,0,0
2,辽宁,4,True,3200,0,0,0,0
2,辽宁,5,True,3200,0,0,0,0
2,辽宁,6,True,3200,0,0,0,0
2,辽宁,7,True,3200,0,0,0,0
2,辽宁,8,True,3200,0,0,0,0
2,辽宁,9,True,3200,2,0,0,0
2,辽宁,10,True,3200,12,2,2,0
2,辽宁,11,True,3200,4,1,0,1
2,辽宁,12,True,3200,0,0,0,0
2,辽宁,13,True,3200,0,0,0,0
2,辽宁,14,True,3200,0,0,0,0
2,辽宁,15,True,3200,0,0,0,0
2,辽宁,16,True,3200,0,0,0,0
2,辽宁,17,True,3200,0,0,0,0
2,辽宁,18,True,3200,0,0,0,0
2,辽宁,19,True,3200,0,0,0,0
2,辽宁,20,True,3200,0,0,0,0
2,辽宁,21,True,3200,0,0,0,0
2,辽宁,22,True,3200,0,0,0,0
2,辽宁,23,True,3200,0,0,0,0
2,辽宁,24,True,3200,0,0,0,0
2,辽宁,25,True,3200,0,0,0,0
2,辽宁,26,True,3200,5,2,2,0
2,辽宁,27,True,3200,0,0,0,0
2,辽宁,28,True,3200,2,0,0,0
2,辽宁,29,True,3200,0,0,0,0
2,辽宁,30,True,3200,0,0,0,0
2,辽宁,31,True,3200,0,0,0,0
2,辽宁,32,True,3200,2,0,0,0
2,辽宁,33,True,3200,0,0,0,0
2,辽宁,34,True,3200,0,0,0,0
2,辽宁,35,True,3200,0,0,0,0
2,辽宁,36,True,3200,2,0,0,0
2,辽宁,37,True,3200,0,0,0,0
2,辽宁,38,True,3200,0,0,0,0
2,辽宁,39,True,3200,0,0,0,0
2,辽宁,40,True,3200,2,1,1,0
2,辽宁,41,True,3200,0,0,0,0
2,辽宁,42,True,3200,0,0,0,0
2,辽宁,43,True,3200,0,0,0,0
2,辽宁,44,True,3200,0,0,0,0
2,辽宁,45,True,3200,0,0,0,0
2,辽宁,46,True,3200,0,0,0,0
2,辽宁,47,True,3200,0,0,0,0
2,辽宁,48,True,3200,0,0,0,0
2,辽宁,49,True,3200,0,0,0,0
2,辽宁,50,True,3200,0,0,0,0
2,辽宁,51,True,3200,2,1,1,0
2,辽宁,52,True,3200,0,0,0,0
2,辽宁,53,True,3200,0,0,0,0
2,辽宁,54,True,3200,0,0,0,0
2,辽宁,55,True,3200,0,0,0,0
2,辽宁,56,True,3200,0,0,0,0
2,辽宁,57,True,3200,0,0,0,0
2,辽宁,58,True,3200,0,0,0,0
2,辽宁,59,True,3200,0,0,0,0
2,辽宁,60,True,3200,0,0,0,0
2,辽宁,61,True,3200,0,0,0,0
2,辽宁,62,True,3200,0,0,0,0
2,辽宁,63,True,3200,0,0,0,0
2,辽宁,64,True,3200,0,0,0,0
2,辽宁,65,True,3200,0,0,0,0
2,辽宁,66,True,3200,0,0,0,0
2,辽宁,67,True,3200,0,0,0,0
2,辽宁,68,True,3200,0,0,0,0
2,辽宁,69,True,3200,0,0,0,0
2,辽宁,70,True,3200,0,0,0,0
2,辽宁,71,True,3200,0,0,0,0
2,辽宁,72,True,3200,0,0,0,0
2,辽宁,73,True,3200,0,0,0,0
2,辽宁,74,True,3200,0,0,0,0
2,辽宁,75,True,3200,0,0,0,0
2,辽宁,76,True,3200,0,0,0,0
2,辽宁,77,True,3200,0,0,0,0
2,辽宁,78,True,3200,0,0,0,0
2,辽宁,79,True,3200,0,0,0,0
2,辽宁,80,True,3200,0,0,0,0
2,辽宁,81,True,3200,0,0,0,0
2,辽宁,82,True,3200,0,0,0,0
2,辽宁,83,True,3200,0,0,0,0
2,辽宁,84,True,3200,0,0,0,0
2,辽宁,85,True,3200,0,0,0,0
2,辽宁,86,True,3200,0,0,0,0
2,辽宁,87,True,3200,0,0,0,0
2,辽宁,88,True,3200,0,0,0,0
2,辽宁,89,True,3200,2,0,0,0
2,辽宁,90,True,3200,0,0,0,0
2,辽宁,91,True,3200,1,0,0,0
2,辽宁,92,True,3200,0,0,0,0
2,辽宁,93,True,3200,0,0,0,0
2,辽宁,94,True,3200,0,0,0,0
2,辽宁,95,True,3200,0,0,0,0
2,辽宁,96,True,3200,0,0,0,0
2,辽宁,97,True,3200,0,0,0,0
2,辽宁,98,True,3200,0,0,0,0
2,辽宁,99,True,3200,0,0,0,0
2,辽宁,100,True,3200,0,0,0,0
2,吉林,1,True,3200,0,0,0,0
2,吉林,2,True,3200,0,0,0,0
2,吉林,3,True,3200,0,0,0,0
2,吉林,4,True,3200,0,0,0,0
2,吉林,5,True,3200,0,0,0,0
2,吉林,6,True,3200,0,0,0,0
2,吉林,7,True,3200,0,0,0,0
2,吉林,8,True,3200,0,0,0,0
2,吉林,9,True,3200,0,0,0,0
2,吉林,10,True,3200,0,0,0,0
2,吉林,11,True,3200,0,0,0,0
2,吉林,12,True,3200,0,0,0,0
2,吉林,13,True,3200,0,0,0,0
2,吉林,14,True,3200,3,1,1,0
2,吉林,15,True,3200,0,0,0,0
2,吉林,16,True,3200,0,0,0,0
2,吉林,17,True,3200,0,0,0,0
2,吉林,18,True,3200,2,0,0,0
2,吉林,19,True,3200,0,0,0,0
2,吉林,20,True,3200,0,0,0,0
2,吉林,21,True,3200,0,0,0,0
2,吉林,22,True,3200,0,0,0,0
2,吉林,23,True,3200,4,1,1,0
2,吉林,24,True,3200,0,0,0,0
2,吉林,25,True,3200,0,0,0,0
2,吉林,26,True,3200,0,0,0,0
2,吉林,27,True,3200,0,0,0,0
2,吉林,28,True,3200,2,0,0,0
2,吉林,29,True,3200,0,0,0,0
2,吉林,30,True,3200,2,1,0,1
2,吉林,31,True,3200,0,0,0,0
2,吉林,32,True,3200,0,0,0,0
2,吉林,33,True,3200,0,0,0,0
2,吉林,34,True,3200,0,0,0,0
2,吉林,35,True,3200,0,0,0,0
2,吉林,36,True,3200,0,0,0,0
2,吉林,37,True,3200,0,0,0,0
2,吉林,38,True,3200,0,0,0,0
2,吉林,39,True,3200,0,0,0,0
2,吉林,40,True,3200,0,0,0,0
2,吉林,41,True,3200,0,0,0,0
2,吉林,42,True,3200,0,0,0,0
2,吉林,43,True,3200,0,0,0,0
2,吉林,44,True,3200,0,0,0,0
2,吉林,45,True,3200,0,0,0,0
2,吉林,46,True,3200,0,0,0,0
2,吉林,47,True,3200,0,0,0,0
2,吉林,48,True,3200,0,0,0,0
2,吉林,49,True,3200,0,0,0,0
2,吉林,50,True,3200,0,0,0,0
2,吉林,51,True,3200,0,0,0,0
2,吉林,52,True,3200,0,0,0,0
2,吉林,53,True,3200,0,0,0,0
2,吉林,54,True,3200,0,0,0,0
2,吉林,55,True,3200,0,0,0,0
2,吉林,56,True,3200,0,0,0,0
2,吉林,57,True,3200,0,0,0,0
2,吉林,58,True,3200,0,0,0,0
2,吉林,59,True,3200,0,0,0,0
2,吉林,60,True,3200,0,0,0,0
2,吉林,61,True,3200,0,0,0,0
2,吉林,62,True,3200,0,0,0,0
2,吉林,63,True,3200,0,0,0,0
2,吉林,64,True,3200,0,0,0,0
2,吉林,65,True,3200,0,0,0,0
2,吉林,66,True,3200,0,0,0,0
2,吉林,67,True,3200,0,0,0,0
2,吉林,68,True,3200,0,0,0,0
2,吉林,69,True,3200,0,0,0,0
2,吉林,70,True,3200,0,0,0,0
2,吉林,71,True,3200,0,0,0,0
2,吉林,72,True,3200,0,0,0,0
2,吉林,73,True,3200,0,0,0,0
2,吉林,74,True,3200,0,0,0,0
2,吉林,75,True,3200,0,0,0,0
2,吉林,76,True,3200,0,0,0,0
2,吉林,77,True,3200,0,0,0,0
2,吉林,78,True,3200,0,0,0,0
2,吉林,79,True,3200,0,0,0,0
2,吉林,80,True,3200,0,0,0,0
2,吉林,81,True,3200,0,0,0,0
2,吉林,82,True,3200,0,0,0,0
2,吉林,83,True,3200,0,0,0,0
2,吉林,84,True,3200,0,0,0,0
2,吉林,85,True,3200,0,0,0,0
2,吉林,86,True,3200,0,0,0,0
2,吉林,87,True,3200,0,0,0,0
2,吉林,88,True,3200,0,0,0,0
2,吉林,89,True,3200,0,0,0,0
2,吉林,90,True,3200,0,0,0,0
2,吉林,91,True,3200,0,0,0,0
2,吉林,92,True,3200,0,0,0,0
2,吉林,93,True,3200,0,0,0,0
2,吉林,94,True,3200,0,0,0,0
2,吉林,95,True,3200,0,0,0,0
2,吉林,96,True,3200,0,0,0,0
2,吉林,97,True,3200,0,0,0,0
2,吉林,98,True,3200,0,0,0,0
2,吉林,99,True,3200,0,0,0,0
2,吉林,100,True,3200,0,0,0,0
2,黑龙江,1,True,3200,0,0,0,0
2,黑龙江,2,True,3200,0,0,0,0
2,黑龙江,3,True,3200,0,0,0,0
2,黑龙江,4,True,3200,0,0,0,0
2,黑龙江,5,True,3200,0,0,0,0
2,黑龙江,6,True,3200,0,0,0,0
2,黑龙江,7,True,3200,0,0,0,0
2,黑龙江,8,True,3200,0,0,0,0
2,黑龙江,9,True,3200,0,0,0,0
2,黑龙江,10,True,3200,0,0,0,0
2,黑龙江,11,True,3200,0,0,0,0
2,黑龙江,12,True,3200,0,0,0,0
2,黑龙江,13,True,3200,0,0,0,0
2,黑龙江,14,True,3200,0,0,0,0
2,黑龙江,15,True,3200,0,0,0,0
2,黑龙江,16,True,3200,6,0,0,0
2,黑龙江,17,True,3200,22,4,4,0
2,黑龙江,18,True,3200,0,0,0,0
2,黑龙江,19,True,3200,0,0,0,0
2,黑龙江,20,True,3200,0,0,0,0
2,黑龙江,21,True,3200,0,0,0,0
2,黑龙江,22,True,3200,0,0,0,0
2,黑龙江,23,True,3200,0,0,0,0
2,黑龙江,24,True,3200,0,0,0,0
2,黑龙江,25,True,3200,4,2,0,2
2,黑龙江,26,True,3200,0,0,0,0
2,黑龙江,27,True,3200,0,0,0,0
2,黑龙江,28,True,3200,1,0,0,0
2,黑龙江,29,True,3200,2,0,0,0
2,黑龙江,30,True,3200,0,0,0,0
2,黑龙江,31,True,3200,0,0,0,0
2,黑龙江,32,True,3200,0,0,0,0
2,黑龙江,33,True,3200,0,0,0,0
2,黑龙江,34,True,3200,0,0,0,0
2,黑龙江,35,True,3200,0,0,0,0
2,黑龙江,36,True,3200,0,0,0,0
2,黑龙江,37,True,3200,0,0,0,0
2,黑龙江,38,True,3200,0,0,0,0
2,黑龙江,39,True,3200,0,0,0,0
2,黑龙江,40,True,3200,0,0,0,0
2,黑龙江,41,True,3200,0,0,0,0
2,黑龙江,42,True,3200,0,0,0,0
2,黑龙江,43,True,3200,0,0,0,0
2,黑龙江,44,True,3200,0,0,0,0
2,黑龙江,45,True,3200,0,0,0,0
2,黑龙江,46,True,3200,10,2,2,0
2,黑龙江,47,True,3200,0,0,0,0
2,黑龙江,48,True,3200,0,0,0,0
2,黑龙江,49,True,3200,0,0,0,0
2,黑龙江,50,True,3200,0,0,0,0
2,黑龙江,51,True,3200,0,0,0,0
2,黑龙江,52,True,3200,0,0,0,0
2,黑龙江,53,True,3200,0,0,0,0
2,黑龙江,54,True,3200,0,0,0,0
2,黑龙江,55,True,3200,0,0,0,0
2,黑龙江,56,True,3200,0,0,0,0
2,黑龙江,57,True,3200,0,0,0,0
2,黑龙江,58,True,3200,0,0,0,0
2,黑龙江,59,True,3200,0,0,0,0
2,黑龙江,60,True,3200,0,0,0,0
2,黑龙江,61,True,3200,0,0,0,0
2,黑龙江,62,True,3200,0,0,0,0
2,黑龙江,63,True,3200,0,0,0,0
2,黑龙江,64,True,3200,0,0,0,0
2,黑龙江,65,True,3200,0,0,0,0
2,黑龙江,66,True,3200,2,0,0,0
2,黑龙江,67,True,3200,5,3,3,0
2,黑龙江,68,True,3200,2,1,0,1
2,黑龙江,69,True,3200,2,0,0,0
2,黑龙江,70,True,3200,0,0,0,0
2,黑龙江,71,True,3200,0,0,0,0
2,黑龙江,72,True,3200,0,0,0,0
2,黑龙江,73,True,3200,0,0,0,0
2,黑龙江,74,True,3200,4,1,1,0
2,黑龙江,75,True,3200,0,0,0,0
2,黑龙江,76,True,3200,0,0,0,0
2,黑龙江,77,True,3200,0,0,0,0
2,黑龙江,78,True,3200,3,1,1,0
2,黑龙江,79,True,3200,0,0,0,0
2,黑龙江,80,True,3200,2,1,0,1
2,黑龙江,81,True,3200,0,0,0,0
2,黑龙江,82,True,3200,1,1,0,1
2,黑龙江,83,True,3200,1,1,0,1
2,黑龙江,84,True,3200,2,1,0,1
2,黑龙江,85,True,3200,2,0,0,0
2,黑龙江,86,True,3200,0,0,0,0
2,黑龙江,87,True,3200,0,0,0,0
2,黑龙江,88,True,3200,0,0,0,0
2,黑龙江,89,True,3200,0,0,0,0
2,黑龙江,90,True,3200,0,0,0,0
2,黑龙江,91,True,3200,1,0,0,0
2,黑龙江,92,True,3200,0,0,0,0
2,黑龙江,93,True,3200,0,0,0,0
2,黑龙江,94,True,3200,2,0,0,0
2,黑龙江,95,True,3200,0,0,0,0
2,黑龙江,96,True,3200,2,0,0,0
2,黑龙江,97,True,3200,2,1,0,1
2,黑龙江,98,True,3200,0,0,0,0
2,黑龙江,99,True,3200,0,0,0,0
2,黑龙江,100,True,3200,0,0,0,0
2,上海,1,True,3200,0,0,0,0
2,上海,2,True,3200,0,0,0,0
2,上海,3,True,3200,0,0,0,0
2,上海,4,True,3200,0,0,0,0
2,上海,5,True,3200,0,0,0,0
2,上海,6,True,3200,0,0,0,0
2,上海,7,True,3200,0,0,0,0
2,上海,8,True,3200,0,0,0,0
2,上海,9,True,3200,0,0,0,0
2,上海,10,True,3200,0,0,0,0
2,上海,11,True,3200,0,0,0,0
2,上海,12,True,3200,0,0,0,0
2,上海,13,True,3200,0,0,0,0
2,上海,14,True,3200,0,0,0,0
2,上海,15,True,3200,2,1,0,1
2,上海,16,True,3200,2,0,0,0
2,上海,17,True,3200,0,0,0,0
2,上海,18,True,3200,0,0,0,0
2,上海,19,True,3200,0,0,0,0
2,上海,20,True,3200,0,0,0,0
2,上海,21,True,3200,0,0,0,0
2,上海,22,True,3200,0,0,0,0
2,上海,23,True,3200,10,1,0,1
2,上海,24,True,3200,7,1,1,0
2,上海,25,True,3200,5,2,0,2
2,上海,26,True,3200,1,0,0,0
2,上海,27,True,3200,0,0,0,0
2,上海,28,True,3200,0,0,0,0
2,上海,29,True,3200,0,0,0,0
2,上海,30,True,3200,0,0,0,0
2,上海,31,True,3200,0,0,0,0
2,上海,32,True,3200,0,0,0,0
2,上海,33,True,3200,0,0,0,0
2,上海,34,True,3200,2,1,0,1
2,上海,35,True,3200,4,1,1,0
2,上海,36,True,3200,2,1,0,1
2,上海,37,True,3200,0,0,0,0
2,上海,38,True,3200,0,0,0,0
2,上海,39,True,3200,0,0,0,0
2,上海,40,True,3200,0,0,0,0
2,上海,41,True,3200,0,0,0,0
2,上海,42,True,3200,0,0,0,0
2,上海,43,True,3200,2,0,0,0
2,上海,44,True,3200,2,0,0,0
2,上海,45,True,3200,6,2,1,1
2,上海,46,True,3200,1,1,1,0
2,上海,47,True,3200,0,0,0,0
2,上海,48,True,3200,2,0,0,0
2,上海,49,True,3200,2,0,0,0
2,上海,50,True,3200,0,0,0,0
2,上海,51,True,3200,0,0,0,0
2,上海,52,True,3200,0,0,0,0
2,上海,53,True,3200,2,0,0,0
2,上海,54,True,3200,4,1,1,0
2,上海,55,True,3200,9,3,3,0
2,上海,56,True,3200,0,0,0,0
2,上海,57,True,3200,0,0,0,0
2,上海,58,True,3200,0,0,0,0
2,上海,59,True,3200,0,0,0,0
2,上海,60,True,3200,0,0,0,0
2,上海,61,True,3200,0,0,0,0
2,上海,62,True,3200,0,0,0,0
2,上海,63,True,3200,0,0,0,0
2,上海,64,True,3200,0,0,0,0
2,上海,65,True,3200,0,0,0,0
2,上海,66,True,3200,0,0,0,0
2,上海,67,True,3200,0,0,0,0
2,上海,68,True,3200,0,0,0,0
2,上海,69,True,3200,7,1,1,0
2,上海,70,True,3200,4,0,0,0
2,上海,71,True,3200,16,1,1,0
2,上海,72,True,3200,2,1,0,1
2,上海,73,True,3200,4,2,0,2
2,上海,74,True,3200,2,1,0,1
2,上海,75,True,3200,1,1,0,1
2,上海,76,True,3200,0,0,0,0
2,上海,77,True,3200,2,0,0,0
2,上海,78,True,3200,0,0,0,0
2,上海,79,True,3200,0,0,0,0
2,上海,80,True,3200,0,0,0,0
2,上海,81,True,3200,1,0,0,0
2,上海,82,True,3200,4,1,1,0
2,上海,83,True,3200,3,1,0,1
2,上海,84,True,3200,1,0,0,0
2,上海,85,True,3200,1,0,0,0
2,上海,86,True,3200,1,1,1,0
2,上海,87,True,3200,0,0,0,0
2,上海,88,True,3200,0,0,0,0
2,上海,89,True,3200,2,1,0,1
2,上海,90,True,3200,0,0,0,0
2,上海,91,True,3200,0,0,0,0
2,上海,92,True,3200,0,0,0,0
2,上海,93,True,3200,4,1,1,0
2,上海,94,True,3200,0,0,0,0
2,上海,95,True,3200,0,0,0,0
2,上海,96,True,3200,0,0,0,0
2,上海,97,True,3200,0,0,0,0
2,上海,98,True,3200,4,1,1,0
2,上海,99,True,3200,0,0,0,0
2,上海,100,True,3200,0,0,0,0
2,江苏,1,True,3200,0,0,0,0
2,江苏,2,True,3200,0,0,0,0
2,江苏,3,True,3200,0,0,0,0
2,江苏,4,True,3200,0,0,0,0
2,江苏,5,True,3200,0,0,0,0
2,江苏,6,True,3200,0,0,0,0
2,江苏,7,True,3200,0,0,0,0
2,江苏,8,True,3200,0,0,0,0
2,江苏,9,True,3200,5,2,0,2
2,江苏,10,True,3200,0,0,0,0
2,江苏,11,True,3200,0,0,0,0
2,江苏,12,True,3200,9,3,0,3
2,江苏,13,True,3200,11,2,2,0
2,江苏,14,True,3200,17,6,0,6
2,江苏,15,True,3200,24,6,5,1
2,江苏,16,True,3200,18,2,2,0
2,江苏,17,True,3200,5,1,0,1
2,江苏,18,True,3200,11,6,3,3
2,江苏,19,True,3200,4,1,1,0
2,江苏,20,True,3200,4,2,2,0
2,江苏,21,True,3200,0,0,0,0
2,江苏,22,True,3200,1,0,0,0
2,江苏,23,True,3200,0,0,0,0
2,江苏,24,True,3200,4,1,1,0
2,江苏,25,True,3200,4,3,3,0
2,江苏,26,True,3200,0,0,0,0
2,江苏,27,True,3200,0,0,0,0
2,江苏,28,True,3200,4,1,0,1
2,江苏,29,True,3200,0,0,0,0
2,江苏,30,True,3200,1,0,0,0
2,江苏,31,True,3200,2,1,0,1
2,江苏,32,True,3200,2,0,0,0
2,江苏,33,True,3200,0,0,0,0
2,江苏,34,True,3200,25,2,2,0
2,江苏,35,True,3200,12,3,3,0
2,江苏,36,True,3200,0,0,0,0
2,江苏,37,True,3200,0,0,0,0
2,江苏,38,True,3200,0,0,0,0
2,江苏,39,True,3200,0,0,0,0
2,江苏,40,True,3200,0,0,0,0
2,江苏,41,True,3200,0,0,0,0
2,江苏,42,True,3200,0,0,0,0
2,江苏,43,True,3200,0,0,0,0
2,江苏,44,True,3200,0,0,0,0
2,江苏,45,True,3200,0,0,0,0
2,江苏,46,True,3200,0,0,0,0
2,江苏,47,True,3200,0,0,0,0
2,江苏,48,True,3200,0,0,0,0
2,江苏,49,True,3200,0,0,0,0
2,江苏,50,True,3200,0,0,0,0
2,江苏,51,True,3200,0,0,0,0
2,江苏,52,True,3200,0,0,0,0
2,江苏,53,True,3200,0,0,0,0
2,江苏,54,True,3200,0,0,0,0
2,江苏,55,True,3200,0,0,0,0
2,江苏,56,True,3200,0,0,0,0
2,江苏,57,True,3200,0,0,0,0
2,江苏,58,True,3200,0,0,0,0
2,江苏,59,True,3200,1,1,1,0
2,江苏,60,True,3200,2,0,0,0
2,江苏,61,True,3200,0,0,0,0
2,江苏,62,True,3200,3,0,0,0
2,江苏,63,True,3200,2,0,0,0
2,江苏,64,True,3200,2,1,1,0
2,江苏,65,True,3200,0,0,0,0
2,江苏,66,True,3200,0,0,0,0
2,江苏,67,True,3200,6,1,1,0
2,江苏,68,True,3200,0,0,0,0
2,江苏,69,True,3200,0,0,0,0
2,江苏,70,True,3200,0,0,0,0
2,江苏,71,True,3200,3,0,0,0
2,江苏,72,True,3200,2,0,0,0
2,江苏,73,True,3200,0,0,0,0
2,江苏,74,True,3200,0,0,0,0
2,江苏,75,True,3200,0,0,0,0
2,江苏,76,True,3200,0,0,0,0
2,江苏,77,True,3200,0,0,0,0
2,江苏,78,True,3200,0,0,0,0
2,江苏,79,True,3200,0,0,0,0
2,江苏,80,True,3200,0,0,0,0
2,江苏,81,True,3200,3,0,0,0
2,江苏,82,True,3200,0,0,0,0
2,江苏,83,True,3200,2,0,0,0
2,江苏,84,True,3200,0,0,0,0
2,江苏,85,True,3200,0,0,0,0
2,江苏,86,True,3200,0,0,0,0
2,江苏,87,True,3200,0,0,0,0
2,江苏,88,True,3200,2,1,1,0
2,江苏,89,True,3200,1,1,1,0
2,江苏,90,True,3200,0,0,0,0
2,江苏,91,True,3200,2,1,0,1
2,江苏,92,True,3200,0,0,0,0
2,江苏,93,True,3200,0,0,0,0
2,江苏,94,True,3200,0,0,0,0
2,江苏,95,True,3200,2,0,0,0
2,江苏,96,True,3200,0,0,0,0
2,江苏,97,True,3200,0,0,0,0
2,江苏,98,True,3200,12,2,2,0
2,江苏,99,True,3200,6,2,2,0
2,江苏,100,True,3200,2,0,0,0
2,浙江,1,True,3200,0,0,0,0
2,浙江,2,True,3200,0,0,0,0
2,浙江,3,True,3200,0,0,0,0
2,浙江,4,True,3200,0,0,0,0
2,浙江,5,True,3200,0,0,0,0
2,浙江,6,True,3200,0,0,0,0
2,浙江,7,True,3200,0,0,0,0
2,浙江,8,True,3200,0,0,0,0
2,浙江,9,True,3200,0,0,0,0
2,浙江,10,True,3200,0,0,0,0
2,浙江,11,True,3200,4,1,0,1
2,浙江,12,True,3200,4,1,1,0
2,浙江,13,True,3200,0,0,0,0
2,浙江,14,True,3200,0,0,0,0
2,浙江,15,True,3200,0,0,0,0
2,浙江,16,True,3200,4,2,1,1
2,浙江,17,True,3200,5,0,0,0
2,浙江,18,True,3200,0,0,0,0
2,浙江,19,True,3200,0,0,0,0
2,浙江,20,True,3200,0,0,0,0
2,浙江,21,True,3200,0,0,0,0
2,浙江,22,True,3200,0,0,0,0
2,浙江,23,True,3200,2,1,0,1
2,浙江,24,True,3200,2,0,0,0
2,浙江,25,True,3200,4,1,1,0
2,浙江,26,True,3200,0,0,0,0
2,浙江,27,True,3200,0,0,0,0
2,浙江,28,True,3200,0,0,0,0
2,浙江,29,True,3200,1,0,0,0
2,浙江,30,True,3200,0,0,0,0
2,浙江,31,True,3200,5,1,0,1
2,浙江,32,True,3200,0,0,0,0
2,浙江,33,True,3200,2,0,0,0
2,浙江,34,True,3200,2,1,0,1
2,浙江,35,True,3200,0,0,0,0
2,浙江,36,True,3200,0,0,0,0
2,浙江,37,True,3200,0,0,0,0
2,浙江,38,True,3200,0,0,0,0
2,浙江,39,True,3200,0,0,0,0
2,浙江,40,True,3200,0,0,0,0
2,浙江,41,True,3200,0,0,0,0
2,浙江,42,True,3200,0,0,0,0
2,浙江,43,True,3200,0,0,0,0
2,浙江,44,True,3200,0,0,0,0
2,浙江,45,True,3200,0,0,0,0
2,浙江,46,True,3200,0,0,0,0
2,浙江,47,True,3200,3,0,0,0
2,浙江,48,True,3200,2,0,0,0
2,浙江,49,True,3200,0,0,0,0
2,浙江,50,True,3200,0,0,0,0
2,浙江,51,True,3200,0,0,0,0
2,浙江,52,True,3200,0,0,0,0
2,浙江,53,True,3200,0,0,0,0
2,浙江,54,True,3200,0,0,0,0
2,浙江,55,True,3200,33,10,8,2
2,浙江,56,True,3200,2,0,0,0
2,浙江,57,True,3200,0,0,0,0
2,浙江,58,True,3200,0,0,0,0
2,浙江,59,True,3200,0,0,0,0
2,浙江,60,True,3200,0,0,0,0
2,浙江,61,True,3200,2,0,0,0
2,浙江,62,True,3200,0,0,0,0
2,浙江,63,True,3200,0,0,0,0
2,浙江,64,True,3200,0,0,0,0
2,浙江,65,True,3200,0,0,0,0
2,浙江,66,True,3200,3,1,0,1
2,浙江,67,True,3200,2,1,0,1
2,浙江,68,True,3200,0,0,0,0
2,浙江,69,True,3200,0,0,0,0
2,浙江,70,True,3200,0,0,0,0
2,浙江,71,True,3200,0,0,0,0
2,浙江,72,True,3200,0,0,0,0
2,浙江,73,True,3200,0,0,0,0
2,浙江,74,True,3200,8,2,2,0
2,浙江,75,True,3200,0,0,0,0
2,浙江,76,True,3200,4,0,0,0
2,浙江,77,True,3200,0,0,0,0
2,浙江,78,True,3200,0,0,0,0
2,浙江,79,True,3200,0,0,0,0
2,浙江,80,True,3200,0,0,0,0
2,浙江,81,True,3200,0,0,0,0
2,浙江,82,True,3200,0,0,0,0
2,浙江,83,True,3200,0,0,0,0
2,浙江,84,True,3200,0,0,0,0
2,浙江,85,True,3200,0,0,0,0
2,浙江,86,True,3200,0,0,0,0
2,浙江,87,True,3200,0,0,0,0
2,浙江,88,True,3200,9,4,3,1
2,浙江,89,True,3200,0,0,0,0
2,浙江,90,True,3200,0,0,0,0
2,浙江,91,True,3200,0,0,0,0
2,浙江,92,True,3200,3,1,1,0
2,浙江,93,True,3200,0,0,0,0
2,浙江,94,True,3200,0,0,0,0
2,浙江,95,True,3200,0,0,0,0
2,浙江,96,True,3200,0,0,0,0
2,浙江,97,True,3200,0,0,0,0
2,浙江,98,True,3200,4,1,1,0
2,浙江,99,True,3200,2,1,0,1
2,浙江,100,True,3200,0,0,0,0
2,安徽,1,True,3200,0,0,0,0
2,安徽,2,True,3200,0,0,0,0
2,安徽,3,True,3200,0,0,0,0
2,安徽,4,True,3200,0,0,0,0
2,安徽,5,True,3200,0,0,0,0
2,安徽,6,True,3200,0,0,0,0
2,安徽,7,True,3200,0,0,0,0
2,安徽,8,True,3200,0,0,0,0
2,安徽,9,True,3200,0,0,0,0
2,安徽,10,True,3200,0,0,0,0
2,安徽,11,True,3200,0,0,0,0
2,安徽,12,True,3200,0,0,0,0
2,安徽,13,True,3200,2,0,0,0
2,安徽,14,True,3200,2,0,0,0
2,安徽,15,True,3200,0,0,0,0
2,安徽,16,True,3200,0,0,0,0
2,安徽,17,True,3200,0,0,0,0
2,安徽,18,True,3200,0,0,0,0
2,安徽,19,True,3200,0,0,0,0
2,安徽,20,True,3200,1,0,0,0
2,安徽,21,True,3200,6,0,0,0
2,安徽,22,True,3200,0,0,0,0
2,安徽,23,True,3200,4,1,1,0
2,安徽,24,True,3200,4,1,1,0
2,安徽,25,True,3200,0,0,0,0
2,安徽,26,True,3200,1,1,1,0
2,安徽,27,True,3200,0,0,0,0
2,安徽,28,True,3200,0,0,0,0
2,安徽,29,True,3200,0,0,0,0
2,安徽,30,True,3200,4,0,0,0
2,安徽,31,True,3200,0,0,0,0
2,安徽,32,True,3200,0,0,0,0
2,安徽,33,True,3200,2,1,1,0
2,安徽,34,True,3200,0,0,0,0
2,安徽,35,True,3200,0,0,0,0
2,安徽,36,True,3200,0,0,0,0
2,安徽,37,True,3200,4,0,0,0
2,安徽,38,True,3200,0,0,0,0
2,安徽,39,True,3200,2,0,0,0
2,安徽,40,True,3200,4,1,1,0
2,安徽,41,True,3200,4,1,1,0
2,安徽,42,True,3200,0,0,0,0
2,安徽,43,True,3200,0,0,0,0
2,安徽,44,True,3200,0,0,0,0
2,安徽,45,True,3200,0,0,0,0
2,安徽,46,True,3200,0,0,0,0
2,安徽,47,True,3200,6,1,1,0
2,安徽,48,True,3200,2,0,0,0
2,安徽,49,True,3200,0,0,0,0
2,安徽,50,True,3200,0,0,0,0
2,安徽,51,True,3200,0,0,0,0
2,安徽,52,True,3200,0,0,0,0
2,安徽,53,True,3200,0,0,0,0
2,安徽,54,True,3200,2,0,0,0
2,安徽,55,True,3200,0,0,0,0
2,安徽,56,True,3200,2,1,1,0
2,安徽,57,True,3200,1,0,0,0
2,安徽,58,True,3200,4,1,1,0
2,安徽,59,True,3200,5,0,0,0
2,安徽,60,True,3200,7,1,0,1
2,安徽,61,True,3200,5,2,1,1
2,安徽,62,True,3200,0,0,0,0
2,安徽,63,True,3200,0,0,0,0
2,安徽,64,True,3200,0,0,0,0
2,安徽,65,True,3200,2,0,0,0
2,安徽,66,True,3200,0,0,0,0
2,安徽,67,True,3200,0,0,0,0
2,安徽,68,True,3200,0,0,0,0
2,安徽,69,True,3200,0,0,0,0
2,安徽,70,True,3200,4,0,0,0
2,安徽,71,True,3200,2,0,0,0
2,安徽,72,True,3200,0,0,0,0
2,安徽,73,True,3200,2,1,0,1
2,安徽,74,True,3200,0,0,0,0
2,安徽,75,True,3200,0,0,0,0
2,安徽,76,True,3200,2,0,0,0
2,安徽,77,True,3200,0,0,0,0
2,安徽,78,True,3200,0,0,0,0
2,安徽,79,True,3200,2,0,0,0
2,安徽,80,True,3200,0,0,0,0
2,安徽,81,True,3200,1,0,0,0
2,安徽,82,True,3200,0,0,0,0
2,安徽,83,True,3200,0,0,0,0
2,安徽,84,True,3200,0,0,0,0
2,安徽,85,True,3200,0,0,0,0
2,安徽,86,True,3200,0,0,0,0
2,安徽,87,True,3200,0,0,0,0
2,安徽,88,True,3200,2,0,0,0
2,安徽,89,True,3200,0,0,0,0
2,安徽,90,True,3200,0,0,0,0
2,安徽,91,True,3200,1,0,0,0
2,安徽,92,True,3200,4,2,2,0
2,安徽,93,True,3200,2,1,0,1
2,安徽,94,True,3200,0,0,0,0
2,安徽,95,True,3200,3,0,0,0
2,安徽,96,True,3200,4,1,1,0
2,安徽,97,True,3200,9,2,2,0
2,安徽,98,True,3200,0,0,0,0
2,安徽,99,True,3200,2,0,0,0
2,安徽,100,True,3200,0,0,0,0
2,福建,1,True,3200,0,0,0,0
2,福建,2,True,3200,0,0,0,0
2,福建,3,True,3200,0,0,0,0
2,福建,4,True,3200,0,0,0,0
2,福建,5,True,3200,0,0,0,0
2,福建,6,True,3200,0,0,0,0
2,福建,7,True,3200,0,0,0,0
2,福建,8,True,3200,0,0,0,0
2,福建,9,True,3200,0,0,0,0
2,福建,10,True,3200,0,0,0,0
2,福建,11,True,3200,0,0,0,0
2,福建,12,True,3200,0,0,0,0
2,福建,13,True,3200,4,2,2,0
2,福建,14,True,3200,0,0,0,0
2,福建,15,True,3200,0,0,0,0
2,福建,16,True,3200,0,0,0,0
2,福建,17,True,3200,0,0,0,0
2,福建,18,True,3200,6,2,1,1
2,福建,19,True,3200,2,0,0,0
2,福建,20,True,3200,2,0,0,0
2,福建,21,True,3200,0,0,0,0
2,福建,22,True,3200,0,0,0,0
2,福建,23,True,3200,0,0,0,0
2,福建,24,True,3200,8,2,2,0
2,福建,25,True,3200,0,0,0,0
2,福建,26,True,3200,0,0,0,0
2,福建,27,True,3200,0,0,0,0
2,福建,28,True,3200,2,0,0,0
2,福建,29,True,3200,4,1,1,0
2,福建,30,True,3200,0,0,0,0
2,福建,31,True,3200,0,0,0,0
2,福建,32,True,3200,0,0,0,0
2,福建,33,True,3200,0,0,0,0
2,福建,34,True,3200,0,0,0,0
2,福建,35,True,3200,0,0,0,0
2,福建,36,True,3200,0,0,0,0
2,福建,37,True,3200,0,0,0,0
2,福建,38,True,3200,0,0,0,0
2,福建,39,True,3200,2,1,0,1
2,福建,40,True,3200,0,0,0,0
2,福建,41,True,3200,0,0,0,0
2,福建,42,True,3200,0,0,0,0
2,福建,43,True,3200,0,0,0,0
2,福建,44,True,3200,2,0,0,0
2,福建,45,True,3200,0,0,0,0
2,福建,46,True,3200,0,0,0,0
2,福建,47,True,3200,0,0,0,0
2,福建,48,True,3200,0,0,0,0
2,福建,49,True,3200,0,0,0,0
2,福建,50,True,3200,0,0,0,0
2,福建,51,True,3200,0,0,0,0
2,福建,52,True,3200,0,0,0,0
2,福建,53,True,3200,0,0,0,0
2,福建,54,True,3200,4,0,0,0
2,福建,55,True,3200,2,0,0,0
2,福建,56,True,3200,0,0,0,0
2,福建,57,True,3200,2,1,1,0
2,福建,58,True,3200,0,0,0,0
2,福建,59,True,3200,0,0,0,0
2,福建,60,True,3200,0,0,0,0
2,福建,61,True,3200,0,0,0,0
2,福建,62,True,3200,2,0,0,0
2,福建,63,True,3200,0,0,0,0
2,福建,64,True,3200,0,0,0,0
2,福建,65,True,3200,0,0,0,0
2,福建,66,True,3200,0,0,0,0
2,福建,67,True,3200,0,0,0,0
2,福建,68,True,3200,0,0,0,0
2,福建,69,True,3200,6,0,0,0
2,福建,70,True,3200,4,0,0,0
2,福建,71,True,3200,0,0,0,0
2,福建,72,True,3200,0,0,0,0
2,福建,73,True,3200,0,0,0,0
2,福建,74,True,3200,0,0,0,0
2,福建,75,True,3200,0,0,0,0
2,福建,76,True,3200,0,0,0,0
2,福建,77,True,3200,0,0,0,0
2,福建,78,True,3200,0,0,0,0
2,福建,79,True,3200,0,0,0,0
2,福建,80,True,3200,0,0,0,0
2,福建,81,True,3200,0,0,0,0
2,福建,82,True,3200,0,0,0,0
2,福建,83,True,3200,0,0,0,0
2,福建,84,True,3200,0,0,0,0
2,福建,85,True,3200,0,0,0,0
2,福建,86,True,3200,0,0,0,0
2,福建,87,True,3200,0,0,0,0
2,福建,88,True,3200,0,0,0,0
2,福建,89,True,3200,0,0,0,0
2,福建,90,True,3200,0,0,0,0
2,江西,1,True,3200,0,0,0,0
2,江西,2,True,3200,0,0,0,0
2,江西,3,True,3200,0,0,0,0
2,江西,4,True,3200,0,0,0,0
2,江西,5,True,3200,0,0,0,0
2,江西,6,True,3200,0,0,0,0
2,江西,7,True,3200,0,0,0,0
2,江西,8,True,3200,0,0,0,0
2,江西,9,True,3200,0,0,0,0
2,江西,10,True,3200,0,0,0,0
2,江西,11,True,3200,2,1,1,0
2,江西,12,True,3200,1,0,0,0
2,江西,13,True,3200,0,0,0,0
2,江西,14,True,3200,6,0,0,0
2,江西,15,True,3200,2,0,0,0
2,江西,16,True,3200,0,0,0,0
2,江西,17,True,3200,0,0,0,0
2,江西,18,True,3200,3,1,1,0
2,江西,19,True,3200,2,1,1,0
2,江西,20,True,3200,4,0,0,0
2,江西,21,True,3200,5,0,0,0
2,江西,22,True,3200,4,1,1,0
2,江西,23,True,3200,0,0,0,0
2,江西,24,True,3200,0,0,0,0
2,江西,25,True,3200,1,0,0,0
2,江西,26,True,3200,0,0,0,0
2,江西,27,True,3200,0,0,0,0
2,江西,28,True,3200,0,0,0,0
2,江西,29,True,3200,2,0,0,0
2,江西,30,True,3200,9,3,3,0
2,江西,31,True,3200,8,2,2,0
2,江西,32,True,3200,0,0,0,0
2,江西,33,True,3200,0,0,0,0
2,江西,34,True,3200,0,0,0,0
2,江西,35,True,3200,3,2,0,2
2,江西,36,True,3200,2,1,0,1
2,江西,37,True,3200,0,0,0,0
2,江西,38,True,3200,2,1,1,0
2,江西,39,True,3200,0,0,0,0
2,江西,40,True,3200,0,0,0,0
2,江西,41,True,3200,0,0,0,0
2,江西,42,True,3200,0,0,0,0
2,江西,43,True,3200,0,0,0,0
2,江西,44,True,3200,0,0,0,0
2,江西,45,True,3200,0,0,0,0
2,江西,46,True,3200,0,0,0,0
2,江西,47,True,3200,0,0,0,0
2,江西,48,True,3200,0,0,0,0
2,江西,49,True,3200,0,0,0,0
2,江西,50,True,3200,0,0,0,0
2,江西,51,True,3200,1,1,1,0
2,江西,52,True,3200,0,0,0,0
2,江西,53,True,3200,0,0,0,0
2,江西,54,True,3200,0,0,0,0
2,江西,55,True,3200,0,0,0,0
2,江西,56,True,3200,0,0,0,0
2,江西,57,True,3200,0,0,0,0
2,江西,58,True,3200,2,0,0,0
2,江西,59,True,3200,0,0,0,0
2,江西,60,True,3200,0,0,0,0
2,江西,61,True,3200,0,0,0,0
2,江西,62,True,3200,0,0,0,0
2,江西,63,True,3200,2,0,0,0
2,江西,64,True,3200,0,0,0,0
2,江西,65,True,3200,2,1,1,0
2,江西,66,True,3200,0,0,0,0
2,江西,67,True,3200,0,0,0,0
2,江西,68,True,3200,2,1,1,0
2,江西,69,True,3200,4,1,0,1
2,江西,70,True,3200,2,0,0,0
2,江西,71,True,3200,0,0,0,0
2,江西,72,True,3200,2,0,0,0
2,江西,73,True,3200,0,0,0,0
2,江西,74,True,3200,0,0,0,0
2,江西,75,True,3200,8,2,1,1
2,江西,76,True,3200,0,0,0,0
2,江西,77,True,3200,0,0,0,0
2,江西,78,True,3200,0,0,0,0
2,江西,79,True,3200,2,1,1,0
2,江西,80,True,3200,0,0,0,0
2,江西,81,True,3200,0,0,0,0
2,江西,82,True,3200,2,0,0,0
2,江西,83,True,3200,0,0,0,0
2,江西,84,True,3200,0,0,0,0
2,江西,85,True,3200,0,0,0,0
2,江西,86,True,3200,0,0,0,0
2,江西,87,True,3200,5,0,0,0
2,江西,88,True,3200,4,2,2,0
2,江西,89,True,3200,0,0,0,0
2,江西,90,True,3200,4,1,1,0
2,江西,91,True,3200,0,0,0,0
2,江西,92,True,3200,0,0,0,0
2,江西,93,True,3200,0,0,0,0
2,江西,94,True,3200,1,1,1,0
2,江西,95,True,3200,0,0,0,0
2,江西,96,True,3200,0,0,0,0
2,江西,97,True,3200,0,0,0,0
2,江西,98,True,3200,0,0,0,0
2,江西,99,True,3200,0,0,0,0
2,江西,100,True,3200,0,0,0,0
2,山东,1,True,3200,0,0,0,0
2,山东,2,True,3200,0,0,0,0
2,山东,3,True,3200,0,0,0,0
2,山东,4,True,3200,0,0,0,0
2,山东,5,True,3200,0,0,0,0
2,山东,6,True,3200,0,0,0,0
2,山东,7,True,3200,0,0,0,0
2,山东,8,True,3200,0,0,0,0
2,山东,9,True,3200,0,0,0,0
2,山东,10,True,3200,1,1,1,0
2,山东,11,True,3200,0,0,0,0
2,山东,12,True,3200,0,0,0,0
2,山东,13,True,3200,2,1,0,1
2,山东,14,True,3200,0,0,0,0
2,山东,15,True,3200,0,0,0,0
2,山东,16,True,3200,12,5,1,4
2,山东,17,True,3200,8,2,2,0
2,山东,18,True,3200,2,0,0,0
2,山东,19,True,3200,2,0,0,0
2,山东,20,True,3200,2,1,0,1
2,山东,21,True,3200,0,0,0,0
2,山东,22,True,3200,0,0,0,0
2,山东,23,True,3200,0,0,0,0
2,山东,24,True,3200,3,1,0,1
2,山东,25,True,3200,37,6,5,1
2,山东,26,True,3200,94,22,22,0
2,山东,27,True,3200,5,0,0,0
2,山东,28,True,3200,0,0,0,0
2,山东,29,True,3200,0,0,0,0
2,山东,30,True,3200,0,0,0,0
2,山东,31,True,3200,0,0,0,0
2,山东,32,True,3200,0,0,0,0
2,山东,33,True,3200,2,1,1,0
2,山东,34,True,3200,3,1,0,1
2,山东,35,True,3200,0,0,0,0
2,山东,36,True,3200,0,0,0,0
2,山东,37,True,3200,0,0,0,0
2,山东,38,True,3200,0,0,0,0
2,山东,39,True,3200,2,0,0,0
2,山东,40,True,3200,3,1,1,0
2,山东,41,True,3200,0,0,0,0
2,山东,42,True,3200,0,0,0,0
2,山东,43,True,3200,0,0,0,0
2,山东,44,True,3200,0,0,0,0
2,山东,45,True,3200,8,0,0,0
2,山东,46,True,3200,14,3,2,1
2,山东,47,True,3200,3,0,0,0
2,山东,48,True,3200,1,0,0,0
2,山东,49,True,3200,0,0,0,0
2,山东,50,True,3200,0,0,0,0
2,山东,51,True,3200,2,0,0,0
2,山东,52,True,3200,2,0,0,0
2,山东,53,True,3200,2,1,1,0
2,山东,54,True,3200,0,0,0,0
2,山东,55,True,3200,2,0,0,0
2,山东,56,True,3200,4,2,0,2
2,山东,57,True,3200,6,2,1,1
2,山东,58,True,3200,0,0,0,0
2,山东,59,True,3200,0,0,0,0
2,山东,60,True,3200,0,0,0,0
2,山东,61,True,3200,4,1,1,0
2,山东,62,True,3200,12,0,0,0
2,山东,63,True,3200,0,0,0,0
2,山东,64,True,3200,12,5,5,0
2,山东,65,True,3200,0,0,0,0
2,山东,66,True,3200,8,2,2,0
2,山东,67,True,3200,2,1,0,1
2,山东,68,True,3200,2,0,0,0
2,山东,69,True,3200,0,0,0,0
2,山东,70,True,3200,4,2,2,0
2,山东,71,True,3200,0,0,0,0
2,山东,72,True,3200,0,0,0,0
2,山东,73,True,3200,0,0,0,0
2,山东,74,True,3200,2,1,1,0
2,山东,75,True,3200,3,1,0,1
2,山东,76,True,3200,1,0,0,0
2,山东,77,True,3200,3,0,0,0
2,山东,78,True,3200,1,1,0,1
2,山东,79,True,3200,0,0,0,0
2,山东,80,True,3200,6,2,2,0
2,山东,81,True,3200,0,0,0,0
2,山东,82,True,3200,12,0,0,0
2,山东,83,True,3200,0,0,0,0
2,山东,84,True,3200,0,0,0,0
2,山东,85,True,3200,4,1,1,0
2,山东,86,True,3200,4,1,0,1
2,山东,87,True,3200,2,0,0,0
2,山东,88,True,3200,0,0,0,0
2,山东,89,True,3200,0,0,0,0
2,山东,90,True,3200,0,0,0,0
2,山东,91,True,3200,5,0,0,0
2,山东,92,True,3200,0,0,0,0
2,山东,93,True,3200,0,0,0,0
2,山东,94,True,3200,0,0,0,0
2,山东,95,True,3200,12,3,3,0
2,山东,96,True,3200,0,0,0,0
2,山东,97,True,3200,0,0,0,0
2,山东,98,True,3200,0,0,0,0
2,山东,99,True,3200,2,0,0,0
2,山东,100,True,3200,25,5,5,0
2,河南,1,True,3200,0,0,0,0
2,河南,2,True,3200,0,0,0,0
2,河南,3,True,3200,0,0,0,0
2,河南,4,True,3200,0,0,0,0
2,河南,5,True,3200,0,0,0,0
2,河南,6,True,3200,0,0,0,0
2,河南,7,True,3200,0,0,0,0
2,河南,8,True,3200,0,0,0,0
2,河南,9,True,3200,2,1,0,1
2,河南,10,True,3200,0,0,0,0
2,河南,11,True,3200,0,0,0,0
2,河南,12,True,3200,0,0,0,0
2,河南,13,True,3200,0,0,0,0
2,河南,14,True,3200,0,0,0,0
2,河南,15,True,3200,0,0,0,0
2,河南,16,True,3200,4,0,0,0
2,河南,17,True,3200,0,0,0,0
2,河南,18,True,3200,0,0,0,0
2,河南,19,True,3200,0,0,0,0
2,河南,20,True,3200,0,0,0,0
2,河南,21,True,3200,0,0,0,0
2,河南,22,True,3200,5,3,2,1
2,河南,23,True,3200,0,0,0,0
2,河南,24,True,3200,1,1,0,1
2,河南,25,True,3200,0,0,0,0
2,河南,26,True,3200,0,0,0,0
2,河南,27,True,3200,0,0,0,0
2,河南,28,True,3200,0,0,0,0
2,河南,29,True,3200,2,1,1,0
2,河南,30,True,3200,0,0,0,0
2,河南,31,True,3200,0,0,0,0
2,河南,32,True,3200,0,0,0,0
2,河南,33,True,3200,2,0,0,0
2,河南,34,True,3200,2,0,0,0
2,河南,35,True,3200,0,0,0,0
2,河南,36,True,3200,0,0,0,0
2,河南,37,True,3200,2,0,0,0
2,河南,38,True,3200,0,0,0,0
2,河南,39,True,3200,1,1,0,1
2,河南,40,True,3200,5,2,2,0
2,河南,41,True,3200,0,0,0,0
2,河南,42,True,3200,0,0,0,0
2,河南,43,True,3200,2,1,0,1
2,河南,44,True,3200,0,0,0,0
2,河南,45,True,3200,0,0,0,0
2,河南,46,True,3200,0,0,0,0
2,河南,47,True,3200,1,1,1,0
2,河南,48,True,3200,0,0,0,0
2,河南,49,True,3200,2,1,1,0
2,河南,50,True,3200,0,0,0,0
2,河南,51,True,3200,0,0,0,0
2,河南,52,True,3200,0,0,0,0
2,河南,53,True,3200,0,0,0,0
2,河南,54,True,3200,0,0,0,0
2,河南,55,True,3200,0,0,0,0
2,河南,56,True,3200,0,0,0,0
2,河南,57,True,3200,0,0,0,0
2,河南,58,True,3200,0,0,0,0
2,河南,59,True,3200,0,0,0,0
2,河南,60,True,3200,0,0,0,0
2,河南,61,True,3200,0,0,0,0
2,河南,62,True,3200,0,0,0,0
2,河南,63,True,3200,0,0,0,0
2,河南,64,True,3200,0,0,0,0
2,河南,65,True,3200,0,0,0,0
2,河南,66,True,3200,0,0,0,0
2,河南,67,True,3200,0,0,0,0
2,河南,68,True,3200,0,0,0,0
2,河南,69,True,3200,0,0,0,0
2,河南,70,True,3200,0,0,0,0
2,河南,71,True,3200,0,0,0,0
2,河南,72,True,3200,0,0,0,0
2,河南,73,True,3200,2,1,0,1
2,河南,74,True,3200,1,0,0,0
2,河南,75,True,3200,1,0,0,0
2,河南,76,True,3200,0,0,0,0
2,河南,77,True,3200,2,1,1,0
2,河南,78,True,3200,0,0,0,0
2,河南,79,True,3200,0,0,0,0
2,河南,80,True,3200,0,0,0,0
2,河南,81,True,3200,0,0,0,0
2,河南,82,True,3200,0,0,0,0
2,河南,83,True,3200,0,0,0,0
2,河南,84,True,3200,0,0,0,0
2,河南,85,True,3200,0,0,0,0
2,河南,86,True,3200,0,0,0,0
2,河南,87,True,3200,0,0,0,0
2,河南,88,True,3200,0,0,0,0
2,河南,89,True,3200,0,0,0,0
2,河南,90,True,3200,0,0,0,0
2,河南,91,True,3200,0,0,0,0
2,河南,92,True,3200,0,0,0,0
2,河南,93,True,3200,0,0,0,0
2,河南,94,True,3200,0,0,0,0
2,河南,95,True,3200,0,0,0,0
2,河南,96,True,3200,0,0,0,0
2,河南,97,True,3200,0,0,0,0
2,河南,98,True,3200,0,0,0,0
2,河南,99,True,3200,0,0,0,0
2,河南,100,True,3200,0,0,0,0
2,湖北,1,True,3200,0,0,0,0
2,湖北,2,True,3200,0,0,0,0
2,湖北,3,True,3200,0,0,0,0
2,湖北,4,True,3200,0,0,0,0
2,湖北,5,True,3200,0,0,0,0
2,湖北,6,True,3200,0,0,0,0
2,湖北,7,True,3200,0,0,0,0
2,湖北,8,True,3200,4,1,1,0
2,湖北,9,True,3200,4,1,1,0
2,湖北,10,True,3200,0,0,0,0
2,湖北,11,True,3200,4,1,1,0
2,湖北,12,True,3200,2,1,1,0
2,湖北,13,True,3200,0,0,0,0
2,湖北,14,True,3200,0,0,0,0
2,湖北,15,True,3200,0,0,0,0
2,湖北,16,True,3200,0,0,0,0
2,湖北,17,True,3200,0,0,0,0
2,湖北,18,True,3200,0,0,0,0
2,湖北,19,True,3200,0,0,0,0
2,湖北,20,True,3200,0,0,0,0
2,湖北,21,True,3200,0,0,0,0
2,湖北,22,True,3200,0,0,0,0
2,湖北,23,True,3200,2,0,0,0
2,湖北,24,True,3200,1,0,0,0
2,湖北,25,True,3200,11,6,6,0
2,湖北,26,True,3200,0,0,0,0
2,湖北,27,True,3200,12,2,2,0
2,湖北,28,True,3200,7,4,0,4
2,湖北,29,True,3200,4,1,0,1
2,湖北,30,True,3200,5,0,0,0
2,湖北,31,True,3200,1,0,0,0
2,湖北,32,True,3200,0,0,0,0
2,湖北,33,True,3200,2,1,1,0
2,湖北,34,True,3200,0,0,0,0
2,湖北,35,True,3200,0,0,0,0
2,湖北,36,True,3200,0,0,0,0
2,湖北,37,True,3200,8,2,2,0
2,湖北,38,True,3200,0,0,0,0
2,湖北,39,True,3200,12,4,0,4
2,湖北,40,True,3200,2,0,0,0
2,湖北,41,True,3200,2,1,0,1
2,湖北,42,True,3200,2,1,0,1
2,湖北,43,True,3200,7,1,0,1
2,湖北,44,True,3200,0,0,0,0
2,湖北,45,True,3200,1,0,0,0
2,湖北,46,True,3200,0,0,0,0
2,湖北,47,True,3200,0,0,0,0
2,湖北,48,True,3200,0,0,0,0
2,湖北,49,True,3200,2,1,0,1
2,湖北,50,True,3200,0,0,0,0
2,湖北,51,True,3200,0,0,0,0
2,湖北,52,True,3200,0,0,0,0
2,湖北,53,True,3200,0,0,0,0
2,湖北,54,True,3200,0,0,0,0
2,湖北,55,True,3200,0,0,0,0
2,湖北,56,True,3200,0,0,0,0
2,湖北,57,True,3200,0,0,0,0
2,湖北,58,True,3200,0,0,0,0
2,湖北,59,True,3200,0,0,0,0
2,湖北,60,True,3200,0,0,0,0
2,湖北,61,True,3200,1,0,0,0
2,湖北,62,True,3200,0,0,0,0
2,湖北,63,True,3200,0,0,0,0
2,湖北,64,True,3200,0,0,0,0
2,湖北,65,True,3200,0,0,0,0
2,湖北,66,True,3200,0,0,0,0
2,湖北,67,True,3200,0,0,0,0
2,湖北,68,True,3200,0,0,0,0
2,湖北,69,True,3200,0,0,0,0
2,湖北,70,True,3200,2,1,1,0
2,湖北,71,True,3200,0,0,0,0
2,湖北,72,True,3200,4,1,1,0
2,湖北,73,True,3200,0,0,0,0
2,湖北,74,True,3200,0,0,0,0
2,湖北,75,True,3200,0,0,0,0
2,湖北,76,True,3200,2,1,1,0
2,湖北,77,True,3200,14,4,4,0
2,湖北,78,True,3200,14,3,3,0
2,湖北,79,True,3200,14,0,0,0
2,湖北,80,True,3200,9,0,0,0
2,湖北,81,True,3200,0,0,0,0
2,湖北,82,True,3200,0,0,0,0
2,湖北,83,True,3200,2,0,0,0
2,湖北,84,True,3200,0,0,0,0
2,湖北,85,True,3200,2,1,1,0
2,湖北,86,True,3200,0,0,0,0
2,湖北,87,True,3200,0,0,0,0
2,湖北,88,True,3200,0,0,0,0
2,湖北,89,True,3200,0,0,0,0
2,湖北,90,True,3200,0,0,0,0
2,湖北,91,True,3200,0,0,0,0
2,湖北,92,True,3200,0,0,0,0
2,湖北,93,True,3200,0,0,0,0
2,湖北,94,True,3200,4,1,1,0
2,湖北,95,True,3200,4,1,1,0
2,湖北,96,True,3200,2,0,0,0
2,湖北,97,True,3200,0,0,0,0
2,湖北,98,True,3200,0,0,0,0
2,湖北,99,True,3200,0,0,0,0
2,湖北,100,True,3200,1,0,0,0
2,湖南,1,True,3200,0,0,0,0
2,湖南,2,True,3200,0,0,0,0
2,湖南,3,True,3200,0,0,0,0
2,湖南,4,True,3200,0,0,0,0
2,湖南,5,True,3200,0,0,0,0
2,湖南,6,True,3200,0,0,0,0
2,湖南,7,True,3200,0,0,0,0
2,湖南,8,True,3200,0,0,0,0
2,湖南,9,True,3200,0,0,0,0
2,湖南,10,True,3200,0,0,0,0
2,湖南,11,True,3200,0,0,0,0
2,湖南,12,True,3200,0,0,0,0
2,湖南,13,True,3200,0,0,0,0
2,湖南,14,True,3200,0,0,0,0
2,湖南,15,True,3200,0,0,0,0
2,湖南,16,True,3200,0,0,0,0
2,湖南,17,True,3200,0,0,0,0
2,湖南,18,True,3200,0,0,0,0
2,湖南,19,True,3200,0,0,0,0
2,湖南,20,True,3200,0,0,0,0
2,湖南,21,True,3200,0,0,0,0
2,湖南,22,True,3200,6,2,0,2
2,湖南,23,True,3200,14,7,0,7
2,湖南,24,True,3200,1,0,0,0
2,湖南,25,True,3200,0,0,0,0
2,湖南,26,True,3200,0,0,0,0
2,湖南,27,True,3200,2,0,0,0
2,湖南,28,True,3200,2,0,0,0
2,湖南,29,True,3200,0,0,0,0
2,湖南,30,True,3200,0,0,0,0
2,湖南,31,True,3200,0,0,0,0
2,湖南,32,True,3200,0,0,0,0
2,湖南,33,True,3200,2,1,0,1
2,湖南,34,True,3200,0,0,0,0
2,湖南,35,True,3200,0,0,0,0
2,湖南,36,True,3200,1,0,0,0
2,湖南,37,True,3200,0,0,0,0
2,湖南,38,True,3200,0,0,0,0
2,湖南,39,True,3200,4,1,1,0
2,湖南,40,True,3200,44,11,11,0
2,湖南,41,True,3200,0,0,0,0
2,湖南,42,True,3200,0,0,0,0
2,湖南,43,True,3200,0,0,0,0
2,湖南,44,True,3200,0,0,0,0
2,湖南,45,True,3200,0,0,0,0
2,湖南,46,True,3200,0,0,0,0
2,湖南,47,True,3200,2,1,0,1
2,湖南,48,True,3200,0,0,0,0
2,湖南,49,True,3200,0,0,0,0
2,湖南,50,True,3200,2,0,0,0
2,湖南,51,True,3200,0,0,0,0
2,湖南,52,True,3200,0,0,0,0
2,湖南,53,True,3200,2,1,0,1
2,湖南,54,True,3200,0,0,0,0
2,湖南,55,True,3200,3,1,1,0
2,湖南,56,True,3200,0,0,0,0
2,湖南,57,True,3200,0,0,0,0
2,湖南,58,True,3200,0,0,0,0
2,湖南,59,True,3200,0,0,0,0
2,湖南,60,True,3200,3,0,0,0
2,湖南,61,True,3200,0,0,0,0
2,湖南,62,True,3200,0,0,0,0
2,湖南,63,True,3200,0,0,0,0
2,湖南,64,True,3200,0,0,0,0
2,湖南,65,True,3200,0,0,0,0
2,湖南,66,True,3200,4,1,1,0
2,湖南,67,True,3200,2,0,0,0
2,湖南,68,True,3200,0,0,0,0
2,湖南,69,True,3200,0,0,0,0
2,湖南,70,True,3200,3,0,0,0
2,湖南,71,True,3200,1,0,0,0
2,湖南,72,True,3200,4,2,0,2
2,湖南,73,True,3200,5,1,1,0
2,湖南,74,True,3200,0,0,0,0
2,湖南,75,True,3200,1,0,0,0
2,湖南,76,True,3200,3,2,1,1
2,湖南,77,True,3200,0,0,0,0
2,湖南,78,True,3200,0,0,0,0
2,湖南,79,True,3200,0,0,0,0
2,湖南,80,True,3200,0,0,0,0
2,湖南,81,True,3200,0,0,0,0
2,湖南,82,True,3200,0,0,0,0
2,湖南,83,True,3200,0,0,0,0
2,湖南,84,True,3200,0,0,0,0
2,湖南,85,True,3200,3,1,1,0
2,湖南,86,True,3200,8,2,2,0
2,湖南,87,True,3200,2,0,0,0
2,湖南,88,True,3200,0,0,0,0
2,湖南,89,True,3200,2,0,0,0
2,湖南,90,True,3200,1,0,0,0
2,湖南,91,True,3200,4,0,0,0
2,湖南,92,True,3200,2,1,0,1
2,湖南,93,True,3200,6,1,1,0
2,湖南,94,True,3200,0,0,0,0
2,湖南,95,True,3200,0,0,0,0
2,湖南,96,True,3200,0,0,0,0
2,湖南,97,True,3200,0,0,0,0
2,湖南,98,True,3200,2,0,0,0
2,湖南,99,True,3200,0,0,0,0
2,湖南,100,True,3200,1,1,0,1
2,广东,1,True,3200,0,0,0,0
2,广东,2,True,3200,0,0,0,0
2,广东,3,True,3200,0,0,0,0
2,广东,4,True,3200,0,0,0,0
2,广东,5,True,3200,0,0,0,0
2,广东,6,True,3200,0,0,0,0
2,广东,7,True,3200,0,0,0,0
2,广东,8,True,3200,0,0,0,0
2,广东,9,True,3200,0,0,0,0
2,广东,10,True,3200,0,0,0,0
2,广东,11,True,3200,2,1,1,0
2,广东,12,True,3200,0,0,0,0
2,广东,13,True,3200,0,0,0,0
2,广东,14,True,3200,2,1,1,0
2,广东,15,True,3200,0,0,0,0
2,广东,16,True,3200,0,0,0,0
2,广东,17,True,3200,0,0,0,0
2,广东,18,True,3200,3,1,1,0
2,广东,19,True,3200,4,2,0,2
2,广东,20,True,3200,6,1,1,0
2,广东,21,True,3200,8,2,2,0
2,广东,22,True,3200,0,0,0,0
2,广东,23,True,3200,0,0,0,0
2,广东,24,True,3200,0,0,0,0
2,广东,25,True,3200,0,0,0,0
2,广东,26,True,3200,0,0,0,0
2,广东,27,True,3200,1,0,0,0
2,广东,28,True,3200,0,0,0,0
2,广东,29,True,3200,2,1,0,1
2,广东,30,True,3200,0,0,0,0
2,广东,31,True,3200,0,0,0,0
2,广东,32,True,3200,0,0,0,0
2,广东,33,True,3200,0,0,0,0
2,广东,34,True,3200,3,2,2,0
2,广东,35,True,3200,0,0,0,0
2,广东,36,True,3200,0,0,0,0
2,广东,37,True,3200,2,1,1,0
2,广东,38,True,3200,0,0,0,0
2,广东,39,True,3200,0,0,0,0
2,广东,40,True,3200,0,0,0,0
2,广东,41,True,3200,0,0,0,0
2,广东,42,True,3200,0,0,0,0
2,广东,43,True,3200,0,0,0,0
2,广东,44,True,3200,0,0,0,0
2,广东,45,True,3200,2,0,0,0
2,广东,46,True,3200,0,0,0,0
2,广东,47,True,3200,0,0,0,0
2,广东,48,True,3200,0,0,0,0
2,广东,49,True,3200,0,0,0,0
2,广东,50,True,3200,0,0,0,0
2,广东,51,True,3200,0,0,0,0
2,广东,52,True,3200,4,1,1,0
2,广东,53,True,3200,0,0,0,0
2,广东,54,True,3200,0,0,0,0
2,广东,55,True,3200,2,1,0,1
2,广东,56,True,3200,0,0,0,0
2,广东,57,True,3200,0,0,0,0
2,广东,58,True,3200,0,0,0,0
2,广东,59,True,3200,0,0,0,0
2,广东,60,True,3200,2,0,0,0
2,广东,61,True,3200,0,0,0,0
2,广东,62,True,3200,2,0,0,0
2,广东,63,True,3200,0,0,0,0
2,广东,64,True,3200,0,0,0,0
2,广东,65,True,3200,0,0,0,0
2,广东,66,True,3200,0,0,0,0
2,广东,67,True,3200,0,0,0,0
2,广东,68,True,3200,2,1,0,1
2,广东,69,True,3200,0,0,0,0
2,广东,70,True,3200,0,0,0,0
2,广东,71,True,3200,0,0,0,0
2,广东,72,True,3200,0,0,0,0
2,广东,73,True,3200,0,0,0,0
2,广东,74,True,3200,0,0,0,0
2,广东,75,True,3200,0,0,0,0
2,广东,76,True,3200,1,1,0,1
2,广东,77,True,3200,4,0,0,0
2,广东,78,True,3200,2,0,0,0
2,广东,79,True,3200,6,2,2,0
2,广东,80,True,3200,0,0,0,0
2,广东,81,True,3200,0,0,0,0
2,广东,82,True,3200,6,1,1,0
2,广东,83,True,3200,0,0,0,0
2,广东,84,True,3200,0,0,0,0
2,广东,85,True,3200,2,0,0,0
2,广东,86,True,3200,0,0,0,0
2,广东,87,True,3200,1,0,0,0
2,广东,88,True,3200,0,0,0,0
2,广东,89,True,3200,0,0,0,0
2,广东,90,True,3200,0,0,0,0
2,广东,91,True,3200,2,0,0,0
2,广东,92,True,3200,2,0,0,0
2,广东,93,True,3200,2,1,0,1
2,广东,94,True,3200,0,0,0,0
2,广东,95,True,3200,4,1,1,0
2,广东,96,True,3200,0,0,0,0
2,广东,97,True,3200,0,0,0,0
2,广东,98,True,3200,0,0,0,0
2,广东,99,True,3200,0,0,0,0
2,广东,100,True,3200,0,0,0,0
2,广西,1,True,3200,0,0,0,0
2,广西,2,True,3200,0,0,0,0
2,广西,3,True,3200,0,0,0,0
2,广西,4,True,3200,0,0,0,0
2,广西,5,True,3200,0,0,0,0
2,广西,6,True,3200,0,0,0,0
2,广西,7,True,3200,4,2,0,2
2,广西,8,True,3200,0,0,0,0
2,广西,9,True,3200,0,0,0,0
2,广西,10,True,3200,0,0,0,0
2,广西,11,True,3200,6,3,2,1
2,广西,12,True,3200,6,3,1,2
2,广西,13,True,3200,4,0,0,0
2,广西,14,True,3200,2,0,0,0
2,广西,15,True,3200,0,0,0,0
2,广西,16,True,3200,6,3,3,0
2,广西,17,True,3200,0,0,0,0
2,广西,18,True,3200,0,0,0,0
2,广西,19,True,3200,0,0,0,0
2,广西,20,True,3200,0,0,0,0
2,广西,21,True,3200,2,0,0,0
2,广西,22,True,3200,0,0,0,0
2,广西,23,True,3200,3,2,1,1
2,广西,24,True,3200,0,0,0,0
2,广西,25,True,3200,0,0,0,0
2,广西,26,True,3200,4,1,0,1
2,广西,27,True,3200,6,1,1,0
2,广西,28,True,3200,2,0,0,0
2,广西,29,True,3200,0,0,0,0
2,广西,30,True,3200,2,0,0,0
2,广西,31,True,3200,0,0,0,0
2,广西,32,True,3200,2,1,0,1
2,广西,33,True,3200,3,1,1,0
2,广西,34,True,3200,0,0,0,0
2,广西,35,True,3200,0,0,0,0
2,广西,36,True,3200,0,0,0,0
2,广西,37,True,3200,0,0,0,0
2,广西,38,True,3200,0,0,0,0
2,广西,39,True,3200,0,0,0,0
2,广西,40,True,3200,2,1,1,0
2,广西,41,True,3200,0,0,0,0
2,广西,42,True,3200,0,0,0,0
2,广西,43,True,3200,0,0,0,0
2,广西,44,True,3200,4,1,1,0
2,广西,45,True,3200,1,0,0,0
2,广西,46,True,3200,3,0,0,0
2,广西,47,True,3200,6,1,0,1
2,广西,48,True,3200,2,0,0,0
2,广西,49,True,3200,0,0,0,0
2,广西,50,True,3200,2,0,0,0
2,广西,51,True,3200,0,0,0,0
2,广西,52,True,3200,0,0,0,0
2,广西,53,True,3200,0,0,0,0
2,广西,54,True,3200,0,0,0,0
2,广西,55,True,3200,0,0,0,0
2,广西,56,True,3200,0,0,0,0
2,广西,57,True,3200,0,0,0,0
2,广西,58,True,3200,0,0,0,0
2,广西,59,True,3200,0,0,0,0
2,广西,60,True,3200,0,0,0,0
2,广西,61,True,3200,2,1,0,1
2,广西,62,True,3200,0,0,0,0
2,广西,63,True,3200,0,0,0,0
2,广西,64,True,3200,0,0,0,0
2,广西,65,True,3200,0,0,0,0
2,广西,66,True,3200,4,1,1,0
2,广西,67,True,3200,1,0,0,0
2,广西,68,True,3200,4,2,2,0
2,广西,69,True,3200,0,0,0,0
2,广西,70,True,3200,2,0,0,0
2,广西,71,True,3200,0,0,0,0
2,广西,72,True,3200,0,0,0,0
2,广西,73,True,3200,0,0,0,0
2,广西,74,True,3200,2,0,0,0
2,广西,75,True,3200,0,0,0,0
2,广西,76,True,3200,0,0,0,0
2,广西,77,True,3200,4,2,2,0
2,广西,78,True,3200,11,1,1,0
2,广西,79,True,3200,2,1,1,0
2,广西,80,True,3200,4,0,0,0
2,广西,81,True,3200,24,5,3,2
2,广西,82,True,3200,0,0,0,0
2,广西,83,True,3200,3,2,1,1
2,广西,84,True,3200,23,9,3,6
2,广西,85,True,3200,21,4,3,1
2,广西,86,True,3200,8,2,2,0
2,广西,87,True,3200,0,0,0,0
2,广西,88,True,3200,0,0,0,0
2,广西,89,True,3200,0,0,0,0
2,广西,90,True,3200,0,0,0,0
2,广西,91,True,3200,0,0,0,0
2,广西,92,True,3200,0,0,0,0
2,广西,93,True,3200,0,0,0,0
2,广西,94,True,3200,0,0,0,0
2,广西,95,True,3200,0,0,0,0
2,广西,96,True,3200,0,0,0,0
2,广西,97,True,3200,0,0,0,0
2,广西,98,True,3200,2,1,1,0
2,广西,99,True,3200,0,0,0,0
2,广西,100,True,3200,0,0,0,0
2,海南,1,True,3200,0,0,0,0
2,海南,2,True,3200,0,0,0,0
2,海南,3,True,3200,0,0,0,0
2,海南,4,True,3200,2,0,0,0
2,海南,5,True,3200,0,0,0,0
2,海南,6,True,3200,0,0,0,0
2,海南,7,True,3200,3,2,2,0
2,海南,8,True,3200,0,0,0,0
2,海南,9,True,3200,1,0,0,0
2,海南,10,True,3200,0,0,0,0
2,海南,11,True,3200,0,0,0,0
2,海南,12,True,3200,0,0,0,0
2,海南,13,True,3200,0,0,0,0
2,海南,14,True,3200,1,1,1,0
2,海南,15,True,3200,2,1,1,0
2,海南,16,True,3200,0,0,0,0
2,海南,17,True,3200,0,0,0,0
2,海南,18,True,3200,0,0,0,0
2,海南,19,True,3200,0,0,0,0
2,海南,20,True,3200,1,0,0,0
2,海南,21,True,3200,0,0,0,0
2,海南,22,True,3200,4,0,0,0
2,海南,23,True,3200,3,1,1,0
2,海南,24,True,3200,2,1,0,1
2,海南,25,True,3200,4,2,2,0
2,海南,26,True,3200,0,0,0,0
2,海南,27,True,3200,0,0,0,0
2,海南,28,True,3200,0,0,0,0
2,海南,29,True,3200,0,0,0,0
2,海南,30,True,3200,0,0,0,0
2,海南,31,True,3200,1,0,0,0
2,海南,32,True,3200,2,0,0,0
2,海南,33,True,3200,3,1,1,0
2,海南,34,True,3200,0,0,0,0
2,海南,35,True,3200,0,0,0,0
2,海南,36,True,3200,0,0,0,0
2,海南,37,True,3200,0,0,0,0
2,海南,38,True,3200,1,0,0,0
2,海南,39,True,3200,1,0,0,0
2,海南,40,True,3200,4,1,1,0
2,海南,41,True,3200,0,0,0,0
2,海南,42,True,3200,2,0,0,0
2,海南,43,True,3200,0,0,0,0
2,海南,44,True,3200,0,0,0,0
2,海南,45,True,3200,2,1,1,0
2,海南,46,True,3200,0,0,0,0
2,海南,47,True,3200,0,0,0,0
2,海南,48,True,3200,0,0,0,0
2,海南,49,True,3200,0,0,0,0
2,海南,50,True,3200,0,0,0,0
2,海南,51,True,3200,0,0,0,0
2,海南,52,True,3200,0,0,0,0
2,海南,53,True,3200,0,0,0,0
2,海南,54,True,3200,0,0,0,0
2,海南,55,True,3200,2,0,0,0
2,海南,56,True,3200,0,0,0,0
2,海南,57,True,3200,0,0,0,0
2,海南,58,True,3200,0,0,0,0
2,海南,59,True,3200,0,0,0,0
2,海南,60,True,3200,0,0,0,0
2,海南,61,True,3200,0,0,0,0
2,海南,62,True,3200,4,0,0,0
2,海南,63,True,3200,7,0,0,0
2,海南,64,True,3200,8,0,0,0
2,海南,65,True,3200,2,0,0,0
2,海南,66,True,3200,12,2,2,0
2,海南,67,True,3200,1,0,0,0
2,海南,68,True,3200,0,0,0,0
2,海南,69,True,3200,6,0,0,0
2,海南,70,True,3200,2,0,0,0
2,海南,71,True,3200,0,0,0,0
2,海南,72,True,3200,2,1,1,0
2,海南,73,True,3200,4,1,0,1
2,海南,74,True,3200,21,4,4,0
2,海南,75,True,3200,6,1,1,0
2,海南,76,True,3200,0,0,0,0
2,海南,77,True,3200,0,0,0,0
2,海南,78,True,3200,0,0,0,0
2,海南,79,True,3200,0,0,0,0
2,海南,80,True,3200,2,0,0,0
2,海南,81,True,3200,4,1,0,1
2,海南,82,True,3200,4,1,0,1
2,海南,83,True,3200,2,1,0,1
2,海南,84,True,3200,2,0,0,0
2,海南,85,True,3200,0,0,0,0
2,海南,86,True,3200,0,0,0,0
2,海南,87,True,3200,6,1,1,0
2,海南,88,True,3200,0,0,0,0
2,海南,89,True,3200,4,2,1,1
2,海南,90,True,3200,2,0,0,0
2,海南,91,True,3200,3,0,0,0
2,海南,92,True,3200,0,0,0,0
2,海南,93,True,3200,0,0,0,0
2,海南,94,True,3200,5,1,1,0
2,海南,95,True,3200,0,0,0,0
2,海南,96,True,3200,4,1,1,0
2,海南,97,True,3200,4,1,1,0
2,海南,98,True,3200,0,0,0,0
2,海南,99,True,3200,0,0,0,0
2,海南,100,True,3200,4,1,1,0
2,重庆,1,True,3200,0,0,0,0
2,重庆,2,True,3200,0,0,0,0
2,重庆,3,True,3200,0,0,0,0
2,重庆,4,True,3200,0,0,0,0
2,重庆,5,True,3200,0,0,0,0
2,重庆,6,True,3200,0,0,0,0
2,重庆,7,True,3200,0,0,0,0
2,重庆,8,True,3200,0,0,0,0
2,重庆,9,True,3200,1,1,1,0
2,重庆,10,True,3200,0,0,0,0
2,重庆,11,True,3200,0,0,0,0
2,重庆,12,True,3200,3,0,0,0
2,重庆,13,True,3200,2,0,0,0
2,重庆,14,True,3200,2,1,0,1
2,重庆,15,True,3200,0,0,0,0
2,重庆,16,True,3200,0,0,0,0
2,重庆,17,True,3200,0,0,0,0
2,重庆,18,True,3200,6,2,2,0
2,重庆,19,True,3200,3,2,1,1
2,重庆,20,True,3200,0,0,0,0
2,重庆,21,True,3200,0,0,0,0
2,重庆,22,True,3200,0,0,0,0
2,重庆,23,True,3200,0,0,0,0
2,重庆,24,True,3200,0,0,0,0
2,重庆,25,True,3200,1,0,0,0
2,重庆,26,True,3200,0,0,0,0
2,重庆,27,True,3200,2,1,1,0
2,重庆,28,True,3200,0,0,0,0
2,重庆,29,True,3200,1,0,0,0
2,重庆,30,True,3200,7,2,2,0
2,重庆,31,True,3200,0,0,0,0
2,重庆,32,True,3200,0,0,0,0
2,重庆,33,True,3200,0,0,0,0
2,重庆,34,True,3200,9,2,1,1
2,重庆,35,True,3200,2,1,1,0
2,重庆,36,True,3200,0,0,0,0
2,重庆,37,True,3200,0,0,0,0
2,重庆,38,True,3200,0,0,0,0
2,重庆,39,True,3200,0,0,0,0
2,重庆,40,True,3200,5,2,2,0
2,重庆,41,True,3200,2,0,0,0
2,重庆,42,True,3200,5,0,0,0
2,重庆,43,True,3200,0,0,0,0
2,重庆,44,True,3200,0,0,0,0
2,重庆,45,True,3200,0,0,0,0
2,重庆,46,True,3200,0,0,0,0
2,重庆,47,True,3200,2,1,1,0
2,重庆,48,True,3200,2,0,0,0
2,重庆,49,True,3200,0,0,0,0
2,重庆,50,True,3200,0,0,0,0
2,重庆,51,True,3200,0,0,0,0
2,重庆,52,True,3200,0,0,0,0
2,重庆,53,True,3200,0,0,0,0
2,重庆,54,True,3200,0,0,0,0
2,重庆,55,True,3200,0,0,0,0
2,重庆,56,True,3200,0,0,0,0
2,重庆,57,True,3200,0,0,0,0
2,重庆,58,True,3200,0,0,0,0
2,重庆,59,True,3200,0,0,0,0
2,重庆,60,True,3200,0,0,0,0
2,重庆,61,True,3200,2,1,1,0
2,重庆,62,True,3200,2,0,0,0
2,重庆,63,True,3200,0,0,0,0
2,重庆,64,True,3200,0,0,0,0
2,重庆,65,True,3200,0,0,0,0
2,重庆,66,True,3200,0,0,0,0
2,重庆,67,True,3200,0,0,0,0
2,重庆,68,True,3200,0,0,0,0
2,重庆,69,True,3200,0,0,0,0
2,重庆,70,True,3200,0,0,0,0
2,重庆,71,True,3200,4,1,1,0
2,重庆,72,True,3200,0,0,0,0
2,重庆,73,True,3200,4,1,1,0
2,重庆,74,True,3200,0,0,0,0
2,重庆,75,True,3200,0,0,0,0
2,重庆,76,True,3200,0,0,0,0
2,重庆,77,True,3200,0,0,0,0
2,重庆,78,True,3200,2,1,0,1
2,重庆,79,True,3200,0,0,0,0
2,重庆,80,True,3200,0,0,0,0
2,重庆,81,True,3200,0,0,0,0
2,重庆,82,True,3200,0,0,0,0
2,重庆,83,True,3200,2,0,0,0
2,重庆,84,True,3200,2,0,0,0
2,重庆,85,True,3200,18,9,0,9
2,重庆,86,True,3200,10,3,3,0
2,重庆,87,True,3200,0,0,0,0
2,重庆,88,True,3200,6,1,1,0
2,重庆,89,True,3200,0,0,0,0
2,重庆,90,True,3200,2,1,1,0
2,重庆,91,True,3200,0,0,0,0
2,重庆,92,True,3200,0,0,0,0
2,重庆,93,True,3200,0,0,0,0
2,重庆,94,True,3200,0,0,0,0
2,重庆,95,True,3200,6,2,2,0
2,重庆,96,True,3200,0,0,0,0
2,重庆,97,True,3200,0,0,0,0
2,重庆,98,True,3200,0,0,0,0
2,重庆,99,True,3200,0,0,0,0
2,重庆,100,True,3200,0,0,0,0
2,四川,1,True,3200,0,0,0,0
2,四川,2,True,3200,0,0,0,0
2,四川,3,True,3200,0,0,0,0
2,四川,4,True,3200,0,0,0,0
2,四川,5,True,3200,0,0,0,0
2,四川,6,True,3200,0,0,0,0
2,四川,7,True,3200,0,0,0,0
2,四川,8,True,3200,0,0,0,0
2,四川,9,True,3200,0,0,0,0
2,四川,10,True,3200,0,0,0,0
2,四川,11,True,3200,0,0,0,0
2,四川,12,True,3200,0,0,0,0
2,四川,13,True,3200,0,0,0,0
2,四川,14,True,3200,4,1,1,0
2,四川,15,True,3200,8,1,0,1
2,四川,16,True,3200,0,0,0,0
2,四川,17,True,3200,4,0,0,0
2,四川,18,True,3200,4,0,0,0
2,四川,19,True,3200,3,1,1,0
2,四川,20,True,3200,0,0,0,0
2,四川,21,True,3200,0,0,0,0
2,四川,22,True,3200,0,0,0,0
2,四川,23,True,3200,0,0,0,0
2,四川,24,True,3200,0,0,0,0
2,四川,25,True,3200,2,0,0,0
2,四川,26,True,3200,2,0,0,0
2,四川,27,True,3200,8,1,1,0
2,四川,28,True,3200,4,0,0,0
2,四川,29,True,3200,0,0,0,0
2,四川,30,True,3200,0,0,0,0
2,四川,31,True,3200,0,0,0,0
2,四川,32,True,3200,0,0,0,0
2,四川,33,True,3200,2,0,0,0
2,四川,34,True,3200,0,0,0,0
2,四川,35,True,3200,0,0,0,0
2,四川,36,True,3200,0,0,0,0
2,四川,37,True,3200,0,0,0,0
2,四川,38,True,3200,0,0,0,0
2,四川,39,True,3200,0,0,0,0
2,四川,40,True,3200,0,0,0,0
2,四川,41,True,3200,0,0,0,0
2,四川,42,True,3200,0,0,0,0
2,四川,43,True,3200,0,0,0,0
2,四川,44,True,3200,0,0,0,0
2,四川,45,True,3200,0,0,0,0
2,四川,46,True,3200,0,0,0,0
2,四川,47,True,3200,0,0,0,0
2,四川,48,True,3200,0,0,0,0
2,四川,49,True,3200,0,0,0,0
2,四川,50,True,3200,0,0,0,0
2,四川,51,True,3200,0,0,0,0
2,四川,52,True,3200,0,0,0,0
2,四川,53,True,3200,2,1,1,0
2,四川,54,True,3200,8,3,0,3
2,四川,55,True,3200,0,0,0,0
2,四川,56,True,3200,0,0,0,0
2,四川,57,True,3200,0,0,0,0
2,四川,58,True,3200,0,0,0,0
2,四川,59,True,3200,0,0,0,0
2,四川,60,True,3200,2,0,0,0
2,四川,61,True,3200,1,0,0,0
2,四川,62,True,3200,0,0,0,0
2,四川,63,True,3200,0,0,0,0
2,四川,64,True,3200,2,1,1,0
2,四川,65,True,3200,0,0,0,0
2,四川,66,True,3200,2,0,0,0
2,四川,67,True,3200,1,0,0,0
2,四川,68,True,3200,0,0,0,0
2,四川,69,True,3200,4,1,1,0
2,四川,70,True,3200,4,1,1,0
2,四川,71,True,3200,8,0,0,0
2,四川,72,True,3200,0,0,0,0
2,四川,73,True,3200,5,2,0,2
2,四川,74,True,3200,5,1,1,0
2,四川,75,True,3200,0,0,0,0
2,四川,76,True,3200,2,0,0,0
2,四川,77,True,3200,0,0,0,0
2,四川,78,True,3200,0,0,0,0
2,四川,79,True,3200,0,0,0,0
2,四川,80,True,3200,0,0,0,0
2,四川,81,True,3200,0,0,0,0
2,四川,82,True,3200,0,0,0,0
2,四川,83,True,3200,2,0,0,0
2,四川,84,True,3200,3,1,1,0
2,四川,85,True,3200,0,0,0,0
2,四川,86,True,3200,0,0,0,0
2,四川,87,True,3200,0,0,0,0
2,四川,88,True,3200,0,0,0,0
2,四川,89,True,3200,0,0,0,0
2,四川,90,True,3200,0,0,0,0
2,四川,91,True,3200,0,0,0,0
2,四川,92,True,3200,0,0,0,0
2,四川,93,True,3200,10,0,0,0
2,四川,94,True,3200,8,1,0,1
2,四川,95,True,3200,0,0,0,0
2,四川,96,True,3200,15,4,4,0
2,四川,97,True,3200,15,4,4,0
2,四川,98,True,3200,4,0,0,0
2,四川,99,True,3200,0,0,0,0
2,四川,100,True,3200,0,0,0,0
2,贵州,1,True,3200,0,0,0,0
2,贵州,2,True,3200,0,0,0,0
2,贵州,3,True,3200,0,0,0,0
2,贵州,4,True,3200,0,0,0,0
2,贵州,5,True,3200,0,0,0,0
2,贵州,6,True,3200,0,0,0,0
2,贵州,7,True,3200,0,0,0,0
2,贵州,8,True,3200,0,0,0,0
2,贵州,9,True,3200,0,0,0,0
2,贵州,10,True,3200,0,0,0,0
2,贵州,11,True,3200,0,0,0,0
2,贵州,12,True,3200,0,0,0,0
2,贵州,13,True,3200,0,0,0,0
2,贵州,14,True,3200,2,1,1,0
2,贵州,15,True,3200,0,0,0,0
2,贵州,16,True,3200,0,0,0,0
2,贵州,17,True,3200,0,0,0,0
2,贵州,18,True,3200,5,2,2,0
2,贵州,19,True,3200,0,0,0,0
2,贵州,20,True,3200,4,1,1,0
2,贵州,21,True,3200,0,0,0,0
2,贵州,22,True,3200,0,0,0,0
2,贵州,23,True,3200,2,1,1,0
2,贵州,24,True,3200,0,0,0,0
2,贵州,25,True,3200,1,0,0,0
2,贵州,26,True,3200,0,0,0,0
2,贵州,27,True,3200,0,0,0,0
2,贵州,28,True,3200,1,1,1,0
2,贵州,29,True,3200,0,0,0,0
2,贵州,30,True,3200,2,0,0,0
2,贵州,31,True,3200,4,1,1,0
2,贵州,32,True,3200,0,0,0,0
2,贵州,33,True,3200,0,0,0,0
2,贵州,34,True,3200,2,0,0,0
2,贵州,35,True,3200,4,1,1,0
2,贵州,36,True,3200,2,1,0,1
2,贵州,37,True,3200,0,0,0,0
2,贵州,38,True,3200,0,0,0,0
2,贵州,39,True,3200,2,0,0,0
2,贵州,40,True,3200,0,0,0,0
2,贵州,41,True,3200,0,0,0,0
2,贵州,42,True,3200,0,0,0,0
2,贵州,43,True,3200,0,0,0,0
2,贵州,44,True,3200,2,1,1,0
2,贵州,45,True,3200,0,0,0,0
2,贵州,46,True,3200,2,0,0,0
2,贵州,47,True,3200,0,0,0,0
2,贵州,48,True,3200,0,0,0,0
2,贵州,49,True,3200,4,2,2,0
2,贵州,50,True,3200,0,0,0,0
2,贵州,51,True,3200,0,0,0,0
2,贵州,52,True,3200,12,2,2,0
2,贵州,53,True,3200,0,0,0,0
2,贵州,54,True,3200,0,0,0,0
2,贵州,55,True,3200,0,0,0,0
2,贵州,56,True,3200,0,0,0,0
2,贵州,57,True,3200,3,2,1,1
2,贵州,58,True,3200,2,1,1,0
2,贵州,59,True,3200,4,1,1,0
2,贵州,60,True,3200,0,0,0,0
2,贵州,61,True,3200,2,1,1,0
2,贵州,62,True,3200,6,0,0,0
2,贵州,63,True,3200,0,0,0,0
2,贵州,64,True,3200,9,2,2,0
2,贵州,65,True,3200,0,0,0,0
2,贵州,66,True,3200,2,0,0,0
2,贵州,67,True,3200,2,0,0,0
2,贵州,68,True,3200,0,0,0,0
2,贵州,69,True,3200,2,0,0,0
2,贵州,70,True,3200,0,0,0,0
2,贵州,71,True,3200,0,0,0,0
2,贵州,72,True,3200,2,0,0,0
2,贵州,73,True,3200,0,0,0,0
2,贵州,74,True,3200,0,0,0,0
2,贵州,75,True,3200,4,2,1,1
2,贵州,76,True,3200,0,0,0,0
2,贵州,77,True,3200,1,0,0,0
2,贵州,78,True,3200,0,0,0,0
2,贵州,79,True,3200,1,0,0,0
2,贵州,80,True,3200,0,0,0,0
2,贵州,81,True,3200,1,1,1,0
2,贵州,82,True,3200,0,0,0,0
2,贵州,83,True,3200,0,0,0,0
2,贵州,84,True,3200,2,1,1,0
2,贵州,85,True,3200,4,1,1,0
2,贵州,86,True,3200,1,1,0,1
2,贵州,87,True,3200,0,0,0,0
2,贵州,88,True,3200,3,1,0,1
2,贵州,89,True,3200,0,0,0,0
2,贵州,90,True,3200,0,0,0,0
2,贵州,91,True,3200,0,0,0,0
2,贵州,92,True,3200,0,0,0,0
2,贵州,93,True,3200,0,0,0,0
2,贵州,94,True,3200,1,0,0,0
2,贵州,95,True,3200,0,0,0,0
2,贵州,96,True,3200,0,0,0,0
2,贵州,97,True,3200,0,0,0,0
2,贵州,98,True,3200,0,0,0,0
2,贵州,99,True,3200,0,0,0,0
2,贵州,100,True,3200,0,0,0,0
2,云南,1,True,3200,0,0,0,0
2,云南,2,True,3200,0,0,0,0
2,云南,3,True,3200,0,0,0,0
2,云南,4,True,3200,0,0,0,0
2,云南,5,True,3200,0,0,0,0
2,云南,6,True,3200,0,0,0,0
2,云南,7,True,3200,0,0,0,0
2,云南,8,True,3200,0,0,0,0
2,云南,9,True,3200,0,0,0,0
2,云南,10,True,3200,0,0,0,0
2,云南,11,True,3200,0,0,0,0
2,云南,12,True,3200,0,0,0,0
2,云南,13,True,3200,0,0,0,0
2,云南,14,True,3200,0,0,0,0
2,云南,15,True,3200,0,0,0,0
2,云南,16,True,3200,0,0,0,0
2,云南,17,True,3200,0,0,0,0
2,云南,18,True,3200,0,0,0,0
2,云南,19,True,3200,4,0,0,0
2,云南,20,True,3200,2,0,0,0
2,云南,21,True,3200,0,0,0,0
2,云南,22,True,3200,0,0,0,0
2,云南,23,True,3200,0,0,0,0
2,云南,24,True,3200,0,0,0,0
2,云南,25,True,3200,2,0,0,0
2,云南,26,True,3200,0,0,0,0
2,云南,27,True,3200,0,0,0,0
2,云南,28,True,3200,0,0,0,0
2,云南,29,True,3200,0,0,0,0
2,云南,30,True,3200,0,0,0,0
2,云南,31,True,3200,0,0,0,0
2,云南,32,True,3200,6,2,2,0
2,云南,33,True,3200,2,0,0,0
2,云南,34,True,3200,2,0,0,0
2,云南,35,True,3200,1,0,0,0
2,云南,36,True,3200,0,0,0,0
2,云南,37,True,3200,0,0,0,0
2,云南,38,True,3200,2,0,0,0
2,云南,39,True,3200,4,1,1,0
2,云南,40,True,3200,2,0,0,0
2,云南,41,True,3200,7,2,2,0
2,云南,42,True,3200,2,0,0,0
2,云南,43,True,3200,0,0,0,0
2,云南,44,True,3200,8,2,2,0
2,云南,45,True,3200,6,2,1,1
2,云南,46,True,3200,7,2,1,1
2,云南,47,True,3200,3,1,0,1
2,云南,48,True,3200,6,1,0,1
2,云南,49,True,3200,13,4,4,0
2,云南,50,True,3200,7,3,3,0
2,云南,51,True,3200,0,0,0,0
2,云南,52,True,3200,6,1,1,0
2,云南,53,True,3200,3,2,0,2
2,云南,54,True,3200,0,0,0,0
2,云南,55,True,3200,1,0,0,0
2,云南,56,True,3200,0,0,0,0
2,云南,57,True,3200,4,1,0,1
2,云南,58,True,3200,2,0,0,0
2,云南,59,True,3200,0,0,0,0
2,云南,60,True,3200,0,0,0,0
2,云南,61,True,3200,4,1,1,0
2,云南,62,True,3200,1,1,0,1
2,云南,63,True,3200,0,0,0,0
2,云南,64,True,3200,0,0,0,0
2,云南,65,True,3200,0,0,0,0
2,云南,66,True,3200,1,0,0,0
2,云南,67,True,3200,6,2,2,0
2,云南,68,True,3200,0,0,0,0
2,云南,69,True,3200,0,0,0,0
2,云南,70,True,3200,0,0,0,0
2,云南,71,True,3200,0,0,0,0
2,云南,72,True,3200,0,0,0,0
2,云南,73,True,3200,0,0,0,0
2,云南,74,True,3200,0,0,0,0
2,云南,75,True,3200,0,0,0,0
2,云南,76,True,3200,2,0,0,0
2,云南,77,True,3200,0,0,0,0
2,云南,78,True,3200,0,0,0,0
2,云南,79,True,3200,0,0,0,0
2,云南,80,True,3200,0,0,0,0
2,云南,81,True,3200,0,0,0,0
2,云南,82,True,3200,2,0,0,0
2,云南,83,True,3200,0,0,0,0
2,云南,84,True,3200,0,0,0,0
2,云南,85,True,3200,3,1,1,0
2,云南,86,True,3200,0,0,0,0
2,云南,87,True,3200,0,0,0,0
2,云南,88,True,3200,0,0,0,0
2,云南,89,True,3200,0,0,0,0
2,云南,90,True,3200,0,0,0,0
2,云南,91,True,3200,0,0,0,0
2,云南,92,True,3200,0,0,0,0
2,云南,93,True,3200,2,1,1,0
2,云南,94,True,3200,0,0,0,0
2,云南,95,True,3200,0,0,0,0
2,云南,96,True,3200,0,0,0,0
2,云南,97,True,3200,3,1,1,0
2,云南,98,True,3200,2,0,0,0
2,云南,99,True,3200,0,0,0,0
2,云南,100,True,3200,0,0,0,0
2,西藏,1,True,3200,0,0,0,0
2,西藏,2,True,3200,0,0,0,0
2,西藏,3,True,3200,0,0,0,0
2,西藏,4,True,3200,0,0,0,0
2,西藏,5,True,3200,0,0,0,0
2,西藏,6,True,3200,0,0,0,0
2,西藏,7,True,3200,0,0,0,0
2,西藏,8,True,3200,1,0,0,0
2,西藏,9,True,3200,0,0,0,0
2,西藏,10,True,3200,0,0,0,0
2,西藏,11,True,3200,0,0,0,0
2,西藏,12,True,3200,0,0,0,0
2,西藏,13,True,3200,0,0,0,0
2,西藏,14,True,3200,0,0,0,0
2,西藏,15,True,3200,0,0,0,0
2,西藏,16,True,3200,0,0,0,0
2,西藏,17,True,3200,0,0,0,0
2,西藏,18,True,3200,2,0,0,0
2,西藏,19,True,3200,1,0,0,0
2,西藏,20,True,3200,1,0,0,0
2,西藏,21,True,3200,0,0,0,0
2,西藏,22,True,3200,0,0,0,0
2,西藏,23,True,3200,0,0,0,0
2,西藏,24,True,3200,1,1,1,0
2,西藏,25,True,3200,0,0,0,0
2,西藏,26,True,3200,0,0,0,0
2,西藏,27,True,3200,2,0,0,0
2,西藏,28,True,3200,0,0,0,0
2,西藏,29,True,3200,0,0,0,0
2,西藏,30,True,3200,0,0,0,0
2,西藏,31,True,3200,0,0,0,0
2,西藏,32,True,3200,0,0,0,0
2,西藏,33,True,3200,0,0,0,0
2,西藏,34,True,3200,0,0,0,0
2,西藏,35,True,3200,2,0,0,0
2,西藏,36,True,3200,4,0,0,0
2,西藏,37,True,3200,2,0,0,0
2,西藏,38,True,3200,2,1,1,0
2,西藏,39,True,3200,0,0,0,0
2,西藏,40,True,3200,0,0,0,0
2,西藏,41,True,3200,0,0,0,0
2,西藏,42,True,3200,2,0,0,0
2,西藏,43,True,3200,4,1,1,0
2,西藏,44,True,3200,0,0,0,0
2,西藏,45,True,3200,3,1,0,1
2,西藏,46,True,3200,0,0,0,0
2,西藏,47,True,3200,0,0,0,0
2,西藏,48,True,3200,2,0,0,0
2,西藏,49,True,3200,12,3,3,0
2,西藏,50,True,3200,5,0,0,0
2,西藏,51,True,3200,7,1,1,0
2,西藏,52,True,3200,6,1,1,0
2,西藏,53,True,3200,2,0,0,0
2,西藏,54,True,3200,0,0,0,0
2,西藏,55,True,3200,0,0,0,0
2,西藏,56,True,3200,0,0,0,0
2,西藏,57,True,3200,1,0,0,0
2,西藏,58,True,3200,2,1,0,1
2,西藏,59,True,3200,9,1,1,0
2,西藏,60,True,3200,3,0,0,0
2,西藏,61,True,3200,3,0,0,0
2,西藏,62,True,3200,2,1,1,0
2,西藏,63,True,3200,0,0,0,0
2,西藏,64,True,3200,0,0,0,0
2,西藏,65,True,3200,0,0,0,0
2,西藏,66,True,3200,0,0,0,0
2,西藏,67,True,3200,2,1,0,1
2,西藏,68,True,3200,2,1,0,1
2,西藏,69,True,3200,0,0,0,0
2,西藏,70,True,3200,8,2,1,1
2,西藏,71,True,3200,14,0,0,0
2,西藏,72,True,3200,11,0,0,0
2,西藏,73,True,3200,9,0,0,0
2,西藏,74,True,3200,4,0,0,0
2,西藏,75,True,3200,2,0,0,0
2,西藏,76,True,3200,2,0,0,0
2,西藏,77,True,3200,0,0,0,0
2,西藏,78,True,3200,2,1,1,0
2,西藏,79,True,3200,0,0,0,0
2,西藏,80,True,3200,0,0,0,0
2,西藏,81,True,3200,0,0,0,0
2,西藏,82,True,3200,2,0,0,0
2,西藏,83,True,3200,9,2,1,1
2,西藏,84,True,3200,4,0,0,0
2,西藏,85,True,3200,2,1,0,1
2,西藏,86,True,3200,0,0,0,0
2,西藏,87,True,3200,3,2,1,1
2,西藏,88,True,3200,2,1,1,0
2,西藏,89,True,3200,0,0,0,0
2,西藏,90,True,3200,10,2,2,0
2,西藏,91,True,3200,2,1,1,0
2,西藏,92,True,3200,0,0,0,0
2,西藏,93,True,3200,2,0,0,0
2,西藏,94,True,3200,4,1,1,0
2,西藏,95,True,3200,0,0,0,0
2,西藏,96,True,3200,0,0,0,0
2,西藏,97,True,3200,4,0,0,0
2,西藏,98,True,3200,0,0,0,0
2,西藏,99,True,3200,6,3,3,0
2,西藏,100,True,3200,0,0,0,0
2,陕西,1,True,3200,0,0,0,0
2,陕西,2,True,3200,0,0,0,0
2,陕西,3,True,3200,0,0,0,0
2,陕西,4,True,3200,0,0,0,0
2,陕西,5,True,3200,0,0,0,0
2,陕西,6,True,3200,0,0,0,0
2,陕西,7,True,3200,0,0,0,0
2,陕西,8,True,3200,0,0,0,0
2,陕西,9,True,3200,0,0,0,0
2,陕西,10,True,3200,0,0,0,0
2,陕西,11,True,3200,0,0,0,0
2,陕西,12,True,3200,0,0,0,0
2,陕西,13,True,3200,0,0,0,0
2,陕西,14,True,3200,4,1,0,1
2,陕西,15,True,3200,24,7,7,0
2,陕西,16,True,3200,10,5,0,5
2,陕西,17,True,3200,2,1,0,1
2,陕西,18,True,3200,1,0,0,0
2,陕西,19,True,3200,0,0,0,0
2,陕西,20,True,3200,2,1,1,0
2,陕西,21,True,3200,2,1,0,1
2,陕西,22,True,3200,0,0,0,0
2,陕西,23,True,3200,0,0,0,0
2,陕西,24,True,3200,0,0,0,0
2,陕西,25,True,3200,1,0,0,0
2,陕西,26,True,3200,2,1,0,1
2,陕西,27,True,3200,2,1,1,0
2,陕西,28,True,3200,18,4,4,0
2,陕西,29,True,3200,4,1,1,0
2,陕西,30,True,3200,2,0,0,0
2,陕西,31,True,3200,7,2,2,0
2,陕西,32,True,3200,0,0,0,0
2,陕西,33,True,3200,0,0,0,0
2,陕西,34,True,3200,2,1,1,0
2,陕西,35,True,3200,10,3,0,3
2,陕西,36,True,3200,3,1,0,1
2,陕西,37,True,3200,3,0,0,0
2,陕西,38,True,3200,0,0,0,0
2,陕西,39,True,3200,0,0,0,0
2,陕西,40,True,3200,4,1,1,0
2,陕西,41,True,3200,3,2,0,2
2,陕西,42,True,3200,0,0,0,0
2,陕西,43,True,3200,0,0,0,0
2,陕西,44,True,3200,0,0,0,0
2,陕西,45,True,3200,0,0,0,0
2,陕西,46,True,3200,2,1,1,0
2,陕西,47,True,3200,2,0,0,0
2,陕西,48,True,3200,0,0,0,0
2,陕西,49,True,3200,0,0,0,0
2,陕西,50,True,3200,0,0,0,0
2,陕西,51,True,3200,0,0,0,0
2,陕西,52,True,3200,0,0,0,0
2,陕西,53,True,3200,0,0,0,0
2,陕西,54,True,3200,0,0,0,0
2,陕西,55,True,3200,0,0,0,0
2,陕西,56,True,3200,0,0,0,0
2,陕西,57,True,3200,0,0,0,0
2,陕西,58,True,3200,0,0,0,0
2,陕西,59,True,3200,0,0,0,0
2,陕西,60,True,3200,0,0,0,0
2,陕西,61,True,3200,1,0,0,0
2,陕西,62,True,3200,0,0,0,0
2,陕西,63,True,3200,4,2,0,2
2,陕西,64,True,3200,0,0,0,0
2,陕西,65,True,3200,0,0,0,0
2,陕西,66,True,3200,2,1,0,1
2,陕西,67,True,3200,0,0,0,0
2,陕西,68,True,3200,0,0,0,0
2,陕西,69,True,3200,0,0,0,0
2,陕西,70,True,3200,0,0,0,0
2,陕西,71,True,3200,3,0,0,0
2,陕西,72,True,3200,0,0,0,0
2,陕西,73,True,3200,0,0,0,0
2,陕西,74,True,3200,0,0,0,0
2,陕西,75,True,3200,0,0,0,0
2,陕西,76,True,3200,1,0,0,0
2,陕西,77,True,3200,0,0,0,0
2,陕西,78,True,3200,0,0,0,0
2,陕西,79,True,3200,2,1,0,1
2,陕西,80,True,3200,0,0,0,0
2,陕西,81,True,3200,0,0,0,0
2,陕西,82,True,3200,2,1,0,1
2,陕西,83,True,3200,2,1,0,1
2,陕西,84,True,3200,0,0,0,0
2,陕西,85,True,3200,4,0,0,0
2,陕西,86,True,3200,4,1,1,0
2,陕西,87,True,3200,2,0,0,0
2,陕西,88,True,3200,2,0,0,0
2,陕西,89,True,3200,3,1,1,0
2,陕西,90,True,3200,0,0,0,0
2,陕西,91,True,3200,0,0,0,0
2,陕西,92,True,3200,5,1,1,0
2,陕西,93,True,3200,3,0,0,0
2,陕西,94,True,3200,0,0,0,0
2,陕西,95,True,3200,0,0,0,0
2,陕西,96,True,3200,0,0,0,0
2,陕西,97,True,3200,0,0,0,0
2,陕西,98,True,3200,0,0,0,0
2,陕西,99,True,3200,1,0,0,0
2,陕西,100,True,3200,0,0,0,0
2,甘肃,1,True,3200,0,0,0,0
2,甘肃,2,True,3200,0,0,0,0
2,甘肃,3,True,3200,0,0,0,0
2,甘肃,4,True,3200,0,0,0,0
2,甘肃,5,True,3200,0,0,0,0
2,甘肃,6,True,3200,0,0,0,0
2,甘肃,7,True,3200,0,0,0,0
2,甘肃,8,True,3200,0,0,0,0
2,甘肃,9,True,3200,0,0,0,0
2,甘肃,10,True,3200,0,0,0,0
2,甘肃,11,True,3200,0,0,0,0
2,甘肃,12,True,3200,0,0,0,0
2,甘肃,13,True,3200,0,0,0,0
2,甘肃,14,True,3200,0,0,0,0
2,甘肃,15,True,3200,12,0,0,0
2,甘肃,16,True,3200,6,0,0,0
2,甘肃,17,True,3200,30,14,8,6
2,甘肃,18,True,3200,2,1,0,1
2,甘肃,19,True,3200,1,1,0,1
2,甘肃,20,True,3200,0,0,0,0
2,甘肃,21,True,3200,9,1,1,0
2,甘肃,22,True,3200,28,4,2,2
2,甘肃,23,True,3200,30,4,4,0
2,甘肃,24,True,3200,5,3,0,3
2,甘肃,25,True,3200,2,1,0,1
2,甘肃,26,True,3200,0,0,0,0
2,甘肃,27,True,3200,0,0,0,0
2,甘肃,28,True,3200,0,0,0,0
2,甘肃,29,True,3200,0,0,0,0
2,甘肃,30,True,3200,2,0,0,0
2,甘肃,31,True,3200,0,0,0,0
2,甘肃,32,True,3200,4,1,0,1
2,甘肃,33,True,3200,0,0,0,0
2,甘肃,34,True,3200,0,0,0,0
2,甘肃,35,True,3200,0,0,0,0
2,甘肃,36,True,3200,2,0,0,0
2,甘肃,37,True,3200,1,0,0,0
2,甘肃,38,True,3200,0,0,0,0
2,甘肃,39,True,3200,2,0,0,0
2,甘肃,40,True,3200,0,0,0,0
2,甘肃,41,True,3200,5,0,0,0
2,甘肃,42,True,3200,0,0,0,0
2,甘肃,43,True,3200,0,0,0,0
2,甘肃,44,True,3200,2,0,0,0
2,甘肃,45,True,3200,6,3,1,2
2,甘肃,46,True,3200,0,0,0,0
2,甘肃,47,True,3200,0,0,0,0
2,甘肃,48,True,3200,1,1,1,0
2,甘肃,49,True,3200,0,0,0,0
2,甘肃,50,True,3200,0,0,0,0
2,甘肃,51,True,3200,0,0,0,0
2,甘肃,52,True,3200,0,0,0,0
2,甘肃,53,True,3200,2,1,1,0
2,甘肃,54,True,3200,8,2,2,0
2,甘肃,55,True,3200,9,2,2,0
2,甘肃,56,True,3200,0,0,0,0
2,甘肃,57,True,3200,3,1,0,1
2,甘肃,58,True,3200,4,1,1,0
2,甘肃,59,True,3200,0,0,0,0
2,甘肃,60,True,3200,0,0,0,0
2,甘肃,61,True,3200,0,0,0,0
2,甘肃,62,True,3200,1,0,0,0
2,甘肃,63,True,3200,0,0,0,0
2,甘肃,64,True,3200,0,0,0,0
2,甘肃,65,True,3200,0,0,0,0
2,甘肃,66,True,3200,0,0,0,0
2,甘肃,67,True,3200,0,0,0,0
2,甘肃,68,True,3200,0,0,0,0
2,甘肃,69,True,3200,0,0,0,0
2,甘肃,70,True,3200,12,5,4,1
2,甘肃,71,True,3200,2,0,0,0
2,甘肃,72,True,3200,3,0,0,0
2,甘肃,73,True,3200,1,0,0,0
2,甘肃,74,True,3200,3,2,1,1
2,甘肃,75,True,3200,2,0,0,0
2,甘肃,76,True,3200,0,0,0,0
2,甘肃,77,True,3200,0,0,0,0
2,甘肃,78,True,3200,0,0,0,0
2,甘肃,79,True,3200,2,1,0,1
2,甘肃,80,True,3200,2,1,1,0
2,甘肃,81,True,3200,0,0,0,0
2,甘肃,82,True,3200,0,0,0,0
2,甘肃,83,True,3200,0,0,0,0
2,甘肃,84,True,3200,2,0,0,0
2,甘肃,85,True,3200,2,0,0,0
2,甘肃,86,True,3200,0,0,0,0
2,甘肃,87,True,3200,0,0,0,0
2,甘肃,88,True,3200,0,0,0,0
2,甘肃,89,True,3200,0,0,0,0
2,甘肃,90,True,3200,6,0,0,0
2,甘肃,91,True,3200,4,2,2,0
2,甘肃,92,True,3200,0,0,0,0
2,甘肃,93,True,3200,0,0,0,0
2,甘肃,94,True,3200,5,0,0,0
2,甘肃,95,True,3200,0,0,0,0
2,甘肃,96,True,3200,0,0,0,0
2,甘肃,97,True,3200,0,0,0,0
2,甘肃,98,True,3200,0,0,0,0
2,甘肃,99,True,3200,0,0,0,0
2,甘肃,100,True,3200,0,0,0,0
2,青海,1,True,3200,0,0,0,0
2,青海,2,True,3200,0,0,0,0
2,青海,3,True,3200,0,0,0,0
2,青海,4,True,3200,0,0,0,0
2,青海,5,True,3200,0,0,0,0
2,青海,6,True,3200,0,0,0,0
2,青海,7,True,3200,1,0,0,0
2,青海,8,True,3200,0,0,0,0
2,青海,9,True,3200,0,0,0,0
2,青海,10,True,3200,0,0,0,0
2,青海,11,True,3200,0,0,0,0
2,青海,12,True,3200,0,0,0,0
2,青海,13,True,3200,4,1,1,0
2,青海,14,True,3200,0,0,0,0
2,青海,15,True,3200,0,0,0,0
2,青海,16,True,3200,0,0,0,0
2,青海,17,True,3200,0,0,0,0
2,青海,18,True,3200,2,0,0,0
2,青海,19,True,3200,0,0,0,0
2,青海,20,True,3200,0,0,0,0
2,青海,21,True,3200,0,0,0,0
2,青海,22,True,3200,0,0,0,0
2,青海,23,True,3200,0,0,0,0
2,青海,24,True,3200,0,0,0,0
2,青海,25,True,3200,0,0,0,0
2,青海,26,True,3200,2,1,0,1
2,青海,27,True,3200,0,0,0,0
2,青海,28,True,3200,2,0,0,0
2,青海,29,True,3200,0,0,0,0
2,青海,30,True,3200,3,1,0,1
2,青海,31,True,3200,0,0,0,0
2,青海,32,True,3200,0,0,0,0
2,青海,33,True,3200,1,0,0,0
2,青海,34,True,3200,0,0,0,0
2,青海,35,True,3200,0,0,0,0
2,青海,36,True,3200,22,7,7,0
2,青海,37,True,3200,10,3,3,0
2,青海,38,True,3200,0,0,0,0
2,青海,39,True,3200,0,0,0,0
2,青海,40,True,3200,0,0,0,0
2,青海,41,True,3200,0,0,0,0
2,青海,42,True,3200,0,0,0,0
2,青海,43,True,3200,0,0,0,0
2,青海,44,True,3200,0,0,0,0
2,青海,45,True,3200,0,0,0,0
2,青海,46,True,3200,0,0,0,0
2,青海,47,True,3200,0,0,0,0
2,青海,48,True,3200,0,0,0,0
2,青海,49,True,3200,0,0,0,0
2,青海,50,True,3200,0,0,0,0
2,青海,51,True,3200,0,0,0,0
2,青海,52,True,3200,0,0,0,0
2,青海,53,True,3200,0,0,0,0
2,青海,54,True,3200,0,0,0,0
2,青海,55,True,3200,0,0,0,0
2,青海,56,True,3200,0,0,0,0
2,青海,57,True,3200,0,0,0,0
2,青海,58,True,3200,0,0,0,0
2,青海,59,True,3200,0,0,0,0
2,青海,60,True,3200,0,0,0,0
2,青海,61,True,3200,0,0,0,0
2,青海,62,True,3200,0,0,0,0
2,青海,63,True,3200,0,0,0,0
2,青海,64,True,3200,0,0,0,0
2,青海,65,True,3200,0,0,0,0
2,青海,66,True,3200,0,0,0,0
2,青海,67,True,3200,0,0,0,0
2,青海,68,True,3200,0,0,0,0
2,青海,69,True,3200,0,0,0,0
2,青海,70,True,3200,0,0,0,0
2,青海,71,True,3200,0,0,0,0
2,青海,72,True,3200,0,0,0,0
2,青海,73,True,3200,0,0,0,0
2,青海,74,True,3200,0,0,0,0
2,青海,75,True,3200,0,0,0,0
2,青海,76,True,3200,0,0,0,0
2,青海,77,True,3200,0,0,0,0
2,青海,78,True,3200,0,0,0,0
2,青海,79,True,3200,0,0,0,0
2,青海,80,True,3200,0,0,0,0
2,青海,81,True,3200,0,0,0,0
2,青海,82,True,3200,0,0,0,0
2,青海,83,True,3200,0,0,0,0
2,青海,84,True,3200,0,0,0,0
2,青海,85,True,3200,0,0,0,0
2,青海,86,True,3200,0,0,0,0
2,青海,87,True,3200,0,0,0,0
2,青海,88,True,3200,0,0,0,0
2,青海,89,True,3200,0,0,0,0
2,青海,90,True,3200,0,0,0,0
2,青海,91,True,3200,0,0,0,0
2,青海,92,True,3200,0,0,0,0
2,青海,93,True,3200,0,0,0,0
2,青海,94,True,3200,0,0,0,0
2,青海,95,True,3200,0,0,0,0
2,青海,96,True,3200,0,0,0,0
2,青海,97,True,3200,0,0,0,0
2,青海,98,True,3200,0,0,0,0
2,青海,99,True,3200,0,0,0,0
2,青海,100,True,3200,0,0,0,0
2,宁夏,1,True,3200,0,0,0,0
2,宁夏,2,True,3200,0,0,0,0
2,宁夏,3,True,3200,0,0,0,0
2,宁夏,4,True,3200,0,0,0,0
2,宁夏,5,True,3200,0,0,0,0
2,宁夏,6,True,3200,0,0,0,0
2,宁夏,7,True,3200,0,0,0,0
2,宁夏,8,True,3200,0,0,0,0
2,宁夏,9,True,3200,0,0,0,0
2,宁夏,10,True,3200,0,0,0,0
2,宁夏,11,True,3200,0,0,0,0
2,宁夏,12,True,3200,0,0,0,0
2,宁夏,13,True,3200,0,0,0,0
2,宁夏,14,True,3200,1,0,0,0
2,宁夏,15,True,3200,0,0,0,0
2,宁夏,16,True,3200,0,0,0,0
2,宁夏,17,True,3200,1,1,0,1
2,宁夏,18,True,3200,0,0,0,0
2,宁夏,19,True,3200,4,0,0,0
2,宁夏,20,True,3200,0,0,0,0
2,宁夏,21,True,3200,2,0,0,0
2,宁夏,22,True,3200,0,0,0,0
2,宁夏,23,True,3200,0,0,0,0
2,宁夏,24,True,3200,0,0,0,0
2,宁夏,25,True,3200,0,0,0,0
2,宁夏,26,True,3200,0,0,0,0
2,宁夏,27,True,3200,0,0,0,0
2,宁夏,28,True,3200,0,0,0,0
2,宁夏,29,True,3200,0,0,0,0
2,宁夏,30,True,3200,0,0,0,0
2,宁夏,31,True,3200,4,1,1,0
2,宁夏,32,True,3200,0,0,0,0
2,宁夏,33,True,3200,0,0,0,0
2,宁夏,34,True,3200,0,0,0,0
2,宁夏,35,True,3200,0,0,0,0
2,宁夏,36,True,3200,0,0,0,0
2,宁夏,37,True,3200,0,0,0,0
2,宁夏,38,True,3200,0,0,0,0
2,宁夏,39,True,3200,0,0,0,0
2,宁夏,40,True,3200,0,0,0,0
2,宁夏,41,True,3200,0,0,0,0
2,宁夏,42,True,3200,0,0,0,0
2,宁夏,43,True,3200,0,0,0,0
2,宁夏,44,True,3200,0,0,0,0
2,宁夏,45,True,3200,0,0,0,0
2,宁夏,46,True,3200,0,0,0,0
2,宁夏,47,True,3200,0,0,0,0
2,宁夏,48,True,3200,0,0,0,0
2,宁夏,49,True,3200,2,0,0,0
2,宁夏,50,True,3200,0,0,0,0
2,宁夏,51,True,3200,0,0,0,0
2,宁夏,52,True,3200,6,1,1,0
2,宁夏,53,True,3200,0,0,0,0
2,宁夏,54,True,3200,0,0,0,0
2,宁夏,55,True,3200,0,0,0,0
2,宁夏,56,True,3200,0,0,0,0
2,宁夏,57,True,3200,5,1,1,0
2,宁夏,58,True,3200,0,0,0,0
2,宁夏,59,True,3200,4,1,1,0
2,宁夏,60,True,3200,0,0,0,0
2,宁夏,61,True,3200,0,0,0,0
2,宁夏,62,True,3200,0,0,0,0
2,宁夏,63,True,3200,0,0,0,0
2,宁夏,64,True,3200,2,0,0,0
2,宁夏,65,True,3200,0,0,0,0
2,宁夏,66,True,3200,2,1,1,0
2,宁夏,67,True,3200,0,0,0,0
2,宁夏,68,True,3200,0,0,0,0
2,宁夏,69,True,3200,0,0,0,0
2,宁夏,70,True,3200,3,0,0,0
2,宁夏,71,True,3200,22,5,5,0
2,宁夏,72,True,3200,4,1,1,0
2,宁夏,73,True,3200,0,0,0,0
2,宁夏,74,True,3200,0,0,0,0
2,宁夏,75,True,3200,0,0,0,0
2,宁夏,76,True,3200,0,0,0,0
2,宁夏,77,True,3200,6,1,1,0
2,宁夏,78,True,3200,0,0,0,0
2,宁夏,79,True,3200,0,0,0,0
2,宁夏,80,True,3200,0,0,0,0
2,宁夏,81,True,3200,0,0,0,0
2,宁夏,82,True,3200,0,0,0,0
2,宁夏,83,True,3200,0,0,0,0
2,宁夏,84,True,3200,0,0,0,0
2,宁夏,85,True,3200,0,0,0,0
2,宁夏,86,True,3200,0,0,0,0
2,宁夏,87,True,3200,0,0,0,0
2,宁夏,88,True,3200,0,0,0,0
2,宁夏,89,True,3200,0,0,0,0
2,宁夏,90,True,3200,0,0,0,0
2,宁夏,91,True,3200,0,0,0,0
2,宁夏,92,True,3200,0,0,0,0
2,宁夏,93,True,3200,0,0,0,0
2,宁夏,94,True,3200,0,0,0,0
2,宁夏,95,True,3200,0,0,0,0
2,宁夏,96,True,3200,0,0,0,0
2,宁夏,97,True,3200,0,0,0,0
2,宁夏,98,True,3200,0,0,0,0
2,宁夏,99,True,3200,0,0,0,0
2,宁夏,100,True,3200,0,0,0,0
2,新疆,1,True,3200,0,0,0,0
2,新疆,2,True,3200,0,0,0,0
2,新疆,3,True,3200,0,0,0,0
2,新疆,4,True,3200,0,0,0,0
2,新疆,5,True,3200,0,0,0,0
2,新疆,6,True,3200,0,0,0,0
2,新疆,7,True,3200,0,0,0,0
2,新疆,8,True,3200,0,0,0,0
2,新疆,9,True,3200,0,0,0,0
2,新疆,10,True,3200,0,0,0,0
2,新疆,11,True,3200,0,0,0,0
2,新疆,12,True,3200,0,0,0,0
2,新疆,13,True,3200,2,1,1,0
2,新疆,14,True,3200,0,0,0,0
2,新疆,15,True,3200,0,0,0,0
2,新疆,16,True,3200,0,0,0,0
2,新疆,17,True,3200,0,0,0,0
2,新疆,18,True,3200,0,0,0,0
2,新疆,19,True,3200,4,1,1,0
2,新疆,20,True,3200,4,0,0,0
2,新疆,21,True,3200,0,0,0,0
2,新疆,22,True,3200,0,0,0,0
2,新疆,23,True,3200,2,1,1,0
2,新疆,24,True,3200,0,0,0,0
2,新疆,25,True,3200,4,0,0,0
2,新疆,26,True,3200,0,0,0,0
2,新疆,27,True,3200,1,1,0,1
2,新疆,28,True,3200,3,0,0,0
2,新疆,29,True,3200,0,0,0,0
2,新疆,30,True,3200,0,0,0,0
2,新疆,31,True,3200,2,0,0,0
2,新疆,32,True,3200,4,2,1,1
2,新疆,33,True,3200,0,0,0,0
2,新疆,34,True,3200,0,0,0,0
2,新疆,35,True,3200,0,0,0,0
2,新疆,36,True,3200,2,1,1,0
2,新疆,37,True,3200,2,1,0,1
2,新疆,38,True,3200,1,0,0,0
2,新疆,39,True,3200,0,0,0,0
2,新疆,40,True,3200,0,0,0,0
2,新疆,41,True,3200,0,0,0,0
2,新疆,42,True,3200,0,0,0,0
2,新疆,43,True,3200,0,0,0,0
2,新疆,44,True,3200,0,0,0,0
2,新疆,45,True,3200,4,0,0,0
2,新疆,46,True,3200,6,0,0,0
2,新疆,47,True,3200,6,2,2,0
2,新疆,48,True,3200,2,0,0,0
2,新疆,49,True,3200,2,0,0,0
2,新疆,50,True,3200,3,0,0,0
2,新疆,51,True,3200,0,0,0,0
2,新疆,52,True,3200,0,0,0,0
2,新疆,53,True,3200,5,2,0,2
2,新疆,54,True,3200,10,1,1,0
2,新疆,55,True,3200,0,0,0,0
2,新疆,56,True,3200,3,1,1,0
2,新疆,57,True,3200,11,2,1,1
2,新疆,58,True,3200,2,0,0,0
2,新疆,59,True,3200,2,1,1,0
2,新疆,60,True,3200,0,0,0,0
2,新疆,61,True,3200,0,0,0,0
2,新疆,62,True,3200,0,0,0,0
2,新疆,63,True,3200,0,0,0,0
2,新疆,64,True,3200,6,1,1,0
2,新疆,65,True,3200,2,0,0,0
2,新疆,66,True,3200,3,1,1,0
2,新疆,67,True,3200,4,0,0,0
2,新疆,68,True,3200,1,0,0,0
2,新疆,69,True,3200,4,1,1,0
2,新疆,70,True,3200,0,0,0,0
2,新疆,71,True,3200,0,0,0,0
2,新疆,72,True,3200,0,0,0,0
2,新疆,73,True,3200,0,0,0,0
2,新疆,74,True,3200,0,0,0,0
2,新疆,75,True,3200,0,0,0,0
2,新疆,76,True,3200,0,0,0,0
2,新疆,77,True,3200,0,0,0,0
2,新疆,78,True,3200,0,0,0,0
2,新疆,79,True,3200,1,0,0,0
2,新疆,80,True,3200,4,2,0,2
2,新疆,81,True,3200,0,0,0,0
2,新疆,82,True,3200,0,0,0,0
2,新疆,83,True,3200,0,0,0,0
2,新疆,84,True,3200,0,0,0,0
2,新疆,85,True,3200,0,0,0,0
2,新疆,86,True,3200,0,0,0,0
2,新疆,87,True,3200,0,0,0,0
2,新疆,88,True,3200,0,0,0,0
2,新疆,89,True,3200,0,0,0,0
2,新疆,90,True,3200,0,0,0,0
2,新疆,91,True,3200,0,0,0,0
2,新疆,92,True,3200,3,2,0,2
2,新疆,93,True,3200,1,1,0,1
2,新疆,94,True,3200,0,0,0,0
2,新疆,95,True,3200,0,0,0,0
2,新疆,96,True,3200,0,0,0,0
2,新疆,97,True,3200,0,0,0,0
2,新疆,98,True,3200,0,0,0,0
2,新疆,99,True,3200,0,0,0,0
2,新疆,100,True,3200,0,0,0,0
3,北京,1,True,3200,0,0,0,0
3,北京,2,True,3200,0,0,0,0
3,北京,3,True,3200,0,0,0,0
3,北京,4,True,3200,0,0,0,0
3,北京,5,True,3200,0,0,0,0
3,北京,6,True,3200,0,0,0,0
3,北京,7,True,3200,0,0,0,0
3,北京,8,True,3200,0,0,0,0
3,北京,9,True,3200,8,2,2,0
3,北京,10,True,3200,2,1,1,0
3,北京,11,True,3200,2,0,0,0
3,北京,12,True,3200,22,4,4,0
3,北京,13,True,3200,25,9,3,6
3,北京,14,True,3200,10,1,0,1
3,北京,15,True,3200,4,2,0,2
3,北京,16,True,3200,0,0,0,0
3,北京,17,True,3200,2,0,0,0
3,北京,18,True,3200,3,0,0,0
3,北京,19,True,3200,0,0,0,0
3,北京,20,True,3200,0,0,0,0
3,北京,21,True,3200,0,0,0,0
3,北京,22,True,3200,0,0,0,0
3,北京,23,True,3200,0,0,0,0
3,北京,24,True,3200,0,0,0,0
3,北京,25,True,3200,0,0,0,0
3,北京,26,True,3200,2,1,1,0
3,北京,27,True,3200,2,0,0,0
3,北京,28,True,3200,0,0,0,0
3,北京,29,True,3200,0,0,0,0
3,北京,30,True,3200,0,0,0,0
3,北京,31,True,3200,2,1,0,1
3,北京,32,True,3200,2,0,0,0
3,北京,33,True,3200,2,1,0,1
3,北京,34,True,3200,0,0,0,0
3,北京,35,True,3200,6,2,0,2
3,北京,36,True,3200,4,0,0,0
3,北京,37,True,3200,0,0,0,0
3,北京,38,True,3200,2,1,1,0
3,北京,39,True,3200,0,0,0,0
3,北京,40,True,3200,0,0,0,0
3,北京,41,True,3200,0,0,0,0
3,北京,42,True,3200,0,0,0,0
3,北京,43,True,3200,0,0,0,0
3,北京,44,True,3200,0,0,0,0
3,北京,45,True,3200,0,0,0,0
3,北京,46,True,3200,0,0,0,0
3,北京,47,True,3200,0,0,0,0
3,北京,48,True,3200,0,0,0,0
3,北京,49,True,3200,0,0,0,0
3,北京,50,True,3200,0,0,0,0
3,北京,51,True,3200,0,0,0,0
3,北京,52,True,3200,0,0,0,0
3,北京,53,True,3200,0,0,0,0
3,北京,54,True,3200,2,1,0,1
3,北京,55,True,3200,0,0,0,0
3,北京,56,True,3200,0,0,0,0
3,北京,57,True,3200,0,0,0,0
3,北京,58,True,3200,0,0,0,0
3,北京,59,True,3200,2,0,0,0
3,北京,60,True,3200,5,1,1,0
3,北京,61,True,3200,3,0,0,0
3,北京,62,True,3200,1,0,0,0
3,北京,63,True,3200,0,0,0,0
3,北京,64,True,3200,4,1,1,0
3,北京,65,True,3200,0,0,0,0
3,北京,66,True,3200,0,0,0,0
3,北京,67,True,3200,0,0,0,0
3,北京,68,True,3200,0,0,0,0
3,北京,69,True,3200,0,0,0,0
3,北京,70,True,3200,0,0,0,0
3,北京,71,True,3200,0,0,0,0
3,北京,72,True,3200,0,0,0,0
3,北京,73,True,3200,0,0,0,0
3,北京,74,True,3200,0,0,0,0
3,北京,75,True,3200,0,0,0,0
3,北京,76,True,3200,0,0,0,0
3,北京,77,True,3200,0,0,0,0
3,北京,78,True,3200,0,0,0,0
3,北京,79,True,3200,0,0,0,0
3,北京,80,True,3200,0,0,0,0
3,北京,81,True,3200,0,0,0,0
3,北京,82,True,3200,0,0,0,0
3,北京,83,True,3200,0,0,0,0
3,北京,84,True,3200,0,0,0,0
3,北京,85,True,3200,0,0,0,0
3,北京,86,True,3200,0,0,0,0
3,北京,87,True,3200,0,0,0,0
3,北京,88,True,3200,0,0,0,0
3,北京,89,True,3200,0,0,0,0
3,北京,90,True,3200,0,0,0,0
3,北京,91,True,3200,0,0,0,0
3,北京,92,True,3200,0,0,0,0
3,北京,93,True,3200,0,0,0,0
3,北京,94,True,3200,0,0,0,0
3,北京,95,True,3200,0,0,0,0
3,北京,96,True,3200,0,0,0,0
3,北京,97,True,3200,0,0,0,0
3,北京,98,True,3200,0,0,0,0
3,北京,99,True,3200,0,0,0,0
3,北京,100,True,3200,0,0,0,0
3,天津,1,True,3200,0,0,0,0
3,天津,2,True,3200,0,0,0,0
3,天津,3,True,3200,0,0,0,0
3,天津,4,True,3200,0,0,0,0
3,天津,5,True,3200,0,0,0,0
3,天津,6,True,3200,0,0,0,0
3,天津,7,True,3200,0,0,0,0
3,天津,8,True,3200,0,0,0,0
3,天津,9,True,3200,0,0,0,0
3,天津,10,True,3200,0,0,0,0
3,天津,11,True,3200,0,0,0,0
3,天津,12,True,3200,0,0,0,0
3,天津,13,True,3200,2,1,1,0
3,天津,14,True,3200,0,0,0,0
3,天津,15,True,3200,0,0,0,0
3,天津,16,True,3200,0,0,0,0
3,天津,17,True,3200,0,0,0,0
3,天津,18,True,3200,0,0,0,0
3,天津,19,True,3200,2,0,0,0
3,天津,20,True,3200,0,0,0,0
3,天津,21,True,3200,0,0,0,0
3,天津,22,True,3200,0,0,0,0
3,天津,23,True,3200,0,0,0,0
3,天津,24,True,3200,0,0,0,0
3,天津,25,True,3200,0,0,0,0
3,天津,26,True,3200,0,0,0,0
3,天津,27,True,3200,2,1,1,0
3,天津,28,True,3200,0,0,0,0
3,天津,29,True,3200,0,0,0,0
3,天津,30,True,3200,9,5,0,5
3,天津,31,True,3200,4,2,0,2
3,天津,32,True,3200,0,0,0,0
3,天津,33,True,3200,0,0,0,0
3,天津,34,True,3200,0,0,0,0
3,天津,35,True,3200,0,0,0,0
3,天津,36,True,3200,0,0,0,0
3,天津,37,True,3200,0,0,0,0
3,天津,38,True,3200,2,1,1,0
3,天津,39,True,3200,2,1,0,1
3,天津,40,True,3200,6,0,0,0
3,天津,41,True,3200,12,4,4,0
3,天津,42,True,3200,4,0,0,0
3,天津,43,True,3200,0,0,0,0
3,天津,44,True,3200,0,0,0,0
3,天津,45,True,3200,0,0,0,0
3,天津,46,True,3200,1,0,0,0
3,天津,47,True,3200,2,1,0,1
3,天津,48,True,3200,6,0,0,0
3,天津,49,True,3200,7,1,1,0
3,天津,50,True,3200,2,1,1,0
3,天津,51,True,3200,9,2,0,2
3,天津,52,True,3200,0,0,0,0
3,天津,53,True,3200,8,3,3,0
3,天津,54,True,3200,0,0,0,0
3,天津,55,True,3200,2,1,1,0
3,天津,56,True,3200,0,0,0,0
3,天津,57,True,3200,0,0,0,0
3,天津,58,True,3200,0,0,0,0
3,天津,59,True,3200,29,6,5,1
3,天津,60,True,3200,4,1,1,0
3,天津,61,True,3200,4,1,1,0
3,天津,62,True,3200,0,0,0,0
3,天津,63,True,3200,2,0,0,0
3,天津,64,True,3200,0,0,0,0
3,天津,65,True,3200,0,0,0,0
3,天津,66,True,3200,0,0,0,0
3,天津,67,True,3200,0,0,0,0
3,天津,68,True,3200,4,2,2,0
3,天津,69,True,3200,0,0,0,0
3,天津,70,True,3200,0,0,0,0
3,天津,71,True,3200,10,2,1,1
3,天津,72,True,3200,0,0,0,0
3,天津,73,True,3200,0,0,0,0
3,天津,74,True,3200,0,0,0,0
3,天津,75,True,3200,0,0,0,0
3,天津,76,True,3200,6,2,2,0
3,天津,77,True,3200,2,1,1,0
3,天津,78,True,3200,0,0,0,0
3,天津,79,True,3200,2,0,0,0
3,天津,80,True,3200,0,0,0,0
3,天津,81,True,3200,0,0,0,0
3,天津,82,True,3200,2,1,1,0
3,天津,83,True,3200,2,1,1,0
3,天津,84,True,3200,8,1,1,0
3,天津,85,True,3200,0,0,0,0
3,天津,86,True,3200,0,0,0,0
3,天津,87,True,3200,1,1,1,0
3,天津,88,True,3200,6,0,0,0
3,天津,89,True,3200,12,3,3,0
3,天津,90,True,3200,7,3,3,0
3,天津,91,True,3200,0,0,0,0
3,天津,92,True,3200,0,0,0,0
3,天津,93,True,3200,0,0,0,0
3,天津,94,True,3200,0,0,0,0
3,天津,95,True,3200,6,0,0,0
3,天津,96,True,3200,0,0,0,0
3,天津,97,True,3200,0,0,0,0
3,天津,98,True,3200,0,0,0,0
3,天津,99,True,3200,0,0,0,0
3,天津,100,True,3200,0,0,0,0
3,河北,1,True,3200,0,0,0,0
3,河北,2,True,3200,0,0,0,0
3,河北,3,True,3200,0,0,0,0
3,河北,4,True,3200,0,0,0,0
3,河北,5,True,3200,0,0,0,0
3,河北,6,True,3200,1,1,0,1
3,河北,7,True,3200,0,0,0,0
3,河北,8,True,3200,0,0,0,0
3,河北,9,True,3200,2,1,0,1
3,河北,10,True,3200,4,1,1,0
3,河北,11,True,3200,14,2,2,0
3,河北,12,True,3200,3,0,0,0
3,河北,13,True,3200,0,0,0,0
3,河北,14,True,3200,0,0,0,0
3,河北,15,True,3200,0,0,0,0
3,河北,16,True,3200,0,0,0,0
3,河北,17,True,3200,0,0,0,0
3,河北,18,True,3200,0,0,0,0
3,河北,19,True,3200,0,0,0,0
3,河北,20,True,3200,0,0,0,0
3,河北,21,True,3200,0,0,0,0
3,河北,22,True,3200,1,0,0,0
3,河北,23,True,3200,0,0,0,0
3,河北,24,True,3200,0,0,0,0
3,河北,25,True,3200,0,0,0,0
3,河北,26,True,3200,0,0,0,0
3,河北,27,True,3200,0,0,0,0
3,河北,28,True,3200,0,0,0,0
3,河北,29,True,3200,0,0,0,0
3,河北,30,True,3200,0,0,0,0
3,河北,31,True,3200,0,0,0,0
3,河北,32,True,3200,0,0,0,0
3,河北,33,True,3200,0,0,0,0
3,河北,34,True,3200,0,0,0,0
3,河北,35,True,3200,0,0,0,0
3,河北,36,True,3200,0,0,0,0
3,河北,37,True,3200,0,0,0,0
3,河北,38,True,3200,0,0,0,0
3,河北,39,True,3200,0,0,0,0
3,河北,40,True,3200,0,0,0,0
3,河北,41,True,3200,0,0,0,0
3,河北,42,True,3200,0,0,0,0
3,河北,43,True,3200,0,0,0,0
3,河北,44,True,3200,0,0,0,0
3,河北,45,True,3200,0,0,0,0
3,河北,46,True,3200,0,0,0,0
3,河北,47,True,3200,0,0,0,0
3,河北,48,True,3200,0,0,0,0
3,河北,49,True,3200,0,0,0,0
3,河北,50,True,3200,0,0,0,0
3,河北,51,True,3200,0,0,0,0
3,河北,52,True,3200,0,0,0,0
3,河北,53,True,3200,0,0,0,0
3,河北,54,True,3200,0,0,0,0
3,河北,55,True,3200,0,0,0,0
3,河北,56,True,3200,0,0,0,0
3,河北,57,True,3200,0,0,0,0
3,河北,58,True,3200,0,0,0,0
3,河北,59,True,3200,0,0,0,0
3,河北,60,True,3200,0,0,0,0
3,河北,61,True,3200,0,0,0,0
3,河北,62,True,3200,0,0,0,0
3,河北,63,True,3200,0,0,0,0
3,河北,64,True,3200,0,0,0,0
3,河北,65,True,3200,0,0,0,0
3,河北,66,True,3200,0,0,0,0
3,河北,67,True,3200,0,0,0,0
3,河北,68,True,3200,0,0,0,0
3,河北,69,True,3200,0,0,0,0
3,河北,70,True,3200,0,0,0,0
3,河北,71,True,3200,0,0,0,0
3,河北,72,True,3200,0,0,0,0
3,河北,73,True,3200,0,0,0,0
3,河北,74,True,3200,0,0,0,0
3,河北,75,True,3200,0,0,0,0
3,河北,76,True,3200,0,0,0,0
3,河北,77,True,3200,0,0,0,0
3,河北,78,True,3200,0,0,0,0
3,河北,79,True,3200,0,0,0,0
3,河北,80,True,3200,0,0,0,0
3,河北,81,True,3200,0,0,0,0
3,河北,82,True,3200,0,0,0,0
3,河北,83,True,3200,0,0,0,0
3,河北,84,True,3200,0,0,0,0
3,河北,85,True,3200,0,0,0,0
3,河北,86,True,3200,0,0,0,0
3,河北,87,True,3200,0,0,0,0
3,河北,88,True,3200,0,0,0,0
3,河北,89,True,3200,0,0,0,0
3,河北,90,True,3200,0,0,0,0
3,河北,91,True,3200,0,0,0,0
3,河北,92,True,3200,0,0,0,0
3,河北,93,True,3200,0,0,0,0
3,河北,94,True,3200,0,0,0,0
3,河北,95,True,3200,0,0,0,0
3,河北,96,True,3200,0,0,0,0
3,河北,97,True,3200,0,0,0,0
3,河北,98,True,3200,0,0,0,0
3,河北,99,True,3200,0,0,0,0
3,河北,100,True,3200,0,0,0,0
3,山西,1,True,3200,0,0,0,0
3,山西,2,True,3200,0,0,0,0
3,山西,3,True,3200,0,0,0,0
3,山西,4,True,3200,0,0,0,0
3,山西,5,True,3200,0,0,0,0
3,山西,6,True,3200,0,0,0,0
3,山西,7,True,3200,0,0,0,0
3,山西,8,True,3200,0,0,0,0
3,山西,9,True,3200,0,0,0,0
3,山西,10,True,3200,0,0,0,0
3,山西,11,True,3200,0,0,0,0
3,山西,12,True,3200,0,0,0,0
3,山西,13,True,3200,0,0,0,0
3,山西,14,True,3200,0,0,0,0
3,山西,15,True,3200,1,0,0,0
3,山西,16,True,3200,0,0,0,0
3,山西,17,True,3200,0,0,0,0
3,山西,18,True,3200,0,0,0,0
3,山西,19,True,3200,0,0,0,0
3,山西,20,True,3200,0,0,0,0
3,山西,21,True,3200,0,0,0,0
3,山西,22,True,3200,16,2,2,0
3,山西,23,True,3200,7,2,0,2
3,山西,24,True,3200,6,4,1,3
3,山西,25,True,3200,4,0,0,0
3,山西,26,True,3200,2,0,0,0
3,山西,27,True,3200,26,6,6,0
3,山西,28,True,3200,5,1,0,1
3,山西,29,True,3200,3,1,0,1
3,山西,30,True,3200,3,1,0,1
3,山西,31,True,3200,1,0,0,0
3,山西,32,True,3200,0,0,0,0
3,山西,33,True,3200,13,3,3,0
3,山西,34,True,3200,3,1,1,0
3,山西,35,True,3200,1,1,1,0
3,山西,36,True,3200,4,1,1,0
3,山西,37,True,3200,0,0,0,0
3,山西,38,True,3200,3,0,0,0
3,山西,39,True,3200,0,0,0,0
3,山西,40,True,3200,0,0,0,0
3,山西,41,True,3200,0,0,0,0
3,山西,42,True,3200,0,0,0,0
3,山西,43,True,3200,0,0,0,0
3,山西,44,True,3200,4,1,1,0
3,山西,45,True,3200,2,1,1,0
3,山西,46,True,3200,0,0,0,0
3,山西,47,True,3200,0,0,0,0
3,山西,48,True,3200,0,0,0,0
3,山西,49,True,3200,2,0,0,0
3,山西,50,True,3200,0,0,0,0
3,山西,51,True,3200,0,0,0,0
3,山西,52,True,3200,2,0,0,0
3,山西,53,True,3200,0,0,0,0
3,山西,54,True,3200,6,2,0,2
3,山西,55,True,3200,2,0,0,0
3,山西,56,True,3200,2,1,1,0
3,山西,57,True,3200,0,0,0,0
3,山西,58,True,3200,3,1,1,0
3,山西,59,True,3200,0,0,0,0
3,山西,60,True,3200,0,0,0,0
3,山西,61,True,3200,0,0,0,0
3,山西,62,True,3200,0,0,0,0
3,山西,63,True,3200,0,0,0,0
3,山西,64,True,3200,4,2,2,0
3,山西,65,True,3200,0,0,0,0
3,山西,66,True,3200,0,0,0,0
3,山西,67,True,3200,0,0,0,0
3,山西,68,True,3200,1,1,1,0
3,山西,69,True,3200,0,0,0,0
3,山西,70,True,3200,2,0,0,0
3,山西,71,True,3200,0,0,0,0
3,山西,72,True,3200,0,0,0,0
3,山西,73,True,3200,0,0,0,0
3,山西,74,True,3200,0,0,0,0
3,山西,75,True,3200,0,0,0,0
3,山西,76,True,3200,2,1,1,0
3,山西,77,True,3200,2,1,0,1
3,山西,78,True,3200,3,0,0,0
3,山西,79,True,3200,4,1,1,0
3,山西,80,True,3200,2,0,0,0
3,山西,81,True,3200,0,0,0,0
3,山西,82,True,3200,0,0,0,0
3,山西,83,True,3200,2,1,0,1
3,山西,84,True,3200,4,1,1,0
3,山西,85,True,3200,0,0,0,0
3,山西,86,True,3200,10,2,1,1
3,山西,87,True,3200,0,0,0,0
3,山西,88,True,3200,0,0,0,0
3,山西,89,True,3200,0,0,0,0
3,山西,90,True,3200,1,1,1,0
3,山西,91,True,3200,0,0,0,0
3,山西,92,True,3200,0,0,0,0
3,山西,93,True,3200,0,0,0,0
3,山西,94,True,3200,0,0,0,0
3,山西,95,True,3200,2,0,0,0
3,山西,96,True,3200,2,0,0,0
3,山西,97,True,3200,1,0,0,0
3,山西,98,True,3200,0,0,0,0
3,山西,99,True,3200,3,0,0,0
3,山西,100,True,3200,0,0,0,0
3,内蒙古,1,True,3200,0,0,0,0
3,内蒙古,2,True,3200,0,0,0,0
3,内蒙古,3,True,3200,0,0,0,0
3,内蒙古,4,True,3200,0,0,0,0
3,内蒙古,5,True,3200,0,0,0,0
3,内蒙古,6,True,3200,0,0,0,0
3,内蒙古,7,True,3200,0,0,0,0
3,内蒙古,8,True,3200,0,0,0,0
3,内蒙古,9,True,3200,0,0,0,0
3,内蒙古,10,True,3200,0,0,0,0
3,内蒙古,11,True,3200,0,0,0,0
3,内蒙古,12,True,3200,0,0,0,0
3,内蒙古,13,True,3200,1,0,0,0
3,内蒙古,14,True,3200,0,0,0,0
3,内蒙古,15,True,3200,0,0,0,0
3,内蒙古,16,True,3200,0,0,0,0
3,内蒙古,17,True,3200,1,1,1,0
3,内蒙古,18,True,3200,0,0,0,0
3,内蒙古,19,True,3200,0,0,0,0
3,内蒙古,20,True,3200,1,1,1,0
3,内蒙古,21,True,3200,0,0,0,0
3,内蒙古,22,True,3200,0,0,0,0
3,内蒙古,23,True,3200,0,0,0,0
3,内蒙古,24,True,3200,6,1,1,0
3,内蒙古,25,True,3200,4,1,1,0
3,内蒙古,26,True,3200,7,2,1,1
3,内蒙古,27,True,3200,0,0,0,0
3,内蒙古,28,True,3200,2,1,0,1
3,内蒙古,29,True,3200,2,0,0,0
3,内蒙古,30,True,3200,0,0,0,0
3,内蒙古,31,True,3200,0,0,0,0
3,内蒙古,32,True,3200,0,0,0,0
3,内蒙古,33,True,3200,3,1,0,1
3,内蒙古,34,True,3200,0,0,0,0
3,内蒙古,35,True,3200,0,0,0,0
3,内蒙古,36,True,3200,2,1,1,0
3,内蒙古,37,True,3200,0,0,0,0
3,内蒙古,38,True,3200,2,0,0,0
3,内蒙古,39,True,3200,4,0,0,0
3,内蒙古,40,True,3200,2,0,0,0
3,内蒙古,41,True,3200,0,0,0,0
3,内蒙古,42,True,3200,0,0,0,0
3,内蒙古,43,True,3200,4,0,0,0
3,内蒙古,44,True,3200,0,0,0,0
3,内蒙古,45,True,3200,2,0,0,0
3,内蒙古,46,True,3200,0,0,0,0
3,内蒙古,47,True,3200,0,0,0,0
3,内蒙古,48,True,3200,0,0,0,0
3,内蒙古,49,True,3200,0,0,0,0
3,内蒙古,50,True,3200,0,0,0,0
3,内蒙古,51,True,3200,0,0,0,0
3,内蒙古,52,True,3200,0,0,0,0
3,内蒙古,53,True,3200,0,0,0,0
3,内蒙古,54,True,3200,0,0,0,0
3,内蒙古,55,True,3200,0,0,0,0
3,内蒙古,56,True,3200,0,0,0,0
3,内蒙古,57,True,3200,3,0,0,0
3,内蒙古,58,True,3200,2,0,0,0
3,内蒙古,59,True,3200,0,0,0,0
3,内蒙古,60,True,3200,0,0,0,0
3,内蒙古,61,True,3200,2,0,0,0
3,内蒙古,62,True,3200,0,0,0,0
3,内蒙古,63,True,3200,0,0,0,0
3,内蒙古,64,True,3200,4,1,1,0
3,内蒙古,65,True,3200,2,1,1,0
3,内蒙古,66,True,3200,6,2,1,1
3,内蒙古,67,True,3200,2,1,0,1
3,内蒙古,68,True,3200,6,2,2,0
3,内蒙古,69,True,3200,5,1,0,1
3,内蒙古,70,True,3200,0,0,0,0
3,内蒙古,71,True,3200,0,0,0,0
3,内蒙古,72,True,3200,0,0,0,0
3,内蒙古,73,True,3200,1,0,0,0
3,内蒙古,74,True,3200,2,1,1,0
3,内蒙古,75,True,3200,3,1,1,0
3,内蒙古,76,True,3200,1,1,1,0
3,内蒙古,77,True,3200,2,1,1,0
3,内蒙古,78,True,3200,0,0,0,0
3,内蒙古,79,True,3200,0,0,0,0
3,内蒙古,80,True,3200,2,1,0,1
3,内蒙古,81,True,3200,0,0,0,0
3,内蒙古,82,True,3200,0,0,0,0
3,内蒙古,83,True,3200,4,1,1,0
3,内蒙古,84,True,3200,0,0,0,0
3,内蒙古,85,True,3200,0,0,0,0
3,内蒙古,86,True,3200,2,0,0,0
3,内蒙古,87,True,3200,2,1,0,1
3,内蒙古,88,True,3200,0,0,0,0
3,内蒙古,89,True,3200,2,1,0,1
3,内蒙古,90,True,3200,4,1,0,1
3,内蒙古,91,True,3200,2,0,0,0
3,内蒙古,92,True,3200,0,0,0,0
3,内蒙古,93,True,3200,0,0,0,0
3,内蒙古,94,True,3200,0,0,0,0
3,内蒙古,95,True,3200,0,0,0,0
3,内蒙古,96,True,3200,0,0,0,0
3,内蒙古,97,True,3200,0,0,0,0
3,内蒙古,98,True,3200,0,0,0,0
3,内蒙古,99,True,3200,1,0,0,0
3,内蒙古,100,True,3200,2,0,0,0
3,辽宁,1,True,3200,0,0,0,0
3,辽宁,2,True,3200,0,0,0,0
3,辽宁,3,True,3200,0,0,0,0
3,辽宁,4,True,3200,0,0,0,0
3,辽宁,5,True,3200,0,0,0,0
3,辽宁,6,True,3200,0,0,0,0
3,辽宁,7,True,3200,0,0,0,0
3,辽宁,8,True,3200,0,0,0,0
3,辽宁,9,True,3200,1,0,0,0
3,辽宁,10,True,3200,0,0,0,0
3,辽宁,11,True,3200,0,0,0,0
3,辽宁,12,True,3200,0,0,0,0
3,辽宁,13,True,3200,0,0,0,0
3,辽宁,14,True,3200,5,0,0,0
3,辽宁,15,True,3200,0,0,0,0
3,辽宁,16,True,3200,0,0,0,0
3,辽宁,17,True,3200,0,0,0,0
3,辽宁,18,True,3200,0,0,0,0
3,辽宁,19,True,3200,0,0,0,0
3,辽宁,20,True,3200,0,0,0,0
3,辽宁,21,True,3200,1,1,0,1
3,辽宁,22,True,3200,0,0,0,0
3,辽宁,23,True,3200,3,2,2,0
3,辽宁,24,True,3200,5,1,1,0
3,辽宁,25,True,3200,0,0,0,0
3,辽宁,26,True,3200,3,1,0,1
3,辽宁,27,True,3200,3,0,0,0
3,辽宁,28,True,3200,2,0,0,0
3,辽宁,29,True,3200,4,1,1,0
3,辽宁,30,True,3200,0,0,0,0
3,辽宁,31,True,3200,0,0,0,0
3,辽宁,32,True,3200,2,0,0,0
3,辽宁,33,True,3200,8,3,3,0
3,辽宁,34,True,3200,0,0,0,0
3,辽宁,35,True,3200,0,0,0,0
3,辽宁,36,True,3200,2,1,1,0
3,辽宁,37,True,3200,0,0,0,0
3,辽宁,38,True,3200,2,1,1,0
3,辽宁,39,True,3200,0,0,0,0
3,辽宁,40,True,3200,2,0,0,0
3,辽宁,41,True,3200,2,1,1,0
3,辽宁,42,True,3200,4,1,1,0
3,辽宁,43,True,3200,0,0,0,0
3,辽宁,44,True,3200,2,0,0,0
3,辽宁,45,True,3200,2,0,0,0
3,辽宁,46,True,3200,0,0,0,0
3,辽宁,47,True,3200,0,0,0,0
3,辽宁,48,True,3200,0,0,0,0
3,辽宁,49,True,3200,0,0,0,0
3,辽宁,50,True,3200,2,0,0,0
3,辽宁,51,True,3200,4,1,1,0
3,辽宁,52,True,3200,3,0,0,0
3,辽宁,53,True,3200,0,0,0,0
3,辽宁,54,True,3200,0,0,0,0
3,辽宁,55,True,3200,0,0,0,0
3,辽宁,56,True,3200,0,0,0,0
3,辽宁,57,True,3200,0,0,0,0
3,辽宁,58,True,3200,0,0,0,0
3,辽宁,59,True,3200,0,0,0,0
3,辽宁,60,True,3200,4,1,1,0
3,辽宁,61,True,3200,0,0,0,0
3,辽宁,62,True,3200,0,0,0,0
3,辽宁,63,True,3200,0,0,0,0
3,辽宁,64,True,3200,0,0,0,0
3,辽宁,65,True,3200,0,0,0,0
3,辽宁,66,True,3200,0,0,0,0
3,辽宁,67,True,3200,0,0,0,0
3,辽宁,68,True,3200,0,0,0,0
3,辽宁,69,True,3200,0,0,0,0
3,辽宁,70,True,3200,0,0,0,0
3,辽宁,71,True,3200,0,0,0,0
3,辽宁,72,True,3200,0,0,0,0
3,辽宁,73,True,3200,0,0,0,0
3,辽宁,74,True,3200,0,0,0,0
3,辽宁,75,True,3200,0,0,0,0
3,辽宁,76,True,3200,0,0,0,0
3,辽宁,77,True,3200,0,0,0,0
3,辽宁,78,True,3200,0,0,0,0
3,辽宁,79,True,3200,0,0,0,0
3,辽宁,80,True,3200,0,0,0,0
3,辽宁,81,True,3200,0,0,0,0
3,辽宁,82,True,3200,0,0,0,0
3,辽宁,83,True,3200,0,0,0,0
3,辽宁,84,True,3200,0,0,0,0
3,辽宁,85,True,3200,0,0,0,0
3,辽宁,86,True,3200,0,0,0,0
3,辽宁,87,True,3200,0,0,0,0
3,辽宁,88,True,3200,0,0,0,0
3,辽宁,89,True,3200,0,0,0,0
3,辽宁,90,True,3200,0,0,0,0
3,辽宁,91,True,3200,0,0,0,0
3,辽宁,92,True,3200,0,0,0,0
3,辽宁,93,True,3200,0,0,0,0
3,辽宁,94,True,3200,0,0,0,0
3,辽宁,95,True,3200,0,0,0,0
3,辽宁,96,True,3200,0,0,0,0
3,辽宁,97,True,3200,0,0,0,0
3,辽宁,98,True,3200,4,0,0,0
3,辽宁,99,True,3200,0,0,0,0
3,辽宁,100,True,3200,0,0,0,0
3,吉林,1,True,3200,0,0,0,0
3,吉林,2,True,3200,0,0,0,0
3,吉林,3,True,3200,0,0,0,0
3,吉林,4,True,3200,0,0,0,0
3,吉林,5,True,3200,0,0,0,0
3,吉林,6,True,3200,0,0,0,0
3,吉林,7,True,3200,0,0,0,0
3,吉林,8,True,3200,0,0,0,0
3,吉林,9,True,3200,0,0,0,0
3,吉林,10,True,3200,0,0,0,0
3,吉林,11,True,3200,0,0,0,0
3,吉林,12,True,3200,0,0,0,0
3,吉林,13,True,3200,0,0,0,0
3,吉林,14,True,3200,0,0,0,0
3,吉林,15,True,3200,0,0,0,0
3,吉林,16,True,3200,0,0,0,0
3,吉林,17,True,3200,0,0,0,0
3,吉林,18,True,3200,1,1,1,0
3,吉林,19,True,3200,0,0,0,0
3,吉林,20,True,3200,6,3,3,0
3,吉林,21,True,3200,0,0,0,0
3,吉林,22,True,3200,0,0,0,0
3,吉林,23,True,3200,0,0,0,0
3,吉林,24,True,3200,0,0,0,0
3,吉林,25,True,3200,0,0,0,0
3,吉林,26,True,3200,1,1,1,0
3,吉林,27,True,3200,2,1,0,1
3,吉林,28,True,3200,0,0,0,0
3,吉林,29,True,3200,0,0,0,0
3,吉林,30,True,3200,0,0,0,0
3,吉林,31,True,3200,1,0,0,0
3,吉林,32,True,3200,0,0,0,0
3,吉林,33,True,3200,0,0,0,0
3,吉林,34,True,3200,0,0,0,0
3,吉林,35,True,3200,0,0,0,0
3,吉林,36,True,3200,4,1,1,0
3,吉林,37,True,3200,2,1,1,0
3,吉林,38,True,3200,0,0,0,0
3,吉林,39,True,3200,0,0,0,0
3,吉林,40,True,3200,0,0,0,0
3,吉林,41,True,3200,4,1,0,1
3,吉林,42,True,3200,73,0,0,0
3,吉林,43,True,3200,14,1,1,0
3,吉林,44,True,3200,6,2,1,1
3,吉林,45,True,3200,2,1,1,0
3,吉林,46,True,3200,25,8,7,1
3,吉林,47,True,3200,5,2,0,2
3,吉林,48,True,3200,0,0,0,0
3,吉林,49,True,3200,2,0,0,0
3,吉林,50,True,3200,0,0,0,0
3,吉林,51,True,3200,0,0,0,0
3,吉林,52,True,3200,2,1,1,0
3,吉林,53,True,3200,2,1,1,0
3,吉林,54,True,3200,6,3,3,0
3,吉林,55,True,3200,2,1,1,0
3,吉林,56,True,3200,16,2,2,0
3,吉林,57,True,3200,20,0,0,0
3,吉林,58,True,3200,0,0,0,0
3,吉林,59,True,3200,0,0,0,0
3,吉林,60,True,3200,6,1,1,0
3,吉林,61,True,3200,4,2,2,0
3,吉林,62,True,3200,0,0,0,0
3,吉林,63,True,3200,0,0,0,0
3,吉林,64,True,3200,1,1,1,0
3,吉林,65,True,3200,4,1,0,1
3,吉林,66,True,3200,3,0,0,0
3,吉林,67,True,3200,2,0,0,0
3,吉林,68,True,3200,2,1,1,0
3,吉林,69,True,3200,1,0,0,0
3,吉林,70,True,3200,0,0,0,0
3,吉林,71,True,3200,0,0,0,0
3,吉林,72,True,3200,0,0,0,0
3,吉林,73,True,3200,2,0,0,0
3,吉林,74,True,3200,0,0,0,0
3,吉林,75,True,3200,2,0,0,0
3,吉林,76,True,3200,0,0,0,0
3,吉林,77,True,3200,0,0,0,0
3,吉林,78,True,3200,0,0,0,0
3,吉林,79,True,3200,2,1,0,1
3,吉林,80,True,3200,0,0,0,0
3,吉林,81,True,3200,0,0,0,0
3,吉林,82,True,3200,2,0,0,0
3,吉林,83,True,3200,0,0,0,0
3,吉林,84,True,3200,0,0,0,0
3,吉林,85,True,3200,0,0,0,0
3,吉林,86,True,3200,0,0,0,0
3,吉林,87,True,3200,0,0,0,0
3,吉林,88,True,3200,0,0,0,0
3,吉林,89,True,3200,0,0,0,0
3,吉林,90,True,3200,4,2,1,1
3,吉林,91,True,3200,1,0,0,0
3,吉林,92,True,3200,2,1,0,1
3,吉林,93,True,3200,0,0,0,0
3,吉林,94,True,3200,0,0,0,0
3,吉林,95,True,3200,4,0,0,0
3,吉林,96,True,3200,2,0,0,0
3,吉林,97,True,3200,6,3,0,3
3,吉林,98,True,3200,0,0,0,0
3,吉林,99,True,3200,0,0,0,0
3,吉林,100,True,3200,2,1,0,1
3,黑龙江,1,True,3200,0,0,0,0
3,黑龙江,2,True,3200,0,0,0,0
3,黑龙江,3,True,3200,0,0,0,0
3,黑龙江,4,True,3200,0,0,0,0
3,黑龙江,5,True,3200,0,0,0,0
3,黑龙江,6,True,3200,4,0,0,0
3,黑龙江,7,True,3200,2,1,0,1
3,黑龙江,8,True,3200,4,2,0,2
3,黑龙江,9,True,3200,0,0,0,0
3,黑龙江,10,True,3200,0,0,0,0
3,黑龙江,11,True,3200,0,0,0,0
3,黑龙江,12,True,3200,0,0,0,0
3,黑龙江,13,True,3200,0,0,0,0
3,黑龙江,14,True,3200,0,0,0,0
3,黑龙江,15,True,3200,0,0,0,0
3,黑龙江,16,True,3200,0,0,0,0
3,黑龙江,17,True,3200,0,0,0,0
3,黑龙江,18,True,3200,0,0,0,0
3,黑龙江,19,True,3200,0,0,0,0
3,黑龙江,20,True,3200,4,2,2,0
3,黑龙江,21,True,3200,2,0,0,0
3,黑龙江,22,True,3200,0,0,0,0
3,黑龙江,23,True,3200,2,1,0,1
3,黑龙江,24,True,3200,2,1,1,0
3,黑龙江,25,True,3200,2,1,1,0
3,黑龙江,26,True,3200,0,0,0,0
3,黑龙江,27,True,3200,0,0,0,0
3,黑龙江,28,True,3200,4,1,0,1
3,黑龙江,29,True,3200,0,0,0,0
3,黑龙江,30,True,3200,0,0,0,0
3,黑龙江,31,True,3200,0,0,0,0
3,黑龙江,32,True,3200,2,1,0,1
3,黑龙江,33,True,3200,0,0,0,0
3,黑龙江,34,True,3200,0,0,0,0
3,黑龙江,35,True,3200,0,0,0,0
3,黑龙江,36,True,3200,0,0,0,0
3,黑龙江,37,True,3200,0,0,0,0
3,黑龙江,38,True,3200,0,0,0,0
3,黑龙江,39,True,3200,0,0,0,0
3,黑龙江,40,True,3200,0,0,0,0
3,黑龙江,41,True,3200,3,0,0,0
3,黑龙江,42,True,3200,4,1,1,0
3,黑龙江,43,True,3200,3,1,1,0
3,黑龙江,44,True,3200,0,0,0,0
3,黑龙江,45,True,3200,1,1,1,0
3,黑龙江,46,True,3200,5,1,1,0
3,黑龙江,47,True,3200,3,1,1,0
3,黑龙江,48,True,3200,2,0,0,0
3,黑龙江,49,True,3200,0,0,0,0
3,黑龙江,50,True,3200,0,0,0,0
3,黑龙江,51,True,3200,1,1,0,1
3,黑龙江,52,True,3200,2,1,0,1
3,黑龙江,53,True,3200,2,1,1,0
3,黑龙江,54,True,3200,0,0,0,0
3,黑龙江,55,True,3200,0,0,0,0
3,黑龙江,56,True,3200,0,0,0,0
3,黑龙江,57,True,3200,0,0,0,0
3,黑龙江,58,True,3200,0,0,0,0
3,黑龙江,59,True,3200,0,0,0,0
3,黑龙江,60,True,3200,0,0,0,0
3,黑龙江,61,True,3200,0,0,0,0
3,黑龙江,62,True,3200,0,0,0,0
3,黑龙江,63,True,3200,3,1,1,0
3,黑龙江,64,True,3200,4,1,1,0
3,黑龙江,65,True,3200,6,0,0,0
3,黑龙江,66,True,3200,4,1,1,0
3,黑龙江,67,True,3200,7,0,0,0
3,黑龙江,68,True,3200,3,1,1,0
3,黑龙江,69,True,3200,2,0,0,0
3,黑龙江,70,True,3200,3,0,0,0
3,黑龙江,71,True,3200,1,0,0,0
3,黑龙江,72,True,3200,0,0,0,0
3,黑龙江,73,True,3200,10,2,0,2
3,黑龙江,74,True,3200,2,0,0,0
3,黑龙江,75,True,3200,0,0,0,0
3,黑龙江,76,True,3200,0,0,0,0
3,黑龙江,77,True,3200,11,3,2,1
3,黑龙江,78,True,3200,3,1,1,0
3,黑龙江,79,True,3200,1,1,0,1
3,黑龙江,80,True,3200,2,1,1,0
3,黑龙江,81,True,3200,6,2,0,2
3,黑龙江,82,True,3200,6,1,1,0
3,黑龙江,83,True,3200,12,6,0,6
3,黑龙江,84,True,3200,0,0,0,0
3,黑龙江,85,True,3200,3,2,1,1
3,黑龙江,86,True,3200,2,0,0,0
3,黑龙江,87,True,3200,6,1,1,0
3,黑龙江,88,True,3200,4,0,0,0
3,黑龙江,89,True,3200,2,0,0,0
3,黑龙江,90,True,3200,6,3,2,1
3,黑龙江,91,True,3200,2,1,1,0
3,黑龙江,92,True,3200,0,0,0,0
3,黑龙江,93,True,3200,0,0,0,0
3,黑龙江,94,True,3200,0,0,0,0
3,黑龙江,95,True,3200,0,0,0,0
3,黑龙江,96,True,3200,0,0,0,0
3,黑龙江,97,True,3200,0,0,0,0
3,黑龙江,98,True,3200,2,0,0,0
3,黑龙江,99,True,3200,0,0,0,0
3,黑龙江,100,True,3200,0,0,0,0
3,上海,1,True,3200,0,0,0,0
3,上海,2,True,3200,0,0,0,0
3,上海,3,True,3200,0,0,0,0
3,上海,4,True,3200,0,0,0,0
3,上海,5,True,3200,0,0,0,0
3,上海,6,True,3200,5,2,1,1
3,上海,7,True,3200,0,0,0,0
3,上海,8,True,3200,0,0,0,0
3,上海,9,True,3200,2,0,0,0
3,上海,10,True,3200,2,1,0,1
3,上海,11,True,3200,2,1,1,0
3,上海,12,True,3200,3,1,0,1
3,上海,13,True,3200,9,1,1,0
3,上海,14,True,3200,10,0,0,0
3,上海,15,True,3200,124,2,2,0
3,上海,16,True,3200,32,0,0,0
3,上海,17,True,3200,61,1,1,0
3,上海,18,True,3200,8,1,1,0
3,上海,19,True,3200,7,1,1,0
3,上海,20,True,3200,6,0,0,0
3,上海,21,True,3200,8,2,0,2
3,上海,22,True,3200,1,0,0,0
3,上海,23,True,3200,2,0,0,0
3,上海,24,True,3200,1,1,0,1
3,上海,25,True,3200,4,2,1,1
3,上海,26,True,3200,1,1,1,0
3,上海,27,True,3200,0,0,0,0
3,上海,28,True,3200,1,0,0,0
3,上海,29,True,3200,0,0,0,0
3,上海,30,True,3200,0,0,0,0
3,上海,31,True,3200,4,1,0,1
3,上海,32,True,3200,0,0,0,0
3,上海,33,True,3200,0,0,0,0
3,上海,34,True,3200,0,0,0,0
3,上海,35,True,3200,6,1,1,0
3,上海,36,True,3200,2,1,1,0
3,上海,37,True,3200,2,1,1,0
3,上海,38,True,3200,0,0,0,0
3,上海,39,True,3200,0,0,0,0
3,上海,40,True,3200,0,0,0,0
3,上海,41,True,3200,0,0,0,0
3,上海,42,True,3200,0,0,0,0
3,上海,43,True,3200,2,1,0,1
3,上海,44,True,3200,10,0,0,0
3,上海,45,True,3200,3,1,0,1
3,上海,46,True,3200,2,0,0,0
3,上海,47,True,3200,2,0,0,0
3,上海,48,True,3200,0,0,0,0
3,上海,49,True,3200,4,1,1,0
3,上海,50,True,3200,2,0,0,0
3,上海,51,True,3200,2,0,0,0
3,上海,52,True,3200,0,0,0,0
3,上海,53,True,3200,0,0,0,0
3,上海,54,True,3200,0,0,0,0
3,上海,55,True,3200,0,0,0,0
3,上海,56,True,3200,2,0,0,0
3,上海,57,True,3200,0,0,0,0
3,上海,58,True,3200,2,0,0,0
3,上海,59,True,3200,0,0,0,0
3,上海,60,True,3200,0,0,0,0
3,上海,61,True,3200,0,0,0,0
3,上海,62,True,3200,0,0,0,0
3,上海,63,True,3200,0,0,0,0
3,上海,64,True,3200,0,0,0,0
3,上海,65,True,3200,0,0,0,0
3,上海,66,True,3200,0,0,0,0
3,上海,67,True,3200,2,1,1,0
3,上海,68,True,3200,2,1,1,0
3,上海,69,True,3200,0,0,0,0
3,上海,70,True,3200,1,1,0,1
3,上海,71,True,3200,0,0,0,0
3,上海,72,True,3200,0,0,0,0
3,上海,73,True,3200,0,0,0,0
3,上海,74,True,3200,2,1,0,1
3,上海,75,True,3200,2,1,1,0
3,上海,76,True,3200,3,2,2,0
3,上海,77,True,3200,2,1,1,0
3,上海,78,True,3200,0,0,0,0
3,上海,79,True,3200,2,1,1,0
3,上海,80,True,3200,2,0,0,0
3,上海,81,True,3200,2,1,1,0
3,上海,82,True,3200,2,1,1,0
3,上海,83,True,3200,0,0,0,0
3,上海,84,True,3200,0,0,0,0
3,上海,85,True,3200,0,0,0,0
3,上海,86,True,3200,0,0,0,0
3,上海,87,True,3200,2,0,0,0
3,上海,88,True,3200,0,0,0,0
3,上海,89,True,3200,15,4,3,1
3,上海,90,True,3200,4,2,0,2
3,上海,91,True,3200,0,0,0,0
3,上海,92,True,3200,0,0,0,0
3,上海,93,True,3200,0,0,0,0
3,上海,94,True,3200,2,0,0,0
3,上海,95,True,3200,0,0,0,0
3,上海,96,True,3200,0,0,0,0
3,上海,97,True,3200,2,0,0,0
3,上海,98,True,3200,3,0,0,0
3,上海,99,True,3200,3,1,1,0
3,上海,100,True,3200,0,0,0,0
3,江苏,1,True,3200,0,0,0,0
3,江苏,2,True,3200,0,0,0,0
3,江苏,3,True,3200,0,0,0,0
3,江苏,4,True,3200,0,0,0,0
3,江苏,5,True,3200,0,0,0,0
3,江苏,6,True,3200,0,0,0,0
3,江苏,7,True,3200,0,0,0,0
3,江苏,8,True,3200,0,0,0,0
3,江苏,9,True,3200,0,0,0,0
3,江苏,10,True,3200,0,0,0,0
3,江苏,11,True,3200,0,0,0,0
3,江苏,12,True,3200,0,0,0,0
3,江苏,13,True,3200,0,0,0,0
3,江苏,14,True,3200,6,3,3,0
3,江苏,15,True,3200,4,1,1,0
3,江苏,16,True,3200,2,0,0,0
3,江苏,17,True,3200,0,0,0,0
3,江苏,18,True,3200,0,0,0,0
3,江苏,19,True,3200,0,0,0,0
3,江苏,20,True,3200,0,0,0,0
3,江苏,21,True,3200,0,0,0,0
3,江苏,22,True,3200,0,0,0,0
3,江苏,23,True,3200,0,0,0,0
3,江苏,24,True,3200,5,1,1,0
3,江苏,25,True,3200,0,0,0,0
3,江苏,26,True,3200,0,0,0,0
3,江苏,27,True,3200,0,0,0,0
3,江苏,28,True,3200,0,0,0,0
3,江苏,29,True,3200,11,5,4,1
3,江苏,30,True,3200,2,0,0,0
3,江苏,31,True,3200,3,0,0,0
3,江苏,32,True,3200,4,1,1,0
3,江苏,33,True,3200,3,1,1,0
3,江苏,34,True,3200,2,1,1,0
3,江苏,35,True,3200,1,0,0,0
3,江苏,36,True,3200,0,0,0,0
3,江苏,37,True,3200,0,0,0,0
3,江苏,38,True,3200,0,0,0,0
3,江苏,39,True,3200,0,0,0,0
3,江苏,40,True,3200,2,0,0,0
3,江苏,41,True,3200,0,0,0,0
3,江苏,42,True,3200,0,0,0,0
3,江苏,43,True,3200,2,1,0,1
3,江苏,44,True,3200,4,1,0,1
3,江苏,45,True,3200,0,0,0,0
3,江苏,46,True,3200,1,0,0,0
3,江苏,47,True,3200,4,3,2,1
3,江苏,48,True,3200,0,0,0,0
3,江苏,49,True,3200,0,0,0,0
3,江苏,50,True,3200,0,0,0,0
3,江苏,51,True,3200,0,0,0,0
3,江苏,52,True,3200,3,0,0,0
3,江苏,53,True,3200,0,0,0,0
3,江苏,54,True,3200,0,0,0,0
3,江苏,55,True,3200,0,0,0,0
3,江苏,56,True,3200,0,0,0,0
3,江苏,57,True,3200,2,0,0,0
3,江苏,58,True,3200,0,0,0,0
3,江苏,59,True,3200,3,2,2,0
3,江苏,60,True,3200,6,0,0,0
3,江苏,61,True,3200,0,0,0,0
3,江苏,62,True,3200,2,0,0,0
3,江苏,63,True,3200,0,0,0,0
3,江苏,64,True,3200,0,0,0,0
3,江苏,65,True,3200,2,1,1,0
3,江苏,66,True,3200,0,0,0,0
3,江苏,67,True,3200,0,0,0,0
3,江苏,68,True,3200,0,0,0,0
3,江苏,69,True,3200,0,0,0,0
3,江苏,70,True,3200,4,2,1,1
3,江苏,71,True,3200,2,0,0,0
3,江苏,72,True,3200,0,0,0,0
3,江苏,73,True,3200,0,0,0,0
3,江苏,74,True,3200,0,0,0,0
3,江苏,75,True,3200,0,0,0,0
3,江苏,76,True,3200,0,0,0,0
3,江苏,77,True,3200,0,0,0,0
3,江苏,78,True,3200,0,0,0,0
3,江苏,79,True,3200,4,0,0,0
3,江苏,80,True,3200,0,0,0,0
3,江苏,81,True,3200,0,0,0,0
3,江苏,82,True,3200,0,0,0,0
3,江苏,83,True,3200,8,4,2,2
3,江苏,84,True,3200,0,0,0,0
3,江苏,85,True,3200,2,0,0,0
3,江苏,86,True,3200,0,0,0,0
3,江苏,87,True,3200,2,0,0,0
3,江苏,88,True,3200,0,0,0,0
3,江苏,89,True,3200,3,2,0,2
3,江苏,90,True,3200,0,0,0,0
3,江苏,91,True,3200,0,0,0,0
3,江苏,92,True,3200,0,0,0,0
3,江苏,93,True,3200,4,0,0,0
3,江苏,94,True,3200,0,0,0,0
3,江苏,95,True,3200,0,0,0,0
3,江苏,96,True,3200,0,0,0,0
3,江苏,97,True,3200,0,0,0,0
3,江苏,98,True,3200,0,0,0,0
3,江苏,99,True,3200,0,0,0,0
3,江苏,100,True,3200,4,1,0,1
3,浙江,1,True,3200,0,0,0,0
3,浙江,2,True,3200,0,0,0,0
3,浙江,3,True,3200,0,0,0,0
3,浙江,4,True,3200,0,0,0,0
3,浙江,5,True,3200,0,0,0,0
3,浙江,6,True,3200,0,0,0,0
3,浙江,7,True,3200,0,0,0,0
3,浙江,8,True,3200,0,0,0,0
3,浙江,9,True,3200,0,0,0,0
3,浙江,10,True,3200,0,0,0,0
3,浙江,11,True,3200,0,0,0,0
3,浙江,12,True,3200,0,0,0,0
3,浙江,13,True,3200,4,2,0,2
3,浙江,14,True,3200,0,0,0,0
3,浙江,15,True,3200,0,0,0,0
3,浙江,16,True,3200,2,0,0,0
3,浙江,17,True,3200,2,0,0,0
3,浙江,18,True,3200,0,0,0,0
3,浙江,19,True,3200,0,0,0,0
3,浙江,20,True,3200,0,0,0,0
3,浙江,21,True,3200,0,0,0,0
3,浙江,22,True,3200,1,0,0,0
3,浙江,23,True,3200,0,0,0,0
3,浙江,24,True,3200,6,0,0,0
3,浙江,25,True,3200,0,0,0,0
3,浙江,26,True,3200,4,1,1,0
3,浙江,27,True,3200,0,0,0,0
3,浙江,28,True,3200,2,0,0,0
3,浙江,29,True,3200,5,0,0,0
3,浙江,30,True,3200,1,0,0,0
3,浙江,31,True,3200,0,0,0,0
3,浙江,32,True,3200,4,1,1,0
3,浙江,33,True,3200,0,0,0,0
3,浙江,34,True,3200,0,0,0,0
3,浙江,35,True,3200,0,0,0,0
3,浙江,36,True,3200,0,0,0,0
3,浙江,37,True,3200,0,0,0,0
3,浙江,38,True,3200,0,0,0,0
3,浙江,39,True,3200,0,0,0,0
3,浙江,40,True,3200,0,0,0,0
3,浙江,41,True,3200,0,0,0,0
3,浙江,42,True,3200,0,0,0,0
3,浙江,43,True,3200,0,0,0,0
3,浙江,44,True,3200,0,0,0,0
3,浙江,45,True,3200,0,0,0,0
3,浙江,46,True,3200,1,0,0,0
3,浙江,47,True,3200,0,0,0,0
3,浙江,48,True,3200,0,0,0,0
3,浙江,49,True,3200,0,0,0,0
3,浙江,50,True,3200,0,0,0,0
3,浙江,51,True,3200,0,0,0,0
3,浙江,52,True,3200,0,0,0,0
3,浙江,53,True,3200,0,0,0,0
3,浙江,54,True,3200,0,0,0,0
3,浙江,55,True,3200,0,0,0,0
3,浙江,56,True,3200,0,0,0,0
3,浙江,57,True,3200,0,0,0,0
3,浙江,58,True,3200,0,0,0,0
3,浙江,59,True,3200,0,0,0,0
3,浙江,60,True,3200,0,0,0,0
3,浙江,61,True,3200,0,0,0,0
3,浙江,62,True,3200,0,0,0,0
3,浙江,63,True,3200,0,0,0,0
3,浙江,64,True,3200,0,0,0,0
3,浙江,65,True,3200,0,0,0,0
3,浙江,66,True,3200,0,0,0,0
3,浙江,67,True,3200,0,0,0,0
3,浙江,68,True,3200,0,0,0,0
3,浙江,69,True,3200,0,0,0,0
3,浙江,70,True,3200,0,0,0,0
3,浙江,71,True,3200,0,0,0,0
3,浙江,72,True,3200,0,0,0,0
3,浙江,73,True,3200,4,1,1,0
3,浙江,74,True,3200,0,0,0,0
3,浙江,75,True,3200,0,0,0,0
3,浙江,76,True,3200,0,0,0,0
3,浙江,77,True,3200,0,0,0,0
3,浙江,78,True,3200,0,0,0,0
3,浙江,79,True,3200,0,0,0,0
3,浙江,80,True,3200,0,0,0,0
3,浙江,81,True,3200,0,0,0,0
3,浙江,82,True,3200,0,0,0,0
3,浙江,83,True,3200,0,0,0,0
3,浙江,84,True,3200,0,0,0,0
3,浙江,85,True,3200,0,0,0,0
3,浙江,86,True,3200,0,0,0,0
3,浙江,87,True,3200,0,0,0,0
3,浙江,88,True,3200,0,0,0,0
3,浙江,89,True,3200,0,0,0,0
3,浙江,90,True,3200,0,0,0,0
3,浙江,91,True,3200,0,0,0,0
3,浙江,92,True,3200,0,0,0,0
3,浙江,93,True,3200,0,0,0,0
3,浙江,94,True,3200,0,0,0,0
3,浙江,95,True,3200,0,0,0,0
3,浙江,96,True,3200,0,0,0,0
3,浙江,97,True,3200,0,0,0,0
3,浙江,98,True,3200,0,0,0,0
3,浙江,99,True,3200,0,0,0,0
3,浙江,100,True,3200,0,0,0,0
3,安徽,1,True,3200,0,0,0,0
3,安徽,2,True,3200,0,0,0,0
3,安徽,3,True,3200,0,0,0,0
3,安徽,4,True,3200,0,0,0,0
3,安徽,5,True,3200,0,0,0,0
3,安徽,6,True,3200,0,0,0,0
3,安徽,7,True,3200,0,0,0,0
3,安徽,8,True,3200,0,0,0,0
3,安徽,9,True,3200,0,0,0,0
3,安徽,10,True,3200,2,0,0,0
3,安徽,11,True,3200,0,0,0,0
3,安徽,12,True,3200,0,0,0,0
3,安徽,13,True,3200,0,0,0,0
3,安徽,14,True,3200,0,0,0,0
3,安徽,15,True,3200,0,0,0,0
3,安徽,16,True,3200,0,0,0,0
3,安徽,17,True,3200,0,0,0,0
3,安徽,18,True,3200,0,0,0,0
3,安徽,19,True,3200,6,1,1,0
3,安徽,20,True,3200,1,1,1,0
3,安徽,21,True,3200,4,2,0,2
3,安徽,22,True,3200,2,1,1,0
3,安徽,23,True,3200,3,0,0,0
3,安徽,24,True,3200,2,0,0,0
3,安徽,25,True,3200,2,0,0,0
3,安徽,26,True,3200,14,7,5,2
3,安徽,27,True,3200,1,0,0,0
3,安徽,28,True,3200,6,2,1,1
3,安徽,29,True,3200,1,0,0,0
3,安徽,30,True,3200,2,0,0,0
3,安徽,31,True,3200,2,0,0,0
3,安徽,32,True,3200,0,0,0,0
3,安徽,33,True,3200,0,0,0,0
3,安徽,34,True,3200,0,0,0,0
3,安徽,35,True,3200,0,0,0,0
3,安徽,36,True,3200,0,0,0,0
3,安徽,37,True,3200,4,1,1,0
3,安徽,38,True,3200,0,0,0,0
3,安徽,39,True,3200,4,1,1,0
3,安徽,40,True,3200,0,0,0,0
3,安徽,41,True,3200,0,0,0,0
3,安徽,42,True,3200,0,0,0,0
3,安徽,43,True,3200,0,0,0,0
3,安徽,44,True,3200,0,0,0,0
3,安徽,45,True,3200,3,1,0,1
3,安徽,46,True,3200,3,1,1,0
3,安徽,47,True,3200,0,0,0,0
3,安徽,48,True,3200,0,0,0,0
3,安徽,49,True,3200,0,0,0,0
3,安徽,50,True,3200,0,0,0,0
3,安徽,51,True,3200,2,0,0,0
3,安徽,52,True,3200,0,0,0,0
3,安徽,53,True,3200,0,0,0,0
3,安徽,54,True,3200,0,0,0,0
3,安徽,55,True,3200,2,0,0,0
3,安徽,56,True,3200,4,1,1,0
3,安徽,57,True,3200,0,0,0,0
3,安徽,58,True,3200,0,0,0,0
3,安徽,59,True,3200,1,0,0,0
3,安徽,60,True,3200,0,0,0,0
3,安徽,61,True,3200,1,0,0,0
3,安徽,62,True,3200,13,4,0,4
3,安徽,63,True,3200,11,1,0,1
3,安徽,64,True,3200,9,4,0,4
3,安徽,65,True,3200,5,1,0,1
3,安徽,66,True,3200,0,0,0,0
3,安徽,67,True,3200,0,0,0,0
3,安徽,68,True,3200,0,0,0,0
3,安徽,69,True,3200,2,1,0,1
3,安徽,70,True,3200,2,1,1,0
3,安徽,71,True,3200,4,2,1,1
3,安徽,72,True,3200,2,0,0,0
3,安徽,73,True,3200,9,0,0,0
3,安徽,74,True,3200,7,1,0,1
3,安徽,75,True,3200,5,2,2,0
3,安徽,76,True,3200,4,0,0,0
3,安徽,77,True,3200,1,0,0,0
3,安徽,78,True,3200,0,0,0,0
3,安徽,79,True,3200,0,0,0,0
3,安徽,80,True,3200,0,0,0,0
3,安徽,81,True,3200,2,1,0,1
3,安徽,82,True,3200,0,0,0,0
3,安徽,83,True,3200,1,0,0,0
3,安徽,84,True,3200,3,1,0,1
3,安徽,85,True,3200,0,0,0,0
3,安徽,86,True,3200,2,0,0,0
3,安徽,87,True,3200,1,0,0,0
3,安徽,88,True,3200,0,0,0,0
3,安徽,89,True,3200,0,0,0,0
3,安徽,90,True,3200,2,0,0,0
3,安徽,91,True,3200,0,0,0,0
3,安徽,92,True,3200,0,0,0,0
3,安徽,93,True,3200,2,0,0,0
3,安徽,94,True,3200,0,0,0,0
3,安徽,95,True,3200,1,0,0,0
3,安徽,96,True,3200,0,0,0,0
3,安徽,97,True,3200,2,1,0,1
3,安徽,98,True,3200,0,0,0,0
3,安徽,99,True,3200,0,0,0,0
3,安徽,100,True,3200,0,0,0,0
3,福建,1,True,3200,0,0,0,0
3,福建,2,True,3200,0,0,0,0
3,福建,3,True,3200,0,0,0,0
3,福建,4,True,3200,3,1,1,0
3,福建,5,True,3200,0,0,0,0
3,福建,6,True,3200,0,0,0,0
3,福建,7,True,3200,0,0,0,0
3,福建,8,True,3200,0,0,0,0
3,福建,9,True,3200,0,0,0,0
3,福建,10,True,3200,0,0,0,0
3,福建,11,True,3200,0,0,0,0
3,福建,12,True,3200,7,4,4,0
3,福建,13,True,3200,0,0,0,0
3,福建,14,True,3200,0,0,0,0
3,福建,15,True,3200,0,0,0,0
3,福建,16,True,3200,4,0,0,0
3,福建,17,True,3200,0,0,0,0
3,福建,18,True,3200,0,0,0,0
3,福建,19,True,3200,0,0,0,0
3,福建,20,True,3200,9,2,2,0
3,福建,21,True,3200,0,0,0,0
3,福建,22,True,3200,0,0,0,0
3,福建,23,True,3200,0,0,0,0
3,福建,24,True,3200,0,0,0,0
3,福建,25,True,3200,0,0,0,0
3,福建,26,True,3200,0,0,0,0
3,福建,27,True,3200,0,0,0,0
3,福建,28,True,3200,0,0,0,0
3,福建,29,True,3200,0,0,0,0
3,福建,30,True,3200,0,0,0,0
3,福建,31,True,3200,0,0,0,0
3,福建,32,True,3200,0,0,0,0
3,福建,33,True,3200,0,0,0,0
3,福建,34,True,3200,0,0,0,0
3,福建,35,True,3200,0,0,0,0
3,福建,36,True,3200,0,0,0,0
3,福建,37,True,3200,0,0,0,0
3,福建,38,True,3200,0,0,0,0
3,福建,39,True,3200,0,0,0,0
3,福建,40,True,3200,0,0,0,0
3,福建,41,True,3200,0,0,0,0
3,福建,42,True,3200,0,0,0,0
3,福建,43,True,3200,0,0,0,0
3,福建,44,True,3200,0,0,0,0
3,福建,45,True,3200,0,0,0,0
3,福建,46,True,3200,0,0,0,0
3,福建,47,True,3200,0,0,0,0
3,福建,48,True,3200,0,0,0,0
3,福建,49,True,3200,0,0,0,0
3,福建,50,True,3200,0,0,0,0
3,福建,51,True,3200,0,0,0,0
3,福建,52,True,3200,0,0,0,0
3,福建,53,True,3200,0,0,0,0
3,福建,54,True,3200,0,0,0,0
3,福建,55,True,3200,0,0,0,0
3,福建,56,True,3200,0,0,0,0
3,福建,57,True,3200,0,0,0,0
3,福建,58,True,3200,0,0,0,0
3,福建,59,True,3200,0,0,0,0
3,福建,60,True,3200,0,0,0,0
3,福建,61,True,3200,0,0,0,0
3,福建,62,True,3200,0,0,0,0
3,福建,63,True,3200,0,0,0,0
3,福建,64,True,3200,0,0,0,0
3,福建,65,True,3200,0,0,0,0
3,福建,66,True,3200,0,0,0,0
3,福建,67,True,3200,0,0,0,0
3,福建,68,True,3200,0,0,0,0
3,福建,69,True,3200,0,0,0,0
3,福建,70,True,3200,0,0,0,0
3,福建,71,True,3200,0,0,0,0
3,福建,72,True,3200,0,0,0,0
3,福建,73,True,3200,0,0,0,0
3,福建,74,True,3200,0,0,0,0
3,福建,75,True,3200,0,0,0,0
3,福建,76,True,3200,0,0,0,0
3,福建,77,True,3200,0,0,0,0
3,福建,78,True,3200,0,0,0,0
3,福建,79,True,3200,0,0,0,0
3,福建,80,True,3200,0,0,0,0
3,福建,81,True,3200,0,0,0,0
3,福建,82,True,3200,0,0,0,0
3,福建,83,True,3200,0,0,0,0
3,福建,84,True,3200,0,0,0,0
3,福建,85,True,3200,0,0,0,0
3,福建,86,True,3200,0,0,0,0
3,福建,87,True,3200,0,0,0,0
3,福建,88,True,3200,0,0,0,0
3,福建,89,True,3200,0,0,0,0
3,福建,90,True,3200,0,0,0,0
3,福建,91,True,3200,0,0,0,0
3,福建,92,True,3200,0,0,0,0
3,福建,93,True,3200,0,0,0,0
3,福建,94,True,3200,0,0,0,0
3,福建,95,True,3200,0,0,0,0
3,福建,96,True,3200,0,0,0,0
3,福建,97,True,3200,0,0,0,0
3,福建,98,True,3200,0,0,0,0
3,福建,99,True,3200,0,0,0,0
3,福建,100,True,3200,0,0,0,0
3,江西,1,True,3200,0,0,0,0
3,江西,2,True,3200,0,0,0,0
3,江西,3,True,3200,0,0,0,0
3,江西,4,True,3200,0,0,0,0
3,江西,5,True,3200,0,0,0,0
3,江西,6,True,3200,0,0,0,0
3,江西,7,True,3200,0,0,0,0
3,江西,8,True,3200,0,0,0,0
3,江西,9,True,3200,2,0,0,0
3,江西,10,True,3200,0,0,0,0
3,江西,11,True,3200,6,0,0,0
3,江西,12,True,3200,0,0,0,0
3,江西,13,True,3200,0,0,0,0
3,江西,14,True,3200,0,0,0,0
3,江西,15,True,3200,0,0,0,0
3,江西,16,True,3200,0,0,0,0
3,江西,17,True,3200,1,1,1,0
3,江西,18,True,3200,0,0,0,0
3,江西,19,True,3200,0,0,0,0
3,江西,20,True,3200,6,2,2,0
3,江西,21,True,3200,3,0,0,0
3,江西,22,True,3200,1,0,0,0
3,江西,23,True,3200,0,0,0,0
3,江西,24,True,3200,0,0,0,0
3,江西,25,True,3200,6,2,1,1
3,江西,26,True,3200,2,1,0,1
3,江西,27,True,3200,0,0,0,0
3,江西,28,True,3200,0,0,0,0
3,江西,29,True,3200,0,0,0,0
3,江西,30,True,3200,0,0,0,0
3,江西,31,True,3200,3,0,0,0
3,江西,32,True,3200,0,0,0,0
3,江西,33,True,3200,0,0,0,0
3,江西,34,True,3200,2,0,0,0
3,江西,35,True,3200,0,0,0,0
3,江西,36,True,3200,10,1,1,0
3,江西,37,True,3200,3,1,1,0
3,江西,38,True,3200,4,2,2,0
3,江西,39,True,3200,0,0,0,0
3,江西,40,True,3200,0,0,0,0
3,江西,41,True,3200,48,12,12,0
3,江西,42,True,3200,2,0,0,0
3,江西,43,True,3200,2,0,0,0
3,江西,44,True,3200,0,0,0,0
3,江西,45,True,3200,0,0,0,0
3,江西,46,True,3200,0,0,0,0
3,江西,47,True,3200,5,0,0,0
3,江西,48,True,3200,2,1,0,1
3,江西,49,True,3200,2,1,0,1
3,江西,50,True,3200,3,2,2,0
3,江西,51,True,3200,1,1,0,1
3,江西,52,True,3200,0,0,0,0
3,江西,53,True,3200,0,0,0,0
3,江西,54,True,3200,0,0,0,0
3,江西,55,True,3200,0,0,0,0
3,江西,56,True,3200,0,0,0,0
3,江西,57,True,3200,11,1,1,0
3,江西,58,True,3200,1,0,0,0
3,江西,59,True,3200,4,2,1,1
3,江西,60,True,3200,11,1,1,0
3,江西,61,True,3200,2,0,0,0
3,江西,62,True,3200,0,0,0,0
3,江西,63,True,3200,0,0,0,0
3,江西,64,True,3200,0,0,0,0
3,江西,65,True,3200,0,0,0,0
3,江西,66,True,3200,0,0,0,0
3,江西,67,True,3200,0,0,0,0
3,江西,68,True,3200,0,0,0,0
3,江西,69,True,3200,0,0,0,0
3,江西,70,True,3200,0,0,0,0
3,江西,71,True,3200,0,0,0,0
3,江西,72,True,3200,0,0,0,0
3,江西,73,True,3200,4,1,1,0
3,江西,74,True,3200,0,0,0,0
3,江西,75,True,3200,1,0,0,0
3,江西,76,True,3200,0,0,0,0
3,江西,77,True,3200,4,2,2,0
3,江西,78,True,3200,4,1,1,0
3,江西,79,True,3200,2,1,0,1
3,江西,80,True,3200,2,1,0,1
3,江西,81,True,3200,3,0,0,0
3,江西,82,True,3200,3,1,1,0
3,江西,83,True,3200,0,0,0,0
3,江西,84,True,3200,0,0,0,0
3,江西,85,True,3200,0,0,0,0
3,江西,86,True,3200,0,0,0,0
3,江西,87,True,3200,0,0,0,0
3,江西,88,True,3200,0,0,0,0
3,江西,89,True,3200,0,0,0,0
3,江西,90,True,3200,0,0,0,0
3,江西,91,True,3200,0,0,0,0
3,江西,92,True,3200,2,0,0,0
3,江西,93,True,3200,10,2,2,0
3,江西,94,True,3200,6,0,0,0
3,江西,95,True,3200,7,2,0,2
3,江西,96,True,3200,8,0,0,0
3,江西,97,True,3200,2,0,0,0
3,江西,98,True,3200,3,0,0,0
3,江西,99,True,3200,0,0,0,0
3,江西,100,True,3200,2,0,0,0
3,山东,1,True,3200,0,0,0,0
3,山东,2,True,3200,0,0,0,0
3,山东,3,True,3200,0,0,0,0
3,山东,4,True,3200,0,0,0,0
3,山东,5,True,3200,0,0,0,0
3,山东,6,True,3200,1,0,0,0
3,山东,7,True,3200,0,0,0,0
3,山东,8,True,3200,0,0,0,0
3,山东,9,True,3200,0,0,0,0
3,山东,10,True,3200,0,0,0,0
3,山东,11,True,3200,0,0,0,0
3,山东,12,True,3200,7,2,2,0
3,山东,13,True,3200,0,0,0,0
3,山东,14,True,3200,6,0,0,0
3,山东,15,True,3200,0,0,0,0
3,山东,16,True,3200,0,0,0,0
3,山东,17,True,3200,0,0,0,0
3,山东,18,True,3200,0,0,0,0
3,山东,19,True,3200,0,0,0,0
3,山东,20,True,3200,0,0,0,0
3,山东,21,True,3200,0,0,0,0
3,山东,22,True,3200,0,0,0,0
3,山东,23,True,3200,0,0,0,0
3,山东,24,True,3200,1,0,0,0
3,山东,25,True,3200,0,0,0,0
3,山东,26,True,3200,2,0,0,0
3,山东,27,True,3200,4,1,0,1
3,山东,28,True,3200,4,1,0,1
3,山东,29,True,3200,0,0,0,0
3,山东,30,True,3200,1,1,1,0
3,山东,31,True,3200,14,1,1,0
3,山东,32,True,3200,0,0,0,0
3,山东,33,True,3200,6,0,0,0
3,山东,34,True,3200,52,12,12,0
3,山东,35,True,3200,12,3,3,0
3,山东,36,True,3200,0,0,0,0
3,山东,37,True,3200,0,0,0,0
3,山东,38,True,3200,0,0,0,0
3,山东,39,True,3200,0,0,0,0
3,山东,40,True,3200,0,0,0,0
3,山东,41,True,3200,0,0,0,0
3,山东,42,True,3200,0,0,0,0
3,山东,43,True,3200,0,0,0,0
3,山东,44,True,3200,0,0,0,0
3,山东,45,True,3200,2,1,0,1
3,山东,46,True,3200,0,0,0,0
3,山东,47,True,3200,5,3,0,3
3,山东,48,True,3200,7,3,0,3
3,山东,49,True,3200,0,0,0,0
3,山东,50,True,3200,0,0,0,0
3,山东,51,True,3200,0,0,0,0
3,山东,52,True,3200,0,0,0,0
3,山东,53,True,3200,0,0,0,0
3,山东,54,True,3200,3,0,0,0
3,山东,55,True,3200,0,0,0,0
3,山东,56,True,3200,0,0,0,0
3,山东,57,True,3200,0,0,0,0
3,山东,58,True,3200,17,0,0,0
3,山东,59,True,3200,48,10,10,0
3,山东,60,True,3200,12,3,3,0
3,山东,61,True,3200,1,0,0,0
3,山东,62,True,3200,0,0,0,0
3,山东,63,True,3200,16,7,0,7
3,山东,64,True,3200,3,0,0,0
3,山东,65,True,3200,3,1,0,1
3,山东,66,True,3200,0,0,0,0
3,山东,67,True,3200,4,1,1,0
3,山东,68,True,3200,2,0,0,0
3,山东,69,True,3200,4,1,1,0
3,山东,70,True,3200,2,1,0,1
3,山东,71,True,3200,0,0,0,0
3,山东,72,True,3200,2,0,0,0
3,山东,73,True,3200,0,0,0,0
3,山东,74,True,3200,2,1,1,0
3,山东,75,True,3200,2,1,0,1
3,山东,76,True,3200,0,0,0,0
3,山东,77,True,3200,9,0,0,0
3,山东,78,True,3200,13,1,1,0
3,山东,79,True,3200,16,0,0,0
3,山东,80,True,3200,6,3,0,3
3,山东,81,True,3200,0,0,0,0
3,山东,82,True,3200,0,0,0,0
3,山东,83,True,3200,0,0,0,0
3,山东,84,True,3200,0,0,0,0
3,山东,85,True,3200,0,0,0,0
3,山东,86,True,3200,0,0,0,0
3,山东,87,True,3200,0,0,0,0
3,山东,88,True,3200,0,0,0,0
3,山东,89,True,3200,0,0,0,0
3,山东,90,True,3200,1,0,0,0
3,山东,91,True,3200,10,3,3,0
3,山东,92,True,3200,3,2,0,2
3,山东,93,True,3200,3,0,0,0
3,山东,94,True,3200,2,0,0,0
3,山东,95,True,3200,2,0,0,0
3,山东,96,True,3200,2,1,0,1
3,山东,97,True,3200,0,0,0,0
3,山东,98,True,3200,0,0,0,0
3,山东,99,True,3200,0,0,0,0
3,山东,100,True,3200,1,1,1,0
3,河南,1,True,3200,0,0,0,0
3,河南,2,True,3200,0,0,0,0
3,河南,3,True,3200,0,0,0,0
3,河南,4,True,3200,0,0,0,0
3,河南,5,True,3200,0,0,0,0
3,河南,6,True,3200,0,0,0,0
3,河南,7,True,3200,0,0,0,0
3,河南,8,True,3200,3,0,0,0
3,河南,9,True,3200,6,1,1,0
3,河南,10,True,3200,2,0,0,0
3,河南,11,True,3200,7,2,2,0
3,河南,12,True,3200,0,0,0,0
3,河南,13,True,3200,5,2,0,2
3,河南,14,True,3200,6,1,0,1
3,河南,15,True,3200,2,1,0,1
3,河南,16,True,3200,4,0,0,0
3,河南,17,True,3200,10,2,1,1
3,河南,18,True,3200,9,2,1,1
3,河南,19,True,3200,0,0,0,0
3,河南,20,True,3200,3,1,0,1
3,河南,21,True,3200,0,0,0,0
3,河南,22,True,3200,2,0,0,0
3,河南,23,True,3200,4,2,1,1
3,河南,24,True,3200,0,0,0,0
3,河南,25,True,3200,0,0,0,0
3,河南,26,True,3200,0,0,0,0
3,河南,27,True,3200,0,0,0,0
3,河南,28,True,3200,0,0,0,0
3,河南,29,True,3200,0,0,0,0
3,河南,30,True,3200,0,0,0,0
3,河南,31,True,3200,0,0,0,0
3,河南,32,True,3200,0,0,0,0
3,河南,33,True,3200,0,0,0,0
3,河南,34,True,3200,1,0,0,0
3,河南,35,True,3200,0,0,0,0
3,河南,36,True,3200,0,0,0,0
3,河南,37,True,3200,0,0,0,0
3,河南,38,True,3200,5,2,1,1
3,河南,39,True,3200,2,0,0,0
3,河南,40,True,3200,0,0,0,0
3,河南,41,True,3200,0,0,0,0
3,河南,42,True,3200,0,0,0,0
3,河南,43,True,3200,0,0,0,0
3,河南,44,True,3200,4,1,1,0
3,河南,45,True,3200,0,0,0,0
3,河南,46,True,3200,0,0,0,0
3,河南,47,True,3200,2,0,0,0
3,河南,48,True,3200,0,0,0,0
3,河南,49,True,3200,4,2,1,1
3,河南,50,True,3200,10,1,1,0
3,河南,51,True,3200,0,0,0,0
3,河南,52,True,3200,0,0,0,0
3,河南,53,True,3200,1,0,0,0
3,河南,54,True,3200,2,0,0,0
3,河南,55,True,3200,0,0,0,0
3,河南,56,True,3200,0,0,0,0
3,河南,57,True,3200,0,0,0,0
3,河南,58,True,3200,0,0,0,0
3,河南,59,True,3200,0,0,0,0
3,河南,60,True,3200,0,0,0,0
3,河南,61,True,3200,2,1,0,1
3,河南,62,True,3200,2,0,0,0
3,河南,63,True,3200,6,2,2,0
3,河南,64,True,3200,18,1,1,0
3,河南,65,True,3200,52,4,4,0
3,河南,66,True,3200,10,1,1,0
3,河南,67,True,3200,0,0,0,0
3,河南,68,True,3200,4,1,1,0
3,河南,69,True,3200,2,0,0,0
3,河南,70,True,3200,0,0,0,0
3,河南,71,True,3200,0,0,0,0
3,河南,72,True,3200,0,0,0,0
3,河南,73,True,3200,2,0,0,0
3,河南,74,True,3200,0,0,0,0
3,河南,75,True,3200,0,0,0,0
3,河南,76,True,3200,17,4,4,0
3,河南,77,True,3200,0,0,0,0
3,河南,78,True,3200,0,0,0,0
3,河南,79,True,3200,0,0,0,0
3,河南,80,True,3200,0,0,0,0
3,河南,81,True,3200,0,0,0,0
3,河南,82,True,3200,0,0,0,0
3,河南,83,True,3200,0,0,0,0
3,河南,84,True,3200,0,0,0,0
3,河南,85,True,3200,0,0,0,0
3,河南,86,True,3200,4,1,1,0
3,河南,87,True,3200,2,0,0,0
3,河南,88,True,3200,4,1,1,0
3,河南,89,True,3200,5,0,0,0
3,河南,90,True,3200,4,1,0,1
3,河南,91,True,3200,2,0,0,0
3,河南,92,True,3200,8,2,0,2
3,河南,93,True,3200,0,0,0,0
3,河南,94,True,3200,0,0,0,0
3,河南,95,True,3200,0,0,0,0
3,河南,96,True,3200,2,0,0,0
3,河南,97,True,3200,4,2,2,0
3,河南,98,True,3200,9,4,3,1
3,河南,99,True,3200,2,1,1,0
3,河南,100,True,3200,1,0,0,0
3,湖北,1,True,3200,0,0,0,0
3,湖北,2,True,3200,0,0,0,0
3,湖北,3,True,3200,0,0,0,0
3,湖北,4,True,3200,0,0,0,0
3,湖北,5,True,3200,0,0,0,0
3,湖北,6,True,3200,0,0,0,0
3,湖北,7,True,3200,0,0,0,0
3,湖北,8,True,3200,0,0,0,0
3,湖北,9,True,3200,0,0,0,0
3,湖北,10,True,3200,0,0,0,0
3,湖北,11,True,3200,0,0,0,0
3,湖北,12,True,3200,0,0,0,0
3,湖北,13,True,3200,0,0,0,0
3,湖北,14,True,3200,3,0,0,0
3,湖北,15,True,3200,2,1,0,1
3,湖北,16,True,3200,2,0,0,0
3,湖北,17,True,3200,0,0,0,0
3,湖北,18,True,3200,0,0,0,0
3,湖北,19,True,3200,0,0,0,0
3,湖北,20,True,3200,0,0,0,0
3,湖北,21,True,3200,0,0,0,0
3,湖北,22,True,3200,0,0,0,0
3,湖北,23,True,3200,0,0,0,0
3,湖北,24,True,3200,0,0,0,0
3,湖北,25,True,3200,0,0,0,0
3,湖北,26,True,3200,0,0,0,0
3,湖北,27,True,3200,0,0,0,0
3,湖北,28,True,3200,0,0,0,0
3,湖北,29,True,3200,0,0,0,0
3,湖北,30,True,3200,0,0,0,0
3,湖北,31,True,3200,5,1,1,0
3,湖北,32,True,3200,1,0,0,0
3,湖北,33,True,3200,1,0,0,0
3,湖北,34,True,3200,0,0,0,0
3,湖北,35,True,3200,0,0,0,0
3,湖北,36,True,3200,0,0,0,0
3,湖北,37,True,3200,2,1,1,0
3,湖北,38,True,3200,0,0,0,0
3,湖北,39,True,3200,0,0,0,0
3,湖北,40,True,3200,0,0,0,0
3,湖北,41,True,3200,0,0,0,0
3,湖北,42,True,3200,0,0,0,0
3,湖北,43,True,3200,0,0,0,0
3,湖北,44,True,3200,0,0,0,0
3,湖北,45,True,3200,1,0,0,0
3,湖北,46,True,3200,7,0,0,0
3,湖北,47,True,3200,0,0,0,0
3,湖北,48,True,3200,0,0,0,0
3,湖北,49,True,3200,4,3,2,1
3,湖北,50,True,3200,1,1,0,1
3,湖北,51,True,3200,0,0,0,0
3,湖北,52,True,3200,0,0,0,0
3,湖北,53,True,3200,0,0,0,0
3,湖北,54,True,3200,2,0,0,0
3,湖北,55,True,3200,0,0,0,0
3,湖北,56,True,3200,0,0,0,0
3,湖北,57,True,3200,2,1,1,0
3,湖北,58,True,3200,4,2,2,0
3,湖北,59,True,3200,0,0,0,0
3,湖北,60,True,3200,0,0,0,0
3,湖北,61,True,3200,2,0,0,0
3,湖北,62,True,3200,4,2,2,0
3,湖北,63,True,3200,0,0,0,0
3,湖北,64,True,3200,2,0,0,0
3,湖北,65,True,3200,4,0,0,0
3,湖北,66,True,3200,0,0,0,0
3,湖北,67,True,3200,0,0,0,0
3,湖北,68,True,3200,0,0,0,0
3,湖北,69,True,3200,0,0,0,0
3,湖北,70,True,3200,0,0,0,0
3,湖北,71,True,3200,0,0,0,0
3,湖北,72,True,3200,0,0,0,0
3,湖北,73,True,3200,0,0,0,0
3,湖北,74,True,3200,0,0,0,0
3,湖北,75,True,3200,0,0,0,0
3,湖北,76,True,3200,0,0,0,0
3,湖北,77,True,3200,0,0,0,0
3,湖北,78,True,3200,0,0,0,0
3,湖北,79,True,3200,0,0,0,0
3,湖北,80,True,3200,0,0,0,0
3,湖北,81,True,3200,2,0,0,0
3,湖北,82,True,3200,0,0,0,0
3,湖北,83,True,3200,0,0,0,0
3,湖北,84,True,3200,0,0,0,0
3,湖北,85,True,3200,0,0,0,0
3,湖北,86,True,3200,0,0,0,0
3,湖北,87,True,3200,0,0,0,0
3,湖北,88,True,3200,0,0,0,0
3,湖北,89,True,3200,0,0,0,0
3,湖北,90,True,3200,0,0,0,0
3,湖北,91,True,3200,0,0,0,0
3,湖北,92,True,3200,0,0,0,0
3,湖北,93,True,3200,0,0,0,0
3,湖北,94,True,3200,0,0,0,0
3,湖北,95,True,3200,0,0,0,0
3,湖北,96,True,3200,0,0,0,0
3,湖北,97,True,3200,0,0,0,0
3,湖北,98,True,3200,0,0,0,0
3,湖北,99,True,3200,0,0,0,0
3,湖北,100,True,3200,0,0,0,0
3,湖南,1,True,3200,0,0,0,0
3,湖南,2,True,3200,0,0,0,0
3,湖南,3,True,3200,0,0,0,0
3,湖南,4,True,3200,0,0,0,0
3,湖南,5,True,3200,0,0,0,0
3,湖南,6,True,3200,0,0,0,0
3,湖南,7,True,3200,0,0,0,0
3,湖南,8,True,3200,0,0,0,0
3,湖南,9,True,3200,0,0,0,0
3,湖南,10,True,3200,0,0,0,0
3,湖南,11,True,3200,0,0,0,0
3,湖南,12,True,3200,0,0,0,0
3,湖南,13,True,3200,0,0,0,0
3,湖南,14,True,3200,0,0,0,0
3,湖南,15,True,3200,2,0,0,0
3,湖南,16,True,3200,2,1,1,0
3,湖南,17,True,3200,0,0,0,0
3,湖南,18,True,3200,2,1,1,0
3,湖南,19,True,3200,5,1,1,0
3,湖南,20,True,3200,2,0,0,0
3,湖南,21,True,3200,0,0,0,0
3,湖南,22,True,3200,12,3,3,0
3,湖南,23,True,3200,4,1,1,0
3,湖南,24,True,3200,0,0,0,0
3,湖南,25,True,3200,0,0,0,0
3,湖南,26,True,3200,4,2,2,0
3,湖南,27,True,3200,4,2,2,0
3,湖南,28,True,3200,0,0,0,0
3,湖南,29,True,3200,0,0,0,0
3,湖南,30,True,3200,0,0,0,0
3,湖南,31,True,3200,0,0,0,0
3,湖南,32,True,3200,0,0,0,0
3,湖南,33,True,3200,13,5,4,1
3,湖南,34,True,3200,3,0,0,0
3,湖南,35,True,3200,3,1,1,0
3,湖南,36,True,3200,0,0,0,0
3,湖南,37,True,3200,0,0,0,0
3,湖南,38,True,3200,0,0,0,0
3,湖南,39,True,3200,0,0,0,0
3,湖南,40,True,3200,0,0,0,0
3,湖南,41,True,3200,0,0,0,0
3,湖南,42,True,3200,0,0,0,0
3,湖南,43,True,3200,0,0,0,0
3,湖南,44,True,3200,0,0,0,0
3,湖南,45,True,3200,0,0,0,0
3,湖南,46,True,3200,0,0,0,0
3,湖南,47,True,3200,0,0,0,0
3,湖南,48,True,3200,1,0,0,0
3,湖南,49,True,3200,4,1,1,0
3,湖南,50,True,3200,1,1,1,0
3,湖南,51,True,3200,0,0,0,0
3,湖南,52,True,3200,0,0,0,0
3,湖南,53,True,3200,0,0,0,0
3,湖南,54,True,3200,2,0,0,0
3,湖南,55,True,3200,0,0,0,0
3,湖南,56,True,3200,0,0,0,0
3,湖南,57,True,3200,0,0,0,0
3,湖南,58,True,3200,0,0,0,0
3,湖南,59,True,3200,0,0,0,0
3,湖南,60,True,3200,0,0,0,0
3,湖南,61,True,3200,0,0,0,0
3,湖南,62,True,3200,0,0,0,0
3,湖南,63,True,3200,0,0,0,0
3,湖南,64,True,3200,0,0,0,0
3,湖南,65,True,3200,0,0,0,0
3,湖南,66,True,3200,0,0,0,0
3,湖南,67,True,3200,0,0,0,0
3,湖南,68,True,3200,0,0,0,0
3,湖南,69,True,3200,0,0,0,0
3,湖南,70,True,3200,0,0,0,0
3,湖南,71,True,3200,0,0,0,0
3,湖南,72,True,3200,0,0,0,0
3,湖南,73,True,3200,0,0,0,0
3,湖南,74,True,3200,0,0,0,0
3,湖南,75,True,3200,0,0,0,0
3,湖南,76,True,3200,0,0,0,0
3,湖南,77,True,3200,0,0,0,0
3,湖南,78,True,3200,0,0,0,0
3,湖南,79,True,3200,0,0,0,0
3,湖南,80,True,3200,0,0,0,0
3,湖南,81,True,3200,0,0,0,0
3,湖南,82,True,3200,0,0,0,0
3,湖南,83,True,3200,0,0,0,0
3,湖南,84,True,3200,0,0,0,0
3,湖南,85,True,3200,0,0,0,0
3,湖南,86,True,3200,0,0,0,0
3,湖南,87,True,3200,0,0,0,0
3,湖南,88,True,3200,0,0,0,0
3,湖南,89,True,3200,0,0,0,0
3,湖南,90,True,3200,0,0,0,0
3,湖南,91,True,3200,0,0,0,0
3,湖南,92,True,3200,0,0,0,0
3,湖南,93,True,3200,0,0,0,0
3,湖南,94,True,3200,0,0,0,0
3,湖南,95,True,3200,0,0,0,0
3,湖南,96,True,3200,0,0,0,0
3,湖南,97,True,3200,0,0,0,0
3,湖南,98,True,3200,0,0,0,0
3,湖南,99,True,3200,0,0,0,0
3,湖南,100,True,3200,0,0,0,0
3,广东,1,True,3200,0,0,0,0
3,广东,2,True,3200,0,0,0,0
3,广东,3,True,3200,0,0,0,0
3,广东,4,True,3200,0,0,0,0
3,广东,5,True,3200,0,0,0,0
3,广东,6,True,3200,0,0,0,0
3,广东,7,True,3200,6,2,2,0
3,广东,8,True,3200,2,0,0,0
3,广东,9,True,3200,0,0,0,0
3,广东,10,True,3200,3,0,0,0
3,广东,11,True,3200,0,0,0,0
3,广东,12,True,3200,0,0,0,0
3,广东,13,True,3200,0,0,0,0
3,广东,14,True,3200,0,0,0,0
3,广东,15,True,3200,0,0,0,0
3,广东,16,True,3200,0,0,0,0
3,广东,17,True,3200,0,0,0,0
3,广东,18,True,3200,0,0,0,0
3,广东,19,True,3200,0,0,0,0
3,广东,20,True,3200,0,0,0,0
3,广东,21,True,3200,2,0,0,0
3,广东,22,True,3200,4,0,0,0
3,广东,23,True,3200,22,4,2,2
3,广东,24,True,3200,8,4,2,2
3,广东,25,True,3200,6,1,1,0
3,广东,26,True,3200,0,0,0,0
3,广东,27,True,3200,4,1,1,0
3,广东,28,True,3200,0,0,0,0
3,广东,29,True,3200,4,1,1,0
3,广东,30,True,3200,0,0,0,0
3,广东,31,True,3200,0,0,0,0
3,广东,32,True,3200,3,1,1,0
3,广东,33,True,3200,14,1,1,0
3,广东,34,True,3200,15,7,7,0
3,广东,35,True,3200,0,0,0,0
3,广东,36,True,3200,0,0,0,0
3,广东,37,True,3200,0,0,0,0
3,广东,38,True,3200,0,0,0,0
3,广东,39,True,3200,1,0,0,0
3,广东,40,True,3200,0,0,0,0
3,广东,41,True,3200,0,0,0,0
3,广东,42,True,3200,0,0,0,0
3,广东,43,True,3200,0,0,0,0
3,广东,44,True,3200,0,0,0,0
3,广东,45,True,3200,0,0,0,0
3,广东,46,True,3200,0,0,0,0
3,广东,47,True,3200,0,0,0,0
3,广东,48,True,3200,0,0,0,0
3,广东,49,True,3200,0,0,0,0
3,广东,50,True,3200,0,0,0,0
3,广东,51,True,3200,0,0,0,0
3,广东,52,True,3200,0,0,0,0
3,广东,53,True,3200,0,0,0,0
3,广东,54,True,3200,6,1,1,0
3,广东,55,True,3200,3,2,1,1
3,广东,56,True,3200,2,1,0,1
3,广东,57,True,3200,0,0,0,0
3,广东,58,True,3200,0,0,0,0
3,广东,59,True,3200,0,0,0,0
3,广东,60,True,3200,0,0,0,0
3,广东,61,True,3200,0,0,0,0
3,广东,62,True,3200,0,0,0,0
3,广东,63,True,3200,0,0,0,0
3,广东,64,True,3200,2,1,1,0
3,广东,65,True,3200,2,0,0,0
3,广东,66,True,3200,0,0,0,0
3,广东,67,True,3200,2,1,0,1
3,广东,68,True,3200,0,0,0,0
3,广东,69,True,3200,0,0,0,0
3,广东,70,True,3200,15,2,1,1
3,广东,71,True,3200,2,0,0,0
3,广东,72,True,3200,40,3,3,0
3,广东,73,True,3200,6,1,1,0
3,广东,74,True,3200,0,0,0,0
3,广东,75,True,3200,2,1,0,1
3,广东,76,True,3200,0,0,0,0
3,广东,77,True,3200,0,0,0,0
3,广东,78,True,3200,0,0,0,0
3,广东,79,True,3200,0,0,0,0
3,广东,80,True,3200,0,0,0,0
3,广东,81,True,3200,0,0,0,0
3,广东,82,True,3200,0,0,0,0
3,广东,83,True,3200,0,0,0,0
3,广东,84,True,3200,0,0,0,0
3,广东,85,True,3200,4,0,0,0
3,广东,86,True,3200,12,3,3,0
3,广东,87,True,3200,0,0,0,0
3,广东,88,True,3200,2,0,0,0
3,广东,89,True,3200,3,1,0,1
3,广东,90,True,3200,0,0,0,0
3,广东,91,True,3200,2,1,1,0
3,广东,92,True,3200,0,0,0,0
3,广东,93,True,3200,0,0,0,0
3,广东,94,True,3200,0,0,0,0
3,广东,95,True,3200,8,3,2,1
3,广东,96,True,3200,2,1,1,0
3,广东,97,True,3200,0,0,0,0
3,广东,98,True,3200,0,0,0,0
3,广东,99,True,3200,0,0,0,0
3,广东,100,True,3200,0,0,0,0
3,广西,1,True,3200,0,0,0,0
3,广西,2,True,3200,0,0,0,0
3,广西,3,True,3200,0,0,0,0
3,广西,4,True,3200,0,0,0,0
3,广西,5,True,3200,0,0,0,0
3,广西,6,True,3200,0,0,0,0
3,广西,7,True,3200,0,0,0,0
3,广西,8,True,3200,0,0,0,0
3,广西,9,True,3200,0,0,0,0
3,广西,10,True,3200,0,0,0,0
3,广西,11,True,3200,0,0,0,0
3,广西,12,True,3200,2,1,1,0
3,广西,13,True,3200,2,1,1,0
3,广西,14,True,3200,0,0,0,0
3,广西,15,True,3200,0,0,0,0
3,广西,16,True,3200,1,0,0,0
3,广西,17,True,3200,6,1,1,0
3,广西,18,True,3200,0,0,0,0
3,广西,19,True,3200,0,0,0,0
3,广西,20,True,3200,0,0,0,0
3,广西,21,True,3200,0,0,0,0
3,广西,22,True,3200,1,0,0,0
3,广西,23,True,3200,2,0,0,0
3,广西,24,True,3200,2,0,0,0
3,广西,25,True,3200,0,0,0,0
3,广西,26,True,3200,0,0,0,0
3,广西,27,True,3200,2,0,0,0
3,广西,28,True,3200,2,1,0,1
3,广西,29,True,3200,0,0,0,0
3,广西,30,True,3200,0,0,0,0
3,广西,31,True,3200,0,0,0,0
3,广西,32,True,3200,0,0,0,0
3,广西,33,True,3200,0,0,0,0
3,广西,34,True,3200,0,0,0,0
3,广西,35,True,3200,0,0,0,0
3,广西,36,True,3200,0,0,0,0
3,广西,37,True,3200,0,0,0,0
3,广西,38,True,3200,0,0,0,0
3,广西,39,True,3200,0,0,0,0
3,广西,40,True,3200,0,0,0,0
3,广西,41,True,3200,0,0,0,0
3,广西,42,True,3200,0,0,0,0
3,广西,43,True,3200,0,0,0,0
3,广西,44,True,3200,4,1,1,0
3,广西,45,True,3200,0,0,0,0
3,广西,46,True,3200,0,0,0,0
3,广西,47,True,3200,3,1,1,0
3,广西,48,True,3200,1,0,0,0
3,广西,49,True,3200,0,0,0,0
3,广西,50,True,3200,2,1,0,1
3,广西,51,True,3200,0,0,0,0
3,广西,52,True,3200,0,0,0,0
3,广西,53,True,3200,0,0,0,0
3,广西,54,True,3200,0,0,0,0
3,广西,55,True,3200,0,0,0,0
3,广西,56,True,3200,0,0,0,0
3,广西,57,True,3200,0,0,0,0
3,广西,58,True,3200,0,0,0,0
3,广西,59,True,3200,0,0,0,0
3,广西,60,True,3200,0,0,0,0
3,广西,61,True,3200,1,0,0,0
3,广西,62,True,3200,0,0,0,0
3,广西,63,True,3200,1,0,0,0
3,广西,64,True,3200,0,0,0,0
3,广西,65,True,3200,4,1,1,0
3,广西,66,True,3200,0,0,0,0
3,广西,67,True,3200,0,0,0,0
3,广西,68,True,3200,0,0,0,0
3,广西,69,True,3200,0,0,0,0
3,广西,70,True,3200,0,0,0,0
3,广西,71,True,3200,0,0,0,0
3,广西,72,True,3200,3,1,0,1
3,广西,73,True,3200,0,0,0,0
3,广西,74,True,3200,0,0,0,0
3,广西,75,True,3200,0,0,0,0
3,广西,76,True,3200,0,0,0,0
3,广西,77,True,3200,2,1,0,1
3,广西,78,True,3200,0,0,0,0
3,广西,79,True,3200,0,0,0,0
3,广西,80,True,3200,0,0,0,0
3,广西,81,True,3200,0,0,0,0
3,广西,82,True,3200,0,0,0,0
3,广西,83,True,3200,0,0,0,0
3,广西,84,True,3200,0,0,0,0
3,广西,85,True,3200,0,0,0,0
3,广西,86,True,3200,0,0,0,0
3,广西,87,True,3200,0,0,0,0
3,广西,88,True,3200,0,0,0,0
3,广西,89,True,3200,0,0,0,0
3,广西,90,True,3200,0,0,0,0
3,广西,91,True,3200,0,0,0,0
3,广西,92,True,3200,1,0,0,0
3,广西,93,True,3200,0,0,0,0
3,广西,94,True,3200,0,0,0,0
3,广西,95,True,3200,0,0,0,0
3,广西,96,True,3200,0,0,0,0
3,广西,97,True,3200,0,0,0,0
3,广西,98,True,3200,0,0,0,0
3,广西,99,True,3200,0,0,0,0
3,广西,100,True,3200,0,0,0,0
3,海南,1,True,3200,0,0,0,0
3,海南,2,True,3200,0,0,0,0
3,海南,3,True,3200,0,0,0,0
3,海南,4,True,3200,0,0,0,0
3,海南,5,True,3200,0,0,0,0
3,海南,6,True,3200,0,0,0,0
3,海南,7,True,3200,10,2,2,0
3,海南,8,True,3200,2,1,0,1
3,海南,9,True,3200,3,1,0,1
3,海南,10,True,3200,0,0,0,0
3,海南,11,True,3200,0,0,0,0
3,海南,12,True,3200,1,0,0,0
3,海南,13,True,3200,2,0,0,0
3,海南,14,True,3200,1,0,0,0
3,海南,15,True,3200,1,1,0,1
3,海南,16,True,3200,0,0,0,0
3,海南,17,True,3200,2,0,0,0
3,海南,18,True,3200,0,0,0,0
3,海南,19,True,3200,2,0,0,0
3,海南,20,True,3200,0,0,0,0
3,海南,21,True,3200,4,1,1,0
3,海南,22,True,3200,10,1,1,0
3,海南,23,True,3200,1,0,0,0
3,海南,24,True,3200,0,0,0,0
3,海南,25,True,3200,4,0,0,0
3,海南,26,True,3200,0,0,0,0
3,海南,27,True,3200,0,0,0,0
3,海南,28,True,3200,2,1,1,0
3,海南,29,True,3200,4,1,1,0
3,海南,30,True,3200,0,0,0,0
3,海南,31,True,3200,0,0,0,0
3,海南,32,True,3200,0,0,0,0
3,海南,33,True,3200,0,0,0,0
3,海南,34,True,3200,0,0,0,0
3,海南,35,True,3200,0,0,0,0
3,海南,36,True,3200,0,0,0,0
3,海南,37,True,3200,0,0,0,0
3,海南,38,True,3200,0,0,0,0
3,海南,39,True,3200,0,0,0,0
3,海南,40,True,3200,0,0,0,0
3,海南,41,True,3200,0,0,0,0
3,海南,42,True,3200,0,0,0,0
3,海南,43,True,3200,0,0,0,0
3,海南,44,True,3200,4,1,0,1
3,海南,45,True,3200,0,0,0,0
3,海南,46,True,3200,0,0,0,0
3,海南,47,True,3200,4,1,1,0
3,海南,48,True,3200,4,2,2,0
3,海南,49,True,3200,3,1,1,0
3,海南,50,True,3200,4,0,0,0
3,海南,51,True,3200,5,2,0,2
3,海南,52,True,3200,6,3,1,2
3,海南,53,True,3200,0,0,0,0
3,海南,54,True,3200,4,0,0,0
3,海南,55,True,3200,5,1,1,0
3,海南,56,True,3200,2,0,0,0
3,海南,57,True,3200,8,0,0,0
3,海南,58,True,3200,4,1,1,0
3,海南,59,True,3200,3,0,0,0
3,海南,60,True,3200,0,0,0,0
3,海南,61,True,3200,0,0,0,0
3,海南,62,True,3200,8,3,3,0
3,海南,63,True,3200,0,0,0,0
3,海南,64,True,3200,0,0,0,0
3,海南,65,True,3200,16,3,3,0
3,海南,66,True,3200,0,0,0,0
3,海南,67,True,3200,2,0,0,0
3,海南,68,True,3200,2,0,0,0
3,海南,69,True,3200,0,0,0,0
3,海南,70,True,3200,0,0,0,0
3,海南,71,True,3200,0,0,0,0
3,海南,72,True,3200,0,0,0,0
3,海南,73,True,3200,0,0,0,0
3,海南,74,True,3200,0,0,0,0
3,海南,75,True,3200,0,0,0,0
3,海南,76,True,3200,0,0,0,0
3,海南,77,True,3200,0,0,0,0
3,海南,78,True,3200,2,1,1,0
3,海南,79,True,3200,0,0,0,0
3,海南,80,True,3200,0,0,0,0
3,海南,81,True,3200,0,0,0,0
3,海南,82,True,3200,0,0,0,0
3,海南,83,True,3200,0,0,0,0
3,海南,84,True,3200,0,0,0,0
3,海南,85,True,3200,0,0,0,0
3,海南,86,True,3200,0,0,0,0
3,海南,87,True,3200,0,0,0,0
3,海南,88,True,3200,0,0,0,0
3,海南,89,True,3200,0,0,0,0
3,海南,90,True,3200,0,0,0,0
3,海南,91,True,3200,0,0,0,0
3,海南,92,True,3200,0,0,0,0
3,海南,93,True,3200,0,0,0,0
3,海南,94,True,3200,0,0,0,0
3,海南,95,True,3200,0,0,0,0
3,海南,96,True,3200,0,0,0,0
3,海南,97,True,3200,0,0,0,0
3,海南,98,True,3200,0,0,0,0
3,海南,99,True,3200,0,0,0,0
3,海南,100,True,3200,0,0,0,0
3,重庆,1,True,3200,0,0,0,0
3,重庆,2,True,3200,0,0,0,0
3,重庆,3,True,3200,0,0,0,0
3,重庆,4,True,3200,0,0,0,0
3,重庆,5,True,3200,0,0,0,0
3,重庆,6,True,3200,0,0,0,0
3,重庆,7,True,3200,4,0,0,0
3,重庆,8,True,3200,0,0,0,0
3,重庆,9,True,3200,6,2,2,0
3,重庆,10,True,3200,4,1,1,0
3,重庆,11,True,3200,4,1,1,0
3,重庆,12,True,3200,0,0,0,0
3,重庆,13,True,3200,0,0,0,0
3,重庆,14,True,3200,0,0,0,0
3,重庆,15,True,3200,0,0,0,0
3,重庆,16,True,3200,0,0,0,0
3,重庆,17,True,3200,0,0,0,0
3,重庆,18,True,3200,0,0,0,0
3,重庆,19,True,3200,0,0,0,0
3,重庆,20,True,3200,0,0,0,0
3,重庆,21,True,3200,0,0,0,0
3,重庆,22,True,3200,0,0,0,0
3,重庆,23,True,3200,0,0,0,0
3,重庆,24,True,3200,0,0,0,0
3,重庆,25,True,3200,0,0,0,0
3,重庆,26,True,3200,0,0,0,0
3,重庆,27,True,3200,0,0,0,0
3,重庆,28,True,3200,0,0,0,0
3,重庆,29,True,3200,0,0,0,0
3,重庆,30,True,3200,0,0,0,0
3,重庆,31,True,3200,0,0,0,0
3,重庆,32,True,3200,0,0,0,0
3,重庆,33,True,3200,0,0,0,0
3,重庆,34,True,3200,0,0,0,0
3,重庆,35,True,3200,0,0,0,0
3,重庆,36,True,3200,0,0,0,0
3,重庆,37,True,3200,0,0,0,0
3,重庆,38,True,3200,0,0,0,0
3,重庆,39,True,3200,0,0,0,0
3,重庆,40,True,3200,0,0,0,0
3,重庆,41,True,3200,0,0,0,0
3,重庆,42,True,3200,0,0,0,0
3,重庆,43,True,3200,0,0,0,0
3,重庆,44,True,3200,0,0,0,0
3,重庆,45,True,3200,0,0,0,0
3,重庆,46,True,3200,0,0,0,0
3,重庆,47,True,3200,0,0,0,0
3,重庆,48,True,3200,0,0,0,0
3,重庆,49,True,3200,0,0,0,0
3,重庆,50,True,3200,0,0,0,0
3,重庆,51,True,3200,0,0,0,0
3,重庆,52,True,3200,0,0,0,0
3,重庆,53,True,3200,0,0,0,0
3,重庆,54,True,3200,0,0,0,0
3,重庆,55,True,3200,0,0,0,0
3,重庆,56,True,3200,0,0,0,0
3,重庆,57,True,3200,0,0,0,0
3,重庆,58,True,3200,0,0,0,0
3,重庆,59,True,3200,0,0,0,0
3,重庆,60,True,3200,0,0,0,0
3,重庆,61,True,3200,0,0,0,0
3,重庆,62,True,3200,0,0,0,0
3,重庆,63,True,3200,0,0,0,0
3,重庆,64,True,3200,0,0,0,0
3,重庆,65,True,3200,0,0,0,0
3,重庆,66,True,3200,0,0,0,0
3,重庆,67,True,3200,0,0,0,0
3,重庆,68,True,3200,0,0,0,0
3,重庆,69,True,3200,0,0,0,0
3,重庆,70,True,3200,0,0,0,0
3,重庆,71,True,3200,0,0,0,0
3,重庆,72,True,3200,0,0,0,0
3,重庆,73,True,3200,0,0,0,0
3,重庆,74,True,3200,0,0,0,0
3,重庆,75,True,3200,0,0,0,0
3,重庆,76,True,3200,0,0,0,0
3,重庆,77,True,3200,0,0,0,0
3,重庆,78,True,3200,0,0,0,0
3,重庆,79,True,3200,0,0,0,0
3,重庆,80,True,3200,0,0,0,0
3,重庆,81,True,3200,0,0,0,0
3,重庆,82,True,3200,0,0,0,0
3,重庆,83,True,3200,0,0,0,0
3,重庆,84,True,3200,0,0,0,0
3,重庆,85,True,3200,0,0,0,0
3,重庆,86,True,3200,0,0,0,0
3,重庆,87,True,3200,0,0,0,0
3,重庆,88,True,3200,0,0,0,0
3,重庆,89,True,3200,0,0,0,0
3,重庆,90,True,3200,0,0,0,0
3,重庆,91,True,3200,0,0,0,0
3,重庆,92,True,3200,0,0,0,0
3,重庆,93,True,3200,0,0,0,0
3,重庆,94,True,3200,0,0,0,0
3,重庆,95,True,3200,0,0,0,0
3,重庆,96,True,3200,0,0,0,0
3,重庆,97,True,3200,0,0,0,0
3,重庆,98,True,3200,0,0,0,0
3,重庆,99,True,3200,0,0,0,0
3,重庆,100,True,3200,0,0,0,0
3,四川,1,True,3200,0,0,0,0
3,四川,2,True,3200,0,0,0,0
3,四川,3,True,3200,0,0,0,0
3,四川,4,True,3200,0,0,0,0
3,四川,5,True,3200,0,0,0,0
3,四川,6,True,3200,4,1,1,0
3,四川,7,True,3200,0,0,0,0
3,四川,8,True,3200,0,0,0,0
3,四川,9,True,3200,0,0,0,0
3,四川,10,True,3200,0,0,0,0
3,四川,11,True,3200,0,0,0,0
3,四川,12,True,3200,0,0,0,0
3,四川,13,True,3200,3,1,1,0
3,四川,14,True,3200,0,0,0,0
3,四川,15,True,3200,2,2,0,2
3,四川,16,True,3200,1,1,0,1
3,四川,17,True,3200,0,0,0,0
3,四川,18,True,3200,0,0,0,0
3,四川,19,True,3200,4,1,1,0
3,四川,20,True,3200,0,0,0,0
3,四川,21,True,3200,0,0,0,0
3,四川,22,True,3200,4,1,1,0
3,四川,23,True,3200,0,0,0,0
3,四川,24,True,3200,4,0,0,0
3,四川,25,True,3200,0,0,0,0
3,四川,26,True,3200,0,0,0,0
3,四川,27,True,3200,2,1,1,0
3,四川,28,True,3200,0,0,0,0
3,四川,29,True,3200,0,0,0,0
3,四川,30,True,3200,0,0,0,0
3,四川,31,True,3200,4,0,0,0
3,四川,32,True,3200,0,0,0,0
3,四川,33,True,3200,0,0,0,0
3,四川,34,True,3200,2,0,0,0
3,四川,35,True,3200,4,2,1,1
3,四川,36,True,3200,4,0,0,0
3,四川,37,True,3200,2,0,0,0
3,四川,38,True,3200,0,0,0,0
3,四川,39,True,3200,0,0,0,0
3,四川,40,True,3200,0,0,0,0
3,四川,41,True,3200,0,0,0,0
3,四川,42,True,3200,0,0,0,0
3,四川,43,True,3200,0,0,0,0
3,四川,44,True,3200,1,0,0,0
3,四川,45,True,3200,3,0,0,0
3,四川,46,True,3200,6,1,1,0
3,四川,47,True,3200,0,0,0,0
3,四川,48,True,3200,0,0,0,0
3,四川,49,True,3200,0,0,0,0
3,四川,50,True,3200,0,0,0,0
3,四川,51,True,3200,0,0,0,0
3,四川,52,True,3200,0,0,0,0
3,四川,53,True,3200,0,0,0,0
3,四川,54,True,3200,1,0,0,0
3,四川,55,True,3200,0,0,0,0
3,四川,56,True,3200,0,0,0,0
3,四川,57,True,3200,0,0,0,0
3,四川,58,True,3200,2,0,0,0
3,四川,59,True,3200,0,0,0,0
3,四川,60,True,3200,0,0,0,0
3,四川,61,True,3200,0,0,0,0
3,四川,62,True,3200,0,0,0,0
3,四川,63,True,3200,0,0,0,0
3,四川,64,True,3200,0,0,0,0
3,四川,65,True,3200,0,0,0,0
3,四川,66,True,3200,0,0,0,0
3,四川,67,True,3200,0,0,0,0
3,四川,68,True,3200,0,0,0,0
3,四川,69,True,3200,0,0,0,0
3,四川,70,True,3200,0,0,0,0
3,四川,71,True,3200,0,0,0,0
3,四川,72,True,3200,0,0,0,0
3,四川,73,True,3200,0,0,0,0
3,四川,74,True,3200,0,0,0,0
3,四川,75,True,3200,0,0,0,0
3,四川,76,True,3200,0,0,0,0
3,四川,77,True,3200,0,0,0,0
3,四川,78,True,3200,0,0,0,0
3,四川,79,True,3200,0,0,0,0
3,四川,80,True,3200,1,0,0,0
3,四川,81,True,3200,0,0,0,0
3,四川,82,True,3200,0,0,0,0
3,四川,83,True,3200,2,1,0,1
3,四川,84,True,3200,0,0,0,0
3,四川,85,True,3200,0,0,0,0
3,四川,86,True,3200,0,0,0,0
3,四川,87,True,3200,0,0,0,0
3,四川,88,True,3200,0,0,0,0
3,四川,89,True,3200,0,0,0,0
3,四川,90,True,3200,0,0,0,0
3,四川,91,True,3200,0,0,0,0
3,四川,92,True,3200,0,0,0,0
3,四川,93,True,3200,3,0,0,0
3,四川,94,True,3200,0,0,0,0
3,四川,95,True,3200,0,0,0,0
3,四川,96,True,3200,0,0,0,0
3,四川,97,True,3200,0,0,0,0
3,四川,98,True,3200,0,0,0,0
3,四川,99,True,3200,0,0,0,0
3,四川,100,True,3200,1,0,0,0
3,贵州,1,True,3200,0,0,0,0
3,贵州,2,True,3200,0,0,0,0
3,贵州,3,True,3200,0,0,0,0
3,贵州,4,True,3200,0,0,0,0
3,贵州,5,True,3200,0,0,0,0
3,贵州,6,True,3200,3,0,0,0
3,贵州,7,True,3200,2,0,0,0
3,贵州,8,True,3200,1,0,0,0
3,贵州,9,True,3200,0,0,0,0
3,贵州,10,True,3200,0,0,0,0
3,贵州,11,True,3200,0,0,0,0
3,贵州,12,True,3200,0,0,0,0
3,贵州,13,True,3200,0,0,0,0
3,贵州,14,True,3200,0,0,0,0
3,贵州,15,True,3200,0,0,0,0
3,贵州,16,True,3200,4,1,1,0
3,贵州,17,True,3200,4,0,0,0
3,贵州,18,True,3200,1,0,0,0
3,贵州,19,True,3200,0,0,0,0
3,贵州,20,True,3200,0,0,0,0
3,贵州,21,True,3200,0,0,0,0
3,贵州,22,True,3200,2,0,0,0
3,贵州,23,True,3200,8,2,2,0
3,贵州,24,True,3200,1,0,0,0
3,贵州,25,True,3200,4,1,1,0
3,贵州,26,True,3200,0,0,0,0
3,贵州,27,True,3200,0,0,0,0
3,贵州,28,True,3200,0,0,0,0
3,贵州,29,True,3200,0,0,0,0
3,贵州,30,True,3200,0,0,0,0
3,贵州,31,True,3200,2,0,0,0
3,贵州,32,True,3200,0,0,0,0
3,贵州,33,True,3200,0,0,0,0
3,贵州,34,True,3200,3,1,1,0
3,贵州,35,True,3200,4,2,0,2
3,贵州,36,True,3200,6,1,1,0
3,贵州,37,True,3200,1,1,1,0
3,贵州,38,True,3200,0,0,0,0
3,贵州,39,True,3200,2,0,0,0
3,贵州,40,True,3200,0,0,0,0
3,贵州,41,True,3200,0,0,0,0
3,贵州,42,True,3200,0,0,0,0
3,贵州,43,True,3200,2,1,1,0
3,贵州,44,True,3200,0,0,0,0
3,贵州,45,True,3200,5,1,1,0
3,贵州,46,True,3200,2,1,0,1
3,贵州,47,True,3200,0,0,0,0
3,贵州,48,True,3200,0,0,0,0
3,贵州,49,True,3200,0,0,0,0
3,贵州,50,True,3200,4,0,0,0
3,贵州,51,True,3200,8,3,0,3
3,贵州,52,True,3200,2,1,1,0
3,贵州,53,True,3200,7,2,2,0
3,贵州,54,True,3200,6,1,0,1
3,贵州,55,True,3200,2,0,0,0
3,贵州,56,True,3200,2,1,0,1
3,贵州,57,True,3200,4,0,0,0
3,贵州,58,True,3200,6,0,0,0
3,贵州,59,True,3200,2,0,0,0
3,贵州,60,True,3200,8,4,0,4
3,贵州,61,True,3200,2,1,1,0
3,贵州,62,True,3200,1,0,0,0
3,贵州,63,True,3200,0,0,0,0
3,贵州,64,True,3200,1,0,0,0
3,贵州,65,True,3200,6,1,1,0
3,贵州,66,True,3200,0,0,0,0
3,贵州,67,True,3200,0,0,0,0
3,贵州,68,True,3200,3,1,1,0
3,贵州,69,True,3200,0,0,0,0
3,贵州,70,True,3200,0,0,0,0
3,贵州,71,True,3200,2,0,0,0
3,贵州,72,True,3200,4,0,0,0
3,贵州,73,True,3200,0,0,0,0
3,贵州,74,True,3200,0,0,0,0
3,贵州,75,True,3200,0,0,0,0
3,贵州,76,True,3200,0,0,0,0
3,贵州,77,True,3200,2,0,0,0
3,贵州,78,True,3200,0,0,0,0
3,贵州,79,True,3200,0,0,0,0
3,贵州,80,True,3200,0,0,0,0
3,贵州,81,True,3200,0,0,0,0
3,贵州,82,True,3200,0,0,0,0
3,贵州,83,True,3200,6,0,0,0
3,贵州,84,True,3200,0,0,0,0
3,贵州,85,True,3200,0,0,0,0
3,贵州,86,True,3200,0,0,0,0
3,贵州,87,True,3200,10,2,2,0
3,贵州,88,True,3200,20,5,5,0
3,贵州,89,True,3200,0,0,0,0
3,贵州,90,True,3200,1,0,0,0
3,贵州,91,True,3200,1,0,0,0
3,贵州,92,True,3200,0,0,0,0
3,贵州,93,True,3200,0,0,0,0
3,贵州,94,True,3200,4,1,1,0
3,贵州,95,True,3200,0,0,0,0
3,贵州,96,True,3200,0,0,0,0
3,贵州,97,True,3200,2,0,0,0
3,贵州,98,True,3200,9,3,3,0
3,贵州,99,True,3200,0,0,0,0
3,贵州,100,True,3200,0,0,0,0
3,云南,1,True,3200,0,0,0,0
3,云南,2,True,3200,0,0,0,0
3,云南,3,True,3200,0,0,0,0
3,云南,4,True,3200,0,0,0,0
3,云南,5,True,3200,0,0,0,0
3,云南,6,True,3200,0,0,0,0
3,云南,7,True,3200,0,0,0,0
3,云南,8,True,3200,0,0,0,0
3,云南,9,True,3200,0,0,0,0
3,云南,10,True,3200,0,0,0,0
3,云南,11,True,3200,0,0,0,0
3,云南,12,True,3200,0,0,0,0
3,云南,13,True,3200,0,0,0,0
3,云南,14,True,3200,0,0,0,0
3,云南,15,True,3200,0,0,0,0
3,云南,16,True,3200,0,0,0,0
3,云南,17,True,3200,0,0,0,0
3,云南,18,True,3200,2,1,1,0
3,云南,19,True,3200,1,0,0,0
3,云南,20,True,3200,0,0,0,0
3,云南,21,True,3200,1,0,0,0
3,云南,22,True,3200,0,0,0,0
3,云南,23,True,3200,0,0,0,0
3,云南,24,True,3200,0,0,0,0
3,云南,25,True,3200,0,0,0,0
3,云南,26,True,3200,1,0,0,0
3,云南,27,True,3200,0,0,0,0
3,云南,28,True,3200,4,1,1,0
3,云南,29,True,3200,10,2,2,0
3,云南,30,True,3200,18,9,3,6
3,云南,31,True,3200,4,0,0,0
3,云南,32,True,3200,2,1,0,1
3,云南,33,True,3200,4,2,2,0
3,云南,34,True,3200,0,0,0,0
3,云南,35,True,3200,0,0,0,0
3,云南,36,True,3200,0,0,0,0
3,云南,37,True,3200,0,0,0,0
3,云南,38,True,3200,0,0,0,0
3,云南,39,True,3200,0,0,0,0
3,云南,40,True,3200,0,0,0,0
3,云南,41,True,3200,0,0,0,0
3,云南,42,True,3200,0,0,0,0
3,云南,43,True,3200,0,0,0,0
3,云南,44,True,3200,0,0,0,0
3,云南,45,True,3200,0,0,0,0
3,云南,46,True,3200,0,0,0,0
3,云南,47,True,3200,0,0,0,0
3,云南,48,True,3200,4,2,1,1
3,云南,49,True,3200,2,0,0,0
3,云南,50,True,3200,0,0,0,0
3,云南,51,True,3200,0,0,0,0
3,云南,52,True,3200,0,0,0,0
3,云南,53,True,3200,0,0,0,0
3,云南,54,True,3200,2,0,0,0
3,云南,55,True,3200,0,0,0,0
3,云南,56,True,3200,0,0,0,0
3,云南,57,True,3200,0,0,0,0
3,云南,58,True,3200,5,2,1,1
3,云南,59,True,3200,1,0,0,0
3,云南,60,True,3200,0,0,0,0
3,云南,61,True,3200,0,0,0,0
3,云南,62,True,3200,0,0,0,0
3,云南,63,True,3200,0,0,0,0
3,云南,64,True,3200,1,0,0,0
3,云南,65,True,3200,4,2,2,0
3,云南,66,True,3200,19,2,2,0
3,云南,67,True,3200,69,12,12,0
3,云南,68,True,3200,6,1,0,1
3,云南,69,True,3200,3,2,0,2
3,云南,70,True,3200,2,1,0,1
3,云南,71,True,3200,0,0,0,0
3,云南,72,True,3200,4,1,1,0
3,云南,73,True,3200,0,0,0,0
3,云南,74,True,3200,0,0,0,0
3,云南,75,True,3200,0,0,0,0
3,云南,76,True,3200,0,0,0,0
3,云南,77,True,3200,0,0,0,0
3,云南,78,True,3200,0,0,0,0
3,云南,79,True,3200,0,0,0,0
3,云南,80,True,3200,0,0,0,0
3,云南,81,True,3200,0,0,0,0
3,云南,82,True,3200,0,0,0,0
3,云南,83,True,3200,0,0,0,0
3,云南,84,True,3200,0,0,0,0
3,云南,85,True,3200,2,0,0,0
3,云南,86,True,3200,0,0,0,0
3,云南,87,True,3200,0,0,0,0
3,云南,88,True,3200,0,0,0,0
3,云南,89,True,3200,0,0,0,0
3,云南,90,True,3200,0,0,0,0
3,云南,91,True,3200,0,0,0,0
3,云南,92,True,3200,11,1,1,0
3,云南,93,True,3200,2,0,0,0
3,云南,94,True,3200,4,2,2,0
3,云南,95,True,3200,1,1,0,1
3,云南,96,True,3200,1,1,0,1
3,云南,97,True,3200,0,0,0,0
3,云南,98,True,3200,0,0,0,0
3,云南,99,True,3200,1,0,0,0
3,云南,100,True,3200,0,0,0,0
3,西藏,1,True,3200,0,0,0,0
3,西藏,2,True,3200,0,0,0,0
3,西藏,3,True,3200,0,0,0,0
3,西藏,4,True,3200,0,0,0,0
3,西藏,5,True,3200,0,0,0,0
3,西藏,6,True,3200,2,1,1,0
3,西藏,7,True,3200,1,0,0,0
3,西藏,8,True,3200,0,0,0,0
3,西藏,9,True,3200,2,0,0,0
3,西藏,10,True,3200,2,1,1,0
3,西藏,11,True,3200,2,0,0,0
3,西藏,12,True,3200,3,0,0,0
3,西藏,13,True,3200,2,0,0,0
3,西藏,14,True,3200,0,0,0,0
3,西藏,15,True,3200,0,0,0,0
3,西藏,16,True,3200,3,1,0,1
3,西藏,17,True,3200,3,2,0,2
3,西藏,18,True,3200,1,0,0,0
3,西藏,19,True,3200,0,0,0,0
3,西藏,20,True,3200,1,1,0,1
3,西藏,21,True,3200,0,0,0,0
3,西藏,22,True,3200,1,0,0,0
3,西藏,23,True,3200,0,0,0,0
3,西藏,24,True,3200,6,2,1,1
3,西藏,25,True,3200,0,0,0,0
3,西藏,26,True,3200,3,0,0,0
3,西藏,27,True,3200,2,0,0,0
3,西藏,28,True,3200,0,0,0,0
3,西藏,29,True,3200,0,0,0,0
3,西藏,30,True,3200,0,0,0,0
3,西藏,31,True,3200,0,0,0,0
3,西藏,32,True,3200,0,0,0,0
3,西藏,33,True,3200,0,0,0,0
3,西藏,34,True,3200,2,0,0,0
3,西藏,35,True,3200,2,1,1,0
3,西藏,36,True,3200,2,1,1,0
3,西藏,37,True,3200,4,1,1,0
3,西藏,38,True,3200,4,2,0,2
3,西藏,39,True,3200,0,0,0,0
3,西藏,40,True,3200,2,0,0,0
3,西藏,41,True,3200,2,1,1,0
3,西藏,42,True,3200,5,2,2,0
3,西藏,43,True,3200,0,0,0,0
3,西藏,44,True,3200,0,0,0,0
3,西藏,45,True,3200,0,0,0,0
3,西藏,46,True,3200,0,0,0,0
3,西藏,47,True,3200,0,0,0,0
3,西藏,48,True,3200,0,0,0,0
3,西藏,49,True,3200,0,0,0,0
3,西藏,50,True,3200,4,0,0,0
3,西藏,51,True,3200,18,6,6,0
3,西藏,52,True,3200,3,0,0,0
3,西藏,53,True,3200,3,0,0,0
3,西藏,54,True,3200,2,0,0,0
3,西藏,55,True,3200,0,0,0,0
3,西藏,56,True,3200,4,1,1,0
3,西藏,57,True,3200,0,0,0,0
3,西藏,58,True,3200,0,0,0,0
3,西藏,59,True,3200,0,0,0,0
3,西藏,60,True,3200,0,0,0,0
3,西藏,61,True,3200,0,0,0,0
3,西藏,62,True,3200,14,5,5,0
3,西藏,63,True,3200,0,0,0,0
3,西藏,64,True,3200,0,0,0,0
3,西藏,65,True,3200,0,0,0,0
3,西藏,66,True,3200,0,0,0,0
3,西藏,67,True,3200,0,0,0,0
3,西藏,68,True,3200,0,0,0,0
3,西藏,69,True,3200,0,0,0,0
3,西藏,70,True,3200,0,0,0,0
3,西藏,71,True,3200,2,1,1,0
3,西藏,72,True,3200,0,0,0,0
3,西藏,73,True,3200,0,0,0,0
3,西藏,74,True,3200,0,0,0,0
3,西藏,75,True,3200,6,1,1,0
3,西藏,76,True,3200,3,0,0,0
3,西藏,77,True,3200,4,1,1,0
3,西藏,78,True,3200,2,1,0,1
3,西藏,79,True,3200,0,0,0,0
3,西藏,80,True,3200,2,0,0,0
3,西藏,81,True,3200,4,1,1,0
3,西藏,82,True,3200,10,5,0,5
3,西藏,83,True,3200,6,2,2,0
3,西藏,84,True,3200,2,0,0,0
3,西藏,85,True,3200,0,0,0,0
3,西藏,86,True,3200,0,0,0,0
3,西藏,87,True,3200,0,0,0,0
3,西藏,88,True,3200,0,0,0,0
3,西藏,89,True,3200,4,2,2,0
3,西藏,90,True,3200,1,1,1,0
3,西藏,91,True,3200,0,0,0,0
3,西藏,92,True,3200,0,0,0,0
3,西藏,93,True,3200,0,0,0,0
3,西藏,94,True,3200,1,0,0,0
3,西藏,95,True,3200,0,0,0,0
3,西藏,96,True,3200,3,0,0,0
3,西藏,97,True,3200,1,0,0,0
3,西藏,98,True,3200,0,0,0,0
3,西藏,99,True,3200,0,0,0,0
3,西藏,100,True,3200,0,0,0,0
3,陕西,1,True,3200,0,0,0,0
3,陕西,2,True,3200,0,0,0,0
3,陕西,3,True,3200,0,0,0,0
3,陕西,4,True,3200,0,0,0,0
3,陕西,5,True,3200,0,0,0,0
3,陕西,6,True,3200,0,0,0,0
3,陕西,7,True,3200,0,0,0,0
3,陕西,8,True,3200,0,0,0,0
3,陕西,9,True,3200,3,0,0,0
3,陕西,10,True,3200,0,0,0,0
3,陕西,11,True,3200,0,0,0,0
3,陕西,12,True,3200,3,0,0,0
3,陕西,13,True,3200,2,0,0,0
3,陕西,14,True,3200,2,0,0,0
3,陕西,15,True,3200,0,0,0,0
3,陕西,16,True,3200,1,1,1,0
3,陕西,17,True,3200,0,0,0,0
3,陕西,18,True,3200,0,0,0,0
3,陕西,19,True,3200,0,0,0,0
3,陕西,20,True,3200,0,0,0,0
3,陕西,21,True,3200,0,0,0,0
3,陕西,22,True,3200,0,0,0,0
3,陕西,23,True,3200,0,0,0,0
3,陕西,24,True,3200,2,1,0,1
3,陕西,25,True,3200,0,0,0,0
3,陕西,26,True,3200,3,0,0,0
3,陕西,27,True,3200,0,0,0,0
3,陕西,28,True,3200,0,0,0,0
3,陕西,29,True,3200,0,0,0,0
3,陕西,30,True,3200,0,0,0,0
3,陕西,31,True,3200,3,0,0,0
3,陕西,32,True,3200,0,0,0,0
3,陕西,33,True,3200,1,0,0,0
3,陕西,34,True,3200,0,0,0,0
3,陕西,35,True,3200,2,0,0,0
3,陕西,36,True,3200,0,0,0,0
3,陕西,37,True,3200,0,0,0,0
3,陕西,38,True,3200,0,0,0,0
3,陕西,39,True,3200,1,1,0,1
3,陕西,40,True,3200,4,2,1,1
3,陕西,41,True,3200,4,0,0,0
3,陕西,42,True,3200,4,2,2,0
3,陕西,43,True,3200,2,0,0,0
3,陕西,44,True,3200,0,0,0,0
3,陕西,45,True,3200,0,0,0,0
3,陕西,46,True,3200,0,0,0,0
3,陕西,47,True,3200,0,0,0,0
3,陕西,48,True,3200,0,0,0,0
3,陕西,49,True,3200,0,0,0,0
3,陕西,50,True,3200,0,0,0,0
3,陕西,51,True,3200,0,0,0,0
3,陕西,52,True,3200,0,0,0,0
3,陕西,53,True,3200,0,0,0,0
3,陕西,54,True,3200,0,0,0,0
3,陕西,55,True,3200,0,0,0,0
3,陕西,56,True,3200,0,0,0,0
3,陕西,57,True,3200,0,0,0,0
3,陕西,58,True,3200,8,1,0,1
3,陕西,59,True,3200,9,1,0,1
3,陕西,60,True,3200,9,3,1,2
3,陕西,61,True,3200,0,0,0,0
3,陕西,62,True,3200,0,0,0,0
3,陕西,63,True,3200,6,0,0,0
3,陕西,64,True,3200,0,0,0,0
3,陕西,65,True,3200,0,0,0,0
3,陕西,66,True,3200,0,0,0,0
3,陕西,67,True,3200,0,0,0,0
3,陕西,68,True,3200,1,1,0,1
3,陕西,69,True,3200,6,1,0,1
3,陕西,70,True,3200,2,0,0,0
3,陕西,71,True,3200,0,0,0,0
3,陕西,72,True,3200,0,0,0,0
3,陕西,73,True,3200,0,0,0,0
3,陕西,74,True,3200,2,0,0,0
3,陕西,75,True,3200,0,0,0,0
3,陕西,76,True,3200,3,0,0,0
3,陕西,77,True,3200,0,0,0,0
3,陕西,78,True,3200,0,0,0,0
3,陕西,79,True,3200,2,1,0,1
3,陕西,80,True,3200,0,0,0,0
3,陕西,81,True,3200,0,0,0,0
3,陕西,82,True,3200,0,0,0,0
3,陕西,83,True,3200,0,0,0,0
3,陕西,84,True,3200,3,1,1,0
3,陕西,85,True,3200,2,0,0,0
3,陕西,86,True,3200,2,0,0,0
3,陕西,87,True,3200,2,1,1,0
3,陕西,88,True,3200,0,0,0,0
3,陕西,89,True,3200,0,0,0,0
3,陕西,90,True,3200,0,0,0,0
3,陕西,91,True,3200,1,1,1,0
3,陕西,92,True,3200,0,0,0,0
3,陕西,93,True,3200,0,0,0,0
3,陕西,94,True,3200,0,0,0,0
3,陕西,95,True,3200,2,0,0,0
3,陕西,96,True,3200,0,0,0,0
3,陕西,97,True,3200,0,0,0,0
3,陕西,98,True,3200,0,0,0,0
3,陕西,99,True,3200,2,1,0,1
3,陕西,100,True,3200,0,0,0,0
3,甘肃,1,True,3200,0,0,0,0
3,甘肃,2,True,3200,0,0,0,0
3,甘肃,3,True,3200,0,0,0,0
3,甘肃,4,True,3200,0,0,0,0
3,甘肃,5,True,3200,0,0,0,0
3,甘肃,6,True,3200,0,0,0,0
3,甘肃,7,True,3200,0,0,0,0
3,甘肃,8,True,3200,0,0,0,0
3,甘肃,9,True,3200,0,0,0,0
3,甘肃,10,True,3200,0,0,0,0
3,甘肃,11,True,3200,0,0,0,0
3,甘肃,12,True,3200,0,0,0,0
3,甘肃,13,True,3200,0,0,0,0
3,甘肃,14,True,3200,2,0,0,0
3,甘肃,15,True,3200,2,0,0,0
3,甘肃,16,True,3200,0,0,0,0
3,甘肃,17,True,3200,0,0,0,0
3,甘肃,18,True,3200,1,0,0,0
3,甘肃,19,True,3200,4,1,1,0
3,甘肃,20,True,3200,2,0,0,0
3,甘肃,21,True,3200,0,0,0,0
3,甘肃,22,True,3200,0,0,0,0
3,甘肃,23,True,3200,2,0,0,0
3,甘肃,24,True,3200,4,0,0,0
3,甘肃,25,True,3200,0,0,0,0
3,甘肃,26,True,3200,9,0,0,0
3,甘肃,27,True,3200,0,0,0,0
3,甘肃,28,True,3200,0,0,0,0
3,甘肃,29,True,3200,0,0,0,0
3,甘肃,30,True,3200,0,0,0,0
3,甘肃,31,True,3200,0,0,0,0
3,甘肃,32,True,3200,0,0,0,0
3,甘肃,33,True,3200,0,0,0,0
3,甘肃,34,True,3200,0,0,0,0
3,甘肃,35,True,3200,0,0,0,0
3,甘肃,36,True,3200,0,0,0,0
3,甘肃,37,True,3200,0,0,0,0
3,甘肃,38,True,3200,3,0,0,0
3,甘肃,39,True,3200,0,0,0,0
3,甘肃,40,True,3200,0,0,0,0
3,甘肃,41,True,3200,2,0,0,0
3,甘肃,42,True,3200,0,0,0,0
3,甘肃,43,True,3200,0,0,0,0
3,甘肃,44,True,3200,0,0,0,0
3,甘肃,45,True,3200,0,0,0,0
3,甘肃,46,True,3200,0,0,0,0
3,甘肃,47,True,3200,0,0,0,0
3,甘肃,48,True,3200,2,1,0,1
3,甘肃,49,True,3200,0,0,0,0
3,甘肃,50,True,3200,0,0,0,0
3,甘肃,51,True,3200,2,0,0,0
3,甘肃,52,True,3200,0,0,0,0
3,甘肃,53,True,3200,0,0,0,0
3,甘肃,54,True,3200,0,0,0,0
3,甘肃,55,True,3200,2,0,0,0
3,甘肃,56,True,3200,2,0,0,0
3,甘肃,57,True,3200,0,0,0,0
3,甘肃,58,True,3200,2,0,0,0
3,甘肃,59,True,3200,4,2,0,2
3,甘肃,60,True,3200,2,0,0,0
3,甘肃,61,True,3200,0,0,0,0
3,甘肃,62,True,3200,4,0,0,0
3,甘肃,63,True,3200,1,0,0,0
3,甘肃,64,True,3200,4,1,0,1
3,甘肃,65,True,3200,2,0,0,0
3,甘肃,66,True,3200,0,0,0,0
3,甘肃,67,True,3200,2,0,0,0
3,甘肃,68,True,3200,0,0,0,0
3,甘肃,69,True,3200,0,0,0,0
3,甘肃,70,True,3200,4,2,2,0
3,甘肃,71,True,3200,3,0,0,0
3,甘肃,72,True,3200,0,0,0,0
3,甘肃,73,True,3200,0,0,0,0
3,甘肃,74,True,3200,0,0,0,0
3,甘肃,75,True,3200,0,0,0,0
3,甘肃,76,True,3200,0,0,0,0
3,甘肃,77,True,3200,0,0,0,0
3,甘肃,78,True,3200,0,0,0,0
3,甘肃,79,True,3200,0,0,0,0
3,甘肃,80,True,3200,0,0,0,0
3,甘肃,81,True,3200,0,0,0,0
3,甘肃,82,True,3200,0,0,0,0
3,甘肃,83,True,3200,0,0,0,0
3,甘肃,84,True,3200,0,0,0,0
3,甘肃,85,True,3200,0,0,0,0
3,甘肃,86,True,3200,0,0,0,0
3,甘肃,87,True,3200,0,0,0,0
3,甘肃,88,True,3200,0,0,0,0
3,甘肃,89,True,3200,0,0,0,0
3,甘肃,90,True,3200,0,0,0,0
3,甘肃,91,True,3200,0,0,0,0
3,甘肃,92,True,3200,1,0,0,0
3,甘肃,93,True,3200,0,0,0,0
3,甘肃,94,True,3200,0,0,0,0
3,甘肃,95,True,3200,0,0,0,0
3,甘肃,96,True,3200,0,0,0,0
3,甘肃,97,True,3200,0,0,0,0
3,甘肃,98,True,3200,0,0,0,0
3,甘肃,99,True,3200,3,0,0,0
3,甘肃,100,True,3200,5,0,0,0
3,青海,1,True,3200,0,0,0,0
3,青海,2,True,3200,0,0,0,0
3,青海,3,True,3200,0,0,0,0
3,青海,4,True,3200,0,0,0,0
3,青海,5,True,3200,0,0,0,0
3,青海,6,True,3200,0,0,0,0
3,青海,7,True,3200,0,0,0,0
3,青海,8,True,3200,0,0,0,0
3,青海,9,True,3200,0,0,0,0
3,青海,10,True,3200,0,0,0,0
3,青海,11,True,3200,0,0,0,0
3,青海,12,True,3200,0,0,0,0
3,青海,13,True,3200,6,3,0,3
3,青海,14,True,3200,0,0,0,0
3,青海,15,True,3200,0,0,0,0
3,青海,16,True,3200,0,0,0,0
3,青海,17,True,3200,4,0,0,0
3,青海,18,True,3200,2,0,0,0
3,青海,19,True,3200,2,0,0,0
3,青海,20,True,3200,2,0,0,0
3,青海,21,True,3200,0,0,0,0
3,青海,22,True,3200,0,0,0,0
3,青海,23,True,3200,3,0,0,0
3,青海,24,True,3200,8,3,0,3
3,青海,25,True,3200,9,0,0,0
3,青海,26,True,3200,35,16,1,15
3,青海,27,True,3200,25,13,1,12
3,青海,28,True,3200,0,0,0,0
3,青海,29,True,3200,0,0,0,0
3,青海,30,True,3200,0,0,0,0
3,青海,31,True,3200,0,0,0,0
3,青海,32,True,3200,0,0,0,0
3,青海,33,True,3200,3,1,1,0
3,青海,34,True,3200,3,2,1,1
3,青海,35,True,3200,0,0,0,0
3,青海,36,True,3200,2,1,1,0
3,青海,37,True,3200,0,0,0,0
3,青海,38,True,3200,0,0,0,0
3,青海,39,True,3200,0,0,0,0
3,青海,40,True,3200,0,0,0,0
3,青海,41,True,3200,0,0,0,0
3,青海,42,True,3200,0,0,0,0
3,青海,43,True,3200,0,0,0,0
3,青海,44,True,3200,0,0,0,0
3,青海,45,True,3200,2,0,0,0
3,青海,46,True,3200,0,0,0,0
3,青海,47,True,3200,4,1,1,0
3,青海,48,True,3200,0,0,0,0
3,青海,49,True,3200,0,0,0,0
3,青海,50,True,3200,2,0,0,0
3,青海,51,True,3200,0,0,0,0
3,青海,52,True,3200,0,0,0,0
3,青海,53,True,3200,0,0,0,0
3,青海,54,True,3200,6,2,0,2
3,青海,55,True,3200,2,1,1,0
3,青海,56,True,3200,0,0,0,0
3,青海,57,True,3200,12,3,1,2
3,青海,58,True,3200,2,1,1,0
3,青海,59,True,3200,0,0,0,0
3,青海,60,True,3200,0,0,0,0
3,青海,61,True,3200,0,0,0,0
3,青海,62,True,3200,0,0,0,0
3,青海,63,True,3200,0,0,0,0
3,青海,64,True,3200,11,2,2,0
3,青海,65,True,3200,0,0,0,0
3,青海,66,True,3200,0,0,0,0
3,青海,67,True,3200,0,0,0,0
3,青海,68,True,3200,0,0,0,0
3,青海,69,True,3200,2,0,0,0
3,青海,70,True,3200,2,0,0,0
3,青海,71,True,3200,2,0,0,0
3,青海,72,True,3200,2,1,1,0
3,青海,73,True,3200,0,0,0,0
3,青海,74,True,3200,6,1,1,0
3,青海,75,True,3200,2,1,0,1
3,青海,76,True,3200,4,2,1,1
3,青海,77,True,3200,2,0,0,0
3,青海,78,True,3200,8,3,1,2
3,青海,79,True,3200,4,1,1,0
3,青海,80,True,3200,3,0,0,0
3,青海,81,True,3200,0,0,0,0
3,青海,82,True,3200,4,1,1,0
3,青海,83,True,3200,0,0,0,0
3,青海,84,True,3200,4,1,1,0
3,青海,85,True,3200,0,0,0,0
3,青海,86,True,3200,0,0,0,0
3,青海,87,True,3200,0,0,0,0
3,青海,88,True,3200,4,1,1,0
3,青海,89,True,3200,2,0,0,0
3,青海,90,True,3200,0,0,0,0
3,青海,91,True,3200,0,0,0,0
3,青海,92,True,3200,0,0,0,0
3,青海,93,True,3200,0,0,0,0
3,青海,94,True,3200,0,0,0,0
3,青海,95,True,3200,0,0,0,0
3,青海,96,True,3200,4,1,1,0
3,青海,97,True,3200,2,1,0,1
3,青海,98,True,3200,0,0,0,0
3,青海,99,True,3200,0,0,0,0
3,青海,100,True,3200,0,0,0,0
3,宁夏,1,True,3200,0,0,0,0
3,宁夏,2,True,3200,0,0,0,0
3,宁夏,3,True,3200,0,0,0,0
3,宁夏,4,True,3200,0,0,0,0
3,宁夏,5,True,3200,0,0,0,0
3,宁夏,6,True,3200,0,0,0,0
3,宁夏,7,True,3200,0,0,0,0
3,宁夏,8,True,3200,0,0,0,0
3,宁夏,9,True,3200,0,0,0,0
3,宁夏,10,True,3200,0,0,0,0
3,宁夏,11,True,3200,0,0,0,0
3,宁夏,12,True,3200,0,0,0,0
3,宁夏,13,True,3200,0,0,0,0
3,宁夏,14,True,3200,2,1,1,0
3,宁夏,15,True,3200,0,0,0,0
3,宁夏,16,True,3200,2,1,1,0
3,宁夏,17,True,3200,7,2,2,0
3,宁夏,18,True,3200,8,0,0,0
3,宁夏,19,True,3200,2,1,1,0
3,宁夏,20,True,3200,2,0,0,0
3,宁夏,21,True,3200,0,0,0,0
3,宁夏,22,True,3200,0,0,0,0
3,宁夏,23,True,3200,0,0,0,0
3,宁夏,24,True,3200,2,1,1,0
3,宁夏,25,True,3200,22,2,1,1
3,宁夏,26,True,3200,22,3,1,2
3,宁夏,27,True,3200,7,1,1,0
3,宁夏,28,True,3200,2,1,1,0
3,宁夏,29,True,3200,0,0,0,0
3,宁夏,30,True,3200,0,0,0,0
3,宁夏,31,True,3200,2,0,0,0
3,宁夏,32,True,3200,5,2,2,0
3,宁夏,33,True,3200,0,0,0,0
3,宁夏,34,True,3200,4,2,1,1
3,宁夏,35,True,3200,6,1,0,1
3,宁夏,36,True,3200,3,1,1,0
3,宁夏,37,True,3200,0,0,0,0
3,宁夏,38,True,3200,9,3,2,1
3,宁夏,39,True,3200,0,0,0,0
3,宁夏,40,True,3200,0,0,0,0
3,宁夏,41,True,3200,2,0,0,0
3,宁夏,42,True,3200,0,0,0,0
3,宁夏,43,True,3200,4,1,0,1
3,宁夏,44,True,3200,2,1,1,0
3,宁夏,45,True,3200,0,0,0,0
3,宁夏,46,True,3200,0,0,0,0
3,宁夏,47,True,3200,0,0,0,0
3,宁夏,48,True,3200,0,0,0,0
3,宁夏,49,True,3200,0,0,0,0
3,宁夏,50,True,3200,0,0,0,0
3,宁夏,51,True,3200,0,0,0,0
3,宁夏,52,True,3200,1,1,0,1
3,宁夏,53,True,3200,0,0,0,0
3,宁夏,54,True,3200,0,0,0,0
3,宁夏,55,True,3200,0,0,0,0
3,宁夏,56,True,3200,0,0,0,0
3,宁夏,57,True,3200,0,0,0,0
3,宁夏,58,True,3200,0,0,0,0
3,宁夏,59,True,3200,0,0,0,0
3,宁夏,60,True,3200,0,0,0,0
3,宁夏,61,True,3200,0,0,0,0
3,宁夏,62,True,3200,1,1,0,1
3,宁夏,63,True,3200,0,0,0,0
3,宁夏,64,True,3200,1,1,0,1
3,宁夏,65,True,3200,2,1,0,1
3,宁夏,66,True,3200,4,0,0,0
3,宁夏,67,True,3200,2,0,0,0
3,宁夏,68,True,3200,4,0,0,0
3,宁夏,69,True,3200,0,0,0,0
3,宁夏,70,True,3200,3,0,0,0
3,宁夏,71,True,3200,3,1,0,1
3,宁夏,72,True,3200,0,0,0,0
3,宁夏,73,True,3200,6,1,1,0
3,宁夏,74,True,3200,7,2,1,1
3,宁夏,75,True,3200,0,0,0,0
3,宁夏,76,True,3200,0,0,0,0
3,宁夏,77,True,3200,0,0,0,0
3,宁夏,78,True,3200,0,0,0,0
3,宁夏,79,True,3200,0,0,0,0
3,宁夏,80,True,3200,0,0,0,0
3,宁夏,81,True,3200,0,0,0,0
3,宁夏,82,True,3200,2,0,0,0
3,宁夏,83,True,3200,0,0,0,0
3,宁夏,84,True,3200,0,0,0,0
3,宁夏,85,True,3200,0,0,0,0
3,宁夏,86,True,3200,0,0,0,0
3,宁夏,87,True,3200,0,0,0,0
3,宁夏,88,True,3200,2,1,0,1
3,宁夏,89,True,3200,0,0,0,0
3,宁夏,90,True,3200,2,0,0,0
3,宁夏,91,True,3200,0,0,0,0
3,宁夏,92,True,3200,0,0,0,0
3,宁夏,93,True,3200,0,0,0,0
3,宁夏,94,True,3200,0,0,0,0
3,宁夏,95,True,3200,0,0,0,0
3,宁夏,96,True,3200,0,0,0,0
3,宁夏,97,True,3200,0,0,0,0
3,宁夏,98,True,3200,0,0,0,0
3,宁夏,99,True,3200,1,0,0,0
3,宁夏,100,True,3200,4,0,0,0
3,新疆,1,True,3200,0,0,0,0
3,新疆,2,True,3200,0,0,0,0
3,新疆,3,True,3200,0,0,0,0
3,新疆,4,True,3200,4,1,1,0
3,新疆,5,True,3200,0,0,0,0
3,新疆,6,True,3200,0,0,0,0
3,新疆,7,True,3200,0,0,0,0
3,新疆,8,True,3200,0,0,0,0
3,新疆,9,True,3200,0,0,0,0
3,新疆,10,True,3200,0,0,0,0
3,新疆,11,True,3200,0,0,0,0
3,新疆,12,True,3200,0,0,0,0
3,新疆,13,True,3200,8,2,2,0
3,新疆,14,True,3200,4,1,1,0
3,新疆,15,True,3200,0,0,0,0
3,新疆,16,True,3200,4,2,0,2
3,新疆,17,True,3200,5,2,2,0
3,新疆,18,True,3200,2,0,0,0
3,新疆,19,True,3200,0,0,0,0
3,新疆,20,True,3200,0,0,0,0
3,新疆,21,True,3200,0,0,0,0
3,新疆,22,True,3200,0,0,0,0
3,新疆,23,True,3200,4,1,1,0
3,新疆,24,True,3200,5,0,0,0
3,新疆,25,True,3200,8,2,2,0
3,新疆,26,True,3200,0,0,0,0
3,新疆,27,True,3200,0,0,0,0
3,新疆,28,True,3200,0,0,0,0
3,新疆,29,True,3200,0,0,0,0
3,新疆,30,True,3200,0,0,0,0
3,新疆,31,True,3200,0,0,0,0
3,新疆,32,True,3200,0,0,0,0
3,新疆,33,True,3200,0,0,0,0
3,新疆,34,True,3200,0,0,0,0
3,新疆,35,True,3200,0,0,0,0
3,新疆,36,True,3200,0,0,0,0
3,新疆,37,True,3200,0,0,0,0
3,新疆,38,True,3200,0,0,0,0
3,新疆,39,True,3200,0,0,0,0
3,新疆,40,True,3200,0,0,0,0
3,新疆,41,True,3200,0,0,0,0
3,新疆,42,True,3200,0,0,0,0
3,新疆,43,True,3200,0,0,0,0
3,新疆,44,True,3200,0,0,0,0
3,新疆,45,True,3200,1,0,0,0
3,新疆,46,True,3200,0,0,0,0
3,新疆,47,True,3200,0,0,0,0
3,新疆,48,True,3200,0,0,0,0
3,新疆,49,True,3200,0,0,0,0
3,新疆,50,True,3200,0,0,0,0
3,新疆,51,True,3200,0,0,0,0
3,新疆,52,True,3200,0,0,0,0
3,新疆,53,True,3200,0,0,0,0
3,新疆,54,True,3200,0,0,0,0
3,新疆,55,True,3200,0,0,0,0
3,新疆,56,True,3200,0,0,0,0
3,新疆,57,True,3200,0,0,0,0
3,新疆,58,True,3200,0,0,0,0
3,新疆,59,True,3200,0,0,0,0
3,新疆,60,True,3200,0,0,0,0
3,新疆,61,True,3200,0,0,0,0
3,新疆,62,True,3200,0,0,0,0
3,新疆,63,True,3200,0,0,0,0
3,新疆,64,True,3200,1,0,0,0
3,新疆,65,True,3200,2,1,1,0
3,新疆,66,True,3200,0,0,0,0
3,新疆,67,True,3200,0,0,0,0
3,新疆,68,True,3200,0,0,0,0
3,新疆,69,True,3200,0,0,0,0
3,新疆,70,True,3200,0,0,0,0
3,新疆,71,True,3200,0,0,0,0
3,新疆,72,True,3200,2,1,1,0
3,新疆,73,True,3200,0,0,0,0
3,新疆,74,True,3200,1,0,0,0
3,新疆,75,True,3200,0,0,0,0
3,新疆,76,True,3200,2,1,1,0
3,新疆,77,True,3200,2,0,0,0
3,新疆,78,True,3200,1,0,0,0
3,新疆,79,True,3200,0,0,0,0
3,新疆,80,True,3200,0,0,0,0
3,新疆,81,True,3200,0,0,0,0
3,新疆,82,True,3200,4,1,1,0
3,新疆,83,True,3200,0,0,0,0
3,新疆,84,True,3200,0,0,0,0
3,新疆,85,True,3200,5,1,0,1
3,新疆,86,True,3200,5,1,0,1
3,新疆,87,True,3200,2,1,0,1
3,新疆,88,True,3200,4,0,0,0
3,新疆,89,True,3200,2,0,0,0
3,新疆,90,True,3200,0,0,0,0
3,新疆,91,True,3200,8,2,2,0
3,新疆,92,True,3200,0,0,0,0
3,新疆,93,True,3200,0,0,0,0
3,新疆,94,True,3200,0,0,0,0
3,新疆,95,True,3200,0,0,0,0
3,新疆,96,True,3200,0,0,0,0
3,新疆,97,True,3200,0,0,0,0
3,新疆,98,True,3200,0,0,0,0
3,新疆,99,True,3200,0,0,0,0
3,新疆,100,True,3200,0,0,0,0
4,北京,1,True,3200,0,0,0,0
4,北京,2,True,3200,0,0,0,0
4,北京,3,True,3200,0,0,0,0
4,北京,4,True,3200,0,0,0,0
4,北京,5,True,3200,0,0,0,0
4,北京,6,True,3200,3,2,0,2
4,北京,7,True,3200,0,0,0,0
4,北京,8,True,3200,3,1,0,1
4,北京,9,True,3200,5,0,0,0
4,北京,10,True,3200,6,3,2,1
4,北京,11,True,3200,0,0,0,0
4,北京,12,True,3200,1,0,0,0
4,北京,13,True,3200,0,0,0,0
4,北京,14,True,3200,0,0,0,0
4,北京,15,True,3200,0,0,0,0
4,北京,16,True,3200,0,0,0,0
4,北京,17,True,3200,0,0,0,0
4,北京,18,True,3200,1,1,0,1
4,北京,19,True,3200,0,0,0,0
4,北京,20,True,3200,0,0,0,0
4,北京,21,True,3200,0,0,0,0
4,北京,22,True,3200,0,0,0,0
4,北京,23,True,3200,0,0,0,0
4,北京,24,True,3200,0,0,0,0
4,北京,25,True,3200,0,0,0,0
4,北京,26,True,3200,0,0,0,0
4,北京,27,True,3200,0,0,0,0
4,北京,28,True,3200,0,0,0,0
4,北京,29,True,3200,0,0,0,0
4,北京,30,True,3200,0,0,0,0
4,北京,31,True,3200,0,0,0,0
4,北京,32,True,3200,0,0,0,0
4,北京,33,True,3200,0,0,0,0
4,北京,34,True,3200,0,0,0,0
4,北京,35,True,3200,1,1,1,0
4,北京,36,True,3200,0,0,0,0
4,北京,37,True,3200,0,0,0,0
4,北京,38,True,3200,0,0,0,0
4,北京,39,True,3200,0,0,0,0
4,北京,40,True,3200,0,0,0,0
4,北京,41,True,3200,0,0,0,0
4,北京,42,True,3200,0,0,0,0
4,北京,43,True,3200,0,0,0,0
4,北京,44,True,3200,2,1,0,1
4,北京,45,True,3200,2,1,1,0
4,北京,46,True,3200,2,1,0,1
4,北京,47,True,3200,0,0,0,0
4,北京,48,True,3200,2,0,0,0
4,北京,49,True,3200,0,0,0,0
4,北京,50,True,3200,0,0,0,0
4,北京,51,True,3200,2,0,0,0
4,北京,52,True,3200,0,0,0,0
4,北京,53,True,3200,2,1,0,1
4,北京,54,True,3200,0,0,0,0
4,北京,55,True,3200,0,0,0,0
4,北京,56,True,3200,6,0,0,0
4,北京,57,True,3200,6,1,1,0
4,北京,58,True,3200,0,0,0,0
4,北京,59,True,3200,0,0,0,0
4,北京,60,True,3200,0,0,0,0
4,北京,61,True,3200,0,0,0,0
4,北京,62,True,3200,4,2,2,0
4,北京,63,True,3200,0,0,0,0
4,北京,64,True,3200,0,0,0,0
4,北京,65,True,3200,0,0,0,0
4,北京,66,True,3200,0,0,0,0
4,北京,67,True,3200,0,0,0,0
4,北京,68,True,3200,0,0,0,0
4,北京,69,True,3200,2,0,0,0
4,北京,70,True,3200,2,0,0,0
4,北京,71,True,3200,8,3,3,0
4,北京,72,True,3200,4,0,0,0
4,北京,73,True,3200,1,0,0,0
4,北京,74,True,3200,2,0,0,0
4,北京,75,True,3200,1,0,0,0
4,北京,76,True,3200,0,0,0,0
4,北京,77,True,3200,9,0,0,0
4,北京,78,True,3200,2,0,0,0
4,北京,79,True,3200,0,0,0,0
4,北京,80,True,3200,0,0,0,0
4,北京,81,True,3200,0,0,0,0
4,北京,82,True,3200,0,0,0,0
4,北京,83,True,3200,0,0,0,0
4,北京,84,True,3200,2,0,0,0
4,北京,85,True,3200,0,0,0,0
4,北京,86,True,3200,0,0,0,0
4,北京,87,True,3200,0,0,0,0
4,北京,88,True,3200,2,0,0,0
4,北京,89,True,3200,0,0,0,0
4,北京,90,True,3200,0,0,0,0
4,北京,91,True,3200,0,0,0,0
4,北京,92,True,3200,0,0,0,0
4,北京,93,True,3200,0,0,0,0
4,北京,94,True,3200,0,0,0,0
4,北京,95,True,3200,4,2,2,0
4,北京,96,True,3200,0,0,0,0
4,北京,97,True,3200,3,1,1,0
4,北京,98,True,3200,0,0,0,0
4,北京,99,True,3200,1,0,0,0
4,北京,100,True,3200,0,0,0,0
4,天津,1,True,3200,0,0,0,0
4,天津,2,True,3200,0,0,0,0
4,天津,3,True,3200,0,0,0,0
4,天津,4,True,3200,0,0,0,0
4,天津,5,True,3200,0,0,0,0
4,天津,6,True,3200,0,0,0,0
4,天津,7,True,3200,0,0,0,0
4,天津,8,True,3200,0,0,0,0
4,天津,9,True,3200,0,0,0,0
4,天津,10,True,3200,0,0,0,0
4,天津,11,True,3200,0,0,0,0
4,天津,12,True,3200,0,0,0,0
4,天津,13,True,3200,0,0,0,0
4,天津,14,True,3200,0,0,0,0
4,天津,15,True,3200,0,0,0,0
4,天津,16,True,3200,0,0,0,0
4,天津,17,True,3200,0,0,0,0
4,天津,18,True,3200,0,0,0,0
4,天津,19,True,3200,1,0,0,0
4,天津,20,True,3200,0,0,0,0
4,天津,21,True,3200,1,0,0,0
4,天津,22,True,3200,6,3,0,3
4,天津,23,True,3200,2,1,0,1
4,天津,24,True,3200,2,0,0,0
4,天津,25,True,3200,0,0,0,0
4,天津,26,True,3200,0,0,0,0
4,天津,27,True,3200,0,0,0,0
4,天津,28,True,3200,12,3,3,0
4,天津,29,True,3200,4,2,1,1
4,天津,30,True,3200,7,0,0,0
4,天津,31,True,3200,4,0,0,0
4,天津,32,True,3200,0,0,0,0
4,天津,33,True,3200,0,0,0,0
4,天津,34,True,3200,3,0,0,0
4,天津,35,True,3200,0,0,0,0
4,天津,36,True,3200,0,0,0,0
4,天津,37,True,3200,3,1,1,0
4,天津,38,True,3200,0,0,0,0
4,天津,39,True,3200,2,0,0,0
4,天津,40,True,3200,0,0,0,0
4,天津,41,True,3200,0,0,0,0
4,天津,42,True,3200,0,0,0,0
4,天津,43,True,3200,0,0,0,0
4,天津,44,True,3200,0,0,0,0
4,天津,45,True,3200,2,1,0,1
4,天津,46,True,3200,0,0,0,0
4,天津,47,True,3200,0,0,0,0
4,天津,48,True,3200,0,0,0,0
4,天津,49,True,3200,0,0,0,0
4,天津,50,True,3200,0,0,0,0
4,天津,51,True,3200,0,0,0,0
4,天津,52,True,3200,0,0,0,0
4,天津,53,True,3200,0,0,0,0
4,天津,54,True,3200,0,0,0,0
4,天津,55,True,3200,1,0,0,0
4,天津,56,True,3200,0,0,0,0
4,天津,57,True,3200,4,1,1,0
4,天津,58,True,3200,2,0,0,0
4,天津,59,True,3200,3,1,1,0
4,天津,60,True,3200,3,1,0,1
4,天津,61,True,3200,0,0,0,0
4,天津,62,True,3200,0,0,0,0
4,天津,63,True,3200,0,0,0,0
4,天津,64,True,3200,0,0,0,0
4,天津,65,True,3200,0,0,0,0
4,天津,66,True,3200,0,0,0,0
4,天津,67,True,3200,0,0,0,0
4,天津,68,True,3200,0,0,0,0
4,天津,69,True,3200,0,0,0,0
4,天津,70,True,3200,2,0,0,0
4,天津,71,True,3200,5,2,2,0
4,天津,72,True,3200,0,0,0,0
4,天津,73,True,3200,0,0,0,0
4,天津,74,True,3200,0,0,0,0
4,天津,75,True,3200,0,0,0,0
4,天津,76,True,3200,2,0,0,0
4,天津,77,True,3200,1,0,0,0
4,天津,78,True,3200,0,0,0,0
4,天津,79,True,3200,6,0,0,0
4,天津,80,True,3200,1,0,0,0
4,天津,81,True,3200,0,0,0,0
4,天津,82,True,3200,0,0,0,0
4,天津,83,True,3200,0,0,0,0
4,天津,84,True,3200,0,0,0,0
4,天津,85,True,3200,1,0,0,0
4,天津,86,True,3200,0,0,0,0
4,天津,87,True,3200,0,0,0,0
4,天津,88,True,3200,0,0,0,0
4,天津,89,True,3200,0,0,0,0
4,天津,90,True,3200,2,0,0,0
4,天津,91,True,3200,4,1,0,1
4,天津,92,True,3200,1,1,0,1
4,天津,93,True,3200,2,0,0,0
4,天津,94,True,3200,0,0,0,0
4,天津,95,True,3200,0,0,0,0
4,天津,96,True,3200,0,0,0,0
4,天津,97,True,3200,2,0,0,0
4,天津,98,True,3200,0,0,0,0
4,天津,99,True,3200,2,1,1,0
4,天津,100,True,3200,1,0,0,0
4,河北,1,True,3200,0,0,0,0
4,河北,2,True,3200,0,0,0,0
4,河北,3,True,3200,0,0,0,0
4,河北,4,True,3200,0,0,0,0
4,河北,5,True,3200,0,0,0,0
4,河北,6,True,3200,2,0,0,0
4,河北,7,True,3200,0,0,0,0
4,河北,8,True,3200,2,0,0,0
4,河北,9,True,3200,1,1,1,0
4,河北,10,True,3200,6,3,0,3
4,河北,11,True,3200,0,0,0,0
4,河北,12,True,3200,0,0,0,0
4,河北,13,True,3200,2,1,1,0
4,河北,14,True,3200,6,1,0,1
4,河北,15,True,3200,6,2,1,1
4,河北,16,True,3200,0,0,0,0
4,河北,17,True,3200,1,1,1,0
4,河北,18,True,3200,0,0,0,0
4,河北,19,True,3200,0,0,0,0
4,河北,20,True,3200,0,0,0,0
4,河北,21,True,3200,6,1,1,0
4,河北,22,True,3200,2,1,1,0
4,河北,23,True,3200,0,0,0,0
4,河北,24,True,3200,0,0,0,0
4,河北,25,True,3200,2,0,0,0
4,河北,26,True,3200,8,1,1,0
4,河北,27,True,3200,0,0,0,0
4,河北,28,True,3200,0,0,0,0
4,河北,29,True,3200,0,0,0,0
4,河北,30,True,3200,0,0,0,0
4,河北,31,True,3200,0,0,0,0
4,河北,32,True,3200,0,0,0,0
4,河北,33,True,3200,0,0,0,0
4,河北,34,True,3200,2,0,0,0
4,河北,35,True,3200,0,0,0,0
4,河北,36,True,3200,4,1,0,1
4,河北,37,True,3200,1,0,0,0
4,河北,38,True,3200,1,0,0,0
4,河北,39,True,3200,1,0,0,0
4,河北,40,True,3200,0,0,0,0
4,河北,41,True,3200,0,0,0,0
4,河北,42,True,3200,2,1,1,0
4,河北,43,True,3200,0,0,0,0
4,河北,44,True,3200,0,0,0,0
4,河北,45,True,3200,0,0,0,0
4,河北,46,True,3200,0,0,0,0
4,河北,47,True,3200,0,0,0,0
4,河北,48,True,3200,2,1,0,1
4,河北,49,True,3200,0,0,0,0
4,河北,50,True,3200,4,0,0,0
4,河北,51,True,3200,0,0,0,0
4,河北,52,True,3200,0,0,0,0
4,河北,53,True,3200,1,0,0,0
4,河北,54,True,3200,1,0,0,0
4,河北,55,True,3200,1,0,0,0
4,河北,56,True,3200,0,0,0,0
4,河北,57,True,3200,0,0,0,0
4,河北,58,True,3200,0,0,0,0
4,河北,59,True,3200,0,0,0,0
4,河北,60,True,3200,0,0,0,0
4,河北,61,True,3200,0,0,0,0
4,河北,62,True,3200,0,0,0,0
4,河北,63,True,3200,8,1,1,0
4,河北,64,True,3200,16,4,4,0
4,河北,65,True,3200,2,1,1,0
4,河北,66,True,3200,0,0,0,0
4,河北,67,True,3200,0,0,0,0
4,河北,68,True,3200,0,0,0,0
4,河北,69,True,3200,0,0,0,0
4,河北,70,True,3200,0,0,0,0
4,河北,71,True,3200,0,0,0,0
4,河北,72,True,3200,2,0,0,0
4,河北,73,True,3200,0,0,0,0
4,河北,74,True,3200,0,0,0,0
4,河北,75,True,3200,0,0,0,0
4,河北,76,True,3200,0,0,0,0
4,河北,77,True,3200,0,0,0,0
4,河北,78,True,3200,0,0,0,0
4,河北,79,True,3200,0,0,0,0
4,河北,80,True,3200,0,0,0,0
4,河北,81,True,3200,1,1,1,0
4,河北,82,True,3200,0,0,0,0
4,河北,83,True,3200,0,0,0,0
4,河北,84,True,3200,0,0,0,0
4,河北,85,True,3200,0,0,0,0
4,河北,86,True,3200,0,0,0,0
4,河北,87,True,3200,0,0,0,0
4,河北,88,True,3200,0,0,0,0
4,河北,89,True,3200,2,1,0,1
4,河北,90,True,3200,1,0,0,0
4,河北,91,True,3200,0,0,0,0
4,河北,92,True,3200,16,8,8,0
4,河北,93,True,3200,7,2,1,1
4,河北,94,True,3200,2,0,0,0
4,河北,95,True,3200,2,1,0,1
4,河北,96,True,3200,0,0,0,0
4,河北,97,True,3200,0,0,0,0
4,河北,98,True,3200,0,0,0,0
4,河北,99,True,3200,0,0,0,0
4,河北,100,True,3200,0,0,0,0
4,山西,1,True,3200,0,0,0,0
4,山西,2,True,3200,0,0,0,0
4,山西,3,True,3200,0,0,0,0
4,山西,4,True,3200,0,0,0,0
4,山西,5,True,3200,0,0,0,0
4,山西,6,True,3200,0,0,0,0
4,山西,7,True,3200,0,0,0,0
4,山西,8,True,3200,0,0,0,0
4,山西,9,True,3200,0,0,0,0
4,山西,10,True,3200,0,0,0,0
4,山西,11,True,3200,0,0,0,0
4,山西,12,True,3200,0,0,0,0
4,山西,13,True,3200,0,0,0,0
4,山西,14,True,3200,0,0,0,0
4,山西,15,True,3200,0,0,0,0
4,山西,16,True,3200,0,0,0,0
4,山西,17,True,3200,0,0,0,0
4,山西,18,True,3200,0,0,0,0
4,山西,19,True,3200,0,0,0,0
4,山西,20,True,3200,0,0,0,0
4,山西,21,True,3200,0,0,0,0
4,山西,22,True,3200,0,0,0,0
4,山西,23,True,3200,0,0,0,0
4,山西,24,True,3200,0,0,0,0
4,山西,25,True,3200,0,0,0,0
4,山西,26,True,3200,0,0,0,0
4,山西,27,True,3200,0,0,0,0
4,山西,28,True,3200,0,0,0,0
4,山西,29,True,3200,0,0,0,0
4,山西,30,True,3200,0,0,0,0
4,山西,31,True,3200,0,0,0,0
4,山西,32,True,3200,0,0,0,0
4,山西,33,True,3200,0,0,0,0
4,山西,34,True,3200,0,0,0,0
4,山西,35,True,3200,0,0,0,0
4,山西,36,True,3200,0,0,0,0
4,山西,37,True,3200,0,0,0,0
4,山西,38,True,3200,0,0,0,0
4,山西,39,True,3200,0,0,0,0
4,山西,40,True,3200,2,0,0,0
4,山西,41,True,3200,2,0,0,0
4,山西,42,True,3200,2,1,1,0
4,山西,43,True,3200,4,0,0,0
4,山西,44,True,3200,4,0,0,0
4,山西,45,True,3200,10,0,0,0
4,山西,46,True,3200,9,4,0,4
4,山西,47,True,3200,6,0,0,0
4,山西,48,True,3200,2,0,0,0
4,山西,49,True,3200,4,1,1,0
4,山西,50,True,3200,22,5,3,2
4,山西,51,True,3200,5,1,1,0
4,山西,52,True,3200,0,0,0,0
4,山西,53,True,3200,0,0,0,0
4,山西,54,True,3200,0,0,0,0
4,山西,55,True,3200,0,0,0,0
4,山西,56,True,3200,4,1,1,0
4,山西,57,True,3200,0,0,0,0
4,山西,58,True,3200,0,0,0,0
4,山西,59,True,3200,0,0,0,0
4,山西,60,True,3200,0,0,0,0
4,山西,61,True,3200,0,0,0,0
4,山西,62,True,3200,2,1,1,0
4,山西,63,True,3200,1,0,0,0
4,山西,64,True,3200,0,0,0,0
4,山西,65,True,3200,0,0,0,0
4,山西,66,True,3200,0,0,0,0
4,山西,67,True,3200,2,0,0,0
4,山西,68,True,3200,0,0,0,0
4,山西,69,True,3200,2,1,0,1
4,山西,70,True,3200,0,0,0,0
4,山西,71,True,3200,0,0,0,0
4,山西,72,True,3200,2,0,0,0
4,山西,73,True,3200,2,1,0,1
4,山西,74,True,3200,0,0,0,0
4,山西,75,True,3200,0,0,0,0
4,山西,76,True,3200,0,0,0,0
4,山西,77,True,3200,0,0,0,0
4,山西,78,True,3200,2,0,0,0
4,山西,79,True,3200,0,0,0,0
4,山西,80,True,3200,0,0,0,0
4,山西,81,True,3200,0,0,0,0
4,山西,82,True,3200,4,0,0,0
4,山西,83,True,3200,0,0,0,0
4,山西,84,True,3200,2,0,0,0
4,山西,85,True,3200,3,0,0,0
4,山西,86,True,3200,6,0,0,0
4,山西,87,True,3200,13,1,1,0
4,山西,88,True,3200,6,1,0,1
4,山西,89,True,3200,1,1,0,1
4,山西,90,True,3200,2,0,0,0
4,山西,91,True,3200,0,0,0,0
4,山西,92,True,3200,0,0,0,0
4,山西,93,True,3200,2,1,0,1
4,山西,94,True,3200,0,0,0,0
4,山西,95,True,3200,0,0,0,0
4,山西,96,True,3200,1,1,0,1
4,山西,97,True,3200,0,0,0,0
4,山西,98,True,3200,2,1,1,0
4,山西,99,True,3200,8,3,3,0
4,山西,100,True,3200,0,0,0,0
4,内蒙古,1,True,3200,0,0,0,0
4,内蒙古,2,True,3200,0,0,0,0
4,内蒙古,3,True,3200,0,0,0,0
4,内蒙古,4,True,3200,0,0,0,0
4,内蒙古,5,True,3200,0,0,0,0
4,内蒙古,6,True,3200,1,0,0,0
4,内蒙古,7,True,3200,3,2,2,0
4,内蒙古,8,True,3200,0,0,0,0
4,内蒙古,9,True,3200,0,0,0,0
4,内蒙古,10,True,3200,0,0,0,0
4,内蒙古,11,True,3200,0,0,0,0
4,内蒙古,12,True,3200,1,0,0,0
4,内蒙古,13,True,3200,0,0,0,0
4,内蒙古,14,True,3200,2,0,0,0
4,内蒙古,15,True,3200,21,8,8,0
4,内蒙古,16,True,3200,4,1,0,1
4,内蒙古,17,True,3200,4,0,0,0
4,内蒙古,18,True,3200,4,0,0,0
4,内蒙古,19,True,3200,4,1,1,0
4,内蒙古,20,True,3200,8,2,0,2
4,内蒙古,21,True,3200,4,1,0,1
4,内蒙古,22,True,3200,0,0,0,0
4,内蒙古,23,True,3200,5,2,1,1
4,内蒙古,24,True,3200,0,0,0,0
4,内蒙古,25,True,3200,0,0,0,0
4,内蒙古,26,True,3200,2,0,0,0
4,内蒙古,27,True,3200,0,0,0,0
4,内蒙古,28,True,3200,0,0,0,0
4,内蒙古,29,True,3200,0,0,0,0
4,内蒙古,30,True,3200,0,0,0,0
4,内蒙古,31,True,3200,0,0,0,0
4,内蒙古,32,True,3200,1,0,0,0
4,内蒙古,33,True,3200,0,0,0,0
4,内蒙古,34,True,3200,0,0,0,0
4,内蒙古,35,True,3200,0,0,0,0
4,内蒙古,36,True,3200,0,0,0,0
4,内蒙古,37,True,3200,0,0,0,0
4,内蒙古,38,True,3200,14,4,1,3
4,内蒙古,39,True,3200,0,0,0,0
4,内蒙古,40,True,3200,0,0,0,0
4,内蒙古,41,True,3200,0,0,0,0
4,内蒙古,42,True,3200,0,0,0,0
4,内蒙古,43,True,3200,0,0,0,0
4,内蒙古,44,True,3200,0,0,0,0
4,内蒙古,45,True,3200,0,0,0,0
4,内蒙古,46,True,3200,0,0,0,0
4,内蒙古,47,True,3200,0,0,0,0
4,内蒙古,48,True,3200,4,2,2,0
4,内蒙古,49,True,3200,1,0,0,0
4,内蒙古,50,True,3200,13,6,0,6
4,内蒙古,51,True,3200,0,0,0,0
4,内蒙古,52,True,3200,3,1,1,0
4,内蒙古,53,True,3200,3,2,1,1
4,内蒙古,54,True,3200,0,0,0,0
4,内蒙古,55,True,3200,0,0,0,0
4,内蒙古,56,True,3200,4,0,0,0
4,内蒙古,57,True,3200,0,0,0,0
4,内蒙古,58,True,3200,4,2,2,0
4,内蒙古,59,True,3200,4,2,2,0
4,内蒙古,60,True,3200,2,0,0,0
4,内蒙古,61,True,3200,2,0,0,0
4,内蒙古,62,True,3200,0,0,0,0
4,内蒙古,63,True,3200,0,0,0,0
4,内蒙古,64,True,3200,0,0,0,0
4,内蒙古,65,True,3200,0,0,0,0
4,内蒙古,66,True,3200,0,0,0,0
4,内蒙古,67,True,3200,10,2,2,0
4,内蒙古,68,True,3200,0,0,0,0
4,内蒙古,69,True,3200,4,0,0,0
4,内蒙古,70,True,3200,0,0,0,0
4,内蒙古,71,True,3200,0,0,0,0
4,内蒙古,72,True,3200,0,0,0,0
4,内蒙古,73,True,3200,0,0,0,0
4,内蒙古,74,True,3200,0,0,0,0
4,内蒙古,75,True,3200,0,0,0,0
4,内蒙古,76,True,3200,2,0,0,0
4,内蒙古,77,True,3200,0,0,0,0
4,内蒙古,78,True,3200,0,0,0,0
4,内蒙古,79,True,3200,0,0,0,0
4,内蒙古,80,True,3200,0,0,0,0
4,内蒙古,81,True,3200,0,0,0,0
4,内蒙古,82,True,3200,0,0,0,0
4,内蒙古,83,True,3200,0,0,0,0
4,内蒙古,84,True,3200,0,0,0,0
4,内蒙古,85,True,3200,0,0,0,0
4,内蒙古,86,True,3200,0,0,0,0
4,内蒙古,87,True,3200,0,0,0,0
4,内蒙古,88,True,3200,0,0,0,0
4,内蒙古,89,True,3200,0,0,0,0
4,内蒙古,90,True,3200,0,0,0,0
4,内蒙古,91,True,3200,0,0,0,0
4,内蒙古,92,True,3200,0,0,0,0
4,内蒙古,93,True,3200,0,0,0,0
4,内蒙古,94,True,3200,0,0,0,0
4,内蒙古,95,True,3200,0,0,0,0
4,内蒙古,96,True,3200,0,0,0,0
4,内蒙古,97,True,3200,0,0,0,0
4,内蒙古,98,True,3200,0,0,0,0
4,内蒙古,99,True,3200,0,0,0,0
4,内蒙古,100,True,3200,0,0,0,0
4,辽宁,1,True,3200,0,0,0,0
4,辽宁,2,True,3200,0,0,0,0
4,辽宁,3,True,3200,0,0,0,0
4,辽宁,4,True,3200,0,0,0,0
4,辽宁,5,True,3200,0,0,0,0
4,辽宁,6,True,3200,0,0,0,0
4,辽宁,7,True,3200,0,0,0,0
4,辽宁,8,True,3200,0,0,0,0
4,辽宁,9,True,3200,0,0,0,0
4,辽宁,10,True,3200,0,0,0,0
4,辽宁,11,True,3200,0,0,0,0
4,辽宁,12,True,3200,0,0,0,0
4,辽宁,13,True,3200,0,0,0,0
4,辽宁,14,True,3200,0,0,0,0
4,辽宁,15,True,3200,0,0,0,0
4,辽宁,16,True,3200,0,0,0,0
4,辽宁,17,True,3200,2,0,0,0
4,辽宁,18,True,3200,0,0,0,0
4,辽宁,19,True,3200,0,0,0,0
4,辽宁,20,True,3200,3,1,1,0
4,辽宁,21,True,3200,2,1,0,1
4,辽宁,22,True,3200,0,0,0,0
4,辽宁,23,True,3200,5,1,0,1
4,辽宁,24,True,3200,4,2,2,0
4,辽宁,25,True,3200,0,0,0,0
4,辽宁,26,True,3200,0,0,0,0
4,辽宁,27,True,3200,0,0,0,0
4,辽宁,28,True,3200,0,0,0,0
4,辽宁,29,True,3200,0,0,0,0
4,辽宁,30,True,3200,0,0,0,0
4,辽宁,31,True,3200,2,1,1,0
4,辽宁,32,True,3200,0,0,0,0
4,辽宁,33,True,3200,0,0,0,0
4,辽宁,34,True,3200,0,0,0,0
4,辽宁,35,True,3200,0,0,0,0
4,辽宁,36,True,3200,0,0,0,0
4,辽宁,37,True,3200,0,0,0,0
4,辽宁,38,True,3200,0,0,0,0
4,辽宁,39,True,3200,0,0,0,0
4,辽宁,40,True,3200,2,1,1,0
4,辽宁,41,True,3200,0,0,0,0
4,辽宁,42,True,3200,0,0,0,0
4,辽宁,43,True,3200,0,0,0,0
4,辽宁,44,True,3200,0,0,0,0
4,辽宁,45,True,3200,0,0,0,0
4,辽宁,46,True,3200,0,0,0,0
4,辽宁,47,True,3200,0,0,0,0
4,辽宁,48,True,3200,0,0,0,0
4,辽宁,49,True,3200,0,0,0,0
4,辽宁,50,True,3200,0,0,0,0
4,辽宁,51,True,3200,0,0,0,0
4,辽宁,52,True,3200,0,0,0,0
4,辽宁,53,True,3200,0,0,0,0
4,辽宁,54,True,3200,0,0,0,0
4,辽宁,55,True,3200,0,0,0,0
4,辽宁,56,True,3200,0,0,0,0
4,辽宁,57,True,3200,3,0,0,0
4,辽宁,58,True,3200,0,0,0,0
4,辽宁,59,True,3200,0,0,0,0
4,辽宁,60,True,3200,0,0,0,0
4,辽宁,61,True,3200,0,0,0,0
4,辽宁,62,True,3200,0,0,0,0
4,辽宁,63,True,3200,0,0,0,0
4,辽宁,64,True,3200,0,0,0,0
4,辽宁,65,True,3200,0,0,0,0
4,辽宁,66,True,3200,0,0,0,0
4,辽宁,67,True,3200,0,0,0,0
4,辽宁,68,True,3200,0,0,0,0
4,辽宁,69,True,3200,0,0,0,0
4,辽宁,70,True,3200,0,0,0,0
4,辽宁,71,True,3200,0,0,0,0
4,辽宁,72,True,3200,0,0,0,0
4,辽宁,73,True,3200,0,0,0,0
4,辽宁,74,True,3200,0,0,0,0
4,辽宁,75,True,3200,0,0,0,0
4,辽宁,76,True,3200,0,0,0,0
4,辽宁,77,True,3200,0,0,0,0
4,辽宁,78,True,3200,0,0,0,0
4,辽宁,79,True,3200,0,0,0,0
4,辽宁,80,True,3200,0,0,0,0
4,辽宁,81,True,3200,0,0,0,0
4,辽宁,82,True,3200,0,0,0,0
4,辽宁,83,True,3200,0,0,0,0
4,辽宁,84,True,3200,0,0,0,0
4,辽宁,85,True,3200,0,0,0,0
4,辽宁,86,True,3200,0,0,0,0
4,辽宁,87,True,3200,0,0,0,0
4,辽宁,88,True,3200,0,0,0,0
4,辽宁,89,True,3200,0,0,0,0
4,辽宁,90,True,3200,0,0,0,0
4,辽宁,91,True,3200,0,0,0,0
4,辽宁,92,True,3200,0,0,0,0
4,辽宁,93,True,3200,0,0,0,0
4,辽宁,94,True,3200,0,0,0,0
4,辽宁,95,True,3200,0,0,0,0
4,辽宁,96,True,3200,0,0,0,0
4,辽宁,97,True,3200,0,0,0,0
4,辽宁,98,True,3200,0,0,0,0
4,辽宁,99,True,3200,0,0,0,0
4,辽宁,100,True,3200,0,0,0,0
4,吉林,1,True,3200,0,0,0,0
4,吉林,2,True,3200,0,0,0,0
4,吉林,3,True,3200,0,0,0,0
4,吉林,4,True,3200,0,0,0,0
4,吉林,5,True,3200,0,0,0,0
4,吉林,6,True,3200,0,0,0,0
4,吉林,7,True,3200,0,0,0,0
4,吉林,8,True,3200,3,0,0,0
4,吉林,9,True,3200,4,1,1,0
4,吉林,10,True,3200,1,1,0,1
4,吉林,11,True,3200,0,0,0,0
4,吉林,12,True,3200,0,0,0,0
4,吉林,13,True,3200,0,0,0,0
4,吉林,14,True,3200,2,0,0,0
4,吉林,15,True,3200,0,0,0,0
4,吉林,16,True,3200,0,0,0,0
4,吉林,17,True,3200,0,0,0,0
4,吉林,18,True,3200,0,0,0,0
4,吉林,19,True,3200,2,0,0,0
4,吉林,20,True,3200,0,0,0,0
4,吉林,21,True,3200,0,0,0,0
4,吉林,22,True,3200,0,0,0,0
4,吉林,23,True,3200,0,0,0,0
4,吉林,24,True,3200,4,1,1,0
4,吉林,25,True,3200,2,1,0,1
4,吉林,26,True,3200,0,0,0,0
4,吉林,27,True,3200,4,1,1,0
4,吉林,28,True,3200,10,0,0,0
4,吉林,29,True,3200,37,5,5,0
4,吉林,30,True,3200,30,8,8,0
4,吉林,31,True,3200,10,3,0,3
4,吉林,32,True,3200,0,0,0,0
4,吉林,33,True,3200,0,0,0,0
4,吉林,34,True,3200,1,1,0,1
4,吉林,35,True,3200,1,0,0,0
4,吉林,36,True,3200,0,0,0,0
4,吉林,37,True,3200,0,0,0,0
4,吉林,38,True,3200,0,0,0,0
4,吉林,39,True,3200,2,1,1,0
4,吉林,40,True,3200,0,0,0,0
4,吉林,41,True,3200,0,0,0,0
4,吉林,42,True,3200,0,0,0,0
4,吉林,43,True,3200,4,2,0,2
4,吉林,44,True,3200,3,0,0,0
4,吉林,45,True,3200,0,0,0,0
4,吉林,46,True,3200,0,0,0,0
4,吉林,47,True,3200,1,0,0,0
4,吉林,48,True,3200,0,0,0,0
4,吉林,49,True,3200,1,1,1,0
4,吉林,50,True,3200,0,0,0,0
4,吉林,51,True,3200,2,0,0,0
4,吉林,52,True,3200,0,0,0,0
4,吉林,53,True,3200,0,0,0,0
4,吉林,54,True,3200,0,0,0,0
4,吉林,55,True,3200,0,0,0,0
4,吉林,56,True,3200,0,0,0,0
4,吉林,57,True,3200,0,0,0,0
4,吉林,58,True,3200,0,0,0,0
4,吉林,59,True,3200,0,0,0,0
4,吉林,60,True,3200,0,0,0,0
4,吉林,61,True,3200,0,0,0,0
4,吉林,62,True,3200,0,0,0,0
4,吉林,63,True,3200,2,0,0,0
4,吉林,64,True,3200,0,0,0,0
4,吉林,65,True,3200,5,2,2,0
4,吉林,66,True,3200,0,0,0,0
4,吉林,67,True,3200,0,0,0,0
4,吉林,68,True,3200,0,0,0,0
4,吉林,69,True,3200,0,0,0,0
4,吉林,70,True,3200,1,1,0,1
4,吉林,71,True,3200,0,0,0,0
4,吉林,72,True,3200,0,0,0,0
4,吉林,73,True,3200,13,1,0,1
4,吉林,74,True,3200,3,2,0,2
4,吉林,75,True,3200,0,0,0,0
4,吉林,76,True,3200,0,0,0,0
4,吉林,77,True,3200,1,0,0,0
4,吉林,78,True,3200,0,0,0,0
4,吉林,79,True,3200,2,0,0,0
4,吉林,80,True,3200,0,0,0,0
4,吉林,81,True,3200,4,0,0,0
4,吉林,82,True,3200,2,1,1,0
4,吉林,83,True,3200,8,2,1,1
4,吉林,84,True,3200,0,0,0,0
4,吉林,85,True,3200,4,2,2,0
4,吉林,86,True,3200,2,1,1,0
4,吉林,87,True,3200,0,0,0,0
4,吉林,88,True,3200,0,0,0,0
4,吉林,89,True,3200,0,0,0,0
4,吉林,90,True,3200,0,0,0,0
4,吉林,91,True,3200,0,0,0,0
4,吉林,92,True,3200,0,0,0,0
4,吉林,93,True,3200,8,1,1,0
4,吉林,94,True,3200,2,0,0,0
4,吉林,95,True,3200,6,1,0,1
4,吉林,96,True,3200,0,0,0,0
4,吉林,97,True,3200,2,1,0,1
4,吉林,98,True,3200,0,0,0,0
4,吉林,99,True,3200,5,2,1,1
4,吉林,100,True,3200,1,0,0,0
4,黑龙江,1,True,3200,0,0,0,0
4,黑龙江,2,True,3200,0,0,0,0
4,黑龙江,3,True,3200,0,0,0,0
4,黑龙江,4,True,3200,0,0,0,0
4,黑龙江,5,True,3200,0,0,0,0
4,黑龙江,6,True,3200,15,7,0,7
4,黑龙江,7,True,3200,18,2,2,0
4,黑龙江,8,True,3200,10,5,0,5
4,黑龙江,9,True,3200,0,0,0,0
4,黑龙江,10,True,3200,0,0,0,0
4,黑龙江,11,True,3200,0,0,0,0
4,黑龙江,12,True,3200,0,0,0,0
4,黑龙江,13,True,3200,0,0,0,0
4,黑龙江,14,True,3200,0,0,0,0
4,黑龙江,15,True,3200,0,0,0,0
4,黑龙江,16,True,3200,22,0,0,0
4,黑龙江,17,True,3200,0,0,0,0
4,黑龙江,18,True,3200,0,0,0,0
4,黑龙江,19,True,3200,0,0,0,0
4,黑龙江,20,True,3200,0,0,0,0
4,黑龙江,21,True,3200,4,1,1,0
4,黑龙江,22,True,3200,0,0,0,0
4,黑龙江,23,True,3200,3,0,0,0
4,黑龙江,24,True,3200,2,1,1,0
4,黑龙江,25,True,3200,0,0,0,0
4,黑龙江,26,True,3200,0,0,0,0
4,黑龙江,27,True,3200,0,0,0,0
4,黑龙江,28,True,3200,0,0,0,0
4,黑龙江,29,True,3200,0,0,0,0
4,黑龙江,30,True,3200,0,0,0,0
4,黑龙江,31,True,3200,0,0,0,0
4,黑龙江,32,True,3200,0,0,0,0
4,黑龙江,33,True,3200,0,0,0,0
4,黑龙江,34,True,3200,0,0,0,0
4,黑龙江,35,True,3200,0,0,0,0
4,黑龙江,36,True,3200,0,0,0,0
4,黑龙江,37,True,3200,4,1,0,1
4,黑龙江,38,True,3200,8,2,2,0
4,黑龙江,39,True,3200,6,0,0,0
4,黑龙江,40,True,3200,0,0,0,0
4,黑龙江,41,True,3200,2,1,1,0
4,黑龙江,42,True,3200,5,1,1,0
4,黑龙江,43,True,3200,0,0,0,0
4,黑龙江,44,True,3200,4,2,2,0
4,黑龙江,45,True,3200,0,0,0,0
4,黑龙江,46,True,3200,4,1,1,0
4,黑龙江,47,True,3200,0,0,0,0
4,黑龙江,48,True,3200,0,0,0,0
4,黑龙江,49,True,3200,2,0,0,0
4,黑龙江,50,True,3200,2,0,0,0
4,黑龙江,51,True,3200,9,0,0,0
4,黑龙江,52,True,3200,2,0,0,0
4,黑龙江,53,True,3200,0,0,0,0
4,黑龙江,54,True,3200,1,1,1,0
4,黑龙江,55,True,3200,0,0,0,0
4,黑龙江,56,True,3200,0,0,0,0
4,黑龙江,57,True,3200,0,0,0,0
4,黑龙江,58,True,3200,2,0,0,0
4,黑龙江,59,True,3200,0,0,0,0
4,黑龙江,60,True,3200,5,0,0,0
4,黑龙江,61,True,3200,0,0,0,0
4,黑龙江,62,True,3200,2,1,0,1
4,黑龙江,63,True,3200,20,5,5,0
4,黑龙江,64,True,3200,0,0,0,0
4,黑龙江,65,True,3200,0,0,0,0
4,黑龙江,66,True,3200,5,1,1,0
4,黑龙江,67,True,3200,0,0,0,0
4,黑龙江,68,True,3200,4,2,0,2
4,黑龙江,69,True,3200,5,3,1,2
4,黑龙江,70,True,3200,3,0,0,0
4,黑龙江,71,True,3200,0,0,0,0
4,黑龙江,72,True,3200,0,0,0,0
4,黑龙江,73,True,3200,1,0,0,0
4,黑龙江,74,True,3200,0,0,0,0
4,黑龙江,75,True,3200,1,1,0,1
4,黑龙江,76,True,3200,2,0,0,0
4,黑龙江,77,True,3200,0,0,0,0
4,黑龙江,78,True,3200,4,1,1,0
4,黑龙江,79,True,3200,2,0,0,0
4,黑龙江,80,True,3200,0,0,0,0
4,黑龙江,81,True,3200,0,0,0,0
4,黑龙江,82,True,3200,3,0,0,0
4,黑龙江,83,True,3200,4,1,1,0
4,黑龙江,84,True,3200,0,0,0,0
4,黑龙江,85,True,3200,0,0,0,0
4,黑龙江,86,True,3200,2,0,0,0
4,黑龙江,87,True,3200,0,0,0,0
4,黑龙江,88,True,3200,2,1,0,1
4,黑龙江,89,True,3200,0,0,0,0
4,黑龙江,90,True,3200,0,0,0,0
4,黑龙江,91,True,3200,0,0,0,0
4,黑龙江,92,True,3200,0,0,0,0
4,黑龙江,93,True,3200,2,0,0,0
4,黑龙江,94,True,3200,0,0,0,0
4,黑龙江,95,True,3200,0,0,0,0
4,黑龙江,96,True,3200,0,0,0,0
4,黑龙江,97,True,3200,0,0,0,0
4,黑龙江,98,True,3200,0,0,0,0
4,黑龙江,99,True,3200,4,2,2,0
4,黑龙江,100,True,3200,0,0,0,0
4,上海,1,True,3200,0,0,0,0
4,上海,2,True,3200,0,0,0,0
4,上海,3,True,3200,0,0,0,0
4,上海,4,True,3200,0,0,0,0
4,上海,5,True,3200,0,0,0,0
4,上海,6,True,3200,0,0,0,0
4,上海,7,True,3200,0,0,0,0
4,上海,8,True,3200,0,0,0,0
4,上海,9,True,3200,1,0,0,0
4,上海,10,True,3200,2,0,0,0
4,上海,11,True,3200,1,1,0,1
4,上海,12,True,3200,0,0,0,0
4,上海,13,True,3200,0,0,0,0
4,上海,14,True,3200,0,0,0,0
4,上海,15,True,3200,4,1,1,0
4,上海,16,True,3200,6,1,1,0
4,上海,17,True,3200,2,0,0,0
4,上海,18,True,3200,0,0,0,0
4,上海,19,True,3200,0,0,0,0
4,上海,20,True,3200,0,0,0,0
4,上海,21,True,3200,3,0,0,0
4,上海,22,True,3200,2,0,0,0
4,上海,23,True,3200,0,0,0,0
4,上海,24,True,3200,3,1,1,0
4,上海,25,True,3200,2,0,0,0
4,上海,26,True,3200,0,0,0,0
4,上海,27,True,3200,0,0,0,0
4,上海,28,True,3200,4,1,0,1
4,上海,29,True,3200,0,0,0,0
4,上海,30,True,3200,0,0,0,0
4,上海,31,True,3200,0,0,0,0
4,上海,32,True,3200,0,0,0,0
4,上海,33,True,3200,4,0,0,0
4,上海,34,True,3200,2,0,0,0
4,上海,35,True,3200,0,0,0,0
4,上海,36,True,3200,0,0,0,0
4,上海,37,True,3200,0,0,0,0
4,上海,38,True,3200,0,0,0,0
4,上海,39,True,3200,0,0,0,0
4,上海,40,True,3200,6,2,1,1
4,上海,41,True,3200,4,2,0,2
4,上海,42,True,3200,2,0,0,0
4,上海,43,True,3200,0,0,0,0
4,上海,44,True,3200,0,0,0,0
4,上海,45,True,3200,0,0,0,0
4,上海,46,True,3200,1,1,0,1
4,上海,47,True,3200,6,2,1,1
4,上海,48,True,3200,0,0,0,0
4,上海,49,True,3200,0,0,0,0
4,上海,50,True,3200,0,0,0,0
4,上海,51,True,3200,2,0,0,0
4,上海,52,True,3200,4,1,0,1
4,上海,53,True,3200,2,0,0,0
4,上海,54,True,3200,0,0,0,0
4,上海,55,True,3200,0,0,0,0
4,上海,56,True,3200,0,0,0,0
4,上海,57,True,3200,0,0,0,0
4,上海,58,True,3200,0,0,0,0
4,上海,59,True,3200,0,0,0,0
4,上海,60,True,3200,0,0,0,0
4,上海,61,True,3200,0,0,0,0
4,上海,62,True,3200,0,0,0,0
4,上海,63,True,3200,0,0,0,0
4,上海,64,True,3200,0,0,0,0
4,上海,65,True,3200,0,0,0,0
4,上海,66,True,3200,0,0,0,0
4,上海,67,True,3200,0,0,0,0
4,上海,68,True,3200,0,0,0,0
4,上海,69,True,3200,0,0,0,0
4,上海,70,True,3200,0,0,0,0
4,上海,71,True,3200,0,0,0,0
4,上海,72,True,3200,0,0,0,0
4,上海,73,True,3200,0,0,0,0
4,上海,74,True,3200,0,0,0,0
4,上海,75,True,3200,0,0,0,0
4,上海,76,True,3200,0,0,0,0
4,上海,77,True,3200,4,1,1,0
4,上海,78,True,3200,2,0,0,0
4,上海,79,True,3200,0,0,0,0
4,上海,80,True,3200,0,0,0,0
4,上海,81,True,3200,0,0,0,0
4,上海,82,True,3200,0,0,0,0
4,上海,83,True,3200,0,0,0,0
4,上海,84,True,3200,0,0,0,0
4,上海,85,True,3200,0,0,0,0
4,上海,86,True,3200,0,0,0,0
4,上海,87,True,3200,4,1,1,0
4,上海,88,True,3200,0,0,0,0
4,上海,89,True,3200,0,0,0,0
4,上海,90,True,3200,0,0,0,0
4,上海,91,True,3200,0,0,0,0
4,上海,92,True,3200,2,0,0,0
4,上海,93,True,3200,0,0,0,0
4,上海,94,True,3200,0,0,0,0
4,上海,95,True,3200,0,0,0,0
4,上海,96,True,3200,0,0,0,0
4,上海,97,True,3200,0,0,0,0
4,上海,98,True,3200,0,0,0,0
4,上海,99,True,3200,1,0,0,0
4,上海,100,True,3200,0,0,0,0
4,江苏,1,True,3200,0,0,0,0
4,江苏,2,True,3200,0,0,0,0
4,江苏,3,True,3200,0,0,0,0
4,江苏,4,True,3200,0,0,0,0
4,江苏,5,True,3200,0,0,0,0
4,江苏,6,True,3200,0,0,0,0
4,江苏,7,True,3200,0,0,0,0
4,江苏,8,True,3200,0,0,0,0
4,江苏,9,True,3200,0,0,0,0
4,江苏,10,True,3200,0,0,0,0
4,江苏,11,True,3200,3,1,0,1
4,江苏,12,True,3200,0,0,0,0
4,江苏,13,True,3200,0,0,0,0
4,江苏,14,True,3200,0,0,0,0
4,江苏,15,True,3200,2,1,1,0
4,江苏,16,True,3200,0,0,0,0
4,江苏,17,True,3200,0,0,0,0
4,江苏,18,True,3200,1,0,0,0
4,江苏,19,True,3200,1,1,1,0
4,江苏,20,True,3200,0,0,0,0
4,江苏,21,True,3200,8,3,3,0
4,江苏,22,True,3200,2,1,1,0
4,江苏,23,True,3200,13,3,3,0
4,江苏,24,True,3200,2,1,0,1
4,江苏,25,True,3200,0,0,0,0
4,江苏,26,True,3200,4,0,0,0
4,江苏,27,True,3200,4,2,0,2
4,江苏,28,True,3200,0,0,0,0
4,江苏,29,True,3200,0,0,0,0
4,江苏,30,True,3200,4,1,1,0
4,江苏,31,True,3200,0,0,0,0
4,江苏,32,True,3200,0,0,0,0
4,江苏,33,True,3200,0,0,0,0
4,江苏,34,True,3200,0,0,0,0
4,江苏,35,True,3200,0,0,0,0
4,江苏,36,True,3200,0,0,0,0
4,江苏,37,True,3200,0,0,0,0
4,江苏,38,True,3200,2,0,0,0
4,江苏,39,True,3200,1,0,0,0
4,江苏,40,True,3200,0,0,0,0
4,江苏,41,True,3200,4,0,0,0
4,江苏,42,True,3200,0,0,0,0
4,江苏,43,True,3200,0,0,0,0
4,江苏,44,True,3200,0,0,0,0
4,江苏,45,True,3200,0,0,0,0
4,江苏,46,True,3200,0,0,0,0
4,江苏,47,True,3200,0,0,0,0
4,江苏,48,True,3200,0,0,0,0
4,江苏,49,True,3200,0,0,0,0
4,江苏,50,True,3200,0,0,0,0
4,江苏,51,True,3200,0,0,0,0
4,江苏,52,True,3200,1,0,0,0
4,江苏,53,True,3200,2,0,0,0
4,江苏,54,True,3200,4,0,0,0
4,江苏,55,True,3200,0,0,0,0
4,江苏,56,True,3200,0,0,0,0
4,江苏,57,True,3200,0,0,0,0
4,江苏,58,True,3200,0,0,0,0
4,江苏,59,True,3200,0,0,0,0
4,江苏,60,True,3200,0,0,0,0
4,江苏,61,True,3200,0,0,0,0
4,江苏,62,True,3200,0,0,0,0
4,江苏,63,True,3200,0,0,0,0
4,江苏,64,True,3200,0,0,0,0
4,江苏,65,True,3200,0,0,0,0
4,江苏,66,True,3200,4,1,1,0
4,江苏,67,True,3200,0,0,0,0
4,江苏,68,True,3200,0,0,0,0
4,江苏,69,True,3200,0,0,0,0
4,江苏,70,True,3200,0,0,0,0
4,江苏,71,True,3200,0,0,0,0
4,江苏,72,True,3200,0,0,0,0
4,江苏,73,True,3200,0,0,0,0
4,江苏,74,True,3200,0,0,0,0
4,江苏,75,True,3200,0,0,0,0
4,江苏,76,True,3200,0,0,0,0
4,江苏,77,True,3200,0,0,0,0
4,江苏,78,True,3200,0,0,0,0
4,江苏,79,True,3200,0,0,0,0
4,江苏,80,True,3200,0,0,0,0
4,江苏,81,True,3200,0,0,0,0
4,江苏,82,True,3200,0,0,0,0
4,江苏,83,True,3200,0,0,0,0
4,江苏,84,True,3200,0,0,0,0
4,江苏,85,True,3200,0,0,0,0
4,江苏,86,True,3200,0,0,0,0
4,江苏,87,True,3200,0,0,0,0
4,江苏,88,True,3200,0,0,0,0
4,江苏,89,True,3200,0,0,0,0
4,江苏,90,True,3200,0,0,0,0
4,江苏,91,True,3200,0,0,0,0
4,江苏,92,True,3200,0,0,0,0
4,江苏,93,True,3200,0,0,0,0
4,江苏,94,True,3200,0,0,0,0
4,江苏,95,True,3200,0,0,0,0
4,江苏,96,True,3200,0,0,0,0
4,江苏,97,True,3200,0,0,0,0
4,江苏,98,True,3200,0,0,0,0
4,江苏,99,True,3200,0,0,0,0
4,江苏,100,True,3200,0,0,0,0
4,浙江,1,True,3200,0,0,0,0
4,浙江,2,True,3200,0,0,0,0
4,浙江,3,True,3200,0,0,0,0
4,浙江,4,True,3200,0,0,0,0
4,浙江,5,True,3200,0,0,0,0
4,浙江,6,True,3200,0,0,0,0
4,浙江,7,True,3200,0,0,0,0
4,浙江,8,True,3200,0,0,0,0
4,浙江,9,True,3200,0,0,0,0
4,浙江,10,True,3200,0,0,0,0
4,浙江,11,True,3200,0,0,0,0
4,浙江,12,True,3200,0,0,0,0
4,浙江,13,True,3200,0,0,0,0
4,浙江,14,True,3200,2,1,1,0
4,浙江,15,True,3200,0,0,0,0
4,浙江,16,True,3200,4,1,1,0
4,浙江,17,True,3200,0,0,0,0
4,浙江,18,True,3200,0,0,0,0
4,浙江,19,True,3200,0,0,0,0
4,浙江,20,True,3200,0,0,0,0
4,浙江,21,True,3200,0,0,0,0
4,浙江,22,True,3200,0,0,0,0
4,浙江,23,True,3200,0,0,0,0
4,浙江,24,True,3200,0,0,0,0
4,浙江,25,True,3200,0,0,0,0
4,浙江,26,True,3200,0,0,0,0
4,浙江,27,True,3200,0,0,0,0
4,浙江,28,True,3200,0,0,0,0
4,浙江,29,True,3200,2,1,0,1
4,浙江,30,True,3200,0,0,0,0
4,浙江,31,True,3200,0,0,0,0
4,浙江,32,True,3200,0,0,0,0
4,浙江,33,True,3200,0,0,0,0
4,浙江,34,True,3200,0,0,0,0
4,浙江,35,True,3200,0,0,0,0
4,浙江,36,True,3200,0,0,0,0
4,浙江,37,True,3200,0,0,0,0
4,浙江,38,True,3200,4,2,0,2
4,浙江,39,True,3200,0,0,0,0
4,浙江,40,True,3200,1,1,1,0
4,浙江,41,True,3200,0,0,0,0
4,浙江,42,True,3200,0,0,0,0
4,浙江,43,True,3200,8,2,2,0
4,浙江,44,True,3200,0,0,0,0
4,浙江,45,True,3200,0,0,0,0
4,浙江,46,True,3200,0,0,0,0
4,浙江,47,True,3200,0,0,0,0
4,浙江,48,True,3200,0,0,0,0
4,浙江,49,True,3200,0,0,0,0
4,浙江,50,True,3200,0,0,0,0
4,浙江,51,True,3200,0,0,0,0
4,浙江,52,True,3200,0,0,0,0
4,浙江,53,True,3200,2,1,1,0
4,浙江,54,True,3200,0,0,0,0
4,浙江,55,True,3200,4,1,1,0
4,浙江,56,True,3200,5,2,1,1
4,浙江,57,True,3200,0,0,0,0
4,浙江,58,True,3200,3,1,1,0
4,浙江,59,True,3200,2,0,0,0
4,浙江,60,True,3200,0,0,0,0
4,浙江,61,True,3200,0,0,0,0
4,浙江,62,True,3200,0,0,0,0
4,浙江,63,True,3200,0,0,0,0
4,浙江,64,True,3200,0,0,0,0
4,浙江,65,True,3200,0,0,0,0
4,浙江,66,True,3200,0,0,0,0
4,浙江,67,True,3200,0,0,0,0
4,浙江,68,True,3200,2,0,0,0
4,浙江,69,True,3200,0,0,0,0
4,浙江,70,True,3200,1,1,0,1
4,浙江,71,True,3200,0,0,0,0
4,浙江,72,True,3200,1,0,0,0
4,浙江,73,True,3200,0,0,0,0
4,浙江,74,True,3200,0,0,0,0
4,浙江,75,True,3200,0,0,0,0
4,浙江,76,True,3200,0,0,0,0
4,浙江,77,True,3200,2,0,0,0
4,浙江,78,True,3200,4,2,1,1
4,浙江,79,True,3200,0,0,0,0
4,浙江,80,True,3200,0,0,0,0
4,浙江,81,True,3200,0,0,0,0
4,浙江,82,True,3200,0,0,0,0
4,浙江,83,True,3200,0,0,0,0
4,浙江,84,True,3200,0,0,0,0
4,浙江,85,True,3200,8,2,2,0
4,浙江,86,True,3200,0,0,0,0
4,浙江,87,True,3200,0,0,0,0
4,浙江,88,True,3200,0,0,0,0
4,浙江,89,True,3200,0,0,0,0
4,浙江,90,True,3200,2,1,0,1
4,浙江,91,True,3200,0,0,0,0
4,浙江,92,True,3200,0,0,0,0
4,浙江,93,True,3200,0,0,0,0
4,浙江,94,True,3200,0,0,0,0
4,浙江,95,True,3200,2,1,1,0
4,浙江,96,True,3200,0,0,0,0
4,浙江,97,True,3200,0,0,0,0
4,浙江,98,True,3200,0,0,0,0
4,浙江,99,True,3200,0,0,0,0
4,浙江,100,True,3200,4,1,1,0
4,安徽,1,True,3200,0,0,0,0
4,安徽,2,True,3200,0,0,0,0
4,安徽,3,True,3200,0,0,0,0
4,安徽,4,True,3200,0,0,0,0
4,安徽,5,True,3200,0,0,0,0
4,安徽,6,True,3200,0,0,0,0
4,安徽,7,True,3200,0,0,0,0
4,安徽,8,True,3200,0,0,0,0
4,安徽,9,True,3200,0,0,0,0
4,安徽,10,True,3200,0,0,0,0
4,安徽,11,True,3200,0,0,0,0
4,安徽,12,True,3200,0,0,0,0
4,安徽,13,True,3200,0,0,0,0
4,安徽,14,True,3200,0,0,0,0
4,安徽,15,True,3200,0,0,0,0
4,安徽,16,True,3200,2,0,0,0
4,安徽,17,True,3200,0,0,0,0
4,安徽,18,True,3200,0,0,0,0
4,安徽,19,True,3200,0,0,0,0
4,安徽,20,True,3200,4,1,1,0
4,安徽,21,True,3200,6,2,2,0
4,安徽,22,True,3200,1,0,0,0
4,安徽,23,True,3200,9,1,1,0
4,安徽,24,True,3200,2,0,0,0
4,安徽,25,True,3200,0,0,0,0
4,安徽,26,True,3200,0,0,0,0
4,安徽,27,True,3200,0,0,0,0
4,安徽,28,True,3200,0,0,0,0
4,安徽,29,True,3200,0,0,0,0
4,安徽,30,True,3200,1,0,0,0
4,安徽,31,True,3200,20,0,0,0
4,安徽,32,True,3200,2,0,0,0
4,安徽,33,True,3200,2,0,0,0
4,安徽,34,True,3200,6,2,0,2
4,安徽,35,True,3200,2,0,0,0
4,安徽,36,True,3200,0,0,0,0
4,安徽,37,True,3200,0,0,0,0
4,安徽,38,True,3200,0,0,0,0
4,安徽,39,True,3200,3,0,0,0
4,安徽,40,True,3200,2,1,0,1
4,安徽,41,True,3200,0,0,0,0
4,安徽,42,True,3200,0,0,0,0
4,安徽,43,True,3200,0,0,0,0
4,安徽,44,True,3200,0,0,0,0
4,安徽,45,True,3200,0,0,0,0
4,安徽,46,True,3200,0,0,0,0
4,安徽,47,True,3200,0,0,0,0
4,安徽,48,True,3200,0,0,0,0
4,安徽,49,True,3200,0,0,0,0
4,安徽,50,True,3200,1,1,0,1
4,安徽,51,True,3200,1,0,0,0
4,安徽,52,True,3200,0,0,0,0
4,安徽,53,True,3200,0,0,0,0
4,安徽,54,True,3200,0,0,0,0
4,安徽,55,True,3200,0,0,0,0
4,安徽,56,True,3200,0,0,0,0
4,安徽,57,True,3200,0,0,0,0
4,安徽,58,True,3200,0,0,0,0
4,安徽,59,True,3200,0,0,0,0
4,安徽,60,True,3200,0,0,0,0
4,安徽,61,True,3200,2,0,0,0
4,安徽,62,True,3200,0,0,0,0
4,安徽,63,True,3200,0,0,0,0
4,安徽,64,True,3200,0,0,0,0
4,安徽,65,True,3200,0,0,0,0
4,安徽,66,True,3200,0,0,0,0
4,安徽,67,True,3200,0,0,0,0
4,安徽,68,True,3200,0,0,0,0
4,安徽,69,True,3200,0,0,0,0
4,安徽,70,True,3200,1,1,1,0
4,安徽,71,True,3200,4,1,1,0
4,安徽,72,True,3200,0,0,0,0
4,安徽,73,True,3200,0,0,0,0
4,安徽,74,True,3200,0,0,0,0
4,安徽,75,True,3200,0,0,0,0
4,安徽,76,True,3200,0,0,0,0
4,安徽,77,True,3200,0,0,0,0
4,安徽,78,True,3200,0,0,0,0
4,安徽,79,True,3200,0,0,0,0
4,安徽,80,True,3200,0,0,0,0
4,安徽,81,True,3200,0,0,0,0
4,安徽,82,True,3200,0,0,0,0
4,安徽,83,True,3200,0,0,0,0
4,安徽,84,True,3200,0,0,0,0
4,安徽,85,True,3200,0,0,0,0
4,安徽,86,True,3200,0,0,0,0
4,安徽,87,True,3200,5,1,1,0
4,安徽,88,True,3200,6,1,1,0
4,安徽,89,True,3200,3,1,0,1
4,安徽,90,True,3200,2,1,1,0
4,安徽,91,True,3200,0,0,0,0
4,安徽,92,True,3200,0,0,0,0
4,安徽,93,True,3200,0,0,0,0
4,安徽,94,True,3200,0,0,0,0
4,安徽,95,True,3200,0,0,0,0
4,安徽,96,True,3200,2,0,0,0
4,安徽,97,True,3200,0,0,0,0
4,安徽,98,True,3200,0,0,0,0
4,安徽,99,True,3200,1,0,0,0
4,安徽,100,True,3200,0,0,0,0
4,福建,1,True,3200,0,0,0,0
4,福建,2,True,3200,0,0,0,0
4,福建,3,True,3200,0,0,0,0
4,福建,4,True,3200,0,0,0,0
4,福建,5,True,3200,0,0,0,0
4,福建,6,True,3200,0,0,0,0
4,福建,7,True,3200,0,0,0,0
4,福建,8,True,3200,0,0,0,0
4,福建,9,True,3200,0,0,0,0
4,福建,10,True,3200,0,0,0,0
4,福建,11,True,3200,0,0,0,0
4,福建,12,True,3200,14,3,3,0
4,福建,13,True,3200,2,1,1,0
4,福建,14,True,3200,2,0,0,0
4,福建,15,True,3200,2,0,0,0
4,福建,16,True,3200,2,0,0,0
4,福建,17,True,3200,0,0,0,0
4,福建,18,True,3200,0,0,0,0
4,福建,19,True,3200,0,0,0,0
4,福建,20,True,3200,0,0,0,0
4,福建,21,True,3200,4,1,1,0
4,福建,22,True,3200,1,0,0,0
4,福建,23,True,3200,2,0,0,0
4,福建,24,True,3200,4,0,0,0
4,福建,25,True,3200,2,0,0,0
4,福建,26,True,3200,0,0,0,0
4,福建,27,True,3200,2,1,1,0
4,福建,28,True,3200,4,0,0,0
4,福建,29,True,3200,8,2,0,2
4,福建,30,True,3200,6,2,0,2
4,福建,31,True,3200,3,1,1,0
4,福建,32,True,3200,4,0,0,0
4,福建,33,True,3200,0,0,0,0
4,福建,34,True,3200,0,0,0,0
4,福建,35,True,3200,2,1,1,0
4,福建,36,True,3200,0,0,0,0
4,福建,37,True,3200,3,1,1,0
4,福建,38,True,3200,3,0,0,0
4,福建,39,True,3200,5,1,0,1
4,福建,40,True,3200,2,0,0,0
4,福建,41,True,3200,2,0,0,0
4,福建,42,True,3200,0,0,0,0
4,福建,43,True,3200,0,0,0,0
4,福建,44,True,3200,3,1,0,1
4,福建,45,True,3200,0,0,0,0
4,福建,46,True,3200,0,0,0,0
4,福建,47,True,3200,6,1,1,0
4,福建,48,True,3200,6,0,0,0
4,福建,49,True,3200,6,1,0,1
4,福建,50,True,3200,6,1,0,1
4,福建,51,True,3200,0,0,0,0
4,福建,52,True,3200,0,0,0,0
4,福建,53,True,3200,0,0,0,0
4,福建,54,True,3200,0,0,0,0
4,福建,55,True,3200,0,0,0,0
4,福建,56,True,3200,0,0,0,0
4,福建,57,True,3200,0,0,0,0
4,福建,58,True,3200,0,0,0,0
4,福建,59,True,3200,0,0,0,0
4,福建,60,True,3200,0,0,0,0
4,福建,61,True,3200,0,0,0,0
4,福建,62,True,3200,0,0,0,0
4,福建,63,True,3200,0,0,0,0
4,福建,64,True,3200,0,0,0,0
4,福建,65,True,3200,0,0,0,0
4,福建,66,True,3200,0,0,0,0
4,福建,67,True,3200,2,1,0,1
4,福建,68,True,3200,0,0,0,0
4,福建,69,True,3200,0,0,0,0
4,福建,70,True,3200,0,0,0,0
4,福建,71,True,3200,0,0,0,0
4,福建,72,True,3200,0,0,0,0
4,福建,73,True,3200,0,0,0,0
4,福建,74,True,3200,8,0,0,0
4,福建,75,True,3200,2,0,0,0
4,福建,76,True,3200,0,0,0,0
4,福建,77,True,3200,0,0,0,0
4,福建,78,True,3200,3,1,1,0
4,福建,79,True,3200,8,3,0,3
4,福建,80,True,3200,0,0,0,0
4,福建,81,True,3200,0,0,0,0
4,福建,82,True,3200,2,1,0,1
4,福建,83,True,3200,12,0,0,0
4,福建,84,True,3200,0,0,0,0
4,福建,85,True,3200,5,1,0,1
4,福建,86,True,3200,0,0,0,0
4,福建,87,True,3200,12,2,2,0
4,福建,88,True,3200,0,0,0,0
4,福建,89,True,3200,0,0,0,0
4,福建,90,True,3200,0,0,0,0
4,福建,91,True,3200,0,0,0,0
4,福建,92,True,3200,3,0,0,0
4,福建,93,True,3200,3,0,0,0
4,福建,94,True,3200,0,0,0,0
4,福建,95,True,3200,0,0,0,0
4,福建,96,True,3200,1,0,0,0
4,福建,97,True,3200,2,1,1,0
4,福建,98,True,3200,5,2,2,0
4,福建,99,True,3200,0,0,0,0
4,福建,100,True,3200,0,0,0,0
4,江西,1,True,3200,0,0,0,0
4,江西,2,True,3200,0,0,0,0
4,江西,3,True,3200,0,0,0,0
4,江西,4,True,3200,0,0,0,0
4,江西,5,True,3200,0,0,0,0
4,江西,6,True,3200,0,0,0,0
4,江西,7,True,3200,0,0,0,0
4,江西,8,True,3200,0,0,0,0
4,江西,9,True,3200,0,0,0,0
4,江西,10,True,3200,4,0,0,0
4,江西,11,True,3200,0,0,0,0
4,江西,12,True,3200,3,0,0,0
4,江西,13,True,3200,0,0,0,0
4,江西,14,True,3200,0,0,0,0
4,江西,15,True,3200,2,0,0,0
4,江西,16,True,3200,0,0,0,0
4,江西,17,True,3200,0,0,0,0
4,江西,18,True,3200,0,0,0,0
4,江西,19,True,3200,0,0,0,0
4,江西,20,True,3200,0,0,0,0
4,江西,21,True,3200,0,0,0,0
4,江西,22,True,3200,0,0,0,0
4,江西,23,True,3200,0,0,0,0
4,江西,24,True,3200,0,0,0,0
4,江西,25,True,3200,2,1,1,0
4,江西,26,True,3200,0,0,0,0
4,江西,27,True,3200,0,0,0,0
4,江西,28,True,3200,0,0,0,0
4,江西,29,True,3200,0,0,0,0
4,江西,30,True,3200,0,0,0,0
4,江西,31,True,3200,0,0,0,0
4,江西,32,True,3200,0,0,0,0
4,江西,33,True,3200,2,1,1,0
4,江西,34,True,3200,0,0,0,0
4,江西,35,True,3200,0,0,0,0
4,江西,36,True,3200,0,0,0,0
4,江西,37,True,3200,0,0,0,0
4,江西,38,True,3200,0,0,0,0
4,江西,39,True,3200,0,0,0,0
4,江西,40,True,3200,0,0,0,0
4,江西,41,True,3200,1,0,0,0
4,江西,42,True,3200,0,0,0,0
4,江西,43,True,3200,0,0,0,0
4,江西,44,True,3200,0,0,0,0
4,江西,45,True,3200,0,0,0,0
4,江西,46,True,3200,0,0,0,0
4,江西,47,True,3200,0,0,0,0
4,江西,48,True,3200,0,0,0,0
4,江西,49,True,3200,0,0,0,0
4,江西,50,True,3200,0,0,0,0
4,江西,51,True,3200,0,0,0,0
4,江西,52,True,3200,0,0,0,0
4,江西,53,True,3200,0,0,0,0
4,江西,54,True,3200,0,0,0,0
4,江西,55,True,3200,0,0,0,0
4,江西,56,True,3200,0,0,0,0
4,江西,57,True,3200,0,0,0,0
4,江西,58,True,3200,0,0,0,0
4,江西,59,True,3200,0,0,0,0
4,江西,60,True,3200,0,0,0,0
4,江西,61,True,3200,0,0,0,0
4,江西,62,True,3200,0,0,0,0
4,江西,63,True,3200,0,0,0,0
4,江西,64,True,3200,0,0,0,0
4,江西,65,True,3200,0,0,0,0
4,江西,66,True,3200,0,0,0,0
4,江西,67,True,3200,0,0,0,0
4,江西,68,True,3200,0,0,0,0
4,江西,69,True,3200,0,0,0,0
4,江西,70,True,3200,0,0,0,0
4,江西,71,True,3200,0,0,0,0
4,江西,72,True,3200,0,0,0,0
4,江西,73,True,3200,0,0,0,0
4,江西,74,True,3200,0,0,0,0
4,江西,75,True,3200,0,0,0,0
4,江西,76,True,3200,0,0,0,0
4,江西,77,True,3200,0,0,0,0
4,江西,78,True,3200,0,0,0,0
4,江西,79,True,3200,0,0,0,0
4,江西,80,True,3200,0,0,0,0
4,江西,81,True,3200,0,0,0,0
4,江西,82,True,3200,0,0,0,0
4,江西,83,True,3200,0,0,0,0
4,江西,84,True,3200,0,0,0,0
4,江西,85,True,3200,0,0,0,0
4,江西,86,True,3200,0,0,0,0
4,江西,87,True,3200,0,0,0,0
4,江西,88,True,3200,0,0,0,0
4,江西,89,True,3200,0,0,0,0
4,江西,90,True,3200,0,0,0,0
4,江西,91,True,3200,0,0,0,0
4,江西,92,True,3200,0,0,0,0
4,江西,93,True,3200,0,0,0,0
4,江西,94,True,3200,0,0,0,0
4,江西,95,True,3200,0,0,0,0
4,江西,96,True,3200,0,0,0,0
4,江西,97,True,3200,0,0,0,0
4,江西,98,True,3200,0,0,0,0
4,江西,99,True,3200,0,0,0,0
4,江西,100,True,3200,0,0,0,0
4,山东,1,True,3200,0,0,0,0
4,山东,2,True,3200,0,0,0,0
4,山东,3,True,3200,0,0,0,0
4,山东,4,True,3200,0,0,0,0
4,山东,5,True,3200,0,0,0,0
4,山东,6,True,3200,0,0,0,0
4,山东,7,True,3200,0,0,0,0
4,山东,8,True,3200,0,0,0,0
4,山东,9,True,3200,0,0,0,0
4,山东,10,True,3200,0,0,0,0
4,山东,11,True,3200,0,0,0,0
4,山东,12,True,3200,2,0,0,0
4,山东,13,True,3200,0,0,0,0
4,山东,14,True,3200,0,0,0,0
4,山东,15,True,3200,0,0,0,0
4,山东,16,True,3200,2,1,1,0
4,山东,17,True,3200,1,0,0,0
4,山东,18,True,3200,0,0,0,0
4,山东,19,True,3200,2,1,1,0
4,山东,20,True,3200,0,0,0,0
4,山东,21,True,3200,0,0,0,0
4,山东,22,True,3200,1,0,0,0
4,山东,23,True,3200,0,0,0,0
4,山东,24,True,3200,0,0,0,0
4,山东,25,True,3200,4,1,1,0
4,山东,26,True,3200,3,2,2,0
4,山东,27,True,3200,10,2,2,0
4,山东,28,True,3200,0,0,0,0
4,山东,29,True,3200,0,0,0,0
4,山东,30,True,3200,4,2,0,2
4,山东,31,True,3200,1,0,0,0
4,山东,32,True,3200,0,0,0,0
4,山东,33,True,3200,0,0,0,0
4,山东,34,True,3200,0,0,0,0
4,山东,35,True,3200,0,0,0,0
4,山东,36,True,3200,2,0,0,0
4,山东,37,True,3200,0,0,0,0
4,山东,38,True,3200,0,0,0,0
4,山东,39,True,3200,0,0,0,0
4,山东,40,True,3200,0,0,0,0
4,山东,41,True,3200,0,0,0,0
4,山东,42,True,3200,0,0,0,0
4,山东,43,True,3200,0,0,0,0
4,山东,44,True,3200,4,0,0,0
4,山东,45,True,3200,10,1,0,1
4,山东,46,True,3200,0,0,0,0
4,山东,47,True,3200,0,0,0,0
4,山东,48,True,3200,0,0,0,0
4,山东,49,True,3200,0,0,0,0
4,山东,50,True,3200,0,0,0,0
4,山东,51,True,3200,0,0,0,0
4,山东,52,True,3200,0,0,0,0
4,山东,53,True,3200,0,0,0,0
4,山东,54,True,3200,0,0,0,0
4,山东,55,True,3200,0,0,0,0
4,山东,56,True,3200,0,0,0,0
4,山东,57,True,3200,0,0,0,0
4,山东,58,True,3200,6,2,2,0
4,山东,59,True,3200,2,0,0,0
4,山东,60,True,3200,0,0,0,0
4,山东,61,True,3200,0,0,0,0
4,山东,62,True,3200,0,0,0,0
4,山东,63,True,3200,0,0,0,0
4,山东,64,True,3200,0,0,0,0
4,山东,65,True,3200,0,0,0,0
4,山东,66,True,3200,0,0,0,0
4,山东,67,True,3200,0,0,0,0
4,山东,68,True,3200,0,0,0,0
4,山东,69,True,3200,0,0,0,0
4,山东,70,True,3200,0,0,0,0
4,山东,71,True,3200,0,0,0,0
4,山东,72,True,3200,0,0,0,0
4,山东,73,True,3200,0,0,0,0
4,山东,74,True,3200,0,0,0,0
4,山东,75,True,3200,4,2,2,0
4,山东,76,True,3200,0,0,0,0
4,山东,77,True,3200,1,0,0,0
4,山东,78,True,3200,0,0,0,0
4,山东,79,True,3200,0,0,0,0
4,山东,80,True,3200,4,1,1,0
4,山东,81,True,3200,0,0,0,0
4,山东,82,True,3200,0,0,0,0
4,山东,83,True,3200,0,0,0,0
4,山东,84,True,3200,4,0,0,0
4,山东,85,True,3200,8,2,0,2
4,山东,86,True,3200,0,0,0,0
4,山东,87,True,3200,0,0,0,0
4,山东,88,True,3200,0,0,0,0
4,山东,89,True,3200,0,0,0,0
4,山东,90,True,3200,0,0,0,0
4,山东,91,True,3200,0,0,0,0
4,山东,92,True,3200,0,0,0,0
4,山东,93,True,3200,0,0,0,0
4,山东,94,True,3200,0,0,0,0
4,山东,95,True,3200,0,0,0,0
4,山东,96,True,3200,5,2,1,1
4,山东,97,True,3200,0,0,0,0
4,山东,98,True,3200,4,1,1,0
4,山东,99,True,3200,1,0,0,0
4,山东,100,True,3200,0,0,0,0
4,河南,1,True,3200,0,0,0,0
4,河南,2,True,3200,0,0,0,0
4,河南,3,True,3200,0,0,0,0
4,河南,4,True,3200,0,0,0,0
4,河南,5,True,3200,0,0,0,0
4,河南,6,True,3200,0,0,0,0
4,河南,7,True,3200,0,0,0,0
4,河南,8,True,3200,8,0,0,0
4,河南,9,True,3200,9,1,1,0
4,河南,10,True,3200,24,2,1,1
4,河南,11,True,3200,0,0,0,0
4,河南,12,True,3200,0,0,0,0
4,河南,13,True,3200,0,0,0,0
4,河南,14,True,3200,0,0,0,0
4,河南,15,True,3200,0,0,0,0
4,河南,16,True,3200,0,0,0,0
4,河南,17,True,3200,0,0,0,0
4,河南,18,True,3200,0,0,0,0
4,河南,19,True,3200,0,0,0,0
4,河南,20,True,3200,2,0,0,0
4,河南,21,True,3200,2,1,1,0
4,河南,22,True,3200,2,0,0,0
4,河南,23,True,3200,0,0,0,0
4,河南,24,True,3200,0,0,0,0
4,河南,25,True,3200,0,0,0,0
4,河南,26,True,3200,6,3,0,3
4,河南,27,True,3200,0,0,0,0
4,河南,28,True,3200,0,0,0,0
4,河南,29,True,3200,0,0,0,0
4,河南,30,True,3200,0,0,0,0
4,河南,31,True,3200,0,0,0,0
4,河南,32,True,3200,0,0,0,0
4,河南,33,True,3200,0,0,0,0
4,河南,34,True,3200,0,0,0,0
4,河南,35,True,3200,0,0,0,0
4,河南,36,True,3200,0,0,0,0
4,河南,37,True,3200,0,0,0,0
4,河南,38,True,3200,0,0,0,0
4,河南,39,True,3200,0,0,0,0
4,河南,40,True,3200,0,0,0,0
4,河南,41,True,3200,0,0,0,0
4,河南,42,True,3200,0,0,0,0
4,河南,43,True,3200,0,0,0,0
4,河南,44,True,3200,0,0,0,0
4,河南,45,True,3200,0,0,0,0
4,河南,46,True,3200,0,0,0,0
4,河南,47,True,3200,0,0,0,0
4,河南,48,True,3200,0,0,0,0
4,河南,49,True,3200,0,0,0,0
4,河南,50,True,3200,0,0,0,0
4,河南,51,True,3200,0,0,0,0
4,河南,52,True,3200,0,0,0,0
4,河南,53,True,3200,0,0,0,0
4,河南,54,True,3200,0,0,0,0
4,河南,55,True,3200,0,0,0,0
4,河南,56,True,3200,0,0,0,0
4,河南,57,True,3200,0,0,0,0
4,河南,58,True,3200,0,0,0,0
4,河南,59,True,3200,0,0,0,0
4,河南,60,True,3200,0,0,0,0
4,河南,61,True,3200,0,0,0,0
4,河南,62,True,3200,0,0,0,0
4,河南,63,True,3200,0,0,0,0
4,河南,64,True,3200,0,0,0,0
4,河南,65,True,3200,0,0,0,0
4,河南,66,True,3200,0,0,0,0
4,河南,67,True,3200,0,0,0,0
4,河南,68,True,3200,0,0,0,0
4,河南,69,True,3200,0,0,0,0
4,河南,70,True,3200,0,0,0,0
4,河南,71,True,3200,0,0,0,0
4,河南,72,True,3200,0,0,0,0
4,河南,73,True,3200,0,0,0,0
4,河南,74,True,3200,0,0,0,0
4,河南,75,True,3200,0,0,0,0
4,河南,76,True,3200,0,0,0,0
4,河南,77,True,3200,0,0,0,0
4,河南,78,True,3200,0,0,0,0
4,河南,79,True,3200,0,0,0,0
4,河南,80,True,3200,0,0,0,0
4,河南,81,True,3200,0,0,0,0
4,河南,82,True,3200,0,0,0,0
4,河南,83,True,3200,0,0,0,0
4,河南,84,True,3200,0,0,0,0
4,河南,85,True,3200,0,0,0,0
4,河南,86,True,3200,0,0,0,0
4,河南,87,True,3200,0,0,0,0
4,河南,88,True,3200,0,0,0,0
4,河南,89,True,3200,0,0,0,0
4,河南,90,True,3200,0,0,0,0
4,河南,91,True,3200,0,0,0,0
4,河南,92,True,3200,0,0,0,0
4,河南,93,True,3200,0,0,0,0
4,河南,94,True,3200,0,0,0,0
4,河南,95,True,3200,0,0,0,0
4,河南,96,True,3200,0,0,0,0
4,河南,97,True,3200,0,0,0,0
4,河南,98,True,3200,0,0,0,0
4,河南,99,True,3200,0,0,0,0
4,河南,100,True,3200,0,0,0,0
4,湖北,1,True,3200,0,0,0,0
4,湖北,2,True,3200,0,0,0,0
4,湖北,3,True,3200,0,0,0,0
4,湖北,4,True,3200,0,0,0,0
4,湖北,5,True,3200,0,0,0,0
4,湖北,6,True,3200,0,0,0,0
4,湖北,7,True,3200,0,0,0,0
4,湖北,8,True,3200,0,0,0,0
4,湖北,9,True,3200,0,0,0,0
4,湖北,10,True,3200,0,0,0,0
4,湖北,11,True,3200,0,0,0,0
4,湖北,12,True,3200,0,0,0,0
4,湖北,13,True,3200,0,0,0,0
4,湖北,14,True,3200,0,0,0,0
4,湖北,15,True,3200,0,0,0,0
4,湖北,16,True,3200,0,0,0,0
4,湖北,17,True,3200,16,0,0,0
4,湖北,18,True,3200,28,7,7,0
4,湖北,19,True,3200,8,2,2,0
4,湖北,20,True,3200,4,2,0,2
4,湖北,21,True,3200,0,0,0,0
4,湖北,22,True,3200,0,0,0,0
4,湖北,23,True,3200,0,0,0,0
4,湖北,24,True,3200,2,0,0,0
4,湖北,25,True,3200,4,1,1,0
4,湖北,26,True,3200,2,0,0,0
4,湖北,27,True,3200,12,4,0,4
4,湖北,28,True,3200,0,0,0,0
4,湖北,29,True,3200,2,1,1,0
4,湖北,30,True,3200,0,0,0,0
4,湖北,31,True,3200,2,0,0,0
4,湖北,32,True,3200,0,0,0,0
4,湖北,33,True,3200,2,1,1,0
4,湖北,34,True,3200,1,0,0,0
4,湖北,35,True,3200,0,0,0,0
4,湖北,36,True,3200,3,1,1,0
4,湖北,37,True,3200,2,0,0,0
4,湖北,38,True,3200,0,0,0,0
4,湖北,39,True,3200,0,0,0,0
4,湖北,40,True,3200,11,5,4,1
4,湖北,41,True,3200,4,1,0,1
4,湖北,42,True,3200,18,3,0,3
4,湖北,43,True,3200,3,0,0,0
4,湖北,44,True,3200,0,0,0,0
4,湖北,45,True,3200,0,0,0,0
4,湖北,46,True,3200,0,0,0,0
4,湖北,47,True,3200,0,0,0,0
4,湖北,48,True,3200,0,0,0,0
4,湖北,49,True,3200,0,0,0,0
4,湖北,50,True,3200,2,1,1,0
4,湖北,51,True,3200,3,1,1,0
4,湖北,52,True,3200,5,0,0,0
4,湖北,53,True,3200,0,0,0,0
4,湖北,54,True,3200,0,0,0,0
4,湖北,55,True,3200,2,0,0,0
4,湖北,56,True,3200,10,4,0,4
4,湖北,57,True,3200,0,0,0,0
4,湖北,58,True,3200,6,2,2,0
4,湖北,59,True,3200,0,0,0,0
4,湖北,60,True,3200,23,4,4,0
4,湖北,61,True,3200,18,1,0,1
4,湖北,62,True,3200,10,4,1,3
4,湖北,63,True,3200,0,0,0,0
4,湖北,64,True,3200,0,0,0,0
4,湖北,65,True,3200,2,0,0,0
4,湖北,66,True,3200,2,0,0,0
4,湖北,67,True,3200,0,0,0,0
4,湖北,68,True,3200,0,0,0,0
4,湖北,69,True,3200,0,0,0,0
4,湖北,70,True,3200,0,0,0,0
4,湖北,71,True,3200,0,0,0,0
4,湖北,72,True,3200,2,1,1,0
4,湖北,73,True,3200,0,0,0,0
4,湖北,74,True,3200,0,0,0,0
4,湖北,75,True,3200,0,0,0,0
4,湖北,76,True,3200,0,0,0,0
4,湖北,77,True,3200,2,1,0,1
4,湖北,78,True,3200,3,0,0,0
4,湖北,79,True,3200,0,0,0,0
4,湖北,80,True,3200,2,1,0,1
4,湖北,81,True,3200,0,0,0,0
4,湖北,82,True,3200,1,0,0,0
4,湖北,83,True,3200,2,1,0,1
4,湖北,84,True,3200,2,0,0,0
4,湖北,85,True,3200,0,0,0,0
4,湖北,86,True,3200,0,0,0,0
4,湖北,87,True,3200,0,0,0,0
4,湖北,88,True,3200,0,0,0,0
4,湖北,89,True,3200,0,0,0,0
4,湖北,90,True,3200,0,0,0,0
4,湖北,91,True,3200,0,0,0,0
4,湖北,92,True,3200,0,0,0,0
4,湖北,93,True,3200,0,0,0,0
4,湖北,94,True,3200,0,0,0,0
4,湖北,95,True,3200,0,0,0,0
4,湖北,96,True,3200,0,0,0,0
4,湖北,97,True,3200,0,0,0,0
4,湖北,98,True,3200,0,0,0,0
4,湖北,99,True,3200,0,0,0,0
4,湖北,100,True,3200,0,0,0,0
4,湖南,1,True,3200,0,0,0,0
4,湖南,2,True,3200,0,0,0,0
4,湖南,3,True,3200,0,0,0,0
4,湖南,4,True,3200,0,0,0,0
4,湖南,5,True,3200,0,0,0,0
4,湖南,6,True,3200,0,0,0,0
4,湖南,7,True,3200,0,0,0,0
4,湖南,8,True,3200,0,0,0,0
4,湖南,9,True,3200,0,0,0,0
4,湖南,10,True,3200,6,2,2,0
4,湖南,11,True,3200,0,0,0,0
4,湖南,12,True,3200,0,0,0,0
4,湖南,13,True,3200,0,0,0,0
4,湖南,14,True,3200,0,0,0,0
4,湖南,15,True,3200,0,0,0,0
4,湖南,16,True,3200,0,0,0,0
4,湖南,17,True,3200,0,0,0,0
4,湖南,18,True,3200,0,0,0,0
4,湖南,19,True,3200,0,0,0,0
4,湖南,20,True,3200,0,0,0,0
4,湖南,21,True,3200,0,0,0,0
4,湖南,22,True,3200,0,0,0,0
4,湖南,23,True,3200,4,1,1,0
4,湖南,24,True,3200,0,0,0,0
4,湖南,25,True,3200,1,0,0,0
4,湖南,26,True,3200,5,1,1,0
4,湖南,27,True,3200,0,0,0,0
4,湖南,28,True,3200,0,0,0,0
4,湖南,29,True,3200,0,0,0,0
4,湖南,30,True,3200,2,1,1,0
4,湖南,31,True,3200,0,0,0,0
4,湖南,32,True,3200,0,0,0,0
4,湖南,33,True,3200,5,1,1,0
4,湖南,34,True,3200,0,0,0,0
4,湖南,35,True,3200,3,0,0,0
4,湖南,36,True,3200,0,0,0,0
4,湖南,37,True,3200,0,0,0,0
4,湖南,38,True,3200,2,0,0,0
4,湖南,39,True,3200,2,1,0,1
4,湖南,40,True,3200,2,1,0,1
4,湖南,41,True,3200,2,1,0,1
4,湖南,42,True,3200,0,0,0,0
4,湖南,43,True,3200,0,0,0,0
4,湖南,44,True,3200,0,0,0,0
4,湖南,45,True,3200,0,0,0,0
4,湖南,46,True,3200,0,0,0,0
4,湖南,47,True,3200,0,0,0,0
4,湖南,48,True,3200,0,0,0,0
4,湖南,49,True,3200,0,0,0,0
4,湖南,50,True,3200,0,0,0,0
4,湖南,51,True,3200,0,0,0,0
4,湖南,52,True,3200,0,0,0,0
4,湖南,53,True,3200,3,1,0,1
4,湖南,54,True,3200,0,0,0,0
4,湖南,55,True,3200,2,1,1,0
4,湖南,56,True,3200,3,1,1,0
4,湖南,57,True,3200,3,1,1,0
4,湖南,58,True,3200,1,0,0,0
4,湖南,59,True,3200,0,0,0,0
4,湖南,60,True,3200,0,0,0,0
4,湖南,61,True,3200,0,0,0,0
4,湖南,62,True,3200,0,0,0,0
4,湖南,63,True,3200,0,0,0,0
4,湖南,64,True,3200,0,0,0,0
4,湖南,65,True,3200,0,0,0,0
4,湖南,66,True,3200,0,0,0,0
4,湖南,67,True,3200,2,1,0,1
4,湖南,68,True,3200,0,0,0,0
4,湖南,69,True,3200,8,2,2,0
4,湖南,70,True,3200,0,0,0,0
4,湖南,71,True,3200,0,0,0,0
4,湖南,72,True,3200,0,0,0,0
4,湖南,73,True,3200,15,0,0,0
4,湖南,74,True,3200,28,7,7,0
4,湖南,75,True,3200,0,0,0,0
4,湖南,76,True,3200,0,0,0,0
4,湖南,77,True,3200,0,0,0,0
4,湖南,78,True,3200,0,0,0,0
4,湖南,79,True,3200,0,0,0,0
4,湖南,80,True,3200,0,0,0,0
4,湖南,81,True,3200,0,0,0,0
4,湖南,82,True,3200,0,0,0,0
4,湖南,83,True,3200,0,0,0,0
4,湖南,84,True,3200,0,0,0,0
4,湖南,85,True,3200,0,0,0,0
4,湖南,86,True,3200,2,0,0,0
4,湖南,87,True,3200,0,0,0,0
4,湖南,88,True,3200,6,2,1,1
4,湖南,89,True,3200,0,0,0,0
4,湖南,90,True,3200,2,1,0,1
4,湖南,91,True,3200,0,0,0,0
4,湖南,92,True,3200,3,1,1,0
4,湖南,93,True,3200,0,0,0,0
4,湖南,94,True,3200,0,0,0,0
4,湖南,95,True,3200,0,0,0,0
4,湖南,96,True,3200,0,0,0,0
4,湖南,97,True,3200,0,0,0,0
4,湖南,98,True,3200,0,0,0,0
4,湖南,99,True,3200,0,0,0,0
4,湖南,100,True,3200,0,0,0,0
4,广东,1,True,3200,0,0,0,0
4,广东,2,True,3200,0,0,0,0
4,广东,3,True,3200,0,0,0,0
4,广东,4,True,3200,0,0,0,0
4,广东,5,True,3200,0,0,0,0
4,广东,6,True,3200,0,0,0,0
4,广东,7,True,3200,0,0,0,0
4,广东,8,True,3200,6,1,1,0
4,广东,9,True,3200,8,3,2,1
4,广东,10,True,3200,0,0,0,0
4,广东,11,True,3200,0,0,0,0
4,广东,12,True,3200,1,0,0,0
4,广东,13,True,3200,4,2,0,2
4,广东,14,True,3200,2,0,0,0
4,广东,15,True,3200,0,0,0,0
4,广东,16,True,3200,0,0,0,0
4,广东,17,True,3200,0,0,0,0
4,广东,18,True,3200,0,0,0,0
4,广东,19,True,3200,0,0,0,0
4,广东,20,True,3200,6,1,1,0
4,广东,21,True,3200,0,0,0,0
4,广东,22,True,3200,0,0,0,0
4,广东,23,True,3200,2,1,1,0
4,广东,24,True,3200,3,1,1,0
4,广东,25,True,3200,0,0,0,0
4,广东,26,True,3200,0,0,0,0
4,广东,27,True,3200,0,0,0,0
4,广东,28,True,3200,0,0,0,0
4,广东,29,True,3200,5,1,1,0
4,广东,30,True,3200,2,1,0,1
4,广东,31,True,3200,2,0,0,0
4,广东,32,True,3200,2,0,0,0
4,广东,33,True,3200,0,0,0,0
4,广东,34,True,3200,2,0,0,0
4,广东,35,True,3200,0,0,0,0
4,广东,36,True,3200,2,1,1,0
4,广东,37,True,3200,0,0,0,0
4,广东,38,True,3200,1,1,0,1
4,广东,39,True,3200,8,1,1,0
4,广东,40,True,3200,2,1,0,1
4,广东,41,True,3200,4,0,0,0
4,广东,42,True,3200,8,3,3,0
4,广东,43,True,3200,16,5,5,0
4,广东,44,True,3200,0,0,0,0
4,广东,45,True,3200,4,1,1,0
4,广东,46,True,3200,0,0,0,0
4,广东,47,True,3200,0,0,0,0
4,广东,48,True,3200,0,0,0,0
4,广东,49,True,3200,0,0,0,0
4,广东,50,True,3200,0,0,0,0
4,广东,51,True,3200,0,0,0,0
4,广东,52,True,3200,2,1,1,0
4,广东,53,True,3200,0,0,0,0
4,广东,54,True,3200,5,1,0,1
4,广东,55,True,3200,7,1,1,0
4,广东,56,True,3200,0,0,0,0
4,广东,57,True,3200,1,0,0,0
4,广东,58,True,3200,2,0,0,0
4,广东,59,True,3200,0,0,0,0
4,广东,60,True,3200,2,1,1,0
4,广东,61,True,3200,0,0,0,0
4,广东,62,True,3200,0,0,0,0
4,广东,63,True,3200,0,0,0,0
4,广东,64,True,3200,0,0,0,0
4,广东,65,True,3200,0,0,0,0
4,广东,66,True,3200,0,0,0,0
4,广东,67,True,3200,2,1,0,1
4,广东,68,True,3200,0,0,0,0
4,广东,69,True,3200,3,0,0,0
4,广东,70,True,3200,0,0,0,0
4,广东,71,True,3200,0,0,0,0
4,广东,72,True,3200,0,0,0,0
4,广东,73,True,3200,6,2,0,2
4,广东,74,True,3200,4,2,2,0
4,广东,75,True,3200,2,0,0,0
4,广东,76,True,3200,8,0,0,0
4,广东,77,True,3200,0,0,0,0
4,广东,78,True,3200,0,0,0,0
4,广东,79,True,3200,0,0,0,0
4,广东,80,True,3200,0,0,0,0
4,广东,81,True,3200,5,2,0,2
4,广东,82,True,3200,6,1,1,0
4,广东,83,True,3200,0,0,0,0
4,广东,84,True,3200,0,0,0,0
4,广东,85,True,3200,7,2,2,0
4,广东,86,True,3200,2,0,0,0
4,广东,87,True,3200,2,0,0,0
4,广东,88,True,3200,0,0,0,0
4,广东,89,True,3200,4,1,1,0
4,广东,90,True,3200,2,1,1,0
4,广东,91,True,3200,6,1,1,0
4,广东,92,True,3200,4,2,2,0
4,广东,93,True,3200,0,0,0,0
4,广东,94,True,3200,5,2,1,1
4,广东,95,True,3200,0,0,0,0
4,广东,96,True,3200,0,0,0,0
4,广东,97,True,3200,0,0,0,0
4,广东,98,True,3200,4,2,1,1
4,广东,99,True,3200,0,0,0,0
4,广东,100,True,3200,0,0,0,0
4,广西,1,True,3200,0,0,0,0
4,广西,2,True,3200,0,0,0,0
4,广西,3,True,3200,0,0,0,0
4,广西,4,True,3200,0,0,0,0
4,广西,5,True,3200,0,0,0,0
4,广西,6,True,3200,0,0,0,0
4,广西,7,True,3200,0,0,0,0
4,广西,8,True,3200,0,0,0,0
4,广西,9,True,3200,0,0,0,0
4,广西,10,True,3200,0,0,0,0
4,广西,11,True,3200,0,0,0,0
4,广西,12,True,3200,0,0,0,0
4,广西,13,True,3200,2,0,0,0
4,广西,14,True,3200,4,1,1,0
4,广西,15,True,3200,2,2,1,1
4,广西,16,True,3200,19,4,0,4
4,广西,17,True,3200,13,6,0,6
4,广西,18,True,3200,9,5,0,5
4,广西,19,True,3200,0,0,0,0
4,广西,20,True,3200,0,0,0,0
4,广西,21,True,3200,0,0,0,0
4,广西,22,True,3200,0,0,0,0
4,广西,23,True,3200,2,0,0,0
4,广西,24,True,3200,8,3,0,3
4,广西,25,True,3200,0,0,0,0
4,广西,26,True,3200,4,2,2,0
4,广西,27,True,3200,6,2,2,0
4,广西,28,True,3200,6,2,1,1
4,广西,29,True,3200,0,0,0,0
4,广西,30,True,3200,0,0,0,0
4,广西,31,True,3200,0,0,0,0
4,广西,32,True,3200,0,0,0,0
4,广西,33,True,3200,0,0,0,0
4,广西,34,True,3200,0,0,0,0
4,广西,35,True,3200,0,0,0,0
4,广西,36,True,3200,0,0,0,0
4,广西,37,True,3200,0,0,0,0
4,广西,38,True,3200,0,0,0,0
4,广西,39,True,3200,20,0,0,0
4,广西,40,True,3200,6,0,0,0
4,广西,41,True,3200,6,0,0,0
4,广西,42,True,3200,2,1,1,0
4,广西,43,True,3200,1,0,0,0
4,广西,44,True,3200,5,3,1,2
4,广西,45,True,3200,7,3,1,2
4,广西,46,True,3200,4,0,0,0
4,广西,47,True,3200,8,4,1,3
4,广西,48,True,3200,6,0,0,0
4,广西,49,True,3200,0,0,0,0
4,广西,50,True,3200,1,1,0,1
4,广西,51,True,3200,0,0,0,0
4,广西,52,True,3200,1,0,0,0
4,广西,53,True,3200,2,0,0,0
4,广西,54,True,3200,0,0,0,0
4,广西,55,True,3200,0,0,0,0
4,广西,56,True,3200,0,0,0,0
4,广西,57,True,3200,4,1,1,0
4,广西,58,True,3200,0,0,0,0
4,广西,59,True,3200,0,0,0,0
4,广西,60,True,3200,0,0,0,0
4,广西,61,True,3200,3,1,1,0
4,广西,62,True,3200,0,0,0,0
4,广西,63,True,3200,1,0,0,0
4,广西,64,True,3200,4,2,1,1
4,广西,65,True,3200,0,0,0,0
4,广西,66,True,3200,3,1,1,0
4,广西,67,True,3200,2,0,0,0
4,广西,68,True,3200,3,1,1,0
4,广西,69,True,3200,0,0,0,0
4,广西,70,True,3200,1,0,0,0
4,广西,71,True,3200,3,0,0,0
4,广西,72,True,3200,18,5,5,0
4,广西,73,True,3200,2,0,0,0
4,广西,74,True,3200,0,0,0,0
4,广西,75,True,3200,3,1,1,0
4,广西,76,True,3200,1,0,0,0
4,广西,77,True,3200,8,2,2,0
4,广西,78,True,3200,0,0,0,0
4,广西,79,True,3200,0,0,0,0
4,广西,80,True,3200,0,0,0,0
4,广西,81,True,3200,3,0,0,0
4,广西,82,True,3200,7,2,1,1
4,广西,83,True,3200,7,3,2,1
4,广西,84,True,3200,0,0,0,0
4,广西,85,True,3200,4,1,1,0
4,广西,86,True,3200,0,0,0,0
4,广西,87,True,3200,0,0,0,0
4,广西,88,True,3200,0,0,0,0
4,广西,89,True,3200,0,0,0,0
4,广西,90,True,3200,0,0,0,0
4,广西,91,True,3200,0,0,0,0
4,广西,92,True,3200,2,1,0,1
4,广西,93,True,3200,0,0,0,0
4,广西,94,True,3200,0,0,0,0
4,广西,95,True,3200,0,0,0,0
4,广西,96,True,3200,0,0,0,0
4,广西,97,True,3200,1,0,0,0
4,广西,98,True,3200,0,0,0,0
4,广西,99,True,3200,0,0,0,0
4,广西,100,True,3200,0,0,0,0
4,海南,1,True,3200,0,0,0,0
4,海南,2,True,3200,0,0,0,0
4,海南,3,True,3200,0,0,0,0
4,海南,4,True,3200,0,0,0,0
4,海南,5,True,3200,0,0,0,0
4,海南,6,True,3200,2,1,1,0
4,海南,7,True,3200,0,0,0,0
4,海南,8,True,3200,0,0,0,0
4,海南,9,True,3200,6,0,0,0
4,海南,10,True,3200,0,0,0,0
4,海南,11,True,3200,0,0,0,0
4,海南,12,True,3200,0,0,0,0
4,海南,13,True,3200,0,0,0,0
4,海南,14,True,3200,2,1,1,0
4,海南,15,True,3200,0,0,0,0
4,海南,16,True,3200,6,1,1,0
4,海南,17,True,3200,0,0,0,0
4,海南,18,True,3200,0,0,0,0
4,海南,19,True,3200,0,0,0,0
4,海南,20,True,3200,0,0,0,0
4,海南,21,True,3200,0,0,0,0
4,海南,22,True,3200,1,0,0,0
4,海南,23,True,3200,2,1,0,1
4,海南,24,True,3200,1,1,1,0
4,海南,25,True,3200,0,0,0,0
4,海南,26,True,3200,0,0,0,0
4,海南,27,True,3200,2,1,0,1
4,海南,28,True,3200,5,1,0,1
4,海南,29,True,3200,7,2,0,2
4,海南,30,True,3200,0,0,0,0
4,海南,31,True,3200,2,0,0,0
4,海南,32,True,3200,0,0,0,0
4,海南,33,True,3200,1,0,0,0
4,海南,34,True,3200,0,0,0,0
4,海南,35,True,3200,3,0,0,0
4,海南,36,True,3200,0,0,0,0
4,海南,37,True,3200,0,0,0,0
4,海南,38,True,3200,0,0,0,0
4,海南,39,True,3200,0,0,0,0
4,海南,40,True,3200,4,1,1,0
4,海南,41,True,3200,14,1,1,0
4,海南,42,True,3200,0,0,0,0
4,海南,43,True,3200,0,0,0,0
4,海南,44,True,3200,0,0,0,0
4,海南,45,True,3200,0,0,0,0
4,海南,46,True,3200,1,0,0,0
4,海南,47,True,3200,5,1,1,0
4,海南,48,True,3200,0,0,0,0
4,海南,49,True,3200,0,0,0,0
4,海南,50,True,3200,4,0,0,0
4,海南,51,True,3200,0,0,0,0
4,海南,52,True,3200,2,1,1,0
4,海南,53,True,3200,4,2,2,0
4,海南,54,True,3200,1,0,0,0
4,海南,55,True,3200,0,0,0,0
4,海南,56,True,3200,0,0,0,0
4,海南,57,True,3200,0,0,0,0
4,海南,58,True,3200,0,0,0,0
4,海南,59,True,3200,4,1,1,0
4,海南,60,True,3200,4,1,1,0
4,海南,61,True,3200,0,0,0,0
4,海南,62,True,3200,0,0,0,0
4,海南,63,True,3200,1,1,1,0
4,海南,64,True,3200,0,0,0,0
4,海南,65,True,3200,0,0,0,0
4,海南,66,True,3200,2,0,0,0
4,海南,67,True,3200,2,1,1,0
4,海南,68,True,3200,2,1,1,0
4,海南,69,True,3200,4,0,0,0
4,海南,70,True,3200,3,0,0,0
4,海南,71,True,3200,1,0,0,0
4,海南,72,True,3200,0,0,0,0
4,海南,73,True,3200,6,2,2,0
4,海南,74,True,3200,2,0,0,0
4,海南,75,True,3200,0,0,0,0
4,海南,76,True,3200,0,0,0,0
4,海南,77,True,3200,6,2,2,0
4,海南,78,True,3200,0,0,0,0
4,海南,79,True,3200,0,0,0,0
4,海南,80,True,3200,0,0,0,0
4,海南,81,True,3200,0,0,0,0
4,海南,82,True,3200,0,0,0,0
4,海南,83,True,3200,0,0,0,0
4,海南,84,True,3200,8,4,3,1
4,海南,85,True,3200,6,0,0,0
4,海南,86,True,3200,0,0,0,0
4,海南,87,True,3200,2,0,0,0
4,海南,88,True,3200,2,0,0,0
4,海南,89,True,3200,2,0,0,0
4,海南,90,True,3200,0,0,0,0
4,海南,91,True,3200,3,1,1,0
4,海南,92,True,3200,7,1,1,0
4,海南,93,True,3200,0,0,0,0
4,海南,94,True,3200,0,0,0,0
4,海南,95,True,3200,4,1,0,1
4,海南,96,True,3200,4,1,1,0
4,海南,97,True,3200,0,0,0,0
4,海南,98,True,3200,6,1,1,0
4,海南,99,True,3200,4,1,1,0
4,海南,100,True,3200,1,0,0,0
4,重庆,1,True,3200,0,0,0,0
4,重庆,2,True,3200,0,0,0,0
4,重庆,3,True,3200,0,0,0,0
4,重庆,4,True,3200,0,0,0,0
4,重庆,5,True,3200,0,0,0,0
4,重庆,6,True,3200,1,0,0,0
4,重庆,7,True,3200,0,0,0,0
4,重庆,8,True,3200,0,0,0,0
4,重庆,9,True,3200,0,0,0,0
4,重庆,10,True,3200,0,0,0,0
4,重庆,11,True,3200,0,0,0,0
4,重庆,12,True,3200,0,0,0,0
4,重庆,13,True,3200,0,0,0,0
4,重庆,14,True,3200,0,0,0,0
4,重庆,15,True,3200,0,0,0,0
4,重庆,16,True,3200,0,0,0,0
4,重庆,17,True,3200,0,0,0,0
4,重庆,18,True,3200,0,0,0,0
4,重庆,19,True,3200,0,0,0,0
4,重庆,20,True,3200,0,0,0,0
4,重庆,21,True,3200,0,0,0,0
4,重庆,22,True,3200,0,0,0,0
4,重庆,23,True,3200,0,0,0,0
4,重庆,24,True,3200,0,0,0,0
4,重庆,25,True,3200,0,0,0,0
4,重庆,26,True,3200,0,0,0,0
4,重庆,27,True,3200,0,0,0,0
4,重庆,28,True,3200,0,0,0,0
4,重庆,29,True,3200,0,0,0,0
4,重庆,30,True,3200,0,0,0,0
4,重庆,31,True,3200,0,0,0,0
4,重庆,32,True,3200,0,0,0,0
4,重庆,33,True,3200,0,0,0,0
4,重庆,34,True,3200,0,0,0,0
4,重庆,35,True,3200,0,0,0,0
4,重庆,36,True,3200,0,0,0,0
4,重庆,37,True,3200,0,0,0,0
4,重庆,38,True,3200,0,0,0,0
4,重庆,39,True,3200,0,0,0,0
4,重庆,40,True,3200,0,0,0,0
4,重庆,41,True,3200,2,1,1,0
4,重庆,42,True,3200,0,0,0,0
4,重庆,43,True,3200,0,0,0,0
4,重庆,44,True,3200,6,1,0,1
4,重庆,45,True,3200,0,0,0,0
4,重庆,46,True,3200,0,0,0,0
4,重庆,47,True,3200,0,0,0,0
4,重庆,48,True,3200,0,0,0,0
4,重庆,49,True,3200,2,0,0,0
4,重庆,50,True,3200,2,0,0,0
4,重庆,51,True,3200,1,0,0,0
4,重庆,52,True,3200,0,0,0,0
4,重庆,53,True,3200,0,0,0,0
4,重庆,54,True,3200,0,0,0,0
4,重庆,55,True,3200,0,0,0,0
4,重庆,56,True,3200,2,0,0,0
4,重庆,57,True,3200,0,0,0,0
4,重庆,58,True,3200,0,0,0,0
4,重庆,59,True,3200,0,0,0,0
4,重庆,60,True,3200,0,0,0,0
4,重庆,61,True,3200,0,0,0,0
4,重庆,62,True,3200,0,0,0,0
4,重庆,63,True,3200,0,0,0,0
4,重庆,64,True,3200,0,0,0,0
4,重庆,65,True,3200,0,0,0,0
4,重庆,66,True,3200,0,0,0,0
4,重庆,67,True,3200,0,0,0,0
4,重庆,68,True,3200,0,0,0,0
4,重庆,69,True,3200,0,0,0,0
4,重庆,70,True,3200,0,0,0,0
4,重庆,71,True,3200,0,0,0,0
4,重庆,72,True,3200,0,0,0,0
4,重庆,73,True,3200,0,0,0,0
4,重庆,74,True,3200,0,0,0,0
4,重庆,75,True,3200,0,0,0,0
4,重庆,76,True,3200,0,0,0,0
4,重庆,77,True,3200,0,0,0,0
4,重庆,78,True,3200,0,0,0,0
4,重庆,79,True,3200,0,0,0,0
4,四川,1,True,3200,0,0,0,0
4,四川,2,True,3200,0,0,0,0
4,四川,3,True,3200,0,0,0,0
4,四川,4,True,3200,0,0,0,0
4,四川,5,True,3200,0,0,0,0
4,四川,6,True,3200,0,0,0,0
4,四川,7,True,3200,0,0,0,0
4,四川,8,True,3200,13,3,3,0
4,四川,9,True,3200,0,0,0,0
4,四川,10,True,3200,0,0,0,0
4,四川,11,True,3200,4,1,1,0
4,四川,12,True,3200,0,0,0,0
4,四川,13,True,3200,0,0,0,0
4,四川,14,True,3200,0,0,0,0
4,四川,15,True,3200,0,0,0,0
4,四川,16,True,3200,5,1,1,0
4,四川,17,True,3200,1,0,0,0
4,四川,18,True,3200,5,0,0,0
4,四川,19,True,3200,0,0,0,0
4,四川,20,True,3200,2,0,0,0
4,四川,21,True,3200,0,0,0,0
4,四川,22,True,3200,0,0,0,0
4,四川,23,True,3200,4,1,1,0
4,四川,24,True,3200,0,0,0,0
4,四川,25,True,3200,1,1,1,0
4,四川,26,True,3200,0,0,0,0
4,四川,27,True,3200,1,0,0,0
4,四川,28,True,3200,0,0,0,0
4,四川,29,True,3200,0,0,0,0
4,四川,30,True,3200,0,0,0,0
4,四川,31,True,3200,4,0,0,0
4,四川,32,True,3200,1,0,0,0
4,四川,33,True,3200,0,0,0,0
4,四川,34,True,3200,0,0,0,0
4,四川,35,True,3200,0,0,0,0
4,四川,36,True,3200,0,0,0,0
4,四川,37,True,3200,3,2,0,2
4,四川,38,True,3200,5,2,1,1
4,四川,39,True,3200,1,0,0,0
4,四川,40,True,3200,2,1,0,1
4,四川,41,True,3200,0,0,0,0
4,四川,42,True,3200,1,1,1,0
4,四川,43,True,3200,0,0,0,0
4,四川,44,True,3200,0,0,0,0
4,四川,45,True,3200,0,0,0,0
4,四川,46,True,3200,0,0,0,0
4,四川,47,True,3200,0,0,0,0
4,四川,48,True,3200,6,1,1,0
4,四川,49,True,3200,6,1,0,1
4,四川,50,True,3200,9,3,0,3
4,四川,51,True,3200,0,0,0,0
4,四川,52,True,3200,0,0,0,0
4,四川,53,True,3200,0,0,0,0
4,四川,54,True,3200,0,0,0,0
4,四川,55,True,3200,2,0,0,0
4,四川,56,True,3200,12,0,0,0
4,四川,57,True,3200,127,2,2,0
4,四川,58,True,3200,29,1,1,0
4,四川,59,True,3200,7,1,1,0
4,四川,60,True,3200,2,0,0,0
4,四川,61,True,3200,4,0,0,0
4,四川,62,True,3200,11,4,0,4
4,四川,63,True,3200,0,0,0,0
4,四川,64,True,3200,0,0,0,0
4,四川,65,True,3200,2,0,0,0
4,四川,66,True,3200,0,0,0,0
4,四川,67,True,3200,0,0,0,0
4,四川,68,True,3200,0,0,0,0
4,四川,69,True,3200,0,0,0,0
4,四川,70,True,3200,1,0,0,0
4,四川,71,True,3200,0,0,0,0
4,四川,72,True,3200,0,0,0,0
4,四川,73,True,3200,0,0,0,0
4,四川,74,True,3200,0,0,0,0
4,四川,75,True,3200,0,0,0,0
4,四川,76,True,3200,0,0,0,0
4,四川,77,True,3200,2,0,0,0
4,四川,78,True,3200,0,0,0,0
4,四川,79,True,3200,2,1,0,1
4,四川,80,True,3200,0,0,0,0
4,四川,81,True,3200,0,0,0,0
4,四川,82,True,3200,3,1,1,0
4,四川,83,True,3200,0,0,0,0
4,四川,84,True,3200,0,0,0,0
4,四川,85,True,3200,0,0,0,0
4,四川,86,True,3200,2,0,0,0
4,四川,87,True,3200,0,0,0,0
4,四川,88,True,3200,2,1,0,1
4,四川,89,True,3200,0,0,0,0
4,四川,90,True,3200,0,0,0,0
4,四川,91,True,3200,0,0,0,0
4,四川,92,True,3200,0,0,0,0
4,四川,93,True,3200,0,0,0,0
4,四川,94,True,3200,0,0,0,0
4,四川,95,True,3200,0,0,0,0
4,四川,96,True,3200,0,0,0,0
4,四川,97,True,3200,0,0,0,0
4,四川,98,True,3200,0,0,0,0
4,四川,99,True,3200,0,0,0,0
4,四川,100,True,3200,0,0,0,0
4,贵州,1,True,3200,0,0,0,0
4,贵州,2,True,3200,0,0,0,0
4,贵州,3,True,3200,0,0,0,0
4,贵州,4,True,3200,0,0,0,0
4,贵州,5,True,3200,0,0,0,0
4,贵州,6,True,3200,0,0,0,0
4,贵州,7,True,3200,0,0,0,0
4,贵州,8,True,3200,2,0,0,0
4,贵州,9,True,3200,0,0,0,0
4,贵州,10,True,3200,0,0,0,0
4,贵州,11,True,3200,1,0,0,0
4,贵州,12,True,3200,2,1,0,1
4,贵州,13,True,3200,0,0,0,0
4,贵州,14,True,3200,0,0,0,0
4,贵州,15,True,3200,0,0,0,0
4,贵州,16,True,3200,0,0,0,0
4,贵州,17,True,3200,0,0,0,0
4,贵州,18,True,3200,1,0,0,0
4,贵州,19,True,3200,0,0,0,0
4,贵州,20,True,3200,1,1,0,1
4,贵州,21,True,3200,0,0,0,0
4,贵州,22,True,3200,0,0,0,0
4,贵州,23,True,3200,0,0,0,0
4,贵州,24,True,3200,5,0,0,0
4,贵州,25,True,3200,1,0,0,0
4,贵州,26,True,3200,0,0,0,0
4,贵州,27,True,3200,0,0,0,0
4,贵州,28,True,3200,0,0,0,0
4,贵州,29,True,3200,2,0,0,0
4,贵州,30,True,3200,0,0,0,0
4,贵州,31,True,3200,0,0,0,0
4,贵州,32,True,3200,0,0,0,0
4,贵州,33,True,3200,0,0,0,0
4,贵州,34,True,3200,0,0,0,0
4,贵州,35,True,3200,0,0,0,0
4,贵州,36,True,3200,2,1,1,0
4,贵州,37,True,3200,0,0,0,0
4,贵州,38,True,3200,2,1,1,0
4,贵州,39,True,3200,0,0,0,0
4,贵州,40,True,3200,0,0,0,0
4,贵州,41,True,3200,4,1,1,0
4,贵州,42,True,3200,2,0,0,0
4,贵州,43,True,3200,0,0,0,0
4,贵州,44,True,3200,0,0,0,0
4,贵州,45,True,3200,0,0,0,0
4,贵州,46,True,3200,0,0,0,0
4,贵州,47,True,3200,1,0,0,0
4,贵州,48,True,3200,0,0,0,0
4,贵州,49,True,3200,0,0,0,0
4,贵州,50,True,3200,4,1,1,0
4,贵州,51,True,3200,0,0,0,0
4,贵州,52,True,3200,0,0,0,0
4,贵州,53,True,3200,3,1,1,0
4,贵州,54,True,3200,4,0,0,0
4,贵州,55,True,3200,2,0,0,0
4,贵州,56,True,3200,1,1,1,0
4,贵州,57,True,3200,0,0,0,0
4,贵州,58,True,3200,0,0,0,0
4,贵州,59,True,3200,0,0,0,0
4,贵州,60,True,3200,0,0,0,0
4,贵州,61,True,3200,0,0,0,0
4,贵州,62,True,3200,93,5,5,0
4,贵州,63,True,3200,12,0,0,0
4,贵州,64,True,3200,4,1,1,0
4,贵州,65,True,3200,2,0,0,0
4,贵州,66,True,3200,2,0,0,0
4,贵州,67,True,3200,1,1,1,0
4,贵州,68,True,3200,3,1,1,0
4,贵州,69,True,3200,4,1,1,0
4,贵州,70,True,3200,4,2,1,1
4,贵州,71,True,3200,0,0,0,0
4,贵州,72,True,3200,0,0,0,0
4,贵州,73,True,3200,0,0,0,0
4,贵州,74,True,3200,0,0,0,0
4,贵州,75,True,3200,0,0,0,0
4,贵州,76,True,3200,2,1,1,0
4,贵州,77,True,3200,0,0,0,0
4,贵州,78,True,3200,4,1,1,0
4,贵州,79,True,3200,0,0,0,0
4,贵州,80,True,3200,0,0,0,0
4,贵州,81,True,3200,0,0,0,0
4,贵州,82,True,3200,7,2,2,0
4,贵州,83,True,3200,2,1,1,0
4,贵州,84,True,3200,1,1,0,1
4,贵州,85,True,3200,0,0,0,0
4,贵州,86,True,3200,0,0,0,0
4,贵州,87,True,3200,0,0,0,0
4,贵州,88,True,3200,0,0,0,0
4,贵州,89,True,3200,0,0,0,0
4,贵州,90,True,3200,0,0,0,0
4,贵州,91,True,3200,0,0,0,0
4,贵州,92,True,3200,0,0,0,0
4,贵州,93,True,3200,0,0,0,0
4,贵州,94,True,3200,0,0,0,0
4,贵州,95,True,3200,0,0,0,0
4,贵州,96,True,3200,0,0,0,0
4,贵州,97,True,3200,0,0,0,0
4,贵州,98,True,3200,0,0,0,0
4,贵州,99,True,3200,0,0,0,0
4,贵州,100,True,3200,0,0,0,0
4,云南,1,True,3200,0,0,0,0
4,云南,2,True,3200,0,0,0,0
4,云南,3,True,3200,0,0,0,0
4,云南,4,True,3200,0,0,0,0
4,云南,5,True,3200,0,0,0,0
4,云南,6,True,3200,0,0,0,0
4,云南,7,True,3200,0,0,0,0
4,云南,8,True,3200,0,0,0,0
4,云南,9,True,3200,0,0,0,0
4,云南,10,True,3200,0,0,0,0
4,云南,11,True,3200,0,0,0,0
4,云南,12,True,3200,0,0,0,0
4,云南,13,True,3200,0,0,0,0
4,云南,14,True,3200,0,0,0,0
4,云南,15,True,3200,0,0,0,0
4,云南,16,True,3200,6,0,0,0
4,云南,17,True,3200,2,0,0,0
4,云南,18,True,3200,0,0,0,0
4,云南,19,True,3200,0,0,0,0
4,云南,20,True,3200,0,0,0,0
4,云南,21,True,3200,0,0,0,0
4,云南,22,True,3200,0,0,0,0
4,云南,23,True,3200,0,0,0,0
4,云南,24,True,3200,0,0,0,0
4,云南,25,True,3200,0,0,0,0
4,云南,26,True,3200,0,0,0,0
4,云南,27,True,3200,0,0,0,0
4,云南,28,True,3200,0,0,0,0
4,云南,29,True,3200,2,0,0,0
4,云南,30,True,3200,4,1,1,0
4,云南,31,True,3200,5,3,2,1
4,云南,32,True,3200,2,0,0,0
4,云南,33,True,3200,1,1,0,1
4,云南,34,True,3200,0,0,0,0
4,云南,35,True,3200,6,1,1,0
4,云南,36,True,3200,3,0,0,0
4,云南,37,True,3200,2,1,1,0
4,云南,38,True,3200,2,1,1,0
4,云南,39,True,3200,0,0,0,0
4,云南,40,True,3200,2,0,0,0
4,云南,41,True,3200,0,0,0,0
4,云南,42,True,3200,0,0,0,0
4,云南,43,True,3200,0,0,0,0
4,云南,44,True,3200,0,0,0,0
4,云南,45,True,3200,2,0,0,0
4,云南,46,True,3200,0,0,0,0
4,云南,47,True,3200,9,2,0,2
4,云南,48,True,3200,12,0,0,0
4,云南,49,True,3200,2,0,0,0
4,云南,50,True,3200,2,1,1,0
4,云南,51,True,3200,0,0,0,0
4,云南,52,True,3200,0,0,0,0
4,云南,53,True,3200,0,0,0,0
4,云南,54,True,3200,0,0,0,0
4,云南,55,True,3200,0,0,0,0
4,云南,56,True,3200,4,1,1,0
4,云南,57,True,3200,2,1,1,0
4,云南,58,True,3200,0,0,0,0
4,云南,59,True,3200,0,0,0,0
4,云南,60,True,3200,0,0,0,0
4,云南,61,True,3200,0,0,0,0
4,云南,62,True,3200,0,0,0,0
4,云南,63,True,3200,0,0,0,0
4,云南,64,True,3200,4,2,0,2
4,云南,65,True,3200,0,0,0,0
4,云南,66,True,3200,0,0,0,0
4,云南,67,True,3200,0,0,0,0
4,云南,68,True,3200,16,4,2,2
4,云南,69,True,3200,3,1,0,1
4,云南,70,True,3200,0,0,0,0
4,云南,71,True,3200,11,4,3,1
4,云南,72,True,3200,2,0,0,0
4,云南,73,True,3200,2,0,0,0
4,云南,74,True,3200,0,0,0,0
4,云南,75,True,3200,0,0,0,0
4,云南,76,True,3200,1,0,0,0
4,云南,77,True,3200,0,0,0,0
4,云南,78,True,3200,0,0,0,0
4,云南,79,True,3200,1,0,0,0
4,云南,80,True,3200,0,0,0,0
4,云南,81,True,3200,0,0,0,0
4,云南,82,True,3200,5,0,0,0
4,云南,83,True,3200,8,4,3,1
4,云南,84,True,3200,0,0,0,0
4,云南,85,True,3200,0,0,0,0
4,云南,86,True,3200,0,0,0,0
4,云南,87,True,3200,0,0,0,0
4,云南,88,True,3200,0,0,0,0
4,云南,89,True,3200,2,1,1,0
4,云南,90,True,3200,0,0,0,0
4,云南,91,True,3200,5,2,2,0
4,云南,92,True,3200,0,0,0,0
4,云南,93,True,3200,1,1,0,1
4,云南,94,True,3200,2,1,0,1
4,云南,95,True,3200,0,0,0,0
4,云南,96,True,3200,2,1,1,0
4,云南,97,True,3200,1,1,1,0
4,云南,98,True,3200,0,0,0,0
4,云南,99,True,3200,3,1,1,0
4,云南,100,True,3200,2,0,0,0
4,西藏,1,True,3200,0,0,0,0
4,西藏,2,True,3200,0,0,0,0
4,西藏,3,True,3200,0,0,0,0
4,西藏,4,True,3200,0,0,0,0
4,西藏,5,True,3200,0,0,0,0
4,西藏,6,True,3200,0,0,0,0
4,西藏,7,True,3200,0,0,0,0
4,西藏,8,True,3200,0,0,0,0
4,西藏,9,True,3200,4,1,1,0
4,西藏,10,True,3200,0,0,0,0
4,西藏,11,True,3200,0,0,0,0
4,西藏,12,True,3200,0,0,0,0
4,西藏,13,True,3200,4,1,1,0
4,西藏,14,True,3200,6,2,0,2
4,西藏,15,True,3200,2,1,0,1
4,西藏,16,True,3200,3,0,0,0
4,西藏,17,True,3200,1,1,0,1
4,西藏,18,True,3200,0,0,0,0
4,西藏,19,True,3200,2,0,0,0
4,西藏,20,True,3200,0,0,0,0
4,西藏,21,True,3200,0,0,0,0
4,西藏,22,True,3200,0,0,0,0
4,西藏,23,True,3200,0,0,0,0
4,西藏,24,True,3200,2,0,0,0
4,西藏,25,True,3200,0,0,0,0
4,西藏,26,True,3200,0,0,0,0
4,西藏,27,True,3200,0,0,0,0
4,西藏,28,True,3200,0,0,0,0
4,西藏,29,True,3200,0,0,0,0
4,西藏,30,True,3200,0,0,0,0
4,西藏,31,True,3200,0,0,0,0
4,西藏,32,True,3200,2,0,0,0
4,西藏,33,True,3200,2,0,0,0
4,西藏,34,True,3200,0,0,0,0
4,西藏,35,True,3200,0,0,0,0
4,西藏,36,True,3200,0,0,0,0
4,西藏,37,True,3200,0,0,0,0
4,西藏,38,True,3200,0,0,0,0
4,西藏,39,True,3200,0,0,0,0
4,西藏,40,True,3200,0,0,0,0
4,西藏,41,True,3200,0,0,0,0
4,西藏,42,True,3200,0,0,0,0
4,西藏,43,True,3200,0,0,0,0
4,西藏,44,True,3200,0,0,0,0
4,西藏,45,True,3200,4,0,0,0
4,西藏,46,True,3200,1,0,0,0
4,西藏,47,True,3200,0,0,0,0
4,西藏,48,True,3200,2,1,1,0
4,西藏,49,True,3200,0,0,0,0
4,西藏,50,True,3200,0,0,0,0
4,西藏,51,True,3200,2,0,0,0
4,西藏,52,True,3200,0,0,0,0
4,西藏,53,True,3200,0,0,0,0
4,西藏,54,True,3200,0,0,0,0
4,西藏,55,True,3200,0,0,0,0
4,西藏,56,True,3200,0,0,0,0
4,西藏,57,True,3200,0,0,0,0
4,西藏,58,True,3200,0,0,0,0
4,西藏,59,True,3200,0,0,0,0
4,西藏,60,True,3200,0,0,0,0
4,西藏,61,True,3200,0,0,0,0
4,西藏,62,True,3200,0,0,0,0
4,西藏,63,True,3200,0,0,0,0
4,西藏,64,True,3200,0,0,0,0
4,西藏,65,True,3200,0,0,0,0
4,西藏,66,True,3200,5,0,0,0
4,西藏,67,True,3200,0,0,0,0
4,西藏,68,True,3200,0,0,0,0
4,西藏,69,True,3200,0,0,0,0
4,西藏,70,True,3200,0,0,0,0
4,西藏,71,True,3200,4,2,0,2
4,西藏,72,True,3200,0,0,0,0
4,西藏,73,True,3200,0,0,0,0
4,西藏,74,True,3200,0,0,0,0
4,西藏,75,True,3200,0,0,0,0
4,西藏,76,True,3200,0,0,0,0
4,西藏,77,True,3200,2,0,0,0
4,西藏,78,True,3200,2,0,0,0
4,西藏,79,True,3200,0,0,0,0
4,西藏,80,True,3200,0,0,0,0
4,西藏,81,True,3200,0,0,0,0
4,西藏,82,True,3200,3,1,1,0
4,西藏,83,True,3200,2,1,0,1
4,西藏,84,True,3200,9,4,4,0
4,西藏,85,True,3200,1,1,0,1
4,西藏,86,True,3200,0,0,0,0
4,西藏,87,True,3200,11,0,0,0
4,西藏,88,True,3200,0,0,0,0
4,西藏,89,True,3200,0,0,0,0
4,西藏,90,True,3200,4,1,1,0
4,西藏,91,True,3200,3,0,0,0
4,西藏,92,True,3200,0,0,0,0
4,西藏,93,True,3200,0,0,0,0
4,西藏,94,True,3200,0,0,0,0
4,西藏,95,True,3200,0,0,0,0
4,西藏,96,True,3200,0,0,0,0
4,西藏,97,True,3200,0,0,0,0
4,西藏,98,True,3200,0,0,0,0
4,西藏,99,True,3200,0,0,0,0
4,西藏,100,True,3200,0,0,0,0
4,陕西,1,True,3200,0,0,0,0
4,陕西,2,True,3200,0,0,0,0
4,陕西,3,True,3200,0,0,0,0
4,陕西,4,True,3200,4,1,1,0
4,陕西,5,True,3200,0,0,0,0
4,陕西,6,True,3200,0,0,0,0
4,陕西,7,True,3200,0,0,0,0
4,陕西,8,True,3200,0,0,0,0
4,陕西,9,True,3200,0,0,0,0
4,陕西,10,True,3200,2,1,1,0
4,陕西,11,True,3200,0,0,0,0
4,陕西,12,True,3200,0,0,0,0
4,陕西,13,True,3200,3,1,1,0
4,陕西,14,True,3200,2,0,0,0
4,陕西,15,True,3200,5,1,1,0
4,陕西,16,True,3200,0,0,0,0
4,陕西,17,True,3200,0,0,0,0
4,陕西,18,True,3200,0,0,0,0
4,陕西,19,True,3200,0,0,0,0
4,陕西,20,True,3200,4,1,1,0
4,陕西,21,True,3200,0,0,0,0
4,陕西,22,True,3200,4,0,0,0
4,陕西,23,True,3200,0,0,0,0
4,陕西,24,True,3200,2,0,0,0
4,陕西,25,True,3200,0,0,0,0
4,陕西,26,True,3200,0,0,0,0
4,陕西,27,True,3200,2,0,0,0
4,陕西,28,True,3200,0,0,0,0
4,陕西,29,True,3200,6,1,1,0
4,陕西,30,True,3200,0,0,0,0
4,陕西,31,True,3200,0,0,0,0
4,陕西,32,True,3200,2,1,1,0
4,陕西,33,True,3200,0,0,0,0
4,陕西,34,True,3200,0,0,0,0
4,陕西,35,True,3200,0,0,0,0
4,陕西,36,True,3200,0,0,0,0
4,陕西,37,True,3200,0,0,0,0
4,陕西,38,True,3200,0,0,0,0
4,陕西,39,True,3200,1,0,0,0
4,陕西,40,True,3200,2,1,0,1
4,陕西,41,True,3200,0,0,0,0
4,陕西,42,True,3200,0,0,0,0
4,陕西,43,True,3200,0,0,0,0
4,陕西,44,True,3200,1,0,0,0
4,陕西,45,True,3200,0,0,0,0
4,陕西,46,True,3200,0,0,0,0
4,陕西,47,True,3200,0,0,0,0
4,陕西,48,True,3200,0,0,0,0
4,陕西,49,True,3200,0,0,0,0
4,陕西,50,True,3200,0,0,0,0
4,陕西,51,True,3200,0,0,0,0
4,陕西,52,True,3200,2,1,0,1
4,陕西,53,True,3200,0,0,0,0
4,陕西,54,True,3200,4,2,0,2
4,陕西,55,True,3200,4,1,1,0
4,陕西,56,True,3200,0,0,0,0
4,陕西,57,True,3200,0,0,0,0
4,陕西,58,True,3200,0,0,0,0
4,陕西,59,True,3200,0,0,0,0
4,陕西,60,True,3200,2,1,0,1
4,陕西,61,True,3200,8,0,0,0
4,陕西,62,True,3200,4,2,0,2
4,陕西,63,True,3200,0,0,0,0
4,陕西,64,True,3200,2,0,0,0
4,陕西,65,True,3200,0,0,0,0
4,陕西,66,True,3200,0,0,0,0
4,陕西,67,True,3200,0,0,0,0
4,陕西,68,True,3200,2,0,0,0
4,陕西,69,True,3200,0,0,0,0
4,陕西,70,True,3200,1,1,0,1
4,陕西,71,True,3200,0,0,0,0
4,陕西,72,True,3200,1,1,0,1
4,陕西,73,True,3200,2,0,0,0
4,陕西,74,True,3200,0,0,0,0
4,陕西,75,True,3200,1,0,0,0
4,陕西,76,True,3200,0,0,0,0
4,陕西,77,True,3200,0,0,0,0
4,陕西,78,True,3200,0,0,0,0
4,陕西,79,True,3200,1,0,0,0
4,陕西,80,True,3200,2,0,0,0
4,陕西,81,True,3200,1,0,0,0
4,陕西,82,True,3200,1,1,0,1
4,陕西,83,True,3200,2,1,0,1
4,陕西,84,True,3200,0,0,0,0
4,陕西,85,True,3200,0,0,0,0
4,陕西,86,True,3200,0,0,0,0
4,陕西,87,True,3200,0,0,0,0
4,陕西,88,True,3200,0,0,0,0
4,陕西,89,True,3200,1,0,0,0
4,陕西,90,True,3200,2,0,0,0
4,陕西,91,True,3200,0,0,0,0
4,陕西,92,True,3200,0,0,0,0
4,陕西,93,True,3200,0,0,0,0
4,陕西,94,True,3200,0,0,0,0
4,陕西,95,True,3200,0,0,0,0
4,陕西,96,True,3200,0,0,0,0
4,陕西,97,True,3200,0,0,0,0
4,陕西,98,True,3200,0,0,0,0
4,陕西,99,True,3200,0,0,0,0
4,陕西,100,True,3200,0,0,0,0
4,甘肃,1,True,3200,0,0,0,0
4,甘肃,2,True,3200,0,0,0,0
4,甘肃,3,True,3200,0,0,0,0
4,甘肃,4,True,3200,0,0,0,0
4,甘肃,5,True,3200,0,0,0,0
4,甘肃,6,True,3200,0,0,0,0
4,甘肃,7,True,3200,0,0,0,0
4,甘肃,8,True,3200,0,0,0,0
4,甘肃,9,True,3200,0,0,0,0
4,甘肃,10,True,3200,0,0,0,0
4,甘肃,11,True,3200,0,0,0,0
4,甘肃,12,True,3200,0,0,0,0
4,甘肃,13,True,3200,0,0,0,0
4,甘肃,14,True,3200,2,0,0,0
4,甘肃,15,True,3200,3,2,0,2
4,甘肃,16,True,3200,0,0,0,0
4,甘肃,17,True,3200,0,0,0,0
4,甘肃,18,True,3200,2,1,0,1
4,甘肃,19,True,3200,2,0,0,0
4,甘肃,20,True,3200,2,1,0,1
4,甘肃,21,True,3200,5,1,0,1
4,甘肃,22,True,3200,0,0,0,0
4,甘肃,23,True,3200,0,0,0,0
4,甘肃,24,True,3200,0,0,0,0
4,甘肃,25,True,3200,0,0,0,0
4,甘肃,26,True,3200,0,0,0,0
4,甘肃,27,True,3200,8,3,3,0
4,甘肃,28,True,3200,6,1,1,0
4,甘肃,29,True,3200,2,1,0,1
4,甘肃,30,True,3200,6,2,2,0
4,甘肃,31,True,3200,2,0,0,0
4,甘肃,32,True,3200,4,0,0,0
4,甘肃,33,True,3200,0,0,0,0
4,甘肃,34,True,3200,0,0,0,0
4,甘肃,35,True,3200,0,0,0,0
4,甘肃,36,True,3200,0,0,0,0
4,甘肃,37,True,3200,0,0,0,0
4,甘肃,38,True,3200,2,1,1,0
4,甘肃,39,True,3200,2,0,0,0
4,甘肃,40,True,3200,0,0,0,0
4,甘肃,41,True,3200,0,0,0,0
4,甘肃,42,True,3200,0,0,0,0
4,甘肃,43,True,3200,0,0,0,0
4,甘肃,44,True,3200,0,0,0,0
4,甘肃,45,True,3200,0,0,0,0
4,甘肃,46,True,3200,0,0,0,0
4,甘肃,47,True,3200,0,0,0,0
4,甘肃,48,True,3200,14,4,4,0
4,甘肃,49,True,3200,0,0,0,0
4,甘肃,50,True,3200,0,0,0,0
4,甘肃,51,True,3200,8,0,0,0
4,甘肃,52,True,3200,12,5,3,2
4,甘肃,53,True,3200,10,3,3,0
4,甘肃,54,True,3200,2,0,0,0
4,甘肃,55,True,3200,2,0,0,0
4,甘肃,56,True,3200,0,0,0,0
4,甘肃,57,True,3200,0,0,0,0
4,甘肃,58,True,3200,2,1,1,0
4,甘肃,59,True,3200,0,0,0,0
4,甘肃,60,True,3200,0,0,0,0
4,甘肃,61,True,3200,0,0,0,0
4,甘肃,62,True,3200,0,0,0,0
4,甘肃,63,True,3200,0,0,0,0
4,甘肃,64,True,3200,2,1,1,0
4,甘肃,65,True,3200,0,0,0,0
4,甘肃,66,True,3200,3,0,0,0
4,甘肃,67,True,3200,0,0,0,0
4,甘肃,68,True,3200,5,1,1,0
4,甘肃,69,True,3200,1,0,0,0
4,甘肃,70,True,3200,4,1,1,0
4,甘肃,71,True,3200,2,1,0,1
4,甘肃,72,True,3200,0,0,0,0
4,甘肃,73,True,3200,0,0,0,0
4,甘肃,74,True,3200,1,0,0,0
4,甘肃,75,True,3200,0,0,0,0
4,甘肃,76,True,3200,0,0,0,0
4,甘肃,77,True,3200,2,1,0,1
4,甘肃,78,True,3200,0,0,0,0
4,甘肃,79,True,3200,0,0,0,0
4,甘肃,80,True,3200,2,0,0,0
4,甘肃,81,True,3200,0,0,0,0
4,甘肃,82,True,3200,0,0,0,0
4,甘肃,83,True,3200,1,0,0,0
4,甘肃,84,True,3200,0,0,0,0
4,甘肃,85,True,3200,0,0,0,0
4,甘肃,86,True,3200,2,0,0,0
4,甘肃,87,True,3200,0,0,0,0
4,甘肃,88,True,3200,4,1,1,0
4,甘肃,89,True,3200,1,1,1,0
4,甘肃,90,True,3200,2,0,0,0
4,甘肃,91,True,3200,1,0,0,0
4,甘肃,92,True,3200,0,0,0,0
4,甘肃,93,True,3200,0,0,0,0
4,甘肃,94,True,3200,2,1,1,0
4,甘肃,95,True,3200,0,0,0,0
4,甘肃,96,True,3200,2,1,0,1
4,甘肃,97,True,3200,0,0,0,0
4,甘肃,98,True,3200,2,0,0,0
4,甘肃,99,True,3200,0,0,0,0
4,甘肃,100,True,3200,5,1,1,0
4,青海,1,True,3200,0,0,0,0
4,青海,2,True,3200,0,0,0,0
4,青海,3,True,3200,0,0,0,0
4,青海,4,True,3200,0,0,0,0
4,青海,5,True,3200,0,0,0,0
4,青海,6,True,3200,0,0,0,0
4,青海,7,True,3200,0,0,0,0
4,青海,8,True,3200,0,0,0,0
4,青海,9,True,3200,0,0,0,0
4,青海,10,True,3200,0,0,0,0
4,青海,11,True,3200,0,0,0,0
4,青海,12,True,3200,4,1,1,0
4,青海,13,True,3200,0,0,0,0
4,青海,14,True,3200,2,1,1,0
4,青海,15,True,3200,0,0,0,0
4,青海,16,True,3200,0,0,0,0
4,青海,17,True,3200,0,0,0,0
4,青海,18,True,3200,0,0,0,0
4,青海,19,True,3200,0,0,0,0
4,青海,20,True,3200,0,0,0,0
4,青海,21,True,3200,0,0,0,0
4,青海,22,True,3200,0,0,0,0
4,青海,23,True,3200,0,0,0,0
4,青海,24,True,3200,1,0,0,0
4,青海,25,True,3200,0,0,0,0
4,青海,26,True,3200,0,0,0,0
4,青海,27,True,3200,4,2,1,1
4,青海,28,True,3200,4,0,0,0
4,青海,29,True,3200,0,0,0,0
4,青海,30,True,3200,0,0,0,0
4,青海,31,True,3200,3,1,1,0
4,青海,32,True,3200,0,0,0,0
4,青海,33,True,3200,0,0,0,0
4,青海,34,True,3200,0,0,0,0
4,青海,35,True,3200,1,0,0,0
4,青海,36,True,3200,2,1,0,1
4,青海,37,True,3200,8,3,1,2
4,青海,38,True,3200,2,0,0,0
4,青海,39,True,3200,0,0,0,0
4,青海,40,True,3200,8,1,1,0
4,青海,41,True,3200,0,0,0,0
4,青海,42,True,3200,0,0,0,0
4,青海,43,True,3200,4,1,1,0
4,青海,44,True,3200,2,0,0,0
4,青海,45,True,3200,2,0,0,0
4,青海,46,True,3200,8,4,4,0
4,青海,47,True,3200,0,0,0,0
4,青海,48,True,3200,5,0,0,0
4,青海,49,True,3200,0,0,0,0
4,青海,50,True,3200,0,0,0,0
4,青海,51,True,3200,0,0,0,0
4,青海,52,True,3200,2,2,0,2
4,青海,53,True,3200,3,2,1,1
4,青海,54,True,3200,0,0,0,0
4,青海,55,True,3200,0,0,0,0
4,青海,56,True,3200,0,0,0,0
4,青海,57,True,3200,2,1,0,1
4,青海,58,True,3200,6,1,1,0
4,青海,59,True,3200,5,2,0,2
4,青海,60,True,3200,2,0,0,0
4,青海,61,True,3200,3,0,0,0
4,青海,62,True,3200,2,1,0,1
4,青海,63,True,3200,1,1,0,1
4,青海,64,True,3200,2,0,0,0
4,青海,65,True,3200,0,0,0,0
4,青海,66,True,3200,3,0,0,0
4,青海,67,True,3200,0,0,0,0
4,青海,68,True,3200,0,0,0,0
4,青海,69,True,3200,0,0,0,0
4,青海,70,True,3200,0,0,0,0
4,青海,71,True,3200,0,0,0,0
4,青海,72,True,3200,2,0,0,0
4,青海,73,True,3200,0,0,0,0
4,青海,74,True,3200,1,0,0,0
4,青海,75,True,3200,0,0,0,0
4,青海,76,True,3200,0,0,0,0
4,青海,77,True,3200,0,0,0,0
4,青海,78,True,3200,2,0,0,0
4,青海,79,True,3200,0,0,0,0
4,青海,80,True,3200,0,0,0,0
4,青海,81,True,3200,0,0,0,0
4,青海,82,True,3200,1,0,0,0
4,青海,83,True,3200,0,0,0,0
4,青海,84,True,3200,2,0,0,0
4,青海,85,True,3200,2,0,0,0
4,青海,86,True,3200,5,1,0,1
4,青海,87,True,3200,2,0,0,0
4,青海,88,True,3200,4,1,0,1
4,青海,89,True,3200,2,1,1,0
4,青海,90,True,3200,1,0,0,0
4,青海,91,True,3200,0,0,0,0
4,青海,92,True,3200,0,0,0,0
4,青海,93,True,3200,2,1,0,1
4,青海,94,True,3200,2,0,0,0
4,青海,95,True,3200,0,0,0,0
4,青海,96,True,3200,0,0,0,0
4,青海,97,True,3200,0,0,0,0
4,青海,98,True,3200,0,0,0,0
4,青海,99,True,3200,0,0,0,0
4,青海,100,True,3200,0,0,0,0
4,宁夏,1,True,3200,0,0,0,0
4,宁夏,2,True,3200,0,0,0,0
4,宁夏,3,True,3200,0,0,0,0
4,宁夏,4,True,3200,0,0,0,0
4,宁夏,5,True,3200,0,0,0,0
4,宁夏,6,True,3200,0,0,0,0
4,宁夏,7,True,3200,0,0,0,0
4,宁夏,8,True,3200,0,0,0,0
4,宁夏,9,True,3200,0,0,0,0
4,宁夏,10,True,3200,0,0,0,0
4,宁夏,11,True,3200,0,0,0,0
4,宁夏,12,True,3200,0,0,0,0
4,宁夏,13,True,3200,0,0,0,0
4,宁夏,14,True,3200,0,0,0,0
4,宁夏,15,True,3200,2,0,0,0
4,宁夏,16,True,3200,0,0,0,0
4,宁夏,17,True,3200,0,0,0,0
4,宁夏,18,True,3200,8,0,0,0
4,宁夏,19,True,3200,8,2,2,0
4,宁夏,20,True,3200,0,0,0,0
4,宁夏,21,True,3200,0,0,0,0
4,宁夏,22,True,3200,2,0,0,0
4,宁夏,23,True,3200,0,0,0,0
4,宁夏,24,True,3200,0,0,0,0
4,宁夏,25,True,3200,0,0,0,0
4,宁夏,26,True,3200,0,0,0,0
4,宁夏,27,True,3200,0,0,0,0
4,宁夏,28,True,3200,0,0,0,0
4,宁夏,29,True,3200,0,0,0,0
4,宁夏,30,True,3200,0,0,0,0
4,宁夏,31,True,3200,0,0,0,0
4,宁夏,32,True,3200,0,0,0,0
4,宁夏,33,True,3200,0,0,0,0
4,宁夏,34,True,3200,0,0,0,0
4,宁夏,35,True,3200,0,0,0,0
4,宁夏,36,True,3200,1,1,1,0
4,宁夏,37,True,3200,0,0,0,0
4,宁夏,38,True,3200,0,0,0,0
4,宁夏,39,True,3200,0,0,0,0
4,宁夏,40,True,3200,3,1,0,1
4,宁夏,41,True,3200,0,0,0,0
4,宁夏,42,True,3200,0,0,0,0
4,宁夏,43,True,3200,0,0,0,0
4,宁夏,44,True,3200,0,0,0,0
4,宁夏,45,True,3200,0,0,0,0
4,宁夏,46,True,3200,5,1,0,1
4,宁夏,47,True,3200,2,0,0,0
4,宁夏,48,True,3200,0,0,0,0
4,宁夏,49,True,3200,5,2,2,0
4,宁夏,50,True,3200,0,0,0,0
4,宁夏,51,True,3200,0,0,0,0
4,宁夏,52,True,3200,0,0,0,0
4,宁夏,53,True,3200,4,1,1,0
4,宁夏,54,True,3200,1,0,0,0
4,宁夏,55,True,3200,0,0,0,0
4,宁夏,56,True,3200,0,0,0,0
4,宁夏,57,True,3200,0,0,0,0
4,宁夏,58,True,3200,0,0,0,0
4,宁夏,59,True,3200,0,0,0,0
4,宁夏,60,True,3200,0,0,0,0
4,宁夏,61,True,3200,0,0,0,0
4,宁夏,62,True,3200,0,0,0,0
4,宁夏,63,True,3200,0,0,0,0
4,宁夏,64,True,3200,0,0,0,0
4,宁夏,65,True,3200,0,0,0,0
4,宁夏,66,True,3200,0,0,0,0
4,宁夏,67,True,3200,0,0,0,0
4,宁夏,68,True,3200,0,0,0,0
4,宁夏,69,True,3200,0,0,0,0
4,宁夏,70,True,3200,0,0,0,0
4,宁夏,71,True,3200,4,2,1,1
4,宁夏,72,True,3200,6,0,0,0
4,宁夏,73,True,3200,3,0,0,0
4,宁夏,74,True,3200,1,0,0,0
4,宁夏,75,True,3200,0,0,0,0
4,宁夏,76,True,3200,0,0,0,0
4,宁夏,77,True,3200,1,0,0,0
4,宁夏,78,True,3200,2,1,0,1
4,宁夏,79,True,3200,0,0,0,0
4,宁夏,80,True,3200,1,0,0,0
4,宁夏,81,True,3200,0,0,0,0
4,宁夏,82,True,3200,1,0,0,0
4,宁夏,83,True,3200,0,0,0,0
4,宁夏,84,True,3200,2,0,0,0
4,宁夏,85,True,3200,0,0,0,0
4,宁夏,86,True,3200,2,1,1,0
4,宁夏,87,True,3200,10,2,2,0
4,宁夏,88,True,3200,31,2,2,0
4,宁夏,89,True,3200,0,0,0,0
4,宁夏,90,True,3200,0,0,0,0
4,宁夏,91,True,3200,0,0,0,0
4,宁夏,92,True,3200,0,0,0,0
4,宁夏,93,True,3200,0,0,0,0
4,宁夏,94,True,3200,0,0,0,0
4,宁夏,95,True,3200,0,0,0,0
4,宁夏,96,True,3200,3,1,0,1
4,宁夏,97,True,3200,2,1,0,1
4,宁夏,98,True,3200,0,0,0,0
4,宁夏,99,True,3200,3,0,0,0
4,宁夏,100,True,3200,0,0,0,0
4,新疆,1,True,3200,0,0,0,0
4,新疆,2,True,3200,0,0,0,0
4,新疆,3,True,3200,0,0,0,0
4,新疆,4,True,3200,0,0,0,0
4,新疆,5,True,3200,0,0,0,0
4,新疆,6,True,3200,0,0,0,0
4,新疆,7,True,3200,0,0,0,0
4,新疆,8,True,3200,0,0,0,0
4,新疆,9,True,3200,0,0,0,0
4,新疆,10,True,3200,0,0,0,0
4,新疆,11,True,3200,0,0,0,0
4,新疆,12,True,3200,2,1,0,1
4,新疆,13,True,3200,0,0,0,0
4,新疆,14,True,3200,0,0,0,0
4,新疆,15,True,3200,0,0,0,0
4,新疆,16,True,3200,0,0,0,0
4,新疆,17,True,3200,0,0,0,0
4,新疆,18,True,3200,0,0,0,0
4,新疆,19,True,3200,2,1,1,0
4,新疆,20,True,3200,4,2,2,0
4,新疆,21,True,3200,0,0,0,0
4,新疆,22,True,3200,0,0,0,0
4,新疆,23,True,3200,0,0,0,0
4,新疆,24,True,3200,0,0,0,0
4,新疆,25,True,3200,0,0,0,0
4,新疆,26,True,3200,0,0,0,0
4,新疆,27,True,3200,0,0,0,0
4,新疆,28,True,3200,0,0,0,0
4,新疆,29,True,3200,0,0,0,0
4,新疆,30,True,3200,0,0,0,0
4,新疆,31,True,3200,0,0,0,0
4,新疆,32,True,3200,0,0,0,0
4,新疆,33,True,3200,0,0,0,0
4,新疆,34,True,3200,0,0,0,0
4,新疆,35,True,3200,0,0,0,0
4,新疆,36,True,3200,0,0,0,0
4,新疆,37,True,3200,0,0,0,0
4,新疆,38,True,3200,0,0,0,0
4,新疆,39,True,3200,0,0,0,0
4,新疆,40,True,3200,0,0,0,0
4,新疆,41,True,3200,0,0,0,0
4,新疆,42,True,3200,0,0,0,0
4,新疆,43,True,3200,0,0,0,0
4,新疆,44,True,3200,0,0,0,0
4,新疆,45,True,3200,2,1,0,1
4,新疆,46,True,3200,2,1,0,1
4,新疆,47,True,3200,0,0,0,0
4,新疆,48,True,3200,0,0,0,0
4,新疆,49,True,3200,2,1,1,0
4,新疆,50,True,3200,0,0,0,0
4,新疆,51,True,3200,2,1,1,0
4,新疆,52,True,3200,0,0,0,0
4,新疆,53,True,3200,0,0,0,0
4,新疆,54,True,3200,0,0,0,0
4,新疆,55,True,3200,0,0,0,0
4,新疆,56,True,3200,0,0,0,0
4,新疆,57,True,3200,4,0,0,0
4,新疆,58,True,3200,4,2,1,1
4,新疆,59,True,3200,9,2,1,1
4,新疆,60,True,3200,1,0,0,0
4,新疆,61,True,3200,1,1,1,0
4,新疆,62,True,3200,0,0,0,0
4,新疆,63,True,3200,0,0,0,0
4,新疆,64,True,3200,0,0,0,0
4,新疆,65,True,3200,0,0,0,0
4,新疆,66,True,3200,0,0,0,0
4,新疆,67,True,3200,0,0,0,0
4,新疆,68,True,3200,0,0,0,0
4,新疆,69,True,3200,4,0,0,0
4,新疆,70,True,3200,5,3,0,3
4,新疆,71,True,3200,1,0,0,0
4,新疆,72,True,3200,0,0,0,0
4,新疆,73,True,3200,0,0,0,0
4,新疆,74,True,3200,0,0,0,0
4,新疆,75,True,3200,0,0,0,0
4,新疆,76,True,3200,0,0,0,0
4,新疆,77,True,3200,2,0,0,0
4,新疆,78,True,3200,2,0,0,0
4,新疆,79,True,3200,0,0,0,0
4,新疆,80,True,3200,6,1,1,0
4,新疆,81,True,3200,2,1,0,1
4,新疆,82,True,3200,0,0,0,0
4,新疆,83,True,3200,0,0,0,0
4,新疆,84,True,3200,0,0,0,0
4,新疆,85,True,3200,0,0,0,0
4,新疆,86,True,3200,0,0,0,0
4,新疆,87,True,3200,0,0,0,0
4,新疆,88,True,3200,0,0,0,0
4,新疆,89,True,3200,0,0,0,0
4,新疆,90,True,3200,0,0,0,0
4,新疆,91,True,3200,0,0,0,0
4,新疆,92,True,3200,0,0,0,0
4,新疆,93,True,3200,0,0,0,0
4,新疆,94,True,3200,0,0,0,0
4,新疆,95,True,3200,0,0,0,0
4,新疆,96,True,3200,0,0,0,0
4,新疆,97,True,3200,0,0,0,0
4,新疆,98,True,3200,0,0,0,0
4,新疆,99,True,3200,0,0,0,0
4,新疆,100,True,3200,0,0,0,0
5,北京,1,True,3200,0,0,0,0
5,北京,2,True,3200,0,0,0,0
5,北京,3,True,3200,0,0,0,0
5,北京,4,True,3200,0,0,0,0
5,北京,5,True,3200,1,0,0,0
5,北京,6,True,3200,7,1,1,0
5,北京,7,True,3200,3,0,0,0
5,北京,8,True,3200,0,0,0,0
5,北京,9,True,3200,0,0,0,0
5,北京,10,True,3200,0,0,0,0
5,北京,11,True,3200,0,0,0,0
5,北京,12,True,3200,0,0,0,0
5,北京,13,True,3200,4,1,1,0
5,北京,14,True,3200,14,3,3,0
5,北京,15,True,3200,11,0,0,0
5,北京,16,True,3200,2,0,0,0
5,北京,17,True,3200,0,0,0,0
5,北京,18,True,3200,0,0,0,0
5,北京,19,True,3200,0,0,0,0
5,北京,20,True,3200,1,1,1,0
5,北京,21,True,3200,0,0,0,0
5,北京,22,True,3200,0,0,0,0
5,北京,23,True,3200,0,0,0,0
5,北京,24,True,3200,0,0,0,0
5,北京,25,True,3200,4,1,1,0
5,北京,26,True,3200,0,0,0,0
5,北京,27,True,3200,5,1,1,0
5,北京,28,True,3200,6,2,2,0
5,北京,29,True,3200,0,0,0,0
5,北京,30,True,3200,0,0,0,0
5,北京,31,True,3200,0,0,0,0
5,北京,32,True,3200,0,0,0,0
5,北京,33,True,3200,0,0,0,0
5,北京,34,True,3200,0,0,0,0
5,北京,35,True,3200,0,0,0,0
5,北京,36,True,3200,0,0,0,0
5,北京,37,True,3200,0,0,0,0
5,北京,38,True,3200,0,0,0,0
5,北京,39,True,3200,0,0,0,0
5,北京,40,True,3200,0,0,0,0
5,北京,41,True,3200,0,0,0,0
5,北京,42,True,3200,2,1,1,0
5,北京,43,True,3200,0,0,0,0
5,北京,44,True,3200,0,0,0,0
5,北京,45,True,3200,0,0,0,0
5,北京,46,True,3200,0,0,0,0
5,北京,47,True,3200,0,0,0,0
5,北京,48,True,3200,0,0,0,0
5,北京,49,True,3200,0,0,0,0
5,北京,50,True,3200,0,0,0,0
5,北京,51,True,3200,0,0,0,0
5,北京,52,True,3200,0,0,0,0
5,北京,53,True,3200,0,0,0,0
5,北京,54,True,3200,0,0,0,0
5,北京,55,True,3200,0,0,0,0
5,北京,56,True,3200,0,0,0,0
5,北京,57,True,3200,0,0,0,0
5,北京,58,True,3200,0,0,0,0
5,北京,59,True,3200,0,0,0,0
5,北京,60,True,3200,0,0,0,0
5,北京,61,True,3200,0,0,0,0
5,北京,62,True,3200,0,0,0,0
5,北京,63,True,3200,0,0,0,0
5,北京,64,True,3200,0,0,0,0
5,北京,65,True,3200,0,0,0,0
5,北京,66,True,3200,0,0,0,0
5,北京,67,True,3200,0,0,0,0
5,北京,68,True,3200,0,0,0,0
5,北京,69,True,3200,0,0,0,0
5,北京,70,True,3200,0,0,0,0
5,北京,71,True,3200,0,0,0,0
5,北京,72,True,3200,0,0,0,0
5,北京,73,True,3200,0,0,0,0
5,北京,74,True,3200,0,0,0,0
5,北京,75,True,3200,0,0,0,0
5,北京,76,True,3200,0,0,0,0
5,北京,77,True,3200,0,0,0,0
5,北京,78,True,3200,0,0,0,0
5,北京,79,True,3200,0,0,0,0
5,北京,80,True,3200,0,0,0,0
5,北京,81,True,3200,0,0,0,0
5,北京,82,True,3200,0,0,0,0
5,北京,83,True,3200,0,0,0,0
5,北京,84,True,3200,0,0,0,0
5,北京,85,True,3200,0,0,0,0
5,北京,86,True,3200,0,0,0,0
5,北京,87,True,3200,0,0,0,0
5,北京,88,True,3200,0,0,0,0
5,北京,89,True,3200,0,0,0,0
5,北京,90,True,3200,0,0,0,0
5,北京,91,True,3200,0,0,0,0
5,北京,92,True,3200,0,0,0,0
5,北京,93,True,3200,0,0,0,0
5,北京,94,True,3200,0,0,0,0
5,北京,95,True,3200,0,0,0,0
5,北京,96,True,3200,0,0,0,0
5,北京,97,True,3200,0,0,0,0
5,北京,98,True,3200,0,0,0,0
5,北京,99,True,3200,1,0,0,0
5,北京,100,True,3200,0,0,0,0
5,天津,1,True,3200,0,0,0,0
5,天津,2,True,3200,0,0,0,0
5,天津,3,True,3200,0,0,0,0
5,天津,4,True,3200,0,0,0,0
5,天津,5,True,3200,0,0,0,0
5,天津,6,True,3200,0,0,0,0
5,天津,7,True,3200,0,0,0,0
5,天津,8,True,3200,0,0,0,0
5,天津,9,True,3200,0,0,0,0
5,天津,10,True,3200,0,0,0,0
5,天津,11,True,3200,0,0,0,0
5,天津,12,True,3200,0,0,0,0
5,天津,13,True,3200,0,0,0,0
5,天津,14,True,3200,0,0,0,0
5,天津,15,True,3200,0,0,0,0
5,天津,16,True,3200,0,0,0,0
5,天津,17,True,3200,0,0,0,0
5,天津,18,True,3200,0,0,0,0
5,天津,19,True,3200,9,1,1,0
5,天津,20,True,3200,0,0,0,0
5,天津,21,True,3200,2,0,0,0
5,天津,22,True,3200,0,0,0,0
5,天津,23,True,3200,2,2,0,2
5,天津,24,True,3200,0,0,0,0
5,天津,25,True,3200,0,0,0,0
5,天津,26,True,3200,2,1,0,1
5,天津,27,True,3200,4,1,0,1
5,天津,28,True,3200,0,0,0,0
5,天津,29,True,3200,2,0,0,0
5,天津,30,True,3200,2,0,0,0
5,天津,31,True,3200,0,0,0,0
5,天津,32,True,3200,2,1,1,0
5,天津,33,True,3200,4,1,1,0
5,天津,34,True,3200,0,0,0,0
5,天津,35,True,3200,0,0,0,0
5,天津,36,True,3200,0,0,0,0
5,天津,37,True,3200,0,0,0,0
5,天津,38,True,3200,0,0,0,0
5,天津,39,True,3200,2,1,1,0
5,天津,40,True,3200,6,0,0,0
5,天津,41,True,3200,5,1,1,0
5,天津,42,True,3200,15,1,1,0
5,天津,43,True,3200,4,0,0,0
5,天津,44,True,3200,4,0,0,0
5,天津,45,True,3200,0,0,0,0
5,天津,46,True,3200,2,1,1,0
5,天津,47,True,3200,0,0,0,0
5,天津,48,True,3200,0,0,0,0
5,天津,49,True,3200,0,0,0,0
5,天津,50,True,3200,0,0,0,0
5,天津,51,True,3200,0,0,0,0
5,天津,52,True,3200,0,0,0,0
5,天津,53,True,3200,0,0,0,0
5,天津,54,True,3200,2,0,0,0
5,天津,55,True,3200,0,0,0,0
5,天津,56,True,3200,2,1,1,0
5,天津,57,True,3200,0,0,0,0
5,天津,58,True,3200,5,2,2,0
5,天津,59,True,3200,0,0,0,0
5,天津,60,True,3200,1,0,0,0
5,天津,61,True,3200,2,1,1,0
5,天津,62,True,3200,2,0,0,0
5,天津,63,True,3200,0,0,0,0
5,天津,64,True,3200,3,0,0,0
5,天津,65,True,3200,0,0,0,0
5,天津,66,True,3200,0,0,0,0
5,天津,67,True,3200,0,0,0,0
5,天津,68,True,3200,0,0,0,0
5,天津,69,True,3200,0,0,0,0
5,天津,70,True,3200,0,0,0,0
5,天津,71,True,3200,0,0,0,0
5,天津,72,True,3200,4,2,0,2
5,天津,73,True,3200,0,0,0,0
5,天津,74,True,3200,0,0,0,0
5,天津,75,True,3200,0,0,0,0
5,天津,76,True,3200,0,0,0,0
5,天津,77,True,3200,5,1,0,1
5,天津,78,True,3200,2,1,0,1
5,天津,79,True,3200,4,1,1,0
5,天津,80,True,3200,0,0,0,0
5,天津,81,True,3200,0,0,0,0
5,天津,82,True,3200,0,0,0,0
5,天津,83,True,3200,0,0,0,0
5,天津,84,True,3200,2,1,0,1
5,天津,85,True,3200,0,0,0,0
5,天津,86,True,3200,0,0,0,0
5,天津,87,True,3200,6,2,2,0
5,天津,88,True,3200,1,0,0,0
5,天津,89,True,3200,2,0,0,0
5,天津,90,True,3200,0,0,0,0
5,天津,91,True,3200,0,0,0,0
5,天津,92,True,3200,8,1,0,1
5,天津,93,True,3200,0,0,0,0
5,天津,94,True,3200,10,1,1,0
5,天津,95,True,3200,0,0,0,0
5,天津,96,True,3200,0,0,0,0
5,天津,97,True,3200,0,0,0,0
5,天津,98,True,3200,0,0,0,0
5,天津,99,True,3200,0,0,0,0
5,天津,100,True,3200,0,0,0,0
5,河北,1,True,3200,0,0,0,0
5,河北,2,True,3200,0,0,0,0
5,河北,3,True,3200,0,0,0,0
5,河北,4,True,3200,0,0,0,0
5,河北,5,True,3200,0,0,0,0
5,河北,6,True,3200,0,0,0,0
5,河北,7,True,3200,4,1,1,0
5,河北,8,True,3200,0,0,0,0
5,河北,9,True,3200,0,0,0,0
5,河北,10,True,3200,0,0,0,0
5,河北,11,True,3200,0,0,0,0
5,河北,12,True,3200,0,0,0,0
5,河北,13,True,3200,2,1,0,1
5,河北,14,True,3200,2,1,0,1
5,河北,15,True,3200,1,0,0,0
5,河北,16,True,3200,1,0,0,0
5,河北,17,True,3200,0,0,0,0
5,河北,18,True,3200,2,1,1,0
5,河北,19,True,3200,0,0,0,0
5,河北,20,True,3200,2,1,1,0
5,河北,21,True,3200,2,1,1,0
5,河北,22,True,3200,0,0,0,0
5,河北,23,True,3200,0,0,0,0
5,河北,24,True,3200,0,0,0,0
5,河北,25,True,3200,5,1,0,1
5,河北,26,True,3200,0,0,0,0
5,河北,27,True,3200,0,0,0,0
5,河北,28,True,3200,6,2,2,0
5,河北,29,True,3200,0,0,0,0
5,河北,30,True,3200,6,0,0,0
5,河北,31,True,3200,3,0,0,0
5,河北,32,True,3200,0,0,0,0
5,河北,33,True,3200,0,0,0,0
5,河北,34,True,3200,0,0,0,0
5,河北,35,True,3200,0,0,0,0
5,河北,36,True,3200,2,0,0,0
5,河北,37,True,3200,0,0,0,0
5,河北,38,True,3200,0,0,0,0
5,河北,39,True,3200,0,0,0,0
5,河北,40,True,3200,0,0,0,0
5,河北,41,True,3200,0,0,0,0
5,河北,42,True,3200,0,0,0,0
5,河北,43,True,3200,0,0,0,0
5,河北,44,True,3200,0,0,0,0
5,河北,45,True,3200,0,0,0,0
5,河北,46,True,3200,3,0,0,0
5,河北,47,True,3200,3,1,1,0
5,河北,48,True,3200,0,0,0,0
5,河北,49,True,3200,0,0,0,0
5,河北,50,True,3200,0,0,0,0
5,河北,51,True,3200,0,0,0,0
5,河北,52,True,3200,0,0,0,0
5,河北,53,True,3200,0,0,0,0
5,河北,54,True,3200,0,0,0,0
5,河北,55,True,3200,0,0,0,0
5,河北,56,True,3200,0,0,0,0
5,河北,57,True,3200,0,0,0,0
5,河北,58,True,3200,0,0,0,0
5,河北,59,True,3200,0,0,0,0
5,河北,60,True,3200,0,0,0,0
5,河北,61,True,3200,1,0,0,0
5,河北,62,True,3200,0,0,0,0
5,河北,63,True,3200,0,0,0,0
5,河北,64,True,3200,2,1,1,0
5,河北,65,True,3200,2,0,0,0
5,河北,66,True,3200,4,1,1,0
5,河北,67,True,3200,0,0,0,0
5,河北,68,True,3200,0,0,0,0
5,河北,69,True,3200,0,0,0,0
5,河北,70,True,3200,0,0,0,0
5,河北,71,True,3200,0,0,0,0
5,河北,72,True,3200,0,0,0,0
5,河北,73,True,3200,0,0,0,0
5,河北,74,True,3200,0,0,0,0
5,河北,75,True,3200,0,0,0,0
5,河北,76,True,3200,0,0,0,0
5,河北,77,True,3200,0,0,0,0
5,河北,78,True,3200,2,0,0,0
5,河北,79,True,3200,0,0,0,0
5,河北,80,True,3200,2,1,0,1
5,河北,81,True,3200,0,0,0,0
5,河北,82,True,3200,0,0,0,0
5,河北,83,True,3200,0,0,0,0
5,河北,84,True,3200,0,0,0,0
5,河北,85,True,3200,2,0,0,0
5,河北,86,True,3200,0,0,0,0
5,河北,87,True,3200,0,0,0,0
5,河北,88,True,3200,0,0,0,0
5,河北,89,True,3200,0,0,0,0
5,河北,90,True,3200,0,0,0,0
5,河北,91,True,3200,0,0,0,0
5,河北,92,True,3200,0,0,0,0
5,河北,93,True,3200,0,0,0,0
5,河北,94,True,3200,0,0,0,0
5,河北,95,True,3200,0,0,0,0
5,河北,96,True,3200,0,0,0,0
5,河北,97,True,3200,4,2,0,2
5,河北,98,True,3200,0,0,0,0
5,河北,99,True,3200,1,0,0,0
5,河北,100,True,3200,0,0,0,0
5,山西,1,True,3200,0,0,0,0
5,山西,2,True,3200,0,0,0,0
5,山西,3,True,3200,0,0,0,0
5,山西,4,True,3200,0,0,0,0
5,山西,5,True,3200,0,0,0,0
5,山西,6,True,3200,0,0,0,0
5,山西,7,True,3200,0,0,0,0
5,山西,8,True,3200,0,0,0,0
5,山西,9,True,3200,0,0,0,0
5,山西,10,True,3200,0,0,0,0
5,山西,11,True,3200,0,0,0,0
5,山西,12,True,3200,0,0,0,0
5,山西,13,True,3200,0,0,0,0
5,山西,14,True,3200,0,0,0,0
5,山西,15,True,3200,9,1,1,0
5,山西,16,True,3200,0,0,0,0
5,山西,17,True,3200,2,1,1,0
5,山西,18,True,3200,0,0,0,0
5,山西,19,True,3200,0,0,0,0
5,山西,20,True,3200,10,1,1,0
5,山西,21,True,3200,2,0,0,0
5,山西,22,True,3200,4,2,0,2
5,山西,23,True,3200,0,0,0,0
5,山西,24,True,3200,2,0,0,0
5,山西,25,True,3200,2,1,1,0
5,山西,26,True,3200,0,0,0,0
5,山西,27,True,3200,0,0,0,0
5,山西,28,True,3200,0,0,0,0
5,山西,29,True,3200,0,0,0,0
5,山西,30,True,3200,0,0,0,0
5,山西,31,True,3200,0,0,0,0
5,山西,32,True,3200,2,0,0,0
5,山西,33,True,3200,0,0,0,0
5,山西,34,True,3200,0,0,0,0
5,山西,35,True,3200,2,0,0,0
5,山西,36,True,3200,4,1,1,0
5,山西,37,True,3200,0,0,0,0
5,山西,38,True,3200,0,0,0,0
5,山西,39,True,3200,0,0,0,0
5,山西,40,True,3200,0,0,0,0
5,山西,41,True,3200,3,0,0,0
5,山西,42,True,3200,0,0,0,0
5,山西,43,True,3200,0,0,0,0
5,山西,44,True,3200,0,0,0,0
5,山西,45,True,3200,0,0,0,0
5,山西,46,True,3200,0,0,0,0
5,山西,47,True,3200,0,0,0,0
5,山西,48,True,3200,0,0,0,0
5,山西,49,True,3200,0,0,0,0
5,山西,50,True,3200,0,0,0,0
5,山西,51,True,3200,0,0,0,0
5,山西,52,True,3200,0,0,0,0
5,山西,53,True,3200,0,0,0,0
5,山西,54,True,3200,2,0,0,0
5,山西,55,True,3200,0,0,0,0
5,山西,56,True,3200,0,0,0,0
5,山西,57,True,3200,2,1,1,0
5,山西,58,True,3200,0,0,0,0
5,山西,59,True,3200,0,0,0,0
5,山西,60,True,3200,0,0,0,0
5,山西,61,True,3200,0,0,0,0
5,山西,62,True,3200,0,0,0,0
5,山西,63,True,3200,0,0,0,0
5,山西,64,True,3200,2,1,1,0
5,山西,65,True,3200,0,0,0,0
5,山西,66,True,3200,3,1,1,0
5,山西,67,True,3200,2,0,0,0
5,山西,68,True,3200,0,0,0,0
5,山西,69,True,3200,2,0,0,0
5,山西,70,True,3200,0,0,0,0
5,山西,71,True,3200,4,1,1,0
5,山西,72,True,3200,2,1,1,0
5,山西,73,True,3200,0,0,0,0
5,山西,74,True,3200,0,0,0,0
5,山西,75,True,3200,0,0,0,0
5,山西,76,True,3200,0,0,0,0
5,山西,77,True,3200,0,0,0,0
5,山西,78,True,3200,0,0,0,0
5,山西,79,True,3200,0,0,0,0
5,山西,80,True,3200,0,0,0,0
5,山西,81,True,3200,0,0,0,0
5,山西,82,True,3200,2,0,0,0
5,山西,83,True,3200,0,0,0,0
5,山西,84,True,3200,4,1,1,0
5,山西,85,True,3200,0,0,0,0
5,山西,86,True,3200,2,0,0,0
5,山西,87,True,3200,20,6,6,0
5,山西,88,True,3200,0,0,0,0
5,山西,89,True,3200,2,0,0,0
5,山西,90,True,3200,0,0,0,0
5,山西,91,True,3200,2,0,0,0
5,山西,92,True,3200,5,1,0,1
5,山西,93,True,3200,0,0,0,0
5,山西,94,True,3200,4,2,1,1
5,山西,95,True,3200,1,0,0,0
5,山西,96,True,3200,0,0,0,0
5,山西,97,True,3200,0,0,0,0
5,山西,98,True,3200,0,0,0,0
5,山西,99,True,3200,0,0,0,0
5,山西,100,True,3200,4,0,0,0
5,内蒙古,1,True,3200,0,0,0,0
5,内蒙古,2,True,3200,0,0,0,0
5,内蒙古,3,True,3200,0,0,0,0
5,内蒙古,4,True,3200,0,0,0,0
5,内蒙古,5,True,3200,0,0,0,0
5,内蒙古,6,True,3200,0,0,0,0
5,内蒙古,7,True,3200,0,0,0,0
5,内蒙古,8,True,3200,0,0,0,0
5,内蒙古,9,True,3200,0,0,0,0
5,内蒙古,10,True,3200,0,0,0,0
5,内蒙古,11,True,3200,2,1,0,1
5,内蒙古,12,True,3200,0,0,0,0
5,内蒙古,13,True,3200,7,1,0,1
5,内蒙古,14,True,3200,4,1,1,0
5,内蒙古,15,True,3200,0,0,0,0
5,内蒙古,16,True,3200,0,0,0,0
5,内蒙古,17,True,3200,0,0,0,0
5,内蒙古,18,True,3200,0,0,0,0
5,内蒙古,19,True,3200,0,0,0,0
5,内蒙古,20,True,3200,0,0,0,0
5,内蒙古,21,True,3200,0,0,0,0
5,内蒙古,22,True,3200,2,0,0,0
5,内蒙古,23,True,3200,0,0,0,0
5,内蒙古,24,True,3200,0,0,0,0
5,内蒙古,25,True,3200,4,1,1,0
5,内蒙古,26,True,3200,0,0,0,0
5,内蒙古,27,True,3200,1,0,0,0
5,内蒙古,28,True,3200,0,0,0,0
5,内蒙古,29,True,3200,1,0,0,0
5,内蒙古,30,True,3200,0,0,0,0
5,内蒙古,31,True,3200,2,0,0,0
5,内蒙古,32,True,3200,0,0,0,0
5,内蒙古,33,True,3200,0,0,0,0
5,内蒙古,34,True,3200,0,0,0,0
5,内蒙古,35,True,3200,2,0,0,0
5,内蒙古,36,True,3200,2,0,0,0
5,内蒙古,37,True,3200,2,0,0,0
5,内蒙古,38,True,3200,0,0,0,0
5,内蒙古,39,True,3200,1,0,0,0
5,内蒙古,40,True,3200,0,0,0,0
5,内蒙古,41,True,3200,0,0,0,0
5,内蒙古,42,True,3200,1,0,0,0
5,内蒙古,43,True,3200,1,1,1,0
5,内蒙古,44,True,3200,0,0,0,0
5,内蒙古,45,True,3200,0,0,0,0
5,内蒙古,46,True,3200,0,0,0,0
5,内蒙古,47,True,3200,0,0,0,0
5,内蒙古,48,True,3200,0,0,0,0
5,内蒙古,49,True,3200,0,0,0,0
5,内蒙古,50,True,3200,0,0,0,0
5,内蒙古,51,True,3200,0,0,0,0
5,内蒙古,52,True,3200,0,0,0,0
5,内蒙古,53,True,3200,0,0,0,0
5,内蒙古,54,True,3200,0,0,0,0
5,内蒙古,55,True,3200,0,0,0,0
5,内蒙古,56,True,3200,0,0,0,0
5,内蒙古,57,True,3200,0,0,0,0
5,辽宁,1,True,3200,0,0,0,0
5,辽宁,2,True,3200,0,0,0,0
5,辽宁,3,True,3200,0,0,0,0
5,辽宁,4,True,3200,0,0,0,0
5,辽宁,5,True,3200,0,0,0,0
5,辽宁,6,True,3200,0,0,0,0
5,辽宁,7,True,3200,0,0,0,0
5,辽宁,8,True,3200,0,0,0,0
5,辽宁,9,True,3200,0,0,0,0
5,辽宁,10,True,3200,2,0,0,0
5,辽宁,11,True,3200,0,0,0,0
5,辽宁,12,True,3200,4,1,1,0
5,辽宁,13,True,3200,0,0,0,0
5,辽宁,14,True,3200,0,0,0,0
5,辽宁,15,True,3200,5,2,1,1
5,辽宁,16,True,3200,1,0,0,0
5,辽宁,17,True,3200,6,1,1,0
5,辽宁,18,True,3200,2,0,0,0
5,辽宁,19,True,3200,0,0,0,0
5,辽宁,20,True,3200,0,0,0,0
5,辽宁,21,True,3200,0,0,0,0
5,辽宁,22,True,3200,0,0,0,0
5,辽宁,23,True,3200,0,0,0,0
5,辽宁,24,True,3200,0,0,0,0
5,辽宁,25,True,3200,2,0,0,0
5,辽宁,26,True,3200,0,0,0,0
5,辽宁,27,True,3200,0,0,0,0
5,辽宁,28,True,3200,2,1,1,0
5,辽宁,29,True,3200,0,0,0,0
5,辽宁,30,True,3200,8,2,2,0
5,辽宁,31,True,3200,0,0,0,0
5,辽宁,32,True,3200,0,0,0,0
5,辽宁,33,True,3200,0,0,0,0
5,辽宁,34,True,3200,0,0,0,0
5,辽宁,35,True,3200,0,0,0,0
5,辽宁,36,True,3200,0,0,0,0
5,辽宁,37,True,3200,4,0,0,0
5,辽宁,38,True,3200,0,0,0,0
5,辽宁,39,True,3200,0,0,0,0
5,辽宁,40,True,3200,0,0,0,0
5,辽宁,41,True,3200,0,0,0,0
5,辽宁,42,True,3200,0,0,0,0
5,辽宁,43,True,3200,3,0,0,0
5,辽宁,44,True,3200,0,0,0,0
5,辽宁,45,True,3200,0,0,0,0
5,辽宁,46,True,3200,3,2,0,2
5,辽宁,47,True,3200,2,0,0,0
5,辽宁,48,True,3200,4,1,1,0
5,辽宁,49,True,3200,0,0,0,0
5,辽宁,50,True,3200,2,1,1,0
5,辽宁,51,True,3200,4,1,1,0
5,辽宁,52,True,3200,4,1,0,1
5,辽宁,53,True,3200,0,0,0,0
5,辽宁,54,True,3200,1,1,1,0
5,辽宁,55,True,3200,4,1,1,0
5,辽宁,56,True,3200,1,0,0,0
5,辽宁,57,True,3200,4,2,2,0
5,辽宁,58,True,3200,0,0,0,0
5,辽宁,59,True,3200,0,0,0,0
5,辽宁,60,True,3200,0,0,0,0
5,辽宁,61,True,3200,0,0,0,0
5,辽宁,62,True,3200,4,0,0,0
5,辽宁,63,True,3200,2,1,1,0
5,辽宁,64,True,3200,4,1,1,0
5,辽宁,65,True,3200,0,0,0,0
5,辽宁,66,True,3200,6,2,1,1
5,辽宁,67,True,3200,2,2,0,2
5,辽宁,68,True,3200,1,1,0,1
5,辽宁,69,True,3200,0,0,0,0
5,辽宁,70,True,3200,0,0,0,0
5,辽宁,71,True,3200,0,0,0,0
5,辽宁,72,True,3200,2,0,0,0
5,辽宁,73,True,3200,2,0,0,0
5,辽宁,74,True,3200,2,0,0,0
5,辽宁,75,True,3200,0,0,0,0
5,辽宁,76,True,3200,0,0,0,0
5,辽宁,77,True,3200,1,0,0,0
5,辽宁,78,True,3200,4,2,1,1
5,辽宁,79,True,3200,0,0,0,0
5,辽宁,80,True,3200,0,0,0,0
5,辽宁,81,True,3200,2,0,0,0
5,辽宁,82,True,3200,0,0,0,0
5,辽宁,83,True,3200,0,0,0,0
5,辽宁,84,True,3200,0,0,0,0
5,辽宁,85,True,3200,4,1,1,0
5,辽宁,86,True,3200,0,0,0,0
5,辽宁,87,True,3200,2,0,0,0
5,辽宁,88,True,3200,3,1,0,1
5,辽宁,89,True,3200,0,0,0,0
5,辽宁,90,True,3200,0,0,0,0
5,辽宁,91,True,3200,0,0,0,0
5,辽宁,92,True,3200,0,0,0,0
5,辽宁,93,True,3200,0,0,0,0
5,辽宁,94,True,3200,0,0,0,0
5,辽宁,95,True,3200,0,0,0,0
5,辽宁,96,True,3200,2,1,1,0
5,辽宁,97,True,3200,0,0,0,0
5,辽宁,98,True,3200,0,0,0,0
5,辽宁,99,True,3200,0,0,0,0
5,辽宁,100,True,3200,6,3,0,3
5,吉林,1,True,3200,0,0,0,0
5,吉林,2,True,3200,0,0,0,0
5,吉林,3,True,3200,0,0,0,0
5,吉林,4,True,3200,0,0,0,0
5,吉林,5,True,3200,0,0,0,0
5,吉林,6,True,3200,0,0,0,0
5,吉林,7,True,3200,2,1,0,1
5,吉林,8,True,3200,0,0,0,0
5,吉林,9,True,3200,0,0,0,0
5,吉林,10,True,3200,0,0,0,0
5,吉林,11,True,3200,0,0,0,0
5,吉林,12,True,3200,0,0,0,0
5,吉林,13,True,3200,0,0,0,0
5,吉林,14,True,3200,0,0,0,0
5,吉林,15,True,3200,0,0,0,0
5,吉林,16,True,3200,0,0,0,0
5,吉林,17,True,3200,0,0,0,0
5,吉林,18,True,3200,0,0,0,0
5,吉林,19,True,3200,0,0,0,0
5,吉林,20,True,3200,0,0,0,0
5,吉林,21,True,3200,0,0,0,0
5,吉林,22,True,3200,0,0,0,0
5,吉林,23,True,3200,0,0,0,0
5,吉林,24,True,3200,0,0,0,0
5,吉林,25,True,3200,2,0,0,0
5,吉林,26,True,3200,2,0,0,0
5,吉林,27,True,3200,6,1,1,0
5,吉林,28,True,3200,1,1,0,1
5,吉林,29,True,3200,0,0,0,0
5,吉林,30,True,3200,0,0,0,0
5,吉林,31,True,3200,1,1,1,0
5,吉林,32,True,3200,0,0,0,0
5,吉林,33,True,3200,0,0,0,0
5,吉林,34,True,3200,0,0,0,0
5,吉林,35,True,3200,0,0,0,0
5,吉林,36,True,3200,0,0,0,0
5,吉林,37,True,3200,2,0,0,0
5,吉林,38,True,3200,0,0,0,0
5,吉林,39,True,3200,0,0,0,0
5,吉林,40,True,3200,0,0,0,0
5,吉林,41,True,3200,0,0,0,0
5,吉林,42,True,3200,2,0,0,0
5,吉林,43,True,3200,2,1,0,1
5,吉林,44,True,3200,12,2,2,0
5,吉林,45,True,3200,0,0,0,0
5,吉林,46,True,3200,4,0,0,0
5,吉林,47,True,3200,4,1,1,0
5,吉林,48,True,3200,6,1,1,0
5,吉林,49,True,3200,3,1,0,1
5,吉林,50,True,3200,6,1,0,1
5,吉林,51,True,3200,4,1,1,0
5,吉林,52,True,3200,4,0,0,0
5,吉林,53,True,3200,3,2,1,1
5,吉林,54,True,3200,8,2,0,2
5,吉林,55,True,3200,1,0,0,0
5,吉林,56,True,3200,5,1,1,0
5,吉林,57,True,3200,10,1,1,0
5,吉林,58,True,3200,6,1,1,0
5,吉林,59,True,3200,0,0,0,0
5,吉林,60,True,3200,0,0,0,0
5,吉林,61,True,3200,0,0,0,0
5,吉林,62,True,3200,0,0,0,0
5,吉林,63,True,3200,0,0,0,0
5,吉林,64,True,3200,0,0,0,0
5,吉林,65,True,3200,0,0,0,0
5,吉林,66,True,3200,0,0,0,0
5,吉林,67,True,3200,0,0,0,0
5,吉林,68,True,3200,0,0,0,0
5,吉林,69,True,3200,0,0,0,0
5,吉林,70,True,3200,0,0,0,0
5,吉林,71,True,3200,2,0,0,0
5,吉林,72,True,3200,0,0,0,0
5,吉林,73,True,3200,4,1,0,1
5,吉林,74,True,3200,0,0,0,0
5,吉林,75,True,3200,4,1,1,0
5,吉林,76,True,3200,0,0,0,0
5,吉林,77,True,3200,0,0,0,0
5,吉林,78,True,3200,4,0,0,0
5,吉林,79,True,3200,5,1,1,0
5,吉林,80,True,3200,1,0,0,0
5,吉林,81,True,3200,2,0,0,0
5,吉林,82,True,3200,5,0,0,0
5,吉林,83,True,3200,0,0,0,0
5,吉林,84,True,3200,0,0,0,0
5,吉林,85,True,3200,2,0,0,0
5,吉林,86,True,3200,2,1,0,1
5,吉林,87,True,3200,2,1,0,1
5,吉林,88,True,3200,2,1,0,1
5,吉林,89,True,3200,2,0,0,0
5,吉林,90,True,3200,5,2,0,2
5,吉林,91,True,3200,0,0,0,0
5,吉林,92,True,3200,2,1,0,1
5,吉林,93,True,3200,8,3,1,2
5,吉林,94,True,3200,2,1,0,1
5,吉林,95,True,3200,2,0,0,0
5,吉林,96,True,3200,2,1,0,1
5,吉林,97,True,3200,2,0,0,0
5,吉林,98,True,3200,2,1,1,0
5,吉林,99,True,3200,2,0,0,0
5,吉林,100,True,3200,4,1,1,0
5,黑龙江,1,True,3200,0,0,0,0
5,黑龙江,2,True,3200,0,0,0,0
5,黑龙江,3,True,3200,0,0,0,0
5,黑龙江,4,True,3200,0,0,0,0
5,黑龙江,5,True,3200,0,0,0,0
5,黑龙江,6,True,3200,8,3,0,3
5,黑龙江,7,True,3200,8,0,0,0
5,黑龙江,8,True,3200,0,0,0,0
5,黑龙江,9,True,3200,0,0,0,0
5,黑龙江,10,True,3200,2,0,0,0
5,黑龙江,11,True,3200,2,1,0,1
5,黑龙江,12,True,3200,0,0,0,0
5,黑龙江,13,True,3200,2,1,0,1
5,黑龙江,14,True,3200,0,0,0,0
5,黑龙江,15,True,3200,0,0,0,0
5,黑龙江,16,True,3200,0,0,0,0
5,黑龙江,17,True,3200,0,0,0,0
5,黑龙江,18,True,3200,0,0,0,0
5,黑龙江,19,True,3200,0,0,0,0
5,黑龙江,20,True,3200,0,0,0,0
5,黑龙江,21,True,3200,0,0,0,0
5,黑龙江,22,True,3200,2,0,0,0
5,黑龙江,23,True,3200,0,0,0,0
5,黑龙江,24,True,3200,0,0,0,0
5,黑龙江,25,True,3200,0,0,0,0
5,黑龙江,26,True,3200,0,0,0,0
5,黑龙江,27,True,3200,0,0,0,0
5,黑龙江,28,True,3200,0,0,0,0
5,黑龙江,29,True,3200,0,0,0,0
5,黑龙江,30,True,3200,0,0,0,0
5,黑龙江,31,True,3200,0,0,0,0
5,黑龙江,32,True,3200,0,0,0,0
5,黑龙江,33,True,3200,0,0,0,0
5,黑龙江,34,True,3200,0,0,0,0
5,黑龙江,35,True,3200,0,0,0,0
5,黑龙江,36,True,3200,0,0,0,0
5,黑龙江,37,True,3200,0,0,0,0
5,黑龙江,38,True,3200,2,1,1,0
5,黑龙江,39,True,3200,0,0,0,0
5,黑龙江,40,True,3200,0,0,0,0
5,黑龙江,41,True,3200,0,0,0,0
5,黑龙江,42,True,3200,0,0,0,0
5,黑龙江,43,True,3200,0,0,0,0
5,黑龙江,44,True,3200,0,0,0,0
5,黑龙江,45,True,3200,0,0,0,0
5,黑龙江,46,True,3200,0,0,0,0
5,黑龙江,47,True,3200,0,0,0,0
5,黑龙江,48,True,3200,0,0,0,0
5,黑龙江,49,True,3200,0,0,0,0
5,黑龙江,50,True,3200,0,0,0,0
5,黑龙江,51,True,3200,0,0,0,0
5,黑龙江,52,True,3200,0,0,0,0
5,黑龙江,53,True,3200,0,0,0,0
5,黑龙江,54,True,3200,0,0,0,0
5,黑龙江,55,True,3200,0,0,0,0
5,黑龙江,56,True,3200,0,0,0,0
5,黑龙江,57,True,3200,0,0,0,0
5,黑龙江,58,True,3200,0,0,0,0
5,黑龙江,59,True,3200,0,0,0,0
5,黑龙江,60,True,3200,0,0,0,0
5,黑龙江,61,True,3200,0,0,0,0
5,黑龙江,62,True,3200,0,0,0,0
5,黑龙江,63,True,3200,0,0,0,0
5,黑龙江,64,True,3200,0,0,0,0
5,黑龙江,65,True,3200,0,0,0,0
5,黑龙江,66,True,3200,0,0,0,0
5,黑龙江,67,True,3200,0,0,0,0
5,黑龙江,68,True,3200,0,0,0,0
5,黑龙江,69,True,3200,0,0,0,0
5,黑龙江,70,True,3200,0,0,0,0
5,黑龙江,71,True,3200,0,0,0,0
5,黑龙江,72,True,3200,0,0,0,0
5,黑龙江,73,True,3200,0,0,0,0
5,黑龙江,74,True,3200,0,0,0,0
5,黑龙江,75,True,3200,0,0,0,0
5,黑龙江,76,True,3200,0,0,0,0
5,黑龙江,77,True,3200,0,0,0,0
5,黑龙江,78,True,3200,0,0,0,0
5,黑龙江,79,True,3200,0,0,0,0
5,黑龙江,80,True,3200,0,0,0,0
5,黑龙江,81,True,3200,0,0,0,0
5,黑龙江,82,True,3200,0,0,0,0
5,黑龙江,83,True,3200,0,0,0,0
5,黑龙江,84,True,3200,0,0,0,0
5,黑龙江,85,True,3200,0,0,0,0
5,黑龙江,86,True,3200,0,0,0,0
5,黑龙江,87,True,3200,0,0,0,0
5,黑龙江,88,True,3200,0,0,0,0
5,黑龙江,89,True,3200,0,0,0,0
5,黑龙江,90,True,3200,0,0,0,0
5,黑龙江,91,True,3200,0,0,0,0
5,黑龙江,92,True,3200,0,0,0,0
5,黑龙江,93,True,3200,0,0,0,0
5,黑龙江,94,True,3200,0,0,0,0
5,黑龙江,95,True,3200,0,0,0,0
5,黑龙江,96,True,3200,0,0,0,0
5,黑龙江,97,True,3200,0,0,0,0
5,黑龙江,98,True,3200,0,0,0,0
5,黑龙江,99,True,3200,0,0,0,0
5,黑龙江,100,True,3200,0,0,0,0
5,上海,1,True,3200,0,0,0,0
5,上海,2,True,3200,0,0,0,0
5,上海,3,True,3200,0,0,0,0
5,上海,4,True,3200,0,0,0,0
5,上海,5,True,3200,0,0,0,0
5,上海,6,True,3200,0,0,0,0
5,上海,7,True,3200,0,0,0,0
5,上海,8,True,3200,3,1,0,1
5,上海,9,True,3200,0,0,0,0
5,上海,10,True,3200,0,0,0,0
5,上海,11,True,3200,3,0,0,0
5,上海,12,True,3200,0,0,0,0
5,上海,13,True,3200,4,2,0,2
5,上海,14,True,3200,0,0,0,0
5,上海,15,True,3200,4,2,0,2
5,上海,16,True,3200,0,0,0,0
5,上海,17,True,3200,0,0,0,0
5,上海,18,True,3200,0,0,0,0
5,上海,19,True,3200,0,0,0,0
5,上海,20,True,3200,10,0,0,0
5,上海,21,True,3200,10,0,0,0
5,上海,22,True,3200,10,4,0,4
5,上海,23,True,3200,6,2,2,0
5,上海,24,True,3200,0,0,0,0
5,上海,25,True,3200,0,0,0,0
5,上海,26,True,3200,0,0,0,0
5,上海,27,True,3200,2,0,0,0
5,上海,28,True,3200,1,0,0,0
5,上海,29,True,3200,0,0,0,0
5,上海,30,True,3200,4,0,0,0
5,上海,31,True,3200,2,0,0,0
5,上海,32,True,3200,0,0,0,0
5,上海,33,True,3200,0,0,0,0
5,上海,34,True,3200,0,0,0,0
5,上海,35,True,3200,2,0,0,0
5,上海,36,True,3200,5,1,1,0
5,上海,37,True,3200,0,0,0,0
5,上海,38,True,3200,1,1,1,0
5,上海,39,True,3200,0,0,0,0
5,上海,40,True,3200,0,0,0,0
5,上海,41,True,3200,2,0,0,0
5,上海,42,True,3200,1,0,0,0
5,上海,43,True,3200,0,0,0,0
5,上海,44,True,3200,2,1,0,1
5,上海,45,True,3200,0,0,0,0
5,上海,46,True,3200,5,3,1,2
5,上海,47,True,3200,8,2,2,0
5,上海,48,True,3200,1,0,0,0
5,上海,49,True,3200,2,1,0,1
5,上海,50,True,3200,5,1,0,1
5,上海,51,True,3200,0,0,0,0
5,上海,52,True,3200,0,0,0,0
5,上海,53,True,3200,2,0,0,0
5,上海,54,True,3200,6,2,1,1
5,上海,55,True,3200,8,3,1,2
5,上海,56,True,3200,6,2,0,2
5,上海,57,True,3200,4,0,0,0
5,上海,58,True,3200,0,0,0,0
5,上海,59,True,3200,8,0,0,0
5,上海,60,True,3200,58,14,14,0
5,上海,61,True,3200,0,0,0,0
5,上海,62,True,3200,0,0,0,0
5,上海,63,True,3200,0,0,0,0
5,上海,64,True,3200,0,0,0,0
5,上海,65,True,3200,0,0,0,0
5,上海,66,True,3200,0,0,0,0
5,上海,67,True,3200,0,0,0,0
5,上海,68,True,3200,0,0,0,0
5,上海,69,True,3200,0,0,0,0
5,上海,70,True,3200,0,0,0,0
5,上海,71,True,3200,0,0,0,0
5,上海,72,True,3200,0,0,0,0
5,上海,73,True,3200,0,0,0,0
5,上海,74,True,3200,0,0,0,0
5,上海,75,True,3200,0,0,0,0
5,上海,76,True,3200,0,0,0,0
5,上海,77,True,3200,0,0,0,0
5,上海,78,True,3200,0,0,0,0
5,上海,79,True,3200,0,0,0,0
5,上海,80,True,3200,0,0,0,0
5,上海,81,True,3200,0,0,0,0
5,上海,82,True,3200,0,0,0,0
5,上海,83,True,3200,0,0,0,0
5,上海,84,True,3200,0,0,0,0
5,上海,85,True,3200,0,0,0,0
5,上海,86,True,3200,0,0,0,0
5,上海,87,True,3200,0,0,0,0
5,上海,88,True,3200,0,0,0,0
5,上海,89,True,3200,0,0,0,0
5,上海,90,True,3200,0,0,0,0
5,上海,91,True,3200,0,0,0,0
5,上海,92,True,3200,0,0,0,0
5,上海,93,True,3200,0,0,0,0
5,上海,94,True,3200,0,0,0,0
5,上海,95,True,3200,0,0,0,0
5,上海,96,True,3200,0,0,0,0
5,上海,97,True,3200,0,0,0,0
5,上海,98,True,3200,0,0,0,0
5,上海,99,True,3200,0,0,0,0
5,上海,100,True,3200,0,0,0,0
5,江苏,1,True,3200,0,0,0,0
5,江苏,2,True,3200,0,0,0,0
5,江苏,3,True,3200,0,0,0,0
5,江苏,4,True,3200,0,0,0,0
5,江苏,5,True,3200,0,0,0,0
5,江苏,6,True,3200,0,0,0,0
5,江苏,7,True,3200,0,0,0,0
5,江苏,8,True,3200,0,0,0,0
5,江苏,9,True,3200,0,0,0,0
5,江苏,10,True,3200,0,0,0,0
5,江苏,11,True,3200,1,1,1,0
5,江苏,12,True,3200,0,0,0,0
5,江苏,13,True,3200,0,0,0,0
5,江苏,14,True,3200,0,0,0,0
5,江苏,15,True,3200,0,0,0,0
5,江苏,16,True,3200,3,0,0,0
5,江苏,17,True,3200,6,2,2,0
5,江苏,18,True,3200,2,1,1,0
5,江苏,19,True,3200,2,0,0,0
5,江苏,20,True,3200,0,0,0,0
5,江苏,21,True,3200,0,0,0,0
5,江苏,22,True,3200,0,0,0,0
5,江苏,23,True,3200,0,0,0,0
5,江苏,24,True,3200,0,0,0,0
5,江苏,25,True,3200,1,0,0,0
5,江苏,26,True,3200,0,0,0,0
5,江苏,27,True,3200,0,0,0,0
5,江苏,28,True,3200,4,1,1,0
5,江苏,29,True,3200,0,0,0,0
5,江苏,30,True,3200,0,0,0,0
5,江苏,31,True,3200,0,0,0,0
5,江苏,32,True,3200,0,0,0,0
5,江苏,33,True,3200,8,0,0,0
5,江苏,34,True,3200,0,0,0,0
5,江苏,35,True,3200,2,1,1,0
5,江苏,36,True,3200,0,0,0,0
5,江苏,37,True,3200,6,2,2,0
5,江苏,38,True,3200,4,1,1,0
5,江苏,39,True,3200,10,1,0,1
5,江苏,40,True,3200,7,3,1,2
5,江苏,41,True,3200,8,3,3,0
5,江苏,42,True,3200,2,0,0,0
5,江苏,43,True,3200,0,0,0,0
5,江苏,44,True,3200,0,0,0,0
5,江苏,45,True,3200,0,0,0,0
5,江苏,46,True,3200,0,0,0,0
5,江苏,47,True,3200,0,0,0,0
5,江苏,48,True,3200,1,0,0,0
5,江苏,49,True,3200,0,0,0,0
5,江苏,50,True,3200,2,0,0,0
5,江苏,51,True,3200,4,1,1,0
5,江苏,52,True,3200,0,0,0,0
5,江苏,53,True,3200,0,0,0,0
5,江苏,54,True,3200,2,0,0,0
5,江苏,55,True,3200,43,16,3,13
5,江苏,56,True,3200,21,12,3,9
5,江苏,57,True,3200,4,2,0,2
5,江苏,58,True,3200,0,0,0,0
5,江苏,59,True,3200,0,0,0,0
5,江苏,60,True,3200,2,0,0,0
5,江苏,61,True,3200,0,0,0,0
5,江苏,62,True,3200,1,0,0,0
5,江苏,63,True,3200,4,2,1,1
5,江苏,64,True,3200,0,0,0,0
5,江苏,65,True,3200,4,1,1,0
5,江苏,66,True,3200,5,3,0,3
5,江苏,67,True,3200,0,0,0,0
5,江苏,68,True,3200,2,0,0,0
5,江苏,69,True,3200,3,1,1,0
5,江苏,70,True,3200,0,0,0,0
5,江苏,71,True,3200,0,0,0,0
5,江苏,72,True,3200,2,0,0,0
5,江苏,73,True,3200,4,1,1,0
5,江苏,74,True,3200,0,0,0,0
5,江苏,75,True,3200,0,0,0,0
5,江苏,76,True,3200,9,2,2,0
5,江苏,77,True,3200,0,0,0,0
5,江苏,78,True,3200,4,1,1,0
5,江苏,79,True,3200,1,1,0,1
5,江苏,80,True,3200,1,0,0,0
5,江苏,81,True,3200,1,0,0,0
5,江苏,82,True,3200,1,0,0,0
5,江苏,83,True,3200,4,2,0,2
5,江苏,84,True,3200,0,0,0,0
5,江苏,85,True,3200,0,0,0,0
5,江苏,86,True,3200,4,2,0,2
5,江苏,87,True,3200,0,0,0,0
5,江苏,88,True,3200,0,0,0,0
5,江苏,89,True,3200,0,0,0,0
5,江苏,90,True,3200,0,0,0,0
5,江苏,91,True,3200,0,0,0,0
5,江苏,92,True,3200,0,0,0,0
5,江苏,93,True,3200,1,1,1,0
5,江苏,94,True,3200,0,0,0,0
5,江苏,95,True,3200,0,0,0,0
5,江苏,96,True,3200,0,0,0,0
5,江苏,97,True,3200,0,0,0,0
5,江苏,98,True,3200,0,0,0,0
5,江苏,99,True,3200,0,0,0,0
5,江苏,100,True,3200,3,0,0,0
5,浙江,1,True,3200,0,0,0,0
5,浙江,2,True,3200,0,0,0,0
5,浙江,3,True,3200,0,0,0,0
5,浙江,4,True,3200,0,0,0,0
5,浙江,5,True,3200,0,0,0,0
5,浙江,6,True,3200,0,0,0,0
5,浙江,7,True,3200,0,0,0,0
5,浙江,8,True,3200,0,0,0,0
5,浙江,9,True,3200,0,0,0,0
5,浙江,10,True,3200,0,0,0,0
5,浙江,11,True,3200,0,0,0,0
5,浙江,12,True,3200,2,0,0,0
5,浙江,13,True,3200,6,1,1,0
5,浙江,14,True,3200,0,0,0,0
5,浙江,15,True,3200,4,1,1,0
5,浙江,16,True,3200,0,0,0,0
5,浙江,17,True,3200,0,0,0,0
5,浙江,18,True,3200,0,0,0,0
5,浙江,19,True,3200,0,0,0,0
5,浙江,20,True,3200,0,0,0,0
5,浙江,21,True,3200,0,0,0,0
5,浙江,22,True,3200,0,0,0,0
5,浙江,23,True,3200,2,1,0,1
5,浙江,24,True,3200,4,0,0,0
5,浙江,25,True,3200,2,1,1,0
5,浙江,26,True,3200,0,0,0,0
5,浙江,27,True,3200,0,0,0,0
5,浙江,28,True,3200,0,0,0,0
5,浙江,29,True,3200,2,0,0,0
5,浙江,30,True,3200,2,1,1,0
5,浙江,31,True,3200,0,0,0,0
5,浙江,32,True,3200,1,0,0,0
5,浙江,33,True,3200,0,0,0,0
5,浙江,34,True,3200,2,0,0,0
5,浙江,35,True,3200,0,0,0,0
5,浙江,36,True,3200,2,0,0,0
5,浙江,37,True,3200,11,4,0,4
5,浙江,38,True,3200,2,0,0,0
5,浙江,39,True,3200,0,0,0,0
5,浙江,40,True,3200,0,0,0,0
5,浙江,41,True,3200,0,0,0,0
5,浙江,42,True,3200,0,0,0,0
5,浙江,43,True,3200,0,0,0,0
5,浙江,44,True,3200,0,0,0,0
5,浙江,45,True,3200,0,0,0,0
5,浙江,46,True,3200,0,0,0,0
5,浙江,47,True,3200,0,0,0,0
5,浙江,48,True,3200,0,0,0,0
5,浙江,49,True,3200,2,0,0,0
5,浙江,50,True,3200,2,0,0,0
5,浙江,51,True,3200,0,0,0,0
5,浙江,52,True,3200,0,0,0,0
5,浙江,53,True,3200,0,0,0,0
5,浙江,54,True,3200,0,0,0,0
5,浙江,55,True,3200,0,0,0,0
5,浙江,56,True,3200,0,0,0,0
5,浙江,57,True,3200,0,0,0,0
5,浙江,58,True,3200,0,0,0,0
5,浙江,59,True,3200,0,0,0,0
5,浙江,60,True,3200,0,0,0,0
5,浙江,61,True,3200,0,0,0,0
5,浙江,62,True,3200,0,0,0,0
5,浙江,63,True,3200,0,0,0,0
5,浙江,64,True,3200,0,0,0,0
5,浙江,65,True,3200,0,0,0,0
5,浙江,66,True,3200,0,0,0,0
5,浙江,67,True,3200,2,0,0,0
5,浙江,68,True,3200,0,0,0,0
5,浙江,69,True,3200,0,0,0,0
5,浙江,70,True,3200,0,0,0,0
5,浙江,71,True,3200,0,0,0,0
5,浙江,72,True,3200,0,0,0,0
5,浙江,73,True,3200,0,0,0,0
5,浙江,74,True,3200,0,0,0,0
5,浙江,75,True,3200,0,0,0,0
5,浙江,76,True,3200,0,0,0,0
5,浙江,77,True,3200,0,0,0,0
5,浙江,78,True,3200,0,0,0,0
5,浙江,79,True,3200,0,0,0,0
5,浙江,80,True,3200,0,0,0,0
5,浙江,81,True,3200,0,0,0,0
5,浙江,82,True,3200,0,0,0,0
5,浙江,83,True,3200,0,0,0,0
5,浙江,84,True,3200,0,0,0,0
5,浙江,85,True,3200,0,0,0,0
5,浙江,86,True,3200,0,0,0,0
5,浙江,87,True,3200,0,0,0,0
5,浙江,88,True,3200,0,0,0,0
5,浙江,89,True,3200,0,0,0,0
5,浙江,90,True,3200,0,0,0,0
5,浙江,91,True,3200,0,0,0,0
5,浙江,92,True,3200,0,0,0,0
5,浙江,93,True,3200,0,0,0,0
5,浙江,94,True,3200,0,0,0,0
5,浙江,95,True,3200,0,0,0,0
5,浙江,96,True,3200,0,0,0,0
5,浙江,97,True,3200,0,0,0,0
5,浙江,98,True,3200,0,0,0,0
5,浙江,99,True,3200,0,0,0,0
5,浙江,100,True,3200,0,0,0,0
5,安徽,1,True,3200,0,0,0,0
5,安徽,2,True,3200,0,0,0,0
5,安徽,3,True,3200,0,0,0,0
5,安徽,4,True,3200,0,0,0,0
5,安徽,5,True,3200,0,0,0,0
5,安徽,6,True,3200,0,0,0,0
5,安徽,7,True,3200,0,0,0,0
5,安徽,8,True,3200,4,1,1,0
5,安徽,9,True,3200,8,2,2,0
5,安徽,10,True,3200,0,0,0,0
5,安徽,11,True,3200,0,0,0,0
5,安徽,12,True,3200,1,0,0,0
5,安徽,13,True,3200,3,0,0,0
5,安徽,14,True,3200,5,1,1,0
5,安徽,15,True,3200,0,0,0,0
5,安徽,16,True,3200,0,0,0,0
5,安徽,17,True,3200,0,0,0,0
5,安徽,18,True,3200,2,0,0,0
5,安徽,19,True,3200,0,0,0,0
5,安徽,20,True,3200,0,0,0,0
5,安徽,21,True,3200,0,0,0,0
5,安徽,22,True,3200,2,0,0,0
5,安徽,23,True,3200,4,2,2,0
5,安徽,24,True,3200,1,0,0,0
5,安徽,25,True,3200,0,0,0,0
5,安徽,26,True,3200,0,0,0,0
5,安徽,27,True,3200,3,0,0,0
5,安徽,28,True,3200,0,0,0,0
5,安徽,29,True,3200,0,0,0,0
5,安徽,30,True,3200,0,0,0,0
5,安徽,31,True,3200,0,0,0,0
5,安徽,32,True,3200,2,1,1,0
5,安徽,33,True,3200,4,1,1,0
5,安徽,34,True,3200,0,0,0,0
5,安徽,35,True,3200,0,0,0,0
5,安徽,36,True,3200,0,0,0,0
5,安徽,37,True,3200,0,0,0,0
5,安徽,38,True,3200,0,0,0,0
5,安徽,39,True,3200,4,0,0,0
5,安徽,40,True,3200,0,0,0,0
5,安徽,41,True,3200,0,0,0,0
5,安徽,42,True,3200,0,0,0,0
5,安徽,43,True,3200,0,0,0,0
5,安徽,44,True,3200,2,1,0,1
5,安徽,45,True,3200,0,0,0,0
5,安徽,46,True,3200,0,0,0,0
5,安徽,47,True,3200,0,0,0,0
5,安徽,48,True,3200,0,0,0,0
5,安徽,49,True,3200,0,0,0,0
5,安徽,50,True,3200,0,0,0,0
5,安徽,51,True,3200,0,0,0,0
5,安徽,52,True,3200,2,1,1,0
5,安徽,53,True,3200,2,1,0,1
5,安徽,54,True,3200,4,1,1,0
5,安徽,55,True,3200,0,0,0,0
5,安徽,56,True,3200,1,0,0,0
5,安徽,57,True,3200,3,1,1,0
5,安徽,58,True,3200,0,0,0,0
5,安徽,59,True,3200,0,0,0,0
5,安徽,60,True,3200,0,0,0,0
5,安徽,61,True,3200,0,0,0,0
5,安徽,62,True,3200,0,0,0,0
5,安徽,63,True,3200,0,0,0,0
5,安徽,64,True,3200,0,0,0,0
5,安徽,65,True,3200,0,0,0,0
5,安徽,66,True,3200,0,0,0,0
5,安徽,67,True,3200,0,0,0,0
5,安徽,68,True,3200,0,0,0,0
5,安徽,69,True,3200,3,1,1,0
5,安徽,70,True,3200,10,0,0,0
5,安徽,71,True,3200,1,1,1,0
5,安徽,72,True,3200,2,1,0,1
5,安徽,73,True,3200,1,1,0,1
5,安徽,74,True,3200,0,0,0,0
5,安徽,75,True,3200,0,0,0,0
5,安徽,76,True,3200,0,0,0,0
5,安徽,77,True,3200,0,0,0,0
5,安徽,78,True,3200,0,0,0,0
5,安徽,79,True,3200,0,0,0,0
5,安徽,80,True,3200,0,0,0,0
5,安徽,81,True,3200,0,0,0,0
5,安徽,82,True,3200,2,0,0,0
5,安徽,83,True,3200,2,0,0,0
5,安徽,84,True,3200,5,1,1,0
5,安徽,85,True,3200,10,5,5,0
5,安徽,86,True,3200,0,0,0,0
5,安徽,87,True,3200,5,0,0,0
5,安徽,88,True,3200,0,0,0,0
5,安徽,89,True,3200,0,0,0,0
5,安徽,90,True,3200,0,0,0,0
5,安徽,91,True,3200,0,0,0,0
5,安徽,92,True,3200,0,0,0,0
5,安徽,93,True,3200,0,0,0,0
5,安徽,94,True,3200,6,2,2,0
5,安徽,95,True,3200,0,0,0,0
5,安徽,96,True,3200,0,0,0,0
5,安徽,97,True,3200,1,0,0,0
5,安徽,98,True,3200,4,0,0,0
5,安徽,99,True,3200,6,1,1,0
5,安徽,100,True,3200,0,0,0,0
5,福建,1,True,3200,0,0,0,0
5,福建,2,True,3200,0,0,0,0
5,福建,3,True,3200,0,0,0,0
5,福建,4,True,3200,0,0,0,0
5,福建,5,True,3200,0,0,0,0
5,福建,6,True,3200,0,0,0,0
5,福建,7,True,3200,0,0,0,0
5,福建,8,True,3200,0,0,0,0
5,福建,9,True,3200,0,0,0,0
5,福建,10,True,3200,0,0,0,0
5,福建,11,True,3200,1,0,0,0
5,福建,12,True,3200,0,0,0,0
5,福建,13,True,3200,1,0,0,0
5,福建,14,True,3200,2,0,0,0
5,福建,15,True,3200,12,2,2,0
5,福建,16,True,3200,3,0,0,0
5,福建,17,True,3200,0,0,0,0
5,福建,18,True,3200,0,0,0,0
5,福建,19,True,3200,0,0,0,0
5,福建,20,True,3200,0,0,0,0
5,福建,21,True,3200,0,0,0,0
5,福建,22,True,3200,0,0,0,0
5,福建,23,True,3200,2,0,0,0
5,福建,24,True,3200,0,0,0,0
5,福建,25,True,3200,0,0,0,0
5,福建,26,True,3200,3,0,0,0
5,福建,27,True,3200,2,0,0,0
5,福建,28,True,3200,6,1,1,0
5,福建,29,True,3200,1,0,0,0
5,福建,30,True,3200,1,0,0,0
5,福建,31,True,3200,0,0,0,0
5,福建,32,True,3200,0,0,0,0
5,福建,33,True,3200,2,0,0,0
5,福建,34,True,3200,0,0,0,0
5,福建,35,True,3200,8,1,0,1
5,福建,36,True,3200,4,0,0,0
5,福建,37,True,3200,2,1,0,1
5,福建,38,True,3200,0,0,0,0
5,福建,39,True,3200,2,0,0,0
5,福建,40,True,3200,0,0,0,0
5,福建,41,True,3200,0,0,0,0
5,福建,42,True,3200,0,0,0,0
5,福建,43,True,3200,0,0,0,0
5,福建,44,True,3200,0,0,0,0
5,福建,45,True,3200,0,0,0,0
5,福建,46,True,3200,0,0,0,0
5,福建,47,True,3200,4,1,1,0
5,福建,48,True,3200,2,0,0,0
5,福建,49,True,3200,0,0,0,0
5,福建,50,True,3200,0,0,0,0
5,福建,51,True,3200,0,0,0,0
5,福建,52,True,3200,0,0,0,0
5,福建,53,True,3200,0,0,0,0
5,福建,54,True,3200,0,0,0,0
5,福建,55,True,3200,0,0,0,0
5,福建,56,True,3200,0,0,0,0
5,福建,57,True,3200,0,0,0,0
5,福建,58,True,3200,0,0,0,0
5,福建,59,True,3200,0,0,0,0
5,福建,60,True,3200,0,0,0,0
5,福建,61,True,3200,0,0,0,0
5,福建,62,True,3200,0,0,0,0
5,福建,63,True,3200,2,1,0,1
5,福建,64,True,3200,0,0,0,0
5,福建,65,True,3200,0,0,0,0
5,福建,66,True,3200,0,0,0,0
5,福建,67,True,3200,0,0,0,0
5,福建,68,True,3200,0,0,0,0
5,福建,69,True,3200,0,0,0,0
5,福建,70,True,3200,0,0,0,0
5,福建,71,True,3200,0,0,0,0
5,福建,72,True,3200,4,1,1,0
5,福建,73,True,3200,0,0,0,0
5,福建,74,True,3200,0,0,0,0
5,福建,75,True,3200,0,0,0,0
5,福建,76,True,3200,0,0,0,0
5,福建,77,True,3200,0,0,0,0
5,福建,78,True,3200,1,0,0,0
5,福建,79,True,3200,0,0,0,0
5,福建,80,True,3200,0,0,0,0
5,福建,81,True,3200,0,0,0,0
5,福建,82,True,3200,0,0,0,0
5,福建,83,True,3200,0,0,0,0
5,福建,84,True,3200,0,0,0,0
5,福建,85,True,3200,0,0,0,0
5,福建,86,True,3200,0,0,0,0
5,福建,87,True,3200,0,0,0,0
5,福建,88,True,3200,0,0,0,0
5,福建,89,True,3200,0,0,0,0
5,福建,90,True,3200,0,0,0,0
5,福建,91,True,3200,5,2,0,2
5,福建,92,True,3200,8,1,0,1
5,福建,93,True,3200,2,1,0,1
5,福建,94,True,3200,0,0,0,0
5,福建,95,True,3200,0,0,0,0
5,福建,96,True,3200,3,0,0,0
5,福建,97,True,3200,0,0,0,0
5,福建,98,True,3200,0,0,0,0
5,福建,99,True,3200,2,1,1,0
5,福建,100,True,3200,0,0,0,0
5,江西,1,True,3200,0,0,0,0
5,江西,2,True,3200,0,0,0,0
5,江西,3,True,3200,0,0,0,0
5,江西,4,True,3200,0,0,0,0
5,江西,5,True,3200,0,0,0,0
5,江西,6,True,3200,0,0,0,0
5,江西,7,True,3200,4,1,1,0
5,江西,8,True,3200,0,0,0,0
5,江西,9,True,3200,0,0,0,0
5,江西,10,True,3200,0,0,0,0
5,江西,11,True,3200,2,0,0,0
5,江西,12,True,3200,0,0,0,0
5,江西,13,True,3200,0,0,0,0
5,江西,14,True,3200,0,0,0,0
5,江西,15,True,3200,2,1,1,0
5,江西,16,True,3200,2,1,1,0
5,江西,17,True,3200,2,0,0,0
5,江西,18,True,3200,0,0,0,0
5,江西,19,True,3200,6,1,1,0
5,江西,20,True,3200,0,0,0,0
5,江西,21,True,3200,2,0,0,0
5,江西,22,True,3200,0,0,0,0
5,江西,23,True,3200,0,0,0,0
5,江西,24,True,3200,0,0,0,0
5,江西,25,True,3200,1,0,0,0
5,江西,26,True,3200,2,0,0,0
5,江西,27,True,3200,2,0,0,0
5,江西,28,True,3200,0,0,0,0
5,江西,29,True,3200,0,0,0,0
5,江西,30,True,3200,0,0,0,0
5,江西,31,True,3200,0,0,0,0
5,江西,32,True,3200,2,1,1,0
5,江西,33,True,3200,2,0,0,0
5,江西,34,True,3200,3,1,0,1
5,江西,35,True,3200,2,1,1,0
5,江西,36,True,3200,2,0,0,0
5,江西,37,True,3200,0,0,0,0
5,江西,38,True,3200,8,2,1,1
5,江西,39,True,3200,1,1,1,0
5,江西,40,True,3200,0,0,0,0
5,江西,41,True,3200,0,0,0,0
5,江西,42,True,3200,0,0,0,0
5,江西,43,True,3200,0,0,0,0
5,江西,44,True,3200,0,0,0,0
5,江西,45,True,3200,2,0,0,0
5,江西,46,True,3200,4,1,1,0
5,江西,47,True,3200,1,0,0,0
5,江西,48,True,3200,0,0,0,0
5,江西,49,True,3200,0,0,0,0
5,江西,50,True,3200,0,0,0,0
5,江西,51,True,3200,0,0,0,0
5,江西,52,True,3200,0,0,0,0
5,江西,53,True,3200,0,0,0,0
5,江西,54,True,3200,0,0,0,0
5,江西,55,True,3200,0,0,0,0
5,江西,56,True,3200,0,0,0,0
5,江西,57,True,3200,0,0,0,0
5,江西,58,True,3200,0,0,0,0
5,江西,59,True,3200,0,0,0,0
5,江西,60,True,3200,0,0,0,0
5,江西,61,True,3200,4,1,1,0
5,江西,62,True,3200,4,2,0,2
5,江西,63,True,3200,4,0,0,0
5,江西,64,True,3200,0,0,0,0
5,江西,65,True,3200,0,0,0,0
5,江西,66,True,3200,0,0,0,0
5,江西,67,True,3200,0,0,0,0
5,江西,68,True,3200,0,0,0,0
5,江西,69,True,3200,0,0,0,0
5,江西,70,True,3200,0,0,0,0
5,江西,71,True,3200,0,0,0,0
5,江西,72,True,3200,0,0,0,0
5,江西,73,True,3200,1,0,0,0
5,江西,74,True,3200,3,1,0,1
5,江西,75,True,3200,0,0,0,0
5,江西,76,True,3200,0,0,0,0
5,江西,77,True,3200,0,0,0,0
5,江西,78,True,3200,0,0,0,0
5,江西,79,True,3200,0,0,0,0
5,江西,80,True,3200,0,0,0,0
5,江西,81,True,3200,0,0,0,0
5,江西,82,True,3200,0,0,0,0
5,江西,83,True,3200,0,0,0,0
5,江西,84,True,3200,0,0,0,0
5,江西,85,True,3200,0,0,0,0
5,江西,86,True,3200,0,0,0,0
5,江西,87,True,3200,0,0,0,0
5,江西,88,True,3200,0,0,0,0
5,江西,89,True,3200,0,0,0,0
5,江西,90,True,3200,0,0,0,0
5,江西,91,True,3200,1,1,0,1
5,江西,92,True,3200,0,0,0,0
5,江西,93,True,3200,0,0,0,0
5,江西,94,True,3200,2,0,0,0
5,江西,95,True,3200,0,0,0,0
5,江西,96,True,3200,0,0,0,0
5,江西,97,True,3200,0,0,0,0
5,江西,98,True,3200,3,0,0,0
5,江西,99,True,3200,2,0,0,0
5,江西,100,True,3200,0,0,0,0
5,山东,1,True,3200,0,0,0,0
5,山东,2,True,3200,0,0,0,0
5,山东,3,True,3200,0,0,0,0
5,山东,4,True,3200,0,0,0,0
5,山东,5,True,3200,0,0,0,0
5,山东,6,True,3200,0,0,0,0
5,山东,7,True,3200,0,0,0,0
5,山东,8,True,3200,0,0,0,0
5,山东,9,True,3200,0,0,0,0
5,山东,10,True,3200,0,0,0,0
5,山东,11,True,3200,0,0,0,0
5,山东,12,True,3200,0,0,0,0
5,山东,13,True,3200,0,0,0,0
5,山东,14,True,3200,0,0,0,0
5,山东,15,True,3200,0,0,0,0
5,山东,16,True,3200,1,1,0,1
5,山东,17,True,3200,0,0,0,0
5,山东,18,True,3200,0,0,0,0
5,山东,19,True,3200,3,1,1,0
5,山东,20,True,3200,4,2,0,2
5,山东,21,True,3200,4,1,1,0
5,山东,22,True,3200,48,23,1,22
5,山东,23,True,3200,5,2,0,2
5,山东,24,True,3200,2,1,0,1
5,山东,25,True,3200,2,0,0,0
5,山东,26,True,3200,0,0,0,0
5,山东,27,True,3200,0,0,0,0
5,山东,28,True,3200,2,0,0,0
5,山东,29,True,3200,2,0,0,0
5,山东,30,True,3200,2,0,0,0
5,山东,31,True,3200,3,0,0,0
5,山东,32,True,3200,4,2,0,2
5,山东,33,True,3200,6,0,0,0
5,山东,34,True,3200,2,0,0,0
5,山东,35,True,3200,0,0,0,0
5,山东,36,True,3200,9,3,2,1
5,山东,37,True,3200,1,1,1,0
5,山东,38,True,3200,0,0,0,0
5,山东,39,True,3200,0,0,0,0
5,山东,40,True,3200,13,1,1,0
5,山东,41,True,3200,23,8,2,6
5,山东,42,True,3200,12,6,1,5
5,山东,43,True,3200,0,0,0,0
5,山东,44,True,3200,0,0,0,0
5,山东,45,True,3200,1,0,0,0
5,山东,46,True,3200,0,0,0,0
5,山东,47,True,3200,0,0,0,0
5,山东,48,True,3200,4,1,1,0
5,山东,49,True,3200,2,0,0,0
5,山东,50,True,3200,0,0,0,0
5,山东,51,True,3200,2,2,0,2
5,山东,52,True,3200,1,1,0,1
5,山东,53,True,3200,0,0,0,0
5,山东,54,True,3200,2,2,2,0
5,山东,55,True,3200,0,0,0,0
5,山东,56,True,3200,0,0,0,0
5,山东,57,True,3200,0,0,0,0
5,山东,58,True,3200,0,0,0,0
5,山东,59,True,3200,0,0,0,0
5,山东,60,True,3200,0,0,0,0
5,山东,61,True,3200,0,0,0,0
5,山东,62,True,3200,0,0,0,0
5,山东,63,True,3200,0,0,0,0
5,山东,64,True,3200,0,0,0,0
5,山东,65,True,3200,0,0,0,0
5,山东,66,True,3200,0,0,0,0
5,山东,67,True,3200,2,1,1,0
5,山东,68,True,3200,4,1,1,0
5,山东,69,True,3200,0,0,0,0
5,山东,70,True,3200,4,0,0,0
5,山东,71,True,3200,3,1,0,1
5,山东,72,True,3200,0,0,0,0
5,山东,73,True,3200,0,0,0,0
5,山东,74,True,3200,0,0,0,0
5,山东,75,True,3200,0,0,0,0
5,山东,76,True,3200,0,0,0,0
5,山东,77,True,3200,0,0,0,0
5,山东,78,True,3200,2,1,1,0
5,山东,79,True,3200,0,0,0,0
5,山东,80,True,3200,0,0,0,0
5,山东,81,True,3200,0,0,0,0
5,山东,82,True,3200,0,0,0,0
5,山东,83,True,3200,0,0,0,0
5,山东,84,True,3200,0,0,0,0
5,山东,85,True,3200,0,0,0,0
5,山东,86,True,3200,0,0,0,0
5,山东,87,True,3200,0,0,0,0
5,山东,88,True,3200,0,0,0,0
5,山东,89,True,3200,0,0,0,0
5,山东,90,True,3200,0,0,0,0
5,山东,91,True,3200,0,0,0,0
5,山东,92,True,3200,0,0,0,0
5,山东,93,True,3200,0,0,0,0
5,山东,94,True,3200,0,0,0,0
5,山东,95,True,3200,0,0,0,0
5,山东,96,True,3200,0,0,0,0
5,山东,97,True,3200,0,0,0,0
5,山东,98,True,3200,0,0,0,0
5,山东,99,True,3200,0,0,0,0
5,山东,100,True,3200,0,0,0,0
5,河南,1,True,3200,0,0,0,0
5,河南,2,True,3200,0,0,0,0
5,河南,3,True,3200,0,0,0,0
5,河南,4,True,3200,0,0,0,0
5,河南,5,True,3200,0,0,0,0
5,河南,6,True,3200,0,0,0,0
5,河南,7,True,3200,0,0,0,0
5,河南,8,True,3200,0,0,0,0
5,河南,9,True,3200,4,1,1,0
5,河南,10,True,3200,0,0,0,0
5,河南,11,True,3200,2,1,1,0
5,河南,12,True,3200,0,0,0,0
5,河南,13,True,3200,1,0,0,0
5,河南,14,True,3200,0,0,0,0
5,河南,15,True,3200,0,0,0,0
5,河南,16,True,3200,2,0,0,0
5,河南,17,True,3200,4,1,1,0
5,河南,18,True,3200,4,1,1,0
5,河南,19,True,3200,0,0,0,0
5,河南,20,True,3200,0,0,0,0
5,河南,21,True,3200,4,2,2,0
5,河南,22,True,3200,0,0,0,0
5,河南,23,True,3200,2,1,0,1
5,河南,24,True,3200,0,0,0,0
5,河南,25,True,3200,2,0,0,0
5,河南,26,True,3200,0,0,0,0
5,河南,27,True,3200,1,0,0,0
5,河南,28,True,3200,0,0,0,0
5,河南,29,True,3200,0,0,0,0
5,河南,30,True,3200,0,0,0,0
5,河南,31,True,3200,0,0,0,0
5,河南,32,True,3200,0,0,0,0
5,河南,33,True,3200,1,1,1,0
5,河南,34,True,3200,0,0,0,0
5,河南,35,True,3200,2,0,0,0
5,河南,36,True,3200,0,0,0,0
5,河南,37,True,3200,2,1,1,0
5,河南,38,True,3200,0,0,0,0
5,河南,39,True,3200,2,0,0,0
5,河南,40,True,3200,0,0,0,0
5,河南,41,True,3200,0,0,0,0
5,河南,42,True,3200,0,0,0,0
5,河南,43,True,3200,2,1,0,1
5,河南,44,True,3200,0,0,0,0
5,河南,45,True,3200,2,0,0,0
5,河南,46,True,3200,0,0,0,0
5,河南,47,True,3200,0,0,0,0
5,河南,48,True,3200,2,1,1,0
5,河南,49,True,3200,0,0,0,0
5,河南,50,True,3200,1,0,0,0
5,河南,51,True,3200,2,0,0,0
5,河南,52,True,3200,0,0,0,0
5,河南,53,True,3200,0,0,0,0
5,河南,54,True,3200,0,0,0,0
5,河南,55,True,3200,0,0,0,0
5,河南,56,True,3200,0,0,0,0
5,河南,57,True,3200,0,0,0,0
5,河南,58,True,3200,0,0,0,0
5,河南,59,True,3200,0,0,0,0
5,河南,60,True,3200,1,0,0,0
5,河南,61,True,3200,0,0,0,0
5,河南,62,True,3200,0,0,0,0
5,河南,63,True,3200,0,0,0,0
5,河南,64,True,3200,0,0,0,0
5,河南,65,True,3200,2,1,0,1
5,河南,66,True,3200,0,0,0,0
5,河南,67,True,3200,0,0,0,0
5,河南,68,True,3200,0,0,0,0
5,河南,69,True,3200,0,0,0,0
5,河南,70,True,3200,4,1,1,0
5,河南,71,True,3200,0,0,0,0
5,河南,72,True,3200,2,1,0,1
5,河南,73,True,3200,0,0,0,0
5,河南,74,True,3200,1,0,0,0
5,河南,75,True,3200,8,0,0,0
5,河南,76,True,3200,8,2,1,1
5,河南,77,True,3200,2,1,1,0
5,河南,78,True,3200,1,0,0,0
5,河南,79,True,3200,0,0,0,0
5,河南,80,True,3200,0,0,0,0
5,河南,81,True,3200,0,0,0,0
5,河南,82,True,3200,0,0,0,0
5,河南,83,True,3200,0,0,0,0
5,河南,84,True,3200,0,0,0,0
5,河南,85,True,3200,6,2,2,0
5,河南,86,True,3200,0,0,0,0
5,河南,87,True,3200,0,0,0,0
5,河南,88,True,3200,0,0,0,0
5,河南,89,True,3200,0,0,0,0
5,河南,90,True,3200,0,0,0,0
5,河南,91,True,3200,0,0,0,0
5,河南,92,True,3200,0,0,0,0
5,河南,93,True,3200,0,0,0,0
5,河南,94,True,3200,0,0,0,0
5,河南,95,True,3200,0,0,0,0
5,河南,96,True,3200,0,0,0,0
5,河南,97,True,3200,0,0,0,0
5,河南,98,True,3200,0,0,0,0
5,河南,99,True,3200,0,0,0,0
5,河南,100,True,3200,0,0,0,0
5,湖北,1,True,3200,0,0,0,0
5,湖北,2,True,3200,0,0,0,0
5,湖北,3,True,3200,0,0,0,0
5,湖北,4,True,3200,0,0,0,0
5,湖北,5,True,3200,0,0,0,0
5,湖北,6,True,3200,0,0,0,0
5,湖北,7,True,3200,0,0,0,0
5,湖北,8,True,3200,0,0,0,0
5,湖北,9,True,3200,0,0,0,0
5,湖北,10,True,3200,0,0,0,0
5,湖北,11,True,3200,0,0,0,0
5,湖北,12,True,3200,0,0,0,0
5,湖北,13,True,3200,2,1,1,0
5,湖北,14,True,3200,4,0,0,0
5,湖北,15,True,3200,2,1,1,0
5,湖北,16,True,3200,0,0,0,0
5,湖北,17,True,3200,1,0,0,0
5,湖北,18,True,3200,2,1,0,1
5,湖北,19,True,3200,0,0,0,0
5,湖北,20,True,3200,2,1,1,0
5,湖北,21,True,3200,4,1,1,0
5,湖北,22,True,3200,0,0,0,0
5,湖北,23,True,3200,0,0,0,0
5,湖北,24,True,3200,0,0,0,0
5,湖北,25,True,3200,0,0,0,0
5,湖北,26,True,3200,0,0,0,0
5,湖北,27,True,3200,1,0,0,0
5,湖北,28,True,3200,4,0,0,0
5,湖北,29,True,3200,2,1,0,1
5,湖北,30,True,3200,1,1,0,1
5,湖北,31,True,3200,2,1,0,1
5,湖北,32,True,3200,4,0,0,0
5,湖北,33,True,3200,4,2,2,0
5,湖北,34,True,3200,0,0,0,0
5,湖北,35,True,3200,0,0,0,0
5,湖北,36,True,3200,3,1,1,0
5,湖北,37,True,3200,0,0,0,0
5,湖北,38,True,3200,0,0,0,0
5,湖北,39,True,3200,7,1,1,0
5,湖北,40,True,3200,0,0,0,0
5,湖北,41,True,3200,2,0,0,0
5,湖北,42,True,3200,0,0,0,0
5,湖北,43,True,3200,0,0,0,0
5,湖北,44,True,3200,2,1,1,0
5,湖北,45,True,3200,2,1,1,0
5,湖北,46,True,3200,2,1,1,0
5,湖北,47,True,3200,2,0,0,0
5,湖北,48,True,3200,0,0,0,0
5,湖北,49,True,3200,2,0,0,0
5,湖北,50,True,3200,4,1,1,0
5,湖北,51,True,3200,0,0,0,0
5,湖北,52,True,3200,2,1,1,0
5,湖北,53,True,3200,0,0,0,0
5,湖北,54,True,3200,0,0,0,0
5,湖北,55,True,3200,0,0,0,0
5,湖北,56,True,3200,0,0,0,0
5,湖北,57,True,3200,0,0,0,0
5,湖北,58,True,3200,4,0,0,0
5,湖北,59,True,3200,3,1,1,0
5,湖北,60,True,3200,2,1,0,1
5,湖北,61,True,3200,2,1,0,1
5,湖北,62,True,3200,2,1,0,1
5,湖北,63,True,3200,0,0,0,0
5,湖北,64,True,3200,0,0,0,0
5,湖北,65,True,3200,6,2,0,2
5,湖北,66,True,3200,0,0,0,0
5,湖北,67,True,3200,2,0,0,0
5,湖北,68,True,3200,6,2,1,1
5,湖北,69,True,3200,4,0,0,0
5,湖北,70,True,3200,0,0,0,0
5,湖北,71,True,3200,0,0,0,0
5,湖北,72,True,3200,0,0,0,0
5,湖北,73,True,3200,0,0,0,0
5,湖北,74,True,3200,2,1,1,0
5,湖北,75,True,3200,0,0,0,0
5,湖北,76,True,3200,2,0,0,0
5,湖北,77,True,3200,0,0,0,0
5,湖北,78,True,3200,0,0,0,0
5,湖北,79,True,3200,0,0,0,0
5,湖北,80,True,3200,0,0,0,0
5,湖北,81,True,3200,0,0,0,0
5,湖北,82,True,3200,0,0,0,0
5,湖北,83,True,3200,2,0,0,0
5,湖北,84,True,3200,2,0,0,0
5,湖北,85,True,3200,2,0,0,0
5,湖北,86,True,3200,4,0,0,0
5,湖北,87,True,3200,4,0,0,0
5,湖北,88,True,3200,4,0,0,0
5,湖北,89,True,3200,4,0,0,0
5,湖北,90,True,3200,4,0,0,0
5,湖北,91,True,3200,4,0,0,0
5,湖北,92,True,3200,4,0,0,0
5,湖北,93,True,3200,4,0,0,0
5,湖北,94,True,3200,4,0,0,0
5,湖北,95,True,3200,4,0,0,0
5,湖北,96,True,3200,4,0,0,0
5,湖北,97,True,3200,4,0,0,0
5,湖北,98,True,3200,4,0,0,0
5,湖北,99,True,3200,4,0,0,0
5,湖北,100,True,3200,4,0,0,0
5,湖南,1,True,3200,0,0,0,0
5,湖南,2,True,3200,0,0,0,0
5,湖南,3,True,3200,0,0,0,0
5,湖南,4,True,3200,0,0,0,0
5,湖南,5,True,3200,0,0,0,0
5,湖南,6,True,3200,0,0,0,0
5,湖南,7,True,3200,0,0,0,0
5,湖南,8,True,3200,0,0,0,0
5,湖南,9,True,3200,0,0,0,0
5,湖南,10,True,3200,2,1,1,0
5,湖南,11,True,3200,0,0,0,0
5,湖南,12,True,3200,0,0,0,0
5,湖南,13,True,3200,0,0,0,0
5,湖南,14,True,3200,5,1,0,1
5,湖南,15,True,3200,0,0,0,0
5,湖南,16,True,3200,0,0,0,0
5,湖南,17,True,3200,0,0,0,0
5,湖南,18,True,3200,0,0,0,0
5,湖南,19,True,3200,0,0,0,0
5,湖南,20,True,3200,2,0,0,0
5,湖南,21,True,3200,6,2,2,0
5,湖南,22,True,3200,6,2,1,1
5,湖南,23,True,3200,0,0,0,0
5,湖南,24,True,3200,0,0,0,0
5,湖南,25,True,3200,0,0,0,0
5,湖南,26,True,3200,4,1,1,0
5,湖南,27,True,3200,3,1,1,0
5,湖南,28,True,3200,3,2,1,1
5,湖南,29,True,3200,0,0,0,0
5,湖南,30,True,3200,1,1,1,0
5,湖南,31,True,3200,5,1,1,0
5,湖南,32,True,3200,0,0,0,0
5,湖南,33,True,3200,0,0,0,0
5,湖南,34,True,3200,1,0,0,0
5,湖南,35,True,3200,8,2,2,0
5,湖南,36,True,3200,3,1,0,1
5,湖南,37,True,3200,0,0,0,0
5,湖南,38,True,3200,0,0,0,0
5,湖南,39,True,3200,0,0,0,0
5,湖南,40,True,3200,0,0,0,0
5,湖南,41,True,3200,3,0,0,0
5,湖南,42,True,3200,0,0,0,0
5,湖南,43,True,3200,0,0,0,0
5,湖南,44,True,3200,0,0,0,0
5,湖南,45,True,3200,0,0,0,0
5,湖南,46,True,3200,0,0,0,0
5,湖南,47,True,3200,0,0,0,0
5,湖南,48,True,3200,0,0,0,0
5,湖南,49,True,3200,0,0,0,0
5,湖南,50,True,3200,0,0,0,0
5,湖南,51,True,3200,0,0,0,0
5,湖南,52,True,3200,0,0,0,0
5,湖南,53,True,3200,0,0,0,0
5,湖南,54,True,3200,0,0,0,0
5,湖南,55,True,3200,0,0,0,0
5,湖南,56,True,3200,2,0,0,0
5,湖南,57,True,3200,0,0,0,0
5,湖南,58,True,3200,2,0,0,0
5,湖南,59,True,3200,0,0,0,0
5,湖南,60,True,3200,0,0,0,0
5,湖南,61,True,3200,0,0,0,0
5,湖南,62,True,3200,0,0,0,0
5,湖南,63,True,3200,4,1,1,0
5,湖南,64,True,3200,0,0,0,0
5,湖南,65,True,3200,0,0,0,0
5,湖南,66,True,3200,5,0,0,0
5,湖南,67,True,3200,0,0,0,0
5,湖南,68,True,3200,0,0,0,0
5,湖南,69,True,3200,0,0,0,0
5,湖南,70,True,3200,2,0,0,0
5,湖南,71,True,3200,2,1,1,0
5,湖南,72,True,3200,6,2,2,0
5,湖南,73,True,3200,0,0,0,0
5,湖南,74,True,3200,2,1,1,0
5,湖南,75,True,3200,0,0,0,0
5,湖南,76,True,3200,18,2,1,1
5,湖南,77,True,3200,4,2,0,2
5,湖南,78,True,3200,0,0,0,0
5,湖南,79,True,3200,0,0,0,0
5,湖南,80,True,3200,0,0,0,0
5,湖南,81,True,3200,0,0,0,0
5,湖南,82,True,3200,7,3,2,1
5,湖南,83,True,3200,0,0,0,0
5,湖南,84,True,3200,0,0,0,0
5,湖南,85,True,3200,4,1,1,0
5,湖南,86,True,3200,0,0,0,0
5,湖南,87,True,3200,0,0,0,0
5,湖南,88,True,3200,1,0,0,0
5,湖南,89,True,3200,0,0,0,0
5,湖南,90,True,3200,0,0,0,0
5,湖南,91,True,3200,0,0,0,0
5,湖南,92,True,3200,0,0,0,0
5,湖南,93,True,3200,0,0,0,0
5,湖南,94,True,3200,0,0,0,0
5,湖南,95,True,3200,2,1,0,1
5,湖南,96,True,3200,0,0,0,0
5,湖南,97,True,3200,0,0,0,0
5,湖南,98,True,3200,0,0,0,0
5,湖南,99,True,3200,2,1,1,0
5,湖南,100,True,3200,0,0,0,0
5,广东,1,True,3200,0,0,0,0
5,广东,2,True,3200,0,0,0,0
5,广东,3,True,3200,0,0,0,0
5,广东,4,True,3200,0,0,0,0
5,广东,5,True,3200,0,0,0,0
5,广东,6,True,3200,0,0,0,0
5,广东,7,True,3200,0,0,0,0
5,广东,8,True,3200,0,0,0,0
5,广东,9,True,3200,10,4,4,0
5,广东,10,True,3200,0,0,0,0
5,广东,11,True,3200,0,0,0,0
5,广东,12,True,3200,3,0,0,0
5,广东,13,True,3200,8,1,1,0
5,广东,14,True,3200,14,3,3,0
5,广东,15,True,3200,0,0,0,0
5,广东,16,True,3200,2,0,0,0
5,广东,17,True,3200,3,1,1,0
5,广东,18,True,3200,4,0,0,0
5,广东,19,True,3200,6,1,1,0
5,广东,20,True,3200,4,1,1,0
5,广东,21,True,3200,0,0,0,0
5,广东,22,True,3200,3,1,1,0
5,广东,23,True,3200,2,1,0,1
5,广东,24,True,3200,2,0,0,0
5,广东,25,True,3200,4,1,1,0
5,广东,26,True,3200,1,1,0,1
5,广东,27,True,3200,0,0,0,0
5,广东,28,True,3200,0,0,0,0
5,广东,29,True,3200,0,0,0,0
5,广东,30,True,3200,0,0,0,0
5,广东,31,True,3200,3,0,0,0
5,广东,32,True,3200,1,0,0,0
5,广东,33,True,3200,0,0,0,0
5,广东,34,True,3200,6,1,1,0
5,广东,35,True,3200,0,0,0,0
5,广东,36,True,3200,0,0,0,0
5,广东,37,True,3200,0,0,0,0
5,广东,38,True,3200,0,0,0,0
5,广东,39,True,3200,0,0,0,0
5,广东,40,True,3200,0,0,0,0
5,广东,41,True,3200,0,0,0,0
5,广东,42,True,3200,0,0,0,0
5,广东,43,True,3200,0,0,0,0
5,广东,44,True,3200,0,0,0,0
5,广东,45,True,3200,0,0,0,0
5,广东,46,True,3200,0,0,0,0
5,广东,47,True,3200,0,0,0,0
5,广东,48,True,3200,0,0,0,0
5,广东,49,True,3200,0,0,0,0
5,广东,50,True,3200,0,0,0,0
5,广东,51,True,3200,0,0,0,0
5,广东,52,True,3200,0,0,0,0
5,广东,53,True,3200,0,0,0,0
5,广东,54,True,3200,0,0,0,0
5,广东,55,True,3200,2,1,0,1
5,广东,56,True,3200,0,0,0,0
5,广东,57,True,3200,3,1,1,0
5,广东,58,True,3200,0,0,0,0
5,广东,59,True,3200,0,0,0,0
5,广东,60,True,3200,0,0,0,0
5,广东,61,True,3200,0,0,0,0
5,广东,62,True,3200,3,1,1,0
5,广东,63,True,3200,0,0,0,0
5,广东,64,True,3200,0,0,0,0
5,广东,65,True,3200,0,0,0,0
5,广东,66,True,3200,4,1,1,0
5,广东,67,True,3200,0,0,0,0
5,广东,68,True,3200,0,0,0,0
5,广东,69,True,3200,0,0,0,0
5,广东,70,True,3200,2,0,0,0
5,广东,71,True,3200,0,0,0,0
5,广东,72,True,3200,2,1,0,1
5,广东,73,True,3200,0,0,0,0
5,广东,74,True,3200,0,0,0,0
5,广东,75,True,3200,4,1,1,0
5,广东,76,True,3200,0,0,0,0
5,广东,77,True,3200,0,0,0,0
5,广东,78,True,3200,0,0,0,0
5,广东,79,True,3200,0,0,0,0
5,广东,80,True,3200,18,8,8,0
5,广东,81,True,3200,2,1,1,0
5,广东,82,True,3200,0,0,0,0
5,广东,83,True,3200,0,0,0,0
5,广东,84,True,3200,3,0,0,0
5,广东,85,True,3200,0,0,0,0
5,广东,86,True,3200,0,0,0,0
5,广东,87,True,3200,0,0,0,0
5,广东,88,True,3200,0,0,0,0
5,广东,89,True,3200,0,0,0,0
5,广东,90,True,3200,0,0,0,0
5,广东,91,True,3200,2,0,0,0
5,广东,92,True,3200,0,0,0,0
5,广东,93,True,3200,0,0,0,0
5,广东,94,True,3200,2,0,0,0
5,广东,95,True,3200,0,0,0,0
5,广东,96,True,3200,0,0,0,0
5,广东,97,True,3200,0,0,0,0
5,广东,98,True,3200,2,0,0,0
5,广东,99,True,3200,4,2,0,2
5,广东,100,True,3200,0,0,0,0
5,广西,1,True,3200,0,0,0,0
5,广西,2,True,3200,0,0,0,0
5,广西,3,True,3200,0,0,0,0
5,广西,4,True,3200,0,0,0,0
5,广西,5,True,3200,0,0,0,0
5,广西,6,True,3200,0,0,0,0
5,广西,7,True,3200,0,0,0,0
5,广西,8,True,3200,0,0,0,0
5,广西,9,True,3200,0,0,0,0
5,广西,10,True,3200,0,0,0,0
5,广西,11,True,3200,0,0,0,0
5,广西,12,True,3200,14,7,0,7
5,广西,13,True,3200,0,0,0,0
5,广西,14,True,3200,13,6,0,6
5,广西,15,True,3200,14,5,0,5
5,广西,16,True,3200,1,0,0,0
5,广西,17,True,3200,15,4,4,0
5,广西,18,True,3200,0,0,0,0
5,广西,19,True,3200,0,0,0,0
5,广西,20,True,3200,0,0,0,0
5,广西,21,True,3200,0,0,0,0
5,广西,22,True,3200,0,0,0,0
5,广西,23,True,3200,4,1,1,0
5,广西,24,True,3200,0,0,0,0
5,广西,25,True,3200,0,0,0,0
5,广西,26,True,3200,0,0,0,0
5,广西,27,True,3200,0,0,0,0
5,广西,28,True,3200,8,1,1,0
5,广西,29,True,3200,2,1,0,1
5,广西,30,True,3200,0,0,0,0
5,广西,31,True,3200,1,0,0,0
5,广西,32,True,3200,2,1,1,0
5,广西,33,True,3200,0,0,0,0
5,广西,34,True,3200,0,0,0,0
5,广西,35,True,3200,0,0,0,0
5,广西,36,True,3200,0,0,0,0
5,广西,37,True,3200,0,0,0,0
5,广西,38,True,3200,0,0,0,0
5,广西,39,True,3200,0,0,0,0
5,广西,40,True,3200,8,2,0,2
5,广西,41,True,3200,4,0,0,0
5,广西,42,True,3200,2,1,1,0
5,广西,43,True,3200,0,0,0,0
5,广西,44,True,3200,0,0,0,0
5,广西,45,True,3200,0,0,0,0
5,广西,46,True,3200,1,0,0,0
5,广西,47,True,3200,0,0,0,0
5,广西,48,True,3200,0,0,0,0
5,广西,49,True,3200,0,0,0,0
5,广西,50,True,3200,0,0,0,0
5,广西,51,True,3200,0,0,0,0
5,广西,52,True,3200,11,0,0,0
5,广西,53,True,3200,12,6,0,6
5,广西,54,True,3200,0,0,0,0
5,广西,55,True,3200,0,0,0,0
5,广西,56,True,3200,0,0,0,0
5,广西,57,True,3200,0,0,0,0
5,广西,58,True,3200,0,0,0,0
5,广西,59,True,3200,0,0,0,0
5,广西,60,True,3200,0,0,0,0
5,广西,61,True,3200,0,0,0,0
5,广西,62,True,3200,0,0,0,0
5,广西,63,True,3200,0,0,0,0
5,广西,64,True,3200,0,0,0,0
5,广西,65,True,3200,0,0,0,0
5,广西,66,True,3200,0,0,0,0
5,广西,67,True,3200,0,0,0,0
5,广西,68,True,3200,0,0,0,0
5,广西,69,True,3200,0,0,0,0
5,广西,70,True,3200,0,0,0,0
5,广西,71,True,3200,0,0,0,0
5,广西,72,True,3200,0,0,0,0
5,广西,73,True,3200,0,0,0,0
5,广西,74,True,3200,4,1,1,0
5,广西,75,True,3200,0,0,0,0
5,广西,76,True,3200,0,0,0,0
5,广西,77,True,3200,0,0,0,0
5,广西,78,True,3200,0,0,0,0
5,广西,79,True,3200,0,0,0,0
5,广西,80,True,3200,0,0,0,0
5,广西,81,True,3200,0,0,0,0
5,广西,82,True,3200,0,0,0,0
5,广西,83,True,3200,0,0,0,0
5,广西,84,True,3200,0,0,0,0
5,广西,85,True,3200,0,0,0,0
5,广西,86,True,3200,0,0,0,0
5,广西,87,True,3200,0,0,0,0
5,广西,88,True,3200,0,0,0,0
5,广西,89,True,3200,0,0,0,0
5,广西,90,True,3200,0,0,0,0
5,广西,91,True,3200,0,0,0,0
5,广西,92,True,3200,0,0,0,0
5,广西,93,True,3200,0,0,0,0
5,广西,94,True,3200,0,0,0,0
5,广西,95,True,3200,0,0,0,0
5,广西,96,True,3200,0,0,0,0
5,广西,97,True,3200,0,0,0,0
5,广西,98,True,3200,0,0,0,0
5,广西,99,True,3200,0,0,0,0
5,广西,100,True,3200,0,0,0,0
5,海南,1,True,3200,0,0,0,0
5,海南,2,True,3200,0,0,0,0
5,海南,3,True,3200,0,0,0,0
5,海南,4,True,3200,0,0,0,0
5,海南,5,True,3200,0,0,0,0
5,海南,6,True,3200,2,1,1,0
5,海南,7,True,3200,0,0,0,0
5,海南,8,True,3200,0,0,0,0
5,海南,9,True,3200,0,0,0,0
5,海南,10,True,3200,0,0,0,0
5,海南,11,True,3200,0,0,0,0
5,海南,12,True,3200,0,0,0,0
5,海南,13,True,3200,0,0,0,0
5,海南,14,True,3200,1,0,0,0
5,海南,15,True,3200,0,0,0,0
5,海南,16,True,3200,0,0,0,0
5,海南,17,True,3200,5,2,1,1
5,海南,18,True,3200,2,0,0,0
5,海南,19,True,3200,0,0,0,0
5,海南,20,True,3200,0,0,0,0
5,海南,21,True,3200,0,0,0,0
5,海南,22,True,3200,1,0,0,0
5,海南,23,True,3200,0,0,0,0
5,海南,24,True,3200,2,0,0,0
5,海南,25,True,3200,0,0,0,0
5,海南,26,True,3200,2,0,0,0
5,海南,27,True,3200,2,1,0,1
5,海南,28,True,3200,2,0,0,0
5,海南,29,True,3200,0,0,0,0
5,海南,30,True,3200,0,0,0,0
5,海南,31,True,3200,5,0,0,0
5,海南,32,True,3200,0,0,0,0
5,海南,33,True,3200,0,0,0,0
5,海南,34,True,3200,0,0,0,0
5,海南,35,True,3200,2,0,0,0
5,海南,36,True,3200,0,0,0,0
5,海南,37,True,3200,0,0,0,0
5,海南,38,True,3200,0,0,0,0
5,海南,39,True,3200,1,0,0,0
5,海南,40,True,3200,3,1,0,1
5,海南,41,True,3200,0,0,0,0
5,海南,42,True,3200,0,0,0,0
5,海南,43,True,3200,0,0,0,0
5,海南,44,True,3200,0,0,0,0
5,海南,45,True,3200,0,0,0,0
5,海南,46,True,3200,0,0,0,0
5,海南,47,True,3200,0,0,0,0
5,海南,48,True,3200,0,0,0,0
5,海南,49,True,3200,0,0,0,0
5,海南,50,True,3200,1,0,0,0
5,海南,51,True,3200,1,0,0,0
5,海南,52,True,3200,0,0,0,0
5,海南,53,True,3200,0,0,0,0
5,海南,54,True,3200,0,0,0,0
5,海南,55,True,3200,0,0,0,0
5,海南,56,True,3200,3,0,0,0
5,海南,57,True,3200,0,0,0,0
5,海南,58,True,3200,0,0,0,0
5,海南,59,True,3200,0,0,0,0
5,海南,60,True,3200,0,0,0,0
5,海南,61,True,3200,0,0,0,0
5,海南,62,True,3200,4,1,1,0
5,海南,63,True,3200,0,0,0,0
5,海南,64,True,3200,0,0,0,0
5,海南,65,True,3200,0,0,0,0
5,海南,66,True,3200,0,0,0,0
5,海南,67,True,3200,0,0,0,0
5,海南,68,True,3200,0,0,0,0
5,海南,69,True,3200,0,0,0,0
5,海南,70,True,3200,0,0,0,0
5,海南,71,True,3200,0,0,0,0
5,海南,72,True,3200,0,0,0,0
5,海南,73,True,3200,0,0,0,0
5,海南,74,True,3200,0,0,0,0
5,海南,75,True,3200,0,0,0,0
5,海南,76,True,3200,0,0,0,0
5,海南,77,True,3200,0,0,0,0
5,海南,78,True,3200,0,0,0,0
5,海南,79,True,3200,0,0,0,0
5,海南,80,True,3200,0,0,0,0
5,海南,81,True,3200,0,0,0,0
5,海南,82,True,3200,0,0,0,0
5,海南,83,True,3200,0,0,0,0
5,海南,84,True,3200,0,0,0,0
5,海南,85,True,3200,0,0,0,0
5,海南,86,True,3200,0,0,0,0
5,海南,87,True,3200,0,0,0,0
5,海南,88,True,3200,0,0,0,0
5,海南,89,True,3200,0,0,0,0
5,海南,90,True,3200,0,0,0,0
5,海南,91,True,3200,0,0,0,0
5,海南,92,True,3200,0,0,0,0
5,海南,93,True,3200,0,0,0,0
5,海南,94,True,3200,0,0,0,0
5,海南,95,True,3200,0,0,0,0
5,海南,96,True,3200,0,0,0,0
5,海南,97,True,3200,0,0,0,0
5,海南,98,True,3200,0,0,0,0
5,海南,99,True,3200,0,0,0,0
5,海南,100,True,3200,0,0,0,0
5,重庆,1,True,3200,0,0,0,0
5,重庆,2,True,3200,0,0,0,0
5,重庆,3,True,3200,0,0,0,0
5,重庆,4,True,3200,0,0,0,0
5,重庆,5,True,3200,0,0,0,0
5,重庆,6,True,3200,0,0,0,0
5,重庆,7,True,3200,0,0,0,0
5,重庆,8,True,3200,0,0,0,0
5,重庆,9,True,3200,0,0,0,0
5,重庆,10,True,3200,0,0,0,0
5,重庆,11,True,3200,0,0,0,0
5,重庆,12,True,3200,0,0,0,0
5,重庆,13,True,3200,0,0,0,0
5,重庆,14,True,3200,0,0,0,0
5,重庆,15,True,3200,0,0,0,0
5,重庆,16,True,3200,0,0,0,0
5,重庆,17,True,3200,0,0,0,0
5,重庆,18,True,3200,0,0,0,0
5,重庆,19,True,3200,0,0,0,0
5,重庆,20,True,3200,0,0,0,0
5,重庆,21,True,3200,0,0,0,0
5,重庆,22,True,3200,0,0,0,0
5,重庆,23,True,3200,0,0,0,0
5,重庆,24,True,3200,0,0,0,0
5,重庆,25,True,3200,0,0,0,0
5,重庆,26,True,3200,0,0,0,0
5,重庆,27,True,3200,1,0,0,0
5,重庆,28,True,3200,0,0,0,0
5,重庆,29,True,3200,0,0,0,0
5,重庆,30,True,3200,0,0,0,0
5,重庆,31,True,3200,0,0,0,0
5,重庆,32,True,3200,0,0,0,0
5,重庆,33,True,3200,0,0,0,0
5,重庆,34,True,3200,0,0,0,0
5,重庆,35,True,3200,0,0,0,0
5,重庆,36,True,3200,0,0,0,0
5,重庆,37,True,3200,0,0,0,0
5,重庆,38,True,3200,0,0,0,0
5,重庆,39,True,3200,0,0,0,0
5,重庆,40,True,3200,0,0,0,0
5,重庆,41,True,3200,0,0,0,0
5,重庆,42,True,3200,0,0,0,0
5,重庆,43,True,3200,0,0,0,0
5,重庆,44,True,3200,0,0,0,0
5,重庆,45,True,3200,0,0,0,0
5,重庆,46,True,3200,0,0,0,0
5,重庆,47,True,3200,0,0,0,0
5,重庆,48,True,3200,0,0,0,0
5,重庆,49,True,3200,0,0,0,0
5,重庆,50,True,3200,0,0,0,0
5,重庆,51,True,3200,0,0,0,0
5,重庆,52,True,3200,0,0,0,0
5,重庆,53,True,3200,0,0,0,0
5,重庆,54,True,3200,0,0,0,0
5,重庆,55,True,3200,0,0,0,0
5,重庆,56,True,3200,0,0,0,0
5,重庆,57,True,3200,0,0,0,0
5,重庆,58,True,3200,0,0,0,0
5,重庆,59,True,3200,0,0,0,0
5,重庆,60,True,3200,0,0,0,0
5,重庆,61,True,3200,0,0,0,0
5,重庆,62,True,3200,0,0,0,0
5,重庆,63,True,3200,0,0,0,0
5,重庆,64,True,3200,0,0,0,0
5,重庆,65,True,3200,0,0,0,0
5,重庆,66,True,3200,0,0,0,0
5,重庆,67,True,3200,3,1,1,0
5,重庆,68,True,3200,0,0,0,0
5,重庆,69,True,3200,0,0,0,0
5,重庆,70,True,3200,0,0,0,0
5,重庆,71,True,3200,0,0,0,0
5,重庆,72,True,3200,0,0,0,0
5,重庆,73,True,3200,0,0,0,0
5,重庆,74,True,3200,0,0,0,0
5,重庆,75,True,3200,0,0,0,0
5,重庆,76,True,3200,0,0,0,0
5,重庆,77,True,3200,0,0,0,0
5,重庆,78,True,3200,0,0,0,0
5,重庆,79,True,3200,0,0,0,0
5,重庆,80,True,3200,0,0,0,0
5,重庆,81,True,3200,0,0,0,0
5,重庆,82,True,3200,0,0,0,0
5,重庆,83,True,3200,0,0,0,0
5,重庆,84,True,3200,0,0,0,0
5,重庆,85,True,3200,0,0,0,0
5,重庆,86,True,3200,0,0,0,0
5,重庆,87,True,3200,0,0,0,0
5,重庆,88,True,3200,2,0,0,0
5,重庆,89,True,3200,2,0,0,0
5,重庆,90,True,3200,0,0,0,0
5,重庆,91,True,3200,0,0,0,0
5,重庆,92,True,3200,0,0,0,0
5,重庆,93,True,3200,0,0,0,0
5,重庆,94,True,3200,0,0,0,0
5,重庆,95,True,3200,0,0,0,0
5,重庆,96,True,3200,0,0,0,0
5,重庆,97,True,3200,0,0,0,0
5,重庆,98,True,3200,0,0,0,0
5,重庆,99,True,3200,0,0,0,0
5,四川,1,True,3200,0,0,0,0
5,四川,2,True,3200,0,0,0,0
5,四川,3,True,3200,0,0,0,0
5,四川,4,True,3200,0,0,0,0
5,四川,5,True,3200,0,0,0,0
5,四川,6,True,3200,0,0,0,0
5,四川,7,True,3200,0,0,0,0
5,四川,8,True,3200,0,0,0,0
5,四川,9,True,3200,2,1,1,0
5,四川,10,True,3200,10,2,2,0
5,四川,11,True,3200,1,1,1,0
5,四川,12,True,3200,0,0,0,0
5,四川,13,True,3200,0,0,0,0
5,四川,14,True,3200,0,0,0,0
5,四川,15,True,3200,0,0,0,0
5,四川,16,True,3200,2,1,1,0
5,四川,17,True,3200,0,0,0,0
5,四川,18,True,3200,0,0,0,0
5,四川,19,True,3200,3,0,0,0
5,四川,20,True,3200,4,1,0,1
5,四川,21,True,3200,0,0,0,0
5,四川,22,True,3200,0,0,0,0
5,四川,23,True,3200,0,0,0,0
5,四川,24,True,3200,0,0,0,0
5,四川,25,True,3200,4,1,1,0
5,四川,26,True,3200,6,1,1,0
5,四川,27,True,3200,3,0,0,0
5,四川,28,True,3200,0,0,0,0
5,四川,29,True,3200,0,0,0,0
5,四川,30,True,3200,0,0,0,0
5,四川,31,True,3200,2,0,0,0
5,四川,32,True,3200,1,0,0,0
5,四川,33,True,3200,0,0,0,0
5,四川,34,True,3200,3,1,1,0
5,四川,35,True,3200,4,0,0,0
5,四川,36,True,3200,2,0,0,0
5,四川,37,True,3200,2,1,0,1
5,四川,38,True,3200,0,0,0,0
5,四川,39,True,3200,2,0,0,0
5,四川,40,True,3200,0,0,0,0
5,四川,41,True,3200,0,0,0,0
5,四川,42,True,3200,0,0,0,0
5,四川,43,True,3200,0,0,0,0
5,四川,44,True,3200,7,3,0,3
5,四川,45,True,3200,10,1,0,1
5,四川,46,True,3200,4,3,1,2
5,四川,47,True,3200,5,2,1,1
5,四川,48,True,3200,0,0,0,0
5,四川,49,True,3200,2,1,0,1
5,四川,50,True,3200,0,0,0,0
5,四川,51,True,3200,2,1,1,0
5,四川,52,True,3200,2,0,0,0
5,四川,53,True,3200,0,0,0,0
5,四川,54,True,3200,0,0,0,0
5,四川,55,True,3200,0,0,0,0
5,四川,56,True,3200,6,2,2,0
5,四川,57,True,3200,0,0,0,0
5,四川,58,True,3200,2,0,0,0
5,四川,59,True,3200,3,0,0,0
5,四川,60,True,3200,0,0,0,0
5,四川,61,True,3200,8,3,2,1
5,四川,62,True,3200,0,0,0,0
5,四川,63,True,3200,0,0,0,0
5,四川,64,True,3200,0,0,0,0
5,四川,65,True,3200,0,0,0,0
5,四川,66,True,3200,2,0,0,0
5,四川,67,True,3200,0,0,0,0
5,四川,68,True,3200,0,0,0,0
5,四川,69,True,3200,2,0,0,0
5,四川,70,True,3200,2,1,1,0
5,四川,71,True,3200,2,0,0,0
5,四川,72,True,3200,0,0,0,0
5,四川,73,True,3200,1,0,0,0
5,四川,74,True,3200,0,0,0,0
5,四川,75,True,3200,2,0,0,0
5,四川,76,True,3200,1,0,0,0
5,四川,77,True,3200,0,0,0,0
5,四川,78,True,3200,0,0,0,0
5,四川,79,True,3200,0,0,0,0
5,四川,80,True,3200,2,0,0,0
5,四川,81,True,3200,14,5,5,0
5,四川,82,True,3200,6,1,1,0
5,四川,83,True,3200,0,0,0,0
5,四川,84,True,3200,0,0,0,0
5,四川,85,True,3200,0,0,0,0
5,四川,86,True,3200,0,0,0,0
5,四川,87,True,3200,0,0,0,0
5,四川,88,True,3200,0,0,0,0
5,四川,89,True,3200,0,0,0,0
5,四川,90,True,3200,0,0,0,0
5,四川,91,True,3200,0,0,0,0
5,四川,92,True,3200,0,0,0,0
5,四川,93,True,3200,4,1,0,1
5,四川,94,True,3200,3,1,0,1
5,四川,95,True,3200,2,1,0,1
5,四川,96,True,3200,6,1,1,0
5,四川,97,True,3200,6,1,1,0
5,四川,98,True,3200,2,0,0,0
5,四川,99,True,3200,0,0,0,0
5,四川,100,True,3200,1,0,0,0
5,贵州,1,True,3200,0,0,0,0
5,贵州,2,True,3200,0,0,0,0
5,贵州,3,True,3200,0,0,0,0
5,贵州,4,True,3200,0,0,0,0
5,贵州,5,True,3200,0,0,0,0
5,贵州,6,True,3200,4,1,1,0
5,贵州,7,True,3200,10,3,3,0
5,贵州,8,True,3200,0,0,0,0
5,贵州,9,True,3200,4,2,0,2
5,贵州,10,True,3200,0,0,0,0
5,贵州,11,True,3200,3,1,1,0
5,贵州,12,True,3200,2,0,0,0
5,贵州,13,True,3200,0,0,0,0
5,贵州,14,True,3200,2,1,1,0
5,贵州,15,True,3200,0,0,0,0
5,贵州,16,True,3200,8,1,1,0
5,贵州,17,True,3200,0,0,0,0
5,贵州,18,True,3200,0,0,0,0
5,贵州,19,True,3200,0,0,0,0
5,贵州,20,True,3200,0,0,0,0
5,贵州,21,True,3200,0,0,0,0
5,贵州,22,True,3200,0,0,0,0
5,贵州,23,True,3200,2,1,1,0
5,贵州,24,True,3200,0,0,0,0
5,贵州,25,True,3200,0,0,0,0
5,贵州,26,True,3200,4,1,1,0
5,贵州,27,True,3200,0,0,0,0
5,贵州,28,True,3200,0,0,0,0
5,贵州,29,True,3200,0,0,0,0
5,贵州,30,True,3200,0,0,0,0
5,贵州,31,True,3200,0,0,0,0
5,贵州,32,True,3200,3,1,1,0
5,贵州,33,True,3200,8,3,3,0
5,贵州,34,True,3200,18,4,4,0
5,贵州,35,True,3200,6,0,0,0
5,贵州,36,True,3200,6,2,1,1
5,贵州,37,True,3200,0,0,0,0
5,贵州,38,True,3200,0,0,0,0
5,贵州,39,True,3200,0,0,0,0
5,贵州,40,True,3200,0,0,0,0
5,贵州,41,True,3200,0,0,0,0
5,贵州,42,True,3200,0,0,0,0
5,贵州,43,True,3200,0,0,0,0
5,贵州,44,True,3200,0,0,0,0
5,贵州,45,True,3200,0,0,0,0
5,贵州,46,True,3200,4,2,0,2
5,贵州,47,True,3200,4,0,0,0
5,贵州,48,True,3200,0,0,0,0
5,贵州,49,True,3200,0,0,0,0
5,贵州,50,True,3200,2,1,1,0
5,贵州,51,True,3200,4,2,2,0
5,贵州,52,True,3200,1,0,0,0
5,贵州,53,True,3200,0,0,0,0
5,贵州,54,True,3200,0,0,0,0
5,贵州,55,True,3200,1,0,0,0
5,贵州,56,True,3200,4,2,2,0
5,贵州,57,True,3200,0,0,0,0
5,贵州,58,True,3200,0,0,0,0
5,贵州,59,True,3200,2,1,0,1
5,贵州,60,True,3200,0,0,0,0
5,贵州,61,True,3200,0,0,0,0
5,贵州,62,True,3200,0,0,0,0
5,贵州,63,True,3200,0,0,0,0
5,贵州,64,True,3200,30,4,4,0
5,贵州,65,True,3200,12,3,3,0
5,贵州,66,True,3200,8,2,2,0
5,贵州,67,True,3200,0,0,0,0
5,贵州,68,True,3200,2,0,0,0
5,贵州,69,True,3200,1,0,0,0
5,贵州,70,True,3200,6,0,0,0
5,贵州,71,True,3200,2,0,0,0
5,贵州,72,True,3200,4,1,0,1
5,贵州,73,True,3200,2,1,1,0
5,贵州,74,True,3200,0,0,0,0
5,贵州,75,True,3200,0,0,0,0
5,贵州,76,True,3200,0,0,0,0
5,贵州,77,True,3200,0,0,0,0
5,贵州,78,True,3200,0,0,0,0
5,贵州,79,True,3200,0,0,0,0
5,贵州,80,True,3200,0,0,0,0
5,贵州,81,True,3200,0,0,0,0
5,贵州,82,True,3200,1,0,0,0
5,贵州,83,True,3200,0,0,0,0
5,贵州,84,True,3200,0,0,0,0
5,贵州,85,True,3200,0,0,0,0
5,贵州,86,True,3200,0,0,0,0
5,贵州,87,True,3200,2,0,0,0
5,贵州,88,True,3200,2,0,0,0
5,贵州,89,True,3200,4,1,0,1
5,贵州,90,True,3200,2,1,0,1
5,贵州,91,True,3200,2,0,0,0
5,贵州,92,True,3200,8,0,0,0
5,贵州,93,True,3200,12,5,5,0
5,贵州,94,True,3200,0,0,0,0
5,贵州,95,True,3200,2,0,0,0
5,贵州,96,True,3200,9,1,1,0
5,贵州,97,True,3200,2,0,0,0
5,贵州,98,True,3200,4,2,1,1
5,贵州,99,True,3200,0,0,0,0
5,贵州,100,True,3200,2,0,0,0
5,云南,1,True,3200,0,0,0,0
5,云南,2,True,3200,0,0,0,0
5,云南,3,True,3200,0,0,0,0
5,云南,4,True,3200,0,0,0,0
5,云南,5,True,3200,0,0,0,0
5,云南,6,True,3200,0,0,0,0
5,云南,7,True,3200,0,0,0,0
5,云南,8,True,3200,0,0,0,0
5,云南,9,True,3200,0,0,0,0
5,云南,10,True,3200,0,0,0,0
5,云南,11,True,3200,0,0,0,0
5,云南,12,True,3200,0,0,0,0
5,云南,13,True,3200,0,0,0,0
5,云南,14,True,3200,4,2,2,0
5,云南,15,True,3200,0,0,0,0
5,云南,16,True,3200,0,0,0,0
5,云南,17,True,3200,2,0,0,0
5,云南,18,True,3200,2,1,1,0
5,云南,19,True,3200,0,0,0,0
5,云南,20,True,3200,10,2,2,0
5,云南,21,True,3200,2,0,0,0
5,云南,22,True,3200,1,0,0,0
5,云南,23,True,3200,0,0,0,0
5,云南,24,True,3200,0,0,0,0
5,云南,25,True,3200,0,0,0,0
5,云南,26,True,3200,4,2,2,0
5,云南,27,True,3200,0,0,0,0
5,云南,28,True,3200,0,0,0,0
5,云南,29,True,3200,0,0,0,0
5,云南,30,True,3200,0,0,0,0
5,云南,31,True,3200,0,0,0,0
5,云南,32,True,3200,0,0,0,0
5,云南,33,True,3200,1,1,1,0
5,云南,34,True,3200,0,0,0,0
5,云南,35,True,3200,0,0,0,0
5,云南,36,True,3200,0,0,0,0
5,云南,37,True,3200,2,1,1,0
5,云南,38,True,3200,0,0,0,0
5,云南,39,True,3200,2,0,0,0
5,云南,40,True,3200,0,0,0,0
5,云南,41,True,3200,7,2,1,1
5,云南,42,True,3200,0,0,0,0
5,云南,43,True,3200,0,0,0,0
5,云南,44,True,3200,3,2,2,0
5,云南,45,True,3200,0,0,0,0
5,云南,46,True,3200,6,3,3,0
5,云南,47,True,3200,2,0,0,0
5,云南,48,True,3200,0,0,0,0
5,云南,49,True,3200,0,0,0,0
5,云南,50,True,3200,0,0,0,0
5,云南,51,True,3200,6,3,0,3
5,云南,52,True,3200,2,0,0,0
5,云南,53,True,3200,3,1,0,1
5,云南,54,True,3200,0,0,0,0
5,云南,55,True,3200,3,1,0,1
5,云南,56,True,3200,0,0,0,0
5,云南,57,True,3200,0,0,0,0
5,云南,58,True,3200,0,0,0,0
5,云南,59,True,3200,0,0,0,0
5,云南,60,True,3200,0,0,0,0
5,云南,61,True,3200,0,0,0,0
5,云南,62,True,3200,0,0,0,0
5,云南,63,True,3200,0,0,0,0
5,云南,64,True,3200,0,0,0,0
5,云南,65,True,3200,0,0,0,0
5,云南,66,True,3200,1,0,0,0
5,云南,67,True,3200,2,0,0,0
5,云南,68,True,3200,2,0,0,0
5,云南,69,True,3200,3,0,0,0
5,云南,70,True,3200,0,0,0,0
5,云南,71,True,3200,0,0,0,0
5,云南,72,True,3200,2,1,1,0
5,云南,73,True,3200,0,0,0,0
5,云南,74,True,3200,0,0,0,0
5,云南,75,True,3200,2,1,1,0
5,云南,76,True,3200,0,0,0,0
5,云南,77,True,3200,0,0,0,0
5,云南,78,True,3200,5,0,0,0
5,云南,79,True,3200,2,0,0,0
5,云南,80,True,3200,2,1,0,1
5,云南,81,True,3200,2,1,1,0
5,云南,82,True,3200,0,0,0,0
5,云南,83,True,3200,1,0,0,0
5,云南,84,True,3200,5,1,1,0
5,云南,85,True,3200,0,0,0,0
5,云南,86,True,3200,2,0,0,0
5,云南,87,True,3200,6,2,2,0
5,云南,88,True,3200,2,0,0,0
5,云南,89,True,3200,0,0,0,0
5,云南,90,True,3200,0,0,0,0
5,云南,91,True,3200,0,0,0,0
5,云南,92,True,3200,0,0,0,0
5,云南,93,True,3200,0,0,0,0
5,云南,94,True,3200,0,0,0,0
5,云南,95,True,3200,11,5,0,5
5,云南,96,True,3200,0,0,0,0
5,云南,97,True,3200,10,2,2,0
5,云南,98,True,3200,1,0,0,0
5,云南,99,True,3200,2,1,1,0
5,云南,100,True,3200,0,0,0,0
5,西藏,1,True,3200,0,0,0,0
5,西藏,2,True,3200,0,0,0,0
5,西藏,3,True,3200,0,0,0,0
5,西藏,4,True,3200,0,0,0,0
5,西藏,5,True,3200,0,0,0,0
5,西藏,6,True,3200,8,2,2,0
5,西藏,7,True,3200,0,0,0,0
5,西藏,8,True,3200,0,0,0,0
5,西藏,9,True,3200,8,4,4,0
5,西藏,10,True,3200,0,0,0,0
5,西藏,11,True,3200,0,0,0,0
5,西藏,12,True,3200,0,0,0,0
5,西藏,13,True,3200,0,0,0,0
5,西藏,14,True,3200,4,0,0,0
5,西藏,15,True,3200,0,0,0,0
5,西藏,16,True,3200,0,0,0,0
5,西藏,17,True,3200,2,1,0,1
5,西藏,18,True,3200,5,2,0,2
5,西藏,19,True,3200,2,0,0,0
5,西藏,20,True,3200,2,0,0,0
5,西藏,21,True,3200,10,2,2,0
5,西藏,22,True,3200,8,4,0,4
5,西藏,23,True,3200,0,0,0,0
5,西藏,24,True,3200,0,0,0,0
5,西藏,25,True,3200,0,0,0,0
5,西藏,26,True,3200,0,0,0,0
5,西藏,27,True,3200,0,0,0,0
5,西藏,28,True,3200,0,0,0,0
5,西藏,29,True,3200,0,0,0,0
5,西藏,30,True,3200,0,0,0,0
5,西藏,31,True,3200,0,0,0,0
5,西藏,32,True,3200,0,0,0,0
5,西藏,33,True,3200,0,0,0,0
5,西藏,34,True,3200,0,0,0,0
5,西藏,35,True,3200,0,0,0,0
5,西藏,36,True,3200,0,0,0,0
5,西藏,37,True,3200,0,0,0,0
5,西藏,38,True,3200,0,0,0,0
5,西藏,39,True,3200,0,0,0,0
5,西藏,40,True,3200,0,0,0,0
5,西藏,41,True,3200,4,0,0,0
5,西藏,42,True,3200,0,0,0,0
5,西藏,43,True,3200,0,0,0,0
5,西藏,44,True,3200,0,0,0,0
5,西藏,45,True,3200,0,0,0,0
5,西藏,46,True,3200,0,0,0,0
5,西藏,47,True,3200,0,0,0,0
5,西藏,48,True,3200,0,0,0,0
5,西藏,49,True,3200,0,0,0,0
5,西藏,50,True,3200,0,0,0,0
5,西藏,51,True,3200,0,0,0,0
5,西藏,52,True,3200,0,0,0,0
5,西藏,53,True,3200,0,0,0,0
5,西藏,54,True,3200,0,0,0,0
5,西藏,55,True,3200,0,0,0,0
5,西藏,56,True,3200,0,0,0,0
5,西藏,57,True,3200,0,0,0,0
5,西藏,58,True,3200,0,0,0,0
5,西藏,59,True,3200,0,0,0,0
5,西藏,60,True,3200,0,0,0,0
5,西藏,61,True,3200,0,0,0,0
5,西藏,62,True,3200,0,0,0,0
5,西藏,63,True,3200,0,0,0,0
5,西藏,64,True,3200,0,0,0,0
5,西藏,65,True,3200,0,0,0,0
5,西藏,66,True,3200,0,0,0,0
5,西藏,67,True,3200,0,0,0,0
5,西藏,68,True,3200,0,0,0,0
5,西藏,69,True,3200,0,0,0,0
5,西藏,70,True,3200,0,0,0,0
5,西藏,71,True,3200,0,0,0,0
5,西藏,72,True,3200,0,0,0,0
5,西藏,73,True,3200,0,0,0,0
5,西藏,74,True,3200,0,0,0,0
5,西藏,75,True,3200,0,0,0,0
5,西藏,76,True,3200,0,0,0,0
5,西藏,77,True,3200,0,0,0,0
5,西藏,78,True,3200,0,0,0,0
5,西藏,79,True,3200,0,0,0,0
5,西藏,80,True,3200,0,0,0,0
5,西藏,81,True,3200,0,0,0,0
5,西藏,82,True,3200,0,0,0,0
5,西藏,83,True,3200,0,0,0,0
5,西藏,84,True,3200,0,0,0,0
5,西藏,85,True,3200,0,0,0,0
5,西藏,86,True,3200,0,0,0,0
5,西藏,87,True,3200,0,0,0,0
5,西藏,88,True,3200,0,0,0,0
5,西藏,89,True,3200,0,0,0,0
5,西藏,90,True,3200,0,0,0,0
5,西藏,91,True,3200,0,0,0,0
5,西藏,92,True,3200,0,0,0,0
5,西藏,93,True,3200,0,0,0,0
5,西藏,94,True,3200,2,0,0,0
5,西藏,95,True,3200,0,0,0,0
5,西藏,96,True,3200,0,0,0,0
5,西藏,97,True,3200,0,0,0,0
5,西藏,98,True,3200,0,0,0,0
5,西藏,99,True,3200,0,0,0,0
5,西藏,100,True,3200,0,0,0,0
5,陕西,1,True,3200,0,0,0,0
5,陕西,2,True,3200,0,0,0,0
5,陕西,3,True,3200,0,0,0,0
5,陕西,4,True,3200,0,0,0,0
5,陕西,5,True,3200,0,0,0,0
5,陕西,6,True,3200,0,0,0,0
5,陕西,7,True,3200,0,0,0,0
5,陕西,8,True,3200,0,0,0,0
5,陕西,9,True,3200,0,0,0,0
5,陕西,10,True,3200,2,0,0,0
5,陕西,11,True,3200,0,0,0,0
5,陕西,12,True,3200,8,0,0,0
5,陕西,13,True,3200,2,0,0,0
5,陕西,14,True,3200,0,0,0,0
5,陕西,15,True,3200,0,0,0,0
5,陕西,16,True,3200,0,0,0,0
5,陕西,17,True,3200,0,0,0,0
5,陕西,18,True,3200,0,0,0,0
5,陕西,19,True,3200,0,0,0,0
5,陕西,20,True,3200,2,0,0,0
5,陕西,21,True,3200,2,0,0,0
5,陕西,22,True,3200,0,0,0,0
5,陕西,23,True,3200,0,0,0,0
5,陕西,24,True,3200,0,0,0,0
5,陕西,25,True,3200,0,0,0,0
5,陕西,26,True,3200,2,1,1,0
5,陕西,27,True,3200,3,0,0,0
5,陕西,28,True,3200,0,0,0,0
5,陕西,29,True,3200,0,0,0,0
5,陕西,30,True,3200,2,0,0,0
5,陕西,31,True,3200,0,0,0,0
5,陕西,32,True,3200,7,1,0,1
5,陕西,33,True,3200,6,2,2,0
5,陕西,34,True,3200,0,0,0,0
5,陕西,35,True,3200,0,0,0,0
5,陕西,36,True,3200,2,1,1,0
5,陕西,37,True,3200,0,0,0,0
5,陕西,38,True,3200,6,1,1,0
5,陕西,39,True,3200,3,0,0,0
5,陕西,40,True,3200,2,0,0,0
5,陕西,41,True,3200,1,0,0,0
5,陕西,42,True,3200,0,0,0,0
5,陕西,43,True,3200,2,0,0,0
5,陕西,44,True,3200,1,0,0,0
5,陕西,45,True,3200,5,3,0,3
5,陕西,46,True,3200,3,2,1,1
5,陕西,47,True,3200,0,0,0,0
5,陕西,48,True,3200,0,0,0,0
5,陕西,49,True,3200,0,0,0,0
5,陕西,50,True,3200,5,0,0,0
5,陕西,51,True,3200,0,0,0,0
5,陕西,52,True,3200,0,0,0,0
5,陕西,53,True,3200,0,0,0,0
5,陕西,54,True,3200,0,0,0,0
5,陕西,55,True,3200,1,0,0,0
5,陕西,56,True,3200,0,0,0,0
5,陕西,57,True,3200,0,0,0,0
5,陕西,58,True,3200,0,0,0,0
5,陕西,59,True,3200,1,1,1,0
5,陕西,60,True,3200,0,0,0,0
5,陕西,61,True,3200,0,0,0,0
5,陕西,62,True,3200,0,0,0,0
5,陕西,63,True,3200,0,0,0,0
5,陕西,64,True,3200,0,0,0,0
5,陕西,65,True,3200,0,0,0,0
5,陕西,66,True,3200,0,0,0,0
5,陕西,67,True,3200,0,0,0,0
5,陕西,68,True,3200,0,0,0,0
5,陕西,69,True,3200,0,0,0,0
5,陕西,70,True,3200,0,0,0,0
5,陕西,71,True,3200,0,0,0,0
5,陕西,72,True,3200,0,0,0,0
5,陕西,73,True,3200,0,0,0,0
5,陕西,74,True,3200,0,0,0,0
5,陕西,75,True,3200,0,0,0,0
5,陕西,76,True,3200,0,0,0,0
5,陕西,77,True,3200,0,0,0,0
5,陕西,78,True,3200,0,0,0,0
5,陕西,79,True,3200,0,0,0,0
5,陕西,80,True,3200,0,0,0,0
5,陕西,81,True,3200,2,1,0,1
5,陕西,82,True,3200,0,0,0,0
5,陕西,83,True,3200,0,0,0,0
5,陕西,84,True,3200,0,0,0,0
5,陕西,85,True,3200,0,0,0,0
5,陕西,86,True,3200,0,0,0,0
5,陕西,87,True,3200,0,0,0,0
5,陕西,88,True,3200,0,0,0,0
5,陕西,89,True,3200,0,0,0,0
5,陕西,90,True,3200,0,0,0,0
5,陕西,91,True,3200,0,0,0,0
5,陕西,92,True,3200,0,0,0,0
5,陕西,93,True,3200,0,0,0,0
5,陕西,94,True,3200,2,0,0,0
5,陕西,95,True,3200,2,0,0,0
5,陕西,96,True,3200,0,0,0,0
5,陕西,97,True,3200,0,0,0,0
5,陕西,98,True,3200,0,0,0,0
5,陕西,99,True,3200,0,0,0,0
5,陕西,100,True,3200,0,0,0,0
5,甘肃,1,True,3200,0,0,0,0
5,甘肃,2,True,3200,0,0,0,0
5,甘肃,3,True,3200,0,0,0,0
5,甘肃,4,True,3200,0,0,0,0
5,甘肃,5,True,3200,0,0,0,0
5,甘肃,6,True,3200,0,0,0,0
5,甘肃,7,True,3200,0,0,0,0
5,甘肃,8,True,3200,0,0,0,0
5,甘肃,9,True,3200,0,0,0,0
5,甘肃,10,True,3200,0,0,0,0
5,甘肃,11,True,3200,0,0,0,0
5,甘肃,12,True,3200,0,0,0,0
5,甘肃,13,True,3200,0,0,0,0
5,甘肃,14,True,3200,2,0,0,0
5,甘肃,15,True,3200,4,2,0,2
5,甘肃,16,True,3200,0,0,0,0
5,甘肃,17,True,3200,0,0,0,0
5,甘肃,18,True,3200,0,0,0,0
5,甘肃,19,True,3200,0,0,0,0
5,甘肃,20,True,3200,0,0,0,0
5,甘肃,21,True,3200,1,0,0,0
5,甘肃,22,True,3200,0,0,0,0
5,甘肃,23,True,3200,2,0,0,0
5,甘肃,24,True,3200,4,2,1,1
5,甘肃,25,True,3200,2,0,0,0
5,甘肃,26,True,3200,0,0,0,0
5,甘肃,27,True,3200,2,0,0,0
5,甘肃,28,True,3200,0,0,0,0
5,甘肃,29,True,3200,2,1,1,0
5,甘肃,30,True,3200,0,0,0,0
5,甘肃,31,True,3200,0,0,0,0
5,甘肃,32,True,3200,0,0,0,0
5,甘肃,33,True,3200,0,0,0,0
5,甘肃,34,True,3200,0,0,0,0
5,甘肃,35,True,3200,0,0,0,0
5,甘肃,36,True,3200,0,0,0,0
5,甘肃,37,True,3200,0,0,0,0
5,甘肃,38,True,3200,0,0,0,0
5,甘肃,39,True,3200,0,0,0,0
5,甘肃,40,True,3200,0,0,0,0
5,甘肃,41,True,3200,0,0,0,0
5,甘肃,42,True,3200,0,0,0,0
5,甘肃,43,True,3200,0,0,0,0
5,甘肃,44,True,3200,2,1,0,1
5,甘肃,45,True,3200,0,0,0,0
5,甘肃,46,True,3200,2,0,0,0
5,甘肃,47,True,3200,2,0,0,0
5,甘肃,48,True,3200,2,1,0,1
5,甘肃,49,True,3200,3,1,0,1
5,甘肃,50,True,3200,2,0,0,0
5,甘肃,51,True,3200,0,0,0,0
5,甘肃,52,True,3200,0,0,0,0
5,甘肃,53,True,3200,0,0,0,0
5,甘肃,54,True,3200,2,0,0,0
5,甘肃,55,True,3200,0,0,0,0
5,甘肃,56,True,3200,0,0,0,0
5,甘肃,57,True,3200,0,0,0,0
5,甘肃,58,True,3200,0,0,0,0
5,甘肃,59,True,3200,0,0,0,0
5,甘肃,60,True,3200,10,1,1,0
5,甘肃,61,True,3200,0,0,0,0
5,甘肃,62,True,3200,0,0,0,0
5,甘肃,63,True,3200,2,2,0,2
5,甘肃,64,True,3200,6,2,2,0
5,甘肃,65,True,3200,0,0,0,0
5,甘肃,66,True,3200,2,1,1,0
5,甘肃,67,True,3200,0,0,0,0
5,甘肃,68,True,3200,0,0,0,0
5,甘肃,69,True,3200,2,1,1,0
5,甘肃,70,True,3200,2,1,1,0
5,甘肃,71,True,3200,0,0,0,0
5,甘肃,72,True,3200,0,0,0,0
5,甘肃,73,True,3200,0,0,0,0
5,甘肃,74,True,3200,0,0,0,0
5,甘肃,75,True,3200,0,0,0,0
5,甘肃,76,True,3200,0,0,0,0
5,甘肃,77,True,3200,4,1,0,1
5,甘肃,78,True,3200,1,0,0,0
5,甘肃,79,True,3200,1,0,0,0
5,甘肃,80,True,3200,0,0,0,0
5,甘肃,81,True,3200,0,0,0,0
5,甘肃,82,True,3200,0,0,0,0
5,甘肃,83,True,3200,1,0,0,0
5,甘肃,84,True,3200,4,1,1,0
5,甘肃,85,True,3200,6,3,0,3
5,甘肃,86,True,3200,4,2,1,1
5,甘肃,87,True,3200,2,1,0,1
5,甘肃,88,True,3200,0,0,0,0
5,甘肃,89,True,3200,0,0,0,0
5,甘肃,90,True,3200,0,0,0,0
5,甘肃,91,True,3200,0,0,0,0
5,甘肃,92,True,3200,0,0,0,0
5,甘肃,93,True,3200,0,0,0,0
5,甘肃,94,True,3200,0,0,0,0
5,甘肃,95,True,3200,1,0,0,0
5,甘肃,96,True,3200,0,0,0,0
5,甘肃,97,True,3200,0,0,0,0
5,甘肃,98,True,3200,0,0,0,0
5,甘肃,99,True,3200,0,0,0,0
5,甘肃,100,True,3200,11,2,2,0
5,青海,1,True,3200,0,0,0,0
5,青海,2,True,3200,0,0,0,0
5,青海,3,True,3200,0,0,0,0
5,青海,4,True,3200,0,0,0,0
5,青海,5,True,3200,0,0,0,0
5,青海,6,True,3200,0,0,0,0
5,青海,7,True,3200,0,0,0,0
5,青海,8,True,3200,0,0,0,0
5,青海,9,True,3200,8,2,2,0
5,青海,10,True,3200,2,0,0,0
5,青海,11,True,3200,0,0,0,0
5,青海,12,True,3200,0,0,0,0
5,青海,13,True,3200,0,0,0,0
5,青海,14,True,3200,0,0,0,0
5,青海,15,True,3200,2,2,2,0
5,青海,16,True,3200,0,0,0,0
5,青海,17,True,3200,0,0,0,0
5,青海,18,True,3200,0,0,0,0
5,青海,19,True,3200,2,1,0,1
5,青海,20,True,3200,6,3,0,3
5,青海,21,True,3200,2,1,0,1
5,青海,22,True,3200,0,0,0,0
5,青海,23,True,3200,2,1,0,1
5,青海,24,True,3200,0,0,0,0
5,青海,25,True,3200,0,0,0,0
5,青海,26,True,3200,2,0,0,0
5,青海,27,True,3200,0,0,0,0
5,青海,28,True,3200,0,0,0,0
5,青海,29,True,3200,1,1,0,1
5,青海,30,True,3200,0,0,0,0
5,青海,31,True,3200,0,0,0,0
5,青海,32,True,3200,2,1,1,0
5,青海,33,True,3200,0,0,0,0
5,青海,34,True,3200,0,0,0,0
5,青海,35,True,3200,0,0,0,0
5,青海,36,True,3200,0,0,0,0
5,青海,37,True,3200,0,0,0,0
5,青海,38,True,3200,2,0,0,0
5,青海,39,True,3200,6,3,1,2
5,青海,40,True,3200,4,2,0,2
5,青海,41,True,3200,0,0,0,0
5,青海,42,True,3200,2,0,0,0
5,青海,43,True,3200,0,0,0,0
5,青海,44,True,3200,0,0,0,0
5,青海,45,True,3200,0,0,0,0
5,青海,46,True,3200,0,0,0,0
5,青海,47,True,3200,0,0,0,0
5,青海,48,True,3200,0,0,0,0
5,青海,49,True,3200,0,0,0,0
5,青海,50,True,3200,1,1,0,1
5,青海,51,True,3200,0,0,0,0
5,青海,52,True,3200,0,0,0,0
5,青海,53,True,3200,0,0,0,0
5,青海,54,True,3200,2,1,1,0
5,青海,55,True,3200,0,0,0,0
5,青海,56,True,3200,4,0,0,0
5,青海,57,True,3200,0,0,0,0
5,青海,58,True,3200,0,0,0,0
5,青海,59,True,3200,0,0,0,0
5,青海,60,True,3200,0,0,0,0
5,青海,61,True,3200,2,0,0,0
5,青海,62,True,3200,51,13,13,0
5,青海,63,True,3200,0,0,0,0
5,青海,64,True,3200,10,4,4,0
5,青海,65,True,3200,2,0,0,0
5,青海,66,True,3200,2,0,0,0
5,青海,67,True,3200,0,0,0,0
5,青海,68,True,3200,0,0,0,0
5,青海,69,True,3200,1,0,0,0
5,青海,70,True,3200,5,1,0,1
5,青海,71,True,3200,0,0,0,0
5,青海,72,True,3200,1,0,0,0
5,青海,73,True,3200,2,0,0,0
5,青海,74,True,3200,0,0,0,0
5,青海,75,True,3200,0,0,0,0
5,青海,76,True,3200,0,0,0,0
5,青海,77,True,3200,8,2,2,0
5,青海,78,True,3200,0,0,0,0
5,青海,79,True,3200,0,0,0,0
5,青海,80,True,3200,0,0,0,0
5,青海,81,True,3200,0,0,0,0
5,青海,82,True,3200,0,0,0,0
5,青海,83,True,3200,0,0,0,0
5,青海,84,True,3200,0,0,0,0
5,青海,85,True,3200,0,0,0,0
5,青海,86,True,3200,0,0,0,0
5,青海,87,True,3200,0,0,0,0
5,青海,88,True,3200,26,5,5,0
5,青海,89,True,3200,8,3,0,3
5,青海,90,True,3200,0,0,0,0
5,青海,91,True,3200,0,0,0,0
5,青海,92,True,3200,0,0,0,0
5,青海,93,True,3200,0,0,0,0
5,青海,94,True,3200,0,0,0,0
5,青海,95,True,3200,0,0,0,0
5,青海,96,True,3200,0,0,0,0
5,青海,97,True,3200,1,0,0,0
5,青海,98,True,3200,1,0,0,0
5,青海,99,True,3200,7,1,0,1
5,青海,100,True,3200,5,1,0,1
5,宁夏,1,True,3200,0,0,0,0
5,宁夏,2,True,3200,0,0,0,0
5,宁夏,3,True,3200,0,0,0,0
5,宁夏,4,True,3200,0,0,0,0
5,宁夏,5,True,3200,0,0,0,0
5,宁夏,6,True,3200,0,0,0,0
5,宁夏,7,True,3200,0,0,0,0
5,宁夏,8,True,3200,0,0,0,0
5,宁夏,9,True,3200,0,0,0,0
5,宁夏,10,True,3200,0,0,0,0
5,宁夏,11,True,3200,0,0,0,0
5,宁夏,12,True,3200,0,0,0,0
5,宁夏,13,True,3200,0,0,0,0
5,宁夏,14,True,3200,0,0,0,0
5,宁夏,15,True,3200,0,0,0,0
5,宁夏,16,True,3200,0,0,0,0
5,宁夏,17,True,3200,0,0,0,0
5,宁夏,18,True,3200,2,0,0,0
5,宁夏,19,True,3200,0,0,0,0
5,宁夏,20,True,3200,0,0,0,0
5,宁夏,21,True,3200,0,0,0,0
5,宁夏,22,True,3200,6,2,2,0
5,宁夏,23,True,3200,13,3,2,1
5,宁夏,24,True,3200,2,1,1,0
5,宁夏,25,True,3200,1,1,1,0
5,宁夏,26,True,3200,0,0,0,0
5,宁夏,27,True,3200,0,0,0,0
5,宁夏,28,True,3200,2,0,0,0
5,宁夏,29,True,3200,10,2,2,0
5,宁夏,30,True,3200,4,1,0,1
5,宁夏,31,True,3200,2,1,0,1
5,宁夏,32,True,3200,0,0,0,0
5,宁夏,33,True,3200,5,0,0,0
5,宁夏,34,True,3200,0,0,0,0
5,宁夏,35,True,3200,6,0,0,0
5,宁夏,36,True,3200,8,0,0,0
5,宁夏,37,True,3200,38,2,0,2
5,宁夏,38,True,3200,10,0,0,0
5,宁夏,39,True,3200,1,0,0,0
5,宁夏,40,True,3200,2,1,1,0
5,宁夏,41,True,3200,0,0,0,0
5,宁夏,42,True,3200,0,0,0,0
5,宁夏,43,True,3200,0,0,0,0
5,宁夏,44,True,3200,0,0,0,0
5,宁夏,45,True,3200,0,0,0,0
5,宁夏,46,True,3200,0,0,0,0
5,宁夏,47,True,3200,0,0,0,0
5,宁夏,48,True,3200,1,0,0,0
5,宁夏,49,True,3200,0,0,0,0
5,宁夏,50,True,3200,0,0,0,0
5,宁夏,51,True,3200,0,0,0,0
5,宁夏,52,True,3200,0,0,0,0
5,宁夏,53,True,3200,0,0,0,0
5,宁夏,54,True,3200,0,0,0,0
5,宁夏,55,True,3200,0,0,0,0
5,宁夏,56,True,3200,0,0,0,0
5,宁夏,57,True,3200,0,0,0,0
5,宁夏,58,True,3200,0,0,0,0
5,宁夏,59,True,3200,0,0,0,0
5,宁夏,60,True,3200,0,0,0,0
5,宁夏,61,True,3200,0,0,0,0
5,宁夏,62,True,3200,0,0,0,0
5,宁夏,63,True,3200,0,0,0,0
5,宁夏,64,True,3200,0,0,0,0
5,宁夏,65,True,3200,0,0,0,0
5,宁夏,66,True,3200,0,0,0,0
5,宁夏,67,True,3200,0,0,0,0
5,宁夏,68,True,3200,3,0,0,0
5,宁夏,69,True,3200,0,0,0,0
5,宁夏,70,True,3200,1,0,0,0
5,宁夏,71,True,3200,0,0,0,0
5,宁夏,72,True,3200,0,0,0,0
5,宁夏,73,True,3200,0,0,0,0
5,宁夏,74,True,3200,0,0,0,0
5,宁夏,75,True,3200,0,0,0,0
5,宁夏,76,True,3200,0,0,0,0
5,宁夏,77,True,3200,0,0,0,0
5,宁夏,78,True,3200,0,0,0,0
5,宁夏,79,True,3200,0,0,0,0
5,宁夏,80,True,3200,0,0,0,0
5,宁夏,81,True,3200,0,0,0,0
5,宁夏,82,True,3200,0,0,0,0
5,宁夏,83,True,3200,0,0,0,0
5,宁夏,84,True,3200,0,0,0,0
5,宁夏,85,True,3200,0,0,0,0
5,宁夏,86,True,3200,0,0,0,0
5,宁夏,87,True,3200,0,0,0,0
5,宁夏,88,True,3200,0,0,0,0
5,宁夏,89,True,3200,0,0,0,0
5,宁夏,90,True,3200,0,0,0,0
5,宁夏,91,True,3200,0,0,0,0
5,宁夏,92,True,3200,0,0,0,0
5,宁夏,93,True,3200,0,0,0,0
5,宁夏,94,True,3200,0,0,0,0
5,宁夏,95,True,3200,0,0,0,0
5,宁夏,96,True,3200,0,0,0,0
5,宁夏,97,True,3200,0,0,0,0
5,宁夏,98,True,3200,0,0,0,0
5,宁夏,99,True,3200,0,0,0,0
5,宁夏,100,True,3200,0,0,0,0
5,新疆,1,True,3200,0,0,0,0
5,新疆,2,True,3200,0,0,0,0
5,新疆,3,True,3200,0,0,0,0
5,新疆,4,True,3200,0,0,0,0
5,新疆,5,True,3200,0,0,0,0
5,新疆,6,True,3200,0,0,0,0
5,新疆,7,True,3200,0,0,0,0
5,新疆,8,True,3200,0,0,0,0
5,新疆,9,True,3200,0,0,0,0
5,新疆,10,True,3200,0,0,0,0
5,新疆,11,True,3200,0,0,0,0
5,新疆,12,True,3200,0,0,0,0
5,新疆,13,True,3200,0,0,0,0
5,新疆,14,True,3200,0,0,0,0
5,新疆,15,True,3200,0,0,0,0
5,新疆,16,True,3200,4,1,0,1
5,新疆,17,True,3200,0,0,0,0
5,新疆,18,True,3200,4,0,0,0
5,新疆,19,True,3200,0,0,0,0
5,新疆,20,True,3200,0,0,0,0
5,新疆,21,True,3200,0,0,0,0
5,新疆,22,True,3200,0,0,0,0
5,新疆,23,True,3200,0,0,0,0
5,新疆,24,True,3200,0,0,0,0
5,新疆,25,True,3200,0,0,0,0
5,新疆,26,True,3200,0,0,0,0
5,新疆,27,True,3200,3,2,0,2
5,新疆,28,True,3200,2,0,0,0
5,新疆,29,True,3200,0,0,0,0
5,新疆,30,True,3200,2,0,0,0
5,新疆,31,True,3200,0,0,0,0
5,新疆,32,True,3200,14,6,6,0
5,新疆,33,True,3200,8,3,0,3
5,新疆,34,True,3200,4,2,0,2
5,新疆,35,True,3200,0,0,0,0
5,新疆,36,True,3200,0,0,0,0
5,新疆,37,True,3200,0,0,0,0
5,新疆,38,True,3200,0,0,0,0
5,新疆,39,True,3200,20,6,6,0
5,新疆,40,True,3200,0,0,0,0
5,新疆,41,True,3200,0,0,0,0
5,新疆,42,True,3200,0,0,0,0
5,新疆,43,True,3200,4,1,1,0
5,新疆,44,True,3200,11,5,4,1
5,新疆,45,True,3200,11,4,1,3
5,新疆,46,True,3200,0,0,0,0
5,新疆,47,True,3200,0,0,0,0
5,新疆,48,True,3200,3,2,0,2
5,新疆,49,True,3200,0,0,0,0
5,新疆,50,True,3200,0,0,0,0
5,新疆,51,True,3200,0,0,0,0
5,新疆,52,True,3200,0,0,0,0
5,新疆,53,True,3200,2,1,1,0
5,新疆,54,True,3200,4,0,0,0
5,新疆,55,True,3200,9,1,1,0
5,新疆,56,True,3200,1,0,0,0
5,新疆,57,True,3200,0,0,0,0
5,新疆,58,True,3200,0,0,0,0
5,新疆,59,True,3200,4,0,0,0
5,新疆,60,True,3200,1,0,0,0
5,新疆,61,True,3200,0,0,0,0
5,新疆,62,True,3200,4,0,0,0
5,新疆,63,True,3200,2,1,1,0
5,新疆,64,True,3200,0,0,0,0
5,新疆,65,True,3200,0,0,0,0
5,新疆,66,True,3200,0,0,0,0
5,新疆,67,True,3200,4,2,1,1
5,新疆,68,True,3200,0,0,0,0
5,新疆,69,True,3200,0,0,0,0
5,新疆,70,True,3200,14,4,4,0
5,新疆,71,True,3200,2,0,0,0
5,新疆,72,True,3200,0,0,0,0
5,新疆,73,True,3200,0,0,0,0
5,新疆,74,True,3200,0,0,0,0
5,新疆,75,True,3200,0,0,0,0
5,新疆,76,True,3200,0,0,0,0
5,新疆,77,True,3200,0,0,0,0
5,新疆,78,True,3200,0,0,0,0
5,新疆,79,True,3200,0,0,0,0
5,新疆,80,True,3200,0,0,0,0
5,新疆,81,True,3200,0,0,0,0
5,新疆,82,True,3200,0,0,0,0
5,新疆,83,True,3200,0,0,0,0
5,新疆,84,True,3200,0,0,0,0
5,新疆,85,True,3200,2,1,0,1
5,新疆,86,True,3200,2,0,0,0
5,新疆,87,True,3200,0,0,0,0
5,新疆,88,True,3200,5,3,0,3
5,新疆,89,True,3200,5,1,1,0
5,新疆,90,True,3200,0,0,0,0
5,新疆,91,True,3200,0,0,0,0
5,新疆,92,True,3200,0,0,0,0
5,新疆,93,True,3200,1,0,0,0
5,新疆,94,True,3200,4,1,1,0
5,新疆,95,True,3200,5,0,0,0
5,新疆,96,True,3200,6,1,1,0
5,新疆,97,True,3200,19,3,0,3
5,新疆,98,True,3200,0,0,0,0
5,新疆,99,True,3200,4,1,1,0
5,新疆,100,True,3200,5,1,1,0
