outer_iteration,province_index_0based,global_household_call_number,rah,rb,tau,w,Tt,rb_gap,Yt,Lt,Kt,Zt,GovInv,name,regime,year,step,index_0,index_1,provenance,ra,wjt,ra0,wt0,inter_prv_ratio,portfolio_weight_sum,raw_price_generation_turn,rah_ra_generation_turn,rah_implied,rah_transmission_pass,lagged_ra_identified,lagged_ra_identification,ra0_provenance,ra0_constraint,ra0_status,ra0_finite,ra_provenance,ra_constraint,ra_status,ra_finite,ra_lower_distance,ra_upper_distance,ra_strict_below,ra_strict_above,ra_exact_lower,ra_exact_upper,ra_near_lower,ra_near_upper,ra_outside_by_roundoff,ra_near_inside,rah_provenance,rah_constraint,rah_status,rah_finite,rah_lower_distance,rah_upper_distance,rah_strict_below,rah_strict_above,rah_exact_lower,rah_exact_upper,rah_near_lower,rah_near_upper,rah_outside_by_roundoff,rah_near_inside,wt0_provenance,wt0_constraint,wt0_status,wt0_finite,wjt_provenance,wjt_constraint,wjt_status,wjt_finite,wjt_lower_distance,wjt_upper_distance,wjt_strict_below,wjt_strict_above,wjt_exact_lower,wjt_exact_upper,wjt_near_lower,wjt_near_upper,wjt_outside_by_roundoff,wjt_near_inside,w_provenance,w_constraint,rah_above_owner_recollection_0p07,ramin,ramax,wjtmin,wjtmax,bounds_provenance,phase,ra_clipped_amount,wjt_clipped_amount
1.0,0.0,1.0,0.09,0.02,0.05,20.0,0.1,0.07,30319980.0,123780.0,49270438.3129602,0.0016341152925786636,49270438.3129602,北京,OWNER_A_CAPTURE_PID67056,2018,1,0,1,D:\ProjectTemp\ch5-mp4c-2018-final-production-path-faithful-durable-execution-20260903-001\household_call_ledger.csv,0.09,0.6,,,0.12116569491184198,0.8881303942987903,,initial,,,,MISSING,MISSING,FIRM_NATIVE,MISSING,False,SOURCE_INITIALIZATION,FIRM_NATIVE,INITIALIZATION,True,0.06999999999999999,0.0,False,False,False,True,False,True,False,False,CAPTURED,DESCRIPTIVE_FIRM_RANGE_ONLY,INITIALIZATION,True,0.06999999999999999,0.0,False,False,False,True,False,True,False,False,MISSING,FIRM_NATIVE,MISSING,False,SOURCE_INITIALIZATION,FIRM_NATIVE,INITIALIZATION,True,-0.20000000000000007,0.7000000000000001,True,False,False,False,False,False,False,False,CAPTURED,COMPOSITE_NO_FIRM_CLIP,True,0.02,0.09,0.8,1.3,HASH_BOUND_EXECUTED_ADAPTER_LITERALS,initialization,,
1.0,1.0,2.0,0.09,0.02,0.05,20.0,0.1,0.07,13362920.0,89700.0,51336802.8150781,0.0006331796953290661,51336802.8150781,天津,OWNER_A_CAPTURE_PID67056,2018,1,1,2,D:\ProjectTemp\ch5-mp4c-2018-final-production-path-faithful-durable-execution-20260903-001\household_call_ledger.csv,0.09,0.6,,,0.19817398532280342,0.816521642002073,,initial,,,,MISSING,MISSING,FIRM_NATIVE,MISSING,False,SOURCE_INITIALIZATION,FIRM_NATIVE,INITIALIZATION,True,0.06999999999999999,0.0,False,False,False,True,False,True,False,False,CAPTURED,DESCRIPTIVE_FIRM_RANGE_ONLY,INITIALIZATION,True,0.06999999999999999,0.0,False,False,False,True,False,True,False,False,MISSING,FIRM_NATIVE,MISSING,False,SOURCE_INITIALIZATION,FIRM_NATIVE,INITIALIZATION,True,-0.20000000000000007,0.7000000000000001,True,False,False,False,False,False,False,False,CAPTURED,COMPOSITE_NO_FIRM_CLIP,True,0.02,0.09,0.8,1.3,HASH_BOUND_EXECUTED_ADAPTER_LITERALS,initialization,,
1.0,2.0,3.0,0.09,0.02,0.05,20.0,0.1,0.07,32494600.0,419600.0,90356776.0949341,0.00020325561576148244,90356776.0949341,河北,OWNER_A_CAPTURE_PID67056,2018,1,2,3,D:\ProjectTemp\ch5-mp4c-2018-final-production-path-faithful-durable-execution-20260903-001\household_call_ledger.csv,0.09,0.6,,,0.04042780400496038,0.9627827047548705,,initial,,,,MISSING,MISSING,FIRM_NATIVE,MISSING,False,SOURCE_INITIALIZATION,FIRM_NATIVE,INITIALIZATION,True,0.06999999999999999,0.0,False,False,False,True,False,True,False,False,CAPTURED,DESCRIPTIVE_FIRM_RANGE_ONLY,INITIALIZATION,True,0.06999999999999999,0.0,False,False,False,True,False,True,False,False,MISSING,FIRM_NATIVE,MISSING,False,SOURCE_INITIALIZATION,FIRM_NATIVE,INITIALIZATION,True,-0.20000000000000007,0.7000000000000001,True,False,False,False,False,False,False,False,CAPTURED,COMPOSITE_NO_FIRM_CLIP,True,0.02,0.09,0.8,1.3,HASH_BOUND_EXECUTED_ADAPTER_LITERALS,initialization,,
1.0,3.0,4.0,0.09,0.02,0.05,20.0,0.1,0.07,15958130.0,178900.0,37758335.6649879,0.0006904139506587265,37758335.6649879,山西,OWNER_A_CAPTURE_PID67056,2018,1,3,4,D:\ProjectTemp\ch5-mp4c-2018-final-production-path-faithful-durable-execution-20260903-001\household_call_ledger.csv,0.09,0.6,,,0.0385356371748285,0.9645270387407204,,initial,,,,MISSING,MISSING,FIRM_NATIVE,MISSING,False,SOURCE_INITIALIZATION,FIRM_NATIVE,INITIALIZATION,True,0.06999999999999999,0.0,False,False,False,True,False,True,False,False,CAPTURED,DESCRIPTIVE_FIRM_RANGE_ONLY,INITIALIZATION,True,0.06999999999999999,0.0,False,False,False,True,False,True,False,False,MISSING,FIRM_NATIVE,MISSING,False,SOURCE_INITIALIZATION,FIRM_NATIVE,INITIALIZATION,True,-0.20000000000000007,0.7000000000000001,True,False,False,False,False,False,False,False,CAPTURED,COMPOSITE_NO_FIRM_CLIP,True,0.02,0.09,0.8,1.3,HASH_BOUND_EXECUTED_ADAPTER_LITERALS,initialization,,
1.0,4.0,5.0,0.09,0.02,0.05,20.0,0.1,0.07,16140760.0,130400.0,56986309.349860296,0.0006509396292199082,56986309.349860296,内蒙古,OWNER_A_CAPTURE_PID67056,2018,1,4,5,D:\ProjectTemp\ch5-mp4c-2018-final-production-path-faithful-durable-execution-20260903-001\household_call_ledger.csv,0.09,0.6,,,0.13838331231905796,0.8721543280015782,,initial,,,,MISSING,MISSING,FIRM_NATIVE,MISSING,False,SOURCE_INITIALIZATION,FIRM_NATIVE,INITIALIZATION,True,0.06999999999999999,0.0,False,False,False,True,False,True,False,False,CAPTURED,DESCRIPTIVE_FIRM_RANGE_ONLY,INITIALIZATION,True,0.06999999999999999,0.0,False,False,False,True,False,True,False,False,MISSING,FIRM_NATIVE,MISSING,False,SOURCE_INITIALIZATION,FIRM_NATIVE,INITIALIZATION,True,-0.20000000000000007,0.7000000000000001,True,False,False,False,False,False,False,False,CAPTURED,COMPOSITE_NO_FIRM_CLIP,True,0.02,0.09,0.8,1.3,HASH_BOUND_EXECUTED_ADAPTER_LITERALS,initialization,,
1.0,5.0,6.0,0.09,0.02,0.05,20.0,0.1,0.07,23510500.0,226100.0,67054545.412681095,0.0002864698302222306,67054545.412681095,辽宁,OWNER_A_CAPTURE_PID67056,2018,1,5,6,D:\ProjectTemp\ch5-mp4c-2018-final-production-path-faithful-durable-execution-20260903-001\household_call_ledger.csv,0.09,0.6,,,0.07632297463521798,0.9296467702524277,,initial,,,,MISSING,MISSING,FIRM_NATIVE,MISSING,False,SOURCE_INITIALIZATION,FIRM_NATIVE,INITIALIZATION,True,0.06999999999999999,0.0,False,False,False,True,False,True,False,False,CAPTURED,DESCRIPTIVE_FIRM_RANGE_ONLY,INITIALIZATION,True,0.06999999999999999,0.0,False,False,False,True,False,True,False,False,MISSING,FIRM_NATIVE,MISSING,False,SOURCE_INITIALIZATION,FIRM_NATIVE,INITIALIZATION,True,-0.20000000000000007,0.7000000000000001,True,False,False,False,False,False,False,False,CAPTURED,COMPOSITE_NO_FIRM_CLIP,True,0.02,0.09,0.8,1.3,HASH_BOUND_EXECUTED_ADAPTER_LITERALS,initialization,,
1.0,6.0,7.0,0.09,0.02,0.05,20.0,0.1,0.07,11253810.0,147424.0,52390313.5226049,0.00047331941528535383,52390313.5226049,吉林,OWNER_A_CAPTURE_PID67056,2018,1,6,7,D:\ProjectTemp\ch5-mp4c-2018-final-production-path-faithful-durable-execution-20260903-001\household_call_ledger.csv,0.09,0.6,,,0.1023070236880023,0.9056065007349425,,initial,,,,MISSING,MISSING,FIRM_NATIVE,MISSING,False,SOURCE_INITIALIZATION,FIRM_NATIVE,INITIALIZATION,True,0.06999999999999999,0.0,False,False,False,True,False,True,False,False,CAPTURED,DESCRIPTIVE_FIRM_RANGE_ONLY,INITIALIZATION,True,0.06999999999999999,0.0,False,False,False,True,False,True,False,False,MISSING,FIRM_NATIVE,MISSING,False,SOURCE_INITIALIZATION,FIRM_NATIVE,INITIALIZATION,True,-0.20000000000000007,0.7000000000000001,True,False,False,False,False,False,False,False,CAPTURED,COMPOSITE_NO_FIRM_CLIP,True,0.02,0.09,0.8,1.3,HASH_BOUND_EXECUTED_ADAPTER_LITERALS,initialization,,
1.0,7.0,8.0,0.09,0.02,0.05,20.0,0.1,0.07,12846500.0,163500.0,44224774.7160286,0.0005703841154289705,44224774.7160286,黑龙江,OWNER_A_CAPTURE_PID67056,2018,1,7,8,D:\ProjectTemp\ch5-mp4c-2018-final-production-path-faithful-durable-execution-20260903-001\household_call_ledger.csv,0.09,0.6,,,0.06479729188901276,0.9402958444978166,,initial,,,,MISSING,MISSING,FIRM_NATIVE,MISSING,False,SOURCE_INITIALIZATION,FIRM_NATIVE,INITIALIZATION,True,0.06999999999999999,0.0,False,False,False,True,False,True,False,False,CAPTURED,DESCRIPTIVE_FIRM_RANGE_ONLY,INITIALIZATION,True,0.06999999999999999,0.0,False,False,False,True,False,True,False,False,MISSING,FIRM_NATIVE,MISSING,False,SOURCE_INITIALIZATION,FIRM_NATIVE,INITIALIZATION,True,-0.20000000000000007,0.7000000000000001,True,False,False,False,False,False,False,False,CAPTURED,COMPOSITE_NO_FIRM_CLIP,True,0.02,0.09,0.8,1.3,HASH_BOUND_EXECUTED_ADAPTER_LITERALS,initialization,,
1.0,8.0,9.0,0.09,0.02,0.05,20.0,0.1,0.07,36011820.0,137600.0,54021103.923275396,0.0015030642394494576,54021103.923275396,上海,OWNER_A_CAPTURE_PID67056,2018,1,8,9,D:\ProjectTemp\ch5-mp4c-2018-final-production-path-faithful-durable-execution-20260903-001\household_call_ledger.csv,0.09,0.6,,,0.11875593934055706,0.8903648074023569,,initial,,,,MISSING,MISSING,FIRM_NATIVE,MISSING,False,SOURCE_INITIALIZATION,FIRM_NATIVE,INITIALIZATION,True,0.06999999999999999,0.0,False,False,False,True,False,True,False,False,CAPTURED,DESCRIPTIVE_FIRM_RANGE_ONLY,INITIALIZATION,True,0.06999999999999999,0.0,False,False,False,True,False,True,False,False,MISSING,FIRM_NATIVE,MISSING,False,SOURCE_INITIALIZATION,FIRM_NATIVE,INITIALIZATION,True,-0.20000000000000007,0.7000000000000001,True,False,False,False,False,False,False,False,CAPTURED,COMPOSITE_NO_FIRM_CLIP,True,0.02,0.09,0.8,1.3,HASH_BOUND_EXECUTED_ADAPTER_LITERALS,initialization,,
1.0,9.0,10.0,0.09,0.02,0.05,20.0,0.1,0.07,92595400.0,488700.0,149374736.001046,0.0001820044285805966,149374736.001046,江苏,OWNER_A_CAPTURE_PID67056,2018,1,9,10,D:\ProjectTemp\ch5-mp4c-2018-final-production-path-faithful-durable-execution-20260903-001\household_call_ledger.csv,0.09,0.6,,,0.08033848825905156,0.92593458422952,,initial,,,,MISSING,MISSING,FIRM_NATIVE,MISSING,False,SOURCE_INITIALIZATION,FIRM_NATIVE,INITIALIZATION,True,0.06999999999999999,0.0,False,False,False,True,False,True,False,False,CAPTURED,DESCRIPTIVE_FIRM_RANGE_ONLY,INITIALIZATION,True,0.06999999999999999,0.0,False,False,False,True,False,True,False,False,MISSING,FIRM_NATIVE,MISSING,False,SOURCE_INITIALIZATION,FIRM_NATIVE,INITIALIZATION,True,-0.20000000000000007,0.7000000000000001,True,False,False,False,False,False,False,False,CAPTURED,COMPOSITE_NO_FIRM_CLIP,True,0.02,0.09,0.8,1.3,HASH_BOUND_EXECUTED_ADAPTER_LITERALS,initialization,,
1.0,10.0,11.0,0.09,0.02,0.05,20.0,0.1,0.07,58002840.0,369100.0,98142144.3554609,0.0004481765543902068,98142144.3554609,浙江,OWNER_A_CAPTURE_PID67056,2018,1,10,11,D:\ProjectTemp\ch5-mp4c-2018-final-production-path-faithful-durable-execution-20260903-001\household_call_ledger.csv,0.09,0.6,,,0.06276806168696052,0.9421698207323738,,initial,,,,MISSING,MISSING,FIRM_NATIVE,MISSING,False,SOURCE_INITIALIZATION,FIRM_NATIVE,INITIALIZATION,True,0.06999999999999999,0.0,False,False,False,True,False,True,False,False,CAPTURED,DESCRIPTIVE_FIRM_RANGE_ONLY,INITIALIZATION,True,0.06999999999999999,0.0,False,False,False,True,False,True,False,False,MISSING,FIRM_NATIVE,MISSING,False,SOURCE_INITIALIZATION,FIRM_NATIVE,INITIALIZATION,True,-0.20000000000000007,0.7000000000000001,True,False,False,False,False,False,False,False,CAPTURED,COMPOSITE_NO_FIRM_CLIP,True,0.02,0.09,0.8,1.3,HASH_BOUND_EXECUTED_ADAPTER_LITERALS,initialization,,
1.0,11.0,12.0,0.09,0.02,0.05,20.0,0.1,0.07,34010910.0,438530.0,54313245.2543264,0.000641551386937363,54313245.2543264,安徽,OWNER_A_CAPTURE_PID67056,2018,1,11,12,D:\ProjectTemp\ch5-mp4c-2018-final-production-path-faithful-durable-execution-20260903-001\household_call_ledger.csv,0.09,0.6,,,0.0,1.0,,initial,,,,MISSING,MISSING,FIRM_NATIVE,MISSING,False,SOURCE_INITIALIZATION,FIRM_NATIVE,INITIALIZATION,True,0.06999999999999999,0.0,False,False,False,True,False,True,False,False,CAPTURED,DESCRIPTIVE_FIRM_RANGE_ONLY,INITIALIZATION,True,0.06999999999999999,0.0,False,False,False,True,False,True,False,False,MISSING,FIRM_NATIVE,MISSING,False,SOURCE_INITIALIZATION,FIRM_NATIVE,INITIALIZATION,True,-0.20000000000000007,0.7000000000000001,True,False,False,False,False,False,False,False,CAPTURED,COMPOSITE_NO_FIRM_CLIP,True,0.02,0.09,0.8,1.3,HASH_BOUND_EXECUTED_ADAPTER_LITERALS,initialization,,
1.0,12.0,13.0,0.09,0.02,0.05,20.0,0.1,0.07,35804040.0,279100.0,75562152.8770214,0.0007909691648437431,75562152.8770214,福建,OWNER_A_CAPTURE_PID67056,2018,1,12,13,D:\ProjectTemp\ch5-mp4c-2018-final-production-path-faithful-durable-execution-20260903-001\household_call_ledger.csv,0.09,0.6,,,0.0649064986932153,0.9401949851907495,,initial,,,,MISSING,MISSING,FIRM_NATIVE,MISSING,False,SOURCE_INITIALIZATION,FIRM_NATIVE,INITIALIZATION,True,0.06999999999999999,0.0,False,False,False,True,False,True,False,False,CAPTURED,DESCRIPTIVE_FIRM_RANGE_ONLY,INITIALIZATION,True,0.06999999999999999,0.0,False,False,False,True,False,True,False,False,MISSING,FIRM_NATIVE,MISSING,False,SOURCE_INITIALIZATION,FIRM_NATIVE,INITIALIZATION,True,-0.20000000000000007,0.7000000000000001,True,False,False,False,False,False,False,False,CAPTURED,COMPOSITE_NO_FIRM_CLIP,True,0.02,0.09,0.8,1.3,HASH_BOUND_EXECUTED_ADAPTER_LITERALS,initialization,,
1.0,13.0,14.0,0.09,0.02,0.05,20.0,0.1,0.07,22717000.0,229500.0,38642602.7655129,0.0005972473033647159,38642602.7655129,江西,OWNER_A_CAPTURE_PID67056,2018,1,13,14,D:\ProjectTemp\ch5-mp4c-2018-final-production-path-faithful-durable-execution-20260903-001\household_call_ledger.csv,0.09,0.6,,,0.019675113595976762,0.9819009641575444,,initial,,,,MISSING,MISSING,FIRM_NATIVE,MISSING,False,SOURCE_INITIALIZATION,FIRM_NATIVE,INITIALIZATION,True,0.06999999999999999,0.0,False,False,False,True,False,True,False,False,CAPTURED,DESCRIPTIVE_FIRM_RANGE_ONLY,INITIALIZATION,True,0.06999999999999999,0.0,False,False,False,True,False,True,False,False,MISSING,FIRM_NATIVE,MISSING,False,SOURCE_INITIALIZATION,FIRM_NATIVE,INITIALIZATION,True,-0.20000000000000007,0.7000000000000001,True,False,False,False,False,False,False,False,CAPTURED,COMPOSITE_NO_FIRM_CLIP,True,0.02,0.09,0.8,1.3,HASH_BOUND_EXECUTED_ADAPTER_LITERALS,initialization,,
1.0,14.0,15.0,0.09,0.02,0.05,20.0,0.1,0.07,66648869.99999999,562100.0,157288007.639664,0.00033054728607754435,157288007.639664,山东,OWNER_A_CAPTURE_PID67056,2018,1,14,15,D:\ProjectTemp\ch5-mp4c-2018-final-production-path-faithful-durable-execution-20260903-001\household_call_ledger.csv,0.09,0.6,,,0.06892202679478683,0.9364858419937966,,initial,,,,MISSING,MISSING,FIRM_NATIVE,MISSING,False,SOURCE_INITIALIZATION,FIRM_NATIVE,INITIALIZATION,True,0.06999999999999999,0.0,False,False,False,True,False,True,False,False,CAPTURED,DESCRIPTIVE_FIRM_RANGE_ONLY,INITIALIZATION,True,0.06999999999999999,0.0,False,False,False,True,False,True,False,False,MISSING,FIRM_NATIVE,MISSING,False,SOURCE_INITIALIZATION,FIRM_NATIVE,INITIALIZATION,True,-0.20000000000000007,0.7000000000000001,True,False,False,False,False,False,False,False,CAPTURED,COMPOSITE_NO_FIRM_CLIP,True,0.02,0.09,0.8,1.3,HASH_BOUND_EXECUTED_ADAPTER_LITERALS,initialization,,
1.0,15.0,16.0,0.09,0.02,0.05,20.0,0.1,0.07,49935900.0,499200.0,128897630.76160501,0.0006181110089804474,128897630.76160501,河南,OWNER_A_CAPTURE_PID67056,2018,1,15,16,D:\ProjectTemp\ch5-mp4c-2018-final-production-path-faithful-durable-execution-20260903-001\household_call_ledger.csv,0.09,0.6,,,0.05937102807378291,0.9453063369405427,,initial,,,,MISSING,MISSING,FIRM_NATIVE,MISSING,False,SOURCE_INITIALIZATION,FIRM_NATIVE,INITIALIZATION,True,0.06999999999999999,0.0,False,False,False,True,False,True,False,False,CAPTURED,DESCRIPTIVE_FIRM_RANGE_ONLY,INITIALIZATION,True,0.06999999999999999,0.0,False,False,False,True,False,True,False,False,MISSING,FIRM_NATIVE,MISSING,False,SOURCE_INITIALIZATION,FIRM_NATIVE,INITIALIZATION,True,-0.20000000000000007,0.7000000000000001,True,False,False,False,False,False,False,False,CAPTURED,COMPOSITE_NO_FIRM_CLIP,True,0.02,0.09,0.8,1.3,HASH_BOUND_EXECUTED_ADAPTER_LITERALS,initialization,,
1.0,16.0,17.0,0.09,0.02,0.05,20.0,0.1,0.07,42021950.0,358000.0,76781442.8482972,0.0006926198455034483,76781442.8482972,湖北,OWNER_A_CAPTURE_PID67056,2018,1,16,17,D:\ProjectTemp\ch5-mp4c-2018-final-production-path-faithful-durable-execution-20260903-001\household_call_ledger.csv,0.09,0.6,,,0.040044697087704216,0.9631358992350666,,initial,,,,MISSING,MISSING,FIRM_NATIVE,MISSING,False,SOURCE_INITIALIZATION,FIRM_NATIVE,INITIALIZATION,True,0.06999999999999999,0.0,False,False,False,True,False,True,False,False,CAPTURED,DESCRIPTIVE_FIRM_RANGE_ONLY,INITIALIZATION,True,0.06999999999999999,0.0,False,False,False,True,False,True,False,False,MISSING,FIRM_NATIVE,MISSING,False,SOURCE_INITIALIZATION,FIRM_NATIVE,INITIALIZATION,True,-0.20000000000000007,0.7000000000000001,True,False,False,False,False,False,False,False,CAPTURED,COMPOSITE_NO_FIRM_CLIP,True,0.02,0.09,0.8,1.3,HASH_BOUND_EXECUTED_ADAPTER_LITERALS,initialization,,
1.0,17.0,18.0,0.09,0.02,0.05,20.0,0.1,0.07,36425780.0,373858.0,64972845.9653664,0.0006933324069686307,64972845.9653664,湖南,OWNER_A_CAPTURE_PID67056,2018,1,17,18,D:\ProjectTemp\ch5-mp4c-2018-final-production-path-faithful-durable-execution-20260903-001\household_call_ledger.csv,0.09,0.6,,,0.02206701218325156,0.979698909542593,,initial,,,,MISSING,MISSING,FIRM_NATIVE,MISSING,False,SOURCE_INITIALIZATION,FIRM_NATIVE,INITIALIZATION,True,0.06999999999999999,0.0,False,False,False,True,False,True,False,False,CAPTURED,DESCRIPTIVE_FIRM_RANGE_ONLY,INITIALIZATION,True,0.06999999999999999,0.0,False,False,False,True,False,True,False,False,MISSING,FIRM_NATIVE,MISSING,False,SOURCE_INITIALIZATION,FIRM_NATIVE,INITIALIZATION,True,-0.20000000000000007,0.7000000000000001,True,False,False,False,False,False,False,False,CAPTURED,COMPOSITE_NO_FIRM_CLIP,True,0.02,0.09,0.8,1.3,HASH_BOUND_EXECUTED_ADAPTER_LITERALS,initialization,,
1.0,18.0,19.0,0.09,0.02,0.05,20.0,0.1,0.07,97277770.0,696000.0,157153836.749134,0.0009725027967433352,157153836.749134,广东,OWNER_A_CAPTURE_PID67056,2018,1,18,19,D:\ProjectTemp\ch5-mp4c-2018-final-production-path-faithful-durable-execution-20260903-001\household_call_ledger.csv,0.09,0.6,,,0.045048029371518965,0.9585224493887057,,initial,,,,MISSING,MISSING,FIRM_NATIVE,MISSING,False,SOURCE_INITIALIZATION,FIRM_NATIVE,INITIALIZATION,True,0.06999999999999999,0.0,False,False,False,True,False,True,False,False,CAPTURED,DESCRIPTIVE_FIRM_RANGE_ONLY,INITIALIZATION,True,0.06999999999999999,0.0,False,False,False,True,False,True,False,False,MISSING,FIRM_NATIVE,MISSING,False,SOURCE_INITIALIZATION,FIRM_NATIVE,INITIALIZATION,True,-0.20000000000000007,0.7000000000000001,True,False,False,False,False,False,False,False,CAPTURED,COMPOSITE_NO_FIRM_CLIP,True,0.02,0.09,0.8,1.3,HASH_BOUND_EXECUTED_ADAPTER_LITERALS,initialization,,
1.0,19.0,20.0,0.09,0.02,0.05,20.0,0.1,0.07,19627810.0,256200.0,52819779.099576995,0.0006223369520165091,52819779.099576995,广西,OWNER_A_CAPTURE_PID67056,2018,1,19,20,D:\ProjectTemp\ch5-mp4c-2018-final-production-path-faithful-durable-execution-20260903-001\household_call_ledger.csv,0.09,0.6,,,0.03637382456647036,0.9665196592550925,,initial,,,,MISSING,MISSING,FIRM_NATIVE,MISSING,False,SOURCE_INITIALIZATION,FIRM_NATIVE,INITIALIZATION,True,0.06999999999999999,0.0,False,False,False,True,False,True,False,False,CAPTURED,DESCRIPTIVE_FIRM_RANGE_ONLY,INITIALIZATION,True,0.06999999999999999,0.0,False,False,False,True,False,True,False,False,MISSING,FIRM_NATIVE,MISSING,False,SOURCE_INITIALIZATION,FIRM_NATIVE,INITIALIZATION,True,-0.20000000000000007,0.7000000000000001,True,False,False,False,False,False,False,False,CAPTURED,COMPOSITE_NO_FIRM_CLIP,True,0.02,0.09,0.8,1.3,HASH_BOUND_EXECUTED_ADAPTER_LITERALS,initialization,,
1.0,20.0,21.0,0.09,0.02,0.05,20.0,0.1,0.07,4910690.0,53600.0,10030399.0365303,0.00038281495183633223,10030399.0365303,海南,OWNER_A_CAPTURE_PID67056,2018,1,20,21,D:\ProjectTemp\ch5-mp4c-2018-final-production-path-faithful-durable-execution-20260903-001\household_call_ledger.csv,0.09,0.6,,,0.027963724364002344,0.9742685877115467,,initial,,,,MISSING,MISSING,FIRM_NATIVE,MISSING,False,SOURCE_INITIALIZATION,FIRM_NATIVE,INITIALIZATION,True,0.06999999999999999,0.0,False,False,False,True,False,True,False,False,CAPTURED,DESCRIPTIVE_FIRM_RANGE_ONLY,INITIALIZATION,True,0.06999999999999999,0.0,False,False,False,True,False,True,False,False,MISSING,FIRM_NATIVE,MISSING,False,SOURCE_INITIALIZATION,FIRM_NATIVE,INITIALIZATION,True,-0.20000000000000007,0.7000000000000001,True,False,False,False,False,False,False,False,CAPTURED,COMPOSITE_NO_FIRM_CLIP,True,0.02,0.09,0.8,1.3,HASH_BOUND_EXECUTED_ADAPTER_LITERALS,initialization,,
1.0,21.0,22.0,0.09,0.02,0.05,20.0,0.1,0.07,20363190.0,166323.0,39300958.3175844,0.0006868337888017926,39300958.3175844,重庆,OWNER_A_CAPTURE_PID67056,2018,1,21,22,D:\ProjectTemp\ch5-mp4c-2018-final-production-path-faithful-durable-execution-20260903-001\household_call_ledger.csv,0.09,0.6,,,0.049686711943930977,0.9542437432126918,,initial,,,,MISSING,MISSING,FIRM_NATIVE,MISSING,False,SOURCE_INITIALIZATION,FIRM_NATIVE,INITIALIZATION,True,0.06999999999999999,0.0,False,False,False,True,False,True,False,False,CAPTURED,DESCRIPTIVE_FIRM_RANGE_ONLY,INITIALIZATION,True,0.06999999999999999,0.0,False,False,False,True,False,True,False,False,MISSING,FIRM_NATIVE,MISSING,False,SOURCE_INITIALIZATION,FIRM_NATIVE,INITIALIZATION,True,-0.20000000000000007,0.7000000000000001,True,False,False,False,False,False,False,False,CAPTURED,COMPOSITE_NO_FIRM_CLIP,True,0.02,0.09,0.8,1.3,HASH_BOUND_EXECUTED_ADAPTER_LITERALS,initialization,,
1.0,22.0,23.0,0.09,0.02,0.05,20.0,0.1,0.07,42902100.0,469000.0,69531075.8089531,0.0007046610342276092,69531075.8089531,四川,OWNER_A_CAPTURE_PID67056,2018,1,22,23,D:\ProjectTemp\ch5-mp4c-2018-final-production-path-faithful-durable-execution-20260903-001\household_call_ledger.csv,0.09,0.6,,,0.010782650770128166,0.9900842911367937,,initial,,,,MISSING,MISSING,FIRM_NATIVE,MISSING,False,SOURCE_INITIALIZATION,FIRM_NATIVE,INITIALIZATION,True,0.06999999999999999,0.0,False,False,False,True,False,True,False,False,CAPTURED,DESCRIPTIVE_FIRM_RANGE_ONLY,INITIALIZATION,True,0.06999999999999999,0.0,False,False,False,True,False,True,False,False,MISSING,FIRM_NATIVE,MISSING,False,SOURCE_INITIALIZATION,FIRM_NATIVE,INITIALIZATION,True,-0.20000000000000007,0.7000000000000001,True,False,False,False,False,False,False,False,CAPTURED,COMPOSITE_NO_FIRM_CLIP,True,0.02,0.09,0.8,1.3,HASH_BOUND_EXECUTED_ADAPTER_LITERALS,initialization,,
1.0,23.0,24.0,0.09,0.02,0.05,20.0,0.1,0.07,15353210.0,188600.0,32803436.570136297,0.0006090843098101169,32803436.570136297,贵州,OWNER_A_CAPTURE_PID67056,2018,1,23,24,D:\ProjectTemp\ch5-mp4c-2018-final-production-path-faithful-durable-execution-20260903-001\household_call_ledger.csv,0.09,0.6,,,0.02212936068262254,0.9796415045164464,,initial,,,,MISSING,MISSING,FIRM_NATIVE,MISSING,False,SOURCE_INITIALIZATION,FIRM_NATIVE,INITIALIZATION,True,0.06999999999999999,0.0,False,False,False,True,False,True,False,False,CAPTURED,DESCRIPTIVE_FIRM_RANGE_ONLY,INITIALIZATION,True,0.06999999999999999,0.0,False,False,False,True,False,True,False,False,MISSING,FIRM_NATIVE,MISSING,False,SOURCE_INITIALIZATION,FIRM_NATIVE,INITIALIZATION,True,-0.20000000000000007,0.7000000000000001,True,False,False,False,False,False,False,False,CAPTURED,COMPOSITE_NO_FIRM_CLIP,True,0.02,0.09,0.8,1.3,HASH_BOUND_EXECUTED_ADAPTER_LITERALS,initialization,,
1.0,24.0,25.0,0.09,0.02,0.05,20.0,0.1,0.07,20880630.0,282200.0,53834280.8089249,0.0007110216288681008,53834280.8089249,云南,OWNER_A_CAPTURE_PID67056,2018,1,24,25,D:\ProjectTemp\ch5-mp4c-2018-final-production-path-faithful-durable-execution-20260903-001\household_call_ledger.csv,0.09,0.6,,,0.029568731957169938,0.9727901241009035,,initial,,,,MISSING,MISSING,FIRM_NATIVE,MISSING,False,SOURCE_INITIALIZATION,FIRM_NATIVE,INITIALIZATION,True,0.06999999999999999,0.0,False,False,False,True,False,True,False,False,CAPTURED,DESCRIPTIVE_FIRM_RANGE_ONLY,INITIALIZATION,True,0.06999999999999999,0.0,False,False,False,True,False,True,False,False,MISSING,FIRM_NATIVE,MISSING,False,SOURCE_INITIALIZATION,FIRM_NATIVE,INITIALIZATION,True,-0.20000000000000007,0.7000000000000001,True,False,False,False,False,False,False,False,CAPTURED,COMPOSITE_NO_FIRM_CLIP,True,0.02,0.09,0.8,1.3,HASH_BOUND_EXECUTED_ADAPTER_LITERALS,initialization,,
1.0,25.0,26.0,0.09,0.02,0.05,20.0,0.1,0.07,1477630.0,7853.660000000001,6015865.97237512,0.0007579273359250301,6015865.97237512,西藏,OWNER_A_CAPTURE_PID67056,2018,1,25,26,D:\ProjectTemp\ch5-mp4c-2018-final-production-path-faithful-durable-execution-20260903-001\household_call_ledger.csv,0.09,0.6,,,0.2837596352791583,0.7364730861312674,,initial,,,,MISSING,MISSING,FIRM_NATIVE,MISSING,False,SOURCE_INITIALIZATION,FIRM_NATIVE,INITIALIZATION,True,0.06999999999999999,0.0,False,False,False,True,False,True,False,False,CAPTURED,DESCRIPTIVE_FIRM_RANGE_ONLY,INITIALIZATION,True,0.06999999999999999,0.0,False,False,False,True,False,True,False,False,MISSING,FIRM_NATIVE,MISSING,False,SOURCE_INITIALIZATION,FIRM_NATIVE,INITIALIZATION,True,-0.20000000000000007,0.7000000000000001,True,False,False,False,False,False,False,False,CAPTURED,COMPOSITE_NO_FIRM_CLIP,True,0.02,0.09,0.8,1.3,HASH_BOUND_EXECUTED_ADAPTER_LITERALS,initialization,,
1.0,26.0,27.0,0.09,0.02,0.05,20.0,0.1,0.07,23941880.0,211200.0,50576819.2081364,0.000652876469041312,50576819.2081364,陕西,OWNER_A_CAPTURE_PID67056,2018,1,26,27,D:\ProjectTemp\ch5-mp4c-2018-final-production-path-faithful-durable-execution-20260903-001\household_call_ledger.csv,0.09,0.6,,,0.05109219959757891,0.9529470426664945,,initial,,,,MISSING,MISSING,FIRM_NATIVE,MISSING,False,SOURCE_INITIALIZATION,FIRM_NATIVE,INITIALIZATION,True,0.06999999999999999,0.0,False,False,False,True,False,True,False,False,CAPTURED,DESCRIPTIVE_FIRM_RANGE_ONLY,INITIALIZATION,True,0.06999999999999999,0.0,False,False,False,True,False,True,False,False,MISSING,FIRM_NATIVE,MISSING,False,SOURCE_INITIALIZATION,FIRM_NATIVE,INITIALIZATION,True,-0.20000000000000007,0.7000000000000001,True,False,False,False,False,False,False,False,CAPTURED,COMPOSITE_NO_FIRM_CLIP,True,0.02,0.09,0.8,1.3,HASH_BOUND_EXECUTED_ADAPTER_LITERALS,initialization,,
1.0,27.0,28.0,0.09,0.02,0.05,20.0,0.1,0.07,8246100.0,133700.0,18423950.2203418,0.0005131096729274248,18423950.2203418,甘肃,OWNER_A_CAPTURE_PID67056,2018,1,27,28,D:\ProjectTemp\ch5-mp4c-2018-final-production-path-faithful-durable-execution-20260903-001\household_call_ledger.csv,0.09,0.6,,,0.006163422815411727,0.9943330749818472,,initial,,,,MISSING,MISSING,FIRM_NATIVE,MISSING,False,SOURCE_INITIALIZATION,FIRM_NATIVE,INITIALIZATION,True,0.06999999999999999,0.0,False,False,False,True,False,True,False,False,CAPTURED,DESCRIPTIVE_FIRM_RANGE_ONLY,INITIALIZATION,True,0.06999999999999999,0.0,False,False,False,True,False,True,False,False,MISSING,FIRM_NATIVE,MISSING,False,SOURCE_INITIALIZATION,FIRM_NATIVE,INITIALIZATION,True,-0.20000000000000007,0.7000000000000001,True,False,False,False,False,False,False,False,CAPTURED,COMPOSITE_NO_FIRM_CLIP,True,0.02,0.09,0.8,1.3,HASH_BOUND_EXECUTED_ADAPTER_LITERALS,initialization,,
1.0,28.0,29.0,0.09,0.02,0.05,20.0,0.1,0.07,2748000.0,32930.0,13038007.4590434,0.0005277056201467056,13038007.4590434,青海,OWNER_A_CAPTURE_PID67056,2018,1,28,29,D:\ProjectTemp\ch5-mp4c-2018-final-production-path-faithful-durable-execution-20260903-001\household_call_ledger.csv,0.09,0.6,,,0.12022999455338848,0.888998055715282,,initial,,,,MISSING,MISSING,FIRM_NATIVE,MISSING,False,SOURCE_INITIALIZATION,FIRM_NATIVE,INITIALIZATION,True,0.06999999999999999,0.0,False,False,False,True,False,True,False,False,CAPTURED,DESCRIPTIVE_FIRM_RANGE_ONLY,INITIALIZATION,True,0.06999999999999999,0.0,False,False,False,True,False,True,False,False,MISSING,FIRM_NATIVE,MISSING,False,SOURCE_INITIALIZATION,FIRM_NATIVE,INITIALIZATION,True,-0.20000000000000007,0.7000000000000001,True,False,False,False,False,False,False,False,CAPTURED,COMPOSITE_NO_FIRM_CLIP,True,0.02,0.09,0.8,1.3,HASH_BOUND_EXECUTED_ADAPTER_LITERALS,initialization,,
1.0,29.0,30.0,0.09,0.02,0.05,20.0,0.1,0.07,3510210.0,34500.0,13881227.2259032,0.000594643144096446,13881227.2259032,宁夏,OWNER_A_CAPTURE_PID67056,2018,1,29,30,D:\ProjectTemp\ch5-mp4c-2018-final-production-path-faithful-durable-execution-20260903-001\household_call_ledger.csv,0.09,0.6,,,0.1230684752371874,0.8863657935749993,,initial,,,,MISSING,MISSING,FIRM_NATIVE,MISSING,False,SOURCE_INITIALIZATION,FIRM_NATIVE,INITIALIZATION,True,0.06999999999999999,0.0,False,False,False,True,False,True,False,False,CAPTURED,DESCRIPTIVE_FIRM_RANGE_ONLY,INITIALIZATION,True,0.06999999999999999,0.0,False,False,False,True,False,True,False,False,MISSING,FIRM_NATIVE,MISSING,False,SOURCE_INITIALIZATION,FIRM_NATIVE,INITIALIZATION,True,-0.20000000000000007,0.7000000000000001,True,False,False,False,False,False,False,False,CAPTURED,COMPOSITE_NO_FIRM_CLIP,True,0.02,0.09,0.8,1.3,HASH_BOUND_EXECUTED_ADAPTER_LITERALS,initialization,,
1.0,30.0,31.0,0.09,0.02,0.05,20.0,0.1,0.07,12199080.0,44039.04,35352199.6021162,0.0006624231201077291,35352199.6021162,新疆,OWNER_A_CAPTURE_PID67056,2018,1,30,31,D:\ProjectTemp\ch5-mp4c-2018-final-production-path-faithful-durable-execution-20260903-001\household_call_ledger.csv,0.09,0.6,,,0.3,0.7212282935079958,,initial,,,,MISSING,MISSING,FIRM_NATIVE,MISSING,False,SOURCE_INITIALIZATION,FIRM_NATIVE,INITIALIZATION,True,0.06999999999999999,0.0,False,False,False,True,False,True,False,False,CAPTURED,DESCRIPTIVE_FIRM_RANGE_ONLY,INITIALIZATION,True,0.06999999999999999,0.0,False,False,False,True,False,True,False,False,MISSING,FIRM_NATIVE,MISSING,False,SOURCE_INITIALIZATION,FIRM_NATIVE,INITIALIZATION,True,-0.20000000000000007,0.7000000000000001,True,False,False,False,False,False,False,False,CAPTURED,COMPOSITE_NO_FIRM_CLIP,True,0.02,0.09,0.8,1.3,HASH_BOUND_EXECUTED_ADAPTER_LITERALS,initialization,,
2.0,0.0,32.0,0.07993173548689111,0.02,0.05,11.23742634168987,0.1,0.07,40914.71454737012,2485119.9997324906,49367001.59459932,0.0016341152925786636,49270438.3129602,北京,OWNER_A_CAPTURE_PID67056,2018,2,0,1,D:\ProjectTemp\ch5-mp4c-2018-final-production-path-faithful-durable-execution-20260903-001\household_call_ledger.csv,,,,,0.12116569491184198,0.8881303942987903,1,initial,0.07993173548689111,True,,MISSING,MISSING,FIRM_NATIVE,MISSING,False,MISSING,FIRM_NATIVE,MISSING,False,,,,,,,,,,,CAPTURED,DESCRIPTIVE_FIRM_RANGE_ONLY,OBSERVED,True,0.05993173548689111,0.010068264513108882,False,False,False,False,False,False,False,False,MISSING,FIRM_NATIVE,MISSING,False,MISSING,FIRM_NATIVE,MISSING,False,,,,,,,,,,,CAPTURED,COMPOSITE_NO_FIRM_CLIP,True,0.02,0.09,0.8,1.3,HASH_BOUND_EXECUTED_ADAPTER_LITERALS,household_entry_old_state,,
2.0,1.0,33.0,0.07348694778018657,0.02,0.05,11.146602769307194,0.1,0.07,16416.635594823827,2520677.283555772,51432692.438448064,0.0006331796953290661,51336802.8150781,天津,OWNER_A_CAPTURE_PID67056,2018,2,1,2,D:\ProjectTemp\ch5-mp4c-2018-final-production-path-faithful-durable-execution-20260903-001\household_call_ledger.csv,,,,,0.19817398532280342,0.816521642002073,1,initial,0.07348694778018657,True,,MISSING,MISSING,FIRM_NATIVE,MISSING,False,MISSING,FIRM_NATIVE,MISSING,False,,,,,,,,,,,CAPTURED,DESCRIPTIVE_FIRM_RANGE_ONLY,OBSERVED,True,0.05348694778018656,0.01651305221981343,False,False,False,False,False,False,False,False,MISSING,FIRM_NATIVE,MISSING,False,MISSING,FIRM_NATIVE,MISSING,False,,,,,,,,,,,CAPTURED,COMPOSITE_NO_FIRM_CLIP,True,0.02,0.09,0.8,1.3,HASH_BOUND_EXECUTED_ADAPTER_LITERALS,household_entry_old_state,,
2.0,2.0,34.0,0.08665044342793835,0.02,0.05,11.138511713050608,0.1,0.07,8194.783732377882,2578678.1315924386,90452862.77359664,0.00020325561576148244,90356776.0949341,河北,OWNER_A_CAPTURE_PID67056,2018,2,2,3,D:\ProjectTemp\ch5-mp4c-2018-final-production-path-faithful-durable-execution-20260903-001\household_call_ledger.csv,,,,,0.04042780400496038,0.9627827047548705,1,initial,0.08665044342793835,True,,MISSING,MISSING,FIRM_NATIVE,MISSING,False,MISSING,FIRM_NATIVE,MISSING,False,,,,,,,,,,,CAPTURED,DESCRIPTIVE_FIRM_RANGE_ONLY,OBSERVED,True,0.06665044342793834,0.0033495565720616516,False,False,False,False,False,False,False,False,MISSING,FIRM_NATIVE,MISSING,False,MISSING,FIRM_NATIVE,MISSING,False,,,,,,,,,,,CAPTURED,COMPOSITE_NO_FIRM_CLIP,True,0.02,0.09,0.8,1.3,HASH_BOUND_EXECUTED_ADAPTER_LITERALS,household_entry_old_state,,
2.0,3.0,35.0,0.08680743348666484,0.02,0.05,11.213392248545862,0.1,0.07,14183.552064948035,2566643.486941443,37856863.89001002,0.0006904139506587265,37758335.6649879,山西,OWNER_A_CAPTURE_PID67056,2018,2,3,4,D:\ProjectTemp\ch5-mp4c-2018-final-production-path-faithful-durable-execution-20260903-001\household_call_ledger.csv,,,,,0.0385356371748285,0.9645270387407204,1,initial,0.08680743348666484,True,,MISSING,MISSING,FIRM_NATIVE,MISSING,False,MISSING,FIRM_NATIVE,MISSING,False,,,,,,,,,,,CAPTURED,DESCRIPTIVE_FIRM_RANGE_ONLY,OBSERVED,True,0.06680743348666483,0.00319256651333516,False,False,False,False,False,False,False,False,MISSING,FIRM_NATIVE,MISSING,False,MISSING,FIRM_NATIVE,MISSING,False,,,,,,,,,,,CAPTURED,COMPOSITE_NO_FIRM_CLIP,True,0.02,0.09,0.8,1.3,HASH_BOUND_EXECUTED_ADAPTER_LITERALS,household_entry_old_state,,
2.0,4.0,36.0,0.07849388952014204,0.02,0.05,10.850868181974974,0.1,0.07,18281.14885075326,2513658.366548129,57082133.75428878,0.0006509396292199082,56986309.349860296,内蒙古,OWNER_A_CAPTURE_PID67056,2018,2,4,5,D:\ProjectTemp\ch5-mp4c-2018-final-production-path-faithful-durable-execution-20260903-001\household_call_ledger.csv,,,,,0.13838331231905796,0.8721543280015782,1,initial,0.07849388952014204,True,,MISSING,MISSING,FIRM_NATIVE,MISSING,False,MISSING,FIRM_NATIVE,MISSING,False,,,,,,,,,,,CAPTURED,DESCRIPTIVE_FIRM_RANGE_ONLY,OBSERVED,True,0.058493889520142034,0.011506110479857959,False,False,False,False,False,False,False,False,MISSING,FIRM_NATIVE,MISSING,False,MISSING,FIRM_NATIVE,MISSING,False,,,,,,,,,,,CAPTURED,COMPOSITE_NO_FIRM_CLIP,True,0.02,0.09,0.8,1.3,HASH_BOUND_EXECUTED_ADAPTER_LITERALS,household_entry_old_state,,
2.0,5.0,37.0,0.08366820932271848,0.02,0.05,10.297780532858527,0.1,0.07,9117.211155702276,2508441.533282962,67150561.0190419,0.0002864698302222306,67054545.412681095,辽宁,OWNER_A_CAPTURE_PID67056,2018,2,5,6,D:\ProjectTemp\ch5-mp4c-2018-final-production-path-faithful-durable-execution-20260903-001\household_call_ledger.csv,,,,,0.07632297463521798,0.9296467702524277,1,initial,0.08366820932271848,True,,MISSING,MISSING,FIRM_NATIVE,MISSING,False,MISSING,FIRM_NATIVE,MISSING,False,,,,,,,,,,,CAPTURED,DESCRIPTIVE_FIRM_RANGE_ONLY,OBSERVED,True,0.06366820932271848,0.0063317906772815125,False,False,False,False,False,False,False,False,MISSING,FIRM_NATIVE,MISSING,False,MISSING,FIRM_NATIVE,MISSING,False,,,,,,,,,,,CAPTURED,COMPOSITE_NO_FIRM_CLIP,True,0.02,0.09,0.8,1.3,HASH_BOUND_EXECUTED_ADAPTER_LITERALS,household_entry_old_state,,
2.0,6.0,38.0,0.08150458506614482,0.02,0.05,9.814701416831848,0.1,0.07,12451.336014486518,2507792.946982281,52486856.28620974,0.00047331941528535383,52390313.5226049,吉林,OWNER_A_CAPTURE_PID67056,2018,2,6,7,D:\ProjectTemp\ch5-mp4c-2018-final-production-path-faithful-durable-execution-20260903-001\household_call_ledger.csv,,,,,0.1023070236880023,0.9056065007349425,1,initial,0.08150458506614482,True,,MISSING,MISSING,FIRM_NATIVE,MISSING,False,MISSING,FIRM_NATIVE,MISSING,False,,,,,,,,,,,CAPTURED,DESCRIPTIVE_FIRM_RANGE_ONLY,OBSERVED,True,0.06150458506614481,0.00849541493385518,False,False,False,False,False,False,False,False,MISSING,FIRM_NATIVE,MISSING,False,MISSING,FIRM_NATIVE,MISSING,False,,,,,,,,,,,CAPTURED,COMPOSITE_NO_FIRM_CLIP,True,0.02,0.09,0.8,1.3,HASH_BOUND_EXECUTED_ADAPTER_LITERALS,household_entry_old_state,,
2.0,7.0,39.0,0.08462662600480349,0.02,0.05,9.11423414890972,0.1,0.07,13113.665753064875,2463557.4208073365,44322405.72187826,0.0005703841154289705,44224774.7160286,黑龙江,OWNER_A_CAPTURE_PID67056,2018,2,7,8,D:\ProjectTemp\ch5-mp4c-2018-final-production-path-faithful-durable-execution-20260903-001\household_call_ledger.csv,,,,,0.06479729188901276,0.9402958444978166,1,initial,0.08462662600480349,True,,MISSING,MISSING,FIRM_NATIVE,MISSING,False,MISSING,FIRM_NATIVE,MISSING,False,,,,,,,,,,,CAPTURED,DESCRIPTIVE_FIRM_RANGE_ONLY,OBSERVED,True,0.06462662600480348,0.005373373995196509,False,False,False,False,False,False,False,False,MISSING,FIRM_NATIVE,MISSING,False,MISSING,FIRM_NATIVE,MISSING,False,,,,,,,,,,,CAPTURED,COMPOSITE_NO_FIRM_CLIP,True,0.02,0.09,0.8,1.3,HASH_BOUND_EXECUTED_ADAPTER_LITERALS,household_entry_old_state,,
2.0,8.0,40.0,0.08013283266621211,0.02,0.05,11.091092813674198,0.1,0.07,40420.705610919125,2489971.4373536343,54117341.58537002,0.0015030642394494576,54021103.923275396,上海,OWNER_A_CAPTURE_PID67056,2018,2,8,9,D:\ProjectTemp\ch5-mp4c-2018-final-production-path-faithful-durable-execution-20260903-001\household_call_ledger.csv,,,,,0.11875593934055706,0.8903648074023569,1,initial,0.08013283266621211,True,,MISSING,MISSING,FIRM_NATIVE,MISSING,False,MISSING,FIRM_NATIVE,MISSING,False,,,,,,,,,,,CAPTURED,DESCRIPTIVE_FIRM_RANGE_ONLY,OBSERVED,True,0.06013283266621211,0.009867167333787882,False,False,False,False,False,False,False,False,MISSING,FIRM_NATIVE,MISSING,False,MISSING,FIRM_NATIVE,MISSING,False,,,,,,,,,,,CAPTURED,COMPOSITE_NO_FIRM_CLIP,True,0.02,0.09,0.8,1.3,HASH_BOUND_EXECUTED_ADAPTER_LITERALS,household_entry_old_state,,
2.0,9.0,41.0,0.0833341125806568,0.02,0.05,11.233436899008423,0.1,0.07,10760.952332049852,2519183.3026875304,149465416.10641217,0.0001820044285805966,149374736.001046,江苏,OWNER_A_CAPTURE_PID67056,2018,2,9,10,D:\ProjectTemp\ch5-mp4c-2018-final-production-path-faithful-durable-execution-20260903-001\household_call_ledger.csv,,,,,0.08033848825905156,0.92593458422952,1,initial,0.0833341125806568,True,,MISSING,MISSING,FIRM_NATIVE,MISSING,False,MISSING,FIRM_NATIVE,MISSING,False,,,,,,,,,,,CAPTURED,DESCRIPTIVE_FIRM_RANGE_ONLY,OBSERVED,True,0.0633341125806568,0.006665887419343194,False,False,False,False,False,False,False,False,MISSING,FIRM_NATIVE,MISSING,False,MISSING,FIRM_NATIVE,MISSING,False,,,,,,,,,,,CAPTURED,COMPOSITE_NO_FIRM_CLIP,True,0.02,0.09,0.8,1.3,HASH_BOUND_EXECUTED_ADAPTER_LITERALS,household_entry_old_state,,
2.0,10.0,42.0,0.08479528386591365,0.02,0.05,11.0573267724171,0.1,0.07,19171.891715536713,2527239.832754579,98236726.70582531,0.0004481765543902068,98142144.3554609,浙江,OWNER_A_CAPTURE_PID67056,2018,2,10,11,D:\ProjectTemp\ch5-mp4c-2018-final-production-path-faithful-durable-execution-20260903-001\household_call_ledger.csv,,,,,0.06276806168696052,0.9421698207323738,1,initial,0.08479528386591365,True,,MISSING,MISSING,FIRM_NATIVE,MISSING,False,MISSING,FIRM_NATIVE,MISSING,False,,,,,,,,,,,CAPTURED,DESCRIPTIVE_FIRM_RANGE_ONLY,OBSERVED,True,0.06479528386591364,0.005204716134086351,False,False,False,False,False,False,False,False,MISSING,FIRM_NATIVE,MISSING,False,MISSING,FIRM_NATIVE,MISSING,False,,,,,,,,,,,CAPTURED,COMPOSITE_NO_FIRM_CLIP,True,0.02,0.09,0.8,1.3,HASH_BOUND_EXECUTED_ADAPTER_LITERALS,household_entry_old_state,,
2.0,11.0,43.0,0.09,0.02,0.05,11.184202992091468,0.1,0.07,17484.890330111644,2592321.7950238893,54413445.073219396,0.000641551386937363,54313245.2543264,安徽,OWNER_A_CAPTURE_PID67056,2018,2,11,12,D:\ProjectTemp\ch5-mp4c-2018-final-production-path-faithful-durable-execution-20260903-001\household_call_ledger.csv,,,,,0.0,1.0,1,initial,0.09,True,0.09,DERIVED_IDENTITY_ZERO_EXTERNAL_WEIGHT,MISSING,FIRM_NATIVE,MISSING,False,MISSING,FIRM_NATIVE,MISSING,False,,,,,,,,,,,CAPTURED,DESCRIPTIVE_FIRM_RANGE_ONLY,OBSERVED,True,0.06999999999999999,0.0,False,False,False,True,False,True,False,False,MISSING,FIRM_NATIVE,MISSING,False,MISSING,FIRM_NATIVE,MISSING,False,,,,,,,,,,,CAPTURED,COMPOSITE_NO_FIRM_CLIP,True,0.02,0.09,0.8,1.3,HASH_BOUND_EXECUTED_ADAPTER_LITERALS,household_entry_old_state,,
2.0,12.0,44.0,0.08461754866716745,0.02,0.05,10.763128853682408,0.1,0.07,27661.98035506656,2531491.0728597105,75657960.25524569,0.0007909691648437431,75562152.8770214,福建,OWNER_A_CAPTURE_PID67056,2018,2,12,13,D:\ProjectTemp\ch5-mp4c-2018-final-production-path-faithful-durable-execution-20260903-001\household_call_ledger.csv,,,,,0.0649064986932153,0.9401949851907495,1,initial,0.08461754866716745,True,,MISSING,MISSING,FIRM_NATIVE,MISSING,False,MISSING,FIRM_NATIVE,MISSING,False,,,,,,,,,,,CAPTURED,DESCRIPTIVE_FIRM_RANGE_ONLY,OBSERVED,True,0.06461754866716744,0.00538245133283255,False,False,False,False,False,False,False,False,MISSING,FIRM_NATIVE,MISSING,False,MISSING,FIRM_NATIVE,MISSING,False,,,,,,,,,,,CAPTURED,COMPOSITE_NO_FIRM_CLIP,True,0.02,0.09,0.8,1.3,HASH_BOUND_EXECUTED_ADAPTER_LITERALS,household_entry_old_state,,
2.0,13.0,45.0,0.08837108677417899,0.02,0.05,11.13322591273794,0.1,0.07,12493.319449186267,2569068.623848572,38741707.72633658,0.0005972473033647159,38642602.7655129,江西,OWNER_A_CAPTURE_PID67056,2018,2,13,14,D:\ProjectTemp\ch5-mp4c-2018-final-production-path-faithful-durable-execution-20260903-001\household_call_ledger.csv,,,,,0.019675113595976762,0.9819009641575444,1,initial,0.08837108677417899,True,,MISSING,MISSING,FIRM_NATIVE,MISSING,False,MISSING,FIRM_NATIVE,MISSING,False,,,,,,,,,,,CAPTURED,DESCRIPTIVE_FIRM_RANGE_ONLY,OBSERVED,True,0.06837108677417898,0.0016289132258210104,False,False,False,False,False,False,False,False,MISSING,FIRM_NATIVE,MISSING,False,MISSING,FIRM_NATIVE,MISSING,False,,,,,,,,,,,CAPTURED,COMPOSITE_NO_FIRM_CLIP,True,0.02,0.09,0.8,1.3,HASH_BOUND_EXECUTED_ADAPTER_LITERALS,household_entry_old_state,,
2.0,14.0,46.0,0.08428372577944168,0.02,0.05,11.2646842351341,0.1,0.07,20396.82647429605,2551147.995243827,157378813.9137608,0.00033054728607754435,157288007.639664,山东,OWNER_A_CAPTURE_PID67056,2018,2,14,15,D:\ProjectTemp\ch5-mp4c-2018-final-production-path-faithful-durable-execution-20260903-001\household_call_ledger.csv,,,,,0.06892202679478683,0.9364858419937966,1,initial,0.08428372577944168,True,,MISSING,MISSING,FIRM_NATIVE,MISSING,False,MISSING,FIRM_NATIVE,MISSING,False,,,,,,,,,,,CAPTURED,DESCRIPTIVE_FIRM_RANGE_ONLY,OBSERVED,True,0.06428372577944168,0.005716274220558315,False,False,False,False,False,False,False,False,MISSING,FIRM_NATIVE,MISSING,False,MISSING,FIRM_NATIVE,MISSING,False,,,,,,,,,,,CAPTURED,COMPOSITE_NO_FIRM_CLIP,True,0.02,0.09,0.8,1.3,HASH_BOUND_EXECUTED_ADAPTER_LITERALS,household_entry_old_state,,
2.0,15.0,47.0,0.08507757032464885,0.02,0.05,11.390354659931491,0.1,0.07,32767.03602527848,2572132.937656715,128990644.25256982,0.0006181110089804474,128897630.76160501,河南,OWNER_A_CAPTURE_PID67056,2018,2,15,16,D:\ProjectTemp\ch5-mp4c-2018-final-production-path-faithful-durable-execution-20260903-001\household_call_ledger.csv,,,,,0.05937102807378291,0.9453063369405427,1,initial,0.08507757032464885,True,,MISSING,MISSING,FIRM_NATIVE,MISSING,False,MISSING,FIRM_NATIVE,MISSING,False,,,,,,,,,,,CAPTURED,DESCRIPTIVE_FIRM_RANGE_ONLY,OBSERVED,True,0.06507757032464885,0.004922429675351142,False,False,False,False,False,False,False,False,MISSING,FIRM_NATIVE,MISSING,False,MISSING,FIRM_NATIVE,MISSING,False,,,,,,,,,,,CAPTURED,COMPOSITE_NO_FIRM_CLIP,True,0.02,0.09,0.8,1.3,HASH_BOUND_EXECUTED_ADAPTER_LITERALS,household_entry_old_state,,
2.0,16.0,48.0,0.08668223093115598,0.02,0.05,11.363913738197198,0.1,0.07,24591.355385062892,2562309.8611943843,76878166.61791115,0.0006926198455034483,76781442.8482972,湖北,OWNER_A_CAPTURE_PID67056,2018,2,16,17,D:\ProjectTemp\ch5-mp4c-2018-final-production-path-faithful-durable-execution-20260903-001\household_call_ledger.csv,,,,,0.040044697087704216,0.9631358992350666,1,initial,0.08668223093115598,True,,MISSING,MISSING,FIRM_NATIVE,MISSING,False,MISSING,FIRM_NATIVE,MISSING,False,,,,,,,,,,,CAPTURED,DESCRIPTIVE_FIRM_RANGE_ONLY,OBSERVED,True,0.06668223093115598,0.003317769068844012,False,False,False,False,False,False,False,False,MISSING,FIRM_NATIVE,MISSING,False,MISSING,FIRM_NATIVE,MISSING,False,,,,,,,,,,,CAPTURED,COMPOSITE_NO_FIRM_CLIP,True,0.02,0.09,0.8,1.3,HASH_BOUND_EXECUTED_ADAPTER_LITERALS,household_entry_old_state,,
2.0,17.0,49.0,0.08817290185883336,0.02,0.05,11.159839913144722,0.1,0.07,21653.651452748592,2569317.162884298,65071045.42455103,0.0006933324069686307,64972845.9653664,湖南,OWNER_A_CAPTURE_PID67056,2018,2,17,18,D:\ProjectTemp\ch5-mp4c-2018-final-production-path-faithful-durable-execution-20260903-001\household_call_ledger.csv,,,,,0.02206701218325156,0.979698909542593,1,initial,0.08817290185883336,True,,MISSING,MISSING,FIRM_NATIVE,MISSING,False,MISSING,FIRM_NATIVE,MISSING,False,,,,,,,,,,,CAPTURED,DESCRIPTIVE_FIRM_RANGE_ONLY,OBSERVED,True,0.06817290185883336,0.0018270981411666332,False,False,False,False,False,False,False,False,MISSING,FIRM_NATIVE,MISSING,False,MISSING,FIRM_NATIVE,MISSING,False,,,,,,,,,,,CAPTURED,COMPOSITE_NO_FIRM_CLIP,True,0.02,0.09,0.8,1.3,HASH_BOUND_EXECUTED_ADAPTER_LITERALS,household_entry_old_state,,
2.0,18.0,50.0,0.08626702044498351,0.02,0.05,10.618625176201556,0.1,0.07,59775.787498601276,2514887.658903103,157246434.3044602,0.0009725027967433352,157153836.749134,广东,OWNER_A_CAPTURE_PID67056,2018,2,18,19,D:\ProjectTemp\ch5-mp4c-2018-final-production-path-faithful-durable-execution-20260903-001\household_call_ledger.csv,,,,,0.045048029371518965,0.9585224493887057,1,initial,0.08626702044498351,True,,MISSING,MISSING,FIRM_NATIVE,MISSING,False,MISSING,FIRM_NATIVE,MISSING,False,,,,,,,,,,,CAPTURED,DESCRIPTIVE_FIRM_RANGE_ONLY,OBSERVED,True,0.0662670204449835,0.0037329795550164885,False,False,False,False,False,False,False,False,MISSING,FIRM_NATIVE,MISSING,False,MISSING,FIRM_NATIVE,MISSING,False,,,,,,,,,,,CAPTURED,COMPOSITE_NO_FIRM_CLIP,True,0.02,0.09,0.8,1.3,HASH_BOUND_EXECUTED_ADAPTER_LITERALS,household_entry_old_state,,
2.0,19.0,51.0,0.08698676933295832,0.02,0.05,10.359404256199507,0.1,0.07,16532.569563540317,2546451.875885811,52917719.34754175,0.0006223369520165091,52819779.099576995,广西,OWNER_A_CAPTURE_PID67056,2018,2,19,20,D:\ProjectTemp\ch5-mp4c-2018-final-production-path-faithful-durable-execution-20260903-001\household_call_ledger.csv,,,,,0.03637382456647036,0.9665196592550925,1,initial,0.08698676933295832,True,,MISSING,MISSING,FIRM_NATIVE,MISSING,False,MISSING,FIRM_NATIVE,MISSING,False,,,,,,,,,,,CAPTURED,DESCRIPTIVE_FIRM_RANGE_ONLY,OBSERVED,True,0.06698676933295832,0.0030132306670416775,False,False,False,False,False,False,False,False,MISSING,FIRM_NATIVE,MISSING,False,MISSING,FIRM_NATIVE,MISSING,False,,,,,,,,,,,CAPTURED,COMPOSITE_NO_FIRM_CLIP,True,0.02,0.09,0.8,1.3,HASH_BOUND_EXECUTED_ADAPTER_LITERALS,household_entry_old_state,,
2.0,20.0,52.0,0.0876841728940392,0.02,0.05,9.992645239915506,0.1,0.07,2825.960844542646,2514799.995581939,10130235.428006176,0.00038281495183633223,10030399.0365303,海南,OWNER_A_CAPTURE_PID67056,2018,2,20,21,D:\ProjectTemp\ch5-mp4c-2018-final-production-path-faithful-durable-execution-20260903-001\household_call_ledger.csv,,,,,0.027963724364002344,0.9742685877115467,1,initial,0.0876841728940392,True,,MISSING,MISSING,FIRM_NATIVE,MISSING,False,MISSING,FIRM_NATIVE,MISSING,False,,,,,,,,,,,CAPTURED,DESCRIPTIVE_FIRM_RANGE_ONLY,OBSERVED,True,0.06768417289403919,0.002315827105960802,False,False,False,False,False,False,False,False,MISSING,FIRM_NATIVE,MISSING,False,MISSING,FIRM_NATIVE,MISSING,False,,,,,,,,,,,CAPTURED,COMPOSITE_NO_FIRM_CLIP,True,0.02,0.09,0.8,1.3,HASH_BOUND_EXECUTED_ADAPTER_LITERALS,household_entry_old_state,,
2.0,21.0,53.0,0.08588193688914225,0.02,0.05,11.107447362151028,0.1,0.07,14512.277375239843,2535743.29499116,39399154.35456062,0.0006868337888017926,39300958.3175844,重庆,OWNER_A_CAPTURE_PID67056,2018,2,21,22,D:\ProjectTemp\ch5-mp4c-2018-final-production-path-faithful-durable-execution-20260903-001\household_call_ledger.csv,,,,,0.049686711943930977,0.9542437432126918,1,initial,0.08588193688914225,True,,MISSING,MISSING,FIRM_NATIVE,MISSING,False,MISSING,FIRM_NATIVE,MISSING,False,,,,,,,,,,,CAPTURED,DESCRIPTIVE_FIRM_RANGE_ONLY,OBSERVED,True,0.06588193688914225,0.004118063110857745,False,False,False,False,False,False,False,False,MISSING,FIRM_NATIVE,MISSING,False,MISSING,FIRM_NATIVE,MISSING,False,,,,,,,,,,,CAPTURED,COMPOSITE_NO_FIRM_CLIP,True,0.02,0.09,0.8,1.3,HASH_BOUND_EXECUTED_ADAPTER_LITERALS,household_entry_old_state,,
2.0,22.0,54.0,0.08910758620231143,0.02,0.05,10.886885295786643,0.1,0.07,23143.19499055439,2546607.8912726496,69630049.44208859,0.0007046610342276092,69531075.8089531,四川,OWNER_A_CAPTURE_PID67056,2018,2,22,23,D:\ProjectTemp\ch5-mp4c-2018-final-production-path-faithful-durable-execution-20260903-001\household_call_ledger.csv,,,,,0.010782650770128166,0.9900842911367937,1,initial,0.08910758620231143,True,,MISSING,MISSING,FIRM_NATIVE,MISSING,False,MISSING,FIRM_NATIVE,MISSING,False,,,,,,,,,,,CAPTURED,DESCRIPTIVE_FIRM_RANGE_ONLY,OBSERVED,True,0.06910758620231143,0.0008924137976885627,False,False,False,False,False,False,False,False,MISSING,FIRM_NATIVE,MISSING,False,MISSING,FIRM_NATIVE,MISSING,False,,,,,,,,,,,CAPTURED,COMPOSITE_NO_FIRM_CLIP,True,0.02,0.09,0.8,1.3,HASH_BOUND_EXECUTED_ADAPTER_LITERALS,household_entry_old_state,,
2.0,23.0,55.0,0.08816773540648017,0.02,0.05,10.770423099610541,0.1,0.07,11218.327801787324,2557649.020887696,32902624.417158253,0.0006090843098101169,32803436.570136297,贵州,OWNER_A_CAPTURE_PID67056,2018,2,23,24,D:\ProjectTemp\ch5-mp4c-2018-final-production-path-faithful-durable-execution-20260903-001\household_call_ledger.csv,,,,,0.02212936068262254,0.9796415045164464,1,initial,0.08816773540648017,True,,MISSING,MISSING,FIRM_NATIVE,MISSING,False,MISSING,FIRM_NATIVE,MISSING,False,,,,,,,,,,,CAPTURED,DESCRIPTIVE_FIRM_RANGE_ONLY,OBSERVED,True,0.06816773540648016,0.0018322645935198306,False,False,False,False,False,False,False,False,MISSING,FIRM_NATIVE,MISSING,False,MISSING,FIRM_NATIVE,MISSING,False,,,,,,,,,,,CAPTURED,COMPOSITE_NO_FIRM_CLIP,True,0.02,0.09,0.8,1.3,HASH_BOUND_EXECUTED_ADAPTER_LITERALS,household_entry_old_state,,
2.0,24.0,56.0,0.0875511111690813,0.02,0.05,10.242083101594515,0.1,0.07,19147.97555524667,2534857.5104524065,53932457.38692126,0.0007110216288681008,53834280.8089249,云南,OWNER_A_CAPTURE_PID67056,2018,2,24,25,D:\ProjectTemp\ch5-mp4c-2018-final-production-path-faithful-durable-execution-20260903-001\household_call_ledger.csv,,,,,0.029568731957169938,0.9727901241009035,1,initial,0.0875511111690813,True,,MISSING,MISSING,FIRM_NATIVE,MISSING,False,MISSING,FIRM_NATIVE,MISSING,False,,,,,,,,,,,CAPTURED,DESCRIPTIVE_FIRM_RANGE_ONLY,OBSERVED,True,0.0675511111690813,0.0024488888309186913,False,False,False,False,False,False,False,False,MISSING,FIRM_NATIVE,MISSING,False,MISSING,FIRM_NATIVE,MISSING,False,,,,,,,,,,,CAPTURED,COMPOSITE_NO_FIRM_CLIP,True,0.02,0.09,0.8,1.3,HASH_BOUND_EXECUTED_ADAPTER_LITERALS,household_entry_old_state,,
2.0,25.0,57.0,0.06628257775181406,0.02,0.05,9.330479448733527,0.1,0.07,3744.602527375998,2390559.747294758,6115525.434496434,0.0007579273359250301,6015865.97237512,西藏,OWNER_A_CAPTURE_PID67056,2018,2,25,26,D:\ProjectTemp\ch5-mp4c-2018-final-production-path-faithful-durable-execution-20260903-001\household_call_ledger.csv,,,,,0.2837596352791583,0.7364730861312674,1,initial,0.06628257775181406,True,,MISSING,MISSING,FIRM_NATIVE,MISSING,False,MISSING,FIRM_NATIVE,MISSING,False,,,,,,,,,,,CAPTURED,DESCRIPTIVE_FIRM_RANGE_ONLY,OBSERVED,True,0.04628257775181406,0.023717422248185932,False,False,False,False,False,False,False,False,MISSING,FIRM_NATIVE,MISSING,False,MISSING,FIRM_NATIVE,MISSING,False,,,,,,,,,,,CAPTURED,COMPOSITE_NO_FIRM_CLIP,False,0.02,0.09,0.8,1.3,HASH_BOUND_EXECUTED_ADAPTER_LITERALS,household_entry_old_state,,
2.0,26.0,58.0,0.08576523383998451,0.02,0.05,11.33968077302207,0.1,0.07,16781.28282313634,2552109.0736182737,50674402.61342167,0.000652876469041312,50576819.2081364,陕西,OWNER_A_CAPTURE_PID67056,2018,2,26,27,D:\ProjectTemp\ch5-mp4c-2018-final-production-path-faithful-durable-execution-20260903-001\household_call_ledger.csv,,,,,0.05109219959757891,0.9529470426664945,1,initial,0.08576523383998451,True,,MISSING,MISSING,FIRM_NATIVE,MISSING,False,MISSING,FIRM_NATIVE,MISSING,False,,,,,,,,,,,CAPTURED,DESCRIPTIVE_FIRM_RANGE_ONLY,OBSERVED,True,0.0657652338399845,0.004234766160015488,False,False,False,False,False,False,False,False,MISSING,FIRM_NATIVE,MISSING,False,MISSING,FIRM_NATIVE,MISSING,False,,,,,,,,,,,CAPTURED,COMPOSITE_NO_FIRM_CLIP,True,0.02,0.09,0.8,1.3,HASH_BOUND_EXECUTED_ADAPTER_LITERALS,household_entry_old_state,,
2.0,27.0,59.0,0.08948997674836623,0.02,0.05,10.771095244115036,0.1,0.07,6067.961389777771,2568292.692093239,18523950.23197946,0.0005131096729274248,18423950.2203418,甘肃,OWNER_A_CAPTURE_PID67056,2018,2,27,28,D:\ProjectTemp\ch5-mp4c-2018-final-production-path-faithful-durable-execution-20260903-001\household_call_ledger.csv,,,,,0.006163422815411727,0.9943330749818472,1,initial,0.08948997674836623,True,,MISSING,MISSING,FIRM_NATIVE,MISSING,False,MISSING,FIRM_NATIVE,MISSING,False,,,,,,,,,,,CAPTURED,DESCRIPTIVE_FIRM_RANGE_ONLY,OBSERVED,True,0.06948997674836623,0.0005100232516337677,False,False,False,False,False,False,False,False,MISSING,FIRM_NATIVE,MISSING,False,MISSING,FIRM_NATIVE,MISSING,False,,,,,,,,,,,CAPTURED,COMPOSITE_NO_FIRM_CLIP,True,0.02,0.09,0.8,1.3,HASH_BOUND_EXECUTED_ADAPTER_LITERALS,household_entry_old_state,,
2.0,28.0,60.0,0.08000982501437538,0.02,0.05,10.039012096391248,0.1,0.07,4754.069629535503,2495794.8054442047,13137247.297365654,0.0005277056201467056,13038007.4590434,青海,OWNER_A_CAPTURE_PID67056,2018,2,28,29,D:\ProjectTemp\ch5-mp4c-2018-final-production-path-faithful-durable-execution-20260903-001\household_call_ledger.csv,,,,,0.12022999455338848,0.888998055715282,1,initial,0.08000982501437538,True,,MISSING,MISSING,FIRM_NATIVE,MISSING,False,MISSING,FIRM_NATIVE,MISSING,False,,,,,,,,,,,CAPTURED,DESCRIPTIVE_FIRM_RANGE_ONLY,OBSERVED,True,0.06000982501437538,0.009990174985624614,False,False,False,False,False,False,False,False,MISSING,FIRM_NATIVE,MISSING,False,MISSING,FIRM_NATIVE,MISSING,False,,,,,,,,,,,CAPTURED,COMPOSITE_NO_FIRM_CLIP,True,0.02,0.09,0.8,1.3,HASH_BOUND_EXECUTED_ADAPTER_LITERALS,household_entry_old_state,,
2.0,29.0,61.0,0.07977292142174992,0.02,0.05,11.022047559263171,0.1,0.07,5642.366647631903,2537943.860097601,13980397.550842786,0.000594643144096446,13881227.2259032,宁夏,OWNER_A_CAPTURE_PID67056,2018,2,29,30,D:\ProjectTemp\ch5-mp4c-2018-final-production-path-faithful-durable-execution-20260903-001\household_call_ledger.csv,,,,,0.1230684752371874,0.8863657935749993,1,initial,0.07977292142174992,True,,MISSING,MISSING,FIRM_NATIVE,MISSING,False,MISSING,FIRM_NATIVE,MISSING,False,,,,,,,,,,,CAPTURED,DESCRIPTIVE_FIRM_RANGE_ONLY,OBSERVED,True,0.05977292142174992,0.010227078578250073,False,False,False,False,False,False,False,False,MISSING,FIRM_NATIVE,MISSING,False,MISSING,FIRM_NATIVE,MISSING,False,,,,,,,,,,,CAPTURED,COMPOSITE_NO_FIRM_CLIP,True,0.02,0.09,0.8,1.3,HASH_BOUND_EXECUTED_ADAPTER_LITERALS,household_entry_old_state,,
2.0,30.0,62.0,0.06491054641571962,0.02,0.05,8.728001545202465,0.1,0.07,12645.291366766725,2323300.4644692615,35449195.97813925,0.0006624231201077291,35352199.6021162,新疆,OWNER_A_CAPTURE_PID67056,2018,2,30,31,D:\ProjectTemp\ch5-mp4c-2018-final-production-path-faithful-durable-execution-20260903-001\household_call_ledger.csv,,,,,0.3,0.7212282935079958,1,initial,0.06491054641571962,True,,MISSING,MISSING,FIRM_NATIVE,MISSING,False,MISSING,FIRM_NATIVE,MISSING,False,,,,,,,,,,,CAPTURED,DESCRIPTIVE_FIRM_RANGE_ONLY,OBSERVED,True,0.04491054641571962,0.025089453584280372,False,False,False,False,False,False,False,False,MISSING,FIRM_NATIVE,MISSING,False,MISSING,FIRM_NATIVE,MISSING,False,,,,,,,,,,,CAPTURED,COMPOSITE_NO_FIRM_CLIP,False,0.02,0.09,0.8,1.3,HASH_BOUND_EXECUTED_ADAPTER_LITERALS,household_entry_old_state,,
3.0,0.0,63.0,0.017762607885975803,0.02,0.05,11.291384418029105,0.1,0.07,43285.42358194155,3182421.7096168934,49376654.79714958,0.0016341152925786636,49270438.3129602,北京,OWNER_A_CAPTURE_PID67056,2018,3,0,1,D:\ProjectTemp\ch5-mp4c-2018-final-production-path-faithful-durable-execution-20260903-001\household_call_ledger.csv,,,,,0.12116569491184198,0.8881303942987903,2,1,,,,MISSING,MISSING,FIRM_NATIVE,MISSING,False,MISSING,FIRM_NATIVE,MISSING,False,,,,,,,,,,,CAPTURED,DESCRIPTIVE_FIRM_RANGE_ONLY,OBSERVED,True,-0.0022373921140241976,0.07223739211402419,True,False,False,False,False,False,False,False,MISSING,FIRM_NATIVE,MISSING,False,MISSING,FIRM_NATIVE,MISSING,False,,,,,,,,,,,CAPTURED,COMPOSITE_NO_FIRM_CLIP,False,0.02,0.09,0.8,1.3,HASH_BOUND_EXECUTED_ADAPTER_LITERALS,household_entry_old_state,,
3.0,1.0,64.0,0.01633043284004146,0.02,0.05,11.098668984003645,0.1,0.07,17413.382811676096,3265460.91195216,51442342.01505961,0.0006331796953290661,51336802.8150781,天津,OWNER_A_CAPTURE_PID67056,2018,3,1,2,D:\ProjectTemp\ch5-mp4c-2018-final-production-path-faithful-durable-execution-20260903-001\household_call_ledger.csv,,,,,0.19817398532280342,0.816521642002073,2,1,,,,MISSING,MISSING,FIRM_NATIVE,MISSING,False,MISSING,FIRM_NATIVE,MISSING,False,,,,,,,,,,,CAPTURED,DESCRIPTIVE_FIRM_RANGE_ONLY,OBSERVED,True,-0.0036695671599585415,0.07366956715995854,True,False,False,False,False,False,False,False,MISSING,FIRM_NATIVE,MISSING,False,MISSING,FIRM_NATIVE,MISSING,False,,,,,,,,,,,CAPTURED,COMPOSITE_NO_FIRM_CLIP,False,0.02,0.09,0.8,1.3,HASH_BOUND_EXECUTED_ADAPTER_LITERALS,household_entry_old_state,,
3.0,2.0,65.0,0.019255654095097413,0.02,0.05,11.091452259934481,0.1,0.07,8694.033878446455,3344394.9822215135,90462508.40057164,0.00020325561576148244,90356776.0949341,河北,OWNER_A_CAPTURE_PID67056,2018,3,2,3,D:\ProjectTemp\ch5-mp4c-2018-final-production-path-faithful-durable-execution-20260903-001\household_call_ledger.csv,,,,,0.04042780400496038,0.9627827047548705,2,1,,,,MISSING,MISSING,FIRM_NATIVE,MISSING,False,MISSING,FIRM_NATIVE,MISSING,False,,,,,,,,,,,CAPTURED,DESCRIPTIVE_FIRM_RANGE_ONLY,OBSERVED,True,-0.0007443459049025873,0.07074434590490258,True,False,False,False,False,False,False,False,MISSING,FIRM_NATIVE,MISSING,False,MISSING,FIRM_NATIVE,MISSING,False,,,,,,,,,,,CAPTURED,COMPOSITE_NO_FIRM_CLIP,False,0.02,0.09,0.8,1.3,HASH_BOUND_EXECUTED_ADAPTER_LITERALS,household_entry_old_state,,
3.0,3.0,66.0,0.01929054077481441,0.02,0.05,11.26388666335628,0.1,0.07,15010.848495569964,3291517.3888585228,37866207.929257065,0.0006904139506587265,37758335.6649879,山西,OWNER_A_CAPTURE_PID67056,2018,3,3,4,D:\ProjectTemp\ch5-mp4c-2018-final-production-path-faithful-durable-execution-20260903-001\household_call_ledger.csv,,,,,0.0385356371748285,0.9645270387407204,2,1,,,,MISSING,MISSING,FIRM_NATIVE,MISSING,False,MISSING,FIRM_NATIVE,MISSING,False,,,,,,,,,,,CAPTURED,DESCRIPTIVE_FIRM_RANGE_ONLY,OBSERVED,True,-0.0007094592251855915,0.0707094592251856,True,False,False,False,False,False,False,False,MISSING,FIRM_NATIVE,MISSING,False,MISSING,FIRM_NATIVE,MISSING,False,,,,,,,,,,,CAPTURED,COMPOSITE_NO_FIRM_CLIP,False,0.02,0.09,0.8,1.3,HASH_BOUND_EXECUTED_ADAPTER_LITERALS,household_entry_old_state,,
3.0,4.0,67.0,0.017443086560031563,0.02,0.05,10.885311937934508,0.1,0.07,19354.374163631765,3229506.99707996,57091774.82108515,0.0006509396292199082,56986309.349860296,内蒙古,OWNER_A_CAPTURE_PID67056,2018,3,4,5,D:\ProjectTemp\ch5-mp4c-2018-final-production-path-faithful-durable-execution-20260903-001\household_call_ledger.csv,,,,,0.13838331231905796,0.8721543280015782,2,1,,,,MISSING,MISSING,FIRM_NATIVE,MISSING,False,MISSING,FIRM_NATIVE,MISSING,False,,,,,,,,,,,CAPTURED,DESCRIPTIVE_FIRM_RANGE_ONLY,OBSERVED,True,-0.0025569134399684376,0.07255691343996844,True,False,False,False,False,False,False,False,MISSING,FIRM_NATIVE,MISSING,False,MISSING,FIRM_NATIVE,MISSING,False,,,,,,,,,,,CAPTURED,COMPOSITE_NO_FIRM_CLIP,False,0.02,0.09,0.8,1.3,HASH_BOUND_EXECUTED_ADAPTER_LITERALS,household_entry_old_state,,
3.0,5.0,68.0,0.01859293540504855,0.02,0.05,10.210727136720964,0.1,0.07,9684.122339976444,3269982.088707861,67159715.87488092,0.0002864698302222306,67054545.412681095,辽宁,OWNER_A_CAPTURE_PID67056,2018,3,5,6,D:\ProjectTemp\ch5-mp4c-2018-final-production-path-faithful-durable-execution-20260903-001\household_call_ledger.csv,,,,,0.07632297463521798,0.9296467702524277,2,1,,,,MISSING,MISSING,FIRM_NATIVE,MISSING,False,MISSING,FIRM_NATIVE,MISSING,False,,,,,,,,,,,CAPTURED,DESCRIPTIVE_FIRM_RANGE_ONLY,OBSERVED,True,-0.0014070645949514488,0.07140706459495144,True,False,False,False,False,False,False,False,MISSING,FIRM_NATIVE,MISSING,False,MISSING,FIRM_NATIVE,MISSING,False,,,,,,,,,,,CAPTURED,COMPOSITE_NO_FIRM_CLIP,False,0.02,0.09,0.8,1.3,HASH_BOUND_EXECUTED_ADAPTER_LITERALS,household_entry_old_state,,
3.0,6.0,69.0,0.018112130014698847,0.02,0.05,9.86785280449062,0.1,0.07,13171.983378914112,3210794.4377426,52496089.13281593,0.00047331941528535383,52390313.5226049,吉林,OWNER_A_CAPTURE_PID67056,2018,3,6,7,D:\ProjectTemp\ch5-mp4c-2018-final-production-path-faithful-durable-execution-20260903-001\household_call_ledger.csv,,,,,0.1023070236880023,0.9056065007349425,2,1,,,,MISSING,MISSING,FIRM_NATIVE,MISSING,False,MISSING,FIRM_NATIVE,MISSING,False,,,,,,,,,,,CAPTURED,DESCRIPTIVE_FIRM_RANGE_ONLY,OBSERVED,True,-0.0018878699853011535,0.07188786998530115,True,False,False,False,False,False,False,False,MISSING,FIRM_NATIVE,MISSING,False,MISSING,FIRM_NATIVE,MISSING,False,,,,,,,,,,,CAPTURED,COMPOSITE_NO_FIRM_CLIP,False,0.02,0.09,0.8,1.3,HASH_BOUND_EXECUTED_ADAPTER_LITERALS,household_entry_old_state,,
3.0,7.0,70.0,0.01880591688995633,0.02,0.05,9.172223375024995,0.1,0.07,13869.504734077034,3150643.6158212055,44331735.525654145,0.0005703841154289705,44224774.7160286,黑龙江,OWNER_A_CAPTURE_PID67056,2018,3,7,8,D:\ProjectTemp\ch5-mp4c-2018-final-production-path-faithful-durable-execution-20260903-001\household_call_ledger.csv,,,,,0.06479729188901276,0.9402958444978166,2,1,,,,MISSING,MISSING,FIRM_NATIVE,MISSING,False,MISSING,FIRM_NATIVE,MISSING,False,,,,,,,,,,,CAPTURED,DESCRIPTIVE_FIRM_RANGE_ONLY,OBSERVED,True,-0.0011940831100436707,0.07119408311004366,True,False,False,False,False,False,False,False,MISSING,FIRM_NATIVE,MISSING,False,MISSING,FIRM_NATIVE,MISSING,False,,,,,,,,,,,CAPTURED,COMPOSITE_NO_FIRM_CLIP,False,0.02,0.09,0.8,1.3,HASH_BOUND_EXECUTED_ADAPTER_LITERALS,household_entry_old_state,,
3.0,8.0,71.0,0.01780729614804714,0.02,0.05,11.118971059328668,0.1,0.07,42779.89083375601,3194439.815572568,54126988.97051053,0.0015030642394494576,54021103.923275396,上海,OWNER_A_CAPTURE_PID67056,2018,3,8,9,D:\ProjectTemp\ch5-mp4c-2018-final-production-path-faithful-durable-execution-20260903-001\household_call_ledger.csv,,,,,0.11875593934055706,0.8903648074023569,2,1,,,,MISSING,MISSING,FIRM_NATIVE,MISSING,False,MISSING,FIRM_NATIVE,MISSING,False,,,,,,,,,,,CAPTURED,DESCRIPTIVE_FIRM_RANGE_ONLY,OBSERVED,True,-0.0021927038519528597,0.07219270385195285,True,False,False,False,False,False,False,False,MISSING,FIRM_NATIVE,MISSING,False,MISSING,FIRM_NATIVE,MISSING,False,,,,,,,,,,,CAPTURED,COMPOSITE_NO_FIRM_CLIP,False,0.02,0.09,0.8,1.3,HASH_BOUND_EXECUTED_ADAPTER_LITERALS,household_entry_old_state,,
3.0,9.0,72.0,0.018518691684590402,0.02,0.05,11.01103339391279,0.1,0.07,11460.987200344518,3324166.910939794,149473956.94616297,0.0001820044285805966,149374736.001046,江苏,OWNER_A_CAPTURE_PID67056,2018,3,9,10,D:\ProjectTemp\ch5-mp4c-2018-final-production-path-faithful-durable-execution-20260903-001\household_call_ledger.csv,,,,,0.08033848825905156,0.92593458422952,2,1,,,,MISSING,MISSING,FIRM_NATIVE,MISSING,False,MISSING,FIRM_NATIVE,MISSING,False,,,,,,,,,,,CAPTURED,DESCRIPTIVE_FIRM_RANGE_ONLY,OBSERVED,True,-0.0014813083154095984,0.0714813083154096,True,False,False,False,False,False,False,False,MISSING,FIRM_NATIVE,MISSING,False,MISSING,FIRM_NATIVE,MISSING,False,,,,,,,,,,,CAPTURED,COMPOSITE_NO_FIRM_CLIP,False,0.02,0.09,0.8,1.3,HASH_BOUND_EXECUTED_ADAPTER_LITERALS,household_entry_old_state,,
3.0,10.0,73.0,0.018843396414647478,0.02,0.05,11.029837100874898,0.1,0.07,20321.519506102904,3264831.15348089,98245711.22472881,0.0004481765543902068,98142144.3554609,浙江,OWNER_A_CAPTURE_PID67056,2018,3,10,11,D:\ProjectTemp\ch5-mp4c-2018-final-production-path-faithful-durable-execution-20260903-001\household_call_ledger.csv,,,,,0.06276806168696052,0.9421698207323738,2,1,,,,MISSING,MISSING,FIRM_NATIVE,MISSING,False,MISSING,FIRM_NATIVE,MISSING,False,,,,,,,,,,,CAPTURED,DESCRIPTIVE_FIRM_RANGE_ONLY,OBSERVED,True,-0.0011566035853525225,0.07115660358535252,True,False,False,False,False,False,False,False,MISSING,FIRM_NATIVE,MISSING,False,MISSING,FIRM_NATIVE,MISSING,False,,,,,,,,,,,CAPTURED,COMPOSITE_NO_FIRM_CLIP,False,0.02,0.09,0.8,1.3,HASH_BOUND_EXECUTED_ADAPTER_LITERALS,household_entry_old_state,,
3.0,11.0,74.0,0.02,0.02,0.05,11.31724397859124,0.1,0.07,18462.427373790557,3291871.8099246314,54423148.50005481,0.000641551386937363,54313245.2543264,安徽,OWNER_A_CAPTURE_PID67056,2018,3,11,12,D:\ProjectTemp\ch5-mp4c-2018-final-production-path-faithful-durable-execution-20260903-001\household_call_ledger.csv,,,,,0.0,1.0,2,1,,,0.02,DERIVED_IDENTITY_ZERO_EXTERNAL_WEIGHT,MISSING,FIRM_NATIVE,MISSING,False,MISSING,FIRM_NATIVE,MISSING,False,,,,,,,,,,,CAPTURED,DESCRIPTIVE_FIRM_RANGE_ONLY,OBSERVED,True,0.0,0.06999999999999999,False,False,True,False,True,False,False,False,MISSING,FIRM_NATIVE,MISSING,False,MISSING,FIRM_NATIVE,MISSING,False,,,,,,,,,,,CAPTURED,COMPOSITE_NO_FIRM_CLIP,False,0.02,0.09,0.8,1.3,HASH_BOUND_EXECUTED_ADAPTER_LITERALS,household_entry_old_state,,
3.0,12.0,75.0,0.018803899703814988,0.02,0.05,10.880792929533234,0.1,0.07,29218.970184761634,3220336.4756451948,75667093.05600259,0.0007909691648437431,75562152.8770214,福建,OWNER_A_CAPTURE_PID67056,2018,3,12,13,D:\ProjectTemp\ch5-mp4c-2018-final-production-path-faithful-durable-execution-20260903-001\household_call_ledger.csv,,,,,0.0649064986932153,0.9401949851907495,2,1,,,,MISSING,MISSING,FIRM_NATIVE,MISSING,False,MISSING,FIRM_NATIVE,MISSING,False,,,,,,,,,,,CAPTURED,DESCRIPTIVE_FIRM_RANGE_ONLY,OBSERVED,True,-0.0011961002961850126,0.071196100296185,True,False,False,False,False,False,False,False,MISSING,FIRM_NATIVE,MISSING,False,MISSING,FIRM_NATIVE,MISSING,False,,,,,,,,,,,CAPTURED,COMPOSITE_NO_FIRM_CLIP,False,0.02,0.09,0.8,1.3,HASH_BOUND_EXECUTED_ADAPTER_LITERALS,household_entry_old_state,,
3.0,13.0,76.0,0.019638019283150888,0.02,0.05,11.118821849354086,0.1,0.07,13242.693447555625,3317321.988034274,38751395.87356386,0.0005972473033647159,38642602.7655129,江西,OWNER_A_CAPTURE_PID67056,2018,3,13,14,D:\ProjectTemp\ch5-mp4c-2018-final-production-path-faithful-durable-execution-20260903-001\household_call_ledger.csv,,,,,0.019675113595976762,0.9819009641575444,2,1,,,,MISSING,MISSING,FIRM_NATIVE,MISSING,False,MISSING,FIRM_NATIVE,MISSING,False,,,,,,,,,,,CAPTURED,DESCRIPTIVE_FIRM_RANGE_ONLY,OBSERVED,True,-0.00036198071684911265,0.07036198071684911,True,False,False,False,False,False,False,False,MISSING,FIRM_NATIVE,MISSING,False,MISSING,FIRM_NATIVE,MISSING,False,,,,,,,,,,,CAPTURED,COMPOSITE_NO_FIRM_CLIP,False,0.02,0.09,0.8,1.3,HASH_BOUND_EXECUTED_ADAPTER_LITERALS,household_entry_old_state,,
3.0,14.0,77.0,0.01872971683987593,0.02,0.05,11.332175025247,0.1,0.07,21573.05277598638,3264801.0209036367,157387345.3356848,0.00033054728607754435,157288007.639664,山东,OWNER_A_CAPTURE_PID67056,2018,3,14,15,D:\ProjectTemp\ch5-mp4c-2018-final-production-path-faithful-durable-execution-20260903-001\household_call_ledger.csv,,,,,0.06892202679478683,0.9364858419937966,2,1,,,,MISSING,MISSING,FIRM_NATIVE,MISSING,False,MISSING,FIRM_NATIVE,MISSING,False,,,,,,,,,,,CAPTURED,DESCRIPTIVE_FIRM_RANGE_ONLY,OBSERVED,True,-0.0012702831601240708,0.07127028316012407,True,False,False,False,False,False,False,False,MISSING,FIRM_NATIVE,MISSING,False,MISSING,FIRM_NATIVE,MISSING,False,,,,,,,,,,,CAPTURED,COMPOSITE_NO_FIRM_CLIP,False,0.02,0.09,0.8,1.3,HASH_BOUND_EXECUTED_ADAPTER_LITERALS,household_entry_old_state,,
3.0,15.0,78.0,0.018906126738810855,0.02,0.05,11.630063173731935,0.1,0.07,34521.59143048303,3235412.6234732214,128999441.36424805,0.0006181110089804474,128897630.76160501,河南,OWNER_A_CAPTURE_PID67056,2018,3,15,16,D:\ProjectTemp\ch5-mp4c-2018-final-production-path-faithful-durable-execution-20260903-001\household_call_ledger.csv,,,,,0.05937102807378291,0.9453063369405427,2,1,,,,MISSING,MISSING,FIRM_NATIVE,MISSING,False,MISSING,FIRM_NATIVE,MISSING,False,,,,,,,,,,,CAPTURED,DESCRIPTIVE_FIRM_RANGE_ONLY,OBSERVED,True,-0.0010938732611891454,0.07109387326118914,True,False,False,False,False,False,False,False,MISSING,FIRM_NATIVE,MISSING,False,MISSING,FIRM_NATIVE,MISSING,False,,,,,,,,,,,CAPTURED,COMPOSITE_NO_FIRM_CLIP,False,0.02,0.09,0.8,1.3,HASH_BOUND_EXECUTED_ADAPTER_LITERALS,household_entry_old_state,,
3.0,16.0,79.0,0.01926271798470133,0.02,0.05,11.481330841400656,0.1,0.07,25980.53854366025,3262265.4101761826,76887823.30050199,0.0006926198455034483,76781442.8482972,湖北,OWNER_A_CAPTURE_PID67056,2018,3,16,17,D:\ProjectTemp\ch5-mp4c-2018-final-production-path-faithful-durable-execution-20260903-001\household_call_ledger.csv,,,,,0.040044697087704216,0.9631358992350666,2,1,,,,MISSING,MISSING,FIRM_NATIVE,MISSING,False,MISSING,FIRM_NATIVE,MISSING,False,,,,,,,,,,,CAPTURED,DESCRIPTIVE_FIRM_RANGE_ONLY,OBSERVED,True,-0.0007372820152986709,0.07073728201529866,True,False,False,False,False,False,False,False,MISSING,FIRM_NATIVE,MISSING,False,MISSING,FIRM_NATIVE,MISSING,False,,,,,,,,,,,CAPTURED,COMPOSITE_NO_FIRM_CLIP,False,0.02,0.09,0.8,1.3,HASH_BOUND_EXECUTED_ADAPTER_LITERALS,household_entry_old_state,,
3.0,17.0,80.0,0.01959397819085186,0.02,0.05,11.291570030383586,0.1,0.07,22867.611165893013,3265098.3400144186,65080721.05564467,0.0006933324069686307,64972845.9653664,湖南,OWNER_A_CAPTURE_PID67056,2018,3,17,18,D:\ProjectTemp\ch5-mp4c-2018-final-production-path-faithful-durable-execution-20260903-001\household_call_ledger.csv,,,,,0.02206701218325156,0.979698909542593,2,1,,,,MISSING,MISSING,FIRM_NATIVE,MISSING,False,MISSING,FIRM_NATIVE,MISSING,False,,,,,,,,,,,CAPTURED,DESCRIPTIVE_FIRM_RANGE_ONLY,OBSERVED,True,-0.0004060218091481403,0.07040602180914814,True,False,False,False,False,False,False,False,MISSING,FIRM_NATIVE,MISSING,False,MISSING,FIRM_NATIVE,MISSING,False,,,,,,,,,,,CAPTURED,COMPOSITE_NO_FIRM_CLIP,False,0.02,0.09,0.8,1.3,HASH_BOUND_EXECUTED_ADAPTER_LITERALS,household_entry_old_state,,
3.0,18.0,81.0,0.019170448987774116,0.02,0.05,10.890327681801967,0.1,0.07,62921.63800684834,3151416.6018787096,157255104.31794044,0.0009725027967433352,157153836.749134,广东,OWNER_A_CAPTURE_PID67056,2018,3,18,19,D:\ProjectTemp\ch5-mp4c-2018-final-production-path-faithful-durable-execution-20260903-001\household_call_ledger.csv,,,,,0.045048029371518965,0.9585224493887057,2,1,,,,MISSING,MISSING,FIRM_NATIVE,MISSING,False,MISSING,FIRM_NATIVE,MISSING,False,,,,,,,,,,,CAPTURED,DESCRIPTIVE_FIRM_RANGE_ONLY,OBSERVED,True,-0.0008295510122258848,0.07082955101222588,True,False,False,False,False,False,False,False,MISSING,FIRM_NATIVE,MISSING,False,MISSING,FIRM_NATIVE,MISSING,False,,,,,,,,,,,CAPTURED,COMPOSITE_NO_FIRM_CLIP,False,0.02,0.09,0.8,1.3,HASH_BOUND_EXECUTED_ADAPTER_LITERALS,household_entry_old_state,,
3.0,19.0,82.0,0.019330393185101852,0.02,0.05,10.479184782228126,0.1,0.07,17460.882683137286,3236912.185573852,52927105.93982521,0.0006223369520165091,52819779.099576995,广西,OWNER_A_CAPTURE_PID67056,2018,3,19,20,D:\ProjectTemp\ch5-mp4c-2018-final-production-path-faithful-durable-execution-20260903-001\household_call_ledger.csv,,,,,0.03637382456647036,0.9665196592550925,2,1,,,,MISSING,MISSING,FIRM_NATIVE,MISSING,False,MISSING,FIRM_NATIVE,MISSING,False,,,,,,,,,,,CAPTURED,DESCRIPTIVE_FIRM_RANGE_ONLY,OBSERVED,True,-0.0006696068148981486,0.07066960681489814,True,False,False,False,False,False,False,False,MISSING,FIRM_NATIVE,MISSING,False,MISSING,FIRM_NATIVE,MISSING,False,,,,,,,,,,,CAPTURED,COMPOSITE_NO_FIRM_CLIP,False,0.02,0.09,0.8,1.3,HASH_BOUND_EXECUTED_ADAPTER_LITERALS,household_entry_old_state,,
3.0,20.0,83.0,0.019485371754230936,0.02,0.05,9.751202847830584,0.1,0.07,3019.8695523442675,3357305.850174177,10139885.985311665,0.00038281495183633223,10030399.0365303,海南,OWNER_A_CAPTURE_PID67056,2018,3,20,21,D:\ProjectTemp\ch5-mp4c-2018-final-production-path-faithful-durable-execution-20260903-001\household_call_ledger.csv,,,,,0.027963724364002344,0.9742685877115467,2,1,,,,MISSING,MISSING,FIRM_NATIVE,MISSING,False,MISSING,FIRM_NATIVE,MISSING,False,,,,,,,,,,,CAPTURED,DESCRIPTIVE_FIRM_RANGE_ONLY,OBSERVED,True,-0.0005146282457690644,0.07051462824576907,True,False,False,False,False,False,False,False,MISSING,FIRM_NATIVE,MISSING,False,MISSING,FIRM_NATIVE,MISSING,False,,,,,,,,,,,CAPTURED,COMPOSITE_NO_FIRM_CLIP,False,0.02,0.09,0.8,1.3,HASH_BOUND_EXECUTED_ADAPTER_LITERALS,household_entry_old_state,,
3.0,21.0,84.0,0.019084874864253837,0.02,0.05,11.082255619646265,0.1,0.07,15388.518858734138,3279814.2410883736,39408595.83828705,0.0006868337888017926,39300958.3175844,重庆,OWNER_A_CAPTURE_PID67056,2018,3,21,22,D:\ProjectTemp\ch5-mp4c-2018-final-production-path-faithful-durable-execution-20260903-001\household_call_ledger.csv,,,,,0.049686711943930977,0.9542437432126918,2,1,,,,MISSING,MISSING,FIRM_NATIVE,MISSING,False,MISSING,FIRM_NATIVE,MISSING,False,,,,,,,,,,,CAPTURED,DESCRIPTIVE_FIRM_RANGE_ONLY,OBSERVED,True,-0.0009151251357461636,0.07091512513574616,True,False,False,False,False,False,False,False,MISSING,FIRM_NATIVE,MISSING,False,MISSING,FIRM_NATIVE,MISSING,False,,,,,,,,,,,CAPTURED,COMPOSITE_NO_FIRM_CLIP,False,0.02,0.09,0.8,1.3,HASH_BOUND_EXECUTED_ADAPTER_LITERALS,household_entry_old_state,,
3.0,22.0,85.0,0.019801685822735875,0.02,0.05,11.058483425882391,0.1,0.07,24418.99683132963,3223733.208417729,69639734.98463641,0.0007046610342276092,69531075.8089531,四川,OWNER_A_CAPTURE_PID67056,2018,3,22,23,D:\ProjectTemp\ch5-mp4c-2018-final-production-path-faithful-durable-execution-20260903-001\household_call_ledger.csv,,,,,0.010782650770128166,0.9900842911367937,2,1,,,,MISSING,MISSING,FIRM_NATIVE,MISSING,False,MISSING,FIRM_NATIVE,MISSING,False,,,,,,,,,,,CAPTURED,DESCRIPTIVE_FIRM_RANGE_ONLY,OBSERVED,True,-0.00019831417726412504,0.07019831417726412,True,False,False,False,False,False,False,False,MISSING,FIRM_NATIVE,MISSING,False,MISSING,FIRM_NATIVE,MISSING,False,,,,,,,,,,,CAPTURED,COMPOSITE_NO_FIRM_CLIP,False,0.02,0.09,0.8,1.3,HASH_BOUND_EXECUTED_ADAPTER_LITERALS,household_entry_old_state,,
3.0,23.0,86.0,0.019592830090328927,0.02,0.05,10.786172234720784,0.1,0.07,11884.234940863675,3293540.044594935,32912312.70078387,0.0006090843098101169,32803436.570136297,贵州,OWNER_A_CAPTURE_PID67056,2018,3,23,24,D:\ProjectTemp\ch5-mp4c-2018-final-production-path-faithful-durable-execution-20260903-001\household_call_ledger.csv,,,,,0.02212936068262254,0.9796415045164464,2,1,,,,MISSING,MISSING,FIRM_NATIVE,MISSING,False,MISSING,FIRM_NATIVE,MISSING,False,,,,,,,,,,,CAPTURED,DESCRIPTIVE_FIRM_RANGE_ONLY,OBSERVED,True,-0.00040716990967107347,0.07040716990967107,True,False,False,False,False,False,False,False,MISSING,FIRM_NATIVE,MISSING,False,MISSING,FIRM_NATIVE,MISSING,False,,,,,,,,,,,CAPTURED,COMPOSITE_NO_FIRM_CLIP,False,0.02,0.09,0.8,1.3,HASH_BOUND_EXECUTED_ADAPTER_LITERALS,household_entry_old_state,,
3.0,24.0,87.0,0.019455802482018072,0.02,0.05,10.408648527762933,0.1,0.07,20198.760695958223,3205134.49445394,53941871.85626328,0.0007110216288681008,53834280.8089249,云南,OWNER_A_CAPTURE_PID67056,2018,3,24,25,D:\ProjectTemp\ch5-mp4c-2018-final-production-path-faithful-durable-execution-20260903-001\household_call_ledger.csv,,,,,0.029568731957169938,0.9727901241009035,2,1,,,,MISSING,MISSING,FIRM_NATIVE,MISSING,False,MISSING,FIRM_NATIVE,MISSING,False,,,,,,,,,,,CAPTURED,DESCRIPTIVE_FIRM_RANGE_ONLY,OBSERVED,True,-0.0005441975179819279,0.07054419751798192,True,False,False,False,False,False,False,False,MISSING,FIRM_NATIVE,MISSING,False,MISSING,FIRM_NATIVE,MISSING,False,,,,,,,,,,,CAPTURED,COMPOSITE_NO_FIRM_CLIP,False,0.02,0.09,0.8,1.3,HASH_BOUND_EXECUTED_ADAPTER_LITERALS,household_entry_old_state,,
3.0,25.0,88.0,0.014729461722625348,0.02,0.05,8.996381979660798,0.1,0.07,4016.0805780447467,3235878.9649443217,6125194.488936972,0.0007579273359250301,6015865.97237512,西藏,OWNER_A_CAPTURE_PID67056,2018,3,25,26,D:\ProjectTemp\ch5-mp4c-2018-final-production-path-faithful-durable-execution-20260903-001\household_call_ledger.csv,,,,,0.2837596352791583,0.7364730861312674,2,1,,,,MISSING,MISSING,FIRM_NATIVE,MISSING,False,MISSING,FIRM_NATIVE,MISSING,False,,,,,,,,,,,CAPTURED,DESCRIPTIVE_FIRM_RANGE_ONLY,OBSERVED,True,-0.005270538277374653,0.07527053827737465,True,False,False,False,False,False,False,False,MISSING,FIRM_NATIVE,MISSING,False,MISSING,FIRM_NATIVE,MISSING,False,,,,,,,,,,,CAPTURED,COMPOSITE_NO_FIRM_CLIP,False,0.02,0.09,0.8,1.3,HASH_BOUND_EXECUTED_ADAPTER_LITERALS,household_entry_old_state,,
3.0,26.0,89.0,0.019058940853329893,0.02,0.05,11.371700266556395,0.1,0.07,17768.137529188723,3280176.5607982045,50683405.560557775,0.000652876469041312,50576819.2081364,陕西,OWNER_A_CAPTURE_PID67056,2018,3,26,27,D:\ProjectTemp\ch5-mp4c-2018-final-production-path-faithful-durable-execution-20260903-001\household_call_ledger.csv,,,,,0.05109219959757891,0.9529470426664945,2,1,,,,MISSING,MISSING,FIRM_NATIVE,MISSING,False,MISSING,FIRM_NATIVE,MISSING,False,,,,,,,,,,,CAPTURED,DESCRIPTIVE_FIRM_RANGE_ONLY,OBSERVED,True,-0.0009410591466701076,0.07094105914667011,True,False,False,False,False,False,False,False,MISSING,FIRM_NATIVE,MISSING,False,MISSING,FIRM_NATIVE,MISSING,False,,,,,,,,,,,CAPTURED,COMPOSITE_NO_FIRM_CLIP,False,0.02,0.09,0.8,1.3,HASH_BOUND_EXECUTED_ADAPTER_LITERALS,household_entry_old_state,,
3.0,27.0,90.0,0.019886661499636943,0.02,0.05,10.725459664410648,0.1,0.07,6441.315347752669,3334574.1297791004,18533650.68427708,0.0005131096729274248,18423950.2203418,甘肃,OWNER_A_CAPTURE_PID67056,2018,3,27,28,D:\ProjectTemp\ch5-mp4c-2018-final-production-path-faithful-durable-execution-20260903-001\household_call_ledger.csv,,,,,0.006163422815411727,0.9943330749818472,2,1,,,,MISSING,MISSING,FIRM_NATIVE,MISSING,False,MISSING,FIRM_NATIVE,MISSING,False,,,,,,,,,,,CAPTURED,DESCRIPTIVE_FIRM_RANGE_ONLY,OBSERVED,True,-0.00011333850036305756,0.07011333850036305,True,False,False,False,False,False,False,False,MISSING,FIRM_NATIVE,MISSING,False,MISSING,FIRM_NATIVE,MISSING,False,,,,,,,,,,,CAPTURED,COMPOSITE_NO_FIRM_CLIP,False,0.02,0.09,0.8,1.3,HASH_BOUND_EXECUTED_ADAPTER_LITERALS,household_entry_old_state,,
3.0,28.0,91.0,0.01777996111430564,0.02,0.05,9.898797969207529,0.1,0.07,5063.738146564267,3286924.635875864,13146834.073655939,0.0005277056201467056,13038007.4590434,青海,OWNER_A_CAPTURE_PID67056,2018,3,28,29,D:\ProjectTemp\ch5-mp4c-2018-final-production-path-faithful-durable-execution-20260903-001\household_call_ledger.csv,,,,,0.12022999455338848,0.888998055715282,2,1,,,,MISSING,MISSING,FIRM_NATIVE,MISSING,False,MISSING,FIRM_NATIVE,MISSING,False,,,,,,,,,,,CAPTURED,DESCRIPTIVE_FIRM_RANGE_ONLY,OBSERVED,True,-0.0022200388856943587,0.07222003888569435,True,False,False,False,False,False,False,False,MISSING,FIRM_NATIVE,MISSING,False,MISSING,FIRM_NATIVE,MISSING,False,,,,,,,,,,,CAPTURED,COMPOSITE_NO_FIRM_CLIP,False,0.02,0.09,0.8,1.3,HASH_BOUND_EXECUTED_ADAPTER_LITERALS,household_entry_old_state,,
3.0,29.0,92.0,0.017727315871499987,0.02,0.05,10.839224130980428,0.1,0.07,6012.65006951304,3349599.59677339,13990086.360867266,0.000594643144096446,13881227.2259032,宁夏,OWNER_A_CAPTURE_PID67056,2018,3,29,30,D:\ProjectTemp\ch5-mp4c-2018-final-production-path-faithful-durable-execution-20260903-001\household_call_ledger.csv,,,,,0.1230684752371874,0.8863657935749993,2,1,,,,MISSING,MISSING,FIRM_NATIVE,MISSING,False,MISSING,FIRM_NATIVE,MISSING,False,,,,,,,,,,,CAPTURED,DESCRIPTIVE_FIRM_RANGE_ONLY,OBSERVED,True,-0.0022726841285000132,0.0722726841285,True,False,False,False,False,False,False,False,MISSING,FIRM_NATIVE,MISSING,False,MISSING,FIRM_NATIVE,MISSING,False,,,,,,,,,,,CAPTURED,COMPOSITE_NO_FIRM_CLIP,False,0.02,0.09,0.8,1.3,HASH_BOUND_EXECUTED_ADAPTER_LITERALS,household_entry_old_state,,
3.0,30.0,93.0,0.014424565870159915,0.02,0.05,8.543572561005941,0.1,0.07,13476.865633752801,3072470.74143529,35458704.816398956,0.0006624231201077291,35352199.6021162,新疆,OWNER_A_CAPTURE_PID67056,2018,3,30,31,D:\ProjectTemp\ch5-mp4c-2018-final-production-path-faithful-durable-execution-20260903-001\household_call_ledger.csv,,,,,0.3,0.7212282935079958,2,1,,,,MISSING,MISSING,FIRM_NATIVE,MISSING,False,MISSING,FIRM_NATIVE,MISSING,False,,,,,,,,,,,CAPTURED,DESCRIPTIVE_FIRM_RANGE_ONLY,OBSERVED,True,-0.0055754341298400855,0.07557543412984008,True,False,False,False,False,False,False,False,MISSING,FIRM_NATIVE,MISSING,False,MISSING,FIRM_NATIVE,MISSING,False,,,,,,,,,,,CAPTURED,COMPOSITE_NO_FIRM_CLIP,False,0.02,0.09,0.8,1.3,HASH_BOUND_EXECUTED_ADAPTER_LITERALS,household_entry_old_state,,
4.0,0.0,94.0,0.017762607885975803,0.02,0.05,11.292058974483204,0.1,0.07,42832.50278336231,3060720.5315487687,49270568.745984696,0.0016341152925786636,49270438.3129602,北京,OWNER_A_CAPTURE_PID67056,2018,4,0,1,D:\ProjectTemp\ch5-mp4c-2018-final-production-path-faithful-durable-execution-20260903-001\household_call_ledger.csv,,,,,0.12116569491184198,0.8881303942987903,3,2,,,,MISSING,MISSING,FIRM_NATIVE,MISSING,False,MISSING,FIRM_NATIVE,MISSING,False,,,,,,,,,,,CAPTURED,DESCRIPTIVE_FIRM_RANGE_ONLY,OBSERVED,True,-0.0022373921140241976,0.07223739211402419,True,False,False,False,False,False,False,False,MISSING,FIRM_NATIVE,MISSING,False,MISSING,FIRM_NATIVE,MISSING,False,,,,,,,,,,,CAPTURED,COMPOSITE_NO_FIRM_CLIP,False,0.02,0.09,0.8,1.3,HASH_BOUND_EXECUTED_ADAPTER_LITERALS,household_entry_old_state,,
4.0,1.0,95.0,0.01633043284004146,0.02,0.05,11.09763351072792,0.1,0.07,17233.32632740993,3141244.37538933,51336933.669359356,0.0006331796953290661,51336802.8150781,天津,OWNER_A_CAPTURE_PID67056,2018,4,1,2,D:\ProjectTemp\ch5-mp4c-2018-final-production-path-faithful-durable-execution-20260903-001\household_call_ledger.csv,,,,,0.19817398532280342,0.816521642002073,3,2,,,,MISSING,MISSING,FIRM_NATIVE,MISSING,False,MISSING,FIRM_NATIVE,MISSING,False,,,,,,,,,,,CAPTURED,DESCRIPTIVE_FIRM_RANGE_ONLY,OBSERVED,True,-0.0036695671599585415,0.07366956715995854,True,False,False,False,False,False,False,False,MISSING,FIRM_NATIVE,MISSING,False,MISSING,FIRM_NATIVE,MISSING,False,,,,,,,,,,,CAPTURED,COMPOSITE_NO_FIRM_CLIP,False,0.02,0.09,0.8,1.3,HASH_BOUND_EXECUTED_ADAPTER_LITERALS,household_entry_old_state,,
4.0,2.0,96.0,0.019255654095097413,0.02,0.05,11.090782863210098,0.1,0.07,8609.932349897184,3217046.425727468,90356904.59978653,0.00020325561576148244,90356776.0949341,河北,OWNER_A_CAPTURE_PID67056,2018,4,2,3,D:\ProjectTemp\ch5-mp4c-2018-final-production-path-faithful-durable-execution-20260903-001\household_call_ledger.csv,,,,,0.04042780400496038,0.9627827047548705,3,2,,,,MISSING,MISSING,FIRM_NATIVE,MISSING,False,MISSING,FIRM_NATIVE,MISSING,False,,,,,,,,,,,CAPTURED,DESCRIPTIVE_FIRM_RANGE_ONLY,OBSERVED,True,-0.0007443459049025873,0.07074434590490258,True,False,False,False,False,False,False,False,MISSING,FIRM_NATIVE,MISSING,False,MISSING,FIRM_NATIVE,MISSING,False,,,,,,,,,,,CAPTURED,COMPOSITE_NO_FIRM_CLIP,False,0.02,0.09,0.8,1.3,HASH_BOUND_EXECUTED_ADAPTER_LITERALS,household_entry_old_state,,
4.0,3.0,97.0,0.01929054077481441,0.02,0.05,11.264994456174348,0.1,0.07,14845.619520502956,3165508.254858323,37758467.877601676,0.0006904139506587265,37758335.6649879,山西,OWNER_A_CAPTURE_PID67056,2018,4,3,4,D:\ProjectTemp\ch5-mp4c-2018-final-production-path-faithful-durable-execution-20260903-001\household_call_ledger.csv,,,,,0.0385356371748285,0.9645270387407204,3,2,,,,MISSING,MISSING,FIRM_NATIVE,MISSING,False,MISSING,FIRM_NATIVE,MISSING,False,,,,,,,,,,,CAPTURED,DESCRIPTIVE_FIRM_RANGE_ONLY,OBSERVED,True,-0.0007094592251855915,0.0707094592251856,True,False,False,False,False,False,False,False,MISSING,FIRM_NATIVE,MISSING,False,MISSING,FIRM_NATIVE,MISSING,False,,,,,,,,,,,CAPTURED,COMPOSITE_NO_FIRM_CLIP,False,0.02,0.09,0.8,1.3,HASH_BOUND_EXECUTED_ADAPTER_LITERALS,household_entry_old_state,,
4.0,4.0,98.0,0.017443086560031563,0.02,0.05,10.885899683415397,0.1,0.07,19156.484741130134,3106094.4980276283,56986439.33666875,0.0006509396292199082,56986309.349860296,内蒙古,OWNER_A_CAPTURE_PID67056,2018,4,4,5,D:\ProjectTemp\ch5-mp4c-2018-final-production-path-faithful-durable-execution-20260903-001\household_call_ledger.csv,,,,,0.13838331231905796,0.8721543280015782,3,2,,,,MISSING,MISSING,FIRM_NATIVE,MISSING,False,MISSING,FIRM_NATIVE,MISSING,False,,,,,,,,,,,CAPTURED,DESCRIPTIVE_FIRM_RANGE_ONLY,OBSERVED,True,-0.0025569134399684376,0.07255691343996844,True,False,False,False,False,False,False,False,MISSING,FIRM_NATIVE,MISSING,False,MISSING,FIRM_NATIVE,MISSING,False,,,,,,,,,,,CAPTURED,COMPOSITE_NO_FIRM_CLIP,False,0.02,0.09,0.8,1.3,HASH_BOUND_EXECUTED_ADAPTER_LITERALS,household_entry_old_state,,
4.0,5.0,99.0,0.01859293540504855,0.02,0.05,10.209153030945277,0.1,0.07,9587.876121734667,3146011.1272188816,67054674.90698824,0.0002864698302222306,67054545.412681095,辽宁,OWNER_A_CAPTURE_PID67056,2018,4,5,6,D:\ProjectTemp\ch5-mp4c-2018-final-production-path-faithful-durable-execution-20260903-001\household_call_ledger.csv,,,,,0.07632297463521798,0.9296467702524277,3,2,,,,MISSING,MISSING,FIRM_NATIVE,MISSING,False,MISSING,FIRM_NATIVE,MISSING,False,,,,,,,,,,,CAPTURED,DESCRIPTIVE_FIRM_RANGE_ONLY,OBSERVED,True,-0.0014070645949514488,0.07140706459495144,True,False,False,False,False,False,False,False,MISSING,FIRM_NATIVE,MISSING,False,MISSING,FIRM_NATIVE,MISSING,False,,,,,,,,,,,CAPTURED,COMPOSITE_NO_FIRM_CLIP,False,0.02,0.09,0.8,1.3,HASH_BOUND_EXECUTED_ADAPTER_LITERALS,household_entry_old_state,,
4.0,6.0,100.0,0.018112130014698847,0.02,0.05,9.869096805676065,0.1,0.07,13035.489565548904,3087965.1745273746,52390444.19970025,0.00047331941528535383,52390313.5226049,吉林,OWNER_A_CAPTURE_PID67056,2018,4,6,7,D:\ProjectTemp\ch5-mp4c-2018-final-production-path-faithful-durable-execution-20260903-001\household_call_ledger.csv,,,,,0.1023070236880023,0.9056065007349425,3,2,,,,MISSING,MISSING,FIRM_NATIVE,MISSING,False,MISSING,FIRM_NATIVE,MISSING,False,,,,,,,,,,,CAPTURED,DESCRIPTIVE_FIRM_RANGE_ONLY,OBSERVED,True,-0.0018878699853011535,0.07188786998530115,True,False,False,False,False,False,False,False,MISSING,FIRM_NATIVE,MISSING,False,MISSING,FIRM_NATIVE,MISSING,False,,,,,,,,,,,CAPTURED,COMPOSITE_NO_FIRM_CLIP,False,0.02,0.09,0.8,1.3,HASH_BOUND_EXECUTED_ADAPTER_LITERALS,household_entry_old_state,,
4.0,7.0,101.0,0.01880591688995633,0.02,0.05,9.17354822275976,0.1,0.07,13721.532314655818,3030089.2339498294,44224906.48893338,0.0005703841154289705,44224774.7160286,黑龙江,OWNER_A_CAPTURE_PID67056,2018,4,7,8,D:\ProjectTemp\ch5-mp4c-2018-final-production-path-faithful-durable-execution-20260903-001\household_call_ledger.csv,,,,,0.06479729188901276,0.9402958444978166,3,2,,,,MISSING,MISSING,FIRM_NATIVE,MISSING,False,MISSING,FIRM_NATIVE,MISSING,False,,,,,,,,,,,CAPTURED,DESCRIPTIVE_FIRM_RANGE_ONLY,OBSERVED,True,-0.0011940831100436707,0.07119408311004366,True,False,False,False,False,False,False,False,MISSING,FIRM_NATIVE,MISSING,False,MISSING,FIRM_NATIVE,MISSING,False,,,,,,,,,,,CAPTURED,COMPOSITE_NO_FIRM_CLIP,False,0.02,0.09,0.8,1.3,HASH_BOUND_EXECUTED_ADAPTER_LITERALS,household_entry_old_state,,
4.0,8.0,102.0,0.01780729614804714,0.02,0.05,11.119220234662569,0.1,0.07,42338.75722737591,3072315.6909285127,54021233.98918835,0.0015030642394494576,54021103.923275396,上海,OWNER_A_CAPTURE_PID67056,2018,4,8,9,D:\ProjectTemp\ch5-mp4c-2018-final-production-path-faithful-durable-execution-20260903-001\household_call_ledger.csv,,,,,0.11875593934055706,0.8903648074023569,3,2,,,,MISSING,MISSING,FIRM_NATIVE,MISSING,False,MISSING,FIRM_NATIVE,MISSING,False,,,,,,,,,,,CAPTURED,DESCRIPTIVE_FIRM_RANGE_ONLY,OBSERVED,True,-0.0021927038519528597,0.07219270385195285,True,False,False,False,False,False,False,False,MISSING,FIRM_NATIVE,MISSING,False,MISSING,FIRM_NATIVE,MISSING,False,,,,,,,,,,,CAPTURED,COMPOSITE_NO_FIRM_CLIP,False,0.02,0.09,0.8,1.3,HASH_BOUND_EXECUTED_ADAPTER_LITERALS,household_entry_old_state,,
4.0,9.0,103.0,0.018518691684590402,0.02,0.05,11.006918596064763,0.1,0.07,11355.566851225485,3198850.6365774623,149374857.98961136,0.0001820044285805966,149374736.001046,江苏,OWNER_A_CAPTURE_PID67056,2018,4,9,10,D:\ProjectTemp\ch5-mp4c-2018-final-production-path-faithful-durable-execution-20260903-001\household_call_ledger.csv,,,,,0.08033848825905156,0.92593458422952,3,2,,,,MISSING,MISSING,FIRM_NATIVE,MISSING,False,MISSING,FIRM_NATIVE,MISSING,False,,,,,,,,,,,CAPTURED,DESCRIPTIVE_FIRM_RANGE_ONLY,OBSERVED,True,-0.0014813083154095984,0.0714813083154096,True,False,False,False,False,False,False,False,MISSING,FIRM_NATIVE,MISSING,False,MISSING,FIRM_NATIVE,MISSING,False,,,,,,,,,,,CAPTURED,COMPOSITE_NO_FIRM_CLIP,False,0.02,0.09,0.8,1.3,HASH_BOUND_EXECUTED_ADAPTER_LITERALS,household_entry_old_state,,
4.0,10.0,104.0,0.018843396414647478,0.02,0.05,11.02915100154572,0.1,0.07,20126.524051468074,3140375.6848850874,98142271.16616976,0.0004481765543902068,98142144.3554609,浙江,OWNER_A_CAPTURE_PID67056,2018,4,10,11,D:\ProjectTemp\ch5-mp4c-2018-final-production-path-faithful-durable-execution-20260903-001\household_call_ledger.csv,,,,,0.06276806168696052,0.9421698207323738,3,2,,,,MISSING,MISSING,FIRM_NATIVE,MISSING,False,MISSING,FIRM_NATIVE,MISSING,False,,,,,,,,,,,CAPTURED,DESCRIPTIVE_FIRM_RANGE_ONLY,OBSERVED,True,-0.0011566035853525225,0.07115660358535252,True,False,False,False,False,False,False,False,MISSING,FIRM_NATIVE,MISSING,False,MISSING,FIRM_NATIVE,MISSING,False,,,,,,,,,,,CAPTURED,COMPOSITE_NO_FIRM_CLIP,False,0.02,0.09,0.8,1.3,HASH_BOUND_EXECUTED_ADAPTER_LITERALS,household_entry_old_state,,
4.0,11.0,105.0,0.02,0.02,0.05,11.320121526898776,0.1,0.07,18269.966092603,3165115.7299350756,54313380.08916047,0.000641551386937363,54313245.2543264,安徽,OWNER_A_CAPTURE_PID67056,2018,4,11,12,D:\ProjectTemp\ch5-mp4c-2018-final-production-path-faithful-durable-execution-20260903-001\household_call_ledger.csv,,,,,0.0,1.0,3,2,,,0.02,DERIVED_IDENTITY_ZERO_EXTERNAL_WEIGHT,MISSING,FIRM_NATIVE,MISSING,False,MISSING,FIRM_NATIVE,MISSING,False,,,,,,,,,,,CAPTURED,DESCRIPTIVE_FIRM_RANGE_ONLY,OBSERVED,True,0.0,0.06999999999999999,False,False,True,False,True,False,False,False,MISSING,FIRM_NATIVE,MISSING,False,MISSING,FIRM_NATIVE,MISSING,False,,,,,,,,,,,CAPTURED,COMPOSITE_NO_FIRM_CLIP,False,0.02,0.09,0.8,1.3,HASH_BOUND_EXECUTED_ADAPTER_LITERALS,household_entry_old_state,,
4.0,12.0,106.0,0.018803899703814988,0.02,0.05,10.882834462855614,0.1,0.07,28928.970353054792,3096545.5925549534,75562281.55370516,0.0007909691648437431,75562152.8770214,福建,OWNER_A_CAPTURE_PID67056,2018,4,12,13,D:\ProjectTemp\ch5-mp4c-2018-final-production-path-faithful-durable-execution-20260903-001\household_call_ledger.csv,,,,,0.0649064986932153,0.9401949851907495,3,2,,,,MISSING,MISSING,FIRM_NATIVE,MISSING,False,MISSING,FIRM_NATIVE,MISSING,False,,,,,,,,,,,CAPTURED,DESCRIPTIVE_FIRM_RANGE_ONLY,OBSERVED,True,-0.0011961002961850126,0.071196100296185,True,False,False,False,False,False,False,False,MISSING,FIRM_NATIVE,MISSING,False,MISSING,FIRM_NATIVE,MISSING,False,,,,,,,,,,,CAPTURED,COMPOSITE_NO_FIRM_CLIP,False,0.02,0.09,0.8,1.3,HASH_BOUND_EXECUTED_ADAPTER_LITERALS,household_entry_old_state,,
4.0,13.0,107.0,0.019638019283150888,0.02,0.05,11.118572771496266,0.1,0.07,13097.611734452716,3190610.1337369317,38642735.800126694,0.0005972473033647159,38642602.7655129,江西,OWNER_A_CAPTURE_PID67056,2018,4,13,14,D:\ProjectTemp\ch5-mp4c-2018-final-production-path-faithful-durable-execution-20260903-001\household_call_ledger.csv,,,,,0.019675113595976762,0.9819009641575444,3,2,,,,MISSING,MISSING,FIRM_NATIVE,MISSING,False,MISSING,FIRM_NATIVE,MISSING,False,,,,,,,,,,,CAPTURED,DESCRIPTIVE_FIRM_RANGE_ONLY,OBSERVED,True,-0.00036198071684911265,0.07036198071684911,True,False,False,False,False,False,False,False,MISSING,FIRM_NATIVE,MISSING,False,MISSING,FIRM_NATIVE,MISSING,False,,,,,,,,,,,CAPTURED,COMPOSITE_NO_FIRM_CLIP,False,0.02,0.09,0.8,1.3,HASH_BOUND_EXECUTED_ADAPTER_LITERALS,household_entry_old_state,,
4.0,14.0,108.0,0.01872971683987593,0.02,0.05,11.333411054048293,0.1,0.07,21372.154753993884,3139779.5154828867,157288129.0017943,0.00033054728607754435,157288007.639664,山东,OWNER_A_CAPTURE_PID67056,2018,4,14,15,D:\ProjectTemp\ch5-mp4c-2018-final-production-path-faithful-durable-execution-20260903-001\household_call_ledger.csv,,,,,0.06892202679478683,0.9364858419937966,3,2,,,,MISSING,MISSING,FIRM_NATIVE,MISSING,False,MISSING,FIRM_NATIVE,MISSING,False,,,,,,,,,,,CAPTURED,DESCRIPTIVE_FIRM_RANGE_ONLY,OBSERVED,True,-0.0012702831601240708,0.07127028316012407,True,False,False,False,False,False,False,False,MISSING,FIRM_NATIVE,MISSING,False,MISSING,FIRM_NATIVE,MISSING,False,,,,,,,,,,,CAPTURED,COMPOSITE_NO_FIRM_CLIP,False,0.02,0.09,0.8,1.3,HASH_BOUND_EXECUTED_ADAPTER_LITERALS,household_entry_old_state,,
4.0,15.0,109.0,0.018906126738810855,0.02,0.05,11.634454827188076,0.1,0.07,34193.343345869696,3110478.391433815,128897754.74064976,0.0006181110089804474,128897630.76160501,河南,OWNER_A_CAPTURE_PID67056,2018,4,15,16,D:\ProjectTemp\ch5-mp4c-2018-final-production-path-faithful-durable-execution-20260903-001\household_call_ledger.csv,,,,,0.05937102807378291,0.9453063369405427,3,2,,,,MISSING,MISSING,FIRM_NATIVE,MISSING,False,MISSING,FIRM_NATIVE,MISSING,False,,,,,,,,,,,CAPTURED,DESCRIPTIVE_FIRM_RANGE_ONLY,OBSERVED,True,-0.0010938732611891454,0.07109387326118914,True,False,False,False,False,False,False,False,MISSING,FIRM_NATIVE,MISSING,False,MISSING,FIRM_NATIVE,MISSING,False,,,,,,,,,,,CAPTURED,COMPOSITE_NO_FIRM_CLIP,False,0.02,0.09,0.8,1.3,HASH_BOUND_EXECUTED_ADAPTER_LITERALS,household_entry_old_state,,
4.0,16.0,110.0,0.01926271798470133,0.02,0.05,11.483467854843543,0.1,0.07,25722.68888785537,3136832.4330556197,76781572.16696008,0.0006926198455034483,76781442.8482972,湖北,OWNER_A_CAPTURE_PID67056,2018,4,16,17,D:\ProjectTemp\ch5-mp4c-2018-final-production-path-faithful-durable-execution-20260903-001\household_call_ledger.csv,,,,,0.040044697087704216,0.9631358992350666,3,2,,,,MISSING,MISSING,FIRM_NATIVE,MISSING,False,MISSING,FIRM_NATIVE,MISSING,False,,,,,,,,,,,CAPTURED,DESCRIPTIVE_FIRM_RANGE_ONLY,OBSERVED,True,-0.0007372820152986709,0.07073728201529866,True,False,False,False,False,False,False,False,MISSING,FIRM_NATIVE,MISSING,False,MISSING,FIRM_NATIVE,MISSING,False,,,,,,,,,,,CAPTURED,COMPOSITE_NO_FIRM_CLIP,False,0.02,0.09,0.8,1.3,HASH_BOUND_EXECUTED_ADAPTER_LITERALS,household_entry_old_state,,
4.0,17.0,111.0,0.01959397819085186,0.02,0.05,11.294131504609279,0.1,0.07,22635.526497923733,3139351.885499137,64972977.49187087,0.0006933324069686307,64972845.9653664,湖南,OWNER_A_CAPTURE_PID67056,2018,4,17,18,D:\ProjectTemp\ch5-mp4c-2018-final-production-path-faithful-durable-execution-20260903-001\household_call_ledger.csv,,,,,0.02206701218325156,0.979698909542593,3,2,,,,MISSING,MISSING,FIRM_NATIVE,MISSING,False,MISSING,FIRM_NATIVE,MISSING,False,,,,,,,,,,,CAPTURED,DESCRIPTIVE_FIRM_RANGE_ONLY,OBSERVED,True,-0.0004060218091481403,0.07040602180914814,True,False,False,False,False,False,False,False,MISSING,FIRM_NATIVE,MISSING,False,MISSING,FIRM_NATIVE,MISSING,False,,,,,,,,,,,CAPTURED,COMPOSITE_NO_FIRM_CLIP,False,0.02,0.09,0.8,1.3,HASH_BOUND_EXECUTED_ADAPTER_LITERALS,household_entry_old_state,,
4.0,18.0,112.0,0.019170448987774116,0.02,0.05,10.894008449168327,0.1,0.07,62330.239911191056,3029703.920074025,157153960.2338549,0.0009725027967433352,157153836.749134,广东,OWNER_A_CAPTURE_PID67056,2018,4,18,19,D:\ProjectTemp\ch5-mp4c-2018-final-production-path-faithful-durable-execution-20260903-001\household_call_ledger.csv,,,,,0.045048029371518965,0.9585224493887057,3,2,,,,MISSING,MISSING,FIRM_NATIVE,MISSING,False,MISSING,FIRM_NATIVE,MISSING,False,,,,,,,,,,,CAPTURED,DESCRIPTIVE_FIRM_RANGE_ONLY,OBSERVED,True,-0.0008295510122258848,0.07082955101222588,True,False,False,False,False,False,False,False,MISSING,FIRM_NATIVE,MISSING,False,MISSING,FIRM_NATIVE,MISSING,False,,,,,,,,,,,CAPTURED,COMPOSITE_NO_FIRM_CLIP,False,0.02,0.09,0.8,1.3,HASH_BOUND_EXECUTED_ADAPTER_LITERALS,household_entry_old_state,,
4.0,19.0,113.0,0.019330393185101852,0.02,0.05,10.48167586808514,0.1,0.07,17278.641061508803,3112186.2650143225,52819910.58578311,0.0006223369520165091,52819779.099576995,广西,OWNER_A_CAPTURE_PID67056,2018,4,19,20,D:\ProjectTemp\ch5-mp4c-2018-final-production-path-faithful-durable-execution-20260903-001\household_call_ledger.csv,,,,,0.03637382456647036,0.9665196592550925,3,2,,,,MISSING,MISSING,FIRM_NATIVE,MISSING,False,MISSING,FIRM_NATIVE,MISSING,False,,,,,,,,,,,CAPTURED,DESCRIPTIVE_FIRM_RANGE_ONLY,OBSERVED,True,-0.0006696068148981486,0.07066960681489814,True,False,False,False,False,False,False,False,MISSING,FIRM_NATIVE,MISSING,False,MISSING,FIRM_NATIVE,MISSING,False,,,,,,,,,,,CAPTURED,COMPOSITE_NO_FIRM_CLIP,False,0.02,0.09,0.8,1.3,HASH_BOUND_EXECUTED_ADAPTER_LITERALS,household_entry_old_state,,
4.0,20.0,114.0,0.019485371754230936,0.02,0.05,9.748748606456664,0.1,0.07,2968.505063101999,3230074.714329764,10030533.354484415,0.00038281495183633223,10030399.0365303,海南,OWNER_A_CAPTURE_PID67056,2018,4,20,21,D:\ProjectTemp\ch5-mp4c-2018-final-production-path-faithful-durable-execution-20260903-001\household_call_ledger.csv,,,,,0.027963724364002344,0.9742685877115467,3,2,,,,MISSING,MISSING,FIRM_NATIVE,MISSING,False,MISSING,FIRM_NATIVE,MISSING,False,,,,,,,,,,,CAPTURED,DESCRIPTIVE_FIRM_RANGE_ONLY,OBSERVED,True,-0.0005146282457690644,0.07051462824576907,True,False,False,False,False,False,False,False,MISSING,FIRM_NATIVE,MISSING,False,MISSING,FIRM_NATIVE,MISSING,False,,,,,,,,,,,CAPTURED,COMPOSITE_NO_FIRM_CLIP,False,0.02,0.09,0.8,1.3,HASH_BOUND_EXECUTED_ADAPTER_LITERALS,household_entry_old_state,,
4.0,21.0,115.0,0.019084874864253837,0.02,0.05,11.081658280880884,0.1,0.07,15220.916731073548,3154618.348568256,39301090.15832261,0.0006868337888017926,39300958.3175844,重庆,OWNER_A_CAPTURE_PID67056,2018,4,21,22,D:\ProjectTemp\ch5-mp4c-2018-final-production-path-faithful-durable-execution-20260903-001\household_call_ledger.csv,,,,,0.049686711943930977,0.9542437432126918,3,2,,,,MISSING,MISSING,FIRM_NATIVE,MISSING,False,MISSING,FIRM_NATIVE,MISSING,False,,,,,,,,,,,CAPTURED,DESCRIPTIVE_FIRM_RANGE_ONLY,OBSERVED,True,-0.0009151251357461636,0.07091512513574616,True,False,False,False,False,False,False,False,MISSING,FIRM_NATIVE,MISSING,False,MISSING,FIRM_NATIVE,MISSING,False,,,,,,,,,,,CAPTURED,COMPOSITE_NO_FIRM_CLIP,False,0.02,0.09,0.8,1.3,HASH_BOUND_EXECUTED_ADAPTER_LITERALS,household_entry_old_state,,
4.0,22.0,116.0,0.019801685822735875,0.02,0.05,11.061808415384133,0.1,0.07,24172.526266488676,3099321.012479754,69531208.5816053,0.0007046610342276092,69531075.8089531,四川,OWNER_A_CAPTURE_PID67056,2018,4,22,23,D:\ProjectTemp\ch5-mp4c-2018-final-production-path-faithful-durable-execution-20260903-001\household_call_ledger.csv,,,,,0.010782650770128166,0.9900842911367937,3,2,,,,MISSING,MISSING,FIRM_NATIVE,MISSING,False,MISSING,FIRM_NATIVE,MISSING,False,,,,,,,,,,,CAPTURED,DESCRIPTIVE_FIRM_RANGE_ONLY,OBSERVED,True,-0.00019831417726412504,0.07019831417726412,True,False,False,False,False,False,False,False,MISSING,FIRM_NATIVE,MISSING,False,MISSING,FIRM_NATIVE,MISSING,False,,,,,,,,,,,CAPTURED,COMPOSITE_NO_FIRM_CLIP,False,0.02,0.09,0.8,1.3,HASH_BOUND_EXECUTED_ADAPTER_LITERALS,household_entry_old_state,,
4.0,23.0,117.0,0.019592830090328927,0.02,0.05,10.786587847995532,0.1,0.07,11749.222832494088,3167430.298313416,32803569.796672292,0.0006090843098101169,32803436.570136297,贵州,OWNER_A_CAPTURE_PID67056,2018,4,23,24,D:\ProjectTemp\ch5-mp4c-2018-final-production-path-faithful-durable-execution-20260903-001\household_call_ledger.csv,,,,,0.02212936068262254,0.9796415045164464,3,2,,,,MISSING,MISSING,FIRM_NATIVE,MISSING,False,MISSING,FIRM_NATIVE,MISSING,False,,,,,,,,,,,CAPTURED,DESCRIPTIVE_FIRM_RANGE_ONLY,OBSERVED,True,-0.00040716990967107347,0.07040716990967107,True,False,False,False,False,False,False,False,MISSING,FIRM_NATIVE,MISSING,False,MISSING,FIRM_NATIVE,MISSING,False,,,,,,,,,,,CAPTURED,COMPOSITE_NO_FIRM_CLIP,False,0.02,0.09,0.8,1.3,HASH_BOUND_EXECUTED_ADAPTER_LITERALS,household_entry_old_state,,
4.0,24.0,118.0,0.019455802482018072,0.02,0.05,10.412091762133603,0.1,0.07,19987.95787378283,3081293.9186320105,53834412.60012277,0.0007110216288681008,53834280.8089249,云南,OWNER_A_CAPTURE_PID67056,2018,4,24,25,D:\ProjectTemp\ch5-mp4c-2018-final-production-path-faithful-durable-execution-20260903-001\household_call_ledger.csv,,,,,0.029568731957169938,0.9727901241009035,3,2,,,,MISSING,MISSING,FIRM_NATIVE,MISSING,False,MISSING,FIRM_NATIVE,MISSING,False,,,,,,,,,,,CAPTURED,DESCRIPTIVE_FIRM_RANGE_ONLY,OBSERVED,True,-0.0005441975179819279,0.07054419751798192,True,False,False,False,False,False,False,False,MISSING,FIRM_NATIVE,MISSING,False,MISSING,FIRM_NATIVE,MISSING,False,,,,,,,,,,,CAPTURED,COMPOSITE_NO_FIRM_CLIP,False,0.02,0.09,0.8,1.3,HASH_BOUND_EXECUTED_ADAPTER_LITERALS,household_entry_old_state,,
4.0,25.0,119.0,0.014729461722625348,0.02,0.05,8.99226960679724,0.1,0.07,3926.3219431617604,3114261.5931684677,6016000.507518944,0.0007579273359250301,6015865.97237512,西藏,OWNER_A_CAPTURE_PID67056,2018,4,25,26,D:\ProjectTemp\ch5-mp4c-2018-final-production-path-faithful-durable-execution-20260903-001\household_call_ledger.csv,,,,,0.2837596352791583,0.7364730861312674,3,2,,,,MISSING,MISSING,FIRM_NATIVE,MISSING,False,MISSING,FIRM_NATIVE,MISSING,False,,,,,,,,,,,CAPTURED,DESCRIPTIVE_FIRM_RANGE_ONLY,OBSERVED,True,-0.005270538277374653,0.07527053827737465,True,False,False,False,False,False,False,False,MISSING,FIRM_NATIVE,MISSING,False,MISSING,FIRM_NATIVE,MISSING,False,,,,,,,,,,,CAPTURED,COMPOSITE_NO_FIRM_CLIP,False,0.02,0.09,0.8,1.3,HASH_BOUND_EXECUTED_ADAPTER_LITERALS,household_entry_old_state,,
4.0,26.0,120.0,0.019058940853329893,0.02,0.05,11.372255987359903,0.1,0.07,17582.810413630083,3154686.716150736,50576950.063351214,0.000652876469041312,50576819.2081364,陕西,OWNER_A_CAPTURE_PID67056,2018,4,26,27,D:\ProjectTemp\ch5-mp4c-2018-final-production-path-faithful-durable-execution-20260903-001\household_call_ledger.csv,,,,,0.05109219959757891,0.9529470426664945,3,2,,,,MISSING,MISSING,FIRM_NATIVE,MISSING,False,MISSING,FIRM_NATIVE,MISSING,False,,,,,,,,,,,CAPTURED,DESCRIPTIVE_FIRM_RANGE_ONLY,OBSERVED,True,-0.0009410591466701076,0.07094105914667011,True,False,False,False,False,False,False,False,MISSING,FIRM_NATIVE,MISSING,False,MISSING,FIRM_NATIVE,MISSING,False,,,,,,,,,,,CAPTURED,COMPOSITE_NO_FIRM_CLIP,False,0.02,0.09,0.8,1.3,HASH_BOUND_EXECUTED_ADAPTER_LITERALS,household_entry_old_state,,
4.0,27.0,121.0,0.019886661499636943,0.02,0.05,10.725079184769704,0.1,0.07,6355.478062119232,3207383.6648871363,18424084.723334152,0.0005131096729274248,18423950.2203418,甘肃,OWNER_A_CAPTURE_PID67056,2018,4,27,28,D:\ProjectTemp\ch5-mp4c-2018-final-production-path-faithful-durable-execution-20260903-001\household_call_ledger.csv,,,,,0.006163422815411727,0.9943330749818472,3,2,,,,MISSING,MISSING,FIRM_NATIVE,MISSING,False,MISSING,FIRM_NATIVE,MISSING,False,,,,,,,,,,,CAPTURED,DESCRIPTIVE_FIRM_RANGE_ONLY,OBSERVED,True,-0.00011333850036305756,0.07011333850036305,True,False,False,False,False,False,False,False,MISSING,FIRM_NATIVE,MISSING,False,MISSING,FIRM_NATIVE,MISSING,False,,,,,,,,,,,CAPTURED,COMPOSITE_NO_FIRM_CLIP,False,0.02,0.09,0.8,1.3,HASH_BOUND_EXECUTED_ADAPTER_LITERALS,household_entry_old_state,,
4.0,28.0,122.0,0.01777996111430564,0.02,0.05,9.896932410716042,0.1,0.07,4987.357170140319,3162255.8283006083,13038141.260973712,0.0005277056201467056,13038007.4590434,青海,OWNER_A_CAPTURE_PID67056,2018,4,28,29,D:\ProjectTemp\ch5-mp4c-2018-final-production-path-faithful-durable-execution-20260903-001\household_call_ledger.csv,,,,,0.12022999455338848,0.888998055715282,3,2,,,,MISSING,MISSING,FIRM_NATIVE,MISSING,False,MISSING,FIRM_NATIVE,MISSING,False,,,,,,,,,,,CAPTURED,DESCRIPTIVE_FIRM_RANGE_ONLY,OBSERVED,True,-0.0022200388856943587,0.07222003888569435,True,False,False,False,False,False,False,False,MISSING,FIRM_NATIVE,MISSING,False,MISSING,FIRM_NATIVE,MISSING,False,,,,,,,,,,,CAPTURED,COMPOSITE_NO_FIRM_CLIP,False,0.02,0.09,0.8,1.3,HASH_BOUND_EXECUTED_ADAPTER_LITERALS,household_entry_old_state,,
4.0,29.0,123.0,0.017727315871499987,0.02,0.05,10.836508797017705,0.1,0.07,5924.3676469849615,3222848.092716667,13881360.866182297,0.000594643144096446,13881227.2259032,宁夏,OWNER_A_CAPTURE_PID67056,2018,4,29,30,D:\ProjectTemp\ch5-mp4c-2018-final-production-path-faithful-durable-execution-20260903-001\household_call_ledger.csv,,,,,0.1230684752371874,0.8863657935749993,3,2,,,,MISSING,MISSING,FIRM_NATIVE,MISSING,False,MISSING,FIRM_NATIVE,MISSING,False,,,,,,,,,,,CAPTURED,DESCRIPTIVE_FIRM_RANGE_ONLY,OBSERVED,True,-0.0022726841285000132,0.0722726841285,True,False,False,False,False,False,False,False,MISSING,FIRM_NATIVE,MISSING,False,MISSING,FIRM_NATIVE,MISSING,False,,,,,,,,,,,CAPTURED,COMPOSITE_NO_FIRM_CLIP,False,0.02,0.09,0.8,1.3,HASH_BOUND_EXECUTED_ADAPTER_LITERALS,household_entry_old_state,,
4.0,30.0,124.0,0.014424565870159915,0.02,0.05,8.540127671264164,0.1,0.07,13328.94076517977,2956816.0471295333,35352332.858023524,0.0006624231201077291,35352199.6021162,新疆,OWNER_A_CAPTURE_PID67056,2018,4,30,31,D:\ProjectTemp\ch5-mp4c-2018-final-production-path-faithful-durable-execution-20260903-001\household_call_ledger.csv,,,,,0.3,0.7212282935079958,3,2,,,,MISSING,MISSING,FIRM_NATIVE,MISSING,False,MISSING,FIRM_NATIVE,MISSING,False,,,,,,,,,,,CAPTURED,DESCRIPTIVE_FIRM_RANGE_ONLY,OBSERVED,True,-0.0055754341298400855,0.07557543412984008,True,False,False,False,False,False,False,False,MISSING,FIRM_NATIVE,MISSING,False,MISSING,FIRM_NATIVE,MISSING,False,,,,,,,,,,,CAPTURED,COMPOSITE_NO_FIRM_CLIP,False,0.02,0.09,0.8,1.3,HASH_BOUND_EXECUTED_ADAPTER_LITERALS,household_entry_old_state,,
5.0,0.0,125.0,0.017762607885975803,0.02,0.05,11.292105200768132,0.1,0.07,42832.26979378044,3060647.2306203316,49270568.75273365,1.1567526826671635,44343394.48166418,北京,OWNER_A_CAPTURE_PID67056,2018,5,0,1,D:\ProjectTemp\ch5-mp4c-2018-final-production-path-faithful-durable-execution-20260903-001\household_call_ledger.csv,,,,,0.12116569491184198,0.8881303942987903,4,3,,,,MISSING,MISSING,FIRM_NATIVE,MISSING,False,MISSING,FIRM_NATIVE,MISSING,False,,,,,,,,,,,CAPTURED,DESCRIPTIVE_FIRM_RANGE_ONLY,OBSERVED,True,-0.0022373921140241976,0.07223739211402419,True,False,False,False,False,False,False,False,MISSING,FIRM_NATIVE,MISSING,False,MISSING,FIRM_NATIVE,MISSING,False,,,,,,,,,,,CAPTURED,COMPOSITE_NO_FIRM_CLIP,False,0.02,0.09,0.8,1.3,HASH_BOUND_EXECUTED_ADAPTER_LITERALS,household_entry_old_state,,
5.0,1.0,126.0,0.01633043284004146,0.02,0.05,11.097750264488218,0.1,0.07,17233.241837035657,3141176.5699885534,51336933.67666927,0.49097724585533403,46203122.53357029,天津,OWNER_A_CAPTURE_PID67056,2018,5,1,2,D:\ProjectTemp\ch5-mp4c-2018-final-production-path-faithful-durable-execution-20260903-001\household_call_ledger.csv,,,,,0.19817398532280342,0.816521642002073,4,3,,,,MISSING,MISSING,FIRM_NATIVE,MISSING,False,MISSING,FIRM_NATIVE,MISSING,False,,,,,,,,,,,CAPTURED,DESCRIPTIVE_FIRM_RANGE_ONLY,OBSERVED,True,-0.0036695671599585415,0.07366956715995854,True,False,False,False,False,False,False,False,MISSING,FIRM_NATIVE,MISSING,False,MISSING,FIRM_NATIVE,MISSING,False,,,,,,,,,,,CAPTURED,COMPOSITE_NO_FIRM_CLIP,False,0.02,0.09,0.8,1.3,HASH_BOUND_EXECUTED_ADAPTER_LITERALS,household_entry_old_state,,
5.0,2.0,127.0,0.019255654095097413,0.02,0.05,11.091129407144992,0.1,0.07,8609.845364585937,3216903.333169043,90356904.60709469,0.7671113303718086,81321098.4854407,河北,OWNER_A_CAPTURE_PID67056,2018,5,2,3,D:\ProjectTemp\ch5-mp4c-2018-final-production-path-faithful-durable-execution-20260903-001\household_call_ledger.csv,,,,,0.04042780400496038,0.9627827047548705,4,3,,,,MISSING,MISSING,FIRM_NATIVE,MISSING,False,MISSING,FIRM_NATIVE,MISSING,False,,,,,,,,,,,CAPTURED,DESCRIPTIVE_FIRM_RANGE_ONLY,OBSERVED,True,-0.0007443459049025873,0.07074434590490258,True,False,False,False,False,False,False,False,MISSING,FIRM_NATIVE,MISSING,False,MISSING,FIRM_NATIVE,MISSING,False,,,,,,,,,,,CAPTURED,COMPOSITE_NO_FIRM_CLIP,False,0.02,0.09,0.8,1.3,HASH_BOUND_EXECUTED_ADAPTER_LITERALS,household_entry_old_state,,
5.0,3.0,128.0,0.01929054077481441,0.02,0.05,11.265039825506124,0.1,0.07,14845.584529250998,3165475.4040043927,37758467.88435869,0.7421543797562693,33982502.09848911,山西,OWNER_A_CAPTURE_PID67056,2018,5,3,4,D:\ProjectTemp\ch5-mp4c-2018-final-production-path-faithful-durable-execution-20260903-001\household_call_ledger.csv,,,,,0.0385356371748285,0.9645270387407204,4,3,,,,MISSING,MISSING,FIRM_NATIVE,MISSING,False,MISSING,FIRM_NATIVE,MISSING,False,,,,,,,,,,,CAPTURED,DESCRIPTIVE_FIRM_RANGE_ONLY,OBSERVED,True,-0.0007094592251855915,0.0707094592251856,True,False,False,False,False,False,False,False,MISSING,FIRM_NATIVE,MISSING,False,MISSING,FIRM_NATIVE,MISSING,False,,,,,,,,,,,CAPTURED,COMPOSITE_NO_FIRM_CLIP,False,0.02,0.09,0.8,1.3,HASH_BOUND_EXECUTED_ADAPTER_LITERALS,household_entry_old_state,,
5.0,4.0,129.0,0.017443086560031563,0.02,0.05,10.886096535565942,0.1,0.07,19156.354960337063,3106001.85165046,56986439.34341095,0.548468659694467,51287678.41487427,内蒙古,OWNER_A_CAPTURE_PID67056,2018,5,4,5,D:\ProjectTemp\ch5-mp4c-2018-final-production-path-faithful-durable-execution-20260903-001\household_call_ledger.csv,,,,,0.13838331231905796,0.8721543280015782,4,3,,,,MISSING,MISSING,FIRM_NATIVE,MISSING,False,MISSING,FIRM_NATIVE,MISSING,False,,,,,,,,,,,CAPTURED,DESCRIPTIVE_FIRM_RANGE_ONLY,OBSERVED,True,-0.0025569134399684376,0.07255691343996844,True,False,False,False,False,False,False,False,MISSING,FIRM_NATIVE,MISSING,False,MISSING,FIRM_NATIVE,MISSING,False,,,,,,,,,,,CAPTURED,COMPOSITE_NO_FIRM_CLIP,False,0.02,0.09,0.8,1.3,HASH_BOUND_EXECUTED_ADAPTER_LITERALS,household_entry_old_state,,
5.0,5.0,130.0,0.01859293540504855,0.02,0.05,10.20935951739545,0.1,0.07,9587.807167946625,3145911.5145987053,67054674.914735794,0.7024597830832435,60349090.871412985,辽宁,OWNER_A_CAPTURE_PID67056,2018,5,5,6,D:\ProjectTemp\ch5-mp4c-2018-final-production-path-faithful-durable-execution-20260903-001\household_call_ledger.csv,,,,,0.07632297463521798,0.9296467702524277,4,3,,,,MISSING,MISSING,FIRM_NATIVE,MISSING,False,MISSING,FIRM_NATIVE,MISSING,False,,,,,,,,,,,CAPTURED,DESCRIPTIVE_FIRM_RANGE_ONLY,OBSERVED,True,-0.0014070645949514488,0.07140706459495144,True,False,False,False,False,False,False,False,MISSING,FIRM_NATIVE,MISSING,False,MISSING,FIRM_NATIVE,MISSING,False,,,,,,,,,,,CAPTURED,COMPOSITE_NO_FIRM_CLIP,False,0.02,0.09,0.8,1.3,HASH_BOUND_EXECUTED_ADAPTER_LITERALS,household_entry_old_state,,
5.0,6.0,131.0,0.018112130014698847,0.02,0.05,9.869257880302813,0.1,0.07,13035.406438769023,3087878.4771204256,52390444.20616989,0.4086291282096365,47151282.17034441,吉林,OWNER_A_CAPTURE_PID67056,2018,5,6,7,D:\ProjectTemp\ch5-mp4c-2018-final-production-path-faithful-durable-execution-20260903-001\household_call_ledger.csv,,,,,0.1023070236880023,0.9056065007349425,4,3,,,,MISSING,MISSING,FIRM_NATIVE,MISSING,False,MISSING,FIRM_NATIVE,MISSING,False,,,,,,,,,,,CAPTURED,DESCRIPTIVE_FIRM_RANGE_ONLY,OBSERVED,True,-0.0018878699853011535,0.07188786998530115,True,False,False,False,False,False,False,False,MISSING,FIRM_NATIVE,MISSING,False,MISSING,FIRM_NATIVE,MISSING,False,,,,,,,,,,,CAPTURED,COMPOSITE_NO_FIRM_CLIP,False,0.02,0.09,0.8,1.3,HASH_BOUND_EXECUTED_ADAPTER_LITERALS,household_entry_old_state,,
5.0,7.0,132.0,0.01880591688995633,0.02,0.05,9.17363031761278,0.1,0.07,13721.472666402366,3030031.2407554607,44224906.49545738,0.5340126178146921,39802297.244425744,黑龙江,OWNER_A_CAPTURE_PID67056,2018,5,7,8,D:\ProjectTemp\ch5-mp4c-2018-final-production-path-faithful-durable-execution-20260903-001\household_call_ledger.csv,,,,,0.06479729188901276,0.9402958444978166,4,3,,,,MISSING,MISSING,FIRM_NATIVE,MISSING,False,MISSING,FIRM_NATIVE,MISSING,False,,,,,,,,,,,CAPTURED,DESCRIPTIVE_FIRM_RANGE_ONLY,OBSERVED,True,-0.0011940831100436707,0.07119408311004366,True,False,False,False,False,False,False,False,MISSING,FIRM_NATIVE,MISSING,False,MISSING,FIRM_NATIVE,MISSING,False,,,,,,,,,,,CAPTURED,COMPOSITE_NO_FIRM_CLIP,False,0.02,0.09,0.8,1.3,HASH_BOUND_EXECUTED_ADAPTER_LITERALS,household_entry_old_state,,
5.0,8.0,133.0,0.01780729614804714,0.02,0.05,11.11928690877551,0.1,0.07,42338.496444536904,3072232.3751129718,54021233.99607177,1.2784601104197955,48618993.53094786,上海,OWNER_A_CAPTURE_PID67056,2018,5,8,9,D:\ProjectTemp\ch5-mp4c-2018-final-production-path-faithful-durable-execution-20260903-001\household_call_ledger.csv,,,,,0.11875593934055706,0.8903648074023569,4,3,,,,MISSING,MISSING,FIRM_NATIVE,MISSING,False,MISSING,FIRM_NATIVE,MISSING,False,,,,,,,,,,,CAPTURED,DESCRIPTIVE_FIRM_RANGE_ONLY,OBSERVED,True,-0.0021927038519528597,0.07219270385195285,True,False,False,False,False,False,False,False,MISSING,FIRM_NATIVE,MISSING,False,MISSING,FIRM_NATIVE,MISSING,False,,,,,,,,,,,CAPTURED,COMPOSITE_NO_FIRM_CLIP,False,0.02,0.09,0.8,1.3,HASH_BOUND_EXECUTED_ADAPTER_LITERALS,household_entry_old_state,,
5.0,9.0,134.0,0.018518691684590402,0.02,0.05,11.007257118819588,0.1,0.07,11355.448319934585,3198703.6318939775,149374858.00080863,1.4841133869286858,134437262.4009414,江苏,OWNER_A_CAPTURE_PID67056,2018,5,9,10,D:\ProjectTemp\ch5-mp4c-2018-final-production-path-faithful-durable-execution-20260903-001\household_call_ledger.csv,,,,,0.08033848825905156,0.92593458422952,4,3,,,,MISSING,MISSING,FIRM_NATIVE,MISSING,False,MISSING,FIRM_NATIVE,MISSING,False,,,,,,,,,,,CAPTURED,DESCRIPTIVE_FIRM_RANGE_ONLY,OBSERVED,True,-0.0014813083154095984,0.0714813083154096,True,False,False,False,False,False,False,False,MISSING,FIRM_NATIVE,MISSING,False,MISSING,FIRM_NATIVE,MISSING,False,,,,,,,,,,,CAPTURED,COMPOSITE_NO_FIRM_CLIP,False,0.02,0.09,0.8,1.3,HASH_BOUND_EXECUTED_ADAPTER_LITERALS,household_entry_old_state,,
5.0,10.0,135.0,0.018843396414647478,0.02,0.05,11.02945253979702,0.1,0.07,20126.31982309932,3140235.3898782423,98142271.17358351,1.2916178021881062,88327929.91991481,浙江,OWNER_A_CAPTURE_PID67056,2018,5,10,11,D:\ProjectTemp\ch5-mp4c-2018-final-production-path-faithful-durable-execution-20260903-001\household_call_ledger.csv,,,,,0.06276806168696052,0.9421698207323738,4,3,,,,MISSING,MISSING,FIRM_NATIVE,MISSING,False,MISSING,FIRM_NATIVE,MISSING,False,,,,,,,,,,,CAPTURED,DESCRIPTIVE_FIRM_RANGE_ONLY,OBSERVED,True,-0.0011566035853525225,0.07115660358535252,True,False,False,False,False,False,False,False,MISSING,FIRM_NATIVE,MISSING,False,MISSING,FIRM_NATIVE,MISSING,False,,,,,,,,,,,CAPTURED,COMPOSITE_NO_FIRM_CLIP,False,0.02,0.09,0.8,1.3,HASH_BOUND_EXECUTED_ADAPTER_LITERALS,household_entry_old_state,,
5.0,11.0,136.0,0.02,0.02,0.05,11.320334980968012,0.1,0.07,18269.829262461823,3165011.365586391,54313380.09613785,1.1943048929490467,48881920.728893764,安徽,OWNER_A_CAPTURE_PID67056,2018,5,11,12,D:\ProjectTemp\ch5-mp4c-2018-final-production-path-faithful-durable-execution-20260903-001\household_call_ledger.csv,,,,,0.0,1.0,4,3,,,0.02,DERIVED_IDENTITY_ZERO_EXTERNAL_WEIGHT,MISSING,FIRM_NATIVE,MISSING,False,MISSING,FIRM_NATIVE,MISSING,False,,,,,,,,,,,CAPTURED,DESCRIPTIVE_FIRM_RANGE_ONLY,OBSERVED,True,0.0,0.06999999999999999,False,False,True,False,True,False,False,False,MISSING,FIRM_NATIVE,MISSING,False,MISSING,FIRM_NATIVE,MISSING,False,,,,,,,,,,,CAPTURED,COMPOSITE_NO_FIRM_CLIP,False,0.02,0.09,0.8,1.3,HASH_BOUND_EXECUTED_ADAPTER_LITERALS,household_entry_old_state,,
5.0,12.0,137.0,0.018803899703814988,0.02,0.05,10.883094439602669,0.1,0.07,28928.686475738206,3096411.8132440816,75562281.5596606,0.9789553231386148,68005937.58931926,福建,OWNER_A_CAPTURE_PID67056,2018,5,12,13,D:\ProjectTemp\ch5-mp4c-2018-final-production-path-faithful-durable-execution-20260903-001\household_call_ledger.csv,,,,,0.0649064986932153,0.9401949851907495,4,3,,,,MISSING,MISSING,FIRM_NATIVE,MISSING,False,MISSING,FIRM_NATIVE,MISSING,False,,,,,,,,,,,CAPTURED,DESCRIPTIVE_FIRM_RANGE_ONLY,OBSERVED,True,-0.0011961002961850126,0.071196100296185,True,False,False,False,False,False,False,False,MISSING,FIRM_NATIVE,MISSING,False,MISSING,FIRM_NATIVE,MISSING,False,,,,,,,,,,,CAPTURED,COMPOSITE_NO_FIRM_CLIP,False,0.02,0.09,0.8,1.3,HASH_BOUND_EXECUTED_ADAPTER_LITERALS,household_entry_old_state,,
5.0,13.0,138.0,0.019638019283150888,0.02,0.05,11.118613100895724,0.1,0.07,13097.581407327178,3190577.6058549723,38642735.807138756,1.0358910220589348,34778342.48896161,江西,OWNER_A_CAPTURE_PID67056,2018,5,13,14,D:\ProjectTemp\ch5-mp4c-2018-final-production-path-faithful-durable-execution-20260903-001\household_call_ledger.csv,,,,,0.019675113595976762,0.9819009641575444,4,3,,,,MISSING,MISSING,FIRM_NATIVE,MISSING,False,MISSING,FIRM_NATIVE,MISSING,False,,,,,,,,,,,CAPTURED,DESCRIPTIVE_FIRM_RANGE_ONLY,OBSERVED,True,-0.00036198071684911265,0.07036198071684911,True,False,False,False,False,False,False,False,MISSING,FIRM_NATIVE,MISSING,False,MISSING,FIRM_NATIVE,MISSING,False,,,,,,,,,,,CAPTURED,COMPOSITE_NO_FIRM_CLIP,False,0.02,0.09,0.8,1.3,HASH_BOUND_EXECUTED_ADAPTER_LITERALS,household_entry_old_state,,
5.0,14.0,139.0,0.01872971683987593,0.02,0.05,11.333847285692968,0.1,0.07,21371.87683360178,3139599.760515303,157288129.00751358,1.030822106554423,141559206.8756976,山东,OWNER_A_CAPTURE_PID67056,2018,5,14,15,D:\ProjectTemp\ch5-mp4c-2018-final-production-path-faithful-durable-execution-20260903-001\household_call_ledger.csv,,,,,0.06892202679478683,0.9364858419937966,4,3,,,,MISSING,MISSING,FIRM_NATIVE,MISSING,False,MISSING,FIRM_NATIVE,MISSING,False,,,,,,,,,,,CAPTURED,DESCRIPTIVE_FIRM_RANGE_ONLY,OBSERVED,True,-0.0012702831601240708,0.07127028316012407,True,False,False,False,False,False,False,False,MISSING,FIRM_NATIVE,MISSING,False,MISSING,FIRM_NATIVE,MISSING,False,,,,,,,,,,,CAPTURED,COMPOSITE_NO_FIRM_CLIP,False,0.02,0.09,0.8,1.3,HASH_BOUND_EXECUTED_ADAPTER_LITERALS,household_entry_old_state,,
5.0,15.0,140.0,0.018906126738810855,0.02,0.05,11.634878678600243,0.1,0.07,34192.89986207875,3110300.7792240586,128897754.74419874,0.9026999657194398,116007867.6854445,河南,OWNER_A_CAPTURE_PID67056,2018,5,15,16,D:\ProjectTemp\ch5-mp4c-2018-final-production-path-faithful-durable-execution-20260903-001\household_call_ledger.csv,,,,,0.05937102807378291,0.9453063369405427,4,3,,,,MISSING,MISSING,FIRM_NATIVE,MISSING,False,MISSING,FIRM_NATIVE,MISSING,False,,,,,,,,,,,CAPTURED,DESCRIPTIVE_FIRM_RANGE_ONLY,OBSERVED,True,-0.0010938732611891454,0.07109387326118914,True,False,False,False,False,False,False,False,MISSING,FIRM_NATIVE,MISSING,False,MISSING,FIRM_NATIVE,MISSING,False,,,,,,,,,,,CAPTURED,COMPOSITE_NO_FIRM_CLIP,False,0.02,0.09,0.8,1.3,HASH_BOUND_EXECUTED_ADAPTER_LITERALS,household_entry_old_state,,
5.0,16.0,141.0,0.01926271798470133,0.02,0.05,11.483770450614369,0.1,0.07,25722.431093144773,3136694.024628326,76781572.17307349,1.1315118859239708,69103298.56346747,湖北,OWNER_A_CAPTURE_PID67056,2018,5,16,17,D:\ProjectTemp\ch5-mp4c-2018-final-production-path-faithful-durable-execution-20260903-001\household_call_ledger.csv,,,,,0.040044697087704216,0.9631358992350666,4,3,,,,MISSING,MISSING,FIRM_NATIVE,MISSING,False,MISSING,FIRM_NATIVE,MISSING,False,,,,,,,,,,,CAPTURED,DESCRIPTIVE_FIRM_RANGE_ONLY,OBSERVED,True,-0.0007372820152986709,0.07073728201529866,True,False,False,False,False,False,False,False,MISSING,FIRM_NATIVE,MISSING,False,MISSING,FIRM_NATIVE,MISSING,False,,,,,,,,,,,CAPTURED,COMPOSITE_NO_FIRM_CLIP,False,0.02,0.09,0.8,1.3,HASH_BOUND_EXECUTED_ADAPTER_LITERALS,household_entry_old_state,,
5.0,17.0,142.0,0.01959397819085186,0.02,0.05,11.29440772112358,0.1,0.07,22635.31807955771,3139224.622998312,64972977.49821072,1.1157419407292595,58475561.368829764,湖南,OWNER_A_CAPTURE_PID67056,2018,5,17,18,D:\ProjectTemp\ch5-mp4c-2018-final-production-path-faithful-durable-execution-20260903-001\household_call_ledger.csv,,,,,0.02206701218325156,0.979698909542593,4,3,,,,MISSING,MISSING,FIRM_NATIVE,MISSING,False,MISSING,FIRM_NATIVE,MISSING,False,,,,,,,,,,,CAPTURED,DESCRIPTIVE_FIRM_RANGE_ONLY,OBSERVED,True,-0.0004060218091481403,0.07040602180914814,True,False,False,False,False,False,False,False,MISSING,FIRM_NATIVE,MISSING,False,MISSING,FIRM_NATIVE,MISSING,False,,,,,,,,,,,CAPTURED,COMPOSITE_NO_FIRM_CLIP,False,0.02,0.09,0.8,1.3,HASH_BOUND_EXECUTED_ADAPTER_LITERALS,household_entry_old_state,,
5.0,18.0,143.0,0.019170448987774116,0.02,0.05,10.8943246477005,0.1,0.07,62329.47913752855,3029541.1154307853,157153960.2374571,1.5177874850713224,141438453.0742206,广东,OWNER_A_CAPTURE_PID67056,2018,5,18,19,D:\ProjectTemp\ch5-mp4c-2018-final-production-path-faithful-durable-execution-20260903-001\household_call_ledger.csv,,,,,0.045048029371518965,0.9585224493887057,4,3,,,,MISSING,MISSING,FIRM_NATIVE,MISSING,False,MISSING,FIRM_NATIVE,MISSING,False,,,,,,,,,,,CAPTURED,DESCRIPTIVE_FIRM_RANGE_ONLY,OBSERVED,True,-0.0008295510122258848,0.07082955101222588,True,False,False,False,False,False,False,False,MISSING,FIRM_NATIVE,MISSING,False,MISSING,FIRM_NATIVE,MISSING,False,,,,,,,,,,,CAPTURED,COMPOSITE_NO_FIRM_CLIP,False,0.02,0.09,0.8,1.3,HASH_BOUND_EXECUTED_ADAPTER_LITERALS,household_entry_old_state,,
5.0,19.0,144.0,0.019330393185101852,0.02,0.05,10.48191762973354,0.1,0.07,17278.50601794164,3112079.1753574964,52819910.59203863,0.706954145079166,47537801.189619295,广西,OWNER_A_CAPTURE_PID67056,2018,5,19,20,D:\ProjectTemp\ch5-mp4c-2018-final-production-path-faithful-durable-execution-20260903-001\household_call_ledger.csv,,,,,0.03637382456647036,0.9665196592550925,4,3,,,,MISSING,MISSING,FIRM_NATIVE,MISSING,False,MISSING,FIRM_NATIVE,MISSING,False,,,,,,,,,,,CAPTURED,DESCRIPTIVE_FIRM_RANGE_ONLY,OBSERVED,True,-0.0006696068148981486,0.07066960681489814,True,False,False,False,False,False,False,False,MISSING,FIRM_NATIVE,MISSING,False,MISSING,FIRM_NATIVE,MISSING,False,,,,,,,,,,,CAPTURED,COMPOSITE_NO_FIRM_CLIP,False,0.02,0.09,0.8,1.3,HASH_BOUND_EXECUTED_ADAPTER_LITERALS,household_entry_old_state,,
5.0,20.0,145.0,0.019485371754230936,0.02,0.05,9.748176585101403,0.1,0.07,2968.5633937810658,3230354.1568854554,10030533.36158709,0.6332644132752523,9027359.13287727,海南,OWNER_A_CAPTURE_PID67056,2018,5,20,21,D:\ProjectTemp\ch5-mp4c-2018-final-production-path-faithful-durable-execution-20260903-001\household_call_ledger.csv,,,,,0.027963724364002344,0.9742685877115467,4,3,,,,MISSING,MISSING,FIRM_NATIVE,MISSING,False,MISSING,FIRM_NATIVE,MISSING,False,,,,,,,,,,,CAPTURED,DESCRIPTIVE_FIRM_RANGE_ONLY,OBSERVED,True,-0.0005146282457690644,0.07051462824576907,True,False,False,False,False,False,False,False,MISSING,FIRM_NATIVE,MISSING,False,MISSING,FIRM_NATIVE,MISSING,False,,,,,,,,,,,CAPTURED,COMPOSITE_NO_FIRM_CLIP,False,0.02,0.09,0.8,1.3,HASH_BOUND_EXECUTED_ADAPTER_LITERALS,household_entry_old_state,,
5.0,21.0,146.0,0.019084874864253837,0.02,0.05,11.08172617291887,0.1,0.07,15220.878750335844,3154583.6900299774,39301090.16544011,0.9188777579272271,35370862.48582596,重庆,OWNER_A_CAPTURE_PID67056,2018,5,21,22,D:\ProjectTemp\ch5-mp4c-2018-final-production-path-faithful-durable-execution-20260903-001\household_call_ledger.csv,,,,,0.049686711943930977,0.9542437432126918,4,3,,,,MISSING,MISSING,FIRM_NATIVE,MISSING,False,MISSING,FIRM_NATIVE,MISSING,False,,,,,,,,,,,CAPTURED,DESCRIPTIVE_FIRM_RANGE_ONLY,OBSERVED,True,-0.0009151251357461636,0.07091512513574616,True,False,False,False,False,False,False,False,MISSING,FIRM_NATIVE,MISSING,False,MISSING,FIRM_NATIVE,MISSING,False,,,,,,,,,,,CAPTURED,COMPOSITE_NO_FIRM_CLIP,False,0.02,0.09,0.8,1.3,HASH_BOUND_EXECUTED_ADAPTER_LITERALS,household_entry_old_state,,
5.0,22.0,147.0,0.019801685822735875,0.02,0.05,11.062138185158002,0.1,0.07,24172.283465002485,3099183.9527564407,69531208.58804823,1.2506653829501253,62577968.228057794,四川,OWNER_A_CAPTURE_PID67056,2018,5,22,23,D:\ProjectTemp\ch5-mp4c-2018-final-production-path-faithful-durable-execution-20260903-001\household_call_ledger.csv,,,,,0.010782650770128166,0.9900842911367937,4,3,,,,MISSING,MISSING,FIRM_NATIVE,MISSING,False,MISSING,FIRM_NATIVE,MISSING,False,,,,,,,,,,,CAPTURED,DESCRIPTIVE_FIRM_RANGE_ONLY,OBSERVED,True,-0.00019831417726412504,0.07019831417726412,True,False,False,False,False,False,False,False,MISSING,FIRM_NATIVE,MISSING,False,MISSING,FIRM_NATIVE,MISSING,False,,,,,,,,,,,CAPTURED,COMPOSITE_NO_FIRM_CLIP,False,0.02,0.09,0.8,1.3,HASH_BOUND_EXECUTED_ADAPTER_LITERALS,household_entry_old_state,,
5.0,23.0,148.0,0.019592830090328927,0.02,0.05,10.786608132668094,0.1,0.07,11749.216032321367,3167422.224882631,32803569.803594988,0.7959168756872512,29523092.91312267,贵州,OWNER_A_CAPTURE_PID67056,2018,5,23,24,D:\ProjectTemp\ch5-mp4c-2018-final-production-path-faithful-durable-execution-20260903-001\household_call_ledger.csv,,,,,0.02212936068262254,0.9796415045164464,4,3,,,,MISSING,MISSING,FIRM_NATIVE,MISSING,False,MISSING,FIRM_NATIVE,MISSING,False,,,,,,,,,,,CAPTURED,DESCRIPTIVE_FIRM_RANGE_ONLY,OBSERVED,True,-0.00040716990967107347,0.07040716990967107,True,False,False,False,False,False,False,False,MISSING,FIRM_NATIVE,MISSING,False,MISSING,FIRM_NATIVE,MISSING,False,,,,,,,,,,,CAPTURED,COMPOSITE_NO_FIRM_CLIP,False,0.02,0.09,0.8,1.3,HASH_BOUND_EXECUTED_ADAPTER_LITERALS,household_entry_old_state,,
5.0,24.0,149.0,0.019455802482018072,0.02,0.05,10.41235822955088,0.1,0.07,19987.789789249407,3081179.8387535755,53834412.60618332,0.7427824542350093,48450852.72803241,云南,OWNER_A_CAPTURE_PID67056,2018,5,24,25,D:\ProjectTemp\ch5-mp4c-2018-final-production-path-faithful-durable-execution-20260903-001\household_call_ledger.csv,,,,,0.029568731957169938,0.9727901241009035,4,3,,,,MISSING,MISSING,FIRM_NATIVE,MISSING,False,MISSING,FIRM_NATIVE,MISSING,False,,,,,,,,,,,CAPTURED,DESCRIPTIVE_FIRM_RANGE_ONLY,OBSERVED,True,-0.0005441975179819279,0.07054419751798192,True,False,False,False,False,False,False,False,MISSING,FIRM_NATIVE,MISSING,False,MISSING,FIRM_NATIVE,MISSING,False,,,,,,,,,,,CAPTURED,COMPOSITE_NO_FIRM_CLIP,False,0.02,0.09,0.8,1.3,HASH_BOUND_EXECUTED_ADAPTER_LITERALS,household_entry_old_state,,
5.0,25.0,150.0,0.014729461722625348,0.02,0.05,8.990881851119648,0.1,0.07,3926.527226650772,3114978.516218613,6016000.514645958,0.2852230749303066,5414279.3751376085,西藏,OWNER_A_CAPTURE_PID67056,2018,5,25,26,D:\ProjectTemp\ch5-mp4c-2018-final-production-path-faithful-durable-execution-20260903-001\household_call_ledger.csv,,,,,0.2837596352791583,0.7364730861312674,4,3,,,,MISSING,MISSING,FIRM_NATIVE,MISSING,False,MISSING,FIRM_NATIVE,MISSING,False,,,,,,,,,,,CAPTURED,DESCRIPTIVE_FIRM_RANGE_ONLY,OBSERVED,True,-0.005270538277374653,0.07527053827737465,True,False,False,False,False,False,False,False,MISSING,FIRM_NATIVE,MISSING,False,MISSING,FIRM_NATIVE,MISSING,False,,,,,,,,,,,CAPTURED,COMPOSITE_NO_FIRM_CLIP,False,0.02,0.09,0.8,1.3,HASH_BOUND_EXECUTED_ADAPTER_LITERALS,household_entry_old_state,,
5.0,26.0,151.0,0.019058940853329893,0.02,0.05,11.372439599659739,0.1,0.07,17582.706747830962,3154604.8272445286,50576950.07016323,0.8890036273020985,45519137.28732276,陕西,OWNER_A_CAPTURE_PID67056,2018,5,26,27,D:\ProjectTemp\ch5-mp4c-2018-final-production-path-faithful-durable-execution-20260903-001\household_call_ledger.csv,,,,,0.05109219959757891,0.9529470426664945,4,3,,,,MISSING,MISSING,FIRM_NATIVE,MISSING,False,MISSING,FIRM_NATIVE,MISSING,False,,,,,,,,,,,CAPTURED,DESCRIPTIVE_FIRM_RANGE_ONLY,OBSERVED,True,-0.0009410591466701076,0.07094105914667011,True,False,False,False,False,False,False,False,MISSING,FIRM_NATIVE,MISSING,False,MISSING,FIRM_NATIVE,MISSING,False,,,,,,,,,,,CAPTURED,COMPOSITE_NO_FIRM_CLIP,False,0.02,0.09,0.8,1.3,HASH_BOUND_EXECUTED_ADAPTER_LITERALS,household_entry_old_state,,
5.0,27.0,152.0,0.019886661499636943,0.02,0.05,10.724783017662517,0.1,0.07,6355.541816739385,3207525.3184128013,18424084.73032193,0.6657424018173745,16581555.198307622,甘肃,OWNER_A_CAPTURE_PID67056,2018,5,27,28,D:\ProjectTemp\ch5-mp4c-2018-final-production-path-faithful-durable-execution-20260903-001\household_call_ledger.csv,,,,,0.006163422815411727,0.9943330749818472,4,3,,,,MISSING,MISSING,FIRM_NATIVE,MISSING,False,MISSING,FIRM_NATIVE,MISSING,False,,,,,,,,,,,CAPTURED,DESCRIPTIVE_FIRM_RANGE_ONLY,OBSERVED,True,-0.00011333850036305756,0.07011333850036305,True,False,False,False,False,False,False,False,MISSING,FIRM_NATIVE,MISSING,False,MISSING,FIRM_NATIVE,MISSING,False,,,,,,,,,,,CAPTURED,COMPOSITE_NO_FIRM_CLIP,False,0.02,0.09,0.8,1.3,HASH_BOUND_EXECUTED_ADAPTER_LITERALS,household_entry_old_state,,
5.0,28.0,153.0,0.01777996111430564,0.02,0.05,9.896417481435366,0.1,0.07,4987.4504557043965,3162516.241650629,13038141.268139897,0.29075678185525744,11734206.71313906,青海,OWNER_A_CAPTURE_PID67056,2018,5,28,29,D:\ProjectTemp\ch5-mp4c-2018-final-production-path-faithful-durable-execution-20260903-001\household_call_ledger.csv,,,,,0.12022999455338848,0.888998055715282,4,3,,,,MISSING,MISSING,FIRM_NATIVE,MISSING,False,MISSING,FIRM_NATIVE,MISSING,False,,,,,,,,,,,CAPTURED,DESCRIPTIVE_FIRM_RANGE_ONLY,OBSERVED,True,-0.0022200388856943587,0.07222003888569435,True,False,False,False,False,False,False,False,MISSING,FIRM_NATIVE,MISSING,False,MISSING,FIRM_NATIVE,MISSING,False,,,,,,,,,,,CAPTURED,COMPOSITE_NO_FIRM_CLIP,False,0.02,0.09,0.8,1.3,HASH_BOUND_EXECUTED_ADAPTER_LITERALS,household_entry_old_state,,
5.0,29.0,154.0,0.017727315871499987,0.02,0.05,10.835901408918625,0.1,0.07,5924.479135467034,3223115.116992348,13881360.873428643,0.3523216578387426,12493104.50331288,宁夏,OWNER_A_CAPTURE_PID67056,2018,5,29,30,D:\ProjectTemp\ch5-mp4c-2018-final-production-path-faithful-durable-execution-20260903-001\household_call_ledger.csv,,,,,0.1230684752371874,0.8863657935749993,4,3,,,,MISSING,MISSING,FIRM_NATIVE,MISSING,False,MISSING,FIRM_NATIVE,MISSING,False,,,,,,,,,,,CAPTURED,DESCRIPTIVE_FIRM_RANGE_ONLY,OBSERVED,True,-0.0022726841285000132,0.0722726841285,True,False,False,False,False,False,False,False,MISSING,FIRM_NATIVE,MISSING,False,MISSING,FIRM_NATIVE,MISSING,False,,,,,,,,,,,CAPTURED,COMPOSITE_NO_FIRM_CLIP,False,0.02,0.09,0.8,1.3,HASH_BOUND_EXECUTED_ADAPTER_LITERALS,household_entry_old_state,,
5.0,30.0,155.0,0.014424565870159915,0.02,0.05,8.540112075028512,0.1,0.07,13328.962503024752,2956837.2756531197,35352332.8657332,0.6062701905125759,31816979.641904578,新疆,OWNER_A_CAPTURE_PID67056,2018,5,30,31,D:\ProjectTemp\ch5-mp4c-2018-final-production-path-faithful-durable-execution-20260903-001\household_call_ledger.csv,,,,,0.3,0.7212282935079958,4,3,,,,MISSING,MISSING,FIRM_NATIVE,MISSING,False,MISSING,FIRM_NATIVE,MISSING,False,,,,,,,,,,,CAPTURED,DESCRIPTIVE_FIRM_RANGE_ONLY,OBSERVED,True,-0.0055754341298400855,0.07557543412984008,True,False,False,False,False,False,False,False,MISSING,FIRM_NATIVE,MISSING,False,MISSING,FIRM_NATIVE,MISSING,False,,,,,,,,,,,CAPTURED,COMPOSITE_NO_FIRM_CLIP,False,0.02,0.09,0.8,1.3,HASH_BOUND_EXECUTED_ADAPTER_LITERALS,household_entry_old_state,,
6.0,0.0,156.0,0.017762607885975803,0.02,0.05,16.575540192937922,0.1,0.07,27948847.2144783,3060625.8263740703,44343524.92394849,1.1567526826671635,44343394.48166418,北京,OWNER_A_CAPTURE_PID67056,2018,6,0,1,D:\ProjectTemp\ch5-mp4c-2018-final-production-path-faithful-durable-execution-20260903-001\household_call_ledger.csv,,,,,0.12116569491184198,0.8881303942987903,5,4,,,,MISSING,MISSING,FIRM_NATIVE,MISSING,False,MISSING,FIRM_NATIVE,MISSING,False,,,,,,,,,,,CAPTURED,DESCRIPTIVE_FIRM_RANGE_ONLY,OBSERVED,True,-0.0022373921140241976,0.07223739211402419,True,False,False,False,False,False,False,False,MISSING,FIRM_NATIVE,MISSING,False,MISSING,FIRM_NATIVE,MISSING,False,,,,,,,,,,,CAPTURED,COMPOSITE_NO_FIRM_CLIP,False,0.02,0.09,0.8,1.3,HASH_BOUND_EXECUTED_ADAPTER_LITERALS,household_entry_old_state,,
6.0,1.0,157.0,0.01633043284004146,0.02,0.05,16.299345738305174,0.1,0.07,12317891.07155228,3141154.775394688,46203253.39765047,0.49097724585533403,46203122.53357029,天津,OWNER_A_CAPTURE_PID67056,2018,6,1,2,D:\ProjectTemp\ch5-mp4c-2018-final-production-path-faithful-durable-execution-20260903-001\household_call_ledger.csv,,,,,0.19817398532280342,0.816521642002073,5,4,,,,MISSING,MISSING,FIRM_NATIVE,MISSING,False,MISSING,FIRM_NATIVE,MISSING,False,,,,,,,,,,,CAPTURED,DESCRIPTIVE_FIRM_RANGE_ONLY,OBSERVED,True,-0.0036695671599585415,0.07366956715995854,True,False,False,False,False,False,False,False,MISSING,FIRM_NATIVE,MISSING,False,MISSING,FIRM_NATIVE,MISSING,False,,,,,,,,,,,CAPTURED,COMPOSITE_NO_FIRM_CLIP,False,0.02,0.09,0.8,1.3,HASH_BOUND_EXECUTED_ADAPTER_LITERALS,household_entry_old_state,,
6.0,2.0,158.0,0.019255654095097413,0.02,0.05,16.297296188151403,0.1,0.07,29953397.563577786,3216879.2756333607,81321226.99995655,0.7671113303718086,81321098.4854407,河北,OWNER_A_CAPTURE_PID67056,2018,6,2,3,D:\ProjectTemp\ch5-mp4c-2018-final-production-path-faithful-durable-execution-20260903-001\household_call_ledger.csv,,,,,0.04042780400496038,0.9627827047548705,5,4,,,,MISSING,MISSING,FIRM_NATIVE,MISSING,False,MISSING,FIRM_NATIVE,MISSING,False,,,,,,,,,,,CAPTURED,DESCRIPTIVE_FIRM_RANGE_ONLY,OBSERVED,True,-0.0007443459049025873,0.07074434590490258,True,False,False,False,False,False,False,False,MISSING,FIRM_NATIVE,MISSING,False,MISSING,FIRM_NATIVE,MISSING,False,,,,,,,,,,,CAPTURED,COMPOSITE_NO_FIRM_CLIP,False,0.02,0.09,0.8,1.3,HASH_BOUND_EXECUTED_ADAPTER_LITERALS,household_entry_old_state,,
6.0,3.0,159.0,0.01929054077481441,0.02,0.05,16.515360605244513,0.1,0.07,14710148.238722354,3165454.2187538557,33982634.32037739,0.7421543797562693,33982502.09848911,山西,OWNER_A_CAPTURE_PID67056,2018,6,3,4,D:\ProjectTemp\ch5-mp4c-2018-final-production-path-faithful-durable-execution-20260903-001\household_call_ledger.csv,,,,,0.0385356371748285,0.9645270387407204,5,4,,,,MISSING,MISSING,FIRM_NATIVE,MISSING,False,MISSING,FIRM_NATIVE,MISSING,False,,,,,,,,,,,CAPTURED,DESCRIPTIVE_FIRM_RANGE_ONLY,OBSERVED,True,-0.0007094592251855915,0.0707094592251856,True,False,False,False,False,False,False,False,MISSING,FIRM_NATIVE,MISSING,False,MISSING,FIRM_NATIVE,MISSING,False,,,,,,,,,,,CAPTURED,COMPOSITE_NO_FIRM_CLIP,False,0.02,0.09,0.8,1.3,HASH_BOUND_EXECUTED_ADAPTER_LITERALS,household_entry_old_state,,
6.0,4.0,160.0,0.017443086560031563,0.02,0.05,15.90212393318301,0.1,0.07,14878493.005844375,3105979.8087373553,51287808.41087266,0.548468659694467,51287678.41487427,内蒙古,OWNER_A_CAPTURE_PID67056,2018,6,4,5,D:\ProjectTemp\ch5-mp4c-2018-final-production-path-faithful-durable-execution-20260903-001\household_call_ledger.csv,,,,,0.13838331231905796,0.8721543280015782,5,4,,,,MISSING,MISSING,FIRM_NATIVE,MISSING,False,MISSING,FIRM_NATIVE,MISSING,False,,,,,,,,,,,CAPTURED,DESCRIPTIVE_FIRM_RANGE_ONLY,OBSERVED,True,-0.0025569134399684376,0.07255691343996844,True,False,False,False,False,False,False,False,MISSING,FIRM_NATIVE,MISSING,False,MISSING,FIRM_NATIVE,MISSING,False,,,,,,,,,,,CAPTURED,COMPOSITE_NO_FIRM_CLIP,False,0.02,0.09,0.8,1.3,HASH_BOUND_EXECUTED_ADAPTER_LITERALS,household_entry_old_state,,
6.0,5.0,161.0,0.01859293540504855,0.02,0.05,14.986257478119928,0.1,0.07,21671890.983936485,3145888.8643587315,60349220.37589316,0.7024597830832435,60349090.871412985,辽宁,OWNER_A_CAPTURE_PID67056,2018,6,5,6,D:\ProjectTemp\ch5-mp4c-2018-final-production-path-faithful-durable-execution-20260903-001\household_call_ledger.csv,,,,,0.07632297463521798,0.9296467702524277,5,4,,,,MISSING,MISSING,FIRM_NATIVE,MISSING,False,MISSING,FIRM_NATIVE,MISSING,False,,,,,,,,,,,CAPTURED,DESCRIPTIVE_FIRM_RANGE_ONLY,OBSERVED,True,-0.0014070645949514488,0.07140706459495144,True,False,False,False,False,False,False,False,MISSING,FIRM_NATIVE,MISSING,False,MISSING,FIRM_NATIVE,MISSING,False,,,,,,,,,,,CAPTURED,COMPOSITE_NO_FIRM_CLIP,False,0.02,0.09,0.8,1.3,HASH_BOUND_EXECUTED_ADAPTER_LITERALS,household_entry_old_state,,
6.0,6.0,162.0,0.018112130014698847,0.02,0.05,14.455391882505449,0.1,0.07,10373720.726770535,3087856.572276528,47151412.85637017,0.4086291282096365,47151282.17034441,吉林,OWNER_A_CAPTURE_PID67056,2018,6,6,7,D:\ProjectTemp\ch5-mp4c-2018-final-production-path-faithful-durable-execution-20260903-001\household_call_ledger.csv,,,,,0.1023070236880023,0.9056065007349425,5,4,,,,MISSING,MISSING,FIRM_NATIVE,MISSING,False,MISSING,FIRM_NATIVE,MISSING,False,,,,,,,,,,,CAPTURED,DESCRIPTIVE_FIRM_RANGE_ONLY,OBSERVED,True,-0.0018878699853011535,0.07188786998530115,True,False,False,False,False,False,False,False,MISSING,FIRM_NATIVE,MISSING,False,MISSING,FIRM_NATIVE,MISSING,False,,,,,,,,,,,CAPTURED,COMPOSITE_NO_FIRM_CLIP,False,0.02,0.09,0.8,1.3,HASH_BOUND_EXECUTED_ADAPTER_LITERALS,household_entry_old_state,,
6.0,7.0,163.0,0.01880591688995633,0.02,0.05,13.405705250240722,0.1,0.07,11841857.568800446,3030010.372359879,39802429.02635294,0.5340126178146921,39802297.244425744,黑龙江,OWNER_A_CAPTURE_PID67056,2018,6,7,8,D:\ProjectTemp\ch5-mp4c-2018-final-production-path-faithful-durable-execution-20260903-001\household_call_ledger.csv,,,,,0.06479729188901276,0.9402958444978166,5,4,,,,MISSING,MISSING,FIRM_NATIVE,MISSING,False,MISSING,FIRM_NATIVE,MISSING,False,,,,,,,,,,,CAPTURED,DESCRIPTIVE_FIRM_RANGE_ONLY,OBSERVED,True,-0.0011940831100436707,0.07119408311004366,True,False,False,False,False,False,False,False,MISSING,FIRM_NATIVE,MISSING,False,MISSING,FIRM_NATIVE,MISSING,False,,,,,,,,,,,CAPTURED,COMPOSITE_NO_FIRM_CLIP,False,0.02,0.09,0.8,1.3,HASH_BOUND_EXECUTED_ADAPTER_LITERALS,household_entry_old_state,,
6.0,8.0,164.0,0.01780729614804714,0.02,0.05,16.466716921475154,0.1,0.07,33195563.40763907,3072210.6778743477,48619123.6062456,1.2784601104197955,48618993.53094786,上海,OWNER_A_CAPTURE_PID67056,2018,6,8,9,D:\ProjectTemp\ch5-mp4c-2018-final-production-path-faithful-durable-execution-20260903-001\household_call_ledger.csv,,,,,0.11875593934055706,0.8903648074023569,5,4,,,,MISSING,MISSING,FIRM_NATIVE,MISSING,False,MISSING,FIRM_NATIVE,MISSING,False,,,,,,,,,,,CAPTURED,DESCRIPTIVE_FIRM_RANGE_ONLY,OBSERVED,True,-0.0021927038519528597,0.07219270385195285,True,False,False,False,False,False,False,False,MISSING,FIRM_NATIVE,MISSING,False,MISSING,FIRM_NATIVE,MISSING,False,,,,,,,,,,,CAPTURED,COMPOSITE_NO_FIRM_CLIP,False,0.02,0.09,0.8,1.3,HASH_BOUND_EXECUTED_ADAPTER_LITERALS,household_entry_old_state,,
6.0,9.0,165.0,0.018518691684590402,0.02,0.05,16.282064111608054,0.1,0.07,85354079.26305497,3198679.6064471165,134437384.4028833,1.4841133869286858,134437262.4009414,江苏,OWNER_A_CAPTURE_PID67056,2018,6,9,10,D:\ProjectTemp\ch5-mp4c-2018-final-production-path-faithful-durable-execution-20260903-001\household_call_ledger.csv,,,,,0.08033848825905156,0.92593458422952,5,4,,,,MISSING,MISSING,FIRM_NATIVE,MISSING,False,MISSING,FIRM_NATIVE,MISSING,False,,,,,,,,,,,CAPTURED,DESCRIPTIVE_FIRM_RANGE_ONLY,OBSERVED,True,-0.0014813083154095984,0.0714813083154096,True,False,False,False,False,False,False,False,MISSING,FIRM_NATIVE,MISSING,False,MISSING,FIRM_NATIVE,MISSING,False,,,,,,,,,,,CAPTURED,COMPOSITE_NO_FIRM_CLIP,False,0.02,0.09,0.8,1.3,HASH_BOUND_EXECUTED_ADAPTER_LITERALS,household_entry_old_state,,
6.0,10.0,166.0,0.018843396414647478,0.02,0.05,16.33081279437573,0.1,0.07,53466795.143476464,3140212.0214400366,88328056.74037215,1.2916178021881062,88327929.91991481,浙江,OWNER_A_CAPTURE_PID67056,2018,6,10,11,D:\ProjectTemp\ch5-mp4c-2018-final-production-path-faithful-durable-execution-20260903-001\household_call_ledger.csv,,,,,0.06276806168696052,0.9421698207323738,5,4,,,,MISSING,MISSING,FIRM_NATIVE,MISSING,False,MISSING,FIRM_NATIVE,MISSING,False,,,,,,,,,,,CAPTURED,DESCRIPTIVE_FIRM_RANGE_ONLY,OBSERVED,True,-0.0011566035853525225,0.07115660358535252,True,False,False,False,False,False,False,False,MISSING,FIRM_NATIVE,MISSING,False,MISSING,FIRM_NATIVE,MISSING,False,,,,,,,,,,,CAPTURED,COMPOSITE_NO_FIRM_CLIP,False,0.02,0.09,0.8,1.3,HASH_BOUND_EXECUTED_ADAPTER_LITERALS,household_entry_old_state,,
6.0,11.0,167.0,0.02,0.02,0.05,16.729782558779,0.1,0.07,31351131.198167745,3164988.6032337295,48882055.57323172,1.1943048929490467,48881920.728893764,安徽,OWNER_A_CAPTURE_PID67056,2018,6,11,12,D:\ProjectTemp\ch5-mp4c-2018-final-production-path-faithful-durable-execution-20260903-001\household_call_ledger.csv,,,,,0.0,1.0,5,4,,,0.02,DERIVED_IDENTITY_ZERO_EXTERNAL_WEIGHT,MISSING,FIRM_NATIVE,MISSING,False,MISSING,FIRM_NATIVE,MISSING,False,,,,,,,,,,,CAPTURED,DESCRIPTIVE_FIRM_RANGE_ONLY,OBSERVED,True,0.0,0.06999999999999999,False,False,True,False,True,False,False,False,MISSING,FIRM_NATIVE,MISSING,False,MISSING,FIRM_NATIVE,MISSING,False,,,,,,,,,,,CAPTURED,COMPOSITE_NO_FIRM_CLIP,False,0.02,0.09,0.8,1.3,HASH_BOUND_EXECUTED_ADAPTER_LITERALS,household_entry_old_state,,
6.0,12.0,168.0,0.018803899703814988,0.02,0.05,16.117713358238184,0.1,0.07,33004028.24325883,3096388.9846562864,68006066.27435485,0.9789553231386148,68005937.58931926,福建,OWNER_A_CAPTURE_PID67056,2018,6,12,13,D:\ProjectTemp\ch5-mp4c-2018-final-production-path-faithful-durable-execution-20260903-001\household_call_ledger.csv,,,,,0.0649064986932153,0.9401949851907495,5,4,,,,MISSING,MISSING,FIRM_NATIVE,MISSING,False,MISSING,FIRM_NATIVE,MISSING,False,,,,,,,,,,,CAPTURED,DESCRIPTIVE_FIRM_RANGE_ONLY,OBSERVED,True,-0.0011961002961850126,0.071196100296185,True,False,False,False,False,False,False,False,MISSING,FIRM_NATIVE,MISSING,False,MISSING,FIRM_NATIVE,MISSING,False,,,,,,,,,,,CAPTURED,COMPOSITE_NO_FIRM_CLIP,False,0.02,0.09,0.8,1.3,HASH_BOUND_EXECUTED_ADAPTER_LITERALS,household_entry_old_state,,
6.0,13.0,169.0,0.019638019283150888,0.02,0.05,16.440288985155384,0.1,0.07,20940450.700888608,3190556.197689228,34778475.53310836,1.0358910220589348,34778342.48896161,江西,OWNER_A_CAPTURE_PID67056,2018,6,13,14,D:\ProjectTemp\ch5-mp4c-2018-final-production-path-faithful-durable-execution-20260903-001\household_call_ledger.csv,,,,,0.019675113595976762,0.9819009641575444,5,4,,,,MISSING,MISSING,FIRM_NATIVE,MISSING,False,MISSING,FIRM_NATIVE,MISSING,False,,,,,,,,,,,CAPTURED,DESCRIPTIVE_FIRM_RANGE_ONLY,OBSERVED,True,-0.00036198071684911265,0.07036198071684911,True,False,False,False,False,False,False,False,MISSING,FIRM_NATIVE,MISSING,False,MISSING,FIRM_NATIVE,MISSING,False,,,,,,,,,,,CAPTURED,COMPOSITE_NO_FIRM_CLIP,False,0.02,0.09,0.8,1.3,HASH_BOUND_EXECUTED_ADAPTER_LITERALS,household_entry_old_state,,
6.0,14.0,170.0,0.01872971683987593,0.02,0.05,16.685788050285446,0.1,0.07,61436666.00975185,3139575.5790990544,141559328.24562973,1.030822106554423,141559206.8756976,山东,OWNER_A_CAPTURE_PID67056,2018,6,14,15,D:\ProjectTemp\ch5-mp4c-2018-final-production-path-faithful-durable-execution-20260903-001\household_call_ledger.csv,,,,,0.06892202679478683,0.9364858419937966,5,4,,,,MISSING,MISSING,FIRM_NATIVE,MISSING,False,MISSING,FIRM_NATIVE,MISSING,False,,,,,,,,,,,CAPTURED,DESCRIPTIVE_FIRM_RANGE_ONLY,OBSERVED,True,-0.0012702831601240708,0.07127028316012407,True,False,False,False,False,False,False,False,MISSING,FIRM_NATIVE,MISSING,False,MISSING,FIRM_NATIVE,MISSING,False,,,,,,,,,,,CAPTURED,COMPOSITE_NO_FIRM_CLIP,False,0.02,0.09,0.8,1.3,HASH_BOUND_EXECUTED_ADAPTER_LITERALS,household_entry_old_state,,
6.0,15.0,171.0,0.018906126738810855,0.02,0.05,17.122596796491933,0.1,0.07,46030717.684402846,3110277.08516122,116007991.67023392,0.9026999657194398,116007867.6854445,河南,OWNER_A_CAPTURE_PID67056,2018,6,15,16,D:\ProjectTemp\ch5-mp4c-2018-final-production-path-faithful-durable-execution-20260903-001\household_call_ledger.csv,,,,,0.05937102807378291,0.9453063369405427,5,4,,,,MISSING,MISSING,FIRM_NATIVE,MISSING,False,MISSING,FIRM_NATIVE,MISSING,False,,,,,,,,,,,CAPTURED,DESCRIPTIVE_FIRM_RANGE_ONLY,OBSERVED,True,-0.0010938732611891454,0.07109387326118914,True,False,False,False,False,False,False,False,MISSING,FIRM_NATIVE,MISSING,False,MISSING,FIRM_NATIVE,MISSING,False,,,,,,,,,,,CAPTURED,COMPOSITE_NO_FIRM_CLIP,False,0.02,0.09,0.8,1.3,HASH_BOUND_EXECUTED_ADAPTER_LITERALS,household_entry_old_state,,
6.0,16.0,172.0,0.01926271798470133,0.02,0.05,16.95241251538005,0.1,0.07,38735673.80446434,3136670.8185058003,69103427.89064795,1.1315118859239708,69103298.56346747,湖北,OWNER_A_CAPTURE_PID67056,2018,6,16,17,D:\ProjectTemp\ch5-mp4c-2018-final-production-path-faithful-durable-execution-20260903-001\household_call_ledger.csv,,,,,0.040044697087704216,0.9631358992350666,5,4,,,,MISSING,MISSING,FIRM_NATIVE,MISSING,False,MISSING,FIRM_NATIVE,MISSING,False,,,,,,,,,,,CAPTURED,DESCRIPTIVE_FIRM_RANGE_ONLY,OBSERVED,True,-0.0007372820152986709,0.07073728201529866,True,False,False,False,False,False,False,False,MISSING,FIRM_NATIVE,MISSING,False,MISSING,FIRM_NATIVE,MISSING,False,,,,,,,,,,,CAPTURED,COMPOSITE_NO_FIRM_CLIP,False,0.02,0.09,0.8,1.3,HASH_BOUND_EXECUTED_ADAPTER_LITERALS,household_entry_old_state,,
6.0,17.0,173.0,0.01959397819085186,0.02,0.05,16.668596715945935,0.1,0.07,33577147.0651062,3139201.6111270725,58475692.90413185,1.1157419407292595,58475561.368829764,湖南,OWNER_A_CAPTURE_PID67056,2018,6,17,18,D:\ProjectTemp\ch5-mp4c-2018-final-production-path-faithful-durable-execution-20260903-001\household_call_ledger.csv,,,,,0.02206701218325156,0.979698909542593,5,4,,,,MISSING,MISSING,FIRM_NATIVE,MISSING,False,MISSING,FIRM_NATIVE,MISSING,False,,,,,,,,,,,CAPTURED,DESCRIPTIVE_FIRM_RANGE_ONLY,OBSERVED,True,-0.0004060218091481403,0.07040602180914814,True,False,False,False,False,False,False,False,MISSING,FIRM_NATIVE,MISSING,False,MISSING,FIRM_NATIVE,MISSING,False,,,,,,,,,,,CAPTURED,COMPOSITE_NO_FIRM_CLIP,False,0.02,0.09,0.8,1.3,HASH_BOUND_EXECUTED_ADAPTER_LITERALS,household_entry_old_state,,
6.0,18.0,174.0,0.019170448987774116,0.02,0.05,16.093216073248765,0.1,0.07,89670270.63526939,3029518.5349258822,141438576.56478032,1.5177874850713224,141438453.0742206,广东,OWNER_A_CAPTURE_PID67056,2018,6,18,19,D:\ProjectTemp\ch5-mp4c-2018-final-production-path-faithful-durable-execution-20260903-001\household_call_ledger.csv,,,,,0.045048029371518965,0.9585224493887057,5,4,,,,MISSING,MISSING,FIRM_NATIVE,MISSING,False,MISSING,FIRM_NATIVE,MISSING,False,,,,,,,,,,,CAPTURED,DESCRIPTIVE_FIRM_RANGE_ONLY,OBSERVED,True,-0.0008295510122258848,0.07082955101222588,True,False,False,False,False,False,False,False,MISSING,FIRM_NATIVE,MISSING,False,MISSING,FIRM_NATIVE,MISSING,False,,,,,,,,,,,CAPTURED,COMPOSITE_NO_FIRM_CLIP,False,0.02,0.09,0.8,1.3,HASH_BOUND_EXECUTED_ADAPTER_LITERALS,household_entry_old_state,,
6.0,19.0,175.0,0.019330393185101852,0.02,0.05,15.415007294784706,0.1,0.07,18092842.70419557,3112056.750384901,47537932.68453739,0.706954145079166,47537801.189619295,广西,OWNER_A_CAPTURE_PID67056,2018,6,19,20,D:\ProjectTemp\ch5-mp4c-2018-final-production-path-faithful-durable-execution-20260903-001\household_call_ledger.csv,,,,,0.03637382456647036,0.9665196592550925,5,4,,,,MISSING,MISSING,FIRM_NATIVE,MISSING,False,MISSING,FIRM_NATIVE,MISSING,False,,,,,,,,,,,CAPTURED,DESCRIPTIVE_FIRM_RANGE_ONLY,OBSERVED,True,-0.0006696068148981486,0.07066960681489814,True,False,False,False,False,False,False,False,MISSING,FIRM_NATIVE,MISSING,False,MISSING,FIRM_NATIVE,MISSING,False,,,,,,,,,,,CAPTURED,COMPOSITE_NO_FIRM_CLIP,False,0.02,0.09,0.8,1.3,HASH_BOUND_EXECUTED_ADAPTER_LITERALS,household_entry_old_state,,
6.0,20.0,176.0,0.019485371754230936,0.02,0.05,14.35807678011812,0.1,0.07,4526661.697729635,3230335.8100981526,9027493.460489778,0.6332644132752523,9027359.13287727,海南,OWNER_A_CAPTURE_PID67056,2018,6,20,21,D:\ProjectTemp\ch5-mp4c-2018-final-production-path-faithful-durable-execution-20260903-001\household_call_ledger.csv,,,,,0.027963724364002344,0.9742685877115467,5,4,,,,MISSING,MISSING,FIRM_NATIVE,MISSING,False,MISSING,FIRM_NATIVE,MISSING,False,,,,,,,,,,,CAPTURED,DESCRIPTIVE_FIRM_RANGE_ONLY,OBSERVED,True,-0.0005146282457690644,0.07051462824576907,True,False,False,False,False,False,False,False,MISSING,FIRM_NATIVE,MISSING,False,MISSING,FIRM_NATIVE,MISSING,False,,,,,,,,,,,CAPTURED,COMPOSITE_NO_FIRM_CLIP,False,0.02,0.09,0.8,1.3,HASH_BOUND_EXECUTED_ADAPTER_LITERALS,household_entry_old_state,,
6.0,21.0,177.0,0.019084874864253837,0.02,0.05,16.24660209725379,0.1,0.07,18770716.850066945,3154562.575482407,35370994.33619226,0.9188777579272271,35370862.48582596,重庆,OWNER_A_CAPTURE_PID67056,2018,6,21,22,D:\ProjectTemp\ch5-mp4c-2018-final-production-path-faithful-durable-execution-20260903-001\household_call_ledger.csv,,,,,0.049686711943930977,0.9542437432126918,5,4,,,,MISSING,MISSING,FIRM_NATIVE,MISSING,False,MISSING,FIRM_NATIVE,MISSING,False,,,,,,,,,,,CAPTURED,DESCRIPTIVE_FIRM_RANGE_ONLY,OBSERVED,True,-0.0009151251357461636,0.07091512513574616,True,False,False,False,False,False,False,False,MISSING,FIRM_NATIVE,MISSING,False,MISSING,FIRM_NATIVE,MISSING,False,,,,,,,,,,,CAPTURED,COMPOSITE_NO_FIRM_CLIP,False,0.02,0.09,0.8,1.3,HASH_BOUND_EXECUTED_ADAPTER_LITERALS,household_entry_old_state,,
6.0,22.0,178.0,0.019801685822735875,0.02,0.05,16.16815023011857,0.1,0.07,39546993.65959705,3099161.081019722,62578101.00962643,1.2506653829501253,62577968.228057794,四川,OWNER_A_CAPTURE_PID67056,2018,6,22,23,D:\ProjectTemp\ch5-mp4c-2018-final-production-path-faithful-durable-execution-20260903-001\household_call_ledger.csv,,,,,0.010782650770128166,0.9900842911367937,5,4,,,,MISSING,MISSING,FIRM_NATIVE,MISSING,False,MISSING,FIRM_NATIVE,MISSING,False,,,,,,,,,,,CAPTURED,DESCRIPTIVE_FIRM_RANGE_ONLY,OBSERVED,True,-0.00019831417726412504,0.07019831417726412,True,False,False,False,False,False,False,False,MISSING,FIRM_NATIVE,MISSING,False,MISSING,FIRM_NATIVE,MISSING,False,,,,,,,,,,,CAPTURED,COMPOSITE_NO_FIRM_CLIP,False,0.02,0.09,0.8,1.3,HASH_BOUND_EXECUTED_ADAPTER_LITERALS,household_entry_old_state,,
6.0,23.0,179.0,0.019592830090328927,0.02,0.05,15.833930348702316,0.1,0.07,14152536.295135114,3167401.528437568,29523226.1491052,0.7959168756872512,29523092.91312267,贵州,OWNER_A_CAPTURE_PID67056,2018,6,23,24,D:\ProjectTemp\ch5-mp4c-2018-final-production-path-faithful-durable-execution-20260903-001\household_call_ledger.csv,,,,,0.02212936068262254,0.9796415045164464,5,4,,,,MISSING,MISSING,FIRM_NATIVE,MISSING,False,MISSING,FIRM_NATIVE,MISSING,False,,,,,,,,,,,CAPTURED,DESCRIPTIVE_FIRM_RANGE_ONLY,OBSERVED,True,-0.00040716990967107347,0.07040716990967107,True,False,False,False,False,False,False,False,MISSING,FIRM_NATIVE,MISSING,False,MISSING,FIRM_NATIVE,MISSING,False,,,,,,,,,,,CAPTURED,COMPOSITE_NO_FIRM_CLIP,False,0.02,0.09,0.8,1.3,HASH_BOUND_EXECUTED_ADAPTER_LITERALS,household_entry_old_state,,
6.0,24.0,180.0,0.019455802482018072,0.02,0.05,15.237535063835821,0.1,0.07,19247687.323492434,3081157.5254456406,48450984.5277464,0.7427824542350093,48450852.72803241,云南,OWNER_A_CAPTURE_PID67056,2018,6,24,25,D:\ProjectTemp\ch5-mp4c-2018-final-production-path-faithful-durable-execution-20260903-001\household_call_ledger.csv,,,,,0.029568731957169938,0.9727901241009035,5,4,,,,MISSING,MISSING,FIRM_NATIVE,MISSING,False,MISSING,FIRM_NATIVE,MISSING,False,,,,,,,,,,,CAPTURED,DESCRIPTIVE_FIRM_RANGE_ONLY,OBSERVED,True,-0.0005441975179819279,0.07054419751798192,True,False,False,False,False,False,False,False,MISSING,FIRM_NATIVE,MISSING,False,MISSING,FIRM_NATIVE,MISSING,False,,,,,,,,,,,CAPTURED,COMPOSITE_NO_FIRM_CLIP,False,0.02,0.09,0.8,1.3,HASH_BOUND_EXECUTED_ADAPTER_LITERALS,household_entry_old_state,,
6.0,25.0,181.0,0.014729461722625348,0.02,0.05,12.965548455117544,0.1,0.07,1362077.4817250178,3114969.0048799994,5414413.919985464,0.2852230749303066,5414279.3751376085,西藏,OWNER_A_CAPTURE_PID67056,2018,6,25,26,D:\ProjectTemp\ch5-mp4c-2018-final-production-path-faithful-durable-execution-20260903-001\household_call_ledger.csv,,,,,0.2837596352791583,0.7364730861312674,5,4,,,,MISSING,MISSING,FIRM_NATIVE,MISSING,False,MISSING,FIRM_NATIVE,MISSING,False,,,,,,,,,,,CAPTURED,DESCRIPTIVE_FIRM_RANGE_ONLY,OBSERVED,True,-0.005270538277374653,0.07527053827737465,True,False,False,False,False,False,False,False,MISSING,FIRM_NATIVE,MISSING,False,MISSING,FIRM_NATIVE,MISSING,False,,,,,,,,,,,CAPTURED,COMPOSITE_NO_FIRM_CLIP,False,0.02,0.09,0.8,1.3,HASH_BOUND_EXECUTED_ADAPTER_LITERALS,household_entry_old_state,,
6.0,26.0,182.0,0.019058940853329893,0.02,0.05,16.6617773612363,0.1,0.07,22069537.606565025,3154582.6858787695,45519268.15182146,0.8890036273020985,45519137.28732276,陕西,OWNER_A_CAPTURE_PID67056,2018,6,26,27,D:\ProjectTemp\ch5-mp4c-2018-final-production-path-faithful-durable-execution-20260903-001\household_call_ledger.csv,,,,,0.05109219959757891,0.9529470426664945,5,4,,,,MISSING,MISSING,FIRM_NATIVE,MISSING,False,MISSING,FIRM_NATIVE,MISSING,False,,,,,,,,,,,CAPTURED,DESCRIPTIVE_FIRM_RANGE_ONLY,OBSERVED,True,-0.0009410591466701076,0.07094105914667011,True,False,False,False,False,False,False,False,MISSING,FIRM_NATIVE,MISSING,False,MISSING,FIRM_NATIVE,MISSING,False,,,,,,,,,,,CAPTURED,COMPOSITE_NO_FIRM_CLIP,False,0.02,0.09,0.8,1.3,HASH_BOUND_EXECUTED_ADAPTER_LITERALS,household_entry_old_state,,
6.0,27.0,183.0,0.019886661499636943,0.02,0.05,15.595700028751619,0.1,0.07,7601230.149796851,3207506.869095996,16581689.710822353,0.6657424018173745,16581555.198307622,甘肃,OWNER_A_CAPTURE_PID67056,2018,6,27,28,D:\ProjectTemp\ch5-mp4c-2018-final-production-path-faithful-durable-execution-20260903-001\household_call_ledger.csv,,,,,0.006163422815411727,0.9943330749818472,5,4,,,,MISSING,MISSING,FIRM_NATIVE,MISSING,False,MISSING,FIRM_NATIVE,MISSING,False,,,,,,,,,,,CAPTURED,DESCRIPTIVE_FIRM_RANGE_ONLY,OBSERVED,True,-0.00011333850036305756,0.07011333850036305,True,False,False,False,False,False,False,False,MISSING,FIRM_NATIVE,MISSING,False,MISSING,FIRM_NATIVE,MISSING,False,,,,,,,,,,,CAPTURED,COMPOSITE_NO_FIRM_CLIP,False,0.02,0.09,0.8,1.3,HASH_BOUND_EXECUTED_ADAPTER_LITERALS,household_entry_old_state,,
6.0,28.0,184.0,0.01777996111430564,0.02,0.05,14.297708259477329,0.1,0.07,2533099.086164106,3162499.7898955415,11734340.524814187,0.29075678185525744,11734206.71313906,青海,OWNER_A_CAPTURE_PID67056,2018,6,28,29,D:\ProjectTemp\ch5-mp4c-2018-final-production-path-faithful-durable-execution-20260903-001\household_call_ledger.csv,,,,,0.12022999455338848,0.888998055715282,5,4,,,,MISSING,MISSING,FIRM_NATIVE,MISSING,False,MISSING,FIRM_NATIVE,MISSING,False,,,,,,,,,,,CAPTURED,DESCRIPTIVE_FIRM_RANGE_ONLY,OBSERVED,True,-0.0022200388856943587,0.07222003888569435,True,False,False,False,False,False,False,False,MISSING,FIRM_NATIVE,MISSING,False,MISSING,FIRM_NATIVE,MISSING,False,,,,,,,,,,,CAPTURED,COMPOSITE_NO_FIRM_CLIP,False,0.02,0.09,0.8,1.3,HASH_BOUND_EXECUTED_ADAPTER_LITERALS,household_entry_old_state,,
6.0,29.0,185.0,0.017727315871499987,0.02,0.05,15.78605255423374,0.1,0.07,3235702.1507560075,3223098.7522079865,12493238.153425006,0.3523216578387426,12493104.50331288,宁夏,OWNER_A_CAPTURE_PID67056,2018,6,29,30,D:\ProjectTemp\ch5-mp4c-2018-final-production-path-faithful-durable-execution-20260903-001\household_call_ledger.csv,,,,,0.1230684752371874,0.8863657935749993,5,4,,,,MISSING,MISSING,FIRM_NATIVE,MISSING,False,MISSING,FIRM_NATIVE,MISSING,False,,,,,,,,,,,CAPTURED,DESCRIPTIVE_FIRM_RANGE_ONLY,OBSERVED,True,-0.0022726841285000132,0.0722726841285,True,False,False,False,False,False,False,False,MISSING,FIRM_NATIVE,MISSING,False,MISSING,FIRM_NATIVE,MISSING,False,,,,,,,,,,,CAPTURED,COMPOSITE_NO_FIRM_CLIP,False,0.02,0.09,0.8,1.3,HASH_BOUND_EXECUTED_ADAPTER_LITERALS,household_entry_old_state,,
6.0,30.0,186.0,0.014424565870159915,0.02,0.05,12.249551869379992,0.1,0.07,11245070.486553637,2956818.747459505,31817112.9080514,0.6062701905125759,31816979.641904578,新疆,OWNER_A_CAPTURE_PID67056,2018,6,30,31,D:\ProjectTemp\ch5-mp4c-2018-final-production-path-faithful-durable-execution-20260903-001\household_call_ledger.csv,,,,,0.3,0.7212282935079958,5,4,,,,MISSING,MISSING,FIRM_NATIVE,MISSING,False,MISSING,FIRM_NATIVE,MISSING,False,,,,,,,,,,,CAPTURED,DESCRIPTIVE_FIRM_RANGE_ONLY,OBSERVED,True,-0.0055754341298400855,0.07557543412984008,True,False,False,False,False,False,False,False,MISSING,FIRM_NATIVE,MISSING,False,MISSING,FIRM_NATIVE,MISSING,False,,,,,,,,,,,CAPTURED,COMPOSITE_NO_FIRM_CLIP,False,0.02,0.09,0.8,1.3,HASH_BOUND_EXECUTED_ADAPTER_LITERALS,household_entry_old_state,,
7.0,0.0,187.0,0.07993173548689111,0.02,0.05,16.05573030475765,0.1,0.07,27889089.110920064,3031908.880948219,44343569.47411079,1.2575784767987246,48777733.9298306,北京,OWNER_A_CAPTURE_PID67056,2018,7,0,1,D:\ProjectTemp\ch5-mp4c-2018-final-production-path-faithful-durable-execution-20260903-001\household_call_ledger.csv,,,,,0.12116569491184198,0.8881303942987903,6,5,,,,MISSING,MISSING,FIRM_NATIVE,MISSING,False,MISSING,FIRM_NATIVE,MISSING,False,,,,,,,,,,,CAPTURED,DESCRIPTIVE_FIRM_RANGE_ONLY,OBSERVED,True,0.05993173548689111,0.010068264513108882,False,False,False,False,False,False,False,False,MISSING,FIRM_NATIVE,MISSING,False,MISSING,FIRM_NATIVE,MISSING,False,,,,,,,,,,,CAPTURED,COMPOSITE_NO_FIRM_CLIP,True,0.02,0.09,0.8,1.3,HASH_BOUND_EXECUTED_ADAPTER_LITERALS,household_entry_old_state,,
7.0,1.0,188.0,0.07348694778018657,0.02,0.05,15.851241296853106,0.1,0.07,12144682.755779274,2951280.8436943823,46203298.03843154,0.5402273398259859,50823434.78692732,天津,OWNER_A_CAPTURE_PID67056,2018,7,1,2,D:\ProjectTemp\ch5-mp4c-2018-final-production-path-faithful-durable-execution-20260903-001\household_call_ledger.csv,,,,,0.19817398532280342,0.816521642002073,6,5,,,,MISSING,MISSING,FIRM_NATIVE,MISSING,False,MISSING,FIRM_NATIVE,MISSING,False,,,,,,,,,,,CAPTURED,DESCRIPTIVE_FIRM_RANGE_ONLY,OBSERVED,True,0.05348694778018656,0.01651305221981343,False,False,False,False,False,False,False,False,MISSING,FIRM_NATIVE,MISSING,False,MISSING,FIRM_NATIVE,MISSING,False,,,,,,,,,,,CAPTURED,COMPOSITE_NO_FIRM_CLIP,True,0.02,0.09,0.8,1.3,HASH_BOUND_EXECUTED_ADAPTER_LITERALS,household_entry_old_state,,
7.0,2.0,189.0,0.08665044342793835,0.02,0.05,16.395023524052753,0.1,0.07,29585113.42096861,3046344.051735632,81321270.91475876,0.8425513021096833,89453208.33398478,河北,OWNER_A_CAPTURE_PID67056,2018,7,2,3,D:\ProjectTemp\ch5-mp4c-2018-final-production-path-faithful-durable-execution-20260903-001\household_call_ledger.csv,,,,,0.04042780400496038,0.9627827047548705,6,5,,,,MISSING,MISSING,FIRM_NATIVE,MISSING,False,MISSING,FIRM_NATIVE,MISSING,False,,,,,,,,,,,CAPTURED,DESCRIPTIVE_FIRM_RANGE_ONLY,OBSERVED,True,0.06665044342793834,0.0033495565720616516,False,False,False,False,False,False,False,False,MISSING,FIRM_NATIVE,MISSING,False,MISSING,FIRM_NATIVE,MISSING,False,,,,,,,,,,,CAPTURED,COMPOSITE_NO_FIRM_CLIP,True,0.02,0.09,0.8,1.3,HASH_BOUND_EXECUTED_ADAPTER_LITERALS,household_entry_old_state,,
7.0,3.0,190.0,0.08680743348666484,0.02,0.05,16.178866947563428,0.1,0.07,14586110.854357922,3049600.843640122,33982679.484625906,0.8119639423062137,37380752.30833803,山西,OWNER_A_CAPTURE_PID67056,2018,7,3,4,D:\ProjectTemp\ch5-mp4c-2018-final-production-path-faithful-durable-execution-20260903-001\household_call_ledger.csv,,,,,0.0385356371748285,0.9645270387407204,6,5,,,,MISSING,MISSING,FIRM_NATIVE,MISSING,False,MISSING,FIRM_NATIVE,MISSING,False,,,,,,,,,,,CAPTURED,DESCRIPTIVE_FIRM_RANGE_ONLY,OBSERVED,True,0.06680743348666483,0.00319256651333516,False,False,False,False,False,False,False,False,MISSING,FIRM_NATIVE,MISSING,False,MISSING,FIRM_NATIVE,MISSING,False,,,,,,,,,,,CAPTURED,COMPOSITE_NO_FIRM_CLIP,True,0.02,0.09,0.8,1.3,HASH_BOUND_EXECUTED_ADAPTER_LITERALS,household_entry_old_state,,
7.0,4.0,191.0,0.07849388952014204,0.02,0.05,15.478548628725791,0.1,0.07,14796689.687970713,3031486.4803031576,51287852.77142587,0.5982892924251199,56416446.2563617,内蒙古,OWNER_A_CAPTURE_PID67056,2018,7,4,5,D:\ProjectTemp\ch5-mp4c-2018-final-production-path-faithful-durable-execution-20260903-001\household_call_ledger.csv,,,,,0.13838331231905796,0.8721543280015782,6,5,,,,MISSING,MISSING,FIRM_NATIVE,MISSING,False,MISSING,FIRM_NATIVE,MISSING,False,,,,,,,,,,,CAPTURED,DESCRIPTIVE_FIRM_RANGE_ONLY,OBSERVED,True,0.058493889520142034,0.011506110479857959,False,False,False,False,False,False,False,False,MISSING,FIRM_NATIVE,MISSING,False,MISSING,FIRM_NATIVE,MISSING,False,,,,,,,,,,,CAPTURED,COMPOSITE_NO_FIRM_CLIP,True,0.02,0.09,0.8,1.3,HASH_BOUND_EXECUTED_ADAPTER_LITERALS,household_entry_old_state,,
7.0,5.0,192.0,0.08366820932271848,0.02,0.05,14.925712760153646,0.1,0.07,21463481.25023417,3014850.3860411374,60349264.46491543,0.7694548958593758,66383999.95855429,辽宁,OWNER_A_CAPTURE_PID67056,2018,7,5,6,D:\ProjectTemp\ch5-mp4c-2018-final-production-path-faithful-durable-execution-20260903-001\household_call_ledger.csv,,,,,0.07632297463521798,0.9296467702524277,6,5,,,,MISSING,MISSING,FIRM_NATIVE,MISSING,False,MISSING,FIRM_NATIVE,MISSING,False,,,,,,,,,,,CAPTURED,DESCRIPTIVE_FIRM_RANGE_ONLY,OBSERVED,True,0.06366820932271848,0.0063317906772815125,False,False,False,False,False,False,False,False,MISSING,FIRM_NATIVE,MISSING,False,MISSING,FIRM_NATIVE,MISSING,False,,,,,,,,,,,CAPTURED,COMPOSITE_NO_FIRM_CLIP,True,0.02,0.09,0.8,1.3,HASH_BOUND_EXECUTED_ADAPTER_LITERALS,household_entry_old_state,,
7.0,6.0,193.0,0.08150458506614482,0.02,0.05,14.087535091664364,0.1,0.07,10147926.259999428,2802709.5917315613,47151457.32183013,0.45316003009043826,51866410.38737886,吉林,OWNER_A_CAPTURE_PID67056,2018,7,6,7,D:\ProjectTemp\ch5-mp4c-2018-final-production-path-faithful-durable-execution-20260903-001\household_call_ledger.csv,,,,,0.1023070236880023,0.9056065007349425,6,5,,,,MISSING,MISSING,FIRM_NATIVE,MISSING,False,MISSING,FIRM_NATIVE,MISSING,False,,,,,,,,,,,CAPTURED,DESCRIPTIVE_FIRM_RANGE_ONLY,OBSERVED,True,0.06150458506614481,0.00849541493385518,False,False,False,False,False,False,False,False,MISSING,FIRM_NATIVE,MISSING,False,MISSING,FIRM_NATIVE,MISSING,False,,,,,,,,,,,CAPTURED,COMPOSITE_NO_FIRM_CLIP,True,0.02,0.09,0.8,1.3,HASH_BOUND_EXECUTED_ADAPTER_LITERALS,household_entry_old_state,,
7.0,7.0,194.0,0.08462662600480349,0.02,0.05,13.072983661540231,0.1,0.07,11659320.631626852,2829692.889040294,39802473.83712285,0.5883870348455478,43782526.96886832,黑龙江,OWNER_A_CAPTURE_PID67056,2018,7,7,8,D:\ProjectTemp\ch5-mp4c-2018-final-production-path-faithful-durable-execution-20260903-001\household_call_ledger.csv,,,,,0.06479729188901276,0.9402958444978166,6,5,,,,MISSING,MISSING,FIRM_NATIVE,MISSING,False,MISSING,FIRM_NATIVE,MISSING,False,,,,,,,,,,,CAPTURED,DESCRIPTIVE_FIRM_RANGE_ONLY,OBSERVED,True,0.06462662600480348,0.005373373995196509,False,False,False,False,False,False,False,False,MISSING,FIRM_NATIVE,MISSING,False,MISSING,FIRM_NATIVE,MISSING,False,,,,,,,,,,,CAPTURED,COMPOSITE_NO_FIRM_CLIP,True,0.02,0.09,0.8,1.3,HASH_BOUND_EXECUTED_ADAPTER_LITERALS,household_entry_old_state,,
7.0,8.0,195.0,0.08013283266621211,0.02,0.05,16.037821831076165,0.1,0.07,33087515.201730777,3028418.6843705443,48619167.97616846,1.3914515820519975,53480892.88404264,上海,OWNER_A_CAPTURE_PID67056,2018,7,8,9,D:\ProjectTemp\ch5-mp4c-2018-final-production-path-faithful-durable-execution-20260903-001\household_call_ledger.csv,,,,,0.11875593934055706,0.8903648074023569,6,5,,,,MISSING,MISSING,FIRM_NATIVE,MISSING,False,MISSING,FIRM_NATIVE,MISSING,False,,,,,,,,,,,CAPTURED,DESCRIPTIVE_FIRM_RANGE_ONLY,OBSERVED,True,0.06013283266621211,0.009867167333787882,False,False,False,False,False,False,False,False,MISSING,FIRM_NATIVE,MISSING,False,MISSING,FIRM_NATIVE,MISSING,False,,,,,,,,,,,CAPTURED,COMPOSITE_NO_FIRM_CLIP,True,0.02,0.09,0.8,1.3,HASH_BOUND_EXECUTED_ADAPTER_LITERALS,household_entry_old_state,,
7.0,9.0,196.0,0.0833341125806568,0.02,0.05,16.679710792886464,0.1,0.07,83947966.19330363,2973095.1622605124,134437426.00167632,1.6369910903092058,147880988.64103556,江苏,OWNER_A_CAPTURE_PID67056,2018,7,9,10,D:\ProjectTemp\ch5-mp4c-2018-final-production-path-faithful-durable-execution-20260903-001\household_call_ledger.csv,,,,,0.08033848825905156,0.92593458422952,6,5,,,,MISSING,MISSING,FIRM_NATIVE,MISSING,False,MISSING,FIRM_NATIVE,MISSING,False,,,,,,,,,,,CAPTURED,DESCRIPTIVE_FIRM_RANGE_ONLY,OBSERVED,True,0.0633341125806568,0.006665887419343194,False,False,False,False,False,False,False,False,MISSING,FIRM_NATIVE,MISSING,False,MISSING,FIRM_NATIVE,MISSING,False,,,,,,,,,,,CAPTURED,COMPOSITE_NO_FIRM_CLIP,True,0.02,0.09,0.8,1.3,HASH_BOUND_EXECUTED_ADAPTER_LITERALS,household_entry_old_state,,
7.0,10.0,197.0,0.08479528386591365,0.02,0.05,16.35926641672188,0.1,0.07,52911300.698981054,2999085.8037658418,88328100.00900717,1.4159073719938078,97160722.9119063,浙江,OWNER_A_CAPTURE_PID67056,2018,7,10,11,D:\ProjectTemp\ch5-mp4c-2018-final-production-path-faithful-durable-execution-20260903-001\household_call_ledger.csv,,,,,0.06276806168696052,0.9421698207323738,6,5,,,,MISSING,MISSING,FIRM_NATIVE,MISSING,False,MISSING,FIRM_NATIVE,MISSING,False,,,,,,,,,,,CAPTURED,DESCRIPTIVE_FIRM_RANGE_ONLY,OBSERVED,True,0.06479528386591364,0.005204716134086351,False,False,False,False,False,False,False,False,MISSING,FIRM_NATIVE,MISSING,False,MISSING,FIRM_NATIVE,MISSING,False,,,,,,,,,,,CAPTURED,COMPOSITE_NO_FIRM_CLIP,True,0.02,0.09,0.8,1.3,HASH_BOUND_EXECUTED_ADAPTER_LITERALS,household_entry_old_state,,
7.0,11.0,198.0,0.09,0.02,0.05,16.595370231233797,0.1,0.07,31105895.357173283,3057421.667726881,48882101.59108236,1.305842373615601,53770112.801783144,安徽,OWNER_A_CAPTURE_PID67056,2018,7,11,12,D:\ProjectTemp\ch5-mp4c-2018-final-production-path-faithful-durable-execution-20260903-001\household_call_ledger.csv,,,,,0.0,1.0,6,5,,,0.09,DERIVED_IDENTITY_ZERO_EXTERNAL_WEIGHT,MISSING,FIRM_NATIVE,MISSING,False,MISSING,FIRM_NATIVE,MISSING,False,,,,,,,,,,,CAPTURED,DESCRIPTIVE_FIRM_RANGE_ONLY,OBSERVED,True,0.06999999999999999,0.0,False,False,False,True,False,True,False,False,MISSING,FIRM_NATIVE,MISSING,False,MISSING,FIRM_NATIVE,MISSING,False,,,,,,,,,,,CAPTURED,COMPOSITE_NO_FIRM_CLIP,True,0.02,0.09,0.8,1.3,HASH_BOUND_EXECUTED_ADAPTER_LITERALS,household_entry_old_state,,
7.0,12.0,199.0,0.08461754866716745,0.02,0.05,15.847644404423002,0.1,0.07,32828189.985333618,3024407.190740775,68006110.15344429,1.0676968655148864,74806531.3482512,福建,OWNER_A_CAPTURE_PID67056,2018,7,12,13,D:\ProjectTemp\ch5-mp4c-2018-final-production-path-faithful-durable-execution-20260903-001\household_call_ledger.csv,,,,,0.0649064986932153,0.9401949851907495,6,5,,,,MISSING,MISSING,FIRM_NATIVE,MISSING,False,MISSING,FIRM_NATIVE,MISSING,False,,,,,,,,,,,CAPTURED,DESCRIPTIVE_FIRM_RANGE_ONLY,OBSERVED,True,0.06461754866716744,0.00538245133283255,False,False,False,False,False,False,False,False,MISSING,FIRM_NATIVE,MISSING,False,MISSING,FIRM_NATIVE,MISSING,False,,,,,,,,,,,CAPTURED,COMPOSITE_NO_FIRM_CLIP,True,0.02,0.09,0.8,1.3,HASH_BOUND_EXECUTED_ADAPTER_LITERALS,household_entry_old_state,,
7.0,13.0,200.0,0.08837108677417899,0.02,0.05,16.29537870521287,0.1,0.07,20784593.110704813,3087307.8986150045,34778520.94828223,1.1322009636066834,38256176.737857774,江西,OWNER_A_CAPTURE_PID67056,2018,7,13,14,D:\ProjectTemp\ch5-mp4c-2018-final-production-path-faithful-durable-execution-20260903-001\household_call_ledger.csv,,,,,0.019675113595976762,0.9819009641575444,6,5,,,,MISSING,MISSING,FIRM_NATIVE,MISSING,False,MISSING,FIRM_NATIVE,MISSING,False,,,,,,,,,,,CAPTURED,DESCRIPTIVE_FIRM_RANGE_ONLY,OBSERVED,True,0.06837108677417898,0.0016289132258210104,False,False,False,False,False,False,False,False,MISSING,FIRM_NATIVE,MISSING,False,MISSING,FIRM_NATIVE,MISSING,False,,,,,,,,,,,CAPTURED,COMPOSITE_NO_FIRM_CLIP,True,0.02,0.09,0.8,1.3,HASH_BOUND_EXECUTED_ADAPTER_LITERALS,household_entry_old_state,,
7.0,14.0,201.0,0.08428372577944168,0.02,0.05,16.723506204945537,0.1,0.07,60774660.03519887,2993335.488001952,141559369.81648725,1.130456814288736,155715127.56326738,山东,OWNER_A_CAPTURE_PID67056,2018,7,14,15,D:\ProjectTemp\ch5-mp4c-2018-final-production-path-faithful-durable-execution-20260903-001\household_call_ledger.csv,,,,,0.06892202679478683,0.9364858419937966,6,5,,,,MISSING,MISSING,FIRM_NATIVE,MISSING,False,MISSING,FIRM_NATIVE,MISSING,False,,,,,,,,,,,CAPTURED,DESCRIPTIVE_FIRM_RANGE_ONLY,OBSERVED,True,0.06428372577944168,0.005716274220558315,False,False,False,False,False,False,False,False,MISSING,FIRM_NATIVE,MISSING,False,MISSING,FIRM_NATIVE,MISSING,False,,,,,,,,,,,CAPTURED,COMPOSITE_NO_FIRM_CLIP,True,0.02,0.09,0.8,1.3,HASH_BOUND_EXECUTED_ADAPTER_LITERALS,household_entry_old_state,,
7.0,15.0,202.0,0.08507757032464885,0.02,0.05,16.876509392235082,0.1,0.07,45737236.03427561,3023908.2364882096,116008034.2006038,0.9855675402944863,127608654.45398897,河南,OWNER_A_CAPTURE_PID67056,2018,7,15,16,D:\ProjectTemp\ch5-mp4c-2018-final-production-path-faithful-durable-execution-20260903-001\household_call_ledger.csv,,,,,0.05937102807378291,0.9453063369405427,6,5,,,,MISSING,MISSING,FIRM_NATIVE,MISSING,False,MISSING,FIRM_NATIVE,MISSING,False,,,,,,,,,,,CAPTURED,DESCRIPTIVE_FIRM_RANGE_ONLY,OBSERVED,True,0.06507757032464885,0.004922429675351142,False,False,False,False,False,False,False,False,MISSING,FIRM_NATIVE,MISSING,False,MISSING,FIRM_NATIVE,MISSING,False,,,,,,,,,,,CAPTURED,COMPOSITE_NO_FIRM_CLIP,True,0.02,0.09,0.8,1.3,HASH_BOUND_EXECUTED_ADAPTER_LITERALS,household_entry_old_state,,
7.0,16.0,203.0,0.08668223093115598,0.02,0.05,16.76805273285926,0.1,0.07,38464359.469505735,3041083.1517999982,69103472.11171708,1.2361660651699862,76013628.41981423,湖北,OWNER_A_CAPTURE_PID67056,2018,7,16,17,D:\ProjectTemp\ch5-mp4c-2018-final-production-path-faithful-durable-execution-20260903-001\household_call_ledger.csv,,,,,0.040044697087704216,0.9631358992350666,6,5,,,,MISSING,MISSING,FIRM_NATIVE,MISSING,False,MISSING,FIRM_NATIVE,MISSING,False,,,,,,,,,,,CAPTURED,DESCRIPTIVE_FIRM_RANGE_ONLY,OBSERVED,True,0.06668223093115598,0.003317769068844012,False,False,False,False,False,False,False,False,MISSING,FIRM_NATIVE,MISSING,False,MISSING,FIRM_NATIVE,MISSING,False,,,,,,,,,,,CAPTURED,COMPOSITE_NO_FIRM_CLIP,True,0.02,0.09,0.8,1.3,HASH_BOUND_EXECUTED_ADAPTER_LITERALS,household_entry_old_state,,
7.0,17.0,204.0,0.08817290185883336,0.02,0.05,16.49058069608434,0.1,0.07,33344825.768922172,3044685.6334825405,58475737.834366485,1.2188328933377044,64323117.50571275,湖南,OWNER_A_CAPTURE_PID67056,2018,7,17,18,D:\ProjectTemp\ch5-mp4c-2018-final-production-path-faithful-durable-execution-20260903-001\household_call_ledger.csv,,,,,0.02206701218325156,0.979698909542593,6,5,,,,MISSING,MISSING,FIRM_NATIVE,MISSING,False,MISSING,FIRM_NATIVE,MISSING,False,,,,,,,,,,,CAPTURED,DESCRIPTIVE_FIRM_RANGE_ONLY,OBSERVED,True,0.06817290185883336,0.0018270981411666332,False,False,False,False,False,False,False,False,MISSING,FIRM_NATIVE,MISSING,False,MISSING,FIRM_NATIVE,MISSING,False,,,,,,,,,,,CAPTURED,COMPOSITE_NO_FIRM_CLIP,True,0.02,0.09,0.8,1.3,HASH_BOUND_EXECUTED_ADAPTER_LITERALS,household_entry_old_state,,
7.0,18.0,205.0,0.08626702044498351,0.02,0.05,15.905700550811813,0.1,0.07,89047076.65206805,2937908.312999413,141438618.69094265,1.658077810443399,155582298.38164267,广东,OWNER_A_CAPTURE_PID67056,2018,7,18,19,D:\ProjectTemp\ch5-mp4c-2018-final-production-path-faithful-durable-execution-20260903-001\household_call_ledger.csv,,,,,0.045048029371518965,0.9585224493887057,6,5,,,,MISSING,MISSING,FIRM_NATIVE,MISSING,False,MISSING,FIRM_NATIVE,MISSING,False,,,,,,,,,,,CAPTURED,DESCRIPTIVE_FIRM_RANGE_ONLY,OBSERVED,True,0.0662670204449835,0.0037329795550164885,False,False,False,False,False,False,False,False,MISSING,FIRM_NATIVE,MISSING,False,MISSING,FIRM_NATIVE,MISSING,False,,,,,,,,,,,CAPTURED,COMPOSITE_NO_FIRM_CLIP,True,0.02,0.09,0.8,1.3,HASH_BOUND_EXECUTED_ADAPTER_LITERALS,household_entry_old_state,,
7.0,19.0,206.0,0.08698676933295832,0.02,0.05,15.151520520817533,0.1,0.07,18006434.92986544,3047141.3589525106,47537977.52906918,0.7706112671593677,52291581.308581226,广西,OWNER_A_CAPTURE_PID67056,2018,7,19,20,D:\ProjectTemp\ch5-mp4c-2018-final-production-path-faithful-durable-execution-20260903-001\household_call_ledger.csv,,,,,0.03637382456647036,0.9665196592550925,6,5,,,,MISSING,MISSING,FIRM_NATIVE,MISSING,False,MISSING,FIRM_NATIVE,MISSING,False,,,,,,,,,,,CAPTURED,DESCRIPTIVE_FIRM_RANGE_ONLY,OBSERVED,True,0.06698676933295832,0.0030132306670416775,False,False,False,False,False,False,False,False,MISSING,FIRM_NATIVE,MISSING,False,MISSING,FIRM_NATIVE,MISSING,False,,,,,,,,,,,CAPTURED,COMPOSITE_NO_FIRM_CLIP,True,0.02,0.09,0.8,1.3,HASH_BOUND_EXECUTED_ADAPTER_LITERALS,household_entry_old_state,,
7.0,20.0,207.0,0.0876841728940392,0.02,0.05,14.22988350885713,0.1,0.07,4394538.1186600095,2835309.0616992237,9027539.284227675,0.7076432466069686,9930095.046164997,海南,OWNER_A_CAPTURE_PID67056,2018,7,20,21,D:\ProjectTemp\ch5-mp4c-2018-final-production-path-faithful-durable-execution-20260903-001\household_call_ledger.csv,,,,,0.027963724364002344,0.9742685877115467,6,5,,,,MISSING,MISSING,FIRM_NATIVE,MISSING,False,MISSING,FIRM_NATIVE,MISSING,False,,,,,,,,,,,CAPTURED,DESCRIPTIVE_FIRM_RANGE_ONLY,OBSERVED,True,0.06768417289403919,0.002315827105960802,False,False,False,False,False,False,False,False,MISSING,FIRM_NATIVE,MISSING,False,MISSING,FIRM_NATIVE,MISSING,False,,,,,,,,,,,CAPTURED,COMPOSITE_NO_FIRM_CLIP,True,0.02,0.09,0.8,1.3,HASH_BOUND_EXECUTED_ADAPTER_LITERALS,household_entry_old_state,,
7.0,21.0,208.0,0.08588193688914225,0.02,0.05,16.016850730405856,0.1,0.07,18661576.19946975,3074590.556276832,35371039.361713566,1.002663557003175,38907948.734408565,重庆,OWNER_A_CAPTURE_PID67056,2018,7,21,22,D:\ProjectTemp\ch5-mp4c-2018-final-production-path-faithful-durable-execution-20260903-001\household_call_ledger.csv,,,,,0.049686711943930977,0.9542437432126918,6,5,,,,MISSING,MISSING,FIRM_NATIVE,MISSING,False,MISSING,FIRM_NATIVE,MISSING,False,,,,,,,,,,,CAPTURED,DESCRIPTIVE_FIRM_RANGE_ONLY,OBSERVED,True,0.06588193688914225,0.004118063110857745,False,False,False,False,False,False,False,False,MISSING,FIRM_NATIVE,MISSING,False,MISSING,FIRM_NATIVE,MISSING,False,,,,,,,,,,,CAPTURED,COMPOSITE_NO_FIRM_CLIP,True,0.02,0.09,0.8,1.3,HASH_BOUND_EXECUTED_ADAPTER_LITERALS,household_entry_old_state,,
7.0,22.0,209.0,0.08910758620231143,0.02,0.05,16.02889610384663,0.1,0.07,39249452.92571409,2997801.2498846943,62578146.35565834,1.3670552664114202,68835765.05086358,四川,OWNER_A_CAPTURE_PID67056,2018,7,22,23,D:\ProjectTemp\ch5-mp4c-2018-final-production-path-faithful-durable-execution-20260903-001\household_call_ledger.csv,,,,,0.010782650770128166,0.9900842911367937,6,5,,,,MISSING,MISSING,FIRM_NATIVE,MISSING,False,MISSING,FIRM_NATIVE,MISSING,False,,,,,,,,,,,CAPTURED,DESCRIPTIVE_FIRM_RANGE_ONLY,OBSERVED,True,0.06910758620231143,0.0008924137976885627,False,False,False,False,False,False,False,False,MISSING,FIRM_NATIVE,MISSING,False,MISSING,FIRM_NATIVE,MISSING,False,,,,,,,,,,,CAPTURED,COMPOSITE_NO_FIRM_CLIP,True,0.02,0.09,0.8,1.3,HASH_BOUND_EXECUTED_ADAPTER_LITERALS,household_entry_old_state,,
7.0,23.0,210.0,0.08816773540648017,0.02,0.05,15.613469533523814,0.1,0.07,13989933.742368203,3010269.708366899,29523271.62305085,0.8734765410619945,32475402.20443494,贵州,OWNER_A_CAPTURE_PID67056,2018,7,23,24,D:\ProjectTemp\ch5-mp4c-2018-final-production-path-faithful-durable-execution-20260903-001\household_call_ledger.csv,,,,,0.02212936068262254,0.9796415045164464,6,5,,,,MISSING,MISSING,FIRM_NATIVE,MISSING,False,MISSING,FIRM_NATIVE,MISSING,False,,,,,,,,,,,CAPTURED,DESCRIPTIVE_FIRM_RANGE_ONLY,OBSERVED,True,0.06816773540648016,0.0018322645935198306,False,False,False,False,False,False,False,False,MISSING,FIRM_NATIVE,MISSING,False,MISSING,FIRM_NATIVE,MISSING,False,,,,,,,,,,,CAPTURED,COMPOSITE_NO_FIRM_CLIP,True,0.02,0.09,0.8,1.3,HASH_BOUND_EXECUTED_ADAPTER_LITERALS,household_entry_old_state,,
7.0,24.0,211.0,0.0875511111690813,0.02,0.05,14.944735384333141,0.1,0.07,19166153.007954687,3024096.9481234537,48451029.48802536,0.8092268485457681,53295938.00083566,云南,OWNER_A_CAPTURE_PID67056,2018,7,24,25,D:\ProjectTemp\ch5-mp4c-2018-final-production-path-faithful-durable-execution-20260903-001\household_call_ledger.csv,,,,,0.029568731957169938,0.9727901241009035,6,5,,,,MISSING,MISSING,FIRM_NATIVE,MISSING,False,MISSING,FIRM_NATIVE,MISSING,False,,,,,,,,,,,CAPTURED,DESCRIPTIVE_FIRM_RANGE_ONLY,OBSERVED,True,0.0675511111690813,0.0024488888309186913,False,False,False,False,False,False,False,False,MISSING,FIRM_NATIVE,MISSING,False,MISSING,FIRM_NATIVE,MISSING,False,,,,,,,,,,,CAPTURED,COMPOSITE_NO_FIRM_CLIP,True,0.02,0.09,0.8,1.3,HASH_BOUND_EXECUTED_ADAPTER_LITERALS,household_entry_old_state,,
7.0,25.0,212.0,0.06628257775181406,0.02,0.05,12.662400843935362,0.1,0.07,1328199.9408265657,2787937.203043262,5414459.815223885,0.31731229557726787,5955707.31265137,西藏,OWNER_A_CAPTURE_PID67056,2018,7,25,26,D:\ProjectTemp\ch5-mp4c-2018-final-production-path-faithful-durable-execution-20260903-001\household_call_ledger.csv,,,,,0.2837596352791583,0.7364730861312674,6,5,,,,MISSING,MISSING,FIRM_NATIVE,MISSING,False,MISSING,FIRM_NATIVE,MISSING,False,,,,,,,,,,,CAPTURED,DESCRIPTIVE_FIRM_RANGE_ONLY,OBSERVED,True,0.04628257775181406,0.023717422248185932,False,False,False,False,False,False,False,False,MISSING,FIRM_NATIVE,MISSING,False,MISSING,FIRM_NATIVE,MISSING,False,,,,,,,,,,,CAPTURED,COMPOSITE_NO_FIRM_CLIP,False,0.02,0.09,0.8,1.3,HASH_BOUND_EXECUTED_ADAPTER_LITERALS,household_entry_old_state,,
7.0,26.0,213.0,0.08576523383998451,0.02,0.05,16.41512755883684,0.1,0.07,21939623.241684612,3073630.5075666495,45519312.88288835,0.9701359923078269,50071051.01605504,陕西,OWNER_A_CAPTURE_PID67056,2018,7,26,27,D:\ProjectTemp\ch5-mp4c-2018-final-production-path-faithful-durable-execution-20260903-001\household_call_ledger.csv,,,,,0.05109219959757891,0.9529470426664945,6,5,,,,MISSING,MISSING,FIRM_NATIVE,MISSING,False,MISSING,FIRM_NATIVE,MISSING,False,,,,,,,,,,,CAPTURED,DESCRIPTIVE_FIRM_RANGE_ONLY,OBSERVED,True,0.0657652338399845,0.004234766160015488,False,False,False,False,False,False,False,False,MISSING,FIRM_NATIVE,MISSING,False,MISSING,FIRM_NATIVE,MISSING,False,,,,,,,,,,,CAPTURED,COMPOSITE_NO_FIRM_CLIP,True,0.02,0.09,0.8,1.3,HASH_BOUND_EXECUTED_ADAPTER_LITERALS,household_entry_old_state,,
7.0,27.0,214.0,0.08948997674836623,0.02,0.05,15.376741725796235,0.1,0.07,7389943.314888649,2833102.8050783304,16581735.619097792,0.7428715195373554,18239710.718138386,甘肃,OWNER_A_CAPTURE_PID67056,2018,7,27,28,D:\ProjectTemp\ch5-mp4c-2018-final-production-path-faithful-durable-execution-20260903-001\household_call_ledger.csv,,,,,0.006163422815411727,0.9943330749818472,6,5,,,,MISSING,MISSING,FIRM_NATIVE,MISSING,False,MISSING,FIRM_NATIVE,MISSING,False,,,,,,,,,,,CAPTURED,DESCRIPTIVE_FIRM_RANGE_ONLY,OBSERVED,True,0.06948997674836623,0.0005100232516337677,False,False,False,False,False,False,False,False,MISSING,FIRM_NATIVE,MISSING,False,MISSING,FIRM_NATIVE,MISSING,False,,,,,,,,,,,CAPTURED,COMPOSITE_NO_FIRM_CLIP,True,0.02,0.09,0.8,1.3,HASH_BOUND_EXECUTED_ADAPTER_LITERALS,household_entry_old_state,,
7.0,28.0,215.0,0.08000982501437538,0.02,0.05,13.968267945556219,0.1,0.07,2469630.269584467,2828173.4371254197,11734386.170243703,0.323530062932329,12907627.384452969,青海,OWNER_A_CAPTURE_PID67056,2018,7,28,29,D:\ProjectTemp\ch5-mp4c-2018-final-production-path-faithful-durable-execution-20260903-001\household_call_ledger.csv,,,,,0.12022999455338848,0.888998055715282,6,5,,,,MISSING,MISSING,FIRM_NATIVE,MISSING,False,MISSING,FIRM_NATIVE,MISSING,False,,,,,,,,,,,CAPTURED,DESCRIPTIVE_FIRM_RANGE_ONLY,OBSERVED,True,0.06000982501437538,0.009990174985624614,False,False,False,False,False,False,False,False,MISSING,FIRM_NATIVE,MISSING,False,MISSING,FIRM_NATIVE,MISSING,False,,,,,,,,,,,CAPTURED,COMPOSITE_NO_FIRM_CLIP,True,0.02,0.09,0.8,1.3,HASH_BOUND_EXECUTED_ADAPTER_LITERALS,household_entry_old_state,,
7.0,29.0,216.0,0.07977292142174992,0.02,0.05,15.410534444365831,0.1,0.07,3155190.010452067,2884625.722456782,12493283.765879774,0.3919646685192625,13742414.95364417,宁夏,OWNER_A_CAPTURE_PID67056,2018,7,29,30,D:\ProjectTemp\ch5-mp4c-2018-final-production-path-faithful-durable-execution-20260903-001\household_call_ledger.csv,,,,,0.1230684752371874,0.8863657935749993,6,5,,,,MISSING,MISSING,FIRM_NATIVE,MISSING,False,MISSING,FIRM_NATIVE,MISSING,False,,,,,,,,,,,CAPTURED,DESCRIPTIVE_FIRM_RANGE_ONLY,OBSERVED,True,0.05977292142174992,0.010227078578250073,False,False,False,False,False,False,False,False,MISSING,FIRM_NATIVE,MISSING,False,MISSING,FIRM_NATIVE,MISSING,False,,,,,,,,,,,CAPTURED,COMPOSITE_NO_FIRM_CLIP,True,0.02,0.09,0.8,1.3,HASH_BOUND_EXECUTED_ADAPTER_LITERALS,household_entry_old_state,,
7.0,30.0,217.0,0.06491054641571962,0.02,0.05,11.965515791214756,0.1,0.07,11059074.858490232,2747465.238980819,31817158.253100306,0.6687664791418038,34998677.60609504,新疆,OWNER_A_CAPTURE_PID67056,2018,7,30,31,D:\ProjectTemp\ch5-mp4c-2018-final-production-path-faithful-durable-execution-20260903-001\household_call_ledger.csv,,,,,0.3,0.7212282935079958,6,5,,,,MISSING,MISSING,FIRM_NATIVE,MISSING,False,MISSING,FIRM_NATIVE,MISSING,False,,,,,,,,,,,CAPTURED,DESCRIPTIVE_FIRM_RANGE_ONLY,OBSERVED,True,0.04491054641571962,0.025089453584280372,False,False,False,False,False,False,False,False,MISSING,FIRM_NATIVE,MISSING,False,MISSING,FIRM_NATIVE,MISSING,False,,,,,,,,,,,CAPTURED,COMPOSITE_NO_FIRM_CLIP,False,0.02,0.09,0.8,1.3,HASH_BOUND_EXECUTED_ADAPTER_LITERALS,household_entry_old_state,,
8.0,0.0,218.0,0.07993173548689111,0.02,0.05,16.61771441040634,0.1,0.07,33091187.620295115,3200118.5163934166,48874831.94760524,1.1522630950115091,53655507.32281367,北京,OWNER_A_CAPTURE_PID67056,2018,8,0,1,D:\ProjectTemp\ch5-mp4c-2018-final-production-path-faithful-durable-execution-20260903-001\household_call_ledger.csv,,,,,0.12116569491184198,0.8881303942987903,7,6,,,,MISSING,MISSING,FIRM_NATIVE,MISSING,False,MISSING,FIRM_NATIVE,MISSING,False,,,,,,,,,,,CAPTURED,DESCRIPTIVE_FIRM_RANGE_ONLY,OBSERVED,True,0.05993173548689111,0.010068264513108882,False,False,False,False,False,False,False,False,MISSING,FIRM_NATIVE,MISSING,False,MISSING,FIRM_NATIVE,MISSING,False,,,,,,,,,,,CAPTURED,COMPOSITE_NO_FIRM_CLIP,True,0.02,0.09,0.8,1.3,HASH_BOUND_EXECUTED_ADAPTER_LITERALS,household_entry_old_state,,
8.0,1.0,219.0,0.07348694778018657,0.02,0.05,16.41188570615731,0.1,0.07,14526509.066110902,3062033.30168861,50919851.69636144,0.4969545464125862,55905778.26562006,天津,OWNER_A_CAPTURE_PID67056,2018,8,1,2,D:\ProjectTemp\ch5-mp4c-2018-final-production-path-faithful-durable-execution-20260903-001\household_call_ledger.csv,,,,,0.19817398532280342,0.816521642002073,7,6,,,,MISSING,MISSING,FIRM_NATIVE,MISSING,False,MISSING,FIRM_NATIVE,MISSING,False,,,,,,,,,,,CAPTURED,DESCRIPTIVE_FIRM_RANGE_ONLY,OBSERVED,True,0.05348694778018656,0.01651305221981343,False,False,False,False,False,False,False,False,MISSING,FIRM_NATIVE,MISSING,False,MISSING,FIRM_NATIVE,MISSING,False,,,,,,,,,,,CAPTURED,COMPOSITE_NO_FIRM_CLIP,True,0.02,0.09,0.8,1.3,HASH_BOUND_EXECUTED_ADAPTER_LITERALS,household_entry_old_state,,
8.0,2.0,220.0,0.08665044342793835,0.02,0.05,16.96580047115943,0.1,0.07,35431958.984321445,3212261.116451861,89549829.56678866,0.7727026200738203,98398529.16738327,河北,OWNER_A_CAPTURE_PID67056,2018,8,2,3,D:\ProjectTemp\ch5-mp4c-2018-final-production-path-faithful-durable-execution-20260903-001\household_call_ledger.csv,,,,,0.04042780400496038,0.9627827047548705,7,6,,,,MISSING,MISSING,FIRM_NATIVE,MISSING,False,MISSING,FIRM_NATIVE,MISSING,False,,,,,,,,,,,CAPTURED,DESCRIPTIVE_FIRM_RANGE_ONLY,OBSERVED,True,0.06665044342793834,0.0033495565720616516,False,False,False,False,False,False,False,False,MISSING,FIRM_NATIVE,MISSING,False,MISSING,FIRM_NATIVE,MISSING,False,,,,,,,,,,,CAPTURED,COMPOSITE_NO_FIRM_CLIP,True,0.02,0.09,0.8,1.3,HASH_BOUND_EXECUTED_ADAPTER_LITERALS,household_entry_old_state,,
8.0,3.0,221.0,0.08680743348666484,0.02,0.05,16.736141995894652,0.1,0.07,17367147.44880274,3171584.1439313707,37479823.83100902,0.7460883363161818,41118827.53917184,山西,OWNER_A_CAPTURE_PID67056,2018,8,3,4,D:\ProjectTemp\ch5-mp4c-2018-final-production-path-faithful-durable-execution-20260903-001\household_call_ledger.csv,,,,,0.0385356371748285,0.9645270387407204,7,6,,,,MISSING,MISSING,FIRM_NATIVE,MISSING,False,MISSING,FIRM_NATIVE,MISSING,False,,,,,,,,,,,CAPTURED,DESCRIPTIVE_FIRM_RANGE_ONLY,OBSERVED,True,0.06680743348666483,0.00319256651333516,False,False,False,False,False,False,False,False,MISSING,FIRM_NATIVE,MISSING,False,MISSING,FIRM_NATIVE,MISSING,False,,,,,,,,,,,CAPTURED,COMPOSITE_NO_FIRM_CLIP,True,0.02,0.09,0.8,1.3,HASH_BOUND_EXECUTED_ADAPTER_LITERALS,household_entry_old_state,,
8.0,4.0,222.0,0.07849388952014204,0.02,0.05,16.03793102368601,0.1,0.07,17526563.425944302,3131763.803366681,56512797.61528412,0.5509833071615624,62058090.881997876,内蒙古,OWNER_A_CAPTURE_PID67056,2018,8,4,5,D:\ProjectTemp\ch5-mp4c-2018-final-production-path-faithful-durable-execution-20260903-001\household_call_ledger.csv,,,,,0.13838331231905796,0.8721543280015782,7,6,,,,MISSING,MISSING,FIRM_NATIVE,MISSING,False,MISSING,FIRM_NATIVE,MISSING,False,,,,,,,,,,,CAPTURED,DESCRIPTIVE_FIRM_RANGE_ONLY,OBSERVED,True,0.058493889520142034,0.011506110479857959,False,False,False,False,False,False,False,False,MISSING,FIRM_NATIVE,MISSING,False,MISSING,FIRM_NATIVE,MISSING,False,,,,,,,,,,,CAPTURED,COMPOSITE_NO_FIRM_CLIP,True,0.02,0.09,0.8,1.3,HASH_BOUND_EXECUTED_ADAPTER_LITERALS,household_entry_old_state,,
8.0,5.0,223.0,0.08366820932271848,0.02,0.05,15.471105457992987,0.1,0.07,25644557.195341922,3179832.20157421,66480540.56449507,0.7054233454414168,73022399.95440972,辽宁,OWNER_A_CAPTURE_PID67056,2018,8,5,6,D:\ProjectTemp\ch5-mp4c-2018-final-production-path-faithful-durable-execution-20260903-001\household_call_ledger.csv,,,,,0.07632297463521798,0.9296467702524277,7,6,,,,MISSING,MISSING,FIRM_NATIVE,MISSING,False,MISSING,FIRM_NATIVE,MISSING,False,,,,,,,,,,,CAPTURED,DESCRIPTIVE_FIRM_RANGE_ONLY,OBSERVED,True,0.06366820932271848,0.0063317906772815125,False,False,False,False,False,False,False,False,MISSING,FIRM_NATIVE,MISSING,False,MISSING,FIRM_NATIVE,MISSING,False,,,,,,,,,,,CAPTURED,COMPOSITE_NO_FIRM_CLIP,True,0.02,0.09,0.8,1.3,HASH_BOUND_EXECUTED_ADAPTER_LITERALS,household_entry_old_state,,
8.0,6.0,224.0,0.08150458506614482,0.02,0.05,14.628766572843814,0.1,0.07,12241984.502718125,2916771.028748541,51963475.35967648,0.41658089643062013,57053051.42611675,吉林,OWNER_A_CAPTURE_PID67056,2018,8,6,7,D:\ProjectTemp\ch5-mp4c-2018-final-production-path-faithful-durable-execution-20260903-001\household_call_ledger.csv,,,,,0.1023070236880023,0.9056065007349425,7,6,,,,MISSING,MISSING,FIRM_NATIVE,MISSING,False,MISSING,FIRM_NATIVE,MISSING,False,,,,,,,,,,,CAPTURED,DESCRIPTIVE_FIRM_RANGE_ONLY,OBSERVED,True,0.06150458506614481,0.00849541493385518,False,False,False,False,False,False,False,False,MISSING,FIRM_NATIVE,MISSING,False,MISSING,FIRM_NATIVE,MISSING,False,,,,,,,,,,,CAPTURED,COMPOSITE_NO_FIRM_CLIP,True,0.02,0.09,0.8,1.3,HASH_BOUND_EXECUTED_ADAPTER_LITERALS,household_entry_old_state,,
8.0,7.0,225.0,0.08462662600480349,0.02,0.05,13.592057324488126,0.1,0.07,13974798.48100388,2941410.371389632,43880683.66073181,0.5408817918496631,48160779.66575516,黑龙江,OWNER_A_CAPTURE_PID67056,2018,8,7,8,D:\ProjectTemp\ch5-mp4c-2018-final-production-path-faithful-durable-execution-20260903-001\household_call_ledger.csv,,,,,0.06479729188901276,0.9402958444978166,7,6,,,,MISSING,MISSING,FIRM_NATIVE,MISSING,False,MISSING,FIRM_NATIVE,MISSING,False,,,,,,,,,,,CAPTURED,DESCRIPTIVE_FIRM_RANGE_ONLY,OBSERVED,True,0.06462662600480348,0.005373373995196509,False,False,False,False,False,False,False,False,MISSING,FIRM_NATIVE,MISSING,False,MISSING,FIRM_NATIVE,MISSING,False,,,,,,,,,,,CAPTURED,COMPOSITE_NO_FIRM_CLIP,True,0.02,0.09,0.8,1.3,HASH_BOUND_EXECUTED_ADAPTER_LITERALS,household_entry_old_state,,
8.0,8.0,226.0,0.08013283266621211,0.02,0.05,16.53124524421969,0.1,0.07,39296747.747390956,3196067.5766029344,53577663.81404625,1.275136157161979,58828982.172446914,上海,OWNER_A_CAPTURE_PID67056,2018,8,8,9,D:\ProjectTemp\ch5-mp4c-2018-final-production-path-faithful-durable-execution-20260903-001\household_call_ledger.csv,,,,,0.11875593934055706,0.8903648074023569,7,6,,,,MISSING,MISSING,FIRM_NATIVE,MISSING,False,MISSING,FIRM_NATIVE,MISSING,False,,,,,,,,,,,CAPTURED,DESCRIPTIVE_FIRM_RANGE_ONLY,OBSERVED,True,0.06013283266621211,0.009867167333787882,False,False,False,False,False,False,False,False,MISSING,FIRM_NATIVE,MISSING,False,MISSING,FIRM_NATIVE,MISSING,False,,,,,,,,,,,CAPTURED,COMPOSITE_NO_FIRM_CLIP,True,0.02,0.09,0.8,1.3,HASH_BOUND_EXECUTED_ADAPTER_LITERALS,household_entry_old_state,,
8.0,9.0,227.0,0.0833341125806568,0.02,0.05,17.21154804831897,0.1,0.07,100924427.81893605,3134324.5741002248,147972187.81035018,1.5018945173071077,162669087.5051391,江苏,OWNER_A_CAPTURE_PID67056,2018,8,9,10,D:\ProjectTemp\ch5-mp4c-2018-final-production-path-faithful-durable-execution-20260903-001\household_call_ledger.csv,,,,,0.08033848825905156,0.92593458422952,7,6,,,,MISSING,MISSING,FIRM_NATIVE,MISSING,False,MISSING,FIRM_NATIVE,MISSING,False,,,,,,,,,,,CAPTURED,DESCRIPTIVE_FIRM_RANGE_ONLY,OBSERVED,True,0.0633341125806568,0.006665887419343194,False,False,False,False,False,False,False,False,MISSING,FIRM_NATIVE,MISSING,False,MISSING,FIRM_NATIVE,MISSING,False,,,,,,,,,,,CAPTURED,COMPOSITE_NO_FIRM_CLIP,True,0.02,0.09,0.8,1.3,HASH_BOUND_EXECUTED_ADAPTER_LITERALS,household_entry_old_state,,
8.0,10.0,228.0,0.08479528386591365,0.02,0.05,16.864316593273287,0.1,0.07,63243961.010679506,3163060.939777941,97255834.27604245,1.2985690244592563,106876795.20309694,浙江,OWNER_A_CAPTURE_PID67056,2018,8,10,11,D:\ProjectTemp\ch5-mp4c-2018-final-production-path-faithful-durable-execution-20260903-001\household_call_ledger.csv,,,,,0.06276806168696052,0.9421698207323738,7,6,,,,MISSING,MISSING,FIRM_NATIVE,MISSING,False,MISSING,FIRM_NATIVE,MISSING,False,,,,,,,,,,,CAPTURED,DESCRIPTIVE_FIRM_RANGE_ONLY,OBSERVED,True,0.06479528386591364,0.005204716134086351,False,False,False,False,False,False,False,False,MISSING,FIRM_NATIVE,MISSING,False,MISSING,FIRM_NATIVE,MISSING,False,,,,,,,,,,,CAPTURED,COMPOSITE_NO_FIRM_CLIP,True,0.02,0.09,0.8,1.3,HASH_BOUND_EXECUTED_ADAPTER_LITERALS,household_entry_old_state,,
8.0,11.0,229.0,0.09,0.02,0.05,17.11246256235648,0.1,0.07,37111670.40503173,3225342.374728278,53870862.783011675,1.196736416294668,59147124.08196146,安徽,OWNER_A_CAPTURE_PID67056,2018,8,11,12,D:\ProjectTemp\ch5-mp4c-2018-final-production-path-faithful-durable-execution-20260903-001\household_call_ledger.csv,,,,,0.0,1.0,7,6,,,0.09,DERIVED_IDENTITY_ZERO_EXTERNAL_WEIGHT,MISSING,FIRM_NATIVE,MISSING,False,MISSING,FIRM_NATIVE,MISSING,False,,,,,,,,,,,CAPTURED,DESCRIPTIVE_FIRM_RANGE_ONLY,OBSERVED,True,0.06999999999999999,0.0,False,False,False,True,False,True,False,False,MISSING,FIRM_NATIVE,MISSING,False,MISSING,FIRM_NATIVE,MISSING,False,,,,,,,,,,,CAPTURED,COMPOSITE_NO_FIRM_CLIP,True,0.02,0.09,0.8,1.3,HASH_BOUND_EXECUTED_ADAPTER_LITERALS,household_entry_old_state,,
8.0,12.0,230.0,0.08461754866716745,0.02,0.05,16.311404302683652,0.1,0.07,39052882.46450687,3191315.785409178,74902869.03009628,0.9788742563500382,82287184.48307632,福建,OWNER_A_CAPTURE_PID67056,2018,8,12,13,D:\ProjectTemp\ch5-mp4c-2018-final-production-path-faithful-durable-execution-20260903-001\household_call_ledger.csv,,,,,0.0649064986932153,0.9401949851907495,7,6,,,,MISSING,MISSING,FIRM_NATIVE,MISSING,False,MISSING,FIRM_NATIVE,MISSING,False,,,,,,,,,,,CAPTURED,DESCRIPTIVE_FIRM_RANGE_ONLY,OBSERVED,True,0.06461754866716744,0.00538245133283255,False,False,False,False,False,False,False,False,MISSING,FIRM_NATIVE,MISSING,False,MISSING,FIRM_NATIVE,MISSING,False,,,,,,,,,,,CAPTURED,COMPOSITE_NO_FIRM_CLIP,True,0.02,0.09,0.8,1.3,HASH_BOUND_EXECUTED_ADAPTER_LITERALS,household_entry_old_state,,
8.0,13.0,231.0,0.08837108677417899,0.02,0.05,16.783355046981,0.1,0.07,24802393.87926229,3257068.2185898647,38355827.42515441,1.037005113919997,42081794.41164356,江西,OWNER_A_CAPTURE_PID67056,2018,8,13,14,D:\ProjectTemp\ch5-mp4c-2018-final-production-path-faithful-durable-execution-20260903-001\household_call_ledger.csv,,,,,0.019675113595976762,0.9819009641575444,7,6,,,,MISSING,MISSING,FIRM_NATIVE,MISSING,False,MISSING,FIRM_NATIVE,MISSING,False,,,,,,,,,,,CAPTURED,DESCRIPTIVE_FIRM_RANGE_ONLY,OBSERVED,True,0.06837108677417898,0.0016289132258210104,False,False,False,False,False,False,False,False,MISSING,FIRM_NATIVE,MISSING,False,MISSING,FIRM_NATIVE,MISSING,False,,,,,,,,,,,CAPTURED,COMPOSITE_NO_FIRM_CLIP,True,0.02,0.09,0.8,1.3,HASH_BOUND_EXECUTED_ADAPTER_LITERALS,household_entry_old_state,,
8.0,14.0,232.0,0.08428372577944168,0.02,0.05,17.29015032599682,0.1,0.07,72648778.43162875,3156902.5440918435,155806453.65769482,1.03709478511124,171286640.31959414,山东,OWNER_A_CAPTURE_PID67056,2018,8,14,15,D:\ProjectTemp\ch5-mp4c-2018-final-production-path-faithful-durable-execution-20260903-001\household_call_ledger.csv,,,,,0.06892202679478683,0.9364858419937966,7,6,,,,MISSING,MISSING,FIRM_NATIVE,MISSING,False,MISSING,FIRM_NATIVE,MISSING,False,,,,,,,,,,,CAPTURED,DESCRIPTIVE_FIRM_RANGE_ONLY,OBSERVED,True,0.06428372577944168,0.005716274220558315,False,False,False,False,False,False,False,False,MISSING,FIRM_NATIVE,MISSING,False,MISSING,FIRM_NATIVE,MISSING,False,,,,,,,,,,,CAPTURED,COMPOSITE_NO_FIRM_CLIP,True,0.02,0.09,0.8,1.3,HASH_BOUND_EXECUTED_ADAPTER_LITERALS,household_entry_old_state,,
8.0,15.0,233.0,0.08507757032464885,0.02,0.05,17.425903138104278,0.1,0.07,54442288.55292044,3190404.01702798,127702196.19476497,0.9039884884257202,140369519.89938787,河南,OWNER_A_CAPTURE_PID67056,2018,8,15,16,D:\ProjectTemp\ch5-mp4c-2018-final-production-path-faithful-durable-execution-20260903-001\household_call_ledger.csv,,,,,0.05937102807378291,0.9453063369405427,7,6,,,,MISSING,MISSING,FIRM_NATIVE,MISSING,False,MISSING,FIRM_NATIVE,MISSING,False,,,,,,,,,,,CAPTURED,DESCRIPTIVE_FIRM_RANGE_ONLY,OBSERVED,True,0.06507757032464885,0.004922429675351142,False,False,False,False,False,False,False,False,MISSING,FIRM_NATIVE,MISSING,False,MISSING,FIRM_NATIVE,MISSING,False,,,,,,,,,,,CAPTURED,COMPOSITE_NO_FIRM_CLIP,True,0.02,0.09,0.8,1.3,HASH_BOUND_EXECUTED_ADAPTER_LITERALS,household_entry_old_state,,
8.0,16.0,234.0,0.08668223093115598,0.02,0.05,17.282254498535206,0.1,0.07,45833045.97221455,3208398.9651042293,76110890.91573736,1.1333767477239298,83614991.26179565,湖北,OWNER_A_CAPTURE_PID67056,2018,8,16,17,D:\ProjectTemp\ch5-mp4c-2018-final-production-path-faithful-durable-execution-20260903-001\household_call_ledger.csv,,,,,0.040044697087704216,0.9631358992350666,7,6,,,,MISSING,MISSING,FIRM_NATIVE,MISSING,False,MISSING,FIRM_NATIVE,MISSING,False,,,,,,,,,,,CAPTURED,DESCRIPTIVE_FIRM_RANGE_ONLY,OBSERVED,True,0.06668223093115598,0.003317769068844012,False,False,False,False,False,False,False,False,MISSING,FIRM_NATIVE,MISSING,False,MISSING,FIRM_NATIVE,MISSING,False,,,,,,,,,,,CAPTURED,COMPOSITE_NO_FIRM_CLIP,True,0.02,0.09,0.8,1.3,HASH_BOUND_EXECUTED_ADAPTER_LITERALS,household_entry_old_state,,
8.0,17.0,235.0,0.08817290185883336,0.02,0.05,16.985148091961275,0.1,0.07,39737388.10187624,3212279.500141753,64421859.585080154,1.1172586058162803,70755429.25628403,湖南,OWNER_A_CAPTURE_PID67056,2018,8,17,18,D:\ProjectTemp\ch5-mp4c-2018-final-production-path-faithful-durable-execution-20260903-001\household_call_ledger.csv,,,,,0.02206701218325156,0.979698909542593,7,6,,,,MISSING,MISSING,FIRM_NATIVE,MISSING,False,MISSING,FIRM_NATIVE,MISSING,False,,,,,,,,,,,CAPTURED,DESCRIPTIVE_FIRM_RANGE_ONLY,OBSERVED,True,0.06817290185883336,0.0018270981411666332,False,False,False,False,False,False,False,False,MISSING,FIRM_NATIVE,MISSING,False,MISSING,FIRM_NATIVE,MISSING,False,,,,,,,,,,,CAPTURED,COMPOSITE_NO_FIRM_CLIP,True,0.02,0.09,0.8,1.3,HASH_BOUND_EXECUTED_ADAPTER_LITERALS,household_entry_old_state,,
8.0,18.0,236.0,0.08626702044498351,0.02,0.05,16.3642980471856,0.1,0.07,106044493.0198429,3099545.3381010666,155675412.02982458,1.5210041303722905,171140528.21980694,广东,OWNER_A_CAPTURE_PID67056,2018,8,18,19,D:\ProjectTemp\ch5-mp4c-2018-final-production-path-faithful-durable-execution-20260903-001\household_call_ledger.csv,,,,,0.045048029371518965,0.9585224493887057,7,6,,,,MISSING,MISSING,FIRM_NATIVE,MISSING,False,MISSING,FIRM_NATIVE,MISSING,False,,,,,,,,,,,CAPTURED,DESCRIPTIVE_FIRM_RANGE_ONLY,OBSERVED,True,0.0662670204449835,0.0037329795550164885,False,False,False,False,False,False,False,False,MISSING,FIRM_NATIVE,MISSING,False,MISSING,FIRM_NATIVE,MISSING,False,,,,,,,,,,,CAPTURED,COMPOSITE_NO_FIRM_CLIP,True,0.02,0.09,0.8,1.3,HASH_BOUND_EXECUTED_ADAPTER_LITERALS,household_entry_old_state,,
8.0,19.0,237.0,0.08698676933295832,0.02,0.05,15.589268497876962,0.1,0.07,21419136.644335214,3215627.7248788946,52390058.904599875,0.706163454989843,57520739.43943936,广西,OWNER_A_CAPTURE_PID67056,2018,8,19,20,D:\ProjectTemp\ch5-mp4c-2018-final-production-path-faithful-durable-execution-20260903-001\household_call_ledger.csv,,,,,0.03637382456647036,0.9665196592550925,7,6,,,,MISSING,MISSING,FIRM_NATIVE,MISSING,False,MISSING,FIRM_NATIVE,MISSING,False,,,,,,,,,,,CAPTURED,DESCRIPTIVE_FIRM_RANGE_ONLY,OBSERVED,True,0.06698676933295832,0.0030132306670416775,False,False,False,False,False,False,False,False,MISSING,FIRM_NATIVE,MISSING,False,MISSING,FIRM_NATIVE,MISSING,False,,,,,,,,,,,CAPTURED,COMPOSITE_NO_FIRM_CLIP,True,0.02,0.09,0.8,1.3,HASH_BOUND_EXECUTED_ADAPTER_LITERALS,household_entry_old_state,,
8.0,20.0,238.0,0.0876841728940392,0.02,0.05,14.642648150168059,0.1,0.07,5390917.073451175,2987563.4279857604,10030478.968247926,0.6446058374360649,10923104.550781498,海南,OWNER_A_CAPTURE_PID67056,2018,8,20,21,D:\ProjectTemp\ch5-mp4c-2018-final-production-path-faithful-durable-execution-20260903-001\household_call_ledger.csv,,,,,0.027963724364002344,0.9742685877115467,7,6,,,,MISSING,MISSING,FIRM_NATIVE,MISSING,False,MISSING,FIRM_NATIVE,MISSING,False,,,,,,,,,,,CAPTURED,DESCRIPTIVE_FIRM_RANGE_ONLY,OBSERVED,True,0.06768417289403919,0.002315827105960802,False,False,False,False,False,False,False,False,MISSING,FIRM_NATIVE,MISSING,False,MISSING,FIRM_NATIVE,MISSING,False,,,,,,,,,,,CAPTURED,COMPOSITE_NO_FIRM_CLIP,True,0.02,0.09,0.8,1.3,HASH_BOUND_EXECUTED_ADAPTER_LITERALS,household_entry_old_state,,
8.0,21.0,239.0,0.08588193688914225,0.02,0.05,16.509564977645397,0.1,0.07,22232289.344576817,3244249.1998345866,39006686.31315989,0.9183682436335313,42798743.60784943,重庆,OWNER_A_CAPTURE_PID67056,2018,8,21,22,D:\ProjectTemp\ch5-mp4c-2018-final-production-path-faithful-durable-execution-20260903-001\household_call_ledger.csv,,,,,0.049686711943930977,0.9542437432126918,7,6,,,,MISSING,MISSING,FIRM_NATIVE,MISSING,False,MISSING,FIRM_NATIVE,MISSING,False,,,,,,,,,,,CAPTURED,DESCRIPTIVE_FIRM_RANGE_ONLY,OBSERVED,True,0.06588193688914225,0.004118063110857745,False,False,False,False,False,False,False,False,MISSING,FIRM_NATIVE,MISSING,False,MISSING,FIRM_NATIVE,MISSING,False,,,,,,,,,,,CAPTURED,COMPOSITE_NO_FIRM_CLIP,True,0.02,0.09,0.8,1.3,HASH_BOUND_EXECUTED_ADAPTER_LITERALS,household_entry_old_state,,
8.0,22.0,240.0,0.08910758620231143,0.02,0.05,16.532750061092923,0.1,0.07,46798822.085601285,3162679.877701853,68935283.35630995,1.253226879040493,75719341.55594994,四川,OWNER_A_CAPTURE_PID67056,2018,8,22,23,D:\ProjectTemp\ch5-mp4c-2018-final-production-path-faithful-durable-execution-20260903-001\household_call_ledger.csv,,,,,0.010782650770128166,0.9900842911367937,7,6,,,,MISSING,MISSING,FIRM_NATIVE,MISSING,False,MISSING,FIRM_NATIVE,MISSING,False,,,,,,,,,,,CAPTURED,DESCRIPTIVE_FIRM_RANGE_ONLY,OBSERVED,True,0.06910758620231143,0.0008924137976885627,False,False,False,False,False,False,False,False,MISSING,FIRM_NATIVE,MISSING,False,MISSING,FIRM_NATIVE,MISSING,False,,,,,,,,,,,CAPTURED,COMPOSITE_NO_FIRM_CLIP,True,0.02,0.09,0.8,1.3,HASH_BOUND_EXECUTED_ADAPTER_LITERALS,household_entry_old_state,,
8.0,23.0,241.0,0.08816773540648017,0.02,0.05,16.091063129533172,0.1,0.07,16727349.987328194,3141518.9582481678,32575135.140415512,0.8017210601295292,35722942.42487843,贵州,OWNER_A_CAPTURE_PID67056,2018,8,23,24,D:\ProjectTemp\ch5-mp4c-2018-final-production-path-faithful-durable-execution-20260903-001\household_call_ledger.csv,,,,,0.02212936068262254,0.9796415045164464,7,6,,,,MISSING,MISSING,FIRM_NATIVE,MISSING,False,MISSING,FIRM_NATIVE,MISSING,False,,,,,,,,,,,CAPTURED,DESCRIPTIVE_FIRM_RANGE_ONLY,OBSERVED,True,0.06816773540648016,0.0018322645935198306,False,False,False,False,False,False,False,False,MISSING,FIRM_NATIVE,MISSING,False,MISSING,FIRM_NATIVE,MISSING,False,,,,,,,,,,,CAPTURED,COMPOSITE_NO_FIRM_CLIP,True,0.02,0.09,0.8,1.3,HASH_BOUND_EXECUTED_ADAPTER_LITERALS,household_entry_old_state,,
8.0,24.0,242.0,0.0875511111690813,0.02,0.05,15.39008757259319,0.1,0.07,22786049.319381986,3191493.48896063,53394652.55378336,0.7415575281923648,58625531.80091923,云南,OWNER_A_CAPTURE_PID67056,2018,8,24,25,D:\ProjectTemp\ch5-mp4c-2018-final-production-path-faithful-durable-execution-20260903-001\household_call_ledger.csv,,,,,0.029568731957169938,0.9727901241009035,7,6,,,,MISSING,MISSING,FIRM_NATIVE,MISSING,False,MISSING,FIRM_NATIVE,MISSING,False,,,,,,,,,,,CAPTURED,DESCRIPTIVE_FIRM_RANGE_ONLY,OBSERVED,True,0.0675511111690813,0.0024488888309186913,False,False,False,False,False,False,False,False,MISSING,FIRM_NATIVE,MISSING,False,MISSING,FIRM_NATIVE,MISSING,False,,,,,,,,,,,CAPTURED,COMPOSITE_NO_FIRM_CLIP,True,0.02,0.09,0.8,1.3,HASH_BOUND_EXECUTED_ADAPTER_LITERALS,household_entry_old_state,,
8.0,25.0,243.0,0.06628257775181406,0.02,0.05,13.073107781404785,0.1,0.07,1630726.6249334824,2939922.084382004,6055897.7822008515,0.28752223710884933,6551278.043916508,西藏,OWNER_A_CAPTURE_PID67056,2018,8,25,26,D:\ProjectTemp\ch5-mp4c-2018-final-production-path-faithful-durable-execution-20260903-001\household_call_ledger.csv,,,,,0.2837596352791583,0.7364730861312674,7,6,,,,MISSING,MISSING,FIRM_NATIVE,MISSING,False,MISSING,FIRM_NATIVE,MISSING,False,,,,,,,,,,,CAPTURED,DESCRIPTIVE_FIRM_RANGE_ONLY,OBSERVED,True,0.04628257775181406,0.023717422248185932,False,False,False,False,False,False,False,False,MISSING,FIRM_NATIVE,MISSING,False,MISSING,FIRM_NATIVE,MISSING,False,,,,,,,,,,,CAPTURED,COMPOSITE_NO_FIRM_CLIP,False,0.02,0.09,0.8,1.3,HASH_BOUND_EXECUTED_ADAPTER_LITERALS,household_entry_old_state,,
8.0,26.0,244.0,0.08576523383998451,0.02,0.05,16.94507267587295,0.1,0.07,26127660.47666693,3243140.8149965694,50169174.847619094,0.8889766281316104,55078156.117660545,陕西,OWNER_A_CAPTURE_PID67056,2018,8,26,27,D:\ProjectTemp\ch5-mp4c-2018-final-production-path-faithful-durable-execution-20260903-001\household_call_ledger.csv,,,,,0.05109219959757891,0.9529470426664945,7,6,,,,MISSING,MISSING,FIRM_NATIVE,MISSING,False,MISSING,FIRM_NATIVE,MISSING,False,,,,,,,,,,,CAPTURED,DESCRIPTIVE_FIRM_RANGE_ONLY,OBSERVED,True,0.0657652338399845,0.004234766160015488,False,False,False,False,False,False,False,False,MISSING,FIRM_NATIVE,MISSING,False,MISSING,FIRM_NATIVE,MISSING,False,,,,,,,,,,,CAPTURED,COMPOSITE_NO_FIRM_CLIP,True,0.02,0.09,0.8,1.3,HASH_BOUND_EXECUTED_ADAPTER_LITERALS,household_entry_old_state,,
8.0,27.0,245.0,0.08948997674836623,0.02,0.05,15.901962308737085,0.1,0.07,9020129.11798542,2984385.922546167,18340259.80274485,0.6791247394721482,20063681.789952226,甘肃,OWNER_A_CAPTURE_PID67056,2018,8,27,28,D:\ProjectTemp\ch5-mp4c-2018-final-production-path-faithful-durable-execution-20260903-001\household_call_ledger.csv,,,,,0.006163422815411727,0.9943330749818472,7,6,,,,MISSING,MISSING,FIRM_NATIVE,MISSING,False,MISSING,FIRM_NATIVE,MISSING,False,,,,,,,,,,,CAPTURED,DESCRIPTIVE_FIRM_RANGE_ONLY,OBSERVED,True,0.06948997674836623,0.0005100232516337677,False,False,False,False,False,False,False,False,MISSING,FIRM_NATIVE,MISSING,False,MISSING,FIRM_NATIVE,MISSING,False,,,,,,,,,,,CAPTURED,COMPOSITE_NO_FIRM_CLIP,True,0.02,0.09,0.8,1.3,HASH_BOUND_EXECUTED_ADAPTER_LITERALS,household_entry_old_state,,
8.0,28.0,246.0,0.08000982501437538,0.02,0.05,14.443416447415835,0.1,0.07,3011603.293846177,2981575.1679581744,13007409.6944088,0.2952117281697496,14198390.122898268,青海,OWNER_A_CAPTURE_PID67056,2018,8,28,29,D:\ProjectTemp\ch5-mp4c-2018-final-production-path-faithful-durable-execution-20260903-001\household_call_ledger.csv,,,,,0.12022999455338848,0.888998055715282,7,6,,,,MISSING,MISSING,FIRM_NATIVE,MISSING,False,MISSING,FIRM_NATIVE,MISSING,False,,,,,,,,,,,CAPTURED,DESCRIPTIVE_FIRM_RANGE_ONLY,OBSERVED,True,0.06000982501437538,0.009990174985624614,False,False,False,False,False,False,False,False,MISSING,FIRM_NATIVE,MISSING,False,MISSING,FIRM_NATIVE,MISSING,False,,,,,,,,,,,CAPTURED,COMPOSITE_NO_FIRM_CLIP,True,0.02,0.09,0.8,1.3,HASH_BOUND_EXECUTED_ADAPTER_LITERALS,household_entry_old_state,,
8.0,29.0,247.0,0.07977292142174992,0.02,0.05,15.935909323926099,0.1,0.07,3845430.3277863865,3040737.2332763774,13842129.957065776,0.3577956644126801,15116656.449008588,宁夏,OWNER_A_CAPTURE_PID67056,2018,8,29,30,D:\ProjectTemp\ch5-mp4c-2018-final-production-path-faithful-durable-execution-20260903-001\household_call_ledger.csv,,,,,0.1230684752371874,0.8863657935749993,7,6,,,,MISSING,MISSING,FIRM_NATIVE,MISSING,False,MISSING,FIRM_NATIVE,MISSING,False,,,,,,,,,,,CAPTURED,DESCRIPTIVE_FIRM_RANGE_ONLY,OBSERVED,True,0.05977292142174992,0.010227078578250073,False,False,False,False,False,False,False,False,MISSING,FIRM_NATIVE,MISSING,False,MISSING,FIRM_NATIVE,MISSING,False,,,,,,,,,,,CAPTURED,COMPOSITE_NO_FIRM_CLIP,True,0.02,0.09,0.8,1.3,HASH_BOUND_EXECUTED_ADAPTER_LITERALS,household_entry_old_state,,
8.0,30.0,248.0,0.06491054641571962,0.02,0.05,12.424255406086965,0.1,0.07,13284133.664254624,2863596.5082603656,35096124.26841746,0.6141413498662626,38498545.366704546,新疆,OWNER_A_CAPTURE_PID67056,2018,8,30,31,D:\ProjectTemp\ch5-mp4c-2018-final-production-path-faithful-durable-execution-20260903-001\household_call_ledger.csv,,,,,0.3,0.7212282935079958,7,6,,,,MISSING,MISSING,FIRM_NATIVE,MISSING,False,MISSING,FIRM_NATIVE,MISSING,False,,,,,,,,,,,CAPTURED,DESCRIPTIVE_FIRM_RANGE_ONLY,OBSERVED,True,0.04491054641571962,0.025089453584280372,False,False,False,False,False,False,False,False,MISSING,FIRM_NATIVE,MISSING,False,MISSING,FIRM_NATIVE,MISSING,False,,,,,,,,,,,CAPTURED,COMPOSITE_NO_FIRM_CLIP,False,0.02,0.09,0.8,1.3,HASH_BOUND_EXECUTED_ADAPTER_LITERALS,household_entry_old_state,,
9.0,0.0,249.0,0.07993173548689111,0.02,0.05,16.409534102503788,0.1,0.07,32538478.336487964,3159189.0887993597,53753842.3059714,1.1522630950115091,53655507.32281367,北京,OWNER_A_CAPTURE_PID67056,2018,9,0,1,D:\ProjectTemp\ch5-mp4c-2018-final-production-path-faithful-durable-execution-20260903-001\household_call_ledger.csv,,,,,0.12116569491184198,0.8881303942987903,8,7,,,,MISSING,MISSING,FIRM_NATIVE,MISSING,False,MISSING,FIRM_NATIVE,MISSING,False,,,,,,,,,,,CAPTURED,DESCRIPTIVE_FIRM_RANGE_ONLY,OBSERVED,True,0.05993173548689111,0.010068264513108882,False,False,False,False,False,False,False,False,MISSING,FIRM_NATIVE,MISSING,False,MISSING,FIRM_NATIVE,MISSING,False,,,,,,,,,,,CAPTURED,COMPOSITE_NO_FIRM_CLIP,True,0.02,0.09,0.8,1.3,HASH_BOUND_EXECUTED_ADAPTER_LITERALS,household_entry_old_state,,
9.0,1.0,250.0,0.07348694778018657,0.02,0.05,16.216676893083765,0.1,0.07,14448830.027874233,3124454.495053694,56003433.27323946,0.4969545464125862,55905778.26562006,天津,OWNER_A_CAPTURE_PID67056,2018,9,1,2,D:\ProjectTemp\ch5-mp4c-2018-final-production-path-faithful-durable-execution-20260903-001\household_call_ledger.csv,,,,,0.19817398532280342,0.816521642002073,8,7,,,,MISSING,MISSING,FIRM_NATIVE,MISSING,False,MISSING,FIRM_NATIVE,MISSING,False,,,,,,,,,,,CAPTURED,DESCRIPTIVE_FIRM_RANGE_ONLY,OBSERVED,True,0.05348694778018656,0.01651305221981343,False,False,False,False,False,False,False,False,MISSING,FIRM_NATIVE,MISSING,False,MISSING,FIRM_NATIVE,MISSING,False,,,,,,,,,,,CAPTURED,COMPOSITE_NO_FIRM_CLIP,True,0.02,0.09,0.8,1.3,HASH_BOUND_EXECUTED_ADAPTER_LITERALS,household_entry_old_state,,
9.0,2.0,251.0,0.08665044342793835,0.02,0.05,16.762940571875433,0.1,0.07,34871632.409826316,3170277.387715091,98495369.01176175,0.7727026200738203,98398529.16738327,河北,OWNER_A_CAPTURE_PID67056,2018,9,2,3,D:\ProjectTemp\ch5-mp4c-2018-final-production-path-faithful-durable-execution-20260903-001\household_call_ledger.csv,,,,,0.04042780400496038,0.9627827047548705,8,7,,,,MISSING,MISSING,FIRM_NATIVE,MISSING,False,MISSING,FIRM_NATIVE,MISSING,False,,,,,,,,,,,CAPTURED,DESCRIPTIVE_FIRM_RANGE_ONLY,OBSERVED,True,0.06665044342793834,0.0033495565720616516,False,False,False,False,False,False,False,False,MISSING,FIRM_NATIVE,MISSING,False,MISSING,FIRM_NATIVE,MISSING,False,,,,,,,,,,,CAPTURED,COMPOSITE_NO_FIRM_CLIP,True,0.02,0.09,0.8,1.3,HASH_BOUND_EXECUTED_ADAPTER_LITERALS,household_entry_old_state,,
9.0,3.0,252.0,0.08680743348666484,0.02,0.05,16.538295292736294,0.1,0.07,17246734.916387726,3230237.876822076,41218753.396606624,0.7460883363161818,41118827.53917184,山西,OWNER_A_CAPTURE_PID67056,2018,9,3,4,D:\ProjectTemp\ch5-mp4c-2018-final-production-path-faithful-durable-execution-20260903-001\household_call_ledger.csv,,,,,0.0385356371748285,0.9645270387407204,8,7,,,,MISSING,MISSING,FIRM_NATIVE,MISSING,False,MISSING,FIRM_NATIVE,MISSING,False,,,,,,,,,,,CAPTURED,DESCRIPTIVE_FIRM_RANGE_ONLY,OBSERVED,True,0.06680743348666483,0.00319256651333516,False,False,False,False,False,False,False,False,MISSING,FIRM_NATIVE,MISSING,False,MISSING,FIRM_NATIVE,MISSING,False,,,,,,,,,,,CAPTURED,COMPOSITE_NO_FIRM_CLIP,True,0.02,0.09,0.8,1.3,HASH_BOUND_EXECUTED_ADAPTER_LITERALS,household_entry_old_state,,
9.0,4.0,253.0,0.07849388952014204,0.02,0.05,15.838552269091297,0.1,0.07,17447378.11421167,3191393.300990047,62155680.184367746,0.5509833071615624,62058090.881997876,内蒙古,OWNER_A_CAPTURE_PID67056,2018,9,4,5,D:\ProjectTemp\ch5-mp4c-2018-final-production-path-faithful-durable-execution-20260903-001\household_call_ledger.csv,,,,,0.13838331231905796,0.8721543280015782,8,7,,,,MISSING,MISSING,FIRM_NATIVE,MISSING,False,MISSING,FIRM_NATIVE,MISSING,False,,,,,,,,,,,CAPTURED,DESCRIPTIVE_FIRM_RANGE_ONLY,OBSERVED,True,0.058493889520142034,0.011506110479857959,False,False,False,False,False,False,False,False,MISSING,FIRM_NATIVE,MISSING,False,MISSING,FIRM_NATIVE,MISSING,False,,,,,,,,,,,CAPTURED,COMPOSITE_NO_FIRM_CLIP,True,0.02,0.09,0.8,1.3,HASH_BOUND_EXECUTED_ADAPTER_LITERALS,household_entry_old_state,,
9.0,5.0,254.0,0.08366820932271848,0.02,0.05,15.274521948075888,0.1,0.07,25230458.411526334,3138547.3924908703,73120178.15222663,0.7054233454414168,73022399.95440972,辽宁,OWNER_A_CAPTURE_PID67056,2018,9,5,6,D:\ProjectTemp\ch5-mp4c-2018-final-production-path-faithful-durable-execution-20260903-001\household_call_ledger.csv,,,,,0.07632297463521798,0.9296467702524277,8,7,,,,MISSING,MISSING,FIRM_NATIVE,MISSING,False,MISSING,FIRM_NATIVE,MISSING,False,,,,,,,,,,,CAPTURED,DESCRIPTIVE_FIRM_RANGE_ONLY,OBSERVED,True,0.06366820932271848,0.0063317906772815125,False,False,False,False,False,False,False,False,MISSING,FIRM_NATIVE,MISSING,False,MISSING,FIRM_NATIVE,MISSING,False,,,,,,,,,,,CAPTURED,COMPOSITE_NO_FIRM_CLIP,True,0.02,0.09,0.8,1.3,HASH_BOUND_EXECUTED_ADAPTER_LITERALS,household_entry_old_state,,
9.0,6.0,255.0,0.08150458506614482,0.02,0.05,14.443049867166078,0.1,0.07,12172243.73658844,2980431.429675451,57151353.9430357,0.41658089643062013,57053051.42611675,吉林,OWNER_A_CAPTURE_PID67056,2018,9,6,7,D:\ProjectTemp\ch5-mp4c-2018-final-production-path-faithful-durable-execution-20260903-001\household_call_ledger.csv,,,,,0.1023070236880023,0.9056065007349425,8,7,,,,MISSING,MISSING,FIRM_NATIVE,MISSING,False,MISSING,FIRM_NATIVE,MISSING,False,,,,,,,,,,,CAPTURED,DESCRIPTIVE_FIRM_RANGE_ONLY,OBSERVED,True,0.06150458506614481,0.00849541493385518,False,False,False,False,False,False,False,False,MISSING,FIRM_NATIVE,MISSING,False,MISSING,FIRM_NATIVE,MISSING,False,,,,,,,,,,,CAPTURED,COMPOSITE_NO_FIRM_CLIP,True,0.02,0.09,0.8,1.3,HASH_BOUND_EXECUTED_ADAPTER_LITERALS,household_entry_old_state,,
9.0,7.0,256.0,0.08462662600480349,0.02,0.05,13.410783664328951,0.1,0.07,13889993.82849025,3001227.11495185,48260172.89175664,0.5408817918496631,48160779.66575516,黑龙江,OWNER_A_CAPTURE_PID67056,2018,9,7,8,D:\ProjectTemp\ch5-mp4c-2018-final-production-path-faithful-durable-execution-20260903-001\household_call_ledger.csv,,,,,0.06479729188901276,0.9402958444978166,8,7,,,,MISSING,MISSING,FIRM_NATIVE,MISSING,False,MISSING,FIRM_NATIVE,MISSING,False,,,,,,,,,,,CAPTURED,DESCRIPTIVE_FIRM_RANGE_ONLY,OBSERVED,True,0.06462662600480348,0.005373373995196509,False,False,False,False,False,False,False,False,MISSING,FIRM_NATIVE,MISSING,False,MISSING,FIRM_NATIVE,MISSING,False,,,,,,,,,,,CAPTURED,COMPOSITE_NO_FIRM_CLIP,True,0.02,0.09,0.8,1.3,HASH_BOUND_EXECUTED_ADAPTER_LITERALS,household_entry_old_state,,
9.0,8.0,257.0,0.08013283266621211,0.02,0.05,16.348848874218753,0.1,0.07,38647519.640545465,3155298.6371672903,58926989.942726105,1.275136157161979,58828982.172446914,上海,OWNER_A_CAPTURE_PID67056,2018,9,8,9,D:\ProjectTemp\ch5-mp4c-2018-final-production-path-faithful-durable-execution-20260903-001\household_call_ledger.csv,,,,,0.11875593934055706,0.8903648074023569,8,7,,,,MISSING,MISSING,FIRM_NATIVE,MISSING,False,MISSING,FIRM_NATIVE,MISSING,False,,,,,,,,,,,CAPTURED,DESCRIPTIVE_FIRM_RANGE_ONLY,OBSERVED,True,0.06013283266621211,0.009867167333787882,False,False,False,False,False,False,False,False,MISSING,FIRM_NATIVE,MISSING,False,MISSING,FIRM_NATIVE,MISSING,False,,,,,,,,,,,CAPTURED,COMPOSITE_NO_FIRM_CLIP,True,0.02,0.09,0.8,1.3,HASH_BOUND_EXECUTED_ADAPTER_LITERALS,household_entry_old_state,,
9.0,9.0,258.0,0.0833341125806568,0.02,0.05,17.026301012949805,0.1,0.07,99372022.85967776,3093287.4597310424,162761527.49010113,1.5018945173071077,162669087.5051391,江苏,OWNER_A_CAPTURE_PID67056,2018,9,9,10,D:\ProjectTemp\ch5-mp4c-2018-final-production-path-faithful-durable-execution-20260903-001\household_call_ledger.csv,,,,,0.08033848825905156,0.92593458422952,8,7,,,,MISSING,MISSING,FIRM_NATIVE,MISSING,False,MISSING,FIRM_NATIVE,MISSING,False,,,,,,,,,,,CAPTURED,DESCRIPTIVE_FIRM_RANGE_ONLY,OBSERVED,True,0.0633341125806568,0.006665887419343194,False,False,False,False,False,False,False,False,MISSING,FIRM_NATIVE,MISSING,False,MISSING,FIRM_NATIVE,MISSING,False,,,,,,,,,,,CAPTURED,COMPOSITE_NO_FIRM_CLIP,True,0.02,0.09,0.8,1.3,HASH_BOUND_EXECUTED_ADAPTER_LITERALS,household_entry_old_state,,
9.0,10.0,259.0,0.08479528386591365,0.02,0.05,16.68397318334107,0.1,0.07,62248516.56031511,3122114.0693770526,106973144.34806295,1.2985690244592563,106876795.20309694,浙江,OWNER_A_CAPTURE_PID67056,2018,9,10,11,D:\ProjectTemp\ch5-mp4c-2018-final-production-path-faithful-durable-execution-20260903-001\household_call_ledger.csv,,,,,0.06276806168696052,0.9421698207323738,8,7,,,,MISSING,MISSING,FIRM_NATIVE,MISSING,False,MISSING,FIRM_NATIVE,MISSING,False,,,,,,,,,,,CAPTURED,DESCRIPTIVE_FIRM_RANGE_ONLY,OBSERVED,True,0.06479528386591364,0.005204716134086351,False,False,False,False,False,False,False,False,MISSING,FIRM_NATIVE,MISSING,False,MISSING,FIRM_NATIVE,MISSING,False,,,,,,,,,,,CAPTURED,COMPOSITE_NO_FIRM_CLIP,True,0.02,0.09,0.8,1.3,HASH_BOUND_EXECUTED_ADAPTER_LITERALS,household_entry_old_state,,
9.0,11.0,260.0,0.09,0.02,0.05,16.925375986754467,0.1,0.07,36498734.726006515,3183716.2040319834,59249107.8499246,1.196736416294668,59147124.08196146,安徽,OWNER_A_CAPTURE_PID67056,2018,9,11,12,D:\ProjectTemp\ch5-mp4c-2018-final-production-path-faithful-durable-execution-20260903-001\household_call_ledger.csv,,,,,0.0,1.0,8,7,,,0.09,DERIVED_IDENTITY_ZERO_EXTERNAL_WEIGHT,MISSING,FIRM_NATIVE,MISSING,False,MISSING,FIRM_NATIVE,MISSING,False,,,,,,,,,,,CAPTURED,DESCRIPTIVE_FIRM_RANGE_ONLY,OBSERVED,True,0.06999999999999999,0.0,False,False,False,True,False,True,False,False,MISSING,FIRM_NATIVE,MISSING,False,MISSING,FIRM_NATIVE,MISSING,False,,,,,,,,,,,CAPTURED,COMPOSITE_NO_FIRM_CLIP,True,0.02,0.09,0.8,1.3,HASH_BOUND_EXECUTED_ADAPTER_LITERALS,household_entry_old_state,,
9.0,12.0,261.0,0.08461754866716745,0.02,0.05,16.141426291928806,0.1,0.07,38425683.519604325,3150580.257722357,82384758.99215081,0.9788742563500382,82287184.48307632,福建,OWNER_A_CAPTURE_PID67056,2018,9,12,13,D:\ProjectTemp\ch5-mp4c-2018-final-production-path-faithful-durable-execution-20260903-001\household_call_ledger.csv,,,,,0.0649064986932153,0.9401949851907495,8,7,,,,MISSING,MISSING,FIRM_NATIVE,MISSING,False,MISSING,FIRM_NATIVE,MISSING,False,,,,,,,,,,,CAPTURED,DESCRIPTIVE_FIRM_RANGE_ONLY,OBSERVED,True,0.06461754866716744,0.00538245133283255,False,False,False,False,False,False,False,False,MISSING,FIRM_NATIVE,MISSING,False,MISSING,FIRM_NATIVE,MISSING,False,,,,,,,,,,,CAPTURED,COMPOSITE_NO_FIRM_CLIP,True,0.02,0.09,0.8,1.3,HASH_BOUND_EXECUTED_ADAPTER_LITERALS,household_entry_old_state,,
9.0,13.0,262.0,0.08837108677417899,0.02,0.05,16.606339559821013,0.1,0.07,24377823.639827486,3215186.6848061457,42182559.9804129,1.037005113919997,42081794.41164356,江西,OWNER_A_CAPTURE_PID67056,2018,9,13,14,D:\ProjectTemp\ch5-mp4c-2018-final-production-path-faithful-durable-execution-20260903-001\household_call_ledger.csv,,,,,0.019675113595976762,0.9819009641575444,8,7,,,,MISSING,MISSING,FIRM_NATIVE,MISSING,False,MISSING,FIRM_NATIVE,MISSING,False,,,,,,,,,,,CAPTURED,DESCRIPTIVE_FIRM_RANGE_ONLY,OBSERVED,True,0.06837108677417898,0.0016289132258210104,False,False,False,False,False,False,False,False,MISSING,FIRM_NATIVE,MISSING,False,MISSING,FIRM_NATIVE,MISSING,False,,,,,,,,,,,CAPTURED,COMPOSITE_NO_FIRM_CLIP,True,0.02,0.09,0.8,1.3,HASH_BOUND_EXECUTED_ADAPTER_LITERALS,household_entry_old_state,,
9.0,14.0,263.0,0.08428372577944168,0.02,0.05,17.087940342485055,0.1,0.07,71528142.32354136,3115842.8603222757,171379207.44863173,1.03709478511124,171286640.31959414,山东,OWNER_A_CAPTURE_PID67056,2018,9,14,15,D:\ProjectTemp\ch5-mp4c-2018-final-production-path-faithful-durable-execution-20260903-001\household_call_ledger.csv,,,,,0.06892202679478683,0.9364858419937966,8,7,,,,MISSING,MISSING,FIRM_NATIVE,MISSING,False,MISSING,FIRM_NATIVE,MISSING,False,,,,,,,,,,,CAPTURED,DESCRIPTIVE_FIRM_RANGE_ONLY,OBSERVED,True,0.06428372577944168,0.005716274220558315,False,False,False,False,False,False,False,False,MISSING,FIRM_NATIVE,MISSING,False,MISSING,FIRM_NATIVE,MISSING,False,,,,,,,,,,,CAPTURED,COMPOSITE_NO_FIRM_CLIP,True,0.02,0.09,0.8,1.3,HASH_BOUND_EXECUTED_ADAPTER_LITERALS,household_entry_old_state,,
9.0,15.0,264.0,0.08507757032464885,0.02,0.05,17.22599716768431,0.1,0.07,53592748.83181462,3149321.4398250617,140464300.6677845,0.9039884884257202,140369519.89938787,河南,OWNER_A_CAPTURE_PID67056,2018,9,15,16,D:\ProjectTemp\ch5-mp4c-2018-final-production-path-faithful-durable-execution-20260903-001\household_call_ledger.csv,,,,,0.05937102807378291,0.9453063369405427,8,7,,,,MISSING,MISSING,FIRM_NATIVE,MISSING,False,MISSING,FIRM_NATIVE,MISSING,False,,,,,,,,,,,CAPTURED,DESCRIPTIVE_FIRM_RANGE_ONLY,OBSERVED,True,0.06507757032464885,0.004922429675351142,False,False,False,False,False,False,False,False,MISSING,FIRM_NATIVE,MISSING,False,MISSING,FIRM_NATIVE,MISSING,False,,,,,,,,,,,CAPTURED,COMPOSITE_NO_FIRM_CLIP,True,0.02,0.09,0.8,1.3,HASH_BOUND_EXECUTED_ADAPTER_LITERALS,household_entry_old_state,,
9.0,16.0,265.0,0.08668223093115598,0.02,0.05,17.095564240049363,0.1,0.07,45097993.93459131,3167165.550904396,83713489.87353587,1.1333767477239298,83614991.26179565,湖北,OWNER_A_CAPTURE_PID67056,2018,9,16,17,D:\ProjectTemp\ch5-mp4c-2018-final-production-path-faithful-durable-execution-20260903-001\household_call_ledger.csv,,,,,0.040044697087704216,0.9631358992350666,8,7,,,,MISSING,MISSING,FIRM_NATIVE,MISSING,False,MISSING,FIRM_NATIVE,MISSING,False,,,,,,,,,,,CAPTURED,DESCRIPTIVE_FIRM_RANGE_ONLY,OBSERVED,True,0.06668223093115598,0.003317769068844012,False,False,False,False,False,False,False,False,MISSING,FIRM_NATIVE,MISSING,False,MISSING,FIRM_NATIVE,MISSING,False,,,,,,,,,,,CAPTURED,COMPOSITE_NO_FIRM_CLIP,True,0.02,0.09,0.8,1.3,HASH_BOUND_EXECUTED_ADAPTER_LITERALS,household_entry_old_state,,
9.0,17.0,266.0,0.08817290185883336,0.02,0.05,16.805435815143863,0.1,0.07,39092070.16157544,3171109.639164374,70855858.4380209,1.1172586058162803,70755429.25628403,湖南,OWNER_A_CAPTURE_PID67056,2018,9,17,18,D:\ProjectTemp\ch5-mp4c-2018-final-production-path-faithful-durable-execution-20260903-001\household_call_ledger.csv,,,,,0.02206701218325156,0.979698909542593,8,7,,,,MISSING,MISSING,FIRM_NATIVE,MISSING,False,MISSING,FIRM_NATIVE,MISSING,False,,,,,,,,,,,CAPTURED,DESCRIPTIVE_FIRM_RANGE_ONLY,OBSERVED,True,0.06817290185883336,0.0018270981411666332,False,False,False,False,False,False,False,False,MISSING,FIRM_NATIVE,MISSING,False,MISSING,FIRM_NATIVE,MISSING,False,,,,,,,,,,,CAPTURED,COMPOSITE_NO_FIRM_CLIP,True,0.02,0.09,0.8,1.3,HASH_BOUND_EXECUTED_ADAPTER_LITERALS,household_entry_old_state,,
9.0,18.0,267.0,0.08626702044498351,0.02,0.05,16.198418985612413,0.1,0.07,104403690.1370119,3059804.0626035747,171234880.71376657,1.5210041303722905,171140528.21980694,广东,OWNER_A_CAPTURE_PID67056,2018,9,18,19,D:\ProjectTemp\ch5-mp4c-2018-final-production-path-faithful-durable-execution-20260903-001\household_call_ledger.csv,,,,,0.045048029371518965,0.9585224493887057,8,7,,,,MISSING,MISSING,FIRM_NATIVE,MISSING,False,MISSING,FIRM_NATIVE,MISSING,False,,,,,,,,,,,CAPTURED,DESCRIPTIVE_FIRM_RANGE_ONLY,OBSERVED,True,0.0662670204449835,0.0037329795550164885,False,False,False,False,False,False,False,False,MISSING,FIRM_NATIVE,MISSING,False,MISSING,FIRM_NATIVE,MISSING,False,,,,,,,,,,,CAPTURED,COMPOSITE_NO_FIRM_CLIP,True,0.02,0.09,0.8,1.3,HASH_BOUND_EXECUTED_ADAPTER_LITERALS,household_entry_old_state,,
9.0,19.0,268.0,0.08698676933295832,0.02,0.05,15.428177522754945,0.1,0.07,21064248.613245405,3174598.449385984,57620452.36871654,0.706163454989843,57520739.43943936,广西,OWNER_A_CAPTURE_PID67056,2018,9,19,20,D:\ProjectTemp\ch5-mp4c-2018-final-production-path-faithful-durable-execution-20260903-001\household_call_ledger.csv,,,,,0.03637382456647036,0.9665196592550925,8,7,,,,MISSING,MISSING,FIRM_NATIVE,MISSING,False,MISSING,FIRM_NATIVE,MISSING,False,,,,,,,,,,,CAPTURED,DESCRIPTIVE_FIRM_RANGE_ONLY,OBSERVED,True,0.06698676933295832,0.0030132306670416775,False,False,False,False,False,False,False,False,MISSING,FIRM_NATIVE,MISSING,False,MISSING,FIRM_NATIVE,MISSING,False,,,,,,,,,,,CAPTURED,COMPOSITE_NO_FIRM_CLIP,True,0.02,0.09,0.8,1.3,HASH_BOUND_EXECUTED_ADAPTER_LITERALS,household_entry_old_state,,
9.0,20.0,269.0,0.0876841728940392,0.02,0.05,14.502224957571375,0.1,0.07,5266741.76413215,2947745.005783874,11024722.518720457,0.6446058374360649,10923104.550781498,海南,OWNER_A_CAPTURE_PID67056,2018,9,20,21,D:\ProjectTemp\ch5-mp4c-2018-final-production-path-faithful-durable-execution-20260903-001\household_call_ledger.csv,,,,,0.027963724364002344,0.9742685877115467,8,7,,,,MISSING,MISSING,FIRM_NATIVE,MISSING,False,MISSING,FIRM_NATIVE,MISSING,False,,,,,,,,,,,CAPTURED,DESCRIPTIVE_FIRM_RANGE_ONLY,OBSERVED,True,0.06768417289403919,0.002315827105960802,False,False,False,False,False,False,False,False,MISSING,FIRM_NATIVE,MISSING,False,MISSING,FIRM_NATIVE,MISSING,False,,,,,,,,,,,CAPTURED,COMPOSITE_NO_FIRM_CLIP,True,0.02,0.09,0.8,1.3,HASH_BOUND_EXECUTED_ADAPTER_LITERALS,household_entry_old_state,,
9.0,21.0,270.0,0.08588193688914225,0.02,0.05,16.32941838917261,0.1,0.07,21852044.56758999,3202515.630224388,42898716.39382818,0.9183682436335313,42798743.60784943,重庆,OWNER_A_CAPTURE_PID67056,2018,9,21,22,D:\ProjectTemp\ch5-mp4c-2018-final-production-path-faithful-durable-execution-20260903-001\household_call_ledger.csv,,,,,0.049686711943930977,0.9542437432126918,8,7,,,,MISSING,MISSING,FIRM_NATIVE,MISSING,False,MISSING,FIRM_NATIVE,MISSING,False,,,,,,,,,,,CAPTURED,DESCRIPTIVE_FIRM_RANGE_ONLY,OBSERVED,True,0.06588193688914225,0.004118063110857745,False,False,False,False,False,False,False,False,MISSING,FIRM_NATIVE,MISSING,False,MISSING,FIRM_NATIVE,MISSING,False,,,,,,,,,,,CAPTURED,COMPOSITE_NO_FIRM_CLIP,True,0.02,0.09,0.8,1.3,HASH_BOUND_EXECUTED_ADAPTER_LITERALS,household_entry_old_state,,
9.0,22.0,271.0,0.08910758620231143,0.02,0.05,16.35034421256664,0.1,0.07,46041055.36673703,3121762.963607528,75819825.84653099,1.253226879040493,75719341.55594994,四川,OWNER_A_CAPTURE_PID67056,2018,9,22,23,D:\ProjectTemp\ch5-mp4c-2018-final-production-path-faithful-durable-execution-20260903-001\household_call_ledger.csv,,,,,0.010782650770128166,0.9900842911367937,8,7,,,,MISSING,MISSING,FIRM_NATIVE,MISSING,False,MISSING,FIRM_NATIVE,MISSING,False,,,,,,,,,,,CAPTURED,DESCRIPTIVE_FIRM_RANGE_ONLY,OBSERVED,True,0.06910758620231143,0.0008924137976885627,False,False,False,False,False,False,False,False,MISSING,FIRM_NATIVE,MISSING,False,MISSING,FIRM_NATIVE,MISSING,False,,,,,,,,,,,CAPTURED,COMPOSITE_NO_FIRM_CLIP,True,0.02,0.09,0.8,1.3,HASH_BOUND_EXECUTED_ADAPTER_LITERALS,household_entry_old_state,,
9.0,23.0,272.0,0.08816773540648017,0.02,0.05,15.923161745177193,0.1,0.07,16593387.07660046,3200236.9839173844,35823909.847664535,0.8017210601295292,35722942.42487843,贵州,OWNER_A_CAPTURE_PID67056,2018,9,23,24,D:\ProjectTemp\ch5-mp4c-2018-final-production-path-faithful-durable-execution-20260903-001\household_call_ledger.csv,,,,,0.02212936068262254,0.9796415045164464,8,7,,,,MISSING,MISSING,FIRM_NATIVE,MISSING,False,MISSING,FIRM_NATIVE,MISSING,False,,,,,,,,,,,CAPTURED,DESCRIPTIVE_FIRM_RANGE_ONLY,OBSERVED,True,0.06816773540648016,0.0018322645935198306,False,False,False,False,False,False,False,False,MISSING,FIRM_NATIVE,MISSING,False,MISSING,FIRM_NATIVE,MISSING,False,,,,,,,,,,,CAPTURED,COMPOSITE_NO_FIRM_CLIP,True,0.02,0.09,0.8,1.3,HASH_BOUND_EXECUTED_ADAPTER_LITERALS,household_entry_old_state,,
9.0,24.0,273.0,0.0875511111690813,0.02,0.05,15.22585848539803,0.1,0.07,22408656.727179978,3150685.63890797,58725481.5719468,0.7415575281923648,58625531.80091923,云南,OWNER_A_CAPTURE_PID67056,2018,9,24,25,D:\ProjectTemp\ch5-mp4c-2018-final-production-path-faithful-durable-execution-20260903-001\household_call_ledger.csv,,,,,0.029568731957169938,0.9727901241009035,8,7,,,,MISSING,MISSING,FIRM_NATIVE,MISSING,False,MISSING,FIRM_NATIVE,MISSING,False,,,,,,,,,,,CAPTURED,DESCRIPTIVE_FIRM_RANGE_ONLY,OBSERVED,True,0.0675511111690813,0.0024488888309186913,False,False,False,False,False,False,False,False,MISSING,FIRM_NATIVE,MISSING,False,MISSING,FIRM_NATIVE,MISSING,False,,,,,,,,,,,CAPTURED,COMPOSITE_NO_FIRM_CLIP,True,0.02,0.09,0.8,1.3,HASH_BOUND_EXECUTED_ADAPTER_LITERALS,household_entry_old_state,,
9.0,25.0,274.0,0.06628257775181406,0.02,0.05,12.928337158492502,0.1,0.07,1584177.2933413065,2901115.64695113,6652717.518854785,0.28752223710884933,6551278.043916508,西藏,OWNER_A_CAPTURE_PID67056,2018,9,25,26,D:\ProjectTemp\ch5-mp4c-2018-final-production-path-faithful-durable-execution-20260903-001\household_call_ledger.csv,,,,,0.2837596352791583,0.7364730861312674,8,7,,,,MISSING,MISSING,FIRM_NATIVE,MISSING,False,MISSING,FIRM_NATIVE,MISSING,False,,,,,,,,,,,CAPTURED,DESCRIPTIVE_FIRM_RANGE_ONLY,OBSERVED,True,0.04628257775181406,0.023717422248185932,False,False,False,False,False,False,False,False,MISSING,FIRM_NATIVE,MISSING,False,MISSING,FIRM_NATIVE,MISSING,False,,,,,,,,,,,CAPTURED,COMPOSITE_NO_FIRM_CLIP,False,0.02,0.09,0.8,1.3,HASH_BOUND_EXECUTED_ADAPTER_LITERALS,household_entry_old_state,,
9.0,26.0,275.0,0.08576523383998451,0.02,0.05,16.751416470156755,0.1,0.07,25693228.249623504,3201380.822863645,55177515.64789108,0.8889766281316104,55078156.117660545,陕西,OWNER_A_CAPTURE_PID67056,2018,9,26,27,D:\ProjectTemp\ch5-mp4c-2018-final-production-path-faithful-durable-execution-20260903-001\household_call_ledger.csv,,,,,0.05109219959757891,0.9529470426664945,8,7,,,,MISSING,MISSING,FIRM_NATIVE,MISSING,False,MISSING,FIRM_NATIVE,MISSING,False,,,,,,,,,,,CAPTURED,DESCRIPTIVE_FIRM_RANGE_ONLY,OBSERVED,True,0.0657652338399845,0.004234766160015488,False,False,False,False,False,False,False,False,MISSING,FIRM_NATIVE,MISSING,False,MISSING,FIRM_NATIVE,MISSING,False,,,,,,,,,,,CAPTURED,COMPOSITE_NO_FIRM_CLIP,True,0.02,0.09,0.8,1.3,HASH_BOUND_EXECUTED_ADAPTER_LITERALS,household_entry_old_state,,
9.0,27.0,276.0,0.08948997674836623,0.02,0.05,15.723261224865395,0.1,0.07,8846146.271881334,2944157.955825713,20165464.814482264,0.6791247394721482,20063681.789952226,甘肃,OWNER_A_CAPTURE_PID67056,2018,9,27,28,D:\ProjectTemp\ch5-mp4c-2018-final-production-path-faithful-durable-execution-20260903-001\household_call_ledger.csv,,,,,0.006163422815411727,0.9943330749818472,8,7,,,,MISSING,MISSING,FIRM_NATIVE,MISSING,False,MISSING,FIRM_NATIVE,MISSING,False,,,,,,,,,,,CAPTURED,DESCRIPTIVE_FIRM_RANGE_ONLY,OBSERVED,True,0.06948997674836623,0.0005100232516337677,False,False,False,False,False,False,False,False,MISSING,FIRM_NATIVE,MISSING,False,MISSING,FIRM_NATIVE,MISSING,False,,,,,,,,,,,CAPTURED,COMPOSITE_NO_FIRM_CLIP,True,0.02,0.09,0.8,1.3,HASH_BOUND_EXECUTED_ADAPTER_LITERALS,household_entry_old_state,,
9.0,28.0,277.0,0.08000982501437538,0.02,0.05,14.27657049176198,0.1,0.07,2947726.2797049936,2942079.6286560292,14299407.121927181,0.2952117281697496,14198390.122898268,青海,OWNER_A_CAPTURE_PID67056,2018,9,28,29,D:\ProjectTemp\ch5-mp4c-2018-final-production-path-faithful-durable-execution-20260903-001\household_call_ledger.csv,,,,,0.12022999455338848,0.888998055715282,8,7,,,,MISSING,MISSING,FIRM_NATIVE,MISSING,False,MISSING,FIRM_NATIVE,MISSING,False,,,,,,,,,,,CAPTURED,DESCRIPTIVE_FIRM_RANGE_ONLY,OBSERVED,True,0.06000982501437538,0.009990174985624614,False,False,False,False,False,False,False,False,MISSING,FIRM_NATIVE,MISSING,False,MISSING,FIRM_NATIVE,MISSING,False,,,,,,,,,,,CAPTURED,COMPOSITE_NO_FIRM_CLIP,True,0.02,0.09,0.8,1.3,HASH_BOUND_EXECUTED_ADAPTER_LITERALS,household_entry_old_state,,
9.0,29.0,278.0,0.07977292142174992,0.02,0.05,15.752166365917928,0.1,0.07,3765423.2693838957,3000389.6633566287,15217606.146909755,0.3577956644126801,15116656.449008588,宁夏,OWNER_A_CAPTURE_PID67056,2018,9,29,30,D:\ProjectTemp\ch5-mp4c-2018-final-production-path-faithful-durable-execution-20260903-001\household_call_ledger.csv,,,,,0.1230684752371874,0.8863657935749993,8,7,,,,MISSING,MISSING,FIRM_NATIVE,MISSING,False,MISSING,FIRM_NATIVE,MISSING,False,,,,,,,,,,,CAPTURED,DESCRIPTIVE_FIRM_RANGE_ONLY,OBSERVED,True,0.05977292142174992,0.010227078578250073,False,False,False,False,False,False,False,False,MISSING,FIRM_NATIVE,MISSING,False,MISSING,FIRM_NATIVE,MISSING,False,,,,,,,,,,,CAPTURED,COMPOSITE_NO_FIRM_CLIP,True,0.02,0.09,0.8,1.3,HASH_BOUND_EXECUTED_ADAPTER_LITERALS,household_entry_old_state,,
9.0,30.0,279.0,0.06491054641571962,0.02,0.05,12.264257188662384,0.1,0.07,13188726.954301761,2921025.6718274327,38597236.64479751,0.6141413498662626,38498545.366704546,新疆,OWNER_A_CAPTURE_PID67056,2018,9,30,31,D:\ProjectTemp\ch5-mp4c-2018-final-production-path-faithful-durable-execution-20260903-001\household_call_ledger.csv,,,,,0.3,0.7212282935079958,8,7,,,,MISSING,MISSING,FIRM_NATIVE,MISSING,False,MISSING,FIRM_NATIVE,MISSING,False,,,,,,,,,,,CAPTURED,DESCRIPTIVE_FIRM_RANGE_ONLY,OBSERVED,True,0.04491054641571962,0.025089453584280372,False,False,False,False,False,False,False,False,MISSING,FIRM_NATIVE,MISSING,False,MISSING,FIRM_NATIVE,MISSING,False,,,,,,,,,,,CAPTURED,COMPOSITE_NO_FIRM_CLIP,False,0.02,0.09,0.8,1.3,HASH_BOUND_EXECUTED_ADAPTER_LITERALS,household_entry_old_state,,
10.0,0.0,280.0,0.07993173548689111,0.02,0.05,16.421079787310482,0.1,0.07,32556329.773926012,3166987.8081557634,53753040.211158164,1.0731121793546694,59021058.05509504,北京,OWNER_A_CAPTURE_PID67056,2018,10,0,1,D:\ProjectTemp\ch5-mp4c-2018-final-production-path-faithful-durable-execution-20260903-001\household_call_ledger.csv,,,,,0.12116569491184198,0.8881303942987903,9,8,,,,MISSING,MISSING,FIRM_NATIVE,MISSING,False,MISSING,FIRM_NATIVE,MISSING,False,,,,,,,,,,,CAPTURED,DESCRIPTIVE_FIRM_RANGE_ONLY,OBSERVED,True,0.05993173548689111,0.010068264513108882,False,False,False,False,False,False,False,False,MISSING,FIRM_NATIVE,MISSING,False,MISSING,FIRM_NATIVE,MISSING,False,,,,,,,,,,,CAPTURED,COMPOSITE_NO_FIRM_CLIP,True,0.02,0.09,0.8,1.3,HASH_BOUND_EXECUTED_ADAPTER_LITERALS,household_entry_old_state,,
10.0,1.0,281.0,0.07348694778018657,0.02,0.05,16.221341178152596,0.1,0.07,14421217.863361873,3098402.724421245,56002630.86369791,0.460485647624741,61496356.09218207,天津,OWNER_A_CAPTURE_PID67056,2018,10,1,2,D:\ProjectTemp\ch5-mp4c-2018-final-production-path-faithful-durable-execution-20260903-001\household_call_ledger.csv,,,,,0.19817398532280342,0.816521642002073,9,8,,,,MISSING,MISSING,FIRM_NATIVE,MISSING,False,MISSING,FIRM_NATIVE,MISSING,False,,,,,,,,,,,CAPTURED,DESCRIPTIVE_FIRM_RANGE_ONLY,OBSERVED,True,0.05348694778018656,0.01651305221981343,False,False,False,False,False,False,False,False,MISSING,FIRM_NATIVE,MISSING,False,MISSING,FIRM_NATIVE,MISSING,False,,,,,,,,,,,CAPTURED,COMPOSITE_NO_FIRM_CLIP,True,0.02,0.09,0.8,1.3,HASH_BOUND_EXECUTED_ADAPTER_LITERALS,household_entry_old_state,,
10.0,2.0,282.0,0.08665044342793835,0.02,0.05,16.774633543786088,0.1,0.07,34890935.009124495,3177986.998240805,98495585.30673294,0.7196328373454157,108238382.0841216,河北,OWNER_A_CAPTURE_PID67056,2018,10,2,3,D:\ProjectTemp\ch5-mp4c-2018-final-production-path-faithful-durable-execution-20260903-001\household_call_ledger.csv,,,,,0.04042780400496038,0.9627827047548705,9,8,,,,MISSING,MISSING,FIRM_NATIVE,MISSING,False,MISSING,FIRM_NATIVE,MISSING,False,,,,,,,,,,,CAPTURED,DESCRIPTIVE_FIRM_RANGE_ONLY,OBSERVED,True,0.06665044342793834,0.0033495565720616516,False,False,False,False,False,False,False,False,MISSING,FIRM_NATIVE,MISSING,False,MISSING,FIRM_NATIVE,MISSING,False,,,,,,,,,,,CAPTURED,COMPOSITE_NO_FIRM_CLIP,True,0.02,0.09,0.8,1.3,HASH_BOUND_EXECUTED_ADAPTER_LITERALS,household_entry_old_state,,
10.0,3.0,283.0,0.08680743348666484,0.02,0.05,16.542269004049643,0.1,0.07,17217172.34977465,3206042.763040913,41218332.74320829,0.6915290397597249,45230710.293089025,山西,OWNER_A_CAPTURE_PID67056,2018,10,3,4,D:\ProjectTemp\ch5-mp4c-2018-final-production-path-faithful-durable-execution-20260903-001\household_call_ledger.csv,,,,,0.0385356371748285,0.9645270387407204,9,8,,,,MISSING,MISSING,FIRM_NATIVE,MISSING,False,MISSING,FIRM_NATIVE,MISSING,False,,,,,,,,,,,CAPTURED,DESCRIPTIVE_FIRM_RANGE_ONLY,OBSERVED,True,0.06680743348666483,0.00319256651333516,False,False,False,False,False,False,False,False,MISSING,FIRM_NATIVE,MISSING,False,MISSING,FIRM_NATIVE,MISSING,False,,,,,,,,,,,CAPTURED,COMPOSITE_NO_FIRM_CLIP,True,0.02,0.09,0.8,1.3,HASH_BOUND_EXECUTED_ADAPTER_LITERALS,household_entry_old_state,,
10.0,4.0,284.0,0.07849388952014204,0.02,0.05,15.843759171951564,0.1,0.07,17417172.25073004,3167278.5914950813,62154877.79473963,0.5106046605543731,68263899.97019766,内蒙古,OWNER_A_CAPTURE_PID67056,2018,10,4,5,D:\ProjectTemp\ch5-mp4c-2018-final-production-path-faithful-durable-execution-20260903-001\household_call_ledger.csv,,,,,0.13838331231905796,0.8721543280015782,9,8,,,,MISSING,MISSING,FIRM_NATIVE,MISSING,False,MISSING,FIRM_NATIVE,MISSING,False,,,,,,,,,,,CAPTURED,DESCRIPTIVE_FIRM_RANGE_ONLY,OBSERVED,True,0.058493889520142034,0.011506110479857959,False,False,False,False,False,False,False,False,MISSING,FIRM_NATIVE,MISSING,False,MISSING,FIRM_NATIVE,MISSING,False,,,,,,,,,,,CAPTURED,COMPOSITE_NO_FIRM_CLIP,True,0.02,0.09,0.8,1.3,HASH_BOUND_EXECUTED_ADAPTER_LITERALS,household_entry_old_state,,
10.0,5.0,285.0,0.08366820932271848,0.02,0.05,15.286335731434855,0.1,0.07,25244159.28729849,3146175.396750294,73119375.87073335,0.6569779319743495,80324639.9498507,辽宁,OWNER_A_CAPTURE_PID67056,2018,10,5,6,D:\ProjectTemp\ch5-mp4c-2018-final-production-path-faithful-durable-execution-20260903-001\household_call_ledger.csv,,,,,0.07632297463521798,0.9296467702524277,9,8,,,,MISSING,MISSING,FIRM_NATIVE,MISSING,False,MISSING,FIRM_NATIVE,MISSING,False,,,,,,,,,,,CAPTURED,DESCRIPTIVE_FIRM_RANGE_ONLY,OBSERVED,True,0.06366820932271848,0.0063317906772815125,False,False,False,False,False,False,False,False,MISSING,FIRM_NATIVE,MISSING,False,MISSING,FIRM_NATIVE,MISSING,False,,,,,,,,,,,CAPTURED,COMPOSITE_NO_FIRM_CLIP,True,0.02,0.09,0.8,1.3,HASH_BOUND_EXECUTED_ADAPTER_LITERALS,household_entry_old_state,,
10.0,6.0,286.0,0.08150458506614482,0.02,0.05,14.448271132709912,0.1,0.07,12146835.236900754,2953278.723903261,57150551.74371181,0.385954214956162,62758356.56872843,吉林,OWNER_A_CAPTURE_PID67056,2018,10,6,7,D:\ProjectTemp\ch5-mp4c-2018-final-production-path-faithful-durable-execution-20260903-001\household_call_ledger.csv,,,,,0.1023070236880023,0.9056065007349425,9,8,,,,MISSING,MISSING,FIRM_NATIVE,MISSING,False,MISSING,FIRM_NATIVE,MISSING,False,,,,,,,,,,,CAPTURED,DESCRIPTIVE_FIRM_RANGE_ONLY,OBSERVED,True,0.06150458506614481,0.00849541493385518,False,False,False,False,False,False,False,False,MISSING,FIRM_NATIVE,MISSING,False,MISSING,FIRM_NATIVE,MISSING,False,,,,,,,,,,,CAPTURED,COMPOSITE_NO_FIRM_CLIP,True,0.02,0.09,0.8,1.3,HASH_BOUND_EXECUTED_ADAPTER_LITERALS,household_entry_old_state,,
10.0,7.0,287.0,0.08462662600480349,0.02,0.05,13.416235883258627,0.1,0.07,13863311.436011799,2976095.3828271064,48259371.015941665,0.501210549230482,52976857.63233068,黑龙江,OWNER_A_CAPTURE_PID67056,2018,10,7,8,D:\ProjectTemp\ch5-mp4c-2018-final-production-path-faithful-durable-execution-20260903-001\household_call_ledger.csv,,,,,0.06479729188901276,0.9402958444978166,9,8,,,,MISSING,MISSING,FIRM_NATIVE,MISSING,False,MISSING,FIRM_NATIVE,MISSING,False,,,,,,,,,,,CAPTURED,DESCRIPTIVE_FIRM_RANGE_ONLY,OBSERVED,True,0.06462662600480348,0.005373373995196509,False,False,False,False,False,False,False,False,MISSING,FIRM_NATIVE,MISSING,False,MISSING,FIRM_NATIVE,MISSING,False,,,,,,,,,,,CAPTURED,COMPOSITE_NO_FIRM_CLIP,True,0.02,0.09,0.8,1.3,HASH_BOUND_EXECUTED_ADAPTER_LITERALS,household_entry_old_state,,
10.0,8.0,288.0,0.08013283266621211,0.02,0.05,16.358669824156053,0.1,0.07,38668016.113611,3162819.2013862776,58926187.895535566,1.1875440837794946,64711880.38969161,上海,OWNER_A_CAPTURE_PID67056,2018,10,8,9,D:\ProjectTemp\ch5-mp4c-2018-final-production-path-faithful-durable-execution-20260903-001\household_call_ledger.csv,,,,,0.11875593934055706,0.8903648074023569,9,8,,,,MISSING,MISSING,FIRM_NATIVE,MISSING,False,MISSING,FIRM_NATIVE,MISSING,False,,,,,,,,,,,CAPTURED,DESCRIPTIVE_FIRM_RANGE_ONLY,OBSERVED,True,0.06013283266621211,0.009867167333787882,False,False,False,False,False,False,False,False,MISSING,FIRM_NATIVE,MISSING,False,MISSING,FIRM_NATIVE,MISSING,False,,,,,,,,,,,CAPTURED,COMPOSITE_NO_FIRM_CLIP,True,0.02,0.09,0.8,1.3,HASH_BOUND_EXECUTED_ADAPTER_LITERALS,household_entry_old_state,,
10.0,9.0,289.0,0.0833341125806568,0.02,0.05,17.036335487044155,0.1,0.07,99425447.29870172,3100667.976351158,162760724.14709643,1.3987216287803863,178935996.25565302,江苏,OWNER_A_CAPTURE_PID67056,2018,10,9,10,D:\ProjectTemp\ch5-mp4c-2018-final-production-path-faithful-durable-execution-20260903-001\household_call_ledger.csv,,,,,0.08033848825905156,0.92593458422952,9,8,,,,MISSING,MISSING,FIRM_NATIVE,MISSING,False,MISSING,FIRM_NATIVE,MISSING,False,,,,,,,,,,,CAPTURED,DESCRIPTIVE_FIRM_RANGE_ONLY,OBSERVED,True,0.0633341125806568,0.006665887419343194,False,False,False,False,False,False,False,False,MISSING,FIRM_NATIVE,MISSING,False,MISSING,FIRM_NATIVE,MISSING,False,,,,,,,,,,,CAPTURED,COMPOSITE_NO_FIRM_CLIP,True,0.02,0.09,0.8,1.3,HASH_BOUND_EXECUTED_ADAPTER_LITERALS,household_entry_old_state,,
10.0,10.0,290.0,0.08479528386591365,0.02,0.05,16.693777126312735,0.1,0.07,62281552.711043924,3129495.5649941512,106972342.00873622,1.2093579571485262,117564474.72340664,浙江,OWNER_A_CAPTURE_PID67056,2018,10,10,11,D:\ProjectTemp\ch5-mp4c-2018-final-production-path-faithful-durable-execution-20260903-001\household_call_ledger.csv,,,,,0.06276806168696052,0.9421698207323738,9,8,,,,MISSING,MISSING,FIRM_NATIVE,MISSING,False,MISSING,FIRM_NATIVE,MISSING,False,,,,,,,,,,,CAPTURED,DESCRIPTIVE_FIRM_RANGE_ONLY,OBSERVED,True,0.06479528386591364,0.005204716134086351,False,False,False,False,False,False,False,False,MISSING,FIRM_NATIVE,MISSING,False,MISSING,FIRM_NATIVE,MISSING,False,,,,,,,,,,,CAPTURED,COMPOSITE_NO_FIRM_CLIP,True,0.02,0.09,0.8,1.3,HASH_BOUND_EXECUTED_ADAPTER_LITERALS,household_entry_old_state,,
10.0,11.0,291.0,0.09,0.02,0.05,16.935488606276,0.1,0.07,36518037.6180606,3191282.7225492327,59248306.91291671,1.1145750758575974,65061836.49015761,安徽,OWNER_A_CAPTURE_PID67056,2018,10,11,12,D:\ProjectTemp\ch5-mp4c-2018-final-production-path-faithful-durable-execution-20260903-001\household_call_ledger.csv,,,,,0.0,1.0,9,8,,,0.09,DERIVED_IDENTITY_ZERO_EXTERNAL_WEIGHT,MISSING,FIRM_NATIVE,MISSING,False,MISSING,FIRM_NATIVE,MISSING,False,,,,,,,,,,,CAPTURED,DESCRIPTIVE_FIRM_RANGE_ONLY,OBSERVED,True,0.06999999999999999,0.0,False,False,False,True,False,True,False,False,MISSING,FIRM_NATIVE,MISSING,False,MISSING,FIRM_NATIVE,MISSING,False,,,,,,,,,,,CAPTURED,COMPOSITE_NO_FIRM_CLIP,True,0.02,0.09,0.8,1.3,HASH_BOUND_EXECUTED_ADAPTER_LITERALS,household_entry_old_state,,
10.0,12.0,292.0,0.08461754866716745,0.02,0.05,16.15043905504114,0.1,0.07,38445685.63448838,3157911.6945294766,82383956.95819795,0.911614722196212,90515902.93138395,福建,OWNER_A_CAPTURE_PID67056,2018,10,12,13,D:\ProjectTemp\ch5-mp4c-2018-final-production-path-faithful-durable-execution-20260903-001\household_call_ledger.csv,,,,,0.0649064986932153,0.9401949851907495,9,8,,,,MISSING,MISSING,FIRM_NATIVE,MISSING,False,MISSING,FIRM_NATIVE,MISSING,False,,,,,,,,,,,CAPTURED,DESCRIPTIVE_FIRM_RANGE_ONLY,OBSERVED,True,0.06461754866716744,0.00538245133283255,False,False,False,False,False,False,False,False,MISSING,FIRM_NATIVE,MISSING,False,MISSING,FIRM_NATIVE,MISSING,False,,,,,,,,,,,CAPTURED,COMPOSITE_NO_FIRM_CLIP,True,0.02,0.09,0.8,1.3,HASH_BOUND_EXECUTED_ADAPTER_LITERALS,household_entry_old_state,,
10.0,13.0,293.0,0.08837108677417899,0.02,0.05,16.61560497619775,0.1,0.07,24390357.284825116,3222703.098471268,42181667.01986499,0.9658589621225994,46289973.85280792,江西,OWNER_A_CAPTURE_PID67056,2018,10,13,14,D:\ProjectTemp\ch5-mp4c-2018-final-production-path-faithful-durable-execution-20260903-001\household_call_ledger.csv,,,,,0.019675113595976762,0.9819009641575444,9,8,,,,MISSING,MISSING,FIRM_NATIVE,MISSING,False,MISSING,FIRM_NATIVE,MISSING,False,,,,,,,,,,,CAPTURED,DESCRIPTIVE_FIRM_RANGE_ONLY,OBSERVED,True,0.06837108677417898,0.0016289132258210104,False,False,False,False,False,False,False,False,MISSING,FIRM_NATIVE,MISSING,False,MISSING,FIRM_NATIVE,MISSING,False,,,,,,,,,,,CAPTURED,COMPOSITE_NO_FIRM_CLIP,True,0.02,0.09,0.8,1.3,HASH_BOUND_EXECUTED_ADAPTER_LITERALS,household_entry_old_state,,
10.0,14.0,294.0,0.08428372577944168,0.02,0.05,17.09914385236081,0.1,0.07,71567383.33348809,3123425.5916276253,171378403.9726608,0.9658197951498038,188415304.3515536,山东,OWNER_A_CAPTURE_PID67056,2018,10,14,15,D:\ProjectTemp\ch5-mp4c-2018-final-production-path-faithful-durable-execution-20260903-001\household_call_ledger.csv,,,,,0.06892202679478683,0.9364858419937966,9,8,,,,MISSING,MISSING,FIRM_NATIVE,MISSING,False,MISSING,FIRM_NATIVE,MISSING,False,,,,,,,,,,,CAPTURED,DESCRIPTIVE_FIRM_RANGE_ONLY,OBSERVED,True,0.06428372577944168,0.005716274220558315,False,False,False,False,False,False,False,False,MISSING,FIRM_NATIVE,MISSING,False,MISSING,FIRM_NATIVE,MISSING,False,,,,,,,,,,,CAPTURED,COMPOSITE_NO_FIRM_CLIP,True,0.02,0.09,0.8,1.3,HASH_BOUND_EXECUTED_ADAPTER_LITERALS,household_entry_old_state,,
10.0,15.0,295.0,0.08507757032464885,0.02,0.05,17.236824532677076,0.1,0.07,53621851.21706421,3156919.150142651,140463497.85703903,0.8418485698384922,154406471.88932666,河南,OWNER_A_CAPTURE_PID67056,2018,10,15,16,D:\ProjectTemp\ch5-mp4c-2018-final-production-path-faithful-durable-execution-20260903-001\household_call_ledger.csv,,,,,0.05937102807378291,0.9453063369405427,9,8,,,,MISSING,MISSING,FIRM_NATIVE,MISSING,False,MISSING,FIRM_NATIVE,MISSING,False,,,,,,,,,,,CAPTURED,DESCRIPTIVE_FIRM_RANGE_ONLY,OBSERVED,True,0.06507757032464885,0.004922429675351142,False,False,False,False,False,False,False,False,MISSING,FIRM_NATIVE,MISSING,False,MISSING,FIRM_NATIVE,MISSING,False,,,,,,,,,,,CAPTURED,COMPOSITE_NO_FIRM_CLIP,True,0.02,0.09,0.8,1.3,HASH_BOUND_EXECUTED_ADAPTER_LITERALS,household_entry_old_state,,
10.0,16.0,296.0,0.08668223093115598,0.02,0.05,17.105467758924362,0.1,0.07,45121773.16657976,3174628.016777831,83712688.10516897,1.0555148364447067,91976490.38797523,湖北,OWNER_A_CAPTURE_PID67056,2018,10,16,17,D:\ProjectTemp\ch5-mp4c-2018-final-production-path-faithful-durable-execution-20260903-001\household_call_ledger.csv,,,,,0.040044697087704216,0.9631358992350666,9,8,,,,MISSING,MISSING,FIRM_NATIVE,MISSING,False,MISSING,FIRM_NATIVE,MISSING,False,,,,,,,,,,,CAPTURED,DESCRIPTIVE_FIRM_RANGE_ONLY,OBSERVED,True,0.06668223093115598,0.003317769068844012,False,False,False,False,False,False,False,False,MISSING,FIRM_NATIVE,MISSING,False,MISSING,FIRM_NATIVE,MISSING,False,,,,,,,,,,,CAPTURED,COMPOSITE_NO_FIRM_CLIP,True,0.02,0.09,0.8,1.3,HASH_BOUND_EXECUTED_ADAPTER_LITERALS,household_entry_old_state,,
10.0,17.0,297.0,0.08817290185883336,0.02,0.05,16.814791130593438,0.1,0.07,39112178.69180761,3178488.8438756196,70854605.02348895,1.0405203069675812,77830972.18191244,湖南,OWNER_A_CAPTURE_PID67056,2018,10,17,18,D:\ProjectTemp\ch5-mp4c-2018-final-production-path-faithful-durable-execution-20260903-001\household_call_ledger.csv,,,,,0.02206701218325156,0.979698909542593,9,8,,,,MISSING,MISSING,FIRM_NATIVE,MISSING,False,MISSING,FIRM_NATIVE,MISSING,False,,,,,,,,,,,CAPTURED,DESCRIPTIVE_FIRM_RANGE_ONLY,OBSERVED,True,0.06817290185883336,0.0018270981411666332,False,False,False,False,False,False,False,False,MISSING,FIRM_NATIVE,MISSING,False,MISSING,FIRM_NATIVE,MISSING,False,,,,,,,,,,,CAPTURED,COMPOSITE_NO_FIRM_CLIP,True,0.02,0.09,0.8,1.3,HASH_BOUND_EXECUTED_ADAPTER_LITERALS,household_entry_old_state,,
10.0,18.0,298.0,0.08626702044498351,0.02,0.05,16.20648268981856,0.1,0.07,104458830.06706414,3066974.174627261,171234077.97530323,1.4164421511174616,188254581.04178765,广东,OWNER_A_CAPTURE_PID67056,2018,10,18,19,D:\ProjectTemp\ch5-mp4c-2018-final-production-path-faithful-durable-execution-20260903-001\household_call_ledger.csv,,,,,0.045048029371518965,0.9585224493887057,9,8,,,,MISSING,MISSING,FIRM_NATIVE,MISSING,False,MISSING,FIRM_NATIVE,MISSING,False,,,,,,,,,,,CAPTURED,DESCRIPTIVE_FIRM_RANGE_ONLY,OBSERVED,True,0.0662670204449835,0.0037329795550164885,False,False,False,False,False,False,False,False,MISSING,FIRM_NATIVE,MISSING,False,MISSING,FIRM_NATIVE,MISSING,False,,,,,,,,,,,CAPTURED,COMPOSITE_NO_FIRM_CLIP,True,0.02,0.09,0.8,1.3,HASH_BOUND_EXECUTED_ADAPTER_LITERALS,household_entry_old_state,,
10.0,19.0,299.0,0.08698676933295832,0.02,0.05,15.436237191335932,0.1,0.07,21075188.6711084,3182014.5388114597,57619650.87162004,0.6576663364577715,63272813.3833833,广西,OWNER_A_CAPTURE_PID67056,2018,10,19,20,D:\ProjectTemp\ch5-mp4c-2018-final-production-path-faithful-durable-execution-20260903-001\household_call_ledger.csv,,,,,0.03637382456647036,0.9665196592550925,9,8,,,,MISSING,MISSING,FIRM_NATIVE,MISSING,False,MISSING,FIRM_NATIVE,MISSING,False,,,,,,,,,,,CAPTURED,DESCRIPTIVE_FIRM_RANGE_ONLY,OBSERVED,True,0.06698676933295832,0.0030132306670416775,False,False,False,False,False,False,False,False,MISSING,FIRM_NATIVE,MISSING,False,MISSING,FIRM_NATIVE,MISSING,False,,,,,,,,,,,CAPTURED,COMPOSITE_NO_FIRM_CLIP,True,0.02,0.09,0.8,1.3,HASH_BOUND_EXECUTED_ADAPTER_LITERALS,household_entry_old_state,,
10.0,20.0,300.0,0.0876841728940392,0.02,0.05,14.508145227152703,0.1,0.07,5269332.650405506,2954865.136057842,11023921.494990828,0.6007325120374225,12015415.005859649,海南,OWNER_A_CAPTURE_PID67056,2018,10,20,21,D:\ProjectTemp\ch5-mp4c-2018-final-production-path-faithful-durable-execution-20260903-001\household_call_ledger.csv,,,,,0.027963724364002344,0.9742685877115467,9,8,,,,MISSING,MISSING,FIRM_NATIVE,MISSING,False,MISSING,FIRM_NATIVE,MISSING,False,,,,,,,,,,,CAPTURED,DESCRIPTIVE_FIRM_RANGE_ONLY,OBSERVED,True,0.06768417289403919,0.002315827105960802,False,False,False,False,False,False,False,False,MISSING,FIRM_NATIVE,MISSING,False,MISSING,FIRM_NATIVE,MISSING,False,,,,,,,,,,,CAPTURED,COMPOSITE_NO_FIRM_CLIP,True,0.02,0.09,0.8,1.3,HASH_BOUND_EXECUTED_ADAPTER_LITERALS,household_entry_old_state,,
10.0,21.0,301.0,0.08588193688914225,0.02,0.05,16.338516269698143,0.1,0.07,21863608.602661293,3210187.9316804484,42897914.946012564,0.8553440273715642,47078617.968634374,重庆,OWNER_A_CAPTURE_PID67056,2018,10,21,22,D:\ProjectTemp\ch5-mp4c-2018-final-production-path-faithful-durable-execution-20260903-001\household_call_ledger.csv,,,,,0.049686711943930977,0.9542437432126918,9,8,,,,MISSING,MISSING,FIRM_NATIVE,MISSING,False,MISSING,FIRM_NATIVE,MISSING,False,,,,,,,,,,,CAPTURED,DESCRIPTIVE_FIRM_RANGE_ONLY,OBSERVED,True,0.06588193688914225,0.004118063110857745,False,False,False,False,False,False,False,False,MISSING,FIRM_NATIVE,MISSING,False,MISSING,FIRM_NATIVE,MISSING,False,,,,,,,,,,,CAPTURED,COMPOSITE_NO_FIRM_CLIP,True,0.02,0.09,0.8,1.3,HASH_BOUND_EXECUTED_ADAPTER_LITERALS,household_entry_old_state,,
10.0,22.0,302.0,0.08910758620231143,0.02,0.05,16.35966478297721,0.1,0.07,46065961.7365406,3129320.740347396,75819000.64695299,1.1671538563501784,83291275.71154495,四川,OWNER_A_CAPTURE_PID67056,2018,10,22,23,D:\ProjectTemp\ch5-mp4c-2018-final-production-path-faithful-durable-execution-20260903-001\household_call_ledger.csv,,,,,0.010782650770128166,0.9900842911367937,9,8,,,,MISSING,MISSING,FIRM_NATIVE,MISSING,False,MISSING,FIRM_NATIVE,MISSING,False,,,,,,,,,,,CAPTURED,DESCRIPTIVE_FIRM_RANGE_ONLY,OBSERVED,True,0.06910758620231143,0.0008924137976885627,False,False,False,False,False,False,False,False,MISSING,FIRM_NATIVE,MISSING,False,MISSING,FIRM_NATIVE,MISSING,False,,,,,,,,,,,CAPTURED,COMPOSITE_NO_FIRM_CLIP,True,0.02,0.09,0.8,1.3,HASH_BOUND_EXECUTED_ADAPTER_LITERALS,household_entry_old_state,,
10.0,23.0,303.0,0.08816773540648017,0.02,0.05,15.9246470552336,0.1,0.07,16563962.011424618,3175568.70763372,35823108.66874886,0.7431188135484397,39295236.66736628,贵州,OWNER_A_CAPTURE_PID67056,2018,10,23,24,D:\ProjectTemp\ch5-mp4c-2018-final-production-path-faithful-durable-execution-20260903-001\household_call_ledger.csv,,,,,0.02212936068262254,0.9796415045164464,9,8,,,,MISSING,MISSING,FIRM_NATIVE,MISSING,False,MISSING,FIRM_NATIVE,MISSING,False,,,,,,,,,,,CAPTURED,DESCRIPTIVE_FIRM_RANGE_ONLY,OBSERVED,True,0.06816773540648016,0.0018322645935198306,False,False,False,False,False,False,False,False,MISSING,FIRM_NATIVE,MISSING,False,MISSING,FIRM_NATIVE,MISSING,False,,,,,,,,,,,CAPTURED,COMPOSITE_NO_FIRM_CLIP,True,0.02,0.09,0.8,1.3,HASH_BOUND_EXECUTED_ADAPTER_LITERALS,household_entry_old_state,,
10.0,24.0,304.0,0.0875511111690813,0.02,0.05,15.234040282161677,0.1,0.07,22420492.645855933,3158165.602018723,58724680.11560589,0.6906265894545961,64488084.98101115,云南,OWNER_A_CAPTURE_PID67056,2018,10,24,25,D:\ProjectTemp\ch5-mp4c-2018-final-production-path-faithful-durable-execution-20260903-001\household_call_ledger.csv,,,,,0.029568731957169938,0.9727901241009035,9,8,,,,MISSING,MISSING,FIRM_NATIVE,MISSING,False,MISSING,FIRM_NATIVE,MISSING,False,,,,,,,,,,,CAPTURED,DESCRIPTIVE_FIRM_RANGE_ONLY,OBSERVED,True,0.0675511111690813,0.0024488888309186913,False,False,False,False,False,False,False,False,MISSING,FIRM_NATIVE,MISSING,False,MISSING,FIRM_NATIVE,MISSING,False,,,,,,,,,,,CAPTURED,COMPOSITE_NO_FIRM_CLIP,True,0.02,0.09,0.8,1.3,HASH_BOUND_EXECUTED_ADAPTER_LITERALS,household_entry_old_state,,
10.0,25.0,305.0,0.06628257775181406,0.02,0.05,12.93409788197706,0.1,0.07,1584942.5319333957,2908482.096684242,6651916.454671541,0.26805481880841,7206405.848308159,西藏,OWNER_A_CAPTURE_PID67056,2018,10,25,26,D:\ProjectTemp\ch5-mp4c-2018-final-production-path-faithful-durable-execution-20260903-001\household_call_ledger.csv,,,,,0.2837596352791583,0.7364730861312674,9,8,,,,MISSING,MISSING,FIRM_NATIVE,MISSING,False,MISSING,FIRM_NATIVE,MISSING,False,,,,,,,,,,,CAPTURED,DESCRIPTIVE_FIRM_RANGE_ONLY,OBSERVED,True,0.04628257775181406,0.023717422248185932,False,False,False,False,False,False,False,False,MISSING,FIRM_NATIVE,MISSING,False,MISSING,FIRM_NATIVE,MISSING,False,,,,,,,,,,,CAPTURED,COMPOSITE_NO_FIRM_CLIP,False,0.02,0.09,0.8,1.3,HASH_BOUND_EXECUTED_ADAPTER_LITERALS,household_entry_old_state,,
10.0,26.0,306.0,0.08576523383998451,0.02,0.05,16.76171667774829,0.1,0.07,25707029.454012353,3209117.395968397,55176714.02493489,0.8279358683431886,60585971.72942661,陕西,OWNER_A_CAPTURE_PID67056,2018,10,26,27,D:\ProjectTemp\ch5-mp4c-2018-final-production-path-faithful-durable-execution-20260903-001\household_call_ledger.csv,,,,,0.05109219959757891,0.9529470426664945,9,8,,,,MISSING,MISSING,FIRM_NATIVE,MISSING,False,MISSING,FIRM_NATIVE,MISSING,False,,,,,,,,,,,CAPTURED,DESCRIPTIVE_FIRM_RANGE_ONLY,OBSERVED,True,0.0657652338399845,0.004234766160015488,False,False,False,False,False,False,False,False,MISSING,FIRM_NATIVE,MISSING,False,MISSING,FIRM_NATIVE,MISSING,False,,,,,,,,,,,CAPTURED,COMPOSITE_NO_FIRM_CLIP,True,0.02,0.09,0.8,1.3,HASH_BOUND_EXECUTED_ADAPTER_LITERALS,household_entry_old_state,,
10.0,27.0,307.0,0.08948997674836623,0.02,0.05,15.732461624959074,0.1,0.07,8850824.923253415,2951418.623196107,20164663.82630473,0.6327241316736799,22070049.96894745,甘肃,OWNER_A_CAPTURE_PID67056,2018,10,27,28,D:\ProjectTemp\ch5-mp4c-2018-final-production-path-faithful-durable-execution-20260903-001\household_call_ledger.csv,,,,,0.006163422815411727,0.9943330749818472,9,8,,,,MISSING,MISSING,FIRM_NATIVE,MISSING,False,MISSING,FIRM_NATIVE,MISSING,False,,,,,,,,,,,CAPTURED,DESCRIPTIVE_FIRM_RANGE_ONLY,OBSERVED,True,0.06948997674836623,0.0005100232516337677,False,False,False,False,False,False,False,False,MISSING,FIRM_NATIVE,MISSING,False,MISSING,FIRM_NATIVE,MISSING,False,,,,,,,,,,,CAPTURED,COMPOSITE_NO_FIRM_CLIP,True,0.02,0.09,0.8,1.3,HASH_BOUND_EXECUTED_ADAPTER_LITERALS,household_entry_old_state,,
10.0,28.0,308.0,0.08000982501437538,0.02,0.05,14.284323148558613,0.1,0.07,2949270.6894770954,2949434.533060514,14298605.873878105,0.27506523287433643,15618229.135188095,青海,OWNER_A_CAPTURE_PID67056,2018,10,28,29,D:\ProjectTemp\ch5-mp4c-2018-final-production-path-faithful-durable-execution-20260903-001\household_call_ledger.csv,,,,,0.12022999455338848,0.888998055715282,9,8,,,,MISSING,MISSING,FIRM_NATIVE,MISSING,False,MISSING,FIRM_NATIVE,MISSING,False,,,,,,,,,,,CAPTURED,DESCRIPTIVE_FIRM_RANGE_ONLY,OBSERVED,True,0.06000982501437538,0.009990174985624614,False,False,False,False,False,False,False,False,MISSING,FIRM_NATIVE,MISSING,False,MISSING,FIRM_NATIVE,MISSING,False,,,,,,,,,,,CAPTURED,COMPOSITE_NO_FIRM_CLIP,True,0.02,0.09,0.8,1.3,HASH_BOUND_EXECUTED_ADAPTER_LITERALS,household_entry_old_state,,
10.0,29.0,309.0,0.07977292142174992,0.02,0.05,15.761006893324717,0.1,0.07,3767399.049303322,3007866.1085903784,15216804.898361458,0.3333700260423131,16628322.093909448,宁夏,OWNER_A_CAPTURE_PID67056,2018,10,29,30,D:\ProjectTemp\ch5-mp4c-2018-final-production-path-faithful-durable-execution-20260903-001\household_call_ledger.csv,,,,,0.1230684752371874,0.8863657935749993,9,8,,,,MISSING,MISSING,FIRM_NATIVE,MISSING,False,MISSING,FIRM_NATIVE,MISSING,False,,,,,,,,,,,CAPTURED,DESCRIPTIVE_FIRM_RANGE_ONLY,OBSERVED,True,0.05977292142174992,0.010227078578250073,False,False,False,False,False,False,False,False,MISSING,FIRM_NATIVE,MISSING,False,MISSING,FIRM_NATIVE,MISSING,False,,,,,,,,,,,CAPTURED,COMPOSITE_NO_FIRM_CLIP,True,0.02,0.09,0.8,1.3,HASH_BOUND_EXECUTED_ADAPTER_LITERALS,household_entry_old_state,,
10.0,30.0,310.0,0.06491054641571962,0.02,0.05,12.267708626780882,0.1,0.07,13163465.15404131,2896678.424903318,38596431.98810294,0.5691479690684957,42348399.90337501,新疆,OWNER_A_CAPTURE_PID67056,2018,10,30,31,D:\ProjectTemp\ch5-mp4c-2018-final-production-path-faithful-durable-execution-20260903-001\household_call_ledger.csv,,,,,0.3,0.7212282935079958,9,8,,,,MISSING,MISSING,FIRM_NATIVE,MISSING,False,MISSING,FIRM_NATIVE,MISSING,False,,,,,,,,,,,CAPTURED,DESCRIPTIVE_FIRM_RANGE_ONLY,OBSERVED,True,0.04491054641571962,0.025089453584280372,False,False,False,False,False,False,False,False,MISSING,FIRM_NATIVE,MISSING,False,MISSING,FIRM_NATIVE,MISSING,False,,,,,,,,,,,CAPTURED,COMPOSITE_NO_FIRM_CLIP,False,0.02,0.09,0.8,1.3,HASH_BOUND_EXECUTED_ADAPTER_LITERALS,household_entry_old_state,,
11.0,0.0,311.0,0.07993173548689111,0.02,0.05,16.384338000741494,0.1,0.07,32683278.032240096,3188250.3081689468,59118767.88268079,1.0731121793546694,59021058.05509504,北京,OWNER_A_CAPTURE_PID67056,2018,11,0,1,D:\ProjectTemp\ch5-mp4c-2018-final-production-path-faithful-durable-execution-20260903-001\household_call_ledger.csv,,,,,0.12116569491184198,0.8881303942987903,10,9,,,,MISSING,MISSING,FIRM_NATIVE,MISSING,False,MISSING,FIRM_NATIVE,MISSING,False,,,,,,,,,,,CAPTURED,DESCRIPTIVE_FIRM_RANGE_ONLY,OBSERVED,True,0.05993173548689111,0.010068264513108882,False,False,False,False,False,False,False,False,MISSING,FIRM_NATIVE,MISSING,False,MISSING,FIRM_NATIVE,MISSING,False,,,,,,,,,,,CAPTURED,COMPOSITE_NO_FIRM_CLIP,True,0.02,0.09,0.8,1.3,HASH_BOUND_EXECUTED_ADAPTER_LITERALS,household_entry_old_state,,
11.0,1.0,312.0,0.07348694778018657,0.02,0.05,16.188097098106468,0.1,0.07,14406757.684173953,3121280.7655370543,61593385.60015837,0.460485647624741,61496356.09218207,天津,OWNER_A_CAPTURE_PID67056,2018,11,1,2,D:\ProjectTemp\ch5-mp4c-2018-final-production-path-faithful-durable-execution-20260903-001\household_call_ledger.csv,,,,,0.19817398532280342,0.816521642002073,10,9,,,,MISSING,MISSING,FIRM_NATIVE,MISSING,False,MISSING,FIRM_NATIVE,MISSING,False,,,,,,,,,,,CAPTURED,DESCRIPTIVE_FIRM_RANGE_ONLY,OBSERVED,True,0.05348694778018656,0.01651305221981343,False,False,False,False,False,False,False,False,MISSING,FIRM_NATIVE,MISSING,False,MISSING,FIRM_NATIVE,MISSING,False,,,,,,,,,,,CAPTURED,COMPOSITE_NO_FIRM_CLIP,True,0.02,0.09,0.8,1.3,HASH_BOUND_EXECUTED_ADAPTER_LITERALS,household_entry_old_state,,
11.0,2.0,313.0,0.08665044342793835,0.02,0.05,16.7381586190917,0.1,0.07,35029461.59992414,3199346.824653039,108335615.16221792,0.7196328373454157,108238382.0841216,河北,OWNER_A_CAPTURE_PID67056,2018,11,2,3,D:\ProjectTemp\ch5-mp4c-2018-final-production-path-faithful-durable-execution-20260903-001\household_call_ledger.csv,,,,,0.04042780400496038,0.9627827047548705,10,9,,,,MISSING,MISSING,FIRM_NATIVE,MISSING,False,MISSING,FIRM_NATIVE,MISSING,False,,,,,,,,,,,CAPTURED,DESCRIPTIVE_FIRM_RANGE_ONLY,OBSERVED,True,0.06665044342793834,0.0033495565720616516,False,False,False,False,False,False,False,False,MISSING,FIRM_NATIVE,MISSING,False,MISSING,FIRM_NATIVE,MISSING,False,,,,,,,,,,,CAPTURED,COMPOSITE_NO_FIRM_CLIP,True,0.02,0.09,0.8,1.3,HASH_BOUND_EXECUTED_ADAPTER_LITERALS,household_entry_old_state,,
11.0,3.0,314.0,0.08680743348666484,0.02,0.05,16.508822862419816,0.1,0.07,17200935.21238134,3227284.752790081,45330392.38057973,0.6915290397597249,45230710.293089025,山西,OWNER_A_CAPTURE_PID67056,2018,11,3,4,D:\ProjectTemp\ch5-mp4c-2018-final-production-path-faithful-durable-execution-20260903-001\household_call_ledger.csv,,,,,0.0385356371748285,0.9645270387407204,10,9,,,,MISSING,MISSING,FIRM_NATIVE,MISSING,False,MISSING,FIRM_NATIVE,MISSING,False,,,,,,,,,,,CAPTURED,DESCRIPTIVE_FIRM_RANGE_ONLY,OBSERVED,True,0.06680743348666483,0.00319256651333516,False,False,False,False,False,False,False,False,MISSING,FIRM_NATIVE,MISSING,False,MISSING,FIRM_NATIVE,MISSING,False,,,,,,,,,,,CAPTURED,COMPOSITE_NO_FIRM_CLIP,True,0.02,0.09,0.8,1.3,HASH_BOUND_EXECUTED_ADAPTER_LITERALS,household_entry_old_state,,
11.0,4.0,315.0,0.07849388952014204,0.02,0.05,15.809902489560827,0.1,0.07,17400786.944848675,3189852.3087079036,68360863.79563983,0.5106046605543731,68263899.97019766,内蒙古,OWNER_A_CAPTURE_PID67056,2018,11,4,5,D:\ProjectTemp\ch5-mp4c-2018-final-production-path-faithful-durable-execution-20260903-001\household_call_ledger.csv,,,,,0.13838331231905796,0.8721543280015782,10,9,,,,MISSING,MISSING,FIRM_NATIVE,MISSING,False,MISSING,FIRM_NATIVE,MISSING,False,,,,,,,,,,,CAPTURED,DESCRIPTIVE_FIRM_RANGE_ONLY,OBSERVED,True,0.058493889520142034,0.011506110479857959,False,False,False,False,False,False,False,False,MISSING,FIRM_NATIVE,MISSING,False,MISSING,FIRM_NATIVE,MISSING,False,,,,,,,,,,,CAPTURED,COMPOSITE_NO_FIRM_CLIP,True,0.02,0.09,0.8,1.3,HASH_BOUND_EXECUTED_ADAPTER_LITERALS,household_entry_old_state,,
11.0,5.0,316.0,0.08366820932271848,0.02,0.05,15.251216013390573,0.1,0.07,25343884.639174175,3167297.748352496,80421792.82217944,0.6569779319743495,80324639.9498507,辽宁,OWNER_A_CAPTURE_PID67056,2018,11,5,6,D:\ProjectTemp\ch5-mp4c-2018-final-production-path-faithful-durable-execution-20260903-001\household_call_ledger.csv,,,,,0.07632297463521798,0.9296467702524277,10,9,,,,MISSING,MISSING,FIRM_NATIVE,MISSING,False,MISSING,FIRM_NATIVE,MISSING,False,,,,,,,,,,,CAPTURED,DESCRIPTIVE_FIRM_RANGE_ONLY,OBSERVED,True,0.06366820932271848,0.0063317906772815125,False,False,False,False,False,False,False,False,MISSING,FIRM_NATIVE,MISSING,False,MISSING,FIRM_NATIVE,MISSING,False,,,,,,,,,,,CAPTURED,COMPOSITE_NO_FIRM_CLIP,True,0.02,0.09,0.8,1.3,HASH_BOUND_EXECUTED_ADAPTER_LITERALS,household_entry_old_state,,
11.0,6.0,317.0,0.08150458506614482,0.02,0.05,14.416472432694093,0.1,0.07,12133765.86651939,2976003.8310816586,62856033.79655622,0.385954214956162,62758356.56872843,吉林,OWNER_A_CAPTURE_PID67056,2018,11,6,7,D:\ProjectTemp\ch5-mp4c-2018-final-production-path-faithful-durable-execution-20260903-001\household_call_ledger.csv,,,,,0.1023070236880023,0.9056065007349425,10,9,,,,MISSING,MISSING,FIRM_NATIVE,MISSING,False,MISSING,FIRM_NATIVE,MISSING,False,,,,,,,,,,,CAPTURED,DESCRIPTIVE_FIRM_RANGE_ONLY,OBSERVED,True,0.06150458506614481,0.00849541493385518,False,False,False,False,False,False,False,False,MISSING,FIRM_NATIVE,MISSING,False,MISSING,FIRM_NATIVE,MISSING,False,,,,,,,,,,,CAPTURED,COMPOSITE_NO_FIRM_CLIP,True,0.02,0.09,0.8,1.3,HASH_BOUND_EXECUTED_ADAPTER_LITERALS,household_entry_old_state,,
11.0,7.0,318.0,0.08462662600480349,0.02,0.05,13.385284770077977,0.1,0.07,13849287.851932537,2997679.838390975,53075625.88543468,0.501210549230482,52976857.63233068,黑龙江,OWNER_A_CAPTURE_PID67056,2018,11,7,8,D:\ProjectTemp\ch5-mp4c-2018-final-production-path-faithful-durable-execution-20260903-001\household_call_ledger.csv,,,,,0.06479729188901276,0.9402958444978166,10,9,,,,MISSING,MISSING,FIRM_NATIVE,MISSING,False,MISSING,FIRM_NATIVE,MISSING,False,,,,,,,,,,,CAPTURED,DESCRIPTIVE_FIRM_RANGE_ONLY,OBSERVED,True,0.06462662600480348,0.005373373995196509,False,False,False,False,False,False,False,False,MISSING,FIRM_NATIVE,MISSING,False,MISSING,FIRM_NATIVE,MISSING,False,,,,,,,,,,,CAPTURED,COMPOSITE_NO_FIRM_CLIP,True,0.02,0.09,0.8,1.3,HASH_BOUND_EXECUTED_ADAPTER_LITERALS,household_entry_old_state,,
11.0,8.0,319.0,0.08013283266621211,0.02,0.05,16.32649704053332,0.1,0.07,38819753.19604828,3184249.2860884396,64809263.047466666,1.1875440837794946,64711880.38969161,上海,OWNER_A_CAPTURE_PID67056,2018,11,8,9,D:\ProjectTemp\ch5-mp4c-2018-final-production-path-faithful-durable-execution-20260903-001\household_call_ledger.csv,,,,,0.11875593934055706,0.8903648074023569,10,9,,,,MISSING,MISSING,FIRM_NATIVE,MISSING,False,MISSING,FIRM_NATIVE,MISSING,False,,,,,,,,,,,CAPTURED,DESCRIPTIVE_FIRM_RANGE_ONLY,OBSERVED,True,0.06013283266621211,0.009867167333787882,False,False,False,False,False,False,False,False,MISSING,FIRM_NATIVE,MISSING,False,MISSING,FIRM_NATIVE,MISSING,False,,,,,,,,,,,CAPTURED,COMPOSITE_NO_FIRM_CLIP,True,0.02,0.09,0.8,1.3,HASH_BOUND_EXECUTED_ADAPTER_LITERALS,household_entry_old_state,,
11.0,9.0,320.0,0.0833341125806568,0.02,0.05,17.00294428048078,0.1,0.07,99822610.72797124,3121652.817090559,179027809.90345687,1.3987216287803863,178935996.25565302,江苏,OWNER_A_CAPTURE_PID67056,2018,11,9,10,D:\ProjectTemp\ch5-mp4c-2018-final-production-path-faithful-durable-execution-20260903-001\household_call_ledger.csv,,,,,0.08033848825905156,0.92593458422952,10,9,,,,MISSING,MISSING,FIRM_NATIVE,MISSING,False,MISSING,FIRM_NATIVE,MISSING,False,,,,,,,,,,,CAPTURED,DESCRIPTIVE_FIRM_RANGE_ONLY,OBSERVED,True,0.0633341125806568,0.006665887419343194,False,False,False,False,False,False,False,False,MISSING,FIRM_NATIVE,MISSING,False,MISSING,FIRM_NATIVE,MISSING,False,,,,,,,,,,,CAPTURED,COMPOSITE_NO_FIRM_CLIP,True,0.02,0.09,0.8,1.3,HASH_BOUND_EXECUTED_ADAPTER_LITERALS,household_entry_old_state,,
11.0,10.0,321.0,0.08479528386591365,0.02,0.05,16.661551697662127,0.1,0.07,62528732.29010698,3150699.6566950683,117660198.48031381,1.2093579571485262,117564474.72340664,浙江,OWNER_A_CAPTURE_PID67056,2018,11,10,11,D:\ProjectTemp\ch5-mp4c-2018-final-production-path-faithful-durable-execution-20260903-001\household_call_ledger.csv,,,,,0.06276806168696052,0.9421698207323738,10,9,,,,MISSING,MISSING,FIRM_NATIVE,MISSING,False,MISSING,FIRM_NATIVE,MISSING,False,,,,,,,,,,,CAPTURED,DESCRIPTIVE_FIRM_RANGE_ONLY,OBSERVED,True,0.06479528386591364,0.005204716134086351,False,False,False,False,False,False,False,False,MISSING,FIRM_NATIVE,MISSING,False,MISSING,FIRM_NATIVE,MISSING,False,,,,,,,,,,,CAPTURED,COMPOSITE_NO_FIRM_CLIP,True,0.02,0.09,0.8,1.3,HASH_BOUND_EXECUTED_ADAPTER_LITERALS,household_entry_old_state,,
11.0,11.0,322.0,0.09,0.02,0.05,16.902138298495956,0.1,0.07,36662939.63838728,3213007.048006021,65163196.19547732,1.1145750758575974,65061836.49015761,安徽,OWNER_A_CAPTURE_PID67056,2018,11,11,12,D:\ProjectTemp\ch5-mp4c-2018-final-production-path-faithful-durable-execution-20260903-001\household_call_ledger.csv,,,,,0.0,1.0,10,9,,,0.09,DERIVED_IDENTITY_ZERO_EXTERNAL_WEIGHT,MISSING,FIRM_NATIVE,MISSING,False,MISSING,FIRM_NATIVE,MISSING,False,,,,,,,,,,,CAPTURED,DESCRIPTIVE_FIRM_RANGE_ONLY,OBSERVED,True,0.06999999999999999,0.0,False,False,False,True,False,True,False,False,MISSING,FIRM_NATIVE,MISSING,False,MISSING,FIRM_NATIVE,MISSING,False,,,,,,,,,,,CAPTURED,COMPOSITE_NO_FIRM_CLIP,True,0.02,0.09,0.8,1.3,HASH_BOUND_EXECUTED_ADAPTER_LITERALS,household_entry_old_state,,
11.0,12.0,323.0,0.08461754866716745,0.02,0.05,16.120363745896217,0.1,0.07,38597149.35678945,3179349.256424005,90612852.33953223,0.911614722196212,90515902.93138395,福建,OWNER_A_CAPTURE_PID67056,2018,11,12,13,D:\ProjectTemp\ch5-mp4c-2018-final-production-path-faithful-durable-execution-20260903-001\household_call_ledger.csv,,,,,0.0649064986932153,0.9401949851907495,10,9,,,,MISSING,MISSING,FIRM_NATIVE,MISSING,False,MISSING,FIRM_NATIVE,MISSING,False,,,,,,,,,,,CAPTURED,DESCRIPTIVE_FIRM_RANGE_ONLY,OBSERVED,True,0.06461754866716744,0.00538245133283255,False,False,False,False,False,False,False,False,MISSING,FIRM_NATIVE,MISSING,False,MISSING,FIRM_NATIVE,MISSING,False,,,,,,,,,,,CAPTURED,COMPOSITE_NO_FIRM_CLIP,True,0.02,0.09,0.8,1.3,HASH_BOUND_EXECUTED_ADAPTER_LITERALS,household_entry_old_state,,
11.0,13.0,324.0,0.08837108677417899,0.02,0.05,16.58404919925532,0.1,0.07,24487389.705409773,3244665.153387798,46390234.739004746,0.9658589621225994,46289973.85280792,江西,OWNER_A_CAPTURE_PID67056,2018,11,13,14,D:\ProjectTemp\ch5-mp4c-2018-final-production-path-faithful-durable-execution-20260903-001\household_call_ledger.csv,,,,,0.019675113595976762,0.9819009641575444,10,9,,,,MISSING,MISSING,FIRM_NATIVE,MISSING,False,MISSING,FIRM_NATIVE,MISSING,False,,,,,,,,,,,CAPTURED,DESCRIPTIVE_FIRM_RANGE_ONLY,OBSERVED,True,0.06837108677417898,0.0016289132258210104,False,False,False,False,False,False,False,False,MISSING,FIRM_NATIVE,MISSING,False,MISSING,FIRM_NATIVE,MISSING,False,,,,,,,,,,,CAPTURED,COMPOSITE_NO_FIRM_CLIP,True,0.02,0.09,0.8,1.3,HASH_BOUND_EXECUTED_ADAPTER_LITERALS,household_entry_old_state,,
11.0,14.0,325.0,0.08428372577944168,0.02,0.05,17.06301610693921,0.1,0.07,71850295.30736724,3144418.781751582,188507245.02100772,0.9658197951498038,188415304.3515536,山东,OWNER_A_CAPTURE_PID67056,2018,11,14,15,D:\ProjectTemp\ch5-mp4c-2018-final-production-path-faithful-durable-execution-20260903-001\household_call_ledger.csv,,,,,0.06892202679478683,0.9364858419937966,10,9,,,,MISSING,MISSING,FIRM_NATIVE,MISSING,False,MISSING,FIRM_NATIVE,MISSING,False,,,,,,,,,,,CAPTURED,DESCRIPTIVE_FIRM_RANGE_ONLY,OBSERVED,True,0.06428372577944168,0.005716274220558315,False,False,False,False,False,False,False,False,MISSING,FIRM_NATIVE,MISSING,False,MISSING,FIRM_NATIVE,MISSING,False,,,,,,,,,,,CAPTURED,COMPOSITE_NO_FIRM_CLIP,True,0.02,0.09,0.8,1.3,HASH_BOUND_EXECUTED_ADAPTER_LITERALS,household_entry_old_state,,
11.0,15.0,326.0,0.08507757032464885,0.02,0.05,17.20137239194944,0.1,0.07,53832750.837722436,3178199.708283413,154500626.8237835,0.8418485698384922,154406471.88932666,河南,OWNER_A_CAPTURE_PID67056,2018,11,15,16,D:\ProjectTemp\ch5-mp4c-2018-final-production-path-faithful-durable-execution-20260903-001\household_call_ledger.csv,,,,,0.05937102807378291,0.9453063369405427,10,9,,,,MISSING,MISSING,FIRM_NATIVE,MISSING,False,MISSING,FIRM_NATIVE,MISSING,False,,,,,,,,,,,CAPTURED,DESCRIPTIVE_FIRM_RANGE_ONLY,OBSERVED,True,0.06507757032464885,0.004922429675351142,False,False,False,False,False,False,False,False,MISSING,FIRM_NATIVE,MISSING,False,MISSING,FIRM_NATIVE,MISSING,False,,,,,,,,,,,CAPTURED,COMPOSITE_NO_FIRM_CLIP,True,0.02,0.09,0.8,1.3,HASH_BOUND_EXECUTED_ADAPTER_LITERALS,household_entry_old_state,,
11.0,16.0,327.0,0.08668223093115598,0.02,0.05,17.07229887390085,0.1,0.07,45299796.29963251,3196154.544921954,92073646.98544993,1.0555148364447067,91976490.38797523,湖北,OWNER_A_CAPTURE_PID67056,2018,11,16,17,D:\ProjectTemp\ch5-mp4c-2018-final-production-path-faithful-durable-execution-20260903-001\household_call_ledger.csv,,,,,0.040044697087704216,0.9631358992350666,10,9,,,,MISSING,MISSING,FIRM_NATIVE,MISSING,False,MISSING,FIRM_NATIVE,MISSING,False,,,,,,,,,,,CAPTURED,DESCRIPTIVE_FIRM_RANGE_ONLY,OBSERVED,True,0.06668223093115598,0.003317769068844012,False,False,False,False,False,False,False,False,MISSING,FIRM_NATIVE,MISSING,False,MISSING,FIRM_NATIVE,MISSING,False,,,,,,,,,,,CAPTURED,COMPOSITE_NO_FIRM_CLIP,True,0.02,0.09,0.8,1.3,HASH_BOUND_EXECUTED_ADAPTER_LITERALS,household_entry_old_state,,
11.0,17.0,328.0,0.08817290185883336,0.02,0.05,16.782854808018392,0.1,0.07,39266881.45994789,3200097.413645576,77930359.78162184,1.0405203069675812,77830972.18191244,湖南,OWNER_A_CAPTURE_PID67056,2018,11,17,18,D:\ProjectTemp\ch5-mp4c-2018-final-production-path-faithful-durable-execution-20260903-001\household_call_ledger.csv,,,,,0.02206701218325156,0.979698909542593,10,9,,,,MISSING,MISSING,FIRM_NATIVE,MISSING,False,MISSING,FIRM_NATIVE,MISSING,False,,,,,,,,,,,CAPTURED,DESCRIPTIVE_FIRM_RANGE_ONLY,OBSERVED,True,0.06817290185883336,0.0018270981411666332,False,False,False,False,False,False,False,False,MISSING,FIRM_NATIVE,MISSING,False,MISSING,FIRM_NATIVE,MISSING,False,,,,,,,,,,,CAPTURED,COMPOSITE_NO_FIRM_CLIP,True,0.02,0.09,0.8,1.3,HASH_BOUND_EXECUTED_ADAPTER_LITERALS,household_entry_old_state,,
11.0,18.0,329.0,0.08626702044498351,0.02,0.05,16.177133357281022,0.1,0.07,104870412.94114918,3087711.17173921,188348307.75995356,1.4164421511174616,188254581.04178765,广东,OWNER_A_CAPTURE_PID67056,2018,11,18,19,D:\ProjectTemp\ch5-mp4c-2018-final-production-path-faithful-durable-execution-20260903-001\household_call_ledger.csv,,,,,0.045048029371518965,0.9585224493887057,10,9,,,,MISSING,MISSING,FIRM_NATIVE,MISSING,False,MISSING,FIRM_NATIVE,MISSING,False,,,,,,,,,,,CAPTURED,DESCRIPTIVE_FIRM_RANGE_ONLY,OBSERVED,True,0.0662670204449835,0.0037329795550164885,False,False,False,False,False,False,False,False,MISSING,FIRM_NATIVE,MISSING,False,MISSING,FIRM_NATIVE,MISSING,False,,,,,,,,,,,CAPTURED,COMPOSITE_NO_FIRM_CLIP,True,0.02,0.09,0.8,1.3,HASH_BOUND_EXECUTED_ADAPTER_LITERALS,household_entry_old_state,,
11.0,19.0,330.0,0.08698676933295832,0.02,0.05,15.407739865570614,0.1,0.07,21158173.512312062,3203595.9296357655,63371901.71818952,0.6576663364577715,63272813.3833833,广西,OWNER_A_CAPTURE_PID67056,2018,11,19,20,D:\ProjectTemp\ch5-mp4c-2018-final-production-path-faithful-durable-execution-20260903-001\household_call_ledger.csv,,,,,0.03637382456647036,0.9665196592550925,10,9,,,,MISSING,MISSING,FIRM_NATIVE,MISSING,False,MISSING,FIRM_NATIVE,MISSING,False,,,,,,,,,,,CAPTURED,DESCRIPTIVE_FIRM_RANGE_ONLY,OBSERVED,True,0.06698676933295832,0.0030132306670416775,False,False,False,False,False,False,False,False,MISSING,FIRM_NATIVE,MISSING,False,MISSING,FIRM_NATIVE,MISSING,False,,,,,,,,,,,CAPTURED,COMPOSITE_NO_FIRM_CLIP,True,0.02,0.09,0.8,1.3,HASH_BOUND_EXECUTED_ADAPTER_LITERALS,household_entry_old_state,,
11.0,20.0,331.0,0.0876841728940392,0.02,0.05,14.482366185724613,0.1,0.07,5290887.34991144,2974981.097274741,12116408.82811894,0.6007325120374225,12015415.005859649,海南,OWNER_A_CAPTURE_PID67056,2018,11,20,21,D:\ProjectTemp\ch5-mp4c-2018-final-production-path-faithful-durable-execution-20260903-001\household_call_ledger.csv,,,,,0.027963724364002344,0.9742685877115467,10,9,,,,MISSING,MISSING,FIRM_NATIVE,MISSING,False,MISSING,FIRM_NATIVE,MISSING,False,,,,,,,,,,,CAPTURED,DESCRIPTIVE_FIRM_RANGE_ONLY,OBSERVED,True,0.06768417289403919,0.002315827105960802,False,False,False,False,False,False,False,False,MISSING,FIRM_NATIVE,MISSING,False,MISSING,FIRM_NATIVE,MISSING,False,,,,,,,,,,,CAPTURED,COMPOSITE_NO_FIRM_CLIP,True,0.02,0.09,0.8,1.3,HASH_BOUND_EXECUTED_ADAPTER_LITERALS,household_entry_old_state,,
11.0,21.0,332.0,0.08588193688914225,0.02,0.05,16.30651527396986,0.1,0.07,21949976.54505552,3231952.5605284306,47177966.20719126,0.8553440273715642,47078617.968634374,重庆,OWNER_A_CAPTURE_PID67056,2018,11,21,22,D:\ProjectTemp\ch5-mp4c-2018-final-production-path-faithful-durable-execution-20260903-001\household_call_ledger.csv,,,,,0.049686711943930977,0.9542437432126918,10,9,,,,MISSING,MISSING,FIRM_NATIVE,MISSING,False,MISSING,FIRM_NATIVE,MISSING,False,,,,,,,,,,,CAPTURED,DESCRIPTIVE_FIRM_RANGE_ONLY,OBSERVED,True,0.06588193688914225,0.004118063110857745,False,False,False,False,False,False,False,False,MISSING,FIRM_NATIVE,MISSING,False,MISSING,FIRM_NATIVE,MISSING,False,,,,,,,,,,,CAPTURED,COMPOSITE_NO_FIRM_CLIP,True,0.02,0.09,0.8,1.3,HASH_BOUND_EXECUTED_ADAPTER_LITERALS,household_entry_old_state,,
11.0,22.0,333.0,0.08910758620231143,0.02,0.05,16.327204430111717,0.1,0.07,46248275.65946054,3150462.926000253,83391404.3011484,1.1671538563501784,83291275.71154495,四川,OWNER_A_CAPTURE_PID67056,2018,11,22,23,D:\ProjectTemp\ch5-mp4c-2018-final-production-path-faithful-durable-execution-20260903-001\household_call_ledger.csv,,,,,0.010782650770128166,0.9900842911367937,10,9,,,,MISSING,MISSING,FIRM_NATIVE,MISSING,False,MISSING,FIRM_NATIVE,MISSING,False,,,,,,,,,,,CAPTURED,DESCRIPTIVE_FIRM_RANGE_ONLY,OBSERVED,True,0.06910758620231143,0.0008924137976885627,False,False,False,False,False,False,False,False,MISSING,FIRM_NATIVE,MISSING,False,MISSING,FIRM_NATIVE,MISSING,False,,,,,,,,,,,CAPTURED,COMPOSITE_NO_FIRM_CLIP,True,0.02,0.09,0.8,1.3,HASH_BOUND_EXECUTED_ADAPTER_LITERALS,household_entry_old_state,,
11.0,23.0,334.0,0.08816773540648017,0.02,0.05,15.896489453250807,0.1,0.07,16548148.876457209,3196337.5815992514,39395579.78776081,0.7431188135484397,39295236.66736628,贵州,OWNER_A_CAPTURE_PID67056,2018,11,23,24,D:\ProjectTemp\ch5-mp4c-2018-final-production-path-faithful-durable-execution-20260903-001\household_call_ledger.csv,,,,,0.02212936068262254,0.9796415045164464,10,9,,,,MISSING,MISSING,FIRM_NATIVE,MISSING,False,MISSING,FIRM_NATIVE,MISSING,False,,,,,,,,,,,CAPTURED,DESCRIPTIVE_FIRM_RANGE_ONLY,OBSERVED,True,0.06816773540648016,0.0018322645935198306,False,False,False,False,False,False,False,False,MISSING,FIRM_NATIVE,MISSING,False,MISSING,FIRM_NATIVE,MISSING,False,,,,,,,,,,,CAPTURED,COMPOSITE_NO_FIRM_CLIP,True,0.02,0.09,0.8,1.3,HASH_BOUND_EXECUTED_ADAPTER_LITERALS,household_entry_old_state,,
11.0,24.0,335.0,0.0875511111690813,0.02,0.05,15.205012696925069,0.1,0.07,22508658.356919084,3179547.768696456,64587410.19616933,0.6906265894545961,64488084.98101115,云南,OWNER_A_CAPTURE_PID67056,2018,11,24,25,D:\ProjectTemp\ch5-mp4c-2018-final-production-path-faithful-durable-execution-20260903-001\household_call_ledger.csv,,,,,0.029568731957169938,0.9727901241009035,10,9,,,,MISSING,MISSING,FIRM_NATIVE,MISSING,False,MISSING,FIRM_NATIVE,MISSING,False,,,,,,,,,,,CAPTURED,DESCRIPTIVE_FIRM_RANGE_ONLY,OBSERVED,True,0.0675511111690813,0.0024488888309186913,False,False,False,False,False,False,False,False,MISSING,FIRM_NATIVE,MISSING,False,MISSING,FIRM_NATIVE,MISSING,False,,,,,,,,,,,CAPTURED,COMPOSITE_NO_FIRM_CLIP,True,0.02,0.09,0.8,1.3,HASH_BOUND_EXECUTED_ADAPTER_LITERALS,household_entry_old_state,,
11.0,25.0,336.0,0.06628257775181406,0.02,0.05,12.908201289394022,0.1,0.07,1591354.788270393,2928130.57413561,7307221.138537282,0.26805481880841,7206405.848308159,西藏,OWNER_A_CAPTURE_PID67056,2018,11,25,26,D:\ProjectTemp\ch5-mp4c-2018-final-production-path-faithful-durable-execution-20260903-001\household_call_ledger.csv,,,,,0.2837596352791583,0.7364730861312674,10,9,,,,MISSING,MISSING,FIRM_NATIVE,MISSING,False,MISSING,FIRM_NATIVE,MISSING,False,,,,,,,,,,,CAPTURED,DESCRIPTIVE_FIRM_RANGE_ONLY,OBSERVED,True,0.04628257775181406,0.023717422248185932,False,False,False,False,False,False,False,False,MISSING,FIRM_NATIVE,MISSING,False,MISSING,FIRM_NATIVE,MISSING,False,,,,,,,,,,,CAPTURED,COMPOSITE_NO_FIRM_CLIP,False,0.02,0.09,0.8,1.3,HASH_BOUND_EXECUTED_ADAPTER_LITERALS,household_entry_old_state,,
11.0,26.0,337.0,0.08576523383998451,0.02,0.05,16.72731273213074,0.1,0.07,25808329.992498763,3230797.6705908165,60684706.54794809,0.8279358683431886,60585971.72942661,陕西,OWNER_A_CAPTURE_PID67056,2018,11,26,27,D:\ProjectTemp\ch5-mp4c-2018-final-production-path-faithful-durable-execution-20260903-001\household_call_ledger.csv,,,,,0.05109219959757891,0.9529470426664945,10,9,,,,MISSING,MISSING,FIRM_NATIVE,MISSING,False,MISSING,FIRM_NATIVE,MISSING,False,,,,,,,,,,,CAPTURED,DESCRIPTIVE_FIRM_RANGE_ONLY,OBSERVED,True,0.0657652338399845,0.004234766160015488,False,False,False,False,False,False,False,False,MISSING,FIRM_NATIVE,MISSING,False,MISSING,FIRM_NATIVE,MISSING,False,,,,,,,,,,,CAPTURED,COMPOSITE_NO_FIRM_CLIP,True,0.02,0.09,0.8,1.3,HASH_BOUND_EXECUTED_ADAPTER_LITERALS,household_entry_old_state,,
11.0,27.0,338.0,0.08948997674836623,0.02,0.05,15.699601202302139,0.1,0.07,8886984.019676637,2971381.557251292,22171208.88232386,0.6327241316736799,22070049.96894745,甘肃,OWNER_A_CAPTURE_PID67056,2018,11,27,28,D:\ProjectTemp\ch5-mp4c-2018-final-production-path-faithful-durable-execution-20260903-001\household_call_ledger.csv,,,,,0.006163422815411727,0.9943330749818472,10,9,,,,MISSING,MISSING,FIRM_NATIVE,MISSING,False,MISSING,FIRM_NATIVE,MISSING,False,,,,,,,,,,,CAPTURED,DESCRIPTIVE_FIRM_RANGE_ONLY,OBSERVED,True,0.06948997674836623,0.0005100232516337677,False,False,False,False,False,False,False,False,MISSING,FIRM_NATIVE,MISSING,False,MISSING,FIRM_NATIVE,MISSING,False,,,,,,,,,,,CAPTURED,COMPOSITE_NO_FIRM_CLIP,True,0.02,0.09,0.8,1.3,HASH_BOUND_EXECUTED_ADAPTER_LITERALS,household_entry_old_state,,
11.0,28.0,339.0,0.08000982501437538,0.02,0.05,14.254364760760124,0.1,0.07,2961157.195579232,2969351.5827034614,15718621.775121974,0.27506523287433643,15618229.135188095,青海,OWNER_A_CAPTURE_PID67056,2018,11,28,29,D:\ProjectTemp\ch5-mp4c-2018-final-production-path-faithful-durable-execution-20260903-001\household_call_ledger.csv,,,,,0.12022999455338848,0.888998055715282,10,9,,,,MISSING,MISSING,FIRM_NATIVE,MISSING,False,MISSING,FIRM_NATIVE,MISSING,False,,,,,,,,,,,CAPTURED,DESCRIPTIVE_FIRM_RANGE_ONLY,OBSERVED,True,0.06000982501437538,0.009990174985624614,False,False,False,False,False,False,False,False,MISSING,FIRM_NATIVE,MISSING,False,MISSING,FIRM_NATIVE,MISSING,False,,,,,,,,,,,CAPTURED,COMPOSITE_NO_FIRM_CLIP,True,0.02,0.09,0.8,1.3,HASH_BOUND_EXECUTED_ADAPTER_LITERALS,household_entry_old_state,,
11.0,29.0,340.0,0.07977292142174992,0.02,0.05,15.727871140545979,0.1,0.07,3782605.7508386574,3028190.786707757,16728647.432759378,0.3333700260423131,16628322.093909448,宁夏,OWNER_A_CAPTURE_PID67056,2018,11,29,30,D:\ProjectTemp\ch5-mp4c-2018-final-production-path-faithful-durable-execution-20260903-001\household_call_ledger.csv,,,,,0.1230684752371874,0.8863657935749993,10,9,,,,MISSING,MISSING,FIRM_NATIVE,MISSING,False,MISSING,FIRM_NATIVE,MISSING,False,,,,,,,,,,,CAPTURED,DESCRIPTIVE_FIRM_RANGE_ONLY,OBSERVED,True,0.05977292142174992,0.010227078578250073,False,False,False,False,False,False,False,False,MISSING,FIRM_NATIVE,MISSING,False,MISSING,FIRM_NATIVE,MISSING,False,,,,,,,,,,,CAPTURED,COMPOSITE_NO_FIRM_CLIP,True,0.02,0.09,0.8,1.3,HASH_BOUND_EXECUTED_ADAPTER_LITERALS,household_entry_old_state,,
11.0,30.0,341.0,0.06491054641571962,0.02,0.05,12.240490463609662,0.1,0.07,13150304.096530972,2917121.0638405257,42446463.48001338,0.5691479690684957,42348399.90337501,新疆,OWNER_A_CAPTURE_PID67056,2018,11,30,31,D:\ProjectTemp\ch5-mp4c-2018-final-production-path-faithful-durable-execution-20260903-001\household_call_ledger.csv,,,,,0.3,0.7212282935079958,10,9,,,,MISSING,MISSING,FIRM_NATIVE,MISSING,False,MISSING,FIRM_NATIVE,MISSING,False,,,,,,,,,,,CAPTURED,DESCRIPTIVE_FIRM_RANGE_ONLY,OBSERVED,True,0.04491054641571962,0.025089453584280372,False,False,False,False,False,False,False,False,MISSING,FIRM_NATIVE,MISSING,False,MISSING,FIRM_NATIVE,MISSING,False,,,,,,,,,,,CAPTURED,COMPOSITE_NO_FIRM_CLIP,False,0.02,0.09,0.8,1.3,HASH_BOUND_EXECUTED_ADAPTER_LITERALS,household_entry_old_state,,
12.0,0.0,342.0,0.07993173548689111,0.02,0.05,16.382192369137073,0.1,0.07,32676979.94681956,3185394.017526275,59119598.352607265,0.9957082897116624,64923163.86060455,北京,OWNER_A_CAPTURE_PID67056,2018,12,0,1,D:\ProjectTemp\ch5-mp4c-2018-final-production-path-faithful-durable-execution-20260903-001\household_call_ledger.csv,,,,,0.12116569491184198,0.8881303942987903,11,10,,,,MISSING,MISSING,FIRM_NATIVE,MISSING,False,MISSING,FIRM_NATIVE,MISSING,False,,,,,,,,,,,CAPTURED,DESCRIPTIVE_FIRM_RANGE_ONLY,OBSERVED,True,0.05993173548689111,0.010068264513108882,False,False,False,False,False,False,False,False,MISSING,FIRM_NATIVE,MISSING,False,MISSING,FIRM_NATIVE,MISSING,False,,,,,,,,,,,CAPTURED,COMPOSITE_NO_FIRM_CLIP,True,0.02,0.09,0.8,1.3,HASH_BOUND_EXECUTED_ADAPTER_LITERALS,household_entry_old_state,,
12.0,1.0,343.0,0.07348694778018657,0.02,0.05,16.184284689819098,0.1,0.07,14397648.802842023,3112458.714070545,61594216.02317483,0.42739151055990104,67645991.70140028,天津,OWNER_A_CAPTURE_PID67056,2018,12,1,2,D:\ProjectTemp\ch5-mp4c-2018-final-production-path-faithful-durable-execution-20260903-001\household_call_ledger.csv,,,,,0.19817398532280342,0.816521642002073,11,10,,,,MISSING,MISSING,FIRM_NATIVE,MISSING,False,MISSING,FIRM_NATIVE,MISSING,False,,,,,,,,,,,CAPTURED,DESCRIPTIVE_FIRM_RANGE_ONLY,OBSERVED,True,0.05348694778018656,0.01651305221981343,False,False,False,False,False,False,False,False,MISSING,FIRM_NATIVE,MISSING,False,MISSING,FIRM_NATIVE,MISSING,False,,,,,,,,,,,CAPTURED,COMPOSITE_NO_FIRM_CLIP,True,0.02,0.09,0.8,1.3,HASH_BOUND_EXECUTED_ADAPTER_LITERALS,household_entry_old_state,,
12.0,2.0,344.0,0.08665044342793835,0.02,0.05,16.73591178437651,0.1,0.07,35022503.14465659,3196466.3191421875,108336445.63778149,0.6676901733670653,119062220.29253377,河北,OWNER_A_CAPTURE_PID67056,2018,12,2,3,D:\ProjectTemp\ch5-mp4c-2018-final-production-path-faithful-durable-execution-20260903-001\household_call_ledger.csv,,,,,0.04042780400496038,0.9627827047548705,11,10,,,,MISSING,MISSING,FIRM_NATIVE,MISSING,False,MISSING,FIRM_NATIVE,MISSING,False,,,,,,,,,,,CAPTURED,DESCRIPTIVE_FIRM_RANGE_ONLY,OBSERVED,True,0.06665044342793834,0.0033495565720616516,False,False,False,False,False,False,False,False,MISSING,FIRM_NATIVE,MISSING,False,MISSING,FIRM_NATIVE,MISSING,False,,,,,,,,,,,CAPTURED,COMPOSITE_NO_FIRM_CLIP,True,0.02,0.09,0.8,1.3,HASH_BOUND_EXECUTED_ADAPTER_LITERALS,household_entry_old_state,,
12.0,3.0,345.0,0.08680743348666484,0.02,0.05,16.504891126677478,0.1,0.07,17190473.9428976,3218451.544290756,45331222.98061033,0.6419549776183036,49753781.32239793,山西,OWNER_A_CAPTURE_PID67056,2018,12,3,4,D:\ProjectTemp\ch5-mp4c-2018-final-production-path-faithful-durable-execution-20260903-001\household_call_ledger.csv,,,,,0.0385356371748285,0.9645270387407204,11,10,,,,MISSING,MISSING,FIRM_NATIVE,MISSING,False,MISSING,FIRM_NATIVE,MISSING,False,,,,,,,,,,,CAPTURED,DESCRIPTIVE_FIRM_RANGE_ONLY,OBSERVED,True,0.06680743348666483,0.00319256651333516,False,False,False,False,False,False,False,False,MISSING,FIRM_NATIVE,MISSING,False,MISSING,FIRM_NATIVE,MISSING,False,,,,,,,,,,,CAPTURED,COMPOSITE_NO_FIRM_CLIP,True,0.02,0.09,0.8,1.3,HASH_BOUND_EXECUTED_ADAPTER_LITERALS,household_entry_old_state,,
12.0,4.0,346.0,0.07849388952014204,0.02,0.05,15.806058187831585,0.1,0.07,17389945.792052485,3180980.344917524,68361694.22264148,0.4739259903073497,75090289.96721743,内蒙古,OWNER_A_CAPTURE_PID67056,2018,12,4,5,D:\ProjectTemp\ch5-mp4c-2018-final-production-path-faithful-durable-execution-20260903-001\household_call_ledger.csv,,,,,0.13838331231905796,0.8721543280015782,11,10,,,,MISSING,MISSING,FIRM_NATIVE,MISSING,False,MISSING,FIRM_NATIVE,MISSING,False,,,,,,,,,,,CAPTURED,DESCRIPTIVE_FIRM_RANGE_ONLY,OBSERVED,True,0.058493889520142034,0.011506110479857959,False,False,False,False,False,False,False,False,MISSING,FIRM_NATIVE,MISSING,False,MISSING,FIRM_NATIVE,MISSING,False,,,,,,,,,,,CAPTURED,COMPOSITE_NO_FIRM_CLIP,True,0.02,0.09,0.8,1.3,HASH_BOUND_EXECUTED_ADAPTER_LITERALS,household_entry_old_state,,
12.0,5.0,347.0,0.08366820932271848,0.02,0.05,15.249470449031458,0.1,0.07,25338990.10329972,3164494.386668002,80422623.25581816,0.6095696634599314,88357103.94483577,辽宁,OWNER_A_CAPTURE_PID67056,2018,12,5,6,D:\ProjectTemp\ch5-mp4c-2018-final-production-path-faithful-durable-execution-20260903-001\household_call_ledger.csv,,,,,0.07632297463521798,0.9296467702524277,11,10,,,,MISSING,MISSING,FIRM_NATIVE,MISSING,False,MISSING,FIRM_NATIVE,MISSING,False,,,,,,,,,,,CAPTURED,DESCRIPTIVE_FIRM_RANGE_ONLY,OBSERVED,True,0.06366820932271848,0.0063317906772815125,False,False,False,False,False,False,False,False,MISSING,FIRM_NATIVE,MISSING,False,MISSING,FIRM_NATIVE,MISSING,False,,,,,,,,,,,CAPTURED,COMPOSITE_NO_FIRM_CLIP,True,0.02,0.09,0.8,1.3,HASH_BOUND_EXECUTED_ADAPTER_LITERALS,household_entry_old_state,,
12.0,6.0,348.0,0.08150458506614482,0.02,0.05,14.413284241170102,0.1,0.07,12125943.884988714,2967433.256360219,62856864.254423976,0.3581952419549604,69034192.22560129,吉林,OWNER_A_CAPTURE_PID67056,2018,12,6,7,D:\ProjectTemp\ch5-mp4c-2018-final-production-path-faithful-durable-execution-20260903-001\household_call_ledger.csv,,,,,0.1023070236880023,0.9056065007349425,11,10,,,,MISSING,MISSING,FIRM_NATIVE,MISSING,False,MISSING,FIRM_NATIVE,MISSING,False,,,,,,,,,,,CAPTURED,DESCRIPTIVE_FIRM_RANGE_ONLY,OBSERVED,True,0.06150458506614481,0.00849541493385518,False,False,False,False,False,False,False,False,MISSING,FIRM_NATIVE,MISSING,False,MISSING,FIRM_NATIVE,MISSING,False,,,,,,,,,,,CAPTURED,COMPOSITE_NO_FIRM_CLIP,True,0.02,0.09,0.8,1.3,HASH_BOUND_EXECUTED_ADAPTER_LITERALS,household_entry_old_state,,
12.0,7.0,349.0,0.08462662600480349,0.02,0.05,13.382404648827002,0.1,0.07,13840661.153362267,2989308.453018535,53076456.399739385,0.4652090857036285,58274543.39556375,黑龙江,OWNER_A_CAPTURE_PID67056,2018,12,7,8,D:\ProjectTemp\ch5-mp4c-2018-final-production-path-faithful-durable-execution-20260903-001\household_call_ledger.csv,,,,,0.06479729188901276,0.9402958444978166,11,10,,,,MISSING,MISSING,FIRM_NATIVE,MISSING,False,MISSING,FIRM_NATIVE,MISSING,False,,,,,,,,,,,CAPTURED,DESCRIPTIVE_FIRM_RANGE_ONLY,OBSERVED,True,0.06462662600480348,0.005373373995196509,False,False,False,False,False,False,False,False,MISSING,FIRM_NATIVE,MISSING,False,MISSING,FIRM_NATIVE,MISSING,False,,,,,,,,,,,CAPTURED,COMPOSITE_NO_FIRM_CLIP,True,0.02,0.09,0.8,1.3,HASH_BOUND_EXECUTED_ADAPTER_LITERALS,household_entry_old_state,,
12.0,8.0,350.0,0.08013283266621211,0.02,0.05,16.324383606500934,0.1,0.07,38812307.984334946,3181422.6970383134,64810093.526280254,1.101857271780713,71183068.42866078,上海,OWNER_A_CAPTURE_PID67056,2018,12,8,9,D:\ProjectTemp\ch5-mp4c-2018-final-production-path-faithful-durable-execution-20260903-001\household_call_ledger.csv,,,,,0.11875593934055706,0.8903648074023569,11,10,,,,MISSING,MISSING,FIRM_NATIVE,MISSING,False,MISSING,FIRM_NATIVE,MISSING,False,,,,,,,,,,,CAPTURED,DESCRIPTIVE_FIRM_RANGE_ONLY,OBSERVED,True,0.06013283266621211,0.009867167333787882,False,False,False,False,False,False,False,False,MISSING,FIRM_NATIVE,MISSING,False,MISSING,FIRM_NATIVE,MISSING,False,,,,,,,,,,,CAPTURED,COMPOSITE_NO_FIRM_CLIP,True,0.02,0.09,0.8,1.3,HASH_BOUND_EXECUTED_ADAPTER_LITERALS,household_entry_old_state,,
12.0,9.0,351.0,0.0833341125806568,0.02,0.05,17.0005919833965,0.1,0.07,99802986.14166658,3118902.571795831,179028640.14207128,1.2977085527454002,196829595.88121834,江苏,OWNER_A_CAPTURE_PID67056,2018,12,9,10,D:\ProjectTemp\ch5-mp4c-2018-final-production-path-faithful-durable-execution-20260903-001\household_call_ledger.csv,,,,,0.08033848825905156,0.92593458422952,11,10,,,,MISSING,MISSING,FIRM_NATIVE,MISSING,False,MISSING,FIRM_NATIVE,MISSING,False,,,,,,,,,,,CAPTURED,DESCRIPTIVE_FIRM_RANGE_ONLY,OBSERVED,True,0.0633341125806568,0.006665887419343194,False,False,False,False,False,False,False,False,MISSING,FIRM_NATIVE,MISSING,False,MISSING,FIRM_NATIVE,MISSING,False,,,,,,,,,,,CAPTURED,COMPOSITE_NO_FIRM_CLIP,True,0.02,0.09,0.8,1.3,HASH_BOUND_EXECUTED_ADAPTER_LITERALS,household_entry_old_state,,
12.0,10.0,352.0,0.08479528386591365,0.02,0.05,16.6593033954769,0.1,0.07,62516456.261547856,3147901.6161338678,117661028.90389884,1.1220437031450519,129320922.19574732,浙江,OWNER_A_CAPTURE_PID67056,2018,12,10,11,D:\ProjectTemp\ch5-mp4c-2018-final-production-path-faithful-durable-execution-20260903-001\household_call_ledger.csv,,,,,0.06276806168696052,0.9421698207323738,11,10,,,,MISSING,MISSING,FIRM_NATIVE,MISSING,False,MISSING,FIRM_NATIVE,MISSING,False,,,,,,,,,,,CAPTURED,DESCRIPTIVE_FIRM_RANGE_ONLY,OBSERVED,True,0.06479528386591364,0.005204716134086351,False,False,False,False,False,False,False,False,MISSING,FIRM_NATIVE,MISSING,False,MISSING,FIRM_NATIVE,MISSING,False,,,,,,,,,,,CAPTURED,COMPOSITE_NO_FIRM_CLIP,True,0.02,0.09,0.8,1.3,HASH_BOUND_EXECUTED_ADAPTER_LITERALS,household_entry_old_state,,
12.0,11.0,353.0,0.09,0.02,0.05,16.899848411228323,0.1,0.07,36655820.79947742,3210122.0058637676,65164026.87213553,1.0341526056831976,71568020.13917337,安徽,OWNER_A_CAPTURE_PID67056,2018,12,11,12,D:\ProjectTemp\ch5-mp4c-2018-final-production-path-faithful-durable-execution-20260903-001\household_call_ledger.csv,,,,,0.0,1.0,11,10,,,0.09,DERIVED_IDENTITY_ZERO_EXTERNAL_WEIGHT,MISSING,FIRM_NATIVE,MISSING,False,MISSING,FIRM_NATIVE,MISSING,False,,,,,,,,,,,CAPTURED,DESCRIPTIVE_FIRM_RANGE_ONLY,OBSERVED,True,0.06999999999999999,0.0,False,False,False,True,False,True,False,False,MISSING,FIRM_NATIVE,MISSING,False,MISSING,FIRM_NATIVE,MISSING,False,,,,,,,,,,,CAPTURED,COMPOSITE_NO_FIRM_CLIP,True,0.02,0.09,0.8,1.3,HASH_BOUND_EXECUTED_ADAPTER_LITERALS,household_entry_old_state,,
12.0,12.0,354.0,0.08461754866716745,0.02,0.05,16.11813417799232,0.1,0.07,38589444.72956579,3176456.9716925034,90613682.82021645,0.8458139319401737,99567493.22452235,福建,OWNER_A_CAPTURE_PID67056,2018,12,12,13,D:\ProjectTemp\ch5-mp4c-2018-final-production-path-faithful-durable-execution-20260903-001\household_call_ledger.csv,,,,,0.0649064986932153,0.9401949851907495,11,10,,,,MISSING,MISSING,FIRM_NATIVE,MISSING,False,MISSING,FIRM_NATIVE,MISSING,False,,,,,,,,,,,CAPTURED,DESCRIPTIVE_FIRM_RANGE_ONLY,OBSERVED,True,0.06461754866716744,0.00538245133283255,False,False,False,False,False,False,False,False,MISSING,FIRM_NATIVE,MISSING,False,MISSING,FIRM_NATIVE,MISSING,False,,,,,,,,,,,CAPTURED,COMPOSITE_NO_FIRM_CLIP,True,0.02,0.09,0.8,1.3,HASH_BOUND_EXECUTED_ADAPTER_LITERALS,household_entry_old_state,,
12.0,13.0,355.0,0.08837108677417899,0.02,0.05,16.581753990393825,0.1,0.07,24482606.508878462,3241678.1894927905,46391065.36955809,0.8962043332511257,50918971.23808871,江西,OWNER_A_CAPTURE_PID67056,2018,12,13,14,D:\ProjectTemp\ch5-mp4c-2018-final-production-path-faithful-durable-execution-20260903-001\household_call_ledger.csv,,,,,0.019675113595976762,0.9819009641575444,11,10,,,,MISSING,MISSING,FIRM_NATIVE,MISSING,False,MISSING,FIRM_NATIVE,MISSING,False,,,,,,,,,,,CAPTURED,DESCRIPTIVE_FIRM_RANGE_ONLY,OBSERVED,True,0.06837108677417898,0.0016289132258210104,False,False,False,False,False,False,False,False,MISSING,FIRM_NATIVE,MISSING,False,MISSING,FIRM_NATIVE,MISSING,False,,,,,,,,,,,CAPTURED,COMPOSITE_NO_FIRM_CLIP,True,0.02,0.09,0.8,1.3,HASH_BOUND_EXECUTED_ADAPTER_LITERALS,household_entry_old_state,,
12.0,14.0,356.0,0.08428372577944168,0.02,0.05,17.060652988452553,0.1,0.07,71836055.7808063,3141628.9949516123,188508075.2391116,0.8960792358475359,207256834.78670895,山东,OWNER_A_CAPTURE_PID67056,2018,12,14,15,D:\ProjectTemp\ch5-mp4c-2018-final-production-path-faithful-durable-execution-20260903-001\household_call_ledger.csv,,,,,0.06892202679478683,0.9364858419937966,11,10,,,,MISSING,MISSING,FIRM_NATIVE,MISSING,False,MISSING,FIRM_NATIVE,MISSING,False,,,,,,,,,,,CAPTURED,DESCRIPTIVE_FIRM_RANGE_ONLY,OBSERVED,True,0.06428372577944168,0.005716274220558315,False,False,False,False,False,False,False,False,MISSING,FIRM_NATIVE,MISSING,False,MISSING,FIRM_NATIVE,MISSING,False,,,,,,,,,,,CAPTURED,COMPOSITE_NO_FIRM_CLIP,True,0.02,0.09,0.8,1.3,HASH_BOUND_EXECUTED_ADAPTER_LITERALS,household_entry_old_state,,
12.0,15.0,357.0,0.08507757032464885,0.02,0.05,17.19888546174803,0.1,0.07,53821894.38046144,3175320.711717188,154501457.1646052,0.7810662646214637,169847119.07825935,河南,OWNER_A_CAPTURE_PID67056,2018,12,15,16,D:\ProjectTemp\ch5-mp4c-2018-final-production-path-faithful-durable-execution-20260903-001\household_call_ledger.csv,,,,,0.05937102807378291,0.9453063369405427,11,10,,,,MISSING,MISSING,FIRM_NATIVE,MISSING,False,MISSING,FIRM_NATIVE,MISSING,False,,,,,,,,,,,CAPTURED,DESCRIPTIVE_FIRM_RANGE_ONLY,OBSERVED,True,0.06507757032464885,0.004922429675351142,False,False,False,False,False,False,False,False,MISSING,FIRM_NATIVE,MISSING,False,MISSING,FIRM_NATIVE,MISSING,False,,,,,,,,,,,CAPTURED,COMPOSITE_NO_FIRM_CLIP,True,0.02,0.09,0.8,1.3,HASH_BOUND_EXECUTED_ADAPTER_LITERALS,household_entry_old_state,,
12.0,16.0,358.0,0.08668223093115598,0.02,0.05,17.069843931396115,0.1,0.07,45290674.66840296,3193227.6339884554,92074446.80351216,0.9793360775939547,101174139.42677276,湖北,OWNER_A_CAPTURE_PID67056,2018,12,16,17,D:\ProjectTemp\ch5-mp4c-2018-final-production-path-faithful-durable-execution-20260903-001\household_call_ledger.csv,,,,,0.040044697087704216,0.9631358992350666,11,10,,,,MISSING,MISSING,FIRM_NATIVE,MISSING,False,MISSING,FIRM_NATIVE,MISSING,False,,,,,,,,,,,CAPTURED,DESCRIPTIVE_FIRM_RANGE_ONLY,OBSERVED,True,0.06668223093115598,0.003317769068844012,False,False,False,False,False,False,False,False,MISSING,FIRM_NATIVE,MISSING,False,MISSING,FIRM_NATIVE,MISSING,False,,,,,,,,,,,CAPTURED,COMPOSITE_NO_FIRM_CLIP,True,0.02,0.09,0.8,1.3,HASH_BOUND_EXECUTED_ADAPTER_LITERALS,household_entry_old_state,,
12.0,17.0,359.0,0.08817290185883336,0.02,0.05,16.780375396904873,0.1,0.07,39258670.77348788,3197103.957390679,77930707.15180594,0.9654367567821311,85614069.40010369,湖南,OWNER_A_CAPTURE_PID67056,2018,12,17,18,D:\ProjectTemp\ch5-mp4c-2018-final-production-path-faithful-durable-execution-20260903-001\household_call_ledger.csv,,,,,0.02206701218325156,0.979698909542593,11,10,,,,MISSING,MISSING,FIRM_NATIVE,MISSING,False,MISSING,FIRM_NATIVE,MISSING,False,,,,,,,,,,,CAPTURED,DESCRIPTIVE_FIRM_RANGE_ONLY,OBSERVED,True,0.06817290185883336,0.0018270981411666332,False,False,False,False,False,False,False,False,MISSING,FIRM_NATIVE,MISSING,False,MISSING,FIRM_NATIVE,MISSING,False,,,,,,,,,,,CAPTURED,COMPOSITE_NO_FIRM_CLIP,True,0.02,0.09,0.8,1.3,HASH_BOUND_EXECUTED_ADAPTER_LITERALS,household_entry_old_state,,
12.0,18.0,360.0,0.08626702044498351,0.02,0.05,16.1745833610095,0.1,0.07,104848797.30648899,3084863.865368543,188349138.11484528,1.314162273048621,207080039.14596644,广东,OWNER_A_CAPTURE_PID67056,2018,12,18,19,D:\ProjectTemp\ch5-mp4c-2018-final-production-path-faithful-durable-execution-20260903-001\household_call_ledger.csv,,,,,0.045048029371518965,0.9585224493887057,11,10,,,,MISSING,MISSING,FIRM_NATIVE,MISSING,False,MISSING,FIRM_NATIVE,MISSING,False,,,,,,,,,,,CAPTURED,DESCRIPTIVE_FIRM_RANGE_ONLY,OBSERVED,True,0.0662670204449835,0.0037329795550164885,False,False,False,False,False,False,False,False,MISSING,FIRM_NATIVE,MISSING,False,MISSING,FIRM_NATIVE,MISSING,False,,,,,,,,,,,CAPTURED,COMPOSITE_NO_FIRM_CLIP,True,0.02,0.09,0.8,1.3,HASH_BOUND_EXECUTED_ADAPTER_LITERALS,household_entry_old_state,,
12.0,19.0,361.0,0.08698676933295832,0.02,0.05,15.405299523336716,0.1,0.07,21153789.111608993,3200531.4974779803,63372732.29477295,0.6102240041858565,69600094.72172163,广西,OWNER_A_CAPTURE_PID67056,2018,12,19,20,D:\ProjectTemp\ch5-mp4c-2018-final-production-path-faithful-durable-execution-20260903-001\household_call_ledger.csv,,,,,0.03637382456647036,0.9665196592550925,11,10,,,,MISSING,MISSING,FIRM_NATIVE,MISSING,False,MISSING,FIRM_NATIVE,MISSING,False,,,,,,,,,,,CAPTURED,DESCRIPTIVE_FIRM_RANGE_ONLY,OBSERVED,True,0.06698676933295832,0.0030132306670416775,False,False,False,False,False,False,False,False,MISSING,FIRM_NATIVE,MISSING,False,MISSING,FIRM_NATIVE,MISSING,False,,,,,,,,,,,CAPTURED,COMPOSITE_NO_FIRM_CLIP,True,0.02,0.09,0.8,1.3,HASH_BOUND_EXECUTED_ADAPTER_LITERALS,household_entry_old_state,,
12.0,20.0,362.0,0.0876841728940392,0.02,0.05,14.48006978547332,0.1,0.07,5290023.511703384,2972149.813205841,12117239.488710089,0.5576555818722908,13216956.506445615,海南,OWNER_A_CAPTURE_PID67056,2018,12,20,21,D:\ProjectTemp\ch5-mp4c-2018-final-production-path-faithful-durable-execution-20260903-001\household_call_ledger.csv,,,,,0.027963724364002344,0.9742685877115467,11,10,,,,MISSING,MISSING,FIRM_NATIVE,MISSING,False,MISSING,FIRM_NATIVE,MISSING,False,,,,,,,,,,,CAPTURED,DESCRIPTIVE_FIRM_RANGE_ONLY,OBSERVED,True,0.06768417289403919,0.002315827105960802,False,False,False,False,False,False,False,False,MISSING,FIRM_NATIVE,MISSING,False,MISSING,FIRM_NATIVE,MISSING,False,,,,,,,,,,,CAPTURED,COMPOSITE_NO_FIRM_CLIP,True,0.02,0.09,0.8,1.3,HASH_BOUND_EXECUTED_ADAPTER_LITERALS,household_entry_old_state,,
12.0,21.0,363.0,0.08588193688914225,0.02,0.05,16.30394172796667,0.1,0.07,21945453.147942342,3228827.8219970055,47178796.79218314,0.7936738798380872,51786479.76549782,重庆,OWNER_A_CAPTURE_PID67056,2018,12,21,22,D:\ProjectTemp\ch5-mp4c-2018-final-production-path-faithful-durable-execution-20260903-001\household_call_ledger.csv,,,,,0.049686711943930977,0.9542437432126918,11,10,,,,MISSING,MISSING,FIRM_NATIVE,MISSING,False,MISSING,FIRM_NATIVE,MISSING,False,,,,,,,,,,,CAPTURED,DESCRIPTIVE_FIRM_RANGE_ONLY,OBSERVED,True,0.06588193688914225,0.004118063110857745,False,False,False,False,False,False,False,False,MISSING,FIRM_NATIVE,MISSING,False,MISSING,FIRM_NATIVE,MISSING,False,,,,,,,,,,,CAPTURED,COMPOSITE_NO_FIRM_CLIP,True,0.02,0.09,0.8,1.3,HASH_BOUND_EXECUTED_ADAPTER_LITERALS,household_entry_old_state,,
12.0,22.0,364.0,0.08910758620231143,0.02,0.05,16.324568604463433,0.1,0.07,46238289.539321125,3147402.357216889,83391923.57453713,1.0829412584117875,91620403.28269945,四川,OWNER_A_CAPTURE_PID67056,2018,12,22,23,D:\ProjectTemp\ch5-mp4c-2018-final-production-path-faithful-durable-execution-20260903-001\household_call_ledger.csv,,,,,0.010782650770128166,0.9900842911367937,11,10,,,,MISSING,MISSING,FIRM_NATIVE,MISSING,False,MISSING,FIRM_NATIVE,MISSING,False,,,,,,,,,,,CAPTURED,DESCRIPTIVE_FIRM_RANGE_ONLY,OBSERVED,True,0.06910758620231143,0.0008924137976885627,False,False,False,False,False,False,False,False,MISSING,FIRM_NATIVE,MISSING,False,MISSING,FIRM_NATIVE,MISSING,False,,,,,,,,,,,CAPTURED,COMPOSITE_NO_FIRM_CLIP,True,0.02,0.09,0.8,1.3,HASH_BOUND_EXECUTED_ADAPTER_LITERALS,household_entry_old_state,,
12.0,23.0,365.0,0.08816773540648017,0.02,0.05,15.892399673714923,0.1,0.07,16537906.875743244,3187408.302110395,39396410.42341759,0.6898853213458604,43224760.334102914,贵州,OWNER_A_CAPTURE_PID67056,2018,12,23,24,D:\ProjectTemp\ch5-mp4c-2018-final-production-path-faithful-durable-execution-20260903-001\household_call_ledger.csv,,,,,0.02212936068262254,0.9796415045164464,11,10,,,,MISSING,MISSING,FIRM_NATIVE,MISSING,False,MISSING,FIRM_NATIVE,MISSING,False,,,,,,,,,,,CAPTURED,DESCRIPTIVE_FIRM_RANGE_ONLY,OBSERVED,True,0.06816773540648016,0.0018322645935198306,False,False,False,False,False,False,False,False,MISSING,FIRM_NATIVE,MISSING,False,MISSING,FIRM_NATIVE,MISSING,False,,,,,,,,,,,CAPTURED,COMPOSITE_NO_FIRM_CLIP,True,0.02,0.09,0.8,1.3,HASH_BOUND_EXECUTED_ADAPTER_LITERALS,household_entry_old_state,,
12.0,24.0,366.0,0.0875511111690813,0.02,0.05,15.202504471986337,0.1,0.07,22503903.626041885,3176452.7745494777,64588240.78009452,0.6408096356169706,70936893.47911227,云南,OWNER_A_CAPTURE_PID67056,2018,12,24,25,D:\ProjectTemp\ch5-mp4c-2018-final-production-path-faithful-durable-execution-20260903-001\household_call_ledger.csv,,,,,0.029568731957169938,0.9727901241009035,11,10,,,,MISSING,MISSING,FIRM_NATIVE,MISSING,False,MISSING,FIRM_NATIVE,MISSING,False,,,,,,,,,,,CAPTURED,DESCRIPTIVE_FIRM_RANGE_ONLY,OBSERVED,True,0.0675511111690813,0.0024488888309186913,False,False,False,False,False,False,False,False,MISSING,FIRM_NATIVE,MISSING,False,MISSING,FIRM_NATIVE,MISSING,False,,,,,,,,,,,CAPTURED,COMPOSITE_NO_FIRM_CLIP,True,0.02,0.09,0.8,1.3,HASH_BOUND_EXECUTED_ADAPTER_LITERALS,household_entry_old_state,,
12.0,25.0,367.0,0.06628257775181406,0.02,0.05,12.90584035049969,0.1,0.07,1591143.3385070811,2925286.3290512324,7308051.792193465,0.24893159046720797,7927046.433138976,西藏,OWNER_A_CAPTURE_PID67056,2018,12,25,26,D:\ProjectTemp\ch5-mp4c-2018-final-production-path-faithful-durable-execution-20260903-001\household_call_ledger.csv,,,,,0.2837596352791583,0.7364730861312674,11,10,,,,MISSING,MISSING,FIRM_NATIVE,MISSING,False,MISSING,FIRM_NATIVE,MISSING,False,,,,,,,,,,,CAPTURED,DESCRIPTIVE_FIRM_RANGE_ONLY,OBSERVED,True,0.04628257775181406,0.023717422248185932,False,False,False,False,False,False,False,False,MISSING,FIRM_NATIVE,MISSING,False,MISSING,FIRM_NATIVE,MISSING,False,,,,,,,,,,,CAPTURED,COMPOSITE_NO_FIRM_CLIP,False,0.02,0.09,0.8,1.3,HASH_BOUND_EXECUTED_ADAPTER_LITERALS,household_entry_old_state,,
12.0,26.0,368.0,0.08576523383998451,0.02,0.05,16.724835569355406,0.1,0.07,25803093.64638228,3227762.3443962173,60685537.10126116,0.7682156829418633,66644568.902369276,陕西,OWNER_A_CAPTURE_PID67056,2018,12,26,27,D:\ProjectTemp\ch5-mp4c-2018-final-production-path-faithful-durable-execution-20260903-001\household_call_ledger.csv,,,,,0.05109219959757891,0.9529470426664945,11,10,,,,MISSING,MISSING,FIRM_NATIVE,MISSING,False,MISSING,FIRM_NATIVE,MISSING,False,,,,,,,,,,,CAPTURED,DESCRIPTIVE_FIRM_RANGE_ONLY,OBSERVED,True,0.0657652338399845,0.004234766160015488,False,False,False,False,False,False,False,False,MISSING,FIRM_NATIVE,MISSING,False,MISSING,FIRM_NATIVE,MISSING,False,,,,,,,,,,,CAPTURED,COMPOSITE_NO_FIRM_CLIP,True,0.02,0.09,0.8,1.3,HASH_BOUND_EXECUTED_ADAPTER_LITERALS,household_entry_old_state,,
12.0,27.0,369.0,0.08948997674836623,0.02,0.05,15.697199513196203,0.1,0.07,8885301.897591017,2968527.7271174057,22172039.54947091,0.5872064362392574,24277054.9658422,甘肃,OWNER_A_CAPTURE_PID67056,2018,12,27,28,D:\ProjectTemp\ch5-mp4c-2018-final-production-path-faithful-durable-execution-20260903-001\household_call_ledger.csv,,,,,0.006163422815411727,0.9943330749818472,11,10,,,,MISSING,MISSING,FIRM_NATIVE,MISSING,False,MISSING,FIRM_NATIVE,MISSING,False,,,,,,,,,,,CAPTURED,DESCRIPTIVE_FIRM_RANGE_ONLY,OBSERVED,True,0.06948997674836623,0.0005100232516337677,False,False,False,False,False,False,False,False,MISSING,FIRM_NATIVE,MISSING,False,MISSING,FIRM_NATIVE,MISSING,False,,,,,,,,,,,CAPTURED,COMPOSITE_NO_FIRM_CLIP,True,0.02,0.09,0.8,1.3,HASH_BOUND_EXECUTED_ADAPTER_LITERALS,household_entry_old_state,,
12.0,28.0,370.0,0.08000982501437538,0.02,0.05,14.25193439361811,0.1,0.07,2960631.6994752605,2966498.8469797485,15719452.395327533,0.25531012860284097,17180052.048706908,青海,OWNER_A_CAPTURE_PID67056,2018,12,28,29,D:\ProjectTemp\ch5-mp4c-2018-final-production-path-faithful-durable-execution-20260903-001\household_call_ledger.csv,,,,,0.12022999455338848,0.888998055715282,11,10,,,,MISSING,MISSING,FIRM_NATIVE,MISSING,False,MISSING,FIRM_NATIVE,MISSING,False,,,,,,,,,,,CAPTURED,DESCRIPTIVE_FIRM_RANGE_ONLY,OBSERVED,True,0.06000982501437538,0.009990174985624614,False,False,False,False,False,False,False,False,MISSING,FIRM_NATIVE,MISSING,False,MISSING,FIRM_NATIVE,MISSING,False,,,,,,,,,,,CAPTURED,COMPOSITE_NO_FIRM_CLIP,True,0.02,0.09,0.8,1.3,HASH_BOUND_EXECUTED_ADAPTER_LITERALS,household_entry_old_state,,
12.0,29.0,371.0,0.07977292142174992,0.02,0.05,15.725374926829543,0.1,0.07,3781943.9023294724,3025347.5564270653,16729478.052622648,0.3094172809896014,18291154.303300396,宁夏,OWNER_A_CAPTURE_PID67056,2018,12,29,30,D:\ProjectTemp\ch5-mp4c-2018-final-production-path-faithful-durable-execution-20260903-001\household_call_ledger.csv,,,,,0.1230684752371874,0.8863657935749993,11,10,,,,MISSING,MISSING,FIRM_NATIVE,MISSING,False,MISSING,FIRM_NATIVE,MISSING,False,,,,,,,,,,,CAPTURED,DESCRIPTIVE_FIRM_RANGE_ONLY,OBSERVED,True,0.05977292142174992,0.010227078578250073,False,False,False,False,False,False,False,False,MISSING,FIRM_NATIVE,MISSING,False,MISSING,FIRM_NATIVE,MISSING,False,,,,,,,,,,,CAPTURED,COMPOSITE_NO_FIRM_CLIP,True,0.02,0.09,0.8,1.3,HASH_BOUND_EXECUTED_ADAPTER_LITERALS,household_entry_old_state,,
12.0,30.0,372.0,0.06491054641571962,0.02,0.05,12.237228269049249,0.1,0.07,13141981.149927635,2908807.6885176077,42447293.51811477,0.5283131612574514,46583239.89371251,新疆,OWNER_A_CAPTURE_PID67056,2018,12,30,31,D:\ProjectTemp\ch5-mp4c-2018-final-production-path-faithful-durable-execution-20260903-001\household_call_ledger.csv,,,,,0.3,0.7212282935079958,11,10,,,,MISSING,MISSING,FIRM_NATIVE,MISSING,False,MISSING,FIRM_NATIVE,MISSING,False,,,,,,,,,,,CAPTURED,DESCRIPTIVE_FIRM_RANGE_ONLY,OBSERVED,True,0.04491054641571962,0.025089453584280372,False,False,False,False,False,False,False,False,MISSING,FIRM_NATIVE,MISSING,False,MISSING,FIRM_NATIVE,MISSING,False,,,,,,,,,,,CAPTURED,COMPOSITE_NO_FIRM_CLIP,False,0.02,0.09,0.8,1.3,HASH_BOUND_EXECUTED_ADAPTER_LITERALS,household_entry_old_state,,
13.0,0.0,373.0,0.07993173548689111,0.02,0.05,16.381993875335464,0.1,0.07,32609995.92237863,3175254.336614705,65020965.71515144,0.9957082897116624,64923163.86060455,北京,OWNER_A_CAPTURE_PID67056,2018,13,0,1,D:\ProjectTemp\ch5-mp4c-2018-final-production-path-faithful-durable-execution-20260903-001\household_call_ledger.csv,,,,,0.12116569491184198,0.8881303942987903,12,11,,,,MISSING,MISSING,FIRM_NATIVE,MISSING,False,MISSING,FIRM_NATIVE,MISSING,False,,,,,,,,,,,CAPTURED,DESCRIPTIVE_FIRM_RANGE_ONLY,OBSERVED,True,0.05993173548689111,0.010068264513108882,False,False,False,False,False,False,False,False,MISSING,FIRM_NATIVE,MISSING,False,MISSING,FIRM_NATIVE,MISSING,False,,,,,,,,,,,CAPTURED,COMPOSITE_NO_FIRM_CLIP,True,0.02,0.09,0.8,1.3,HASH_BOUND_EXECUTED_ADAPTER_LITERALS,household_entry_old_state,,
13.0,1.0,374.0,0.07348694778018657,0.02,0.05,16.184552472645766,0.1,0.07,14372312.712333905,3102580.189136824,67743113.17238137,0.42739151055990104,67645991.70140028,天津,OWNER_A_CAPTURE_PID67056,2018,13,1,2,D:\ProjectTemp\ch5-mp4c-2018-final-production-path-faithful-durable-execution-20260903-001\household_call_ledger.csv,,,,,0.19817398532280342,0.816521642002073,12,11,,,,MISSING,MISSING,FIRM_NATIVE,MISSING,False,MISSING,FIRM_NATIVE,MISSING,False,,,,,,,,,,,CAPTURED,DESCRIPTIVE_FIRM_RANGE_ONLY,OBSERVED,True,0.05348694778018656,0.01651305221981343,False,False,False,False,False,False,False,False,MISSING,FIRM_NATIVE,MISSING,False,MISSING,FIRM_NATIVE,MISSING,False,,,,,,,,,,,CAPTURED,COMPOSITE_NO_FIRM_CLIP,True,0.02,0.09,0.8,1.3,HASH_BOUND_EXECUTED_ADAPTER_LITERALS,household_entry_old_state,,
13.0,2.0,375.0,0.08665044342793835,0.02,0.05,16.735733999818702,0.1,0.07,34950849.89689364,3186282.900694863,119159545.4029132,0.6676901733670653,119062220.29253377,河北,OWNER_A_CAPTURE_PID67056,2018,13,2,3,D:\ProjectTemp\ch5-mp4c-2018-final-production-path-faithful-durable-execution-20260903-001\household_call_ledger.csv,,,,,0.04042780400496038,0.9627827047548705,12,11,,,,MISSING,MISSING,FIRM_NATIVE,MISSING,False,MISSING,FIRM_NATIVE,MISSING,False,,,,,,,,,,,CAPTURED,DESCRIPTIVE_FIRM_RANGE_ONLY,OBSERVED,True,0.06665044342793834,0.0033495565720616516,False,False,False,False,False,False,False,False,MISSING,FIRM_NATIVE,MISSING,False,MISSING,FIRM_NATIVE,MISSING,False,,,,,,,,,,,CAPTURED,COMPOSITE_NO_FIRM_CLIP,True,0.02,0.09,0.8,1.3,HASH_BOUND_EXECUTED_ADAPTER_LITERALS,household_entry_old_state,,
13.0,3.0,376.0,0.08680743348666484,0.02,0.05,16.50520225991843,0.1,0.07,17160891.508841727,3206710.0460979813,49853555.570025474,0.6419549776183036,49753781.32239793,山西,OWNER_A_CAPTURE_PID67056,2018,13,3,4,D:\ProjectTemp\ch5-mp4c-2018-final-production-path-faithful-durable-execution-20260903-001\household_call_ledger.csv,,,,,0.0385356371748285,0.9645270387407204,12,11,,,,MISSING,MISSING,FIRM_NATIVE,MISSING,False,MISSING,FIRM_NATIVE,MISSING,False,,,,,,,,,,,CAPTURED,DESCRIPTIVE_FIRM_RANGE_ONLY,OBSERVED,True,0.06680743348666483,0.00319256651333516,False,False,False,False,False,False,False,False,MISSING,FIRM_NATIVE,MISSING,False,MISSING,FIRM_NATIVE,MISSING,False,,,,,,,,,,,CAPTURED,COMPOSITE_NO_FIRM_CLIP,True,0.02,0.09,0.8,1.3,HASH_BOUND_EXECUTED_ADAPTER_LITERALS,household_entry_old_state,,
13.0,4.0,377.0,0.07849388952014204,0.02,0.05,15.806331458419992,0.1,0.07,17360020.101013333,3170748.134820189,75187345.76038758,0.4739259903073497,75090289.96721743,内蒙古,OWNER_A_CAPTURE_PID67056,2018,13,4,5,D:\ProjectTemp\ch5-mp4c-2018-final-production-path-faithful-durable-execution-20260903-001\household_call_ledger.csv,,,,,0.13838331231905796,0.8721543280015782,12,11,,,,MISSING,MISSING,FIRM_NATIVE,MISSING,False,MISSING,FIRM_NATIVE,MISSING,False,,,,,,,,,,,CAPTURED,DESCRIPTIVE_FIRM_RANGE_ONLY,OBSERVED,True,0.058493889520142034,0.011506110479857959,False,False,False,False,False,False,False,False,MISSING,FIRM_NATIVE,MISSING,False,MISSING,FIRM_NATIVE,MISSING,False,,,,,,,,,,,CAPTURED,COMPOSITE_NO_FIRM_CLIP,True,0.02,0.09,0.8,1.3,HASH_BOUND_EXECUTED_ADAPTER_LITERALS,household_entry_old_state,,
13.0,5.0,378.0,0.08366820932271848,0.02,0.05,15.249234134874753,0.1,0.07,25286950.68574507,3154359.416640393,88454348.80783124,0.6095696634599314,88357103.94483577,辽宁,OWNER_A_CAPTURE_PID67056,2018,13,5,6,D:\ProjectTemp\ch5-mp4c-2018-final-production-path-faithful-durable-execution-20260903-001\household_call_ledger.csv,,,,,0.07632297463521798,0.9296467702524277,12,11,,,,MISSING,MISSING,FIRM_NATIVE,MISSING,False,MISSING,FIRM_NATIVE,MISSING,False,,,,,,,,,,,CAPTURED,DESCRIPTIVE_FIRM_RANGE_ONLY,OBSERVED,True,0.06366820932271848,0.0063317906772815125,False,False,False,False,False,False,False,False,MISSING,FIRM_NATIVE,MISSING,False,MISSING,FIRM_NATIVE,MISSING,False,,,,,,,,,,,CAPTURED,COMPOSITE_NO_FIRM_CLIP,True,0.02,0.09,0.8,1.3,HASH_BOUND_EXECUTED_ADAPTER_LITERALS,household_entry_old_state,,
13.0,6.0,379.0,0.08150458506614482,0.02,0.05,14.413453043845644,0.1,0.07,12104287.474800037,2958423.725057659,69131961.45844707,0.3581952419549604,69034192.22560129,吉林,OWNER_A_CAPTURE_PID67056,2018,13,6,7,D:\ProjectTemp\ch5-mp4c-2018-final-production-path-faithful-durable-execution-20260903-001\household_call_ledger.csv,,,,,0.1023070236880023,0.9056065007349425,12,11,,,,MISSING,MISSING,FIRM_NATIVE,MISSING,False,MISSING,FIRM_NATIVE,MISSING,False,,,,,,,,,,,CAPTURED,DESCRIPTIVE_FIRM_RANGE_ONLY,OBSERVED,True,0.06150458506614481,0.00849541493385518,False,False,False,False,False,False,False,False,MISSING,FIRM_NATIVE,MISSING,False,MISSING,FIRM_NATIVE,MISSING,False,,,,,,,,,,,CAPTURED,COMPOSITE_NO_FIRM_CLIP,True,0.02,0.09,0.8,1.3,HASH_BOUND_EXECUTED_ADAPTER_LITERALS,household_entry_old_state,,
13.0,7.0,380.0,0.08462662600480349,0.02,0.05,13.38254179620852,0.1,0.07,13816276.226085609,2979526.7268677163,58373403.716964275,0.4652090857036285,58274543.39556375,黑龙江,OWNER_A_CAPTURE_PID67056,2018,13,7,8,D:\ProjectTemp\ch5-mp4c-2018-final-production-path-faithful-durable-execution-20260903-001\household_call_ledger.csv,,,,,0.06479729188901276,0.9402958444978166,12,11,,,,MISSING,MISSING,FIRM_NATIVE,MISSING,False,MISSING,FIRM_NATIVE,MISSING,False,,,,,,,,,,,CAPTURED,DESCRIPTIVE_FIRM_RANGE_ONLY,OBSERVED,True,0.06462662600480348,0.005373373995196509,False,False,False,False,False,False,False,False,MISSING,FIRM_NATIVE,MISSING,False,MISSING,FIRM_NATIVE,MISSING,False,,,,,,,,,,,CAPTURED,COMPOSITE_NO_FIRM_CLIP,True,0.02,0.09,0.8,1.3,HASH_BOUND_EXECUTED_ADAPTER_LITERALS,household_entry_old_state,,
13.0,8.0,381.0,0.08013283266621211,0.02,0.05,16.3242373971911,0.1,0.07,38731683.492021844,3171119.303970029,71280543.12136146,1.101857271780713,71183068.42866078,上海,OWNER_A_CAPTURE_PID67056,2018,13,8,9,D:\ProjectTemp\ch5-mp4c-2018-final-production-path-faithful-durable-execution-20260903-001\household_call_ledger.csv,,,,,0.11875593934055706,0.8903648074023569,12,11,,,,MISSING,MISSING,FIRM_NATIVE,MISSING,False,MISSING,FIRM_NATIVE,MISSING,False,,,,,,,,,,,CAPTURED,DESCRIPTIVE_FIRM_RANGE_ONLY,OBSERVED,True,0.06013283266621211,0.009867167333787882,False,False,False,False,False,False,False,False,MISSING,FIRM_NATIVE,MISSING,False,MISSING,FIRM_NATIVE,MISSING,False,,,,,,,,,,,CAPTURED,COMPOSITE_NO_FIRM_CLIP,True,0.02,0.09,0.8,1.3,HASH_BOUND_EXECUTED_ADAPTER_LITERALS,household_entry_old_state,,
13.0,9.0,382.0,0.0833341125806568,0.02,0.05,17.000482453874596,0.1,0.07,99596336.65900624,3108800.942868854,196921501.3058541,1.2977085527454002,196829595.88121834,江苏,OWNER_A_CAPTURE_PID67056,2018,13,9,10,D:\ProjectTemp\ch5-mp4c-2018-final-production-path-faithful-durable-execution-20260903-001\household_call_ledger.csv,,,,,0.08033848825905156,0.92593458422952,12,11,,,,MISSING,MISSING,FIRM_NATIVE,MISSING,False,MISSING,FIRM_NATIVE,MISSING,False,,,,,,,,,,,CAPTURED,DESCRIPTIVE_FIRM_RANGE_ONLY,OBSERVED,True,0.0633341125806568,0.006665887419343194,False,False,False,False,False,False,False,False,MISSING,FIRM_NATIVE,MISSING,False,MISSING,FIRM_NATIVE,MISSING,False,,,,,,,,,,,CAPTURED,COMPOSITE_NO_FIRM_CLIP,True,0.02,0.09,0.8,1.3,HASH_BOUND_EXECUTED_ADAPTER_LITERALS,household_entry_old_state,,
13.0,10.0,383.0,0.08479528386591365,0.02,0.05,16.659184090493575,0.1,0.07,62386957.43000124,3137722.0243095285,129416737.92768374,1.1220437031450519,129320922.19574732,浙江,OWNER_A_CAPTURE_PID67056,2018,13,10,11,D:\ProjectTemp\ch5-mp4c-2018-final-production-path-faithful-durable-execution-20260903-001\household_call_ledger.csv,,,,,0.06276806168696052,0.9421698207323738,12,11,,,,MISSING,MISSING,FIRM_NATIVE,MISSING,False,MISSING,FIRM_NATIVE,MISSING,False,,,,,,,,,,,CAPTURED,DESCRIPTIVE_FIRM_RANGE_ONLY,OBSERVED,True,0.06479528386591364,0.005204716134086351,False,False,False,False,False,False,False,False,MISSING,FIRM_NATIVE,MISSING,False,MISSING,FIRM_NATIVE,MISSING,False,,,,,,,,,,,CAPTURED,COMPOSITE_NO_FIRM_CLIP,True,0.02,0.09,0.8,1.3,HASH_BOUND_EXECUTED_ADAPTER_LITERALS,household_entry_old_state,,
13.0,11.0,384.0,0.09,0.02,0.05,16.89971235609472,0.1,0.07,36579366.7973587,3199667.938708124,71669472.09028336,1.0341526056831976,71568020.13917337,安徽,OWNER_A_CAPTURE_PID67056,2018,13,11,12,D:\ProjectTemp\ch5-mp4c-2018-final-production-path-faithful-durable-execution-20260903-001\household_call_ledger.csv,,,,,0.0,1.0,12,11,,,0.09,DERIVED_IDENTITY_ZERO_EXTERNAL_WEIGHT,MISSING,FIRM_NATIVE,MISSING,False,MISSING,FIRM_NATIVE,MISSING,False,,,,,,,,,,,CAPTURED,DESCRIPTIVE_FIRM_RANGE_ONLY,OBSERVED,True,0.06999999999999999,0.0,False,False,False,True,False,True,False,False,MISSING,FIRM_NATIVE,MISSING,False,MISSING,FIRM_NATIVE,MISSING,False,,,,,,,,,,,CAPTURED,COMPOSITE_NO_FIRM_CLIP,True,0.02,0.09,0.8,1.3,HASH_BOUND_EXECUTED_ADAPTER_LITERALS,household_entry_old_state,,
13.0,12.0,385.0,0.08461754866716745,0.02,0.05,16.118034509596704,0.1,0.07,38509768.58085331,3166274.498952716,99664534.66793376,0.8458139319401737,99567493.22452235,福建,OWNER_A_CAPTURE_PID67056,2018,13,12,13,D:\ProjectTemp\ch5-mp4c-2018-final-production-path-faithful-durable-execution-20260903-001\household_call_ledger.csv,,,,,0.0649064986932153,0.9401949851907495,12,11,,,,MISSING,MISSING,FIRM_NATIVE,MISSING,False,MISSING,FIRM_NATIVE,MISSING,False,,,,,,,,,,,CAPTURED,DESCRIPTIVE_FIRM_RANGE_ONLY,OBSERVED,True,0.06461754866716744,0.00538245133283255,False,False,False,False,False,False,False,False,MISSING,FIRM_NATIVE,MISSING,False,MISSING,FIRM_NATIVE,MISSING,False,,,,,,,,,,,CAPTURED,COMPOSITE_NO_FIRM_CLIP,True,0.02,0.09,0.8,1.3,HASH_BOUND_EXECUTED_ADAPTER_LITERALS,household_entry_old_state,,
13.0,13.0,386.0,0.08837108677417899,0.02,0.05,16.58164500809772,0.1,0.07,24431720.849478386,3231275.237441908,51019399.53045495,0.8962043332511257,50918971.23808871,江西,OWNER_A_CAPTURE_PID67056,2018,13,13,14,D:\ProjectTemp\ch5-mp4c-2018-final-production-path-faithful-durable-execution-20260903-001\household_call_ledger.csv,,,,,0.019675113595976762,0.9819009641575444,12,11,,,,MISSING,MISSING,FIRM_NATIVE,MISSING,False,MISSING,FIRM_NATIVE,MISSING,False,,,,,,,,,,,CAPTURED,DESCRIPTIVE_FIRM_RANGE_ONLY,OBSERVED,True,0.06837108677417898,0.0016289132258210104,False,False,False,False,False,False,False,False,MISSING,FIRM_NATIVE,MISSING,False,MISSING,FIRM_NATIVE,MISSING,False,,,,,,,,,,,CAPTURED,COMPOSITE_NO_FIRM_CLIP,True,0.02,0.09,0.8,1.3,HASH_BOUND_EXECUTED_ADAPTER_LITERALS,household_entry_old_state,,
13.0,14.0,387.0,0.08428372577944168,0.02,0.05,17.060504879680924,0.1,0.07,71688838.16034922,3131579.54147954,207348867.21334675,0.8960792358475359,207256834.78670895,山东,OWNER_A_CAPTURE_PID67056,2018,13,14,15,D:\ProjectTemp\ch5-mp4c-2018-final-production-path-faithful-durable-execution-20260903-001\household_call_ledger.csv,,,,,0.06892202679478683,0.9364858419937966,12,11,,,,MISSING,MISSING,FIRM_NATIVE,MISSING,False,MISSING,FIRM_NATIVE,MISSING,False,,,,,,,,,,,CAPTURED,DESCRIPTIVE_FIRM_RANGE_ONLY,OBSERVED,True,0.06428372577944168,0.005716274220558315,False,False,False,False,False,False,False,False,MISSING,FIRM_NATIVE,MISSING,False,MISSING,FIRM_NATIVE,MISSING,False,,,,,,,,,,,CAPTURED,COMPOSITE_NO_FIRM_CLIP,True,0.02,0.09,0.8,1.3,HASH_BOUND_EXECUTED_ADAPTER_LITERALS,household_entry_old_state,,
13.0,15.0,388.0,0.08507757032464885,0.02,0.05,17.198758164472682,0.1,0.07,53711672.76931535,3165197.2067545,169941365.89906675,0.7810662646214637,169847119.07825935,河南,OWNER_A_CAPTURE_PID67056,2018,13,15,16,D:\ProjectTemp\ch5-mp4c-2018-final-production-path-faithful-durable-execution-20260903-001\household_call_ledger.csv,,,,,0.05937102807378291,0.9453063369405427,12,11,,,,MISSING,MISSING,FIRM_NATIVE,MISSING,False,MISSING,FIRM_NATIVE,MISSING,False,,,,,,,,,,,CAPTURED,DESCRIPTIVE_FIRM_RANGE_ONLY,OBSERVED,True,0.06507757032464885,0.004922429675351142,False,False,False,False,False,False,False,False,MISSING,FIRM_NATIVE,MISSING,False,MISSING,FIRM_NATIVE,MISSING,False,,,,,,,,,,,CAPTURED,COMPOSITE_NO_FIRM_CLIP,True,0.02,0.09,0.8,1.3,HASH_BOUND_EXECUTED_ADAPTER_LITERALS,household_entry_old_state,,
13.0,16.0,389.0,0.08668223093115598,0.02,0.05,17.069738878993608,0.1,0.07,45197588.17858772,3182991.3546647797,101271261.4351852,0.9793360775939547,101174139.42677276,湖北,OWNER_A_CAPTURE_PID67056,2018,13,16,17,D:\ProjectTemp\ch5-mp4c-2018-final-production-path-faithful-durable-execution-20260903-001\household_call_ledger.csv,,,,,0.040044697087704216,0.9631358992350666,12,11,,,,MISSING,MISSING,FIRM_NATIVE,MISSING,False,MISSING,FIRM_NATIVE,MISSING,False,,,,,,,,,,,CAPTURED,DESCRIPTIVE_FIRM_RANGE_ONLY,OBSERVED,True,0.06668223093115598,0.003317769068844012,False,False,False,False,False,False,False,False,MISSING,FIRM_NATIVE,MISSING,False,MISSING,FIRM_NATIVE,MISSING,False,,,,,,,,,,,CAPTURED,COMPOSITE_NO_FIRM_CLIP,True,0.02,0.09,0.8,1.3,HASH_BOUND_EXECUTED_ADAPTER_LITERALS,household_entry_old_state,,
13.0,17.0,390.0,0.08817290185883336,0.02,0.05,16.780289968141815,0.1,0.07,39178229.3849544,3186914.8553006127,85713514.22174622,0.9654367567821311,85614069.40010369,湖南,OWNER_A_CAPTURE_PID67056,2018,13,17,18,D:\ProjectTemp\ch5-mp4c-2018-final-production-path-faithful-durable-execution-20260903-001\household_call_ledger.csv,,,,,0.02206701218325156,0.979698909542593,12,11,,,,MISSING,MISSING,FIRM_NATIVE,MISSING,False,MISSING,FIRM_NATIVE,MISSING,False,,,,,,,,,,,CAPTURED,DESCRIPTIVE_FIRM_RANGE_ONLY,OBSERVED,True,0.06817290185883336,0.0018270981411666332,False,False,False,False,False,False,False,False,MISSING,FIRM_NATIVE,MISSING,False,MISSING,FIRM_NATIVE,MISSING,False,,,,,,,,,,,CAPTURED,COMPOSITE_NO_FIRM_CLIP,True,0.02,0.09,0.8,1.3,HASH_BOUND_EXECUTED_ADAPTER_LITERALS,household_entry_old_state,,
13.0,18.0,391.0,0.08626702044498351,0.02,0.05,16.174556651122888,0.1,0.07,104634799.69250146,3075123.5754449544,207173857.76015228,1.314162273048621,207080039.14596644,广东,OWNER_A_CAPTURE_PID67056,2018,13,18,19,D:\ProjectTemp\ch5-mp4c-2018-final-production-path-faithful-durable-execution-20260903-001\household_call_ledger.csv,,,,,0.045048029371518965,0.9585224493887057,12,11,,,,MISSING,MISSING,FIRM_NATIVE,MISSING,False,MISSING,FIRM_NATIVE,MISSING,False,,,,,,,,,,,CAPTURED,DESCRIPTIVE_FIRM_RANGE_ONLY,OBSERVED,True,0.0662670204449835,0.0037329795550164885,False,False,False,False,False,False,False,False,MISSING,FIRM_NATIVE,MISSING,False,MISSING,FIRM_NATIVE,MISSING,False,,,,,,,,,,,CAPTURED,COMPOSITE_NO_FIRM_CLIP,True,0.02,0.09,0.8,1.3,HASH_BOUND_EXECUTED_ADAPTER_LITERALS,household_entry_old_state,,
13.0,19.0,392.0,0.08698676933295832,0.02,0.05,15.405253066040432,0.1,0.07,21110646.61378674,3190500.516822291,69699275.19365628,0.6102240041858565,69600094.72172163,广西,OWNER_A_CAPTURE_PID67056,2018,13,19,20,D:\ProjectTemp\ch5-mp4c-2018-final-production-path-faithful-durable-execution-20260903-001\household_call_ledger.csv,,,,,0.03637382456647036,0.9665196592550925,12,11,,,,MISSING,MISSING,FIRM_NATIVE,MISSING,False,MISSING,FIRM_NATIVE,MISSING,False,,,,,,,,,,,CAPTURED,DESCRIPTIVE_FIRM_RANGE_ONLY,OBSERVED,True,0.06698676933295832,0.0030132306670416775,False,False,False,False,False,False,False,False,MISSING,FIRM_NATIVE,MISSING,False,MISSING,FIRM_NATIVE,MISSING,False,,,,,,,,,,,CAPTURED,COMPOSITE_NO_FIRM_CLIP,True,0.02,0.09,0.8,1.3,HASH_BOUND_EXECUTED_ADAPTER_LITERALS,household_entry_old_state,,
13.0,20.0,393.0,0.0876841728940392,0.02,0.05,14.4800606160116,0.1,0.07,5278942.751509557,2962780.4363515857,13318042.556994477,0.5576555818722908,13216956.506445615,海南,OWNER_A_CAPTURE_PID67056,2018,13,20,21,D:\ProjectTemp\ch5-mp4c-2018-final-production-path-faithful-durable-execution-20260903-001\household_call_ledger.csv,,,,,0.027963724364002344,0.9742685877115467,12,11,,,,MISSING,MISSING,FIRM_NATIVE,MISSING,False,MISSING,FIRM_NATIVE,MISSING,False,,,,,,,,,,,CAPTURED,DESCRIPTIVE_FIRM_RANGE_ONLY,OBSERVED,True,0.06768417289403919,0.002315827105960802,False,False,False,False,False,False,False,False,MISSING,FIRM_NATIVE,MISSING,False,MISSING,FIRM_NATIVE,MISSING,False,,,,,,,,,,,CAPTURED,COMPOSITE_NO_FIRM_CLIP,True,0.02,0.09,0.8,1.3,HASH_BOUND_EXECUTED_ADAPTER_LITERALS,household_entry_old_state,,
13.0,21.0,394.0,0.08588193688914225,0.02,0.05,16.303872463383023,0.1,0.07,21900751.953127466,3218754.7496622116,51885920.15079334,0.7936738798380872,51786479.76549782,重庆,OWNER_A_CAPTURE_PID67056,2018,13,21,22,D:\ProjectTemp\ch5-mp4c-2018-final-production-path-faithful-durable-execution-20260903-001\household_call_ledger.csv,,,,,0.049686711943930977,0.9542437432126918,12,11,,,,MISSING,MISSING,FIRM_NATIVE,MISSING,False,MISSING,FIRM_NATIVE,MISSING,False,,,,,,,,,,,CAPTURED,DESCRIPTIVE_FIRM_RANGE_ONLY,OBSERVED,True,0.06588193688914225,0.004118063110857745,False,False,False,False,False,False,False,False,MISSING,FIRM_NATIVE,MISSING,False,MISSING,FIRM_NATIVE,MISSING,False,,,,,,,,,,,CAPTURED,COMPOSITE_NO_FIRM_CLIP,True,0.02,0.09,0.8,1.3,HASH_BOUND_EXECUTED_ADAPTER_LITERALS,household_entry_old_state,,
13.0,22.0,395.0,0.08910758620231143,0.02,0.05,16.32450974114308,0.1,0.07,46145159.078283526,3137685.1210774165,91720624.05961582,1.0829412584117875,91620403.28269945,四川,OWNER_A_CAPTURE_PID67056,2018,13,22,23,D:\ProjectTemp\ch5-mp4c-2018-final-production-path-faithful-durable-execution-20260903-001\household_call_ledger.csv,,,,,0.010782650770128166,0.9900842911367937,12,11,,,,MISSING,MISSING,FIRM_NATIVE,MISSING,False,MISSING,FIRM_NATIVE,MISSING,False,,,,,,,,,,,CAPTURED,DESCRIPTIVE_FIRM_RANGE_ONLY,OBSERVED,True,0.06910758620231143,0.0008924137976885627,False,False,False,False,False,False,False,False,MISSING,FIRM_NATIVE,MISSING,False,MISSING,FIRM_NATIVE,MISSING,False,,,,,,,,,,,CAPTURED,COMPOSITE_NO_FIRM_CLIP,True,0.02,0.09,0.8,1.3,HASH_BOUND_EXECUTED_ADAPTER_LITERALS,household_entry_old_state,,
13.0,23.0,396.0,0.08816773540648017,0.02,0.05,15.89279948901337,0.1,0.07,16509661.367953511,3175541.3058612645,43325195.653320394,0.6898853213458604,43224760.334102914,贵州,OWNER_A_CAPTURE_PID67056,2018,13,23,24,D:\ProjectTemp\ch5-mp4c-2018-final-production-path-faithful-durable-execution-20260903-001\household_call_ledger.csv,,,,,0.02212936068262254,0.9796415045164464,12,11,,,,MISSING,MISSING,FIRM_NATIVE,MISSING,False,MISSING,FIRM_NATIVE,MISSING,False,,,,,,,,,,,CAPTURED,DESCRIPTIVE_FIRM_RANGE_ONLY,OBSERVED,True,0.06816773540648016,0.0018322645935198306,False,False,False,False,False,False,False,False,MISSING,FIRM_NATIVE,MISSING,False,MISSING,FIRM_NATIVE,MISSING,False,,,,,,,,,,,CAPTURED,COMPOSITE_NO_FIRM_CLIP,True,0.02,0.09,0.8,1.3,HASH_BOUND_EXECUTED_ADAPTER_LITERALS,household_entry_old_state,,
13.0,24.0,397.0,0.0875511111690813,0.02,0.05,15.20246284580073,0.1,0.07,22458345.480722986,3166613.12791204,71036310.83930045,0.6408096356169706,70936893.47911227,云南,OWNER_A_CAPTURE_PID67056,2018,13,24,25,D:\ProjectTemp\ch5-mp4c-2018-final-production-path-faithful-durable-execution-20260903-001\household_call_ledger.csv,,,,,0.029568731957169938,0.9727901241009035,12,11,,,,MISSING,MISSING,FIRM_NATIVE,MISSING,False,MISSING,FIRM_NATIVE,MISSING,False,,,,,,,,,,,CAPTURED,DESCRIPTIVE_FIRM_RANGE_ONLY,OBSERVED,True,0.0675511111690813,0.0024488888309186913,False,False,False,False,False,False,False,False,MISSING,FIRM_NATIVE,MISSING,False,MISSING,FIRM_NATIVE,MISSING,False,,,,,,,,,,,CAPTURED,COMPOSITE_NO_FIRM_CLIP,True,0.02,0.09,0.8,1.3,HASH_BOUND_EXECUTED_ADAPTER_LITERALS,household_entry_old_state,,
13.0,25.0,398.0,0.06628257775181406,0.02,0.05,12.90584525570187,0.1,0.07,1587807.7632938086,2916307.525443579,8027953.944055181,0.24893159046720797,7927046.433138976,西藏,OWNER_A_CAPTURE_PID67056,2018,13,25,26,D:\ProjectTemp\ch5-mp4c-2018-final-production-path-faithful-durable-execution-20260903-001\household_call_ledger.csv,,,,,0.2837596352791583,0.7364730861312674,12,11,,,,MISSING,MISSING,FIRM_NATIVE,MISSING,False,MISSING,FIRM_NATIVE,MISSING,False,,,,,,,,,,,CAPTURED,DESCRIPTIVE_FIRM_RANGE_ONLY,OBSERVED,True,0.04628257775181406,0.023717422248185932,False,False,False,False,False,False,False,False,MISSING,FIRM_NATIVE,MISSING,False,MISSING,FIRM_NATIVE,MISSING,False,,,,,,,,,,,CAPTURED,COMPOSITE_NO_FIRM_CLIP,False,0.02,0.09,0.8,1.3,HASH_BOUND_EXECUTED_ADAPTER_LITERALS,household_entry_old_state,,
13.0,26.0,399.0,0.08576523383998451,0.02,0.05,16.724718492662152,0.1,0.07,25750424.156488527,3217598.9542561998,66743395.834437944,0.7682156829418633,66644568.902369276,陕西,OWNER_A_CAPTURE_PID67056,2018,13,26,27,D:\ProjectTemp\ch5-mp4c-2018-final-production-path-faithful-durable-execution-20260903-001\household_call_ledger.csv,,,,,0.05109219959757891,0.9529470426664945,12,11,,,,MISSING,MISSING,FIRM_NATIVE,MISSING,False,MISSING,FIRM_NATIVE,MISSING,False,,,,,,,,,,,CAPTURED,DESCRIPTIVE_FIRM_RANGE_ONLY,OBSERVED,True,0.0657652338399845,0.004234766160015488,False,False,False,False,False,False,False,False,MISSING,FIRM_NATIVE,MISSING,False,MISSING,FIRM_NATIVE,MISSING,False,,,,,,,,,,,CAPTURED,COMPOSITE_NO_FIRM_CLIP,True,0.02,0.09,0.8,1.3,HASH_BOUND_EXECUTED_ADAPTER_LITERALS,household_entry_old_state,,
13.0,27.0,400.0,0.08948997674836623,0.02,0.05,15.697107451871194,0.1,0.07,8867086.240047783,2959269.831879761,24378306.11480121,0.5872064362392574,24277054.9658422,甘肃,OWNER_A_CAPTURE_PID67056,2018,13,27,28,D:\ProjectTemp\ch5-mp4c-2018-final-production-path-faithful-durable-execution-20260903-001\household_call_ledger.csv,,,,,0.006163422815411727,0.9943330749818472,12,11,,,,MISSING,MISSING,FIRM_NATIVE,MISSING,False,MISSING,FIRM_NATIVE,MISSING,False,,,,,,,,,,,CAPTURED,DESCRIPTIVE_FIRM_RANGE_ONLY,OBSERVED,True,0.06948997674836623,0.0005100232516337677,False,False,False,False,False,False,False,False,MISSING,FIRM_NATIVE,MISSING,False,MISSING,FIRM_NATIVE,MISSING,False,,,,,,,,,,,CAPTURED,COMPOSITE_NO_FIRM_CLIP,True,0.02,0.09,0.8,1.3,HASH_BOUND_EXECUTED_ADAPTER_LITERALS,household_entry_old_state,,
13.0,28.0,401.0,0.08000982501437538,0.02,0.05,14.251891173920766,0.1,0.07,2954549.7868230273,2957324.6723983428,17280536.873389885,0.25531012860284097,17180052.048706908,青海,OWNER_A_CAPTURE_PID67056,2018,13,28,29,D:\ProjectTemp\ch5-mp4c-2018-final-production-path-faithful-durable-execution-20260903-001\household_call_ledger.csv,,,,,0.12022999455338848,0.888998055715282,12,11,,,,MISSING,MISSING,FIRM_NATIVE,MISSING,False,MISSING,FIRM_NATIVE,MISSING,False,,,,,,,,,,,CAPTURED,DESCRIPTIVE_FIRM_RANGE_ONLY,OBSERVED,True,0.06000982501437538,0.009990174985624614,False,False,False,False,False,False,False,False,MISSING,FIRM_NATIVE,MISSING,False,MISSING,FIRM_NATIVE,MISSING,False,,,,,,,,,,,CAPTURED,COMPOSITE_NO_FIRM_CLIP,True,0.02,0.09,0.8,1.3,HASH_BOUND_EXECUTED_ADAPTER_LITERALS,household_entry_old_state,,
13.0,29.0,402.0,0.07977292142174992,0.02,0.05,15.725302572672598,0.1,0.07,3774123.80159077,3015856.857502658,18391571.826858796,0.3094172809896014,18291154.303300396,宁夏,OWNER_A_CAPTURE_PID67056,2018,13,29,30,D:\ProjectTemp\ch5-mp4c-2018-final-production-path-faithful-durable-execution-20260903-001\household_call_ledger.csv,,,,,0.1230684752371874,0.8863657935749993,12,11,,,,MISSING,MISSING,FIRM_NATIVE,MISSING,False,MISSING,FIRM_NATIVE,MISSING,False,,,,,,,,,,,CAPTURED,DESCRIPTIVE_FIRM_RANGE_ONLY,OBSERVED,True,0.05977292142174992,0.010227078578250073,False,False,False,False,False,False,False,False,MISSING,FIRM_NATIVE,MISSING,False,MISSING,FIRM_NATIVE,MISSING,False,,,,,,,,,,,CAPTURED,COMPOSITE_NO_FIRM_CLIP,True,0.02,0.09,0.8,1.3,HASH_BOUND_EXECUTED_ADAPTER_LITERALS,household_entry_old_state,,
13.0,30.0,403.0,0.06491054641571962,0.02,0.05,12.237453745784999,0.1,0.07,13119440.789888887,2899199.919642217,46681395.00093252,0.5283131612574514,46583239.89371251,新疆,OWNER_A_CAPTURE_PID67056,2018,13,30,31,D:\ProjectTemp\ch5-mp4c-2018-final-production-path-faithful-durable-execution-20260903-001\household_call_ledger.csv,,,,,0.3,0.7212282935079958,12,11,,,,MISSING,MISSING,FIRM_NATIVE,MISSING,False,MISSING,FIRM_NATIVE,MISSING,False,,,,,,,,,,,CAPTURED,DESCRIPTIVE_FIRM_RANGE_ONLY,OBSERVED,True,0.04491054641571962,0.025089453584280372,False,False,False,False,False,False,False,False,MISSING,FIRM_NATIVE,MISSING,False,MISSING,FIRM_NATIVE,MISSING,False,,,,,,,,,,,CAPTURED,COMPOSITE_NO_FIRM_CLIP,False,0.02,0.09,0.8,1.3,HASH_BOUND_EXECUTED_ADAPTER_LITERALS,household_entry_old_state,,
14.0,0.0,404.0,0.07993173548689111,0.02,0.05,16.372864746551016,0.1,0.07,32607479.248945773,3174254.51507483,65020490.642783925,0.9258567704483893,71415480.246665,北京,OWNER_A_CAPTURE_PID67056,2018,14,0,1,D:\ProjectTemp\ch5-mp4c-2018-final-production-path-faithful-durable-execution-20260903-001\household_call_ledger.csv,,,,,0.12116569491184198,0.8881303942987903,13,12,,,,MISSING,MISSING,FIRM_NATIVE,MISSING,False,MISSING,FIRM_NATIVE,MISSING,False,,,,,,,,,,,CAPTURED,DESCRIPTIVE_FIRM_RANGE_ONLY,OBSERVED,True,0.05993173548689111,0.010068264513108882,False,False,False,False,False,False,False,False,MISSING,FIRM_NATIVE,MISSING,False,MISSING,FIRM_NATIVE,MISSING,False,,,,,,,,,,,CAPTURED,COMPOSITE_NO_FIRM_CLIP,True,0.02,0.09,0.8,1.3,HASH_BOUND_EXECUTED_ADAPTER_LITERALS,household_entry_old_state,,
14.0,1.0,405.0,0.07348694778018657,0.02,0.05,16.175736455035448,0.1,0.07,14371085.387263983,3101487.8950715647,67742638.10318057,0.39740899245874073,74410590.87154031,天津,OWNER_A_CAPTURE_PID67056,2018,14,1,2,D:\ProjectTemp\ch5-mp4c-2018-final-production-path-faithful-durable-execution-20260903-001\household_call_ledger.csv,,,,,0.19817398532280342,0.816521642002073,13,12,,,,MISSING,MISSING,FIRM_NATIVE,MISSING,False,MISSING,FIRM_NATIVE,MISSING,False,,,,,,,,,,,CAPTURED,DESCRIPTIVE_FIRM_RANGE_ONLY,OBSERVED,True,0.05348694778018656,0.01651305221981343,False,False,False,False,False,False,False,False,MISSING,FIRM_NATIVE,MISSING,False,MISSING,FIRM_NATIVE,MISSING,False,,,,,,,,,,,CAPTURED,COMPOSITE_NO_FIRM_CLIP,True,0.02,0.09,0.8,1.3,HASH_BOUND_EXECUTED_ADAPTER_LITERALS,household_entry_old_state,,
14.0,2.0,406.0,0.08665044342793835,0.02,0.05,16.726544035014633,0.1,0.07,34948231.483716734,3185275.2935480378,119159070.33068268,0.6208132482355311,130968442.32178716,河北,OWNER_A_CAPTURE_PID67056,2018,14,2,3,D:\ProjectTemp\ch5-mp4c-2018-final-production-path-faithful-durable-execution-20260903-001\household_call_ledger.csv,,,,,0.04042780400496038,0.9627827047548705,13,12,,,,MISSING,MISSING,FIRM_NATIVE,MISSING,False,MISSING,FIRM_NATIVE,MISSING,False,,,,,,,,,,,CAPTURED,DESCRIPTIVE_FIRM_RANGE_ONLY,OBSERVED,True,0.06665044342793834,0.0033495565720616516,False,False,False,False,False,False,False,False,MISSING,FIRM_NATIVE,MISSING,False,MISSING,FIRM_NATIVE,MISSING,False,,,,,,,,,,,CAPTURED,COMPOSITE_NO_FIRM_CLIP,True,0.02,0.09,0.8,1.3,HASH_BOUND_EXECUTED_ADAPTER_LITERALS,household_entry_old_state,,
14.0,3.0,407.0,0.08680743348666484,0.02,0.05,16.496270540294606,0.1,0.07,17159586.297166016,3205740.3416858693,49853080.499491625,0.5970074574974974,54729159.45463773,山西,OWNER_A_CAPTURE_PID67056,2018,14,3,4,D:\ProjectTemp\ch5-mp4c-2018-final-production-path-faithful-durable-execution-20260903-001\household_call_ledger.csv,,,,,0.0385356371748285,0.9645270387407204,13,12,,,,MISSING,MISSING,FIRM_NATIVE,MISSING,False,MISSING,FIRM_NATIVE,MISSING,False,,,,,,,,,,,CAPTURED,DESCRIPTIVE_FIRM_RANGE_ONLY,OBSERVED,True,0.06680743348666483,0.00319256651333516,False,False,False,False,False,False,False,False,MISSING,FIRM_NATIVE,MISSING,False,MISSING,FIRM_NATIVE,MISSING,False,,,,,,,,,,,CAPTURED,COMPOSITE_NO_FIRM_CLIP,True,0.02,0.09,0.8,1.3,HASH_BOUND_EXECUTED_ADAPTER_LITERALS,household_entry_old_state,,
14.0,4.0,408.0,0.07849388952014204,0.02,0.05,15.797367586271632,0.1,0.07,17358535.76397082,3169622.844477996,75186870.69115895,0.4406780486168959,82599318.96393918,内蒙古,OWNER_A_CAPTURE_PID67056,2018,14,4,5,D:\ProjectTemp\ch5-mp4c-2018-final-production-path-faithful-durable-execution-20260903-001\household_call_ledger.csv,,,,,0.13838331231905796,0.8721543280015782,13,12,,,,MISSING,MISSING,FIRM_NATIVE,MISSING,False,MISSING,FIRM_NATIVE,MISSING,False,,,,,,,,,,,CAPTURED,DESCRIPTIVE_FIRM_RANGE_ONLY,OBSERVED,True,0.058493889520142034,0.011506110479857959,False,False,False,False,False,False,False,False,MISSING,FIRM_NATIVE,MISSING,False,MISSING,FIRM_NATIVE,MISSING,False,,,,,,,,,,,CAPTURED,COMPOSITE_NO_FIRM_CLIP,True,0.02,0.09,0.8,1.3,HASH_BOUND_EXECUTED_ADAPTER_LITERALS,household_entry_old_state,,
14.0,5.0,409.0,0.08366820932271848,0.02,0.05,15.240769012014468,0.1,0.07,25285100.182004254,3153400.869526465,88453873.73494418,0.566787850141661,97192814.33931935,辽宁,OWNER_A_CAPTURE_PID67056,2018,14,5,6,D:\ProjectTemp\ch5-mp4c-2018-final-production-path-faithful-durable-execution-20260903-001\household_call_ledger.csv,,,,,0.07632297463521798,0.9296467702524277,13,12,,,,MISSING,MISSING,FIRM_NATIVE,MISSING,False,MISSING,FIRM_NATIVE,MISSING,False,,,,,,,,,,,CAPTURED,DESCRIPTIVE_FIRM_RANGE_ONLY,OBSERVED,True,0.06366820932271848,0.0063317906772815125,False,False,False,False,False,False,False,False,MISSING,FIRM_NATIVE,MISSING,False,MISSING,FIRM_NATIVE,MISSING,False,,,,,,,,,,,CAPTURED,COMPOSITE_NO_FIRM_CLIP,True,0.02,0.09,0.8,1.3,HASH_BOUND_EXECUTED_ADAPTER_LITERALS,household_entry_old_state,,
14.0,6.0,410.0,0.08150458506614482,0.02,0.05,14.405356698925337,0.1,0.07,12103210.529867977,2957334.186133869,69131486.3883629,0.33305718230030024,75937611.44816142,吉林,OWNER_A_CAPTURE_PID67056,2018,14,6,7,D:\ProjectTemp\ch5-mp4c-2018-final-production-path-faithful-durable-execution-20260903-001\household_call_ledger.csv,,,,,0.1023070236880023,0.9056065007349425,13,12,,,,MISSING,MISSING,FIRM_NATIVE,MISSING,False,MISSING,FIRM_NATIVE,MISSING,False,,,,,,,,,,,CAPTURED,DESCRIPTIVE_FIRM_RANGE_ONLY,OBSERVED,True,0.06150458506614481,0.00849541493385518,False,False,False,False,False,False,False,False,MISSING,FIRM_NATIVE,MISSING,False,MISSING,FIRM_NATIVE,MISSING,False,,,,,,,,,,,CAPTURED,COMPOSITE_NO_FIRM_CLIP,True,0.02,0.09,0.8,1.3,HASH_BOUND_EXECUTED_ADAPTER_LITERALS,household_entry_old_state,,
14.0,7.0,411.0,0.08462662600480349,0.02,0.05,13.37483629443384,0.1,0.07,13815161.305616561,2978550.7882584473,58372928.64643713,0.4325905711330343,64101997.73512013,黑龙江,OWNER_A_CAPTURE_PID67056,2018,14,7,8,D:\ProjectTemp\ch5-mp4c-2018-final-production-path-faithful-durable-execution-20260903-001\household_call_ledger.csv,,,,,0.06479729188901276,0.9402958444978166,13,12,,,,MISSING,MISSING,FIRM_NATIVE,MISSING,False,MISSING,FIRM_NATIVE,MISSING,False,,,,,,,,,,,CAPTURED,DESCRIPTIVE_FIRM_RANGE_ONLY,OBSERVED,True,0.06462662600480348,0.005373373995196509,False,False,False,False,False,False,False,False,MISSING,FIRM_NATIVE,MISSING,False,MISSING,FIRM_NATIVE,MISSING,False,,,,,,,,,,,CAPTURED,COMPOSITE_NO_FIRM_CLIP,True,0.02,0.09,0.8,1.3,HASH_BOUND_EXECUTED_ADAPTER_LITERALS,household_entry_old_state,,
14.0,8.0,412.0,0.08013283266621211,0.02,0.05,16.316055456755784,0.1,0.07,38728786.862569794,3170147.192960828,71280068.04921238,1.024557930974273,78301375.27152686,上海,OWNER_A_CAPTURE_PID67056,2018,14,8,9,D:\ProjectTemp\ch5-mp4c-2018-final-production-path-faithful-durable-execution-20260903-001\household_call_ledger.csv,,,,,0.11875593934055706,0.8903648074023569,13,12,,,,MISSING,MISSING,FIRM_NATIVE,MISSING,False,MISSING,FIRM_NATIVE,MISSING,False,,,,,,,,,,,CAPTURED,DESCRIPTIVE_FIRM_RANGE_ONLY,OBSERVED,True,0.06013283266621211,0.009867167333787882,False,False,False,False,False,False,False,False,MISSING,FIRM_NATIVE,MISSING,False,MISSING,FIRM_NATIVE,MISSING,False,,,,,,,,,,,CAPTURED,COMPOSITE_NO_FIRM_CLIP,True,0.02,0.09,0.8,1.3,HASH_BOUND_EXECUTED_ADAPTER_LITERALS,household_entry_old_state,,
14.0,9.0,413.0,0.0833341125806568,0.02,0.05,16.99192125529546,0.1,0.07,99589129.40360713,3107836.1150088436,196921026.23316622,1.206575890807307,216512555.4693402,江苏,OWNER_A_CAPTURE_PID67056,2018,14,9,10,D:\ProjectTemp\ch5-mp4c-2018-final-production-path-faithful-durable-execution-20260903-001\household_call_ledger.csv,,,,,0.08033848825905156,0.92593458422952,13,12,,,,MISSING,MISSING,FIRM_NATIVE,MISSING,False,MISSING,FIRM_NATIVE,MISSING,False,,,,,,,,,,,CAPTURED,DESCRIPTIVE_FIRM_RANGE_ONLY,OBSERVED,True,0.0633341125806568,0.006665887419343194,False,False,False,False,False,False,False,False,MISSING,FIRM_NATIVE,MISSING,False,MISSING,FIRM_NATIVE,MISSING,False,,,,,,,,,,,CAPTURED,COMPOSITE_NO_FIRM_CLIP,True,0.02,0.09,0.8,1.3,HASH_BOUND_EXECUTED_ADAPTER_LITERALS,household_entry_old_state,,
14.0,10.0,414.0,0.08479528386591365,0.02,0.05,16.650896281135157,0.1,0.07,62382353.626784235,3136741.906622372,129416262.85549681,1.0432713356071055,142253014.41532207,浙江,OWNER_A_CAPTURE_PID67056,2018,14,10,11,D:\ProjectTemp\ch5-mp4c-2018-final-production-path-faithful-durable-execution-20260903-001\household_call_ledger.csv,,,,,0.06276806168696052,0.9421698207323738,13,12,,,,MISSING,MISSING,FIRM_NATIVE,MISSING,False,MISSING,FIRM_NATIVE,MISSING,False,,,,,,,,,,,CAPTURED,DESCRIPTIVE_FIRM_RANGE_ONLY,OBSERVED,True,0.06479528386591364,0.005204716134086351,False,False,False,False,False,False,False,False,MISSING,FIRM_NATIVE,MISSING,False,MISSING,FIRM_NATIVE,MISSING,False,,,,,,,,,,,CAPTURED,COMPOSITE_NO_FIRM_CLIP,True,0.02,0.09,0.8,1.3,HASH_BOUND_EXECUTED_ADAPTER_LITERALS,household_entry_old_state,,
14.0,11.0,415.0,0.09,0.02,0.05,16.89113245752835,0.1,0.07,36576637.936626606,3198689.3016815484,71668997.01903513,0.961610284113516,78724822.15309072,安徽,OWNER_A_CAPTURE_PID67056,2018,14,11,12,D:\ProjectTemp\ch5-mp4c-2018-final-production-path-faithful-durable-execution-20260903-001\household_call_ledger.csv,,,,,0.0,1.0,13,12,,,0.09,DERIVED_IDENTITY_ZERO_EXTERNAL_WEIGHT,MISSING,FIRM_NATIVE,MISSING,False,MISSING,FIRM_NATIVE,MISSING,False,,,,,,,,,,,CAPTURED,DESCRIPTIVE_FIRM_RANGE_ONLY,OBSERVED,True,0.06999999999999999,0.0,False,False,False,True,False,True,False,False,MISSING,FIRM_NATIVE,MISSING,False,MISSING,FIRM_NATIVE,MISSING,False,,,,,,,,,,,CAPTURED,COMPOSITE_NO_FIRM_CLIP,True,0.02,0.09,0.8,1.3,HASH_BOUND_EXECUTED_ADAPTER_LITERALS,household_entry_old_state,,
14.0,12.0,416.0,0.08461754866716745,0.02,0.05,16.110138816954617,0.1,0.07,38506758.64268699,3165236.4165466772,99664059.59603487,0.7864478060267623,109524242.5469746,福建,OWNER_A_CAPTURE_PID67056,2018,14,12,13,D:\ProjectTemp\ch5-mp4c-2018-final-production-path-faithful-durable-execution-20260903-001\household_call_ledger.csv,,,,,0.0649064986932153,0.9401949851907495,13,12,,,,MISSING,MISSING,FIRM_NATIVE,MISSING,False,MISSING,FIRM_NATIVE,MISSING,False,,,,,,,,,,,CAPTURED,DESCRIPTIVE_FIRM_RANGE_ONLY,OBSERVED,True,0.06461754866716744,0.00538245133283255,False,False,False,False,False,False,False,False,MISSING,FIRM_NATIVE,MISSING,False,MISSING,FIRM_NATIVE,MISSING,False,,,,,,,,,,,CAPTURED,COMPOSITE_NO_FIRM_CLIP,True,0.02,0.09,0.8,1.3,HASH_BOUND_EXECUTED_ADAPTER_LITERALS,household_entry_old_state,,
14.0,13.0,417.0,0.08837108677417899,0.02,0.05,16.57337264142079,0.1,0.07,24429684.806225643,3230208.3896992607,51018849.24920372,0.8333743967616615,56010868.36189759,江西,OWNER_A_CAPTURE_PID67056,2018,14,13,14,D:\ProjectTemp\ch5-mp4c-2018-final-production-path-faithful-durable-execution-20260903-001\household_call_ledger.csv,,,,,0.019675113595976762,0.9819009641575444,13,12,,,,MISSING,MISSING,FIRM_NATIVE,MISSING,False,MISSING,FIRM_NATIVE,MISSING,False,,,,,,,,,,,CAPTURED,DESCRIPTIVE_FIRM_RANGE_ONLY,OBSERVED,True,0.06837108677417898,0.0016289132258210104,False,False,False,False,False,False,False,False,MISSING,FIRM_NATIVE,MISSING,False,MISSING,FIRM_NATIVE,MISSING,False,,,,,,,,,,,CAPTURED,COMPOSITE_NO_FIRM_CLIP,True,0.02,0.09,0.8,1.3,HASH_BOUND_EXECUTED_ADAPTER_LITERALS,household_entry_old_state,,
14.0,14.0,418.0,0.08428372577944168,0.02,0.05,17.051362831384324,0.1,0.07,71683594.255545,3130595.552407575,207348392.14021474,0.8331427730422709,227982518.26537988,山东,OWNER_A_CAPTURE_PID67056,2018,14,14,15,D:\ProjectTemp\ch5-mp4c-2018-final-production-path-faithful-durable-execution-20260903-001\household_call_ledger.csv,,,,,0.06892202679478683,0.9364858419937966,13,12,,,,MISSING,MISSING,FIRM_NATIVE,MISSING,False,MISSING,FIRM_NATIVE,MISSING,False,,,,,,,,,,,CAPTURED,DESCRIPTIVE_FIRM_RANGE_ONLY,OBSERVED,True,0.06428372577944168,0.005716274220558315,False,False,False,False,False,False,False,False,MISSING,FIRM_NATIVE,MISSING,False,MISSING,FIRM_NATIVE,MISSING,False,,,,,,,,,,,CAPTURED,COMPOSITE_NO_FIRM_CLIP,True,0.02,0.09,0.8,1.3,HASH_BOUND_EXECUTED_ADAPTER_LITERALS,household_entry_old_state,,
14.0,15.0,419.0,0.08507757032464885,0.02,0.05,17.18960348611697,0.1,0.07,53707621.50573404,3164176.3475369927,169940890.8266102,0.7262143768430855,186831830.9860853,河南,OWNER_A_CAPTURE_PID67056,2018,14,15,16,D:\ProjectTemp\ch5-mp4c-2018-final-production-path-faithful-durable-execution-20260903-001\household_call_ledger.csv,,,,,0.05937102807378291,0.9453063369405427,13,12,,,,MISSING,MISSING,FIRM_NATIVE,MISSING,False,MISSING,FIRM_NATIVE,MISSING,False,,,,,,,,,,,CAPTURED,DESCRIPTIVE_FIRM_RANGE_ONLY,OBSERVED,True,0.06507757032464885,0.004922429675351142,False,False,False,False,False,False,False,False,MISSING,FIRM_NATIVE,MISSING,False,MISSING,FIRM_NATIVE,MISSING,False,,,,,,,,,,,CAPTURED,COMPOSITE_NO_FIRM_CLIP,True,0.02,0.09,0.8,1.3,HASH_BOUND_EXECUTED_ADAPTER_LITERALS,household_entry_old_state,,
14.0,16.0,420.0,0.08668223093115598,0.02,0.05,17.06104775862523,0.1,0.07,45194430.83069607,3181973.0935709807,101271630.2027896,0.9105903300345968,111291553.36945005,湖北,OWNER_A_CAPTURE_PID67056,2018,14,16,17,D:\ProjectTemp\ch5-mp4c-2018-final-production-path-faithful-durable-execution-20260903-001\household_call_ledger.csv,,,,,0.040044697087704216,0.9631358992350666,13,12,,,,MISSING,MISSING,FIRM_NATIVE,MISSING,False,MISSING,FIRM_NATIVE,MISSING,False,,,,,,,,,,,CAPTURED,DESCRIPTIVE_FIRM_RANGE_ONLY,OBSERVED,True,0.06668223093115598,0.003317769068844012,False,False,False,False,False,False,False,False,MISSING,FIRM_NATIVE,MISSING,False,MISSING,FIRM_NATIVE,MISSING,False,,,,,,,,,,,CAPTURED,COMPOSITE_NO_FIRM_CLIP,True,0.02,0.09,0.8,1.3,HASH_BOUND_EXECUTED_ADAPTER_LITERALS,household_entry_old_state,,
14.0,17.0,421.0,0.08817290185883336,0.02,0.05,16.771799475035536,0.1,0.07,39175051.79801614,3185837.097735805,85713039.15027367,0.8976832267581151,94175476.34011407,湖南,OWNER_A_CAPTURE_PID67056,2018,14,17,18,D:\ProjectTemp\ch5-mp4c-2018-final-production-path-faithful-durable-execution-20260903-001\household_call_ledger.csv,,,,,0.02206701218325156,0.979698909542593,13,12,,,,MISSING,MISSING,FIRM_NATIVE,MISSING,False,MISSING,FIRM_NATIVE,MISSING,False,,,,,,,,,,,CAPTURED,DESCRIPTIVE_FIRM_RANGE_ONLY,OBSERVED,True,0.06817290185883336,0.0018270981411666332,False,False,False,False,False,False,False,False,MISSING,FIRM_NATIVE,MISSING,False,MISSING,FIRM_NATIVE,MISSING,False,,,,,,,,,,,CAPTURED,COMPOSITE_NO_FIRM_CLIP,True,0.02,0.09,0.8,1.3,HASH_BOUND_EXECUTED_ADAPTER_LITERALS,household_entry_old_state,,
14.0,18.0,422.0,0.08626702044498351,0.02,0.05,16.16658452422977,0.1,0.07,104626253.16097125,3074041.8689974956,207173382.68861067,1.2218613538957228,227788043.06056312,广东,OWNER_A_CAPTURE_PID67056,2018,14,18,19,D:\ProjectTemp\ch5-mp4c-2018-final-production-path-faithful-durable-execution-20260903-001\household_call_ledger.csv,,,,,0.045048029371518965,0.9585224493887057,13,12,,,,MISSING,MISSING,FIRM_NATIVE,MISSING,False,MISSING,FIRM_NATIVE,MISSING,False,,,,,,,,,,,CAPTURED,DESCRIPTIVE_FIRM_RANGE_ONLY,OBSERVED,True,0.0662670204449835,0.0037329795550164885,False,False,False,False,False,False,False,False,MISSING,FIRM_NATIVE,MISSING,False,MISSING,FIRM_NATIVE,MISSING,False,,,,,,,,,,,CAPTURED,COMPOSITE_NO_FIRM_CLIP,True,0.02,0.09,0.8,1.3,HASH_BOUND_EXECUTED_ADAPTER_LITERALS,household_entry_old_state,,
14.0,19.0,423.0,0.08698676933295832,0.02,0.05,15.397431198589558,0.1,0.07,21108801.449713003,3189346.9168529618,69698800.12224455,0.5674107476036752,76560104.1938938,广西,OWNER_A_CAPTURE_PID67056,2018,14,19,20,D:\ProjectTemp\ch5-mp4c-2018-final-production-path-faithful-durable-execution-20260903-001\household_call_ledger.csv,,,,,0.03637382456647036,0.9665196592550925,13,12,,,,MISSING,MISSING,FIRM_NATIVE,MISSING,False,MISSING,FIRM_NATIVE,MISSING,False,,,,,,,,,,,CAPTURED,DESCRIPTIVE_FIRM_RANGE_ONLY,OBSERVED,True,0.06698676933295832,0.0030132306670416775,False,False,False,False,False,False,False,False,MISSING,FIRM_NATIVE,MISSING,False,MISSING,FIRM_NATIVE,MISSING,False,,,,,,,,,,,CAPTURED,COMPOSITE_NO_FIRM_CLIP,True,0.02,0.09,0.8,1.3,HASH_BOUND_EXECUTED_ADAPTER_LITERALS,household_entry_old_state,,
14.0,20.0,424.0,0.0876841728940392,0.02,0.05,14.472961611859223,0.1,0.07,5278363.877865114,2961709.784575276,13317567.485740518,0.5188110847810745,14538652.157090178,海南,OWNER_A_CAPTURE_PID67056,2018,14,20,21,D:\ProjectTemp\ch5-mp4c-2018-final-production-path-faithful-durable-execution-20260903-001\household_call_ledger.csv,,,,,0.027963724364002344,0.9742685877115467,13,12,,,,MISSING,MISSING,FIRM_NATIVE,MISSING,False,MISSING,FIRM_NATIVE,MISSING,False,,,,,,,,,,,CAPTURED,DESCRIPTIVE_FIRM_RANGE_ONLY,OBSERVED,True,0.06768417289403919,0.002315827105960802,False,False,False,False,False,False,False,False,MISSING,FIRM_NATIVE,MISSING,False,MISSING,FIRM_NATIVE,MISSING,False,,,,,,,,,,,CAPTURED,COMPOSITE_NO_FIRM_CLIP,True,0.02,0.09,0.8,1.3,HASH_BOUND_EXECUTED_ADAPTER_LITERALS,household_entry_old_state,,
14.0,21.0,425.0,0.08588193688914225,0.02,0.05,16.295238505160516,0.1,0.07,21898763.733895667,3217568.686690247,51885445.07934631,0.7380202923585338,56965127.74204761,重庆,OWNER_A_CAPTURE_PID67056,2018,14,21,22,D:\ProjectTemp\ch5-mp4c-2018-final-production-path-faithful-durable-execution-20260903-001\household_call_ledger.csv,,,,,0.049686711943930977,0.9542437432126918,13,12,,,,MISSING,MISSING,FIRM_NATIVE,MISSING,False,MISSING,FIRM_NATIVE,MISSING,False,,,,,,,,,,,CAPTURED,DESCRIPTIVE_FIRM_RANGE_ONLY,OBSERVED,True,0.06588193688914225,0.004118063110857745,False,False,False,False,False,False,False,False,MISSING,FIRM_NATIVE,MISSING,False,MISSING,FIRM_NATIVE,MISSING,False,,,,,,,,,,,CAPTURED,COMPOSITE_NO_FIRM_CLIP,True,0.02,0.09,0.8,1.3,HASH_BOUND_EXECUTED_ADAPTER_LITERALS,household_entry_old_state,,
14.0,22.0,426.0,0.08910758620231143,0.02,0.05,16.3157537904454,0.1,0.07,46140827.68758983,3136478.0954307974,91719855.4306475,1.0069271942211926,100782443.61096941,四川,OWNER_A_CAPTURE_PID67056,2018,14,22,23,D:\ProjectTemp\ch5-mp4c-2018-final-production-path-faithful-durable-execution-20260903-001\household_call_ledger.csv,,,,,0.010782650770128166,0.9900842911367937,13,12,,,,MISSING,MISSING,FIRM_NATIVE,MISSING,False,MISSING,FIRM_NATIVE,MISSING,False,,,,,,,,,,,CAPTURED,DESCRIPTIVE_FIRM_RANGE_ONLY,OBSERVED,True,0.06910758620231143,0.0008924137976885627,False,False,False,False,False,False,False,False,MISSING,FIRM_NATIVE,MISSING,False,MISSING,FIRM_NATIVE,MISSING,False,,,,,,,,,,,CAPTURED,COMPOSITE_NO_FIRM_CLIP,True,0.02,0.09,0.8,1.3,HASH_BOUND_EXECUTED_ADAPTER_LITERALS,household_entry_old_state,,
14.0,23.0,427.0,0.08816773540648017,0.02,0.05,15.884688590079666,0.1,0.07,16508239.434565553,3174455.7832817505,43324720.582655504,0.6416162217978653,47547236.36751321,贵州,OWNER_A_CAPTURE_PID67056,2018,14,23,24,D:\ProjectTemp\ch5-mp4c-2018-final-production-path-faithful-durable-execution-20260903-001\household_call_ledger.csv,,,,,0.02212936068262254,0.9796415045164464,13,12,,,,MISSING,MISSING,FIRM_NATIVE,MISSING,False,MISSING,FIRM_NATIVE,MISSING,False,,,,,,,,,,,CAPTURED,DESCRIPTIVE_FIRM_RANGE_ONLY,OBSERVED,True,0.06816773540648016,0.0018322645935198306,False,False,False,False,False,False,False,False,MISSING,FIRM_NATIVE,MISSING,False,MISSING,FIRM_NATIVE,MISSING,False,,,,,,,,,,,CAPTURED,COMPOSITE_NO_FIRM_CLIP,True,0.02,0.09,0.8,1.3,HASH_BOUND_EXECUTED_ADAPTER_LITERALS,household_entry_old_state,,
14.0,24.0,428.0,0.0875511111690813,0.02,0.05,15.19446775595227,0.1,0.07,22456296.348051574,3165413.3035135567,71035835.76791897,0.5958466478339715,78030582.8270235,云南,OWNER_A_CAPTURE_PID67056,2018,14,24,25,D:\ProjectTemp\ch5-mp4c-2018-final-production-path-faithful-durable-execution-20260903-001\household_call_ledger.csv,,,,,0.029568731957169938,0.9727901241009035,13,12,,,,MISSING,MISSING,FIRM_NATIVE,MISSING,False,MISSING,FIRM_NATIVE,MISSING,False,,,,,,,,,,,CAPTURED,DESCRIPTIVE_FIRM_RANGE_ONLY,OBSERVED,True,0.0675511111690813,0.0024488888309186913,False,False,False,False,False,False,False,False,MISSING,FIRM_NATIVE,MISSING,False,MISSING,FIRM_NATIVE,MISSING,False,,,,,,,,,,,CAPTURED,COMPOSITE_NO_FIRM_CLIP,True,0.02,0.09,0.8,1.3,HASH_BOUND_EXECUTED_ADAPTER_LITERALS,household_entry_old_state,,
14.0,25.0,429.0,0.06628257775181406,0.02,0.05,12.898766575776616,0.1,0.07,1587590.5745911628,2915138.6205597925,8027478.872811314,0.23168995325938108,8719751.076452874,西藏,OWNER_A_CAPTURE_PID67056,2018,14,25,26,D:\ProjectTemp\ch5-mp4c-2018-final-production-path-faithful-durable-execution-20260903-001\household_call_ledger.csv,,,,,0.2837596352791583,0.7364730861312674,13,12,,,,MISSING,MISSING,FIRM_NATIVE,MISSING,False,MISSING,FIRM_NATIVE,MISSING,False,,,,,,,,,,,CAPTURED,DESCRIPTIVE_FIRM_RANGE_ONLY,OBSERVED,True,0.04628257775181406,0.023717422248185932,False,False,False,False,False,False,False,False,MISSING,FIRM_NATIVE,MISSING,False,MISSING,FIRM_NATIVE,MISSING,False,,,,,,,,,,,CAPTURED,COMPOSITE_NO_FIRM_CLIP,False,0.02,0.09,0.8,1.3,HASH_BOUND_EXECUTED_ADAPTER_LITERALS,household_entry_old_state,,
14.0,26.0,430.0,0.08576523383998451,0.02,0.05,16.71571235340587,0.1,0.07,25748267.354361657,3216490.5029902523,66742920.76276912,0.7143209848641142,73309025.7926062,陕西,OWNER_A_CAPTURE_PID67056,2018,14,26,27,D:\ProjectTemp\ch5-mp4c-2018-final-production-path-faithful-durable-execution-20260903-001\household_call_ledger.csv,,,,,0.05109219959757891,0.9529470426664945,13,12,,,,MISSING,MISSING,FIRM_NATIVE,MISSING,False,MISSING,FIRM_NATIVE,MISSING,False,,,,,,,,,,,CAPTURED,DESCRIPTIVE_FIRM_RANGE_ONLY,OBSERVED,True,0.0657652338399845,0.004234766160015488,False,False,False,False,False,False,False,False,MISSING,FIRM_NATIVE,MISSING,False,MISSING,FIRM_NATIVE,MISSING,False,,,,,,,,,,,CAPTURED,COMPOSITE_NO_FIRM_CLIP,True,0.02,0.09,0.8,1.3,HASH_BOUND_EXECUTED_ADAPTER_LITERALS,household_entry_old_state,,
14.0,27.0,431.0,0.08948997674836623,0.02,0.05,15.68847808865297,0.1,0.07,8866219.163738945,2958192.1675692475,24377831.043526273,0.5461361719633566,26704760.46242642,甘肃,OWNER_A_CAPTURE_PID67056,2018,14,27,28,D:\ProjectTemp\ch5-mp4c-2018-final-production-path-faithful-durable-execution-20260903-001\household_call_ledger.csv,,,,,0.006163422815411727,0.9943330749818472,13,12,,,,MISSING,MISSING,FIRM_NATIVE,MISSING,False,MISSING,FIRM_NATIVE,MISSING,False,,,,,,,,,,,CAPTURED,DESCRIPTIVE_FIRM_RANGE_ONLY,OBSERVED,True,0.06948997674836623,0.0005100232516337677,False,False,False,False,False,False,False,False,MISSING,FIRM_NATIVE,MISSING,False,MISSING,FIRM_NATIVE,MISSING,False,,,,,,,,,,,CAPTURED,COMPOSITE_NO_FIRM_CLIP,True,0.02,0.09,0.8,1.3,HASH_BOUND_EXECUTED_ADAPTER_LITERALS,household_entry_old_state,,
14.0,28.0,432.0,0.08000982501437538,0.02,0.05,14.243932479290134,0.1,0.07,2954230.1269710013,2956192.7762386273,17280061.80206004,0.23748733282330847,18898057.2535776,青海,OWNER_A_CAPTURE_PID67056,2018,14,28,29,D:\ProjectTemp\ch5-mp4c-2018-final-production-path-faithful-durable-execution-20260903-001\household_call_ledger.csv,,,,,0.12022999455338848,0.888998055715282,13,12,,,,MISSING,MISSING,FIRM_NATIVE,MISSING,False,MISSING,FIRM_NATIVE,MISSING,False,,,,,,,,,,,CAPTURED,DESCRIPTIVE_FIRM_RANGE_ONLY,OBSERVED,True,0.06000982501437538,0.009990174985624614,False,False,False,False,False,False,False,False,MISSING,FIRM_NATIVE,MISSING,False,MISSING,FIRM_NATIVE,MISSING,False,,,,,,,,,,,CAPTURED,COMPOSITE_NO_FIRM_CLIP,True,0.02,0.09,0.8,1.3,HASH_BOUND_EXECUTED_ADAPTER_LITERALS,household_entry_old_state,,
14.0,29.0,433.0,0.07977292142174992,0.02,0.05,15.716654759730922,0.1,0.07,3773742.7808372034,3014781.579138036,18391096.755486287,0.28780966191382906,20120269.733630437,宁夏,OWNER_A_CAPTURE_PID67056,2018,14,29,30,D:\ProjectTemp\ch5-mp4c-2018-final-production-path-faithful-durable-execution-20260903-001\household_call_ledger.csv,,,,,0.1230684752371874,0.8863657935749993,13,12,,,,MISSING,MISSING,FIRM_NATIVE,MISSING,False,MISSING,FIRM_NATIVE,MISSING,False,,,,,,,,,,,CAPTURED,DESCRIPTIVE_FIRM_RANGE_ONLY,OBSERVED,True,0.05977292142174992,0.010227078578250073,False,False,False,False,False,False,False,False,MISSING,FIRM_NATIVE,MISSING,False,MISSING,FIRM_NATIVE,MISSING,False,,,,,,,,,,,CAPTURED,COMPOSITE_NO_FIRM_CLIP,True,0.02,0.09,0.8,1.3,HASH_BOUND_EXECUTED_ADAPTER_LITERALS,household_entry_old_state,,
14.0,30.0,434.0,0.06491054641571962,0.02,0.05,12.230009363644236,0.1,0.07,13118164.954734262,2898059.1819560775,46680919.934983134,0.4912984812640746,51241563.88308377,新疆,OWNER_A_CAPTURE_PID67056,2018,14,30,31,D:\ProjectTemp\ch5-mp4c-2018-final-production-path-faithful-durable-execution-20260903-001\household_call_ledger.csv,,,,,0.3,0.7212282935079958,13,12,,,,MISSING,MISSING,FIRM_NATIVE,MISSING,False,MISSING,FIRM_NATIVE,MISSING,False,,,,,,,,,,,CAPTURED,DESCRIPTIVE_FIRM_RANGE_ONLY,OBSERVED,True,0.04491054641571962,0.025089453584280372,False,False,False,False,False,False,False,False,MISSING,FIRM_NATIVE,MISSING,False,MISSING,FIRM_NATIVE,MISSING,False,,,,,,,,,,,CAPTURED,COMPOSITE_NO_FIRM_CLIP,False,0.02,0.09,0.8,1.3,HASH_BOUND_EXECUTED_ADAPTER_LITERALS,household_entry_old_state,,
15.0,0.0,435.0,0.07993173548689111,0.02,0.05,16.374639534554976,0.1,0.07,32630063.551714867,3172457.2064200076,71512710.51707035,0.9258567704483893,71415480.246665,北京,OWNER_A_CAPTURE_PID67056,2018,15,0,1,D:\ProjectTemp\ch5-mp4c-2018-final-production-path-faithful-durable-execution-20260903-001\household_call_ledger.csv,,,,,0.12116569491184198,0.8881303942987903,14,13,,,,MISSING,MISSING,FIRM_NATIVE,MISSING,False,MISSING,FIRM_NATIVE,MISSING,False,,,,,,,,,,,CAPTURED,DESCRIPTIVE_FIRM_RANGE_ONLY,OBSERVED,True,0.05993173548689111,0.010068264513108882,False,False,False,False,False,False,False,False,MISSING,FIRM_NATIVE,MISSING,False,MISSING,FIRM_NATIVE,MISSING,False,,,,,,,,,,,CAPTURED,COMPOSITE_NO_FIRM_CLIP,True,0.02,0.09,0.8,1.3,HASH_BOUND_EXECUTED_ADAPTER_LITERALS,household_entry_old_state,,
15.0,1.0,436.0,0.07348694778018657,0.02,0.05,16.17747735755647,0.1,0.07,14380015.054487467,3098688.7847474557,74507140.74561366,0.39740899245874073,74410590.87154031,天津,OWNER_A_CAPTURE_PID67056,2018,15,1,2,D:\ProjectTemp\ch5-mp4c-2018-final-production-path-faithful-durable-execution-20260903-001\household_call_ledger.csv,,,,,0.19817398532280342,0.816521642002073,14,13,,,,MISSING,MISSING,FIRM_NATIVE,MISSING,False,MISSING,FIRM_NATIVE,MISSING,False,,,,,,,,,,,CAPTURED,DESCRIPTIVE_FIRM_RANGE_ONLY,OBSERVED,True,0.05348694778018656,0.01651305221981343,False,False,False,False,False,False,False,False,MISSING,FIRM_NATIVE,MISSING,False,MISSING,FIRM_NATIVE,MISSING,False,,,,,,,,,,,CAPTURED,COMPOSITE_NO_FIRM_CLIP,True,0.02,0.09,0.8,1.3,HASH_BOUND_EXECUTED_ADAPTER_LITERALS,household_entry_old_state,,
15.0,2.0,437.0,0.08665044342793835,0.02,0.05,16.728325906369932,0.1,0.07,34972056.39095692,3183467.986955149,131065195.84886424,0.6208132482355311,130968442.32178716,河北,OWNER_A_CAPTURE_PID67056,2018,15,2,3,D:\ProjectTemp\ch5-mp4c-2018-final-production-path-faithful-durable-execution-20260903-001\household_call_ledger.csv,,,,,0.04042780400496038,0.9627827047548705,14,13,,,,MISSING,MISSING,FIRM_NATIVE,MISSING,False,MISSING,FIRM_NATIVE,MISSING,False,,,,,,,,,,,CAPTURED,DESCRIPTIVE_FIRM_RANGE_ONLY,OBSERVED,True,0.06665044342793834,0.0033495565720616516,False,False,False,False,False,False,False,False,MISSING,FIRM_NATIVE,MISSING,False,MISSING,FIRM_NATIVE,MISSING,False,,,,,,,,,,,CAPTURED,COMPOSITE_NO_FIRM_CLIP,True,0.02,0.09,0.8,1.3,HASH_BOUND_EXECUTED_ADAPTER_LITERALS,household_entry_old_state,,
15.0,3.0,438.0,0.08680743348666484,0.02,0.05,16.498040530573093,0.1,0.07,17170393.663673133,3201473.5133149093,54828362.15094323,0.5970074574974974,54729159.45463773,山西,OWNER_A_CAPTURE_PID67056,2018,15,3,4,D:\ProjectTemp\ch5-mp4c-2018-final-production-path-faithful-durable-execution-20260903-001\household_call_ledger.csv,,,,,0.0385356371748285,0.9645270387407204,14,13,,,,MISSING,MISSING,FIRM_NATIVE,MISSING,False,MISSING,FIRM_NATIVE,MISSING,False,,,,,,,,,,,CAPTURED,DESCRIPTIVE_FIRM_RANGE_ONLY,OBSERVED,True,0.06680743348666483,0.00319256651333516,False,False,False,False,False,False,False,False,MISSING,FIRM_NATIVE,MISSING,False,MISSING,FIRM_NATIVE,MISSING,False,,,,,,,,,,,CAPTURED,COMPOSITE_NO_FIRM_CLIP,True,0.02,0.09,0.8,1.3,HASH_BOUND_EXECUTED_ADAPTER_LITERALS,household_entry_old_state,,
15.0,4.0,439.0,0.07849388952014204,0.02,0.05,15.799138035635087,0.1,0.07,17369308.390683595,3166640.0398732102,82695803.16133118,0.4406780486168959,82599318.96393918,内蒙古,OWNER_A_CAPTURE_PID67056,2018,15,4,5,D:\ProjectTemp\ch5-mp4c-2018-final-production-path-faithful-durable-execution-20260903-001\household_call_ledger.csv,,,,,0.13838331231905796,0.8721543280015782,14,13,,,,MISSING,MISSING,FIRM_NATIVE,MISSING,False,MISSING,FIRM_NATIVE,MISSING,False,,,,,,,,,,,CAPTURED,DESCRIPTIVE_FIRM_RANGE_ONLY,OBSERVED,True,0.058493889520142034,0.011506110479857959,False,False,False,False,False,False,False,False,MISSING,FIRM_NATIVE,MISSING,False,MISSING,FIRM_NATIVE,MISSING,False,,,,,,,,,,,CAPTURED,COMPOSITE_NO_FIRM_CLIP,True,0.02,0.09,0.8,1.3,HASH_BOUND_EXECUTED_ADAPTER_LITERALS,household_entry_old_state,,
15.0,5.0,440.0,0.08366820932271848,0.02,0.05,15.242428223427142,0.1,0.07,25302412.068231862,3151571.783380456,97289487.61042266,0.566787850141661,97192814.33931935,辽宁,OWNER_A_CAPTURE_PID67056,2018,15,5,6,D:\ProjectTemp\ch5-mp4c-2018-final-production-path-faithful-durable-execution-20260903-001\household_call_ledger.csv,,,,,0.07632297463521798,0.9296467702524277,14,13,,,,MISSING,MISSING,FIRM_NATIVE,MISSING,False,MISSING,FIRM_NATIVE,MISSING,False,,,,,,,,,,,CAPTURED,DESCRIPTIVE_FIRM_RANGE_ONLY,OBSERVED,True,0.06366820932271848,0.0063317906772815125,False,False,False,False,False,False,False,False,MISSING,FIRM_NATIVE,MISSING,False,MISSING,FIRM_NATIVE,MISSING,False,,,,,,,,,,,CAPTURED,COMPOSITE_NO_FIRM_CLIP,True,0.02,0.09,0.8,1.3,HASH_BOUND_EXECUTED_ADAPTER_LITERALS,household_entry_old_state,,
15.0,6.0,441.0,0.08150458506614482,0.02,0.05,14.406970294893995,0.1,0.07,12110707.933225181,2955006.1275882446,76034809.09479351,0.33305718230030024,75937611.44816142,吉林,OWNER_A_CAPTURE_PID67056,2018,15,6,7,D:\ProjectTemp\ch5-mp4c-2018-final-production-path-faithful-durable-execution-20260903-001\household_call_ledger.csv,,,,,0.1023070236880023,0.9056065007349425,14,13,,,,MISSING,MISSING,FIRM_NATIVE,MISSING,False,MISSING,FIRM_NATIVE,MISSING,False,,,,,,,,,,,CAPTURED,DESCRIPTIVE_FIRM_RANGE_ONLY,OBSERVED,True,0.06150458506614481,0.00849541493385518,False,False,False,False,False,False,False,False,MISSING,FIRM_NATIVE,MISSING,False,MISSING,FIRM_NATIVE,MISSING,False,,,,,,,,,,,CAPTURED,COMPOSITE_NO_FIRM_CLIP,True,0.02,0.09,0.8,1.3,HASH_BOUND_EXECUTED_ADAPTER_LITERALS,household_entry_old_state,,
15.0,7.0,442.0,0.08462662600480349,0.02,0.05,13.376382506601866,0.1,0.07,13823748.177573983,2975590.759812573,64200286.485189565,0.4325905711330343,64101997.73512013,黑龙江,OWNER_A_CAPTURE_PID67056,2018,15,7,8,D:\ProjectTemp\ch5-mp4c-2018-final-production-path-faithful-durable-execution-20260903-001\household_call_ledger.csv,,,,,0.06479729188901276,0.9402958444978166,14,13,,,,MISSING,MISSING,FIRM_NATIVE,MISSING,False,MISSING,FIRM_NATIVE,MISSING,False,,,,,,,,,,,CAPTURED,DESCRIPTIVE_FIRM_RANGE_ONLY,OBSERVED,True,0.06462662600480348,0.005373373995196509,False,False,False,False,False,False,False,False,MISSING,FIRM_NATIVE,MISSING,False,MISSING,FIRM_NATIVE,MISSING,False,,,,,,,,,,,CAPTURED,COMPOSITE_NO_FIRM_CLIP,True,0.02,0.09,0.8,1.3,HASH_BOUND_EXECUTED_ADAPTER_LITERALS,household_entry_old_state,,
15.0,8.0,443.0,0.08013283266621211,0.02,0.05,16.31763650964206,0.1,0.07,38755598.422871515,3168229.3850705978,78398278.38137363,1.024557930974273,78301375.27152686,上海,OWNER_A_CAPTURE_PID67056,2018,15,8,9,D:\ProjectTemp\ch5-mp4c-2018-final-production-path-faithful-durable-execution-20260903-001\household_call_ledger.csv,,,,,0.11875593934055706,0.8903648074023569,14,13,,,,MISSING,MISSING,FIRM_NATIVE,MISSING,False,MISSING,FIRM_NATIVE,MISSING,False,,,,,,,,,,,CAPTURED,DESCRIPTIVE_FIRM_RANGE_ONLY,OBSERVED,True,0.06013283266621211,0.009867167333787882,False,False,False,False,False,False,False,False,MISSING,FIRM_NATIVE,MISSING,False,MISSING,FIRM_NATIVE,MISSING,False,,,,,,,,,,,CAPTURED,COMPOSITE_NO_FIRM_CLIP,True,0.02,0.09,0.8,1.3,HASH_BOUND_EXECUTED_ADAPTER_LITERALS,household_entry_old_state,,
15.0,9.0,444.0,0.0833341125806568,0.02,0.05,16.99358020081883,0.1,0.07,99656601.38349347,3105945.343459008,216603889.24844003,1.206575890807307,216512555.4693402,江苏,OWNER_A_CAPTURE_PID67056,2018,15,9,10,D:\ProjectTemp\ch5-mp4c-2018-final-production-path-faithful-durable-execution-20260903-001\household_call_ledger.csv,,,,,0.08033848825905156,0.92593458422952,14,13,,,,MISSING,MISSING,FIRM_NATIVE,MISSING,False,MISSING,FIRM_NATIVE,MISSING,False,,,,,,,,,,,CAPTURED,DESCRIPTIVE_FIRM_RANGE_ONLY,OBSERVED,True,0.0633341125806568,0.006665887419343194,False,False,False,False,False,False,False,False,MISSING,FIRM_NATIVE,MISSING,False,MISSING,FIRM_NATIVE,MISSING,False,,,,,,,,,,,CAPTURED,COMPOSITE_NO_FIRM_CLIP,True,0.02,0.09,0.8,1.3,HASH_BOUND_EXECUTED_ADAPTER_LITERALS,household_entry_old_state,,
15.0,10.0,445.0,0.08479528386591365,0.02,0.05,16.652497704968162,0.1,0.07,62424862.1049614,3134835.5633744765,142348258.54956263,1.0432713356071055,142253014.41532207,浙江,OWNER_A_CAPTURE_PID67056,2018,15,10,11,D:\ProjectTemp\ch5-mp4c-2018-final-production-path-faithful-durable-execution-20260903-001\household_call_ledger.csv,,,,,0.06276806168696052,0.9421698207323738,14,13,,,,MISSING,MISSING,FIRM_NATIVE,MISSING,False,MISSING,FIRM_NATIVE,MISSING,False,,,,,,,,,,,CAPTURED,DESCRIPTIVE_FIRM_RANGE_ONLY,OBSERVED,True,0.06479528386591364,0.005204716134086351,False,False,False,False,False,False,False,False,MISSING,FIRM_NATIVE,MISSING,False,MISSING,FIRM_NATIVE,MISSING,False,,,,,,,,,,,CAPTURED,COMPOSITE_NO_FIRM_CLIP,True,0.02,0.09,0.8,1.3,HASH_BOUND_EXECUTED_ADAPTER_LITERALS,household_entry_old_state,,
15.0,11.0,446.0,0.09,0.02,0.05,16.892784344808387,0.1,0.07,36602145.71911845,3196766.6337082176,78825702.57268165,0.961610284113516,78724822.15309072,安徽,OWNER_A_CAPTURE_PID67056,2018,15,11,12,D:\ProjectTemp\ch5-mp4c-2018-final-production-path-faithful-durable-execution-20260903-001\household_call_ledger.csv,,,,,0.0,1.0,14,13,,,0.09,DERIVED_IDENTITY_ZERO_EXTERNAL_WEIGHT,MISSING,FIRM_NATIVE,MISSING,False,MISSING,FIRM_NATIVE,MISSING,False,,,,,,,,,,,CAPTURED,DESCRIPTIVE_FIRM_RANGE_ONLY,OBSERVED,True,0.06999999999999999,0.0,False,False,False,True,False,True,False,False,MISSING,FIRM_NATIVE,MISSING,False,MISSING,FIRM_NATIVE,MISSING,False,,,,,,,,,,,CAPTURED,COMPOSITE_NO_FIRM_CLIP,True,0.02,0.09,0.8,1.3,HASH_BOUND_EXECUTED_ADAPTER_LITERALS,household_entry_old_state,,
15.0,12.0,447.0,0.08461754866716745,0.02,0.05,16.11165579794789,0.1,0.07,38533108.7692575,3163339.563559267,109620712.40664995,0.7864478060267623,109524242.5469746,福建,OWNER_A_CAPTURE_PID67056,2018,15,12,13,D:\ProjectTemp\ch5-mp4c-2018-final-production-path-faithful-durable-execution-20260903-001\household_call_ledger.csv,,,,,0.0649064986932153,0.9401949851907495,14,13,,,,MISSING,MISSING,FIRM_NATIVE,MISSING,False,MISSING,FIRM_NATIVE,MISSING,False,,,,,,,,,,,CAPTURED,DESCRIPTIVE_FIRM_RANGE_ONLY,OBSERVED,True,0.06461754866716744,0.00538245133283255,False,False,False,False,False,False,False,False,MISSING,FIRM_NATIVE,MISSING,False,MISSING,FIRM_NATIVE,MISSING,False,,,,,,,,,,,CAPTURED,COMPOSITE_NO_FIRM_CLIP,True,0.02,0.09,0.8,1.3,HASH_BOUND_EXECUTED_ADAPTER_LITERALS,household_entry_old_state,,
15.0,13.0,448.0,0.08837108677417899,0.02,0.05,16.57495933901182,0.1,0.07,24446761.353861272,3228271.518493789,56110454.21415227,0.8333743967616615,56010868.36189759,江西,OWNER_A_CAPTURE_PID67056,2018,15,13,14,D:\ProjectTemp\ch5-mp4c-2018-final-production-path-faithful-durable-execution-20260903-001\household_call_ledger.csv,,,,,0.019675113595976762,0.9819009641575444,14,13,,,,MISSING,MISSING,FIRM_NATIVE,MISSING,False,MISSING,FIRM_NATIVE,MISSING,False,,,,,,,,,,,CAPTURED,DESCRIPTIVE_FIRM_RANGE_ONLY,OBSERVED,True,0.06837108677417898,0.0016289132258210104,False,False,False,False,False,False,False,False,MISSING,FIRM_NATIVE,MISSING,False,MISSING,FIRM_NATIVE,MISSING,False,,,,,,,,,,,CAPTURED,COMPOSITE_NO_FIRM_CLIP,True,0.02,0.09,0.8,1.3,HASH_BOUND_EXECUTED_ADAPTER_LITERALS,household_entry_old_state,,
15.0,14.0,449.0,0.08428372577944168,0.02,0.05,17.053138168869086,0.1,0.07,71731990.95835806,3128777.6215330404,228073979.04228425,0.8331427730422709,227982518.26537988,山东,OWNER_A_CAPTURE_PID67056,2018,15,14,15,D:\ProjectTemp\ch5-mp4c-2018-final-production-path-faithful-durable-execution-20260903-001\household_call_ledger.csv,,,,,0.06892202679478683,0.9364858419937966,14,13,,,,MISSING,MISSING,FIRM_NATIVE,MISSING,False,MISSING,FIRM_NATIVE,MISSING,False,,,,,,,,,,,CAPTURED,DESCRIPTIVE_FIRM_RANGE_ONLY,OBSERVED,True,0.06428372577944168,0.005716274220558315,False,False,False,False,False,False,False,False,MISSING,FIRM_NATIVE,MISSING,False,MISSING,FIRM_NATIVE,MISSING,False,,,,,,,,,,,CAPTURED,COMPOSITE_NO_FIRM_CLIP,True,0.02,0.09,0.8,1.3,HASH_BOUND_EXECUTED_ADAPTER_LITERALS,household_entry_old_state,,
15.0,15.0,450.0,0.08507757032464885,0.02,0.05,17.19137022696925,0.1,0.07,53744080.55409373,3162372.7750490136,186925506.18722758,0.7262143768430855,186831830.9860853,河南,OWNER_A_CAPTURE_PID67056,2018,15,15,16,D:\ProjectTemp\ch5-mp4c-2018-final-production-path-faithful-durable-execution-20260903-001\household_call_ledger.csv,,,,,0.05937102807378291,0.9453063369405427,14,13,,,,MISSING,MISSING,FIRM_NATIVE,MISSING,False,MISSING,FIRM_NATIVE,MISSING,False,,,,,,,,,,,CAPTURED,DESCRIPTIVE_FIRM_RANGE_ONLY,OBSERVED,True,0.06507757032464885,0.004922429675351142,False,False,False,False,False,False,False,False,MISSING,FIRM_NATIVE,MISSING,False,MISSING,FIRM_NATIVE,MISSING,False,,,,,,,,,,,CAPTURED,COMPOSITE_NO_FIRM_CLIP,True,0.02,0.09,0.8,1.3,HASH_BOUND_EXECUTED_ADAPTER_LITERALS,household_entry_old_state,,
15.0,16.0,451.0,0.08668223093115598,0.02,0.05,17.062718867010013,0.1,0.07,45225126.70066727,3180110.7089565634,111388947.64599997,0.9105903300345968,111291553.36945005,湖北,OWNER_A_CAPTURE_PID67056,2018,15,16,17,D:\ProjectTemp\ch5-mp4c-2018-final-production-path-faithful-durable-execution-20260903-001\household_call_ledger.csv,,,,,0.040044697087704216,0.9631358992350666,14,13,,,,MISSING,MISSING,FIRM_NATIVE,MISSING,False,MISSING,FIRM_NATIVE,MISSING,False,,,,,,,,,,,CAPTURED,DESCRIPTIVE_FIRM_RANGE_ONLY,OBSERVED,True,0.06668223093115598,0.003317769068844012,False,False,False,False,False,False,False,False,MISSING,FIRM_NATIVE,MISSING,False,MISSING,FIRM_NATIVE,MISSING,False,,,,,,,,,,,CAPTURED,COMPOSITE_NO_FIRM_CLIP,True,0.02,0.09,0.8,1.3,HASH_BOUND_EXECUTED_ADAPTER_LITERALS,household_entry_old_state,,
15.0,17.0,452.0,0.08817290185883336,0.02,0.05,16.77342639971615,0.1,0.07,39201929.523794875,3184001.6507864906,94274349.60770878,0.8976832267581151,94175476.34011407,湖南,OWNER_A_CAPTURE_PID67056,2018,15,17,18,D:\ProjectTemp\ch5-mp4c-2018-final-production-path-faithful-durable-execution-20260903-001\household_call_ledger.csv,,,,,0.02206701218325156,0.979698909542593,14,13,,,,MISSING,MISSING,FIRM_NATIVE,MISSING,False,MISSING,FIRM_NATIVE,MISSING,False,,,,,,,,,,,CAPTURED,DESCRIPTIVE_FIRM_RANGE_ONLY,OBSERVED,True,0.06817290185883336,0.0018270981411666332,False,False,False,False,False,False,False,False,MISSING,FIRM_NATIVE,MISSING,False,MISSING,FIRM_NATIVE,MISSING,False,,,,,,,,,,,CAPTURED,COMPOSITE_NO_FIRM_CLIP,True,0.02,0.09,0.8,1.3,HASH_BOUND_EXECUTED_ADAPTER_LITERALS,household_entry_old_state,,
15.0,18.0,453.0,0.08626702044498351,0.02,0.05,16.16811103403547,0.1,0.07,104696866.38182119,3072264.784646054,227881290.055338,1.2218613538957228,227788043.06056312,广东,OWNER_A_CAPTURE_PID67056,2018,15,18,19,D:\ProjectTemp\ch5-mp4c-2018-final-production-path-faithful-durable-execution-20260903-001\household_call_ledger.csv,,,,,0.045048029371518965,0.9585224493887057,14,13,,,,MISSING,MISSING,FIRM_NATIVE,MISSING,False,MISSING,FIRM_NATIVE,MISSING,False,,,,,,,,,,,CAPTURED,DESCRIPTIVE_FIRM_RANGE_ONLY,OBSERVED,True,0.0662670204449835,0.0037329795550164885,False,False,False,False,False,False,False,False,MISSING,FIRM_NATIVE,MISSING,False,MISSING,FIRM_NATIVE,MISSING,False,,,,,,,,,,,CAPTURED,COMPOSITE_NO_FIRM_CLIP,True,0.02,0.09,0.8,1.3,HASH_BOUND_EXECUTED_ADAPTER_LITERALS,household_entry_old_state,,
15.0,19.0,454.0,0.08698676933295832,0.02,0.05,15.398917874475437,0.1,0.07,21123475.00896095,3187606.2636540015,76658713.10660629,0.5674107476036752,76560104.1938938,广西,OWNER_A_CAPTURE_PID67056,2018,15,19,20,D:\ProjectTemp\ch5-mp4c-2018-final-production-path-faithful-durable-execution-20260903-001\household_call_ledger.csv,,,,,0.03637382456647036,0.9665196592550925,14,13,,,,MISSING,MISSING,FIRM_NATIVE,MISSING,False,MISSING,FIRM_NATIVE,MISSING,False,,,,,,,,,,,CAPTURED,DESCRIPTIVE_FIRM_RANGE_ONLY,OBSERVED,True,0.06698676933295832,0.0030132306670416775,False,False,False,False,False,False,False,False,MISSING,FIRM_NATIVE,MISSING,False,MISSING,FIRM_NATIVE,MISSING,False,,,,,,,,,,,CAPTURED,COMPOSITE_NO_FIRM_CLIP,True,0.02,0.09,0.8,1.3,HASH_BOUND_EXECUTED_ADAPTER_LITERALS,household_entry_old_state,,
15.0,20.0,455.0,0.0876841728940392,0.02,0.05,14.474307482017336,0.1,0.07,5282564.7108380245,2960032.2726806826,14639166.671679828,0.5188110847810745,14538652.157090178,海南,OWNER_A_CAPTURE_PID67056,2018,15,20,21,D:\ProjectTemp\ch5-mp4c-2018-final-production-path-faithful-durable-execution-20260903-001\household_call_ledger.csv,,,,,0.027963724364002344,0.9742685877115467,14,13,,,,MISSING,MISSING,FIRM_NATIVE,MISSING,False,MISSING,FIRM_NATIVE,MISSING,False,,,,,,,,,,,CAPTURED,DESCRIPTIVE_FIRM_RANGE_ONLY,OBSERVED,True,0.06768417289403919,0.002315827105960802,False,False,False,False,False,False,False,False,MISSING,FIRM_NATIVE,MISSING,False,MISSING,FIRM_NATIVE,MISSING,False,,,,,,,,,,,CAPTURED,COMPOSITE_NO_FIRM_CLIP,True,0.02,0.09,0.8,1.3,HASH_BOUND_EXECUTED_ADAPTER_LITERALS,household_entry_old_state,,
15.0,21.0,456.0,0.08588193688914225,0.02,0.05,16.296886731097402,0.1,0.07,21914237.64961291,3215883.3625632566,57063996.570833504,0.7380202923585338,56965127.74204761,重庆,OWNER_A_CAPTURE_PID67056,2018,15,21,22,D:\ProjectTemp\ch5-mp4c-2018-final-production-path-faithful-durable-execution-20260903-001\household_call_ledger.csv,,,,,0.049686711943930977,0.9542437432126918,14,13,,,,MISSING,MISSING,FIRM_NATIVE,MISSING,False,MISSING,FIRM_NATIVE,MISSING,False,,,,,,,,,,,CAPTURED,DESCRIPTIVE_FIRM_RANGE_ONLY,OBSERVED,True,0.06588193688914225,0.004118063110857745,False,False,False,False,False,False,False,False,MISSING,FIRM_NATIVE,MISSING,False,MISSING,FIRM_NATIVE,MISSING,False,,,,,,,,,,,CAPTURED,COMPOSITE_NO_FIRM_CLIP,True,0.02,0.09,0.8,1.3,HASH_BOUND_EXECUTED_ADAPTER_LITERALS,household_entry_old_state,,
15.0,22.0,457.0,0.08910758620231143,0.02,0.05,16.317431011240796,0.1,0.07,46172922.922195494,3134896.315159529,100882092.84164466,1.0069271942211926,100782443.61096941,四川,OWNER_A_CAPTURE_PID67056,2018,15,22,23,D:\ProjectTemp\ch5-mp4c-2018-final-production-path-faithful-durable-execution-20260903-001\household_call_ledger.csv,,,,,0.010782650770128166,0.9900842911367937,14,13,,,,MISSING,MISSING,FIRM_NATIVE,MISSING,False,MISSING,FIRM_NATIVE,MISSING,False,,,,,,,,,,,CAPTURED,DESCRIPTIVE_FIRM_RANGE_ONLY,OBSERVED,True,0.06910758620231143,0.0008924137976885627,False,False,False,False,False,False,False,False,MISSING,FIRM_NATIVE,MISSING,False,MISSING,FIRM_NATIVE,MISSING,False,,,,,,,,,,,CAPTURED,COMPOSITE_NO_FIRM_CLIP,True,0.02,0.09,0.8,1.3,HASH_BOUND_EXECUTED_ADAPTER_LITERALS,household_entry_old_state,,
15.0,23.0,458.0,0.08816773540648017,0.02,0.05,15.88627888537606,0.1,0.07,16518807.64001726,3169940.296020457,47647100.143955864,0.6416162217978653,47547236.36751321,贵州,OWNER_A_CAPTURE_PID67056,2018,15,23,24,D:\ProjectTemp\ch5-mp4c-2018-final-production-path-faithful-durable-execution-20260903-001\household_call_ledger.csv,,,,,0.02212936068262254,0.9796415045164464,14,13,,,,MISSING,MISSING,FIRM_NATIVE,MISSING,False,MISSING,FIRM_NATIVE,MISSING,False,,,,,,,,,,,CAPTURED,DESCRIPTIVE_FIRM_RANGE_ONLY,OBSERVED,True,0.06816773540648016,0.0018322645935198306,False,False,False,False,False,False,False,False,MISSING,FIRM_NATIVE,MISSING,False,MISSING,FIRM_NATIVE,MISSING,False,,,,,,,,,,,CAPTURED,COMPOSITE_NO_FIRM_CLIP,True,0.02,0.09,0.8,1.3,HASH_BOUND_EXECUTED_ADAPTER_LITERALS,household_entry_old_state,,
15.0,24.0,459.0,0.0875511111690813,0.02,0.05,15.195987313494465,0.1,0.07,22471951.98506769,3163780.6738122636,78129428.62995668,0.5958466478339715,78030582.8270235,云南,OWNER_A_CAPTURE_PID67056,2018,15,24,25,D:\ProjectTemp\ch5-mp4c-2018-final-production-path-faithful-durable-execution-20260903-001\household_call_ledger.csv,,,,,0.029568731957169938,0.9727901241009035,14,13,,,,MISSING,MISSING,FIRM_NATIVE,MISSING,False,MISSING,FIRM_NATIVE,MISSING,False,,,,,,,,,,,CAPTURED,DESCRIPTIVE_FIRM_RANGE_ONLY,OBSERVED,True,0.0675511111690813,0.0024488888309186913,False,False,False,False,False,False,False,False,MISSING,FIRM_NATIVE,MISSING,False,MISSING,FIRM_NATIVE,MISSING,False,,,,,,,,,,,CAPTURED,COMPOSITE_NO_FIRM_CLIP,True,0.02,0.09,0.8,1.3,HASH_BOUND_EXECUTED_ADAPTER_LITERALS,household_entry_old_state,,
15.0,25.0,460.0,0.06628257775181406,0.02,0.05,12.9001108386947,0.1,0.07,1588990.2402468433,2913666.377279307,8820087.049550392,0.23168995325938108,8719751.076452874,西藏,OWNER_A_CAPTURE_PID67056,2018,15,25,26,D:\ProjectTemp\ch5-mp4c-2018-final-production-path-faithful-durable-execution-20260903-001\household_call_ledger.csv,,,,,0.2837596352791583,0.7364730861312674,14,13,,,,MISSING,MISSING,FIRM_NATIVE,MISSING,False,MISSING,FIRM_NATIVE,MISSING,False,,,,,,,,,,,CAPTURED,DESCRIPTIVE_FIRM_RANGE_ONLY,OBSERVED,True,0.04628257775181406,0.023717422248185932,False,False,False,False,False,False,False,False,MISSING,FIRM_NATIVE,MISSING,False,MISSING,FIRM_NATIVE,MISSING,False,,,,,,,,,,,CAPTURED,COMPOSITE_NO_FIRM_CLIP,False,0.02,0.09,0.8,1.3,HASH_BOUND_EXECUTED_ADAPTER_LITERALS,household_entry_old_state,,
15.0,26.0,461.0,0.08576523383998451,0.02,0.05,16.717442303651037,0.1,0.07,25766208.479949012,3214751.9134059977,73407281.16036573,0.7143209848641142,73309025.7926062,陕西,OWNER_A_CAPTURE_PID67056,2018,15,26,27,D:\ProjectTemp\ch5-mp4c-2018-final-production-path-faithful-durable-execution-20260903-001\household_call_ledger.csv,,,,,0.05109219959757891,0.9529470426664945,14,13,,,,MISSING,MISSING,FIRM_NATIVE,MISSING,False,MISSING,FIRM_NATIVE,MISSING,False,,,,,,,,,,,CAPTURED,DESCRIPTIVE_FIRM_RANGE_ONLY,OBSERVED,True,0.0657652338399845,0.004234766160015488,False,False,False,False,False,False,False,False,MISSING,FIRM_NATIVE,MISSING,False,MISSING,FIRM_NATIVE,MISSING,False,,,,,,,,,,,CAPTURED,COMPOSITE_NO_FIRM_CLIP,True,0.02,0.09,0.8,1.3,HASH_BOUND_EXECUTED_ADAPTER_LITERALS,household_entry_old_state,,
15.0,27.0,462.0,0.08948997674836623,0.02,0.05,15.69013322521759,0.1,0.07,8872801.256043373,2956648.7641227636,26805440.077336796,0.5461361719633566,26704760.46242642,甘肃,OWNER_A_CAPTURE_PID67056,2018,15,27,28,D:\ProjectTemp\ch5-mp4c-2018-final-production-path-faithful-durable-execution-20260903-001\household_call_ledger.csv,,,,,0.006163422815411727,0.9943330749818472,14,13,,,,MISSING,MISSING,FIRM_NATIVE,MISSING,False,MISSING,FIRM_NATIVE,MISSING,False,,,,,,,,,,,CAPTURED,DESCRIPTIVE_FIRM_RANGE_ONLY,OBSERVED,True,0.06948997674836623,0.0005100232516337677,False,False,False,False,False,False,False,False,MISSING,FIRM_NATIVE,MISSING,False,MISSING,FIRM_NATIVE,MISSING,False,,,,,,,,,,,CAPTURED,COMPOSITE_NO_FIRM_CLIP,True,0.02,0.09,0.8,1.3,HASH_BOUND_EXECUTED_ADAPTER_LITERALS,household_entry_old_state,,
15.0,28.0,463.0,0.08000982501437538,0.02,0.05,14.245456704993687,0.1,0.07,2956505.3888970907,2954673.440028687,18997970.531624507,0.23748733282330847,18898057.2535776,青海,OWNER_A_CAPTURE_PID67056,2018,15,28,29,D:\ProjectTemp\ch5-mp4c-2018-final-production-path-faithful-durable-execution-20260903-001\household_call_ledger.csv,,,,,0.12022999455338848,0.888998055715282,14,13,,,,MISSING,MISSING,FIRM_NATIVE,MISSING,False,MISSING,FIRM_NATIVE,MISSING,False,,,,,,,,,,,CAPTURED,DESCRIPTIVE_FIRM_RANGE_ONLY,OBSERVED,True,0.06000982501437538,0.009990174985624614,False,False,False,False,False,False,False,False,MISSING,FIRM_NATIVE,MISSING,False,MISSING,FIRM_NATIVE,MISSING,False,,,,,,,,,,,CAPTURED,COMPOSITE_NO_FIRM_CLIP,True,0.02,0.09,0.8,1.3,HASH_BOUND_EXECUTED_ADAPTER_LITERALS,household_entry_old_state,,
15.0,29.0,464.0,0.07977292142174992,0.02,0.05,15.71832035403129,0.1,0.07,3776619.893653167,3013150.9353923667,20220115.710684985,0.28780966191382906,20120269.733630437,宁夏,OWNER_A_CAPTURE_PID67056,2018,15,29,30,D:\ProjectTemp\ch5-mp4c-2018-final-production-path-faithful-durable-execution-20260903-001\household_call_ledger.csv,,,,,0.1230684752371874,0.8863657935749993,14,13,,,,MISSING,MISSING,FIRM_NATIVE,MISSING,False,MISSING,FIRM_NATIVE,MISSING,False,,,,,,,,,,,CAPTURED,DESCRIPTIVE_FIRM_RANGE_ONLY,OBSERVED,True,0.05977292142174992,0.010227078578250073,False,False,False,False,False,False,False,False,MISSING,FIRM_NATIVE,MISSING,False,MISSING,FIRM_NATIVE,MISSING,False,,,,,,,,,,,CAPTURED,COMPOSITE_NO_FIRM_CLIP,True,0.02,0.09,0.8,1.3,HASH_BOUND_EXECUTED_ADAPTER_LITERALS,household_entry_old_state,,
15.0,30.0,465.0,0.06491054641571962,0.02,0.05,12.231462295023302,0.1,0.07,13126543.727413561,2895028.5104468083,51339147.28907162,0.4912984812640746,51241563.88308377,新疆,OWNER_A_CAPTURE_PID67056,2018,15,30,31,D:\ProjectTemp\ch5-mp4c-2018-final-production-path-faithful-durable-execution-20260903-001\household_call_ledger.csv,,,,,0.3,0.7212282935079958,14,13,,,,MISSING,MISSING,FIRM_NATIVE,MISSING,False,MISSING,FIRM_NATIVE,MISSING,False,,,,,,,,,,,CAPTURED,DESCRIPTIVE_FIRM_RANGE_ONLY,OBSERVED,True,0.04491054641571962,0.025089453584280372,False,False,False,False,False,False,False,False,MISSING,FIRM_NATIVE,MISSING,False,MISSING,FIRM_NATIVE,MISSING,False,,,,,,,,,,,CAPTURED,COMPOSITE_NO_FIRM_CLIP,False,0.02,0.09,0.8,1.3,HASH_BOUND_EXECUTED_ADAPTER_LITERALS,household_entry_old_state,,
16.0,0.0,466.0,0.07993173548689111,0.02,0.05,16.358192003067387,0.1,0.07,32648439.47440021,3180187.2032483937,71513658.0856524,0.8598254377478318,78557028.2713315,北京,OWNER_A_CAPTURE_PID67056,2018,16,0,1,D:\ProjectTemp\ch5-mp4c-2018-final-production-path-faithful-durable-execution-20260903-001\household_call_ledger.csv,,,,,0.12116569491184198,0.8881303942987903,15,14,,,,MISSING,MISSING,FIRM_NATIVE,MISSING,False,MISSING,FIRM_NATIVE,MISSING,False,,,,,,,,,,,CAPTURED,DESCRIPTIVE_FIRM_RANGE_ONLY,OBSERVED,True,0.05993173548689111,0.010068264513108882,False,False,False,False,False,False,False,False,MISSING,FIRM_NATIVE,MISSING,False,MISSING,FIRM_NATIVE,MISSING,False,,,,,,,,,,,CAPTURED,COMPOSITE_NO_FIRM_CLIP,True,0.02,0.09,0.8,1.3,HASH_BOUND_EXECUTED_ADAPTER_LITERALS,household_entry_old_state,,
16.0,1.0,467.0,0.07348694778018657,0.02,0.05,16.161515777355724,0.1,0.07,14388365.302960511,3106484.2070883866,74508088.31750068,0.3690860262224557,81851649.95869434,天津,OWNER_A_CAPTURE_PID67056,2018,16,1,2,D:\ProjectTemp\ch5-mp4c-2018-final-production-path-faithful-durable-execution-20260903-001\household_call_ledger.csv,,,,,0.19817398532280342,0.816521642002073,15,14,,,,MISSING,MISSING,FIRM_NATIVE,MISSING,False,MISSING,FIRM_NATIVE,MISSING,False,,,,,,,,,,,CAPTURED,DESCRIPTIVE_FIRM_RANGE_ONLY,OBSERVED,True,0.05348694778018656,0.01651305221981343,False,False,False,False,False,False,False,False,MISSING,FIRM_NATIVE,MISSING,False,MISSING,FIRM_NATIVE,MISSING,False,,,,,,,,,,,CAPTURED,COMPOSITE_NO_FIRM_CLIP,True,0.02,0.09,0.8,1.3,HASH_BOUND_EXECUTED_ADAPTER_LITERALS,household_entry_old_state,,
16.0,2.0,468.0,0.08665044342793835,0.02,0.05,16.71186816090775,0.1,0.07,34991379.009780094,3191235.4734610333,131064999.89809121,0.5765156660580857,144065286.5539659,河北,OWNER_A_CAPTURE_PID67056,2018,16,2,3,D:\ProjectTemp\ch5-mp4c-2018-final-production-path-faithful-durable-execution-20260903-001\household_call_ledger.csv,,,,,0.04042780400496038,0.9627827047548705,15,14,,,,MISSING,MISSING,FIRM_NATIVE,MISSING,False,MISSING,FIRM_NATIVE,MISSING,False,,,,,,,,,,,CAPTURED,DESCRIPTIVE_FIRM_RANGE_ONLY,OBSERVED,True,0.06665044342793834,0.0033495565720616516,False,False,False,False,False,False,False,False,MISSING,FIRM_NATIVE,MISSING,False,MISSING,FIRM_NATIVE,MISSING,False,,,,,,,,,,,CAPTURED,COMPOSITE_NO_FIRM_CLIP,True,0.02,0.09,0.8,1.3,HASH_BOUND_EXECUTED_ADAPTER_LITERALS,household_entry_old_state,,
16.0,3.0,469.0,0.08680743348666484,0.02,0.05,16.48192500156414,0.1,0.07,17180616.99303806,3209685.5514147487,54829309.713576145,0.5545273852257533,60202075.400101505,山西,OWNER_A_CAPTURE_PID67056,2018,16,3,4,D:\ProjectTemp\ch5-mp4c-2018-final-production-path-faithful-durable-execution-20260903-001\household_call_ledger.csv,,,,,0.0385356371748285,0.9645270387407204,15,14,,,,MISSING,MISSING,FIRM_NATIVE,MISSING,False,MISSING,FIRM_NATIVE,MISSING,False,,,,,,,,,,,CAPTURED,DESCRIPTIVE_FIRM_RANGE_ONLY,OBSERVED,True,0.06680743348666483,0.00319256651333516,False,False,False,False,False,False,False,False,MISSING,FIRM_NATIVE,MISSING,False,MISSING,FIRM_NATIVE,MISSING,False,,,,,,,,,,,CAPTURED,COMPOSITE_NO_FIRM_CLIP,True,0.02,0.09,0.8,1.3,HASH_BOUND_EXECUTED_ADAPTER_LITERALS,household_entry_old_state,,
16.0,4.0,470.0,0.07849388952014204,0.02,0.05,15.782917886048908,0.1,0.07,17379332.373919252,3174570.0693766624,82696750.73299243,0.4092722589659299,90859250.8603331,内蒙古,OWNER_A_CAPTURE_PID67056,2018,16,4,5,D:\ProjectTemp\ch5-mp4c-2018-final-production-path-faithful-durable-execution-20260903-001\household_call_ledger.csv,,,,,0.13838331231905796,0.8721543280015782,15,14,,,,MISSING,MISSING,FIRM_NATIVE,MISSING,False,MISSING,FIRM_NATIVE,MISSING,False,,,,,,,,,,,CAPTURED,DESCRIPTIVE_FIRM_RANGE_ONLY,OBSERVED,True,0.058493889520142034,0.011506110479857959,False,False,False,False,False,False,False,False,MISSING,FIRM_NATIVE,MISSING,False,MISSING,FIRM_NATIVE,MISSING,False,,,,,,,,,,,CAPTURED,COMPOSITE_NO_FIRM_CLIP,True,0.02,0.09,0.8,1.3,HASH_BOUND_EXECUTED_ADAPTER_LITERALS,household_entry_old_state,,
16.0,5.0,471.0,0.08366820932271848,0.02,0.05,15.226953527088193,0.1,0.07,25316632.789688576,3159272.9352630577,97290435.1805048,0.5263522152196702,106912095.7732513,辽宁,OWNER_A_CAPTURE_PID67056,2018,16,5,6,D:\ProjectTemp\ch5-mp4c-2018-final-production-path-faithful-durable-execution-20260903-001\household_call_ledger.csv,,,,,0.07632297463521798,0.9296467702524277,15,14,,,,MISSING,MISSING,FIRM_NATIVE,MISSING,False,MISSING,FIRM_NATIVE,MISSING,False,,,,,,,,,,,CAPTURED,DESCRIPTIVE_FIRM_RANGE_ONLY,OBSERVED,True,0.06366820932271848,0.0063317906772815125,False,False,False,False,False,False,False,False,MISSING,FIRM_NATIVE,MISSING,False,MISSING,FIRM_NATIVE,MISSING,False,,,,,,,,,,,CAPTURED,COMPOSITE_NO_FIRM_CLIP,True,0.02,0.09,0.8,1.3,HASH_BOUND_EXECUTED_ADAPTER_LITERALS,household_entry_old_state,,
16.0,6.0,472.0,0.08150458506614482,0.02,0.05,14.392048280267058,0.1,0.07,12117690.89961373,2962389.3494772497,76035756.66449584,0.30931324125972054,83531372.59297757,吉林,OWNER_A_CAPTURE_PID67056,2018,16,6,7,D:\ProjectTemp\ch5-mp4c-2018-final-production-path-faithful-durable-execution-20260903-001\household_call_ledger.csv,,,,,0.1023070236880023,0.9056065007349425,15,14,,,,MISSING,MISSING,FIRM_NATIVE,MISSING,False,MISSING,FIRM_NATIVE,MISSING,False,,,,,,,,,,,CAPTURED,DESCRIPTIVE_FIRM_RANGE_ONLY,OBSERVED,True,0.06150458506614481,0.00849541493385518,False,False,False,False,False,False,False,False,MISSING,FIRM_NATIVE,MISSING,False,MISSING,FIRM_NATIVE,MISSING,False,,,,,,,,,,,CAPTURED,COMPOSITE_NO_FIRM_CLIP,True,0.02,0.09,0.8,1.3,HASH_BOUND_EXECUTED_ADAPTER_LITERALS,household_entry_old_state,,
16.0,7.0,473.0,0.08462662600480349,0.02,0.05,13.362048440197805,0.1,0.07,13831822.102135712,2983100.1133354083,64201234.05189172,0.4017745985326438,70512197.50863215,黑龙江,OWNER_A_CAPTURE_PID67056,2018,16,7,8,D:\ProjectTemp\ch5-mp4c-2018-final-production-path-faithful-durable-execution-20260903-001\household_call_ledger.csv,,,,,0.06479729188901276,0.9402958444978166,15,14,,,,MISSING,MISSING,FIRM_NATIVE,MISSING,False,MISSING,FIRM_NATIVE,MISSING,False,,,,,,,,,,,CAPTURED,DESCRIPTIVE_FIRM_RANGE_ONLY,OBSERVED,True,0.06462662600480348,0.005373373995196509,False,False,False,False,False,False,False,False,MISSING,FIRM_NATIVE,MISSING,False,MISSING,FIRM_NATIVE,MISSING,False,,,,,,,,,,,CAPTURED,COMPOSITE_NO_FIRM_CLIP,True,0.02,0.09,0.8,1.3,HASH_BOUND_EXECUTED_ADAPTER_LITERALS,household_entry_old_state,,
16.0,8.0,474.0,0.08013283266621211,0.02,0.05,16.30305638449391,0.1,0.07,38777789.362560846,3176093.4061814975,78399225.94968821,0.9514775441387191,86131512.79867955,上海,OWNER_A_CAPTURE_PID67056,2018,16,8,9,D:\ProjectTemp\ch5-mp4c-2018-final-production-path-faithful-durable-execution-20260903-001\household_call_ledger.csv,,,,,0.11875593934055706,0.8903648074023569,15,14,,,,MISSING,MISSING,FIRM_NATIVE,MISSING,False,MISSING,FIRM_NATIVE,MISSING,False,,,,,,,,,,,CAPTURED,DESCRIPTIVE_FIRM_RANGE_ONLY,OBSERVED,True,0.06013283266621211,0.009867167333787882,False,False,False,False,False,False,False,False,MISSING,FIRM_NATIVE,MISSING,False,MISSING,FIRM_NATIVE,MISSING,False,,,,,,,,,,,CAPTURED,COMPOSITE_NO_FIRM_CLIP,True,0.02,0.09,0.8,1.3,HASH_BOUND_EXECUTED_ADAPTER_LITERALS,household_entry_old_state,,
16.0,9.0,475.0,0.0833341125806568,0.02,0.05,16.97832800431418,0.1,0.07,99713127.94666429,3113662.854389201,216604836.82882777,1.120448024651466,238163811.01627424,江苏,OWNER_A_CAPTURE_PID67056,2018,16,9,10,D:\ProjectTemp\ch5-mp4c-2018-final-production-path-faithful-durable-execution-20260903-001\household_call_ledger.csv,,,,,0.08033848825905156,0.92593458422952,15,14,,,,MISSING,MISSING,FIRM_NATIVE,MISSING,False,MISSING,FIRM_NATIVE,MISSING,False,,,,,,,,,,,CAPTURED,DESCRIPTIVE_FIRM_RANGE_ONLY,OBSERVED,True,0.0633341125806568,0.006665887419343194,False,False,False,False,False,False,False,False,MISSING,FIRM_NATIVE,MISSING,False,MISSING,FIRM_NATIVE,MISSING,False,,,,,,,,,,,CAPTURED,COMPOSITE_NO_FIRM_CLIP,True,0.02,0.09,0.8,1.3,HASH_BOUND_EXECUTED_ADAPTER_LITERALS,household_entry_old_state,,
16.0,10.0,476.0,0.08479528386591365,0.02,0.05,16.637781113740242,0.1,0.07,62460400.79642042,3142629.3587983735,142349206.12073815,0.9688170358214094,156478315.8568543,浙江,OWNER_A_CAPTURE_PID67056,2018,16,10,11,D:\ProjectTemp\ch5-mp4c-2018-final-production-path-faithful-durable-execution-20260903-001\household_call_ledger.csv,,,,,0.06276806168696052,0.9421698207323738,15,14,,,,MISSING,MISSING,FIRM_NATIVE,MISSING,False,MISSING,FIRM_NATIVE,MISSING,False,,,,,,,,,,,CAPTURED,DESCRIPTIVE_FIRM_RANGE_ONLY,OBSERVED,True,0.06479528386591364,0.005204716134086351,False,False,False,False,False,False,False,False,MISSING,FIRM_NATIVE,MISSING,False,MISSING,FIRM_NATIVE,MISSING,False,,,,,,,,,,,CAPTURED,COMPOSITE_NO_FIRM_CLIP,True,0.02,0.09,0.8,1.3,HASH_BOUND_EXECUTED_ADAPTER_LITERALS,household_entry_old_state,,
16.0,11.0,477.0,0.09,0.02,0.05,16.877576792117782,0.1,0.07,36623181.88977213,3204732.3584975754,78826650.13124712,0.8930201894115845,86597304.3683998,安徽,OWNER_A_CAPTURE_PID67056,2018,16,11,12,D:\ProjectTemp\ch5-mp4c-2018-final-production-path-faithful-durable-execution-20260903-001\household_call_ledger.csv,,,,,0.0,1.0,15,14,,,0.09,DERIVED_IDENTITY_ZERO_EXTERNAL_WEIGHT,MISSING,FIRM_NATIVE,MISSING,False,MISSING,FIRM_NATIVE,MISSING,False,,,,,,,,,,,CAPTURED,DESCRIPTIVE_FIRM_RANGE_ONLY,OBSERVED,True,0.06999999999999999,0.0,False,False,False,True,False,True,False,False,MISSING,FIRM_NATIVE,MISSING,False,MISSING,FIRM_NATIVE,MISSING,False,,,,,,,,,,,CAPTURED,COMPOSITE_NO_FIRM_CLIP,True,0.02,0.09,0.8,1.3,HASH_BOUND_EXECUTED_ADAPTER_LITERALS,household_entry_old_state,,
16.0,12.0,478.0,0.08461754866716745,0.02,0.05,16.097794639806306,0.1,0.07,38555089.74704799,3171198.6942803035,109621659.9751261,0.7303318158415228,120476666.80167207,福建,OWNER_A_CAPTURE_PID67056,2018,16,12,13,D:\ProjectTemp\ch5-mp4c-2018-final-production-path-faithful-durable-execution-20260903-001\household_call_ledger.csv,,,,,0.0649064986932153,0.9401949851907495,15,14,,,,MISSING,MISSING,FIRM_NATIVE,MISSING,False,MISSING,FIRM_NATIVE,MISSING,False,,,,,,,,,,,CAPTURED,DESCRIPTIVE_FIRM_RANGE_ONLY,OBSERVED,True,0.06461754866716744,0.00538245133283255,False,False,False,False,False,False,False,False,MISSING,FIRM_NATIVE,MISSING,False,MISSING,FIRM_NATIVE,MISSING,False,,,,,,,,,,,CAPTURED,COMPOSITE_NO_FIRM_CLIP,True,0.02,0.09,0.8,1.3,HASH_BOUND_EXECUTED_ADAPTER_LITERALS,household_entry_old_state,,
16.0,13.0,479.0,0.08837108677417899,0.02,0.05,16.56044619659772,0.1,0.07,24460970.026409224,3236316.0828976897,56111597.46151672,0.7739581116691217,61611955.19808735,江西,OWNER_A_CAPTURE_PID67056,2018,16,13,14,D:\ProjectTemp\ch5-mp4c-2018-final-production-path-faithful-durable-execution-20260903-001\household_call_ledger.csv,,,,,0.019675113595976762,0.9819009641575444,15,14,,,,MISSING,MISSING,FIRM_NATIVE,MISSING,False,MISSING,FIRM_NATIVE,MISSING,False,,,,,,,,,,,CAPTURED,DESCRIPTIVE_FIRM_RANGE_ONLY,OBSERVED,True,0.06837108677417898,0.0016289132258210104,False,False,False,False,False,False,False,False,MISSING,FIRM_NATIVE,MISSING,False,MISSING,FIRM_NATIVE,MISSING,False,,,,,,,,,,,CAPTURED,COMPOSITE_NO_FIRM_CLIP,True,0.02,0.09,0.8,1.3,HASH_BOUND_EXECUTED_ADAPTER_LITERALS,household_entry_old_state,,
16.0,14.0,480.0,0.08428372577944168,0.02,0.05,17.03676487349169,0.1,0.07,71772115.82181422,3136445.9906260683,228074926.6234489,0.7736712752037438,250780770.09191787,山东,OWNER_A_CAPTURE_PID67056,2018,16,14,15,D:\ProjectTemp\ch5-mp4c-2018-final-production-path-faithful-durable-execution-20260903-001\household_call_ledger.csv,,,,,0.06892202679478683,0.9364858419937966,15,14,,,,MISSING,MISSING,FIRM_NATIVE,MISSING,False,MISSING,FIRM_NATIVE,MISSING,False,,,,,,,,,,,CAPTURED,DESCRIPTIVE_FIRM_RANGE_ONLY,OBSERVED,True,0.06428372577944168,0.005716274220558315,False,False,False,False,False,False,False,False,MISSING,FIRM_NATIVE,MISSING,False,MISSING,FIRM_NATIVE,MISSING,False,,,,,,,,,,,CAPTURED,COMPOSITE_NO_FIRM_CLIP,True,0.02,0.09,0.8,1.3,HASH_BOUND_EXECUTED_ADAPTER_LITERALS,household_entry_old_state,,
16.0,15.0,481.0,0.08507757032464885,0.02,0.05,17.175147434924888,0.1,0.07,53774221.540016025,3170133.876932642,186926453.76257715,0.6743783073384464,205515014.08469385,河南,OWNER_A_CAPTURE_PID67056,2018,16,15,16,D:\ProjectTemp\ch5-mp4c-2018-final-production-path-faithful-durable-execution-20260903-001\household_call_ledger.csv,,,,,0.05937102807378291,0.9453063369405427,15,14,,,,MISSING,MISSING,FIRM_NATIVE,MISSING,False,MISSING,FIRM_NATIVE,MISSING,False,,,,,,,,,,,CAPTURED,DESCRIPTIVE_FIRM_RANGE_ONLY,OBSERVED,True,0.06507757032464885,0.004922429675351142,False,False,False,False,False,False,False,False,MISSING,FIRM_NATIVE,MISSING,False,MISSING,FIRM_NATIVE,MISSING,False,,,,,,,,,,,CAPTURED,COMPOSITE_NO_FIRM_CLIP,True,0.02,0.09,0.8,1.3,HASH_BOUND_EXECUTED_ADAPTER_LITERALS,household_entry_old_state,,
16.0,16.0,482.0,0.08668223093115598,0.02,0.05,17.04743143798957,0.1,0.07,45250851.43375914,3187990.1459473325,111389895.21210468,0.8456146151241278,122420708.70639506,湖北,OWNER_A_CAPTURE_PID67056,2018,16,16,17,D:\ProjectTemp\ch5-mp4c-2018-final-production-path-faithful-durable-execution-20260903-001\household_call_ledger.csv,,,,,0.040044697087704216,0.9631358992350666,15,14,,,,MISSING,MISSING,FIRM_NATIVE,MISSING,False,MISSING,FIRM_NATIVE,MISSING,False,,,,,,,,,,,CAPTURED,DESCRIPTIVE_FIRM_RANGE_ONLY,OBSERVED,True,0.06668223093115598,0.003317769068844012,False,False,False,False,False,False,False,False,MISSING,FIRM_NATIVE,MISSING,False,MISSING,FIRM_NATIVE,MISSING,False,,,,,,,,,,,CAPTURED,COMPOSITE_NO_FIRM_CLIP,True,0.02,0.09,0.8,1.3,HASH_BOUND_EXECUTED_ADAPTER_LITERALS,household_entry_old_state,,
16.0,17.0,483.0,0.08817290185883336,0.02,0.05,16.75860094250229,0.1,0.07,39224225.39142133,3191872.9599500494,94275297.17054969,0.8336381764401323,103593023.97412549,湖南,OWNER_A_CAPTURE_PID67056,2018,16,17,18,D:\ProjectTemp\ch5-mp4c-2018-final-production-path-faithful-durable-execution-20260903-001\household_call_ledger.csv,,,,,0.02206701218325156,0.979698909542593,15,14,,,,MISSING,MISSING,FIRM_NATIVE,MISSING,False,MISSING,FIRM_NATIVE,MISSING,False,,,,,,,,,,,CAPTURED,DESCRIPTIVE_FIRM_RANGE_ONLY,OBSERVED,True,0.06817290185883336,0.0018270981411666332,False,False,False,False,False,False,False,False,MISSING,FIRM_NATIVE,MISSING,False,MISSING,FIRM_NATIVE,MISSING,False,,,,,,,,,,,CAPTURED,COMPOSITE_NO_FIRM_CLIP,True,0.02,0.09,0.8,1.3,HASH_BOUND_EXECUTED_ADAPTER_LITERALS,household_entry_old_state,,
16.0,18.0,484.0,0.08626702044498351,0.02,0.05,16.154288829431355,0.1,0.07,104755829.21906337,3079846.1708197645,227882237.63068265,1.1346380305729729,250566847.36661944,广东,OWNER_A_CAPTURE_PID67056,2018,16,18,19,D:\ProjectTemp\ch5-mp4c-2018-final-production-path-faithful-durable-execution-20260903-001\household_call_ledger.csv,,,,,0.045048029371518965,0.9585224493887057,15,14,,,,MISSING,MISSING,FIRM_NATIVE,MISSING,False,MISSING,FIRM_NATIVE,MISSING,False,,,,,,,,,,,CAPTURED,DESCRIPTIVE_FIRM_RANGE_ONLY,OBSERVED,True,0.0662670204449835,0.0037329795550164885,False,False,False,False,False,False,False,False,MISSING,FIRM_NATIVE,MISSING,False,MISSING,FIRM_NATIVE,MISSING,False,,,,,,,,,,,CAPTURED,COMPOSITE_NO_FIRM_CLIP,True,0.02,0.09,0.8,1.3,HASH_BOUND_EXECUTED_ADAPTER_LITERALS,household_entry_old_state,,
16.0,19.0,485.0,0.08698676933295832,0.02,0.05,15.385476041655307,0.1,0.07,21135446.652695395,3195433.274648773,76659660.67040797,0.5269361243663422,84216114.61328319,广西,OWNER_A_CAPTURE_PID67056,2018,16,19,20,D:\ProjectTemp\ch5-mp4c-2018-final-production-path-faithful-durable-execution-20260903-001\household_call_ledger.csv,,,,,0.03637382456647036,0.9665196592550925,15,14,,,,MISSING,MISSING,FIRM_NATIVE,MISSING,False,MISSING,FIRM_NATIVE,MISSING,False,,,,,,,,,,,CAPTURED,DESCRIPTIVE_FIRM_RANGE_ONLY,OBSERVED,True,0.06698676933295832,0.0030132306670416775,False,False,False,False,False,False,False,False,MISSING,FIRM_NATIVE,MISSING,False,MISSING,FIRM_NATIVE,MISSING,False,,,,,,,,,,,CAPTURED,COMPOSITE_NO_FIRM_CLIP,True,0.02,0.09,0.8,1.3,HASH_BOUND_EXECUTED_ADAPTER_LITERALS,household_entry_old_state,,
16.0,20.0,486.0,0.0876841728940392,0.02,0.05,14.462117694127201,0.1,0.07,5285790.562217022,2967345.1307866205,14640114.231086278,0.4819942023686583,15992517.372799197,海南,OWNER_A_CAPTURE_PID67056,2018,16,20,21,D:\ProjectTemp\ch5-mp4c-2018-final-production-path-faithful-durable-execution-20260903-001\household_call_ledger.csv,,,,,0.027963724364002344,0.9742685877115467,15,14,,,,MISSING,MISSING,FIRM_NATIVE,MISSING,False,MISSING,FIRM_NATIVE,MISSING,False,,,,,,,,,,,CAPTURED,DESCRIPTIVE_FIRM_RANGE_ONLY,OBSERVED,True,0.06768417289403919,0.002315827105960802,False,False,False,False,False,False,False,False,MISSING,FIRM_NATIVE,MISSING,False,MISSING,FIRM_NATIVE,MISSING,False,,,,,,,,,,,CAPTURED,COMPOSITE_NO_FIRM_CLIP,True,0.02,0.09,0.8,1.3,HASH_BOUND_EXECUTED_ADAPTER_LITERALS,household_entry_old_state,,
16.0,21.0,487.0,0.08588193688914225,0.02,0.05,16.28193453117537,0.1,0.07,21926678.648372438,3223746.9663858297,57064944.134133466,0.6853955256131734,62661640.516252376,重庆,OWNER_A_CAPTURE_PID67056,2018,16,21,22,D:\ProjectTemp\ch5-mp4c-2018-final-production-path-faithful-durable-execution-20260903-001\household_call_ledger.csv,,,,,0.049686711943930977,0.9542437432126918,15,14,,,,MISSING,MISSING,FIRM_NATIVE,MISSING,False,MISSING,FIRM_NATIVE,MISSING,False,,,,,,,,,,,CAPTURED,DESCRIPTIVE_FIRM_RANGE_ONLY,OBSERVED,True,0.06588193688914225,0.004118063110857745,False,False,False,False,False,False,False,False,MISSING,FIRM_NATIVE,MISSING,False,MISSING,FIRM_NATIVE,MISSING,False,,,,,,,,,,,CAPTURED,COMPOSITE_NO_FIRM_CLIP,True,0.02,0.09,0.8,1.3,HASH_BOUND_EXECUTED_ADAPTER_LITERALS,household_entry_old_state,,
16.0,22.0,488.0,0.08910758620231143,0.02,0.05,16.302241557571595,0.1,0.07,46198753.82278873,3142524.587082463,100883040.40301241,0.9350748148944196,110860687.97206636,四川,OWNER_A_CAPTURE_PID67056,2018,16,22,23,D:\ProjectTemp\ch5-mp4c-2018-final-production-path-faithful-durable-execution-20260903-001\household_call_ledger.csv,,,,,0.010782650770128166,0.9900842911367937,15,14,,,,MISSING,MISSING,FIRM_NATIVE,MISSING,False,MISSING,FIRM_NATIVE,MISSING,False,,,,,,,,,,,CAPTURED,DESCRIPTIVE_FIRM_RANGE_ONLY,OBSERVED,True,0.06910758620231143,0.0008924137976885627,False,False,False,False,False,False,False,False,MISSING,FIRM_NATIVE,MISSING,False,MISSING,FIRM_NATIVE,MISSING,False,,,,,,,,,,,CAPTURED,COMPOSITE_NO_FIRM_CLIP,True,0.02,0.09,0.8,1.3,HASH_BOUND_EXECUTED_ADAPTER_LITERALS,household_entry_old_state,,
16.0,23.0,489.0,0.08816773540648017,0.02,0.05,15.87209613830099,0.1,0.07,16528740.2961879,3178125.636510583,47648047.70484344,0.5959842320797523,52301960.00426453,贵州,OWNER_A_CAPTURE_PID67056,2018,16,23,24,D:\ProjectTemp\ch5-mp4c-2018-final-production-path-faithful-durable-execution-20260903-001\household_call_ledger.csv,,,,,0.02212936068262254,0.9796415045164464,15,14,,,,MISSING,MISSING,FIRM_NATIVE,MISSING,False,MISSING,FIRM_NATIVE,MISSING,False,,,,,,,,,,,CAPTURED,DESCRIPTIVE_FIRM_RANGE_ONLY,OBSERVED,True,0.06816773540648016,0.0018322645935198306,False,False,False,False,False,False,False,False,MISSING,FIRM_NATIVE,MISSING,False,MISSING,FIRM_NATIVE,MISSING,False,,,,,,,,,,,CAPTURED,COMPOSITE_NO_FIRM_CLIP,True,0.02,0.09,0.8,1.3,HASH_BOUND_EXECUTED_ADAPTER_LITERALS,household_entry_old_state,,
16.0,24.0,490.0,0.0875511111690813,0.02,0.05,15.18226850580204,0.1,0.07,22484604.32580872,3171499.80965266,78130376.19339001,0.5533409976834875,85833641.10972586,云南,OWNER_A_CAPTURE_PID67056,2018,16,24,25,D:\ProjectTemp\ch5-mp4c-2018-final-production-path-faithful-durable-execution-20260903-001\household_call_ledger.csv,,,,,0.029568731957169938,0.9727901241009035,15,14,,,,MISSING,MISSING,FIRM_NATIVE,MISSING,False,MISSING,FIRM_NATIVE,MISSING,False,,,,,,,,,,,CAPTURED,DESCRIPTIVE_FIRM_RANGE_ONLY,OBSERVED,True,0.0675511111690813,0.0024488888309186913,False,False,False,False,False,False,False,False,MISSING,FIRM_NATIVE,MISSING,False,MISSING,FIRM_NATIVE,MISSING,False,,,,,,,,,,,CAPTURED,COMPOSITE_NO_FIRM_CLIP,True,0.02,0.09,0.8,1.3,HASH_BOUND_EXECUTED_ADAPTER_LITERALS,household_entry_old_state,,
16.0,25.0,491.0,0.06628257775181406,0.02,0.05,12.887860473978286,0.1,0.07,1589998.5524581603,2920747.4703946505,8821034.609313477,0.21531593541728583,9591726.184098162,西藏,OWNER_A_CAPTURE_PID67056,2018,16,25,26,D:\ProjectTemp\ch5-mp4c-2018-final-production-path-faithful-durable-execution-20260903-001\household_call_ledger.csv,,,,,0.2837596352791583,0.7364730861312674,15,14,,,,MISSING,MISSING,FIRM_NATIVE,MISSING,False,MISSING,FIRM_NATIVE,MISSING,False,,,,,,,,,,,CAPTURED,DESCRIPTIVE_FIRM_RANGE_ONLY,OBSERVED,True,0.04628257775181406,0.023717422248185932,False,False,False,False,False,False,False,False,MISSING,FIRM_NATIVE,MISSING,False,MISSING,FIRM_NATIVE,MISSING,False,,,,,,,,,,,CAPTURED,COMPOSITE_NO_FIRM_CLIP,False,0.02,0.09,0.8,1.3,HASH_BOUND_EXECUTED_ADAPTER_LITERALS,household_entry_old_state,,
16.0,26.0,492.0,0.08576523383998451,0.02,0.05,16.701617591386466,0.1,0.07,25780753.77006627,3222607.873643516,73408228.72515123,0.6633703364001555,80639928.37186684,陕西,OWNER_A_CAPTURE_PID67056,2018,16,26,27,D:\ProjectTemp\ch5-mp4c-2018-final-production-path-faithful-durable-execution-20260903-001\household_call_ledger.csv,,,,,0.05109219959757891,0.9529470426664945,15,14,,,,MISSING,MISSING,FIRM_NATIVE,MISSING,False,MISSING,FIRM_NATIVE,MISSING,False,,,,,,,,,,,CAPTURED,DESCRIPTIVE_FIRM_RANGE_ONLY,OBSERVED,True,0.0657652338399845,0.004234766160015488,False,False,False,False,False,False,False,False,MISSING,FIRM_NATIVE,MISSING,False,MISSING,FIRM_NATIVE,MISSING,False,,,,,,,,,,,CAPTURED,COMPOSITE_NO_FIRM_CLIP,True,0.02,0.09,0.8,1.3,HASH_BOUND_EXECUTED_ADAPTER_LITERALS,household_entry_old_state,,
16.0,27.0,493.0,0.08948997674836623,0.02,0.05,15.674989572026485,0.1,0.07,8877947.01476626,2963848.999752054,26806387.63638184,0.5072674437160518,29375236.508669063,甘肃,OWNER_A_CAPTURE_PID67056,2018,16,27,28,D:\ProjectTemp\ch5-mp4c-2018-final-production-path-faithful-durable-execution-20260903-001\household_call_ledger.csv,,,,,0.006163422815411727,0.9943330749818472,15,14,,,,MISSING,MISSING,FIRM_NATIVE,MISSING,False,MISSING,FIRM_NATIVE,MISSING,False,,,,,,,,,,,CAPTURED,DESCRIPTIVE_FIRM_RANGE_ONLY,OBSERVED,True,0.06948997674836623,0.0005100232516337677,False,False,False,False,False,False,False,False,MISSING,FIRM_NATIVE,MISSING,False,MISSING,FIRM_NATIVE,MISSING,False,,,,,,,,,,,CAPTURED,COMPOSITE_NO_FIRM_CLIP,True,0.02,0.09,0.8,1.3,HASH_BOUND_EXECUTED_ADAPTER_LITERALS,household_entry_old_state,,
16.0,28.0,494.0,0.08000982501437538,0.02,0.05,14.231510765150036,0.1,0.07,2958250.2623601207,2961855.8285815157,18998918.093070604,0.22060851270838355,20787862.978935365,青海,OWNER_A_CAPTURE_PID67056,2018,16,28,29,D:\ProjectTemp\ch5-mp4c-2018-final-production-path-faithful-durable-execution-20260903-001\household_call_ledger.csv,,,,,0.12022999455338848,0.888998055715282,15,14,,,,MISSING,MISSING,FIRM_NATIVE,MISSING,False,MISSING,FIRM_NATIVE,MISSING,False,,,,,,,,,,,CAPTURED,DESCRIPTIVE_FIRM_RANGE_ONLY,OBSERVED,True,0.06000982501437538,0.009990174985624614,False,False,False,False,False,False,False,False,MISSING,FIRM_NATIVE,MISSING,False,MISSING,FIRM_NATIVE,MISSING,False,,,,,,,,,,,CAPTURED,COMPOSITE_NO_FIRM_CLIP,True,0.02,0.09,0.8,1.3,HASH_BOUND_EXECUTED_ADAPTER_LITERALS,household_entry_old_state,,
16.0,29.0,495.0,0.07977292142174992,0.02,0.05,15.703051710157517,0.1,0.07,3778849.3878664556,3020508.585093233,20221063.272113714,0.26734919803642754,22132296.706993483,宁夏,OWNER_A_CAPTURE_PID67056,2018,16,29,30,D:\ProjectTemp\ch5-mp4c-2018-final-production-path-faithful-durable-execution-20260903-001\household_call_ledger.csv,,,,,0.1230684752371874,0.8863657935749993,15,14,,,,MISSING,MISSING,FIRM_NATIVE,MISSING,False,MISSING,FIRM_NATIVE,MISSING,False,,,,,,,,,,,CAPTURED,DESCRIPTIVE_FIRM_RANGE_ONLY,OBSERVED,True,0.05977292142174992,0.010227078578250073,False,False,False,False,False,False,False,False,MISSING,FIRM_NATIVE,MISSING,False,MISSING,FIRM_NATIVE,MISSING,False,,,,,,,,,,,CAPTURED,COMPOSITE_NO_FIRM_CLIP,True,0.02,0.09,0.8,1.3,HASH_BOUND_EXECUTED_ADAPTER_LITERALS,household_entry_old_state,,
16.0,30.0,496.0,0.06491054641571962,0.02,0.05,12.218213328825403,0.1,0.07,13134167.150781892,2902255.9174886206,51340094.88180483,0.4563204813837133,56365720.27139215,新疆,OWNER_A_CAPTURE_PID67056,2018,16,30,31,D:\ProjectTemp\ch5-mp4c-2018-final-production-path-faithful-durable-execution-20260903-001\household_call_ledger.csv,,,,,0.3,0.7212282935079958,15,14,,,,MISSING,MISSING,FIRM_NATIVE,MISSING,False,MISSING,FIRM_NATIVE,MISSING,False,,,,,,,,,,,CAPTURED,DESCRIPTIVE_FIRM_RANGE_ONLY,OBSERVED,True,0.04491054641571962,0.025089453584280372,False,False,False,False,False,False,False,False,MISSING,FIRM_NATIVE,MISSING,False,MISSING,FIRM_NATIVE,MISSING,False,,,,,,,,,,,CAPTURED,COMPOSITE_NO_FIRM_CLIP,False,0.02,0.09,0.8,1.3,HASH_BOUND_EXECUTED_ADAPTER_LITERALS,household_entry_old_state,,
17.0,0.0,497.0,0.07993173548689111,0.02,0.05,16.35595684590559,0.1,0.07,32630579.337413173,3178557.7235358884,78654576.83610132,0.8598254377478318,78557028.2713315,北京,OWNER_A_CAPTURE_PID67056,2018,17,0,1,D:\ProjectTemp\ch5-mp4c-2018-final-production-path-faithful-durable-execution-20260903-001\household_call_ledger.csv,,,,,0.12116569491184198,0.8881303942987903,16,15,,,,MISSING,MISSING,FIRM_NATIVE,MISSING,False,MISSING,FIRM_NATIVE,MISSING,False,,,,,,,,,,,CAPTURED,DESCRIPTIVE_FIRM_RANGE_ONLY,OBSERVED,True,0.05993173548689111,0.010068264513108882,False,False,False,False,False,False,False,False,MISSING,FIRM_NATIVE,MISSING,False,MISSING,FIRM_NATIVE,MISSING,False,,,,,,,,,,,CAPTURED,COMPOSITE_NO_FIRM_CLIP,True,0.02,0.09,0.8,1.3,HASH_BOUND_EXECUTED_ADAPTER_LITERALS,household_entry_old_state,,
17.0,1.0,498.0,0.07348694778018657,0.02,0.05,16.159314356434656,0.1,0.07,14378830.776682034,3102509.404053807,81948518.1011058,0.3690860262224557,81851649.95869434,天津,OWNER_A_CAPTURE_PID67056,2018,17,1,2,D:\ProjectTemp\ch5-mp4c-2018-final-production-path-faithful-durable-execution-20260903-001\household_call_ledger.csv,,,,,0.19817398532280342,0.816521642002073,16,15,,,,MISSING,MISSING,FIRM_NATIVE,MISSING,False,MISSING,FIRM_NATIVE,MISSING,False,,,,,,,,,,,CAPTURED,DESCRIPTIVE_FIRM_RANGE_ONLY,OBSERVED,True,0.05348694778018656,0.01651305221981343,False,False,False,False,False,False,False,False,MISSING,FIRM_NATIVE,MISSING,False,MISSING,FIRM_NATIVE,MISSING,False,,,,,,,,,,,CAPTURED,COMPOSITE_NO_FIRM_CLIP,True,0.02,0.09,0.8,1.3,HASH_BOUND_EXECUTED_ADAPTER_LITERALS,household_entry_old_state,,
17.0,2.0,499.0,0.08665044342793835,0.02,0.05,16.709657193073156,0.1,0.07,34972808.705858625,3189605.1032783007,144162358.3770615,0.5765156660580857,144065286.5539659,河北,OWNER_A_CAPTURE_PID67056,2018,17,2,3,D:\ProjectTemp\ch5-mp4c-2018-final-production-path-faithful-durable-execution-20260903-001\household_call_ledger.csv,,,,,0.04042780400496038,0.9627827047548705,16,15,,,,MISSING,MISSING,FIRM_NATIVE,MISSING,False,MISSING,FIRM_NATIVE,MISSING,False,,,,,,,,,,,CAPTURED,DESCRIPTIVE_FIRM_RANGE_ONLY,OBSERVED,True,0.06665044342793834,0.0033495565720616516,False,False,False,False,False,False,False,False,MISSING,FIRM_NATIVE,MISSING,False,MISSING,FIRM_NATIVE,MISSING,False,,,,,,,,,,,CAPTURED,COMPOSITE_NO_FIRM_CLIP,True,0.02,0.09,0.8,1.3,HASH_BOUND_EXECUTED_ADAPTER_LITERALS,household_entry_old_state,,
17.0,3.0,500.0,0.08680743348666484,0.02,0.05,16.479732798370332,0.1,0.07,17169136.545015864,3204311.120975469,60301596.44065929,0.5545273852257533,60202075.400101505,山西,OWNER_A_CAPTURE_PID67056,2018,17,3,4,D:\ProjectTemp\ch5-mp4c-2018-final-production-path-faithful-durable-execution-20260903-001\household_call_ledger.csv,,,,,0.0385356371748285,0.9645270387407204,16,15,,,,MISSING,MISSING,FIRM_NATIVE,MISSING,False,MISSING,FIRM_NATIVE,MISSING,False,,,,,,,,,,,CAPTURED,DESCRIPTIVE_FIRM_RANGE_ONLY,OBSERVED,True,0.06680743348666483,0.00319256651333516,False,False,False,False,False,False,False,False,MISSING,FIRM_NATIVE,MISSING,False,MISSING,FIRM_NATIVE,MISSING,False,,,,,,,,,,,CAPTURED,COMPOSITE_NO_FIRM_CLIP,True,0.02,0.09,0.8,1.3,HASH_BOUND_EXECUTED_ADAPTER_LITERALS,household_entry_old_state,,
17.0,4.0,501.0,0.07849388952014204,0.02,0.05,15.780695678740432,0.1,0.07,17367781.65578841,3170313.148093508,90956053.32799503,0.4092722589659299,90859250.8603331,内蒙古,OWNER_A_CAPTURE_PID67056,2018,17,4,5,D:\ProjectTemp\ch5-mp4c-2018-final-production-path-faithful-durable-execution-20260903-001\household_call_ledger.csv,,,,,0.13838331231905796,0.8721543280015782,16,15,,,,MISSING,MISSING,FIRM_NATIVE,MISSING,False,MISSING,FIRM_NATIVE,MISSING,False,,,,,,,,,,,CAPTURED,DESCRIPTIVE_FIRM_RANGE_ONLY,OBSERVED,True,0.058493889520142034,0.011506110479857959,False,False,False,False,False,False,False,False,MISSING,FIRM_NATIVE,MISSING,False,MISSING,FIRM_NATIVE,MISSING,False,,,,,,,,,,,CAPTURED,COMPOSITE_NO_FIRM_CLIP,True,0.02,0.09,0.8,1.3,HASH_BOUND_EXECUTED_ADAPTER_LITERALS,household_entry_old_state,,
17.0,5.0,502.0,0.08366820932271848,0.02,0.05,15.224785575575094,0.1,0.07,25302885.371209998,3157664.489304015,107009087.32562324,0.5263522152196702,106912095.7732513,辽宁,OWNER_A_CAPTURE_PID67056,2018,17,5,6,D:\ProjectTemp\ch5-mp4c-2018-final-production-path-faithful-durable-execution-20260903-001\household_call_ledger.csv,,,,,0.07632297463521798,0.9296467702524277,16,15,,,,MISSING,MISSING,FIRM_NATIVE,MISSING,False,MISSING,FIRM_NATIVE,MISSING,False,,,,,,,,,,,CAPTURED,DESCRIPTIVE_FIRM_RANGE_ONLY,OBSERVED,True,0.06366820932271848,0.0063317906772815125,False,False,False,False,False,False,False,False,MISSING,FIRM_NATIVE,MISSING,False,MISSING,FIRM_NATIVE,MISSING,False,,,,,,,,,,,CAPTURED,COMPOSITE_NO_FIRM_CLIP,True,0.02,0.09,0.8,1.3,HASH_BOUND_EXECUTED_ADAPTER_LITERALS,household_entry_old_state,,
17.0,6.0,503.0,0.08150458506614482,0.02,0.05,14.389910084531536,0.1,0.07,12109702.212749653,2958931.4596274975,83628888.52492231,0.30931324125972054,83531372.59297757,吉林,OWNER_A_CAPTURE_PID67056,2018,17,6,7,D:\ProjectTemp\ch5-mp4c-2018-final-production-path-faithful-durable-execution-20260903-001\household_call_ledger.csv,,,,,0.1023070236880023,0.9056065007349425,16,15,,,,MISSING,MISSING,FIRM_NATIVE,MISSING,False,MISSING,FIRM_NATIVE,MISSING,False,,,,,,,,,,,CAPTURED,DESCRIPTIVE_FIRM_RANGE_ONLY,OBSERVED,True,0.06150458506614481,0.00849541493385518,False,False,False,False,False,False,False,False,MISSING,FIRM_NATIVE,MISSING,False,MISSING,FIRM_NATIVE,MISSING,False,,,,,,,,,,,CAPTURED,COMPOSITE_NO_FIRM_CLIP,True,0.02,0.09,0.8,1.3,HASH_BOUND_EXECUTED_ADAPTER_LITERALS,household_entry_old_state,,
17.0,7.0,504.0,0.08462662600480349,0.02,0.05,13.359965620949012,0.1,0.07,13822684.691552868,2979072.5951208672,70610804.56859273,0.4017745985326438,70512197.50863215,黑龙江,OWNER_A_CAPTURE_PID67056,2018,17,7,8,D:\ProjectTemp\ch5-mp4c-2018-final-production-path-faithful-durable-execution-20260903-001\household_call_ledger.csv,,,,,0.06479729188901276,0.9402958444978166,16,15,,,,MISSING,MISSING,FIRM_NATIVE,MISSING,False,MISSING,FIRM_NATIVE,MISSING,False,,,,,,,,,,,CAPTURED,DESCRIPTIVE_FIRM_RANGE_ONLY,OBSERVED,True,0.06462662600480348,0.005373373995196509,False,False,False,False,False,False,False,False,MISSING,FIRM_NATIVE,MISSING,False,MISSING,FIRM_NATIVE,MISSING,False,,,,,,,,,,,CAPTURED,COMPOSITE_NO_FIRM_CLIP,True,0.02,0.09,0.8,1.3,HASH_BOUND_EXECUTED_ADAPTER_LITERALS,household_entry_old_state,,
17.0,8.0,505.0,0.08013283266621211,0.02,0.05,16.301106101745095,0.1,0.07,38756598.65811112,3174487.524204752,86228734.20555608,0.9514775441387191,86131512.79867955,上海,OWNER_A_CAPTURE_PID67056,2018,17,8,9,D:\ProjectTemp\ch5-mp4c-2018-final-production-path-faithful-durable-execution-20260903-001\household_call_ledger.csv,,,,,0.11875593934055706,0.8903648074023569,16,15,,,,MISSING,MISSING,FIRM_NATIVE,MISSING,False,MISSING,FIRM_NATIVE,MISSING,False,,,,,,,,,,,CAPTURED,DESCRIPTIVE_FIRM_RANGE_ONLY,OBSERVED,True,0.06013283266621211,0.009867167333787882,False,False,False,False,False,False,False,False,MISSING,FIRM_NATIVE,MISSING,False,MISSING,FIRM_NATIVE,MISSING,False,,,,,,,,,,,CAPTURED,COMPOSITE_NO_FIRM_CLIP,True,0.02,0.09,0.8,1.3,HASH_BOUND_EXECUTED_ADAPTER_LITERALS,household_entry_old_state,,
17.0,9.0,506.0,0.0833341125806568,0.02,0.05,16.976290517418484,0.1,0.07,99658968.37061144,3112080.3640606115,238255462.99367282,1.120448024651466,238163811.01627424,江苏,OWNER_A_CAPTURE_PID67056,2018,17,9,10,D:\ProjectTemp\ch5-mp4c-2018-final-production-path-faithful-durable-execution-20260903-001\household_call_ledger.csv,,,,,0.08033848825905156,0.92593458422952,16,15,,,,MISSING,MISSING,FIRM_NATIVE,MISSING,False,MISSING,FIRM_NATIVE,MISSING,False,,,,,,,,,,,CAPTURED,DESCRIPTIVE_FIRM_RANGE_ONLY,OBSERVED,True,0.0633341125806568,0.006665887419343194,False,False,False,False,False,False,False,False,MISSING,FIRM_NATIVE,MISSING,False,MISSING,FIRM_NATIVE,MISSING,False,,,,,,,,,,,CAPTURED,COMPOSITE_NO_FIRM_CLIP,True,0.02,0.09,0.8,1.3,HASH_BOUND_EXECUTED_ADAPTER_LITERALS,household_entry_old_state,,
17.0,10.0,507.0,0.08479528386591365,0.02,0.05,16.635826601516424,0.1,0.07,62426445.140260346,3141046.589143372,156573878.26499045,0.9688170358214094,156478315.8568543,浙江,OWNER_A_CAPTURE_PID67056,2018,17,10,11,D:\ProjectTemp\ch5-mp4c-2018-final-production-path-faithful-durable-execution-20260903-001\household_call_ledger.csv,,,,,0.06276806168696052,0.9421698207323738,16,15,,,,MISSING,MISSING,FIRM_NATIVE,MISSING,False,MISSING,FIRM_NATIVE,MISSING,False,,,,,,,,,,,CAPTURED,DESCRIPTIVE_FIRM_RANGE_ONLY,OBSERVED,True,0.06479528386591364,0.005204716134086351,False,False,False,False,False,False,False,False,MISSING,FIRM_NATIVE,MISSING,False,MISSING,FIRM_NATIVE,MISSING,False,,,,,,,,,,,CAPTURED,COMPOSITE_NO_FIRM_CLIP,True,0.02,0.09,0.8,1.3,HASH_BOUND_EXECUTED_ADAPTER_LITERALS,household_entry_old_state,,
17.0,11.0,508.0,0.09,0.02,0.05,16.87556516077057,0.1,0.07,36602965.651302986,3203071.629700273,86698503.16523764,0.8930201894115845,86597304.3683998,安徽,OWNER_A_CAPTURE_PID67056,2018,17,11,12,D:\ProjectTemp\ch5-mp4c-2018-final-production-path-faithful-durable-execution-20260903-001\household_call_ledger.csv,,,,,0.0,1.0,16,15,,,0.09,DERIVED_IDENTITY_ZERO_EXTERNAL_WEIGHT,MISSING,FIRM_NATIVE,MISSING,False,MISSING,FIRM_NATIVE,MISSING,False,,,,,,,,,,,CAPTURED,DESCRIPTIVE_FIRM_RANGE_ONLY,OBSERVED,True,0.06999999999999999,0.0,False,False,False,True,False,True,False,False,MISSING,FIRM_NATIVE,MISSING,False,MISSING,FIRM_NATIVE,MISSING,False,,,,,,,,,,,CAPTURED,COMPOSITE_NO_FIRM_CLIP,True,0.02,0.09,0.8,1.3,HASH_BOUND_EXECUTED_ADAPTER_LITERALS,household_entry_old_state,,
17.0,12.0,509.0,0.08461754866716745,0.02,0.05,16.09599639503928,0.1,0.07,38534144.58009596,3169641.4717742866,120573454.95788793,0.7303318158415228,120476666.80167207,福建,OWNER_A_CAPTURE_PID67056,2018,17,12,13,D:\ProjectTemp\ch5-mp4c-2018-final-production-path-faithful-durable-execution-20260903-001\household_call_ledger.csv,,,,,0.0649064986932153,0.9401949851907495,16,15,,,,MISSING,MISSING,FIRM_NATIVE,MISSING,False,MISSING,FIRM_NATIVE,MISSING,False,,,,,,,,,,,CAPTURED,DESCRIPTIVE_FIRM_RANGE_ONLY,OBSERVED,True,0.06461754866716744,0.00538245133283255,False,False,False,False,False,False,False,False,MISSING,FIRM_NATIVE,MISSING,False,MISSING,FIRM_NATIVE,MISSING,False,,,,,,,,,,,CAPTURED,COMPOSITE_NO_FIRM_CLIP,True,0.02,0.09,0.8,1.3,HASH_BOUND_EXECUTED_ADAPTER_LITERALS,household_entry_old_state,,
17.0,13.0,510.0,0.08837108677417899,0.02,0.05,16.558564034786066,0.1,0.07,24447524.55139589,3234712.396995827,61712055.09511088,0.7739581116691217,61611955.19808735,江西,OWNER_A_CAPTURE_PID67056,2018,17,13,14,D:\ProjectTemp\ch5-mp4c-2018-final-production-path-faithful-durable-execution-20260903-001\household_call_ledger.csv,,,,,0.019675113595976762,0.9819009641575444,16,15,,,,MISSING,MISSING,FIRM_NATIVE,MISSING,False,MISSING,FIRM_NATIVE,MISSING,False,,,,,,,,,,,CAPTURED,DESCRIPTIVE_FIRM_RANGE_ONLY,OBSERVED,True,0.06837108677417898,0.0016289132258210104,False,False,False,False,False,False,False,False,MISSING,FIRM_NATIVE,MISSING,False,MISSING,FIRM_NATIVE,MISSING,False,,,,,,,,,,,CAPTURED,COMPOSITE_NO_FIRM_CLIP,True,0.02,0.09,0.8,1.3,HASH_BOUND_EXECUTED_ADAPTER_LITERALS,household_entry_old_state,,
17.0,14.0,511.0,0.08428372577944168,0.02,0.05,17.034563854533616,0.1,0.07,71733219.85776357,3134848.0506807,250872549.0600906,0.7736712752037438,250780770.09191787,山东,OWNER_A_CAPTURE_PID67056,2018,17,14,15,D:\ProjectTemp\ch5-mp4c-2018-final-production-path-faithful-durable-execution-20260903-001\household_call_ledger.csv,,,,,0.06892202679478683,0.9364858419937966,16,15,,,,MISSING,MISSING,FIRM_NATIVE,MISSING,False,MISSING,FIRM_NATIVE,MISSING,False,,,,,,,,,,,CAPTURED,DESCRIPTIVE_FIRM_RANGE_ONLY,OBSERVED,True,0.06428372577944168,0.005716274220558315,False,False,False,False,False,False,False,False,MISSING,FIRM_NATIVE,MISSING,False,MISSING,FIRM_NATIVE,MISSING,False,,,,,,,,,,,CAPTURED,COMPOSITE_NO_FIRM_CLIP,True,0.02,0.09,0.8,1.3,HASH_BOUND_EXECUTED_ADAPTER_LITERALS,household_entry_old_state,,
17.0,15.0,512.0,0.08507757032464885,0.02,0.05,17.173014760200363,0.1,0.07,53744839.45539906,3168506.632678126,205609007.5256385,0.6743783073384464,205515014.08469385,河南,OWNER_A_CAPTURE_PID67056,2018,17,15,16,D:\ProjectTemp\ch5-mp4c-2018-final-production-path-faithful-durable-execution-20260903-001\household_call_ledger.csv,,,,,0.05937102807378291,0.9453063369405427,16,15,,,,MISSING,MISSING,FIRM_NATIVE,MISSING,False,MISSING,FIRM_NATIVE,MISSING,False,,,,,,,,,,,CAPTURED,DESCRIPTIVE_FIRM_RANGE_ONLY,OBSERVED,True,0.06507757032464885,0.004922429675351142,False,False,False,False,False,False,False,False,MISSING,FIRM_NATIVE,MISSING,False,MISSING,FIRM_NATIVE,MISSING,False,,,,,,,,,,,CAPTURED,COMPOSITE_NO_FIRM_CLIP,True,0.02,0.09,0.8,1.3,HASH_BOUND_EXECUTED_ADAPTER_LITERALS,household_entry_old_state,,
17.0,16.0,513.0,0.08668223093115598,0.02,0.05,17.045447585255065,0.1,0.07,45226092.57892573,3186391.4630219233,122518421.29871288,0.8456146151241278,122420708.70639506,湖北,OWNER_A_CAPTURE_PID67056,2018,17,16,17,D:\ProjectTemp\ch5-mp4c-2018-final-production-path-faithful-durable-execution-20260903-001\household_call_ledger.csv,,,,,0.040044697087704216,0.9631358992350666,16,15,,,,MISSING,MISSING,FIRM_NATIVE,MISSING,False,MISSING,FIRM_NATIVE,MISSING,False,,,,,,,,,,,CAPTURED,DESCRIPTIVE_FIRM_RANGE_ONLY,OBSERVED,True,0.06668223093115598,0.003317769068844012,False,False,False,False,False,False,False,False,MISSING,FIRM_NATIVE,MISSING,False,MISSING,FIRM_NATIVE,MISSING,False,,,,,,,,,,,CAPTURED,COMPOSITE_NO_FIRM_CLIP,True,0.02,0.09,0.8,1.3,HASH_BOUND_EXECUTED_ADAPTER_LITERALS,household_entry_old_state,,
17.0,17.0,514.0,0.08817290185883336,0.02,0.05,16.756708340943685,0.1,0.07,39202810.0792418,3190332.3246813915,103691999.3960659,0.8336381764401323,103593023.97412549,湖南,OWNER_A_CAPTURE_PID67056,2018,17,17,18,D:\ProjectTemp\ch5-mp4c-2018-final-production-path-faithful-durable-execution-20260903-001\household_call_ledger.csv,,,,,0.02206701218325156,0.979698909542593,16,15,,,,MISSING,MISSING,FIRM_NATIVE,MISSING,False,MISSING,FIRM_NATIVE,MISSING,False,,,,,,,,,,,CAPTURED,DESCRIPTIVE_FIRM_RANGE_ONLY,OBSERVED,True,0.06817290185883336,0.0018270981411666332,False,False,False,False,False,False,False,False,MISSING,FIRM_NATIVE,MISSING,False,MISSING,FIRM_NATIVE,MISSING,False,,,,,,,,,,,CAPTURED,COMPOSITE_NO_FIRM_CLIP,True,0.02,0.09,0.8,1.3,HASH_BOUND_EXECUTED_ADAPTER_LITERALS,household_entry_old_state,,
17.0,18.0,515.0,0.08626702044498351,0.02,0.05,16.152550582784816,0.1,0.07,104699152.60099347,3078348.092628541,250660412.6033891,1.1346380305729729,250566847.36661944,广东,OWNER_A_CAPTURE_PID67056,2018,17,18,19,D:\ProjectTemp\ch5-mp4c-2018-final-production-path-faithful-durable-execution-20260903-001\household_call_ledger.csv,,,,,0.045048029371518965,0.9585224493887057,16,15,,,,MISSING,MISSING,FIRM_NATIVE,MISSING,False,MISSING,FIRM_NATIVE,MISSING,False,,,,,,,,,,,CAPTURED,DESCRIPTIVE_FIRM_RANGE_ONLY,OBSERVED,True,0.0662670204449835,0.0037329795550164885,False,False,False,False,False,False,False,False,MISSING,FIRM_NATIVE,MISSING,False,MISSING,FIRM_NATIVE,MISSING,False,,,,,,,,,,,CAPTURED,COMPOSITE_NO_FIRM_CLIP,True,0.02,0.09,0.8,1.3,HASH_BOUND_EXECUTED_ADAPTER_LITERALS,household_entry_old_state,,
17.0,19.0,516.0,0.08698676933295832,0.02,0.05,15.383823384014693,0.1,0.07,21123748.477065366,3193822.671813212,84315041.8611035,0.5269361243663422,84216114.61328319,广西,OWNER_A_CAPTURE_PID67056,2018,17,19,20,D:\ProjectTemp\ch5-mp4c-2018-final-production-path-faithful-durable-execution-20260903-001\household_call_ledger.csv,,,,,0.03637382456647036,0.9665196592550925,16,15,,,,MISSING,MISSING,FIRM_NATIVE,MISSING,False,MISSING,FIRM_NATIVE,MISSING,False,,,,,,,,,,,CAPTURED,DESCRIPTIVE_FIRM_RANGE_ONLY,OBSERVED,True,0.06698676933295832,0.0030132306670416775,False,False,False,False,False,False,False,False,MISSING,FIRM_NATIVE,MISSING,False,MISSING,FIRM_NATIVE,MISSING,False,,,,,,,,,,,CAPTURED,COMPOSITE_NO_FIRM_CLIP,True,0.02,0.09,0.8,1.3,HASH_BOUND_EXECUTED_ADAPTER_LITERALS,household_entry_old_state,,
17.0,20.0,517.0,0.0876841728940392,0.02,0.05,14.460615345132272,0.1,0.07,5282746.451263105,2965868.520597446,16093350.257854756,0.4819942023686583,15992517.372799197,海南,OWNER_A_CAPTURE_PID67056,2018,17,20,21,D:\ProjectTemp\ch5-mp4c-2018-final-production-path-faithful-durable-execution-20260903-001\household_call_ledger.csv,,,,,0.027963724364002344,0.9742685877115467,16,15,,,,MISSING,MISSING,FIRM_NATIVE,MISSING,False,MISSING,FIRM_NATIVE,MISSING,False,,,,,,,,,,,CAPTURED,DESCRIPTIVE_FIRM_RANGE_ONLY,OBSERVED,True,0.06768417289403919,0.002315827105960802,False,False,False,False,False,False,False,False,MISSING,FIRM_NATIVE,MISSING,False,MISSING,FIRM_NATIVE,MISSING,False,,,,,,,,,,,CAPTURED,COMPOSITE_NO_FIRM_CLIP,True,0.02,0.09,0.8,1.3,HASH_BOUND_EXECUTED_ADAPTER_LITERALS,household_entry_old_state,,
17.0,21.0,518.0,0.08588193688914225,0.02,0.05,16.280066551840743,0.1,0.07,21914315.526101578,3222042.485772505,62760827.684039526,0.6853955256131734,62661640.516252376,重庆,OWNER_A_CAPTURE_PID67056,2018,17,21,22,D:\ProjectTemp\ch5-mp4c-2018-final-production-path-faithful-durable-execution-20260903-001\household_call_ledger.csv,,,,,0.049686711943930977,0.9542437432126918,16,15,,,,MISSING,MISSING,FIRM_NATIVE,MISSING,False,MISSING,FIRM_NATIVE,MISSING,False,,,,,,,,,,,CAPTURED,DESCRIPTIVE_FIRM_RANGE_ONLY,OBSERVED,True,0.06588193688914225,0.004118063110857745,False,False,False,False,False,False,False,False,MISSING,FIRM_NATIVE,MISSING,False,MISSING,FIRM_NATIVE,MISSING,False,,,,,,,,,,,CAPTURED,COMPOSITE_NO_FIRM_CLIP,True,0.02,0.09,0.8,1.3,HASH_BOUND_EXECUTED_ADAPTER_LITERALS,household_entry_old_state,,
17.0,22.0,519.0,0.08910758620231143,0.02,0.05,16.30034142357306,0.1,0.07,46172404.58929251,3140809.8056376586,110960359.92327808,0.9350748148944196,110860687.97206636,四川,OWNER_A_CAPTURE_PID67056,2018,17,22,23,D:\ProjectTemp\ch5-mp4c-2018-final-production-path-faithful-durable-execution-20260903-001\household_call_ledger.csv,,,,,0.010782650770128166,0.9900842911367937,16,15,,,,MISSING,MISSING,FIRM_NATIVE,MISSING,False,MISSING,FIRM_NATIVE,MISSING,False,,,,,,,,,,,CAPTURED,DESCRIPTIVE_FIRM_RANGE_ONLY,OBSERVED,True,0.06910758620231143,0.0008924137976885627,False,False,False,False,False,False,False,False,MISSING,FIRM_NATIVE,MISSING,False,MISSING,FIRM_NATIVE,MISSING,False,,,,,,,,,,,CAPTURED,COMPOSITE_NO_FIRM_CLIP,True,0.02,0.09,0.8,1.3,HASH_BOUND_EXECUTED_ADAPTER_LITERALS,household_entry_old_state,,
17.0,23.0,520.0,0.08816773540648017,0.02,0.05,15.87029112421087,0.1,0.07,16517547.86704944,3172459.2969488585,52402142.13955237,0.5959842320797523,52301960.00426453,贵州,OWNER_A_CAPTURE_PID67056,2018,17,23,24,D:\ProjectTemp\ch5-mp4c-2018-final-production-path-faithful-durable-execution-20260903-001\household_call_ledger.csv,,,,,0.02212936068262254,0.9796415045164464,16,15,,,,MISSING,MISSING,FIRM_NATIVE,MISSING,False,MISSING,FIRM_NATIVE,MISSING,False,,,,,,,,,,,CAPTURED,DESCRIPTIVE_FIRM_RANGE_ONLY,OBSERVED,True,0.06816773540648016,0.0018322645935198306,False,False,False,False,False,False,False,False,MISSING,FIRM_NATIVE,MISSING,False,MISSING,FIRM_NATIVE,MISSING,False,,,,,,,,,,,CAPTURED,COMPOSITE_NO_FIRM_CLIP,True,0.02,0.09,0.8,1.3,HASH_BOUND_EXECUTED_ADAPTER_LITERALS,household_entry_old_state,,
17.0,24.0,521.0,0.0875511111690813,0.02,0.05,15.180593072679445,0.1,0.07,22471969.739283763,3169827.3761678347,85932805.25079529,0.5533409976834875,85833641.10972586,云南,OWNER_A_CAPTURE_PID67056,2018,17,24,25,D:\ProjectTemp\ch5-mp4c-2018-final-production-path-faithful-durable-execution-20260903-001\household_call_ledger.csv,,,,,0.029568731957169938,0.9727901241009035,16,15,,,,MISSING,MISSING,FIRM_NATIVE,MISSING,False,MISSING,FIRM_NATIVE,MISSING,False,,,,,,,,,,,CAPTURED,DESCRIPTIVE_FIRM_RANGE_ONLY,OBSERVED,True,0.0675511111690813,0.0024488888309186913,False,False,False,False,False,False,False,False,MISSING,FIRM_NATIVE,MISSING,False,MISSING,FIRM_NATIVE,MISSING,False,,,,,,,,,,,CAPTURED,COMPOSITE_NO_FIRM_CLIP,True,0.02,0.09,0.8,1.3,HASH_BOUND_EXECUTED_ADAPTER_LITERALS,household_entry_old_state,,
17.0,25.0,522.0,0.06628257775181406,0.02,0.05,12.886333325070725,0.1,0.07,1589025.015797094,2919159.583591112,9692380.524717806,0.21531593541728583,9591726.184098162,西藏,OWNER_A_CAPTURE_PID67056,2018,17,25,26,D:\ProjectTemp\ch5-mp4c-2018-final-production-path-faithful-durable-execution-20260903-001\household_call_ledger.csv,,,,,0.2837596352791583,0.7364730861312674,16,15,,,,MISSING,MISSING,FIRM_NATIVE,MISSING,False,MISSING,FIRM_NATIVE,MISSING,False,,,,,,,,,,,CAPTURED,DESCRIPTIVE_FIRM_RANGE_ONLY,OBSERVED,True,0.04628257775181406,0.023717422248185932,False,False,False,False,False,False,False,False,MISSING,FIRM_NATIVE,MISSING,False,MISSING,FIRM_NATIVE,MISSING,False,,,,,,,,,,,CAPTURED,COMPOSITE_NO_FIRM_CLIP,False,0.02,0.09,0.8,1.3,HASH_BOUND_EXECUTED_ADAPTER_LITERALS,household_entry_old_state,,
17.0,26.0,523.0,0.08576523383998451,0.02,0.05,16.699577128512633,0.1,0.07,25766395.876440763,3220918.346832541,80738502.06615421,0.6633703364001555,80639928.37186684,陕西,OWNER_A_CAPTURE_PID67056,2018,17,26,27,D:\ProjectTemp\ch5-mp4c-2018-final-production-path-faithful-durable-execution-20260903-001\household_call_ledger.csv,,,,,0.05109219959757891,0.9529470426664945,16,15,,,,MISSING,MISSING,FIRM_NATIVE,MISSING,False,MISSING,FIRM_NATIVE,MISSING,False,,,,,,,,,,,CAPTURED,DESCRIPTIVE_FIRM_RANGE_ONLY,OBSERVED,True,0.0657652338399845,0.004234766160015488,False,False,False,False,False,False,False,False,MISSING,FIRM_NATIVE,MISSING,False,MISSING,FIRM_NATIVE,MISSING,False,,,,,,,,,,,CAPTURED,COMPOSITE_NO_FIRM_CLIP,True,0.02,0.09,0.8,1.3,HASH_BOUND_EXECUTED_ADAPTER_LITERALS,household_entry_old_state,,
17.0,27.0,524.0,0.08948997674836623,0.02,0.05,15.673041354649051,0.1,0.07,8872859.49724378,2962252.9295262066,29476234.496914618,0.5072674437160518,29375236.508669063,甘肃,OWNER_A_CAPTURE_PID67056,2018,17,27,28,D:\ProjectTemp\ch5-mp4c-2018-final-production-path-faithful-durable-execution-20260903-001\household_call_ledger.csv,,,,,0.006163422815411727,0.9943330749818472,16,15,,,,MISSING,MISSING,FIRM_NATIVE,MISSING,False,MISSING,FIRM_NATIVE,MISSING,False,,,,,,,,,,,CAPTURED,DESCRIPTIVE_FIRM_RANGE_ONLY,OBSERVED,True,0.06948997674836623,0.0005100232516337677,False,False,False,False,False,False,False,False,MISSING,FIRM_NATIVE,MISSING,False,MISSING,FIRM_NATIVE,MISSING,False,,,,,,,,,,,CAPTURED,COMPOSITE_NO_FIRM_CLIP,True,0.02,0.09,0.8,1.3,HASH_BOUND_EXECUTED_ADAPTER_LITERALS,household_entry_old_state,,
17.0,28.0,525.0,0.08000982501437538,0.02,0.05,14.2297236327512,0.1,0.07,2956528.1289154147,2960247.4139430737,20888094.610733774,0.22060851270838355,20787862.978935365,青海,OWNER_A_CAPTURE_PID67056,2018,17,28,29,D:\ProjectTemp\ch5-mp4c-2018-final-production-path-faithful-durable-execution-20260903-001\household_call_ledger.csv,,,,,0.12022999455338848,0.888998055715282,16,15,,,,MISSING,MISSING,FIRM_NATIVE,MISSING,False,MISSING,FIRM_NATIVE,MISSING,False,,,,,,,,,,,CAPTURED,DESCRIPTIVE_FIRM_RANGE_ONLY,OBSERVED,True,0.06000982501437538,0.009990174985624614,False,False,False,False,False,False,False,False,MISSING,FIRM_NATIVE,MISSING,False,MISSING,FIRM_NATIVE,MISSING,False,,,,,,,,,,,CAPTURED,COMPOSITE_NO_FIRM_CLIP,True,0.02,0.09,0.8,1.3,HASH_BOUND_EXECUTED_ADAPTER_LITERALS,household_entry_old_state,,
17.0,29.0,526.0,0.07977292142174992,0.02,0.05,15.701058285817387,0.1,0.07,3776680.0891233194,3018908.2417170317,22232461.03789072,0.26734919803642754,22132296.706993483,宁夏,OWNER_A_CAPTURE_PID67056,2018,17,29,30,D:\ProjectTemp\ch5-mp4c-2018-final-production-path-faithful-durable-execution-20260903-001\household_call_ledger.csv,,,,,0.1230684752371874,0.8863657935749993,16,15,,,,MISSING,MISSING,FIRM_NATIVE,MISSING,False,MISSING,FIRM_NATIVE,MISSING,False,,,,,,,,,,,CAPTURED,DESCRIPTIVE_FIRM_RANGE_ONLY,OBSERVED,True,0.05977292142174992,0.010227078578250073,False,False,False,False,False,False,False,False,MISSING,FIRM_NATIVE,MISSING,False,MISSING,FIRM_NATIVE,MISSING,False,,,,,,,,,,,CAPTURED,COMPOSITE_NO_FIRM_CLIP,True,0.02,0.09,0.8,1.3,HASH_BOUND_EXECUTED_ADAPTER_LITERALS,household_entry_old_state,,
17.0,30.0,527.0,0.06491054641571962,0.02,0.05,12.216468712080706,0.1,0.07,13125219.809587764,2897869.6608531876,56463621.77703927,0.4563204813837133,56365720.27139215,新疆,OWNER_A_CAPTURE_PID67056,2018,17,30,31,D:\ProjectTemp\ch5-mp4c-2018-final-production-path-faithful-durable-execution-20260903-001\household_call_ledger.csv,,,,,0.3,0.7212282935079958,16,15,,,,MISSING,MISSING,FIRM_NATIVE,MISSING,False,MISSING,FIRM_NATIVE,MISSING,False,,,,,,,,,,,CAPTURED,DESCRIPTIVE_FIRM_RANGE_ONLY,OBSERVED,True,0.04491054641571962,0.025089453584280372,False,False,False,False,False,False,False,False,MISSING,FIRM_NATIVE,MISSING,False,MISSING,FIRM_NATIVE,MISSING,False,,,,,,,,,,,CAPTURED,COMPOSITE_NO_FIRM_CLIP,False,0.02,0.09,0.8,1.3,HASH_BOUND_EXECUTED_ADAPTER_LITERALS,household_entry_old_state,,
18.0,0.0,528.0,0.07992571360502357,0.02,0.05,16.348500159102116,0.1,0.07,32629745.694907896,3178619.0650467495,78651530.76461932,0.798960872075503,86412731.09846467,北京,OWNER_A_CAPTURE_PID67056,2018,18,0,1,D:\ProjectTemp\ch5-mp4c-2018-final-production-path-faithful-durable-execution-20260903-001\household_call_ledger.csv,,,,,0.12116569491184198,0.8881303942987903,17,16,,,,MISSING,MISSING,FIRM_NATIVE,MISSING,False,MISSING,FIRM_NATIVE,MISSING,False,,,,,,,,,,,CAPTURED,DESCRIPTIVE_FIRM_RANGE_ONLY,OBSERVED,True,0.059925713605023564,0.010074286394976428,False,False,False,False,False,False,False,False,MISSING,FIRM_NATIVE,MISSING,False,MISSING,FIRM_NATIVE,MISSING,False,,,,,,,,,,,CAPTURED,COMPOSITE_NO_FIRM_CLIP,True,0.02,0.09,0.8,1.3,HASH_BOUND_EXECUTED_ADAPTER_LITERALS,household_entry_old_state,,
18.0,1.0,529.0,0.07347709862007815,0.02,0.05,16.152243069002903,0.1,0.07,14377918.874405582,3102035.550071588,81945472.02538687,0.343030662824802,90036814.95456378,天津,OWNER_A_CAPTURE_PID67056,2018,18,1,2,D:\ProjectTemp\ch5-mp4c-2018-final-production-path-faithful-durable-execution-20260903-001\household_call_ledger.csv,,,,,0.19817398532280342,0.816521642002073,17,16,,,,MISSING,MISSING,FIRM_NATIVE,MISSING,False,MISSING,FIRM_NATIVE,MISSING,False,,,,,,,,,,,CAPTURED,DESCRIPTIVE_FIRM_RANGE_ONLY,OBSERVED,True,0.05347709862007814,0.01652290137992185,False,False,False,False,False,False,False,False,MISSING,FIRM_NATIVE,MISSING,False,MISSING,FIRM_NATIVE,MISSING,False,,,,,,,,,,,CAPTURED,COMPOSITE_NO_FIRM_CLIP,True,0.02,0.09,0.8,1.3,HASH_BOUND_EXECUTED_ADAPTER_LITERALS,household_entry_old_state,,
18.0,2.0,530.0,0.0866484341838197,0.02,0.05,16.702155747572352,0.1,0.07,34972358.5809988,3189653.6865357882,144159312.30596837,0.5356700755227143,158471815.2093625,河北,OWNER_A_CAPTURE_PID67056,2018,18,2,3,D:\ProjectTemp\ch5-mp4c-2018-final-production-path-faithful-durable-execution-20260903-001\household_call_ledger.csv,,,,,0.04042780400496038,0.9627827047548705,17,16,,,,MISSING,MISSING,FIRM_NATIVE,MISSING,False,MISSING,FIRM_NATIVE,MISSING,False,,,,,,,,,,,CAPTURED,DESCRIPTIVE_FIRM_RANGE_ONLY,OBSERVED,True,0.0666484341838197,0.003351565816180291,False,False,False,False,False,False,False,False,MISSING,FIRM_NATIVE,MISSING,False,MISSING,FIRM_NATIVE,MISSING,False,,,,,,,,,,,CAPTURED,COMPOSITE_NO_FIRM_CLIP,True,0.02,0.09,0.8,1.3,HASH_BOUND_EXECUTED_ADAPTER_LITERALS,household_entry_old_state,,
18.0,3.0,531.0,0.08680551828240733,0.02,0.05,16.47256419132283,0.1,0.07,17168069.37940316,3203985.01842651,60298550.37676789,0.5154464317699704,66222282.94011166,山西,OWNER_A_CAPTURE_PID67056,2018,18,3,4,D:\ProjectTemp\ch5-mp4c-2018-final-production-path-faithful-durable-execution-20260903-001\household_call_ledger.csv,,,,,0.0385356371748285,0.9645270387407204,17,16,,,,MISSING,MISSING,FIRM_NATIVE,MISSING,False,MISSING,FIRM_NATIVE,MISSING,False,,,,,,,,,,,CAPTURED,DESCRIPTIVE_FIRM_RANGE_ONLY,OBSERVED,True,0.06680551828240733,0.003194481717592665,False,False,False,False,False,False,False,False,MISSING,FIRM_NATIVE,MISSING,False,MISSING,FIRM_NATIVE,MISSING,False,,,,,,,,,,,CAPTURED,COMPOSITE_NO_FIRM_CLIP,True,0.02,0.09,0.8,1.3,HASH_BOUND_EXECUTED_ADAPTER_LITERALS,household_entry_old_state,,
18.0,4.0,532.0,0.07848701193024474,0.02,0.05,15.773501031270772,0.1,0.07,17366793.708036236,3169880.451719778,90953007.25268328,0.3803790968951342,99945175.94636641,内蒙古,OWNER_A_CAPTURE_PID67056,2018,18,4,5,D:\ProjectTemp\ch5-mp4c-2018-final-production-path-faithful-durable-execution-20260903-001\household_call_ledger.csv,,,,,0.13838331231905796,0.8721543280015782,17,16,,,,MISSING,MISSING,FIRM_NATIVE,MISSING,False,MISSING,FIRM_NATIVE,MISSING,False,,,,,,,,,,,CAPTURED,DESCRIPTIVE_FIRM_RANGE_ONLY,OBSERVED,True,0.058487011930244734,0.011512988069755259,False,False,False,False,False,False,False,False,MISSING,FIRM_NATIVE,MISSING,False,MISSING,FIRM_NATIVE,MISSING,False,,,,,,,,,,,CAPTURED,COMPOSITE_NO_FIRM_CLIP,True,0.02,0.09,0.8,1.3,HASH_BOUND_EXECUTED_ADAPTER_LITERALS,household_entry_old_state,,
18.0,5.0,533.0,0.08366441610437093,0.02,0.05,15.217865983047123,0.1,0.07,25302438.681506537,3157724.9162332644,107006041.25170359,0.4890755358283609,117603305.35057643,辽宁,OWNER_A_CAPTURE_PID67056,2018,18,5,6,D:\ProjectTemp\ch5-mp4c-2018-final-production-path-faithful-durable-execution-20260903-001\household_call_ledger.csv,,,,,0.07632297463521798,0.9296467702524277,17,16,,,,MISSING,MISSING,FIRM_NATIVE,MISSING,False,MISSING,FIRM_NATIVE,MISSING,False,,,,,,,,,,,CAPTURED,DESCRIPTIVE_FIRM_RANGE_ONLY,OBSERVED,True,0.06366441610437093,0.006335583895629063,False,False,False,False,False,False,False,False,MISSING,FIRM_NATIVE,MISSING,False,MISSING,FIRM_NATIVE,MISSING,False,,,,,,,,,,,CAPTURED,COMPOSITE_NO_FIRM_CLIP,True,0.02,0.09,0.8,1.3,HASH_BOUND_EXECUTED_ADAPTER_LITERALS,household_entry_old_state,,
18.0,6.0,534.0,0.07668543017212189,0.02,0.05,14.383414624599142,0.1,0.07,12108904.03753156,2958439.5512381587,83625842.45129314,0.2874704793127305,91884509.85227533,吉林,OWNER_A_CAPTURE_PID67056,2018,18,6,7,D:\ProjectTemp\ch5-mp4c-2018-final-production-path-faithful-durable-execution-20260903-001\household_call_ledger.csv,,,,,0.1023070236880023,0.9056065007349425,17,16,,,,MISSING,MISSING,FIRM_NATIVE,MISSING,False,MISSING,FIRM_NATIVE,MISSING,False,,,,,,,,,,,CAPTURED,DESCRIPTIVE_FIRM_RANGE_ONLY,OBSERVED,True,0.05668543017212188,0.013314569827878112,False,False,False,False,False,False,False,False,MISSING,FIRM_NATIVE,MISSING,False,MISSING,FIRM_NATIVE,MISSING,False,,,,,,,,,,,CAPTURED,COMPOSITE_NO_FIRM_CLIP,True,0.02,0.09,0.8,1.3,HASH_BOUND_EXECUTED_ADAPTER_LITERALS,household_entry_old_state,,
18.0,7.0,535.0,0.08462340560783076,0.02,0.05,13.353776506299127,0.1,0.07,13821802.741798429,2978673.041348519,70607758.49876682,0.3734243265128549,77563417.25949538,黑龙江,OWNER_A_CAPTURE_PID67056,2018,18,7,8,D:\ProjectTemp\ch5-mp4c-2018-final-production-path-faithful-durable-execution-20260903-001\household_call_ledger.csv,,,,,0.06479729188901276,0.9402958444978166,17,16,,,,MISSING,MISSING,FIRM_NATIVE,MISSING,False,MISSING,FIRM_NATIVE,MISSING,False,,,,,,,,,,,CAPTURED,DESCRIPTIVE_FIRM_RANGE_ONLY,OBSERVED,True,0.06462340560783075,0.00537659439216924,False,False,False,False,False,False,False,False,MISSING,FIRM_NATIVE,MISSING,False,MISSING,FIRM_NATIVE,MISSING,False,,,,,,,,,,,CAPTURED,COMPOSITE_NO_FIRM_CLIP,True,0.02,0.09,0.8,1.3,HASH_BOUND_EXECUTED_ADAPTER_LITERALS,household_entry_old_state,,
18.0,8.0,536.0,0.08012693054813902,0.02,0.05,16.294417863833996,0.1,0.07,38755522.537813924,3174481.0370433847,86225688.13466646,0.8841175607975263,94744664.07854751,上海,OWNER_A_CAPTURE_PID67056,2018,18,8,9,D:\ProjectTemp\ch5-mp4c-2018-final-production-path-faithful-durable-execution-20260903-001\household_call_ledger.csv,,,,,0.11875593934055706,0.8903648074023569,17,16,,,,MISSING,MISSING,FIRM_NATIVE,MISSING,False,MISSING,FIRM_NATIVE,MISSING,False,,,,,,,,,,,CAPTURED,DESCRIPTIVE_FIRM_RANGE_ONLY,OBSERVED,True,0.060126930548139015,0.009873069451860977,False,False,False,False,False,False,False,False,MISSING,FIRM_NATIVE,MISSING,False,MISSING,FIRM_NATIVE,MISSING,False,,,,,,,,,,,CAPTURED,COMPOSITE_NO_FIRM_CLIP,True,0.02,0.09,0.8,1.3,HASH_BOUND_EXECUTED_ADAPTER_LITERALS,household_entry_old_state,,
18.0,9.0,537.0,0.08333011979304422,0.02,0.05,16.96930598864516,0.1,0.07,99658061.07586317,3112091.0113733183,238252416.90798417,1.041043061662975,261980192.11790168,江苏,OWNER_A_CAPTURE_PID67056,2018,18,9,10,D:\ProjectTemp\ch5-mp4c-2018-final-production-path-faithful-durable-execution-20260903-001\household_call_ledger.csv,,,,,0.08033848825905156,0.92593458422952,17,16,,,,MISSING,MISSING,FIRM_NATIVE,MISSING,False,MISSING,FIRM_NATIVE,MISSING,False,,,,,,,,,,,CAPTURED,DESCRIPTIVE_FIRM_RANGE_ONLY,OBSERVED,True,0.06333011979304422,0.006669880206955775,False,False,False,False,False,False,False,False,MISSING,FIRM_NATIVE,MISSING,False,MISSING,FIRM_NATIVE,MISSING,False,,,,,,,,,,,CAPTURED,COMPOSITE_NO_FIRM_CLIP,True,0.02,0.09,0.8,1.3,HASH_BOUND_EXECUTED_ADAPTER_LITERALS,household_entry_old_state,,
18.0,10.0,538.0,0.0847921643207915,0.02,0.05,16.629057914244328,0.1,0.07,62425413.54988036,3141025.9960852307,156570832.19073144,0.9001804925668958,172126147.44253972,浙江,OWNER_A_CAPTURE_PID67056,2018,18,10,11,D:\ProjectTemp\ch5-mp4c-2018-final-production-path-faithful-durable-execution-20260903-001\household_call_ledger.csv,,,,,0.06276806168696052,0.9421698207323738,17,16,,,,MISSING,MISSING,FIRM_NATIVE,MISSING,False,MISSING,FIRM_NATIVE,MISSING,False,,,,,,,,,,,CAPTURED,DESCRIPTIVE_FIRM_RANGE_ONLY,OBSERVED,True,0.06479216432079149,0.005207835679208503,False,False,False,False,False,False,False,False,MISSING,FIRM_NATIVE,MISSING,False,MISSING,FIRM_NATIVE,MISSING,False,,,,,,,,,,,CAPTURED,COMPOSITE_NO_FIRM_CLIP,True,0.02,0.09,0.8,1.3,HASH_BOUND_EXECUTED_ADAPTER_LITERALS,household_entry_old_state,,
18.0,11.0,539.0,0.09,0.02,0.05,16.868549636005167,0.1,0.07,36602017.82050483,3203089.38503916,86695457.10639273,0.8298020464119165,95257034.80523978,安徽,OWNER_A_CAPTURE_PID67056,2018,18,11,12,D:\ProjectTemp\ch5-mp4c-2018-final-production-path-faithful-durable-execution-20260903-001\household_call_ledger.csv,,,,,0.0,1.0,17,16,,,0.09,DERIVED_IDENTITY_ZERO_EXTERNAL_WEIGHT,MISSING,FIRM_NATIVE,MISSING,False,MISSING,FIRM_NATIVE,MISSING,False,,,,,,,,,,,CAPTURED,DESCRIPTIVE_FIRM_RANGE_ONLY,OBSERVED,True,0.06999999999999999,0.0,False,False,False,True,False,True,False,False,MISSING,FIRM_NATIVE,MISSING,False,MISSING,FIRM_NATIVE,MISSING,False,,,,,,,,,,,CAPTURED,COMPOSITE_NO_FIRM_CLIP,True,0.02,0.09,0.8,1.3,HASH_BOUND_EXECUTED_ADAPTER_LITERALS,household_entry_old_state,,
18.0,12.0,540.0,0.08461432284266447,0.02,0.05,16.08954416805738,0.1,0.07,38533130.39220695,3169546.6600077916,120570408.8872772,0.6786064169069153,132524333.48183928,福建,OWNER_A_CAPTURE_PID67056,2018,18,12,13,D:\ProjectTemp\ch5-mp4c-2018-final-production-path-faithful-durable-execution-20260903-001\household_call_ledger.csv,,,,,0.0649064986932153,0.9401949851907495,17,16,,,,MISSING,MISSING,FIRM_NATIVE,MISSING,False,MISSING,FIRM_NATIVE,MISSING,False,,,,,,,,,,,CAPTURED,DESCRIPTIVE_FIRM_RANGE_ONLY,OBSERVED,True,0.06461432284266447,0.005385677157335525,False,False,False,False,False,False,False,False,MISSING,FIRM_NATIVE,MISSING,False,MISSING,FIRM_NATIVE,MISSING,False,,,,,,,,,,,CAPTURED,COMPOSITE_NO_FIRM_CLIP,True,0.02,0.09,0.8,1.3,HASH_BOUND_EXECUTED_ADAPTER_LITERALS,household_entry_old_state,,
18.0,13.0,541.0,0.08837010892966704,0.02,0.05,16.551802469896465,0.1,0.07,24446416.501119405,3234609.314430682,61709014.04220317,0.7192058771469576,67773150.71789609,江西,OWNER_A_CAPTURE_PID67056,2018,18,13,14,D:\ProjectTemp\ch5-mp4c-2018-final-production-path-faithful-durable-execution-20260903-001\household_call_ledger.csv,,,,,0.019675113595976762,0.9819009641575444,17,16,,,,MISSING,MISSING,FIRM_NATIVE,MISSING,False,MISSING,FIRM_NATIVE,MISSING,False,,,,,,,,,,,CAPTURED,DESCRIPTIVE_FIRM_RANGE_ONLY,OBSERVED,True,0.06837010892966704,0.001629891070332956,False,False,False,False,False,False,False,False,MISSING,FIRM_NATIVE,MISSING,False,MISSING,FIRM_NATIVE,MISSING,False,,,,,,,,,,,CAPTURED,COMPOSITE_NO_FIRM_CLIP,True,0.02,0.09,0.8,1.3,HASH_BOUND_EXECUTED_ADAPTER_LITERALS,household_entry_old_state,,
18.0,14.0,542.0,0.08428030038495414,0.02,0.05,17.027104608175556,0.1,0.07,71732755.81788337,3134888.28568092,250869502.97318083,0.7188391921634952,275858847.1011097,山东,OWNER_A_CAPTURE_PID67056,2018,18,14,15,D:\ProjectTemp\ch5-mp4c-2018-final-production-path-faithful-durable-execution-20260903-001\household_call_ledger.csv,,,,,0.06892202679478683,0.9364858419937966,17,16,,,,MISSING,MISSING,FIRM_NATIVE,MISSING,False,MISSING,FIRM_NATIVE,MISSING,False,,,,,,,,,,,CAPTURED,DESCRIPTIVE_FIRM_RANGE_ONLY,OBSERVED,True,0.06428030038495414,0.005719699615045856,False,False,False,False,False,False,False,False,MISSING,FIRM_NATIVE,MISSING,False,MISSING,FIRM_NATIVE,MISSING,False,,,,,,,,,,,CAPTURED,COMPOSITE_NO_FIRM_CLIP,True,0.02,0.09,0.8,1.3,HASH_BOUND_EXECUTED_ADAPTER_LITERALS,household_entry_old_state,,
18.0,15.0,543.0,0.0850746196106066,0.02,0.05,17.165542637346054,0.1,0.07,53744272.536525674,3168519.210448445,205605961.44649982,0.6265911906154328,226066515.49316326,河南,OWNER_A_CAPTURE_PID67056,2018,18,15,16,D:\ProjectTemp\ch5-mp4c-2018-final-production-path-faithful-durable-execution-20260903-001\household_call_ledger.csv,,,,,0.05937102807378291,0.9453063369405427,17,16,,,,MISSING,MISSING,FIRM_NATIVE,MISSING,False,MISSING,FIRM_NATIVE,MISSING,False,,,,,,,,,,,CAPTURED,DESCRIPTIVE_FIRM_RANGE_ONLY,OBSERVED,True,0.0650746196106066,0.0049253803893933995,False,False,False,False,False,False,False,False,MISSING,FIRM_NATIVE,MISSING,False,MISSING,FIRM_NATIVE,MISSING,False,,,,,,,,,,,CAPTURED,COMPOSITE_NO_FIRM_CLIP,True,0.02,0.09,0.8,1.3,HASH_BOUND_EXECUTED_ADAPTER_LITERALS,household_entry_old_state,,
18.0,16.0,544.0,0.08668024072728302,0.02,0.05,17.038344740450775,0.1,0.07,45225604.426259056,3186285.752065701,122517904.79364221,0.7857136577125157,134662779.57703456,湖北,OWNER_A_CAPTURE_PID67056,2018,18,16,17,D:\ProjectTemp\ch5-mp4c-2018-final-production-path-faithful-durable-execution-20260903-001\household_call_ledger.csv,,,,,0.040044697087704216,0.9631358992350666,17,16,,,,MISSING,MISSING,FIRM_NATIVE,MISSING,False,MISSING,FIRM_NATIVE,MISSING,False,,,,,,,,,,,CAPTURED,DESCRIPTIVE_FIRM_RANGE_ONLY,OBSERVED,True,0.06668024072728301,0.0033197592727169795,False,False,False,False,False,False,False,False,MISSING,FIRM_NATIVE,MISSING,False,MISSING,FIRM_NATIVE,MISSING,False,,,,,,,,,,,CAPTURED,COMPOSITE_NO_FIRM_CLIP,True,0.02,0.09,0.8,1.3,HASH_BOUND_EXECUTED_ADAPTER_LITERALS,household_entry_old_state,,
18.0,17.0,545.0,0.08817180513801123,0.02,0.05,16.74976502511123,0.1,0.07,39201565.29096558,3190182.592774544,103689169.52042875,0.7746099062428916,113952326.37153804,湖南,OWNER_A_CAPTURE_PID67056,2018,18,17,18,D:\ProjectTemp\ch5-mp4c-2018-final-production-path-faithful-durable-execution-20260903-001\household_call_ledger.csv,,,,,0.02206701218325156,0.979698909542593,17,16,,,,MISSING,MISSING,FIRM_NATIVE,MISSING,False,MISSING,FIRM_NATIVE,MISSING,False,,,,,,,,,,,CAPTURED,DESCRIPTIVE_FIRM_RANGE_ONLY,OBSERVED,True,0.06817180513801123,0.0018281948619887634,False,False,False,False,False,False,False,False,MISSING,FIRM_NATIVE,MISSING,False,MISSING,FIRM_NATIVE,MISSING,False,,,,,,,,,,,CAPTURED,COMPOSITE_NO_FIRM_CLIP,True,0.02,0.09,0.8,1.3,HASH_BOUND_EXECUTED_ADAPTER_LITERALS,household_entry_old_state,,
18.0,18.0,546.0,0.08626478157769159,0.02,0.05,16.14605367750688,0.1,0.07,104697332.2386864,3078239.742739074,250657366.52540928,1.054229893075979,275623532.1032814,广东,OWNER_A_CAPTURE_PID67056,2018,18,18,19,D:\ProjectTemp\ch5-mp4c-2018-final-production-path-faithful-durable-execution-20260903-001\household_call_ledger.csv,,,,,0.045048029371518965,0.9585224493887057,17,16,,,,MISSING,MISSING,FIRM_NATIVE,MISSING,False,MISSING,FIRM_NATIVE,MISSING,False,,,,,,,,,,,CAPTURED,DESCRIPTIVE_FIRM_RANGE_ONLY,OBSERVED,True,0.06626478157769158,0.003735218422308409,False,False,False,False,False,False,False,False,MISSING,FIRM_NATIVE,MISSING,False,MISSING,FIRM_NATIVE,MISSING,False,,,,,,,,,,,CAPTURED,COMPOSITE_NO_FIRM_CLIP,True,0.02,0.09,0.8,1.3,HASH_BOUND_EXECUTED_ADAPTER_LITERALS,household_entry_old_state,,
18.0,19.0,547.0,0.08698496156983883,0.02,0.05,15.377439474563605,0.1,0.07,21123056.070158992,3193754.3740520966,84311995.7964289,0.4896356898758677,92637726.07461151,广西,OWNER_A_CAPTURE_PID67056,2018,18,19,20,D:\ProjectTemp\ch5-mp4c-2018-final-production-path-faithful-durable-execution-20260903-001\household_call_ledger.csv,,,,,0.03637382456647036,0.9665196592550925,17,16,,,,MISSING,MISSING,FIRM_NATIVE,MISSING,False,MISSING,FIRM_NATIVE,MISSING,False,,,,,,,,,,,CAPTURED,DESCRIPTIVE_FIRM_RANGE_ONLY,OBSERVED,True,0.06698496156983882,0.0030150384301611682,False,False,False,False,False,False,False,False,MISSING,FIRM_NATIVE,MISSING,False,MISSING,FIRM_NATIVE,MISSING,False,,,,,,,,,,,CAPTURED,COMPOSITE_NO_FIRM_CLIP,True,0.02,0.09,0.8,1.3,HASH_BOUND_EXECUTED_ADAPTER_LITERALS,household_entry_old_state,,
18.0,20.0,548.0,0.08768278310920927,0.02,0.05,14.454828696967013,0.1,0.07,5281942.733802883,2965792.08137517,16090304.198069694,0.44811620059455165,17591769.110079117,海南,OWNER_A_CAPTURE_PID67056,2018,18,20,21,D:\ProjectTemp\ch5-mp4c-2018-final-production-path-faithful-durable-execution-20260903-001\household_call_ledger.csv,,,,,0.027963724364002344,0.9742685877115467,17,16,,,,MISSING,MISSING,FIRM_NATIVE,MISSING,False,MISSING,FIRM_NATIVE,MISSING,False,,,,,,,,,,,CAPTURED,DESCRIPTIVE_FIRM_RANGE_ONLY,OBSERVED,True,0.06768278310920926,0.00231721689079073,False,False,False,False,False,False,False,False,MISSING,FIRM_NATIVE,MISSING,False,MISSING,FIRM_NATIVE,MISSING,False,,,,,,,,,,,CAPTURED,COMPOSITE_NO_FIRM_CLIP,True,0.02,0.09,0.8,1.3,HASH_BOUND_EXECUTED_ADAPTER_LITERALS,household_entry_old_state,,
18.0,21.0,549.0,0.085879467481362,0.02,0.05,16.273025337897675,0.1,0.07,21913526.45605319,3222063.8191686706,62757781.61982033,0.6369052165657075,68927804.56787762,重庆,OWNER_A_CAPTURE_PID67056,2018,18,21,22,D:\ProjectTemp\ch5-mp4c-2018-final-production-path-faithful-durable-execution-20260903-001\household_call_ledger.csv,,,,,0.049686711943930977,0.9542437432126918,17,16,,,,MISSING,MISSING,FIRM_NATIVE,MISSING,False,MISSING,FIRM_NATIVE,MISSING,False,,,,,,,,,,,CAPTURED,DESCRIPTIVE_FIRM_RANGE_ONLY,OBSERVED,True,0.065879467481362,0.00412053251863799,False,False,False,False,False,False,False,False,MISSING,FIRM_NATIVE,MISSING,False,MISSING,FIRM_NATIVE,MISSING,False,,,,,,,,,,,CAPTURED,COMPOSITE_NO_FIRM_CLIP,True,0.02,0.09,0.8,1.3,HASH_BOUND_EXECUTED_ADAPTER_LITERALS,household_entry_old_state,,
18.0,22.0,550.0,0.08910705030929977,0.02,0.05,16.293211388419184,0.1,0.07,46171818.87601152,3140899.3047709274,110957609.49536893,0.8688562459237319,121946756.769273,四川,OWNER_A_CAPTURE_PID67056,2018,18,22,23,D:\ProjectTemp\ch5-mp4c-2018-final-production-path-faithful-durable-execution-20260903-001\household_call_ledger.csv,,,,,0.010782650770128166,0.9900842911367937,17,16,,,,MISSING,MISSING,FIRM_NATIVE,MISSING,False,MISSING,FIRM_NATIVE,MISSING,False,,,,,,,,,,,CAPTURED,DESCRIPTIVE_FIRM_RANGE_ONLY,OBSERVED,True,0.06910705030929977,0.0008929496907002232,False,False,False,False,False,False,False,False,MISSING,FIRM_NATIVE,MISSING,False,MISSING,FIRM_NATIVE,MISSING,False,,,,,,,,,,,CAPTURED,COMPOSITE_NO_FIRM_CLIP,True,0.02,0.09,0.8,1.3,HASH_BOUND_EXECUTED_ADAPTER_LITERALS,household_entry_old_state,,
18.0,23.0,551.0,0.08816663558696498,0.02,0.05,15.863795981635459,0.1,0.07,16516372.504375566,3172092.897759198,52399096.07806764,0.5540121518441811,57532156.00469099,贵州,OWNER_A_CAPTURE_PID67056,2018,18,23,24,D:\ProjectTemp\ch5-mp4c-2018-final-production-path-faithful-durable-execution-20260903-001\household_call_ledger.csv,,,,,0.02212936068262254,0.9796415045164464,17,16,,,,MISSING,MISSING,FIRM_NATIVE,MISSING,False,MISSING,FIRM_NATIVE,MISSING,False,,,,,,,,,,,CAPTURED,DESCRIPTIVE_FIRM_RANGE_ONLY,OBSERVED,True,0.06816663558696498,0.001833364413035013,False,False,False,False,False,False,False,False,MISSING,FIRM_NATIVE,MISSING,False,MISSING,FIRM_NATIVE,MISSING,False,,,,,,,,,,,CAPTURED,COMPOSITE_NO_FIRM_CLIP,True,0.02,0.09,0.8,1.3,HASH_BOUND_EXECUTED_ADAPTER_LITERALS,household_entry_old_state,,
18.0,24.0,552.0,0.0875496416160783,0.02,0.05,15.174074852916542,0.1,0.07,22471379.599854898,3169843.2136687967,85929759.18657471,0.5141699727476621,94417005.22069846,云南,OWNER_A_CAPTURE_PID67056,2018,18,24,25,D:\ProjectTemp\ch5-mp4c-2018-final-production-path-faithful-durable-execution-20260903-001\household_call_ledger.csv,,,,,0.029568731957169938,0.9727901241009035,17,16,,,,MISSING,MISSING,FIRM_NATIVE,MISSING,False,MISSING,FIRM_NATIVE,MISSING,False,,,,,,,,,,,CAPTURED,DESCRIPTIVE_FIRM_RANGE_ONLY,OBSERVED,True,0.0675496416160783,0.0024503583839216997,False,False,False,False,False,False,False,False,MISSING,FIRM_NATIVE,MISSING,False,MISSING,FIRM_NATIVE,MISSING,False,,,,,,,,,,,CAPTURED,COMPOSITE_NO_FIRM_CLIP,True,0.02,0.09,0.8,1.3,HASH_BOUND_EXECUTED_ADAPTER_LITERALS,household_entry_old_state,,
18.0,25.0,553.0,0.06626847502245925,0.02,0.05,12.88056535377124,0.1,0.07,1588651.8670712507,2919263.3460232127,9689334.46450998,0.2002687261100073,10550898.802507978,西藏,OWNER_A_CAPTURE_PID67056,2018,18,25,26,D:\ProjectTemp\ch5-mp4c-2018-final-production-path-faithful-durable-execution-20260903-001\household_call_ledger.csv,,,,,0.2837596352791583,0.7364730861312674,17,16,,,,MISSING,MISSING,FIRM_NATIVE,MISSING,False,MISSING,FIRM_NATIVE,MISSING,False,,,,,,,,,,,CAPTURED,DESCRIPTIVE_FIRM_RANGE_ONLY,OBSERVED,True,0.046268475022459246,0.023731524977540747,False,False,False,False,False,False,False,False,MISSING,FIRM_NATIVE,MISSING,False,MISSING,FIRM_NATIVE,MISSING,False,,,,,,,,,,,CAPTURED,COMPOSITE_NO_FIRM_CLIP,False,0.02,0.09,0.8,1.3,HASH_BOUND_EXECUTED_ADAPTER_LITERALS,household_entry_old_state,,
18.0,26.0,554.0,0.08576269458008463,0.02,0.05,16.69222643020967,0.1,0.07,25765701.00797255,3220949.41022138,80735455.99996075,0.616413773672906,88703921.20905353,陕西,OWNER_A_CAPTURE_PID67056,2018,18,26,27,D:\ProjectTemp\ch5-mp4c-2018-final-production-path-faithful-durable-execution-20260903-001\household_call_ledger.csv,,,,,0.05109219959757891,0.9529470426664945,17,16,,,,MISSING,MISSING,FIRM_NATIVE,MISSING,False,MISSING,FIRM_NATIVE,MISSING,False,,,,,,,,,,,CAPTURED,DESCRIPTIVE_FIRM_RANGE_ONLY,OBSERVED,True,0.06576269458008463,0.004237305419915363,False,False,False,False,False,False,False,False,MISSING,FIRM_NATIVE,MISSING,False,MISSING,FIRM_NATIVE,MISSING,False,,,,,,,,,,,CAPTURED,COMPOSITE_NO_FIRM_CLIP,True,0.02,0.09,0.8,1.3,HASH_BOUND_EXECUTED_ADAPTER_LITERALS,household_entry_old_state,,
18.0,27.0,555.0,0.08948967042895692,0.02,0.05,15.66600268398177,0.1,0.07,8872212.055368256,2962342.9235912976,29473188.43750423,0.4714695773187664,32312760.159535974,甘肃,OWNER_A_CAPTURE_PID67056,2018,18,27,28,D:\ProjectTemp\ch5-mp4c-2018-final-production-path-faithful-durable-execution-20260903-001\household_call_ledger.csv,,,,,0.006163422815411727,0.9943330749818472,17,16,,,,MISSING,MISSING,FIRM_NATIVE,MISSING,False,MISSING,FIRM_NATIVE,MISSING,False,,,,,,,,,,,CAPTURED,DESCRIPTIVE_FIRM_RANGE_ONLY,OBSERVED,True,0.06948967042895692,0.0005103295710430777,False,False,False,False,False,False,False,False,MISSING,FIRM_NATIVE,MISSING,False,MISSING,FIRM_NATIVE,MISSING,False,,,,,,,,,,,CAPTURED,COMPOSITE_NO_FIRM_CLIP,True,0.02,0.09,0.8,1.3,HASH_BOUND_EXECUTED_ADAPTER_LITERALS,household_entry_old_state,,
18.0,28.0,556.0,0.07311368891578071,0.02,0.05,14.223235444890266,0.1,0.07,2956221.5877309293,2960365.0436058487,20885048.54850568,0.20506994314589128,22866649.276828904,青海,OWNER_A_CAPTURE_PID67056,2018,18,28,29,D:\ProjectTemp\ch5-mp4c-2018-final-production-path-faithful-durable-execution-20260903-001\household_call_ledger.csv,,,,,0.12022999455338848,0.888998055715282,17,16,,,,MISSING,MISSING,FIRM_NATIVE,MISSING,False,MISSING,FIRM_NATIVE,MISSING,False,,,,,,,,,,,CAPTURED,DESCRIPTIVE_FIRM_RANGE_ONLY,OBSERVED,True,0.05311368891578071,0.016886311084219285,False,False,False,False,False,False,False,False,MISSING,FIRM_NATIVE,MISSING,False,MISSING,FIRM_NATIVE,MISSING,False,,,,,,,,,,,CAPTURED,COMPOSITE_NO_FIRM_CLIP,True,0.02,0.09,0.8,1.3,HASH_BOUND_EXECUTED_ADAPTER_LITERALS,household_entry_old_state,,
18.0,29.0,557.0,0.07976680497253519,0.02,0.05,15.694010054550496,0.1,0.07,3776303.861191682,3018991.6293553696,22229414.975613166,0.24851067682442868,24345526.377692834,宁夏,OWNER_A_CAPTURE_PID67056,2018,18,29,30,D:\ProjectTemp\ch5-mp4c-2018-final-production-path-faithful-durable-execution-20260903-001\household_call_ledger.csv,,,,,0.1230684752371874,0.8863657935749993,17,16,,,,MISSING,MISSING,FIRM_NATIVE,MISSING,False,MISSING,FIRM_NATIVE,MISSING,False,,,,,,,,,,,CAPTURED,DESCRIPTIVE_FIRM_RANGE_ONLY,OBSERVED,True,0.059766804972535184,0.010233195027464809,False,False,False,False,False,False,False,False,MISSING,FIRM_NATIVE,MISSING,False,MISSING,FIRM_NATIVE,MISSING,False,,,,,,,,,,,CAPTURED,COMPOSITE_NO_FIRM_CLIP,True,0.02,0.09,0.8,1.3,HASH_BOUND_EXECUTED_ADAPTER_LITERALS,household_entry_old_state,,
18.0,30.0,558.0,0.06489563654736473,0.02,0.05,12.210479639673183,0.1,0.07,13124400.181697642,2897604.8969858945,56460575.677111246,0.4241481500847055,62002292.29853137,新疆,OWNER_A_CAPTURE_PID67056,2018,18,30,31,D:\ProjectTemp\ch5-mp4c-2018-final-production-path-faithful-durable-execution-20260903-001\household_call_ledger.csv,,,,,0.3,0.7212282935079958,17,16,,,,MISSING,MISSING,FIRM_NATIVE,MISSING,False,MISSING,FIRM_NATIVE,MISSING,False,,,,,,,,,,,CAPTURED,DESCRIPTIVE_FIRM_RANGE_ONLY,OBSERVED,True,0.044895636547364726,0.025104363452635267,False,False,False,False,False,False,False,False,MISSING,FIRM_NATIVE,MISSING,False,MISSING,FIRM_NATIVE,MISSING,False,,,,,,,,,,,CAPTURED,COMPOSITE_NO_FIRM_CLIP,False,0.02,0.09,0.8,1.3,HASH_BOUND_EXECUTED_ADAPTER_LITERALS,household_entry_old_state,,
19.0,0.0,559.0,0.07992571189368579,0.02,0.05,16.346649796594008,0.1,0.07,32636168.94908284,3178814.8115486014,86509770.72038336,0.798960872075503,86412731.09846467,北京,OWNER_A_CAPTURE_PID67056,2018,19,0,1,D:\ProjectTemp\ch5-mp4c-2018-final-production-path-faithful-durable-execution-20260903-001\household_call_ledger.csv,,,,,0.12116569491184198,0.8881303942987903,18,17,,,,MISSING,MISSING,FIRM_NATIVE,MISSING,False,MISSING,FIRM_NATIVE,MISSING,False,,,,,,,,,,,CAPTURED,DESCRIPTIVE_FIRM_RANGE_ONLY,OBSERVED,True,0.059925711893685785,0.010074288106314208,False,False,False,False,False,False,False,False,MISSING,FIRM_NATIVE,MISSING,False,MISSING,FIRM_NATIVE,MISSING,False,,,,,,,,,,,CAPTURED,COMPOSITE_NO_FIRM_CLIP,True,0.02,0.09,0.8,1.3,HASH_BOUND_EXECUTED_ADAPTER_LITERALS,household_entry_old_state,,
19.0,1.0,560.0,0.0734770958210794,0.02,0.05,16.15048203748505,0.1,0.07,14382886.996056896,3101380.910331932,90133174.1311089,0.343030662824802,90036814.95456378,天津,OWNER_A_CAPTURE_PID67056,2018,19,1,2,D:\ProjectTemp\ch5-mp4c-2018-final-production-path-faithful-durable-execution-20260903-001\household_call_ledger.csv,,,,,0.19817398532280342,0.816521642002073,18,17,,,,MISSING,MISSING,FIRM_NATIVE,MISSING,False,MISSING,FIRM_NATIVE,MISSING,False,,,,,,,,,,,CAPTURED,DESCRIPTIVE_FIRM_RANGE_ONLY,OBSERVED,True,0.0534770958210794,0.01652290417892059,False,False,False,False,False,False,False,False,MISSING,FIRM_NATIVE,MISSING,False,MISSING,FIRM_NATIVE,MISSING,False,,,,,,,,,,,CAPTURED,COMPOSITE_NO_FIRM_CLIP,True,0.02,0.09,0.8,1.3,HASH_BOUND_EXECUTED_ADAPTER_LITERALS,household_entry_old_state,,
19.0,2.0,561.0,0.08664843361281957,0.02,0.05,16.700338429201256,0.1,0.07,34977919.776014894,3189857.573260619,158568378.09193942,0.5356700755227143,158471815.2093625,河北,OWNER_A_CAPTURE_PID67056,2018,19,2,3,D:\ProjectTemp\ch5-mp4c-2018-final-production-path-faithful-durable-execution-20260903-001\household_call_ledger.csv,,,,,0.04042780400496038,0.9627827047548705,18,17,,,,MISSING,MISSING,FIRM_NATIVE,MISSING,False,MISSING,FIRM_NATIVE,MISSING,False,,,,,,,,,,,CAPTURED,DESCRIPTIVE_FIRM_RANGE_ONLY,OBSERVED,True,0.06664843361281957,0.003351566387180427,False,False,False,False,False,False,False,False,MISSING,FIRM_NATIVE,MISSING,False,MISSING,FIRM_NATIVE,MISSING,False,,,,,,,,,,,CAPTURED,COMPOSITE_NO_FIRM_CLIP,True,0.02,0.09,0.8,1.3,HASH_BOUND_EXECUTED_ADAPTER_LITERALS,household_entry_old_state,,
19.0,3.0,562.0,0.08680551773813207,0.02,0.05,16.4708120779325,0.1,0.07,17174387.88152998,3202174.5042145588,66321295.07207659,0.5154464317699704,66222282.94011166,山西,OWNER_A_CAPTURE_PID67056,2018,19,3,4,D:\ProjectTemp\ch5-mp4c-2018-final-production-path-faithful-durable-execution-20260903-001\household_call_ledger.csv,,,,,0.0385356371748285,0.9645270387407204,18,17,,,,MISSING,MISSING,FIRM_NATIVE,MISSING,False,MISSING,FIRM_NATIVE,MISSING,False,,,,,,,,,,,CAPTURED,DESCRIPTIVE_FIRM_RANGE_ONLY,OBSERVED,True,0.06680551773813206,0.0031944822618679286,False,False,False,False,False,False,False,False,MISSING,FIRM_NATIVE,MISSING,False,MISSING,FIRM_NATIVE,MISSING,False,,,,,,,,,,,CAPTURED,COMPOSITE_NO_FIRM_CLIP,True,0.02,0.09,0.8,1.3,HASH_BOUND_EXECUTED_ADAPTER_LITERALS,household_entry_old_state,,
19.0,4.0,563.0,0.07848700997572626,0.02,0.05,15.771718748024947,0.1,0.07,17372676.981975798,3169067.51037256,100041469.45464893,0.3803790968951342,99945175.94636641,内蒙古,OWNER_A_CAPTURE_PID67056,2018,19,4,5,D:\ProjectTemp\ch5-mp4c-2018-final-production-path-faithful-durable-execution-20260903-001\household_call_ledger.csv,,,,,0.13838331231905796,0.8721543280015782,18,17,,,,MISSING,MISSING,FIRM_NATIVE,MISSING,False,MISSING,FIRM_NATIVE,MISSING,False,,,,,,,,,,,CAPTURED,DESCRIPTIVE_FIRM_RANGE_ONLY,OBSERVED,True,0.058487009975726256,0.011512990024273737,False,False,False,False,False,False,False,False,MISSING,FIRM_NATIVE,MISSING,False,MISSING,FIRM_NATIVE,MISSING,False,,,,,,,,,,,CAPTURED,COMPOSITE_NO_FIRM_CLIP,True,0.02,0.09,0.8,1.3,HASH_BOUND_EXECUTED_ADAPTER_LITERALS,household_entry_old_state,,
19.0,5.0,564.0,0.08366441502638934,0.02,0.05,15.216073104744737,0.1,0.07,25306871.403757863,3157889.425858304,117699787.95238191,0.4890755358283609,117603305.35057643,辽宁,OWNER_A_CAPTURE_PID67056,2018,19,5,6,D:\ProjectTemp\ch5-mp4c-2018-final-production-path-faithful-durable-execution-20260903-001\household_call_ledger.csv,,,,,0.07632297463521798,0.9296467702524277,18,17,,,,MISSING,MISSING,FIRM_NATIVE,MISSING,False,MISSING,FIRM_NATIVE,MISSING,False,,,,,,,,,,,CAPTURED,DESCRIPTIVE_FIRM_RANGE_ONLY,OBSERVED,True,0.06366441502638934,0.006335584973610656,False,False,False,False,False,False,False,False,MISSING,FIRM_NATIVE,MISSING,False,MISSING,FIRM_NATIVE,MISSING,False,,,,,,,,,,,CAPTURED,COMPOSITE_NO_FIRM_CLIP,True,0.02,0.09,0.8,1.3,HASH_BOUND_EXECUTED_ADAPTER_LITERALS,household_entry_old_state,,
19.0,6.0,565.0,0.07667985394973444,0.02,0.05,14.381693091781493,0.1,0.07,12113046.815047601,2958080.5446150196,91981514.92581128,0.2874704793127305,91884509.85227533,吉林,OWNER_A_CAPTURE_PID67056,2018,19,6,7,D:\ProjectTemp\ch5-mp4c-2018-final-production-path-faithful-durable-execution-20260903-001\household_call_ledger.csv,,,,,0.1023070236880023,0.9056065007349425,18,17,,,,MISSING,MISSING,FIRM_NATIVE,MISSING,False,MISSING,FIRM_NATIVE,MISSING,False,,,,,,,,,,,CAPTURED,DESCRIPTIVE_FIRM_RANGE_ONLY,OBSERVED,True,0.05667985394973443,0.01332014605026556,False,False,False,False,False,False,False,False,MISSING,FIRM_NATIVE,MISSING,False,MISSING,FIRM_NATIVE,MISSING,False,,,,,,,,,,,CAPTURED,COMPOSITE_NO_FIRM_CLIP,True,0.02,0.09,0.8,1.3,HASH_BOUND_EXECUTED_ADAPTER_LITERALS,household_entry_old_state,,
19.0,7.0,566.0,0.08462340469263728,0.02,0.05,13.35209421228671,0.1,0.07,13826637.513562173,2977799.9295499125,77661515.38824397,0.3734243265128549,77563417.25949538,黑龙江,OWNER_A_CAPTURE_PID67056,2018,19,7,8,D:\ProjectTemp\ch5-mp4c-2018-final-production-path-faithful-durable-execution-20260903-001\household_call_ledger.csv,,,,,0.06479729188901276,0.9402958444978166,18,17,,,,MISSING,MISSING,FIRM_NATIVE,MISSING,False,MISSING,FIRM_NATIVE,MISSING,False,,,,,,,,,,,CAPTURED,DESCRIPTIVE_FIRM_RANGE_ONLY,OBSERVED,True,0.06462340469263728,0.0053765953073627165,False,False,False,False,False,False,False,False,MISSING,FIRM_NATIVE,MISSING,False,MISSING,FIRM_NATIVE,MISSING,False,,,,,,,,,,,CAPTURED,COMPOSITE_NO_FIRM_CLIP,True,0.02,0.09,0.8,1.3,HASH_BOUND_EXECUTED_ADAPTER_LITERALS,household_entry_old_state,,
19.0,8.0,567.0,0.0801269288708365,0.02,0.05,16.292824490389407,0.1,0.07,38763003.03683392,3174663.990445358,94841376.54401274,0.8841175607975263,94744664.07854751,上海,OWNER_A_CAPTURE_PID67056,2018,19,8,9,D:\ProjectTemp\ch5-mp4c-2018-final-production-path-faithful-durable-execution-20260903-001\household_call_ledger.csv,,,,,0.11875593934055706,0.8903648074023569,18,17,,,,MISSING,MISSING,FIRM_NATIVE,MISSING,False,MISSING,FIRM_NATIVE,MISSING,False,,,,,,,,,,,CAPTURED,DESCRIPTIVE_FIRM_RANGE_ONLY,OBSERVED,True,0.060126928870836496,0.009873071129163496,False,False,False,False,False,False,False,False,MISSING,FIRM_NATIVE,MISSING,False,MISSING,FIRM_NATIVE,MISSING,False,,,,,,,,,,,CAPTURED,COMPOSITE_NO_FIRM_CLIP,True,0.02,0.09,0.8,1.3,HASH_BOUND_EXECUTED_ADAPTER_LITERALS,household_entry_old_state,,
19.0,9.0,568.0,0.08333011865834772,0.02,0.05,16.9676491754156,0.1,0.07,99672980.17852554,3112252.587817251,262071335.09014073,1.041043061662975,261980192.11790168,江苏,OWNER_A_CAPTURE_PID67056,2018,19,9,10,D:\ProjectTemp\ch5-mp4c-2018-final-production-path-faithful-durable-execution-20260903-001\household_call_ledger.csv,,,,,0.08033848825905156,0.92593458422952,18,17,,,,MISSING,MISSING,FIRM_NATIVE,MISSING,False,MISSING,FIRM_NATIVE,MISSING,False,,,,,,,,,,,CAPTURED,DESCRIPTIVE_FIRM_RANGE_ONLY,OBSERVED,True,0.06333011865834771,0.006669881341652278,False,False,False,False,False,False,False,False,MISSING,FIRM_NATIVE,MISSING,False,MISSING,FIRM_NATIVE,MISSING,False,,,,,,,,,,,CAPTURED,COMPOSITE_NO_FIRM_CLIP,True,0.02,0.09,0.8,1.3,HASH_BOUND_EXECUTED_ADAPTER_LITERALS,household_entry_old_state,,
19.0,10.0,569.0,0.08479216343425876,0.02,0.05,16.62747088437316,0.1,0.07,62435697.88082464,3141210.3344876147,172221200.89526138,0.9001804925668958,172126147.44253972,浙江,OWNER_A_CAPTURE_PID67056,2018,19,10,11,D:\ProjectTemp\ch5-mp4c-2018-final-production-path-faithful-durable-execution-20260903-001\household_call_ledger.csv,,,,,0.06276806168696052,0.9421698207323738,18,17,,,,MISSING,MISSING,FIRM_NATIVE,MISSING,False,MISSING,FIRM_NATIVE,MISSING,False,,,,,,,,,,,CAPTURED,DESCRIPTIVE_FIRM_RANGE_ONLY,OBSERVED,True,0.06479216343425875,0.005207836565741239,False,False,False,False,False,False,False,False,MISSING,FIRM_NATIVE,MISSING,False,MISSING,FIRM_NATIVE,MISSING,False,,,,,,,,,,,CAPTURED,COMPOSITE_NO_FIRM_CLIP,True,0.02,0.09,0.8,1.3,HASH_BOUND_EXECUTED_ADAPTER_LITERALS,household_entry_old_state,,
19.0,11.0,570.0,0.09,0.02,0.05,16.86690868074125,0.1,0.07,36609125.03161514,3203274.6539347307,95357724.71483919,0.8298020464119165,95257034.80523978,安徽,OWNER_A_CAPTURE_PID67056,2018,19,11,12,D:\ProjectTemp\ch5-mp4c-2018-final-production-path-faithful-durable-execution-20260903-001\household_call_ledger.csv,,,,,0.0,1.0,18,17,,,0.09,DERIVED_IDENTITY_ZERO_EXTERNAL_WEIGHT,MISSING,FIRM_NATIVE,MISSING,False,MISSING,FIRM_NATIVE,MISSING,False,,,,,,,,,,,CAPTURED,DESCRIPTIVE_FIRM_RANGE_ONLY,OBSERVED,True,0.06999999999999999,0.0,False,False,False,True,False,True,False,False,MISSING,FIRM_NATIVE,MISSING,False,MISSING,FIRM_NATIVE,MISSING,False,,,,,,,,,,,CAPTURED,COMPOSITE_NO_FIRM_CLIP,True,0.02,0.09,0.8,1.3,HASH_BOUND_EXECUTED_ADAPTER_LITERALS,household_entry_old_state,,
19.0,12.0,571.0,0.08461432192592856,0.02,0.05,16.088093088467737,0.1,0.07,38540126.964538135,3169784.504555576,132620612.69715305,0.6786064169069153,132524333.48183928,福建,OWNER_A_CAPTURE_PID67056,2018,19,12,13,D:\ProjectTemp\ch5-mp4c-2018-final-production-path-faithful-durable-execution-20260903-001\household_call_ledger.csv,,,,,0.0649064986932153,0.9401949851907495,18,17,,,,MISSING,MISSING,FIRM_NATIVE,MISSING,False,MISSING,FIRM_NATIVE,MISSING,False,,,,,,,,,,,CAPTURED,DESCRIPTIVE_FIRM_RANGE_ONLY,OBSERVED,True,0.06461432192592856,0.005385678074071434,False,False,False,False,False,False,False,False,MISSING,FIRM_NATIVE,MISSING,False,MISSING,FIRM_NATIVE,MISSING,False,,,,,,,,,,,CAPTURED,COMPOSITE_NO_FIRM_CLIP,True,0.02,0.09,0.8,1.3,HASH_BOUND_EXECUTED_ADAPTER_LITERALS,household_entry_old_state,,
19.0,13.0,572.0,0.08837010865177679,0.02,0.05,16.55027621941498,0.1,0.07,24452007.783634074,3234872.070010639,67872741.71507648,0.7192058771469576,67773150.71789609,江西,OWNER_A_CAPTURE_PID67056,2018,19,13,14,D:\ProjectTemp\ch5-mp4c-2018-final-production-path-faithful-durable-execution-20260903-001\household_call_ledger.csv,,,,,0.019675113595976762,0.9819009641575444,18,17,,,,MISSING,MISSING,FIRM_NATIVE,MISSING,False,MISSING,FIRM_NATIVE,MISSING,False,,,,,,,,,,,CAPTURED,DESCRIPTIVE_FIRM_RANGE_ONLY,OBSERVED,True,0.06837010865177678,0.0016298913482232086,False,False,False,False,False,False,False,False,MISSING,FIRM_NATIVE,MISSING,False,MISSING,FIRM_NATIVE,MISSING,False,,,,,,,,,,,CAPTURED,COMPOSITE_NO_FIRM_CLIP,True,0.02,0.09,0.8,1.3,HASH_BOUND_EXECUTED_ADAPTER_LITERALS,household_entry_old_state,,
19.0,14.0,573.0,0.08428029941150314,0.02,0.05,17.025301190804665,0.1,0.07,71743382.42729902,3135071.2011245317,275950117.0600572,0.7188391921634952,275858847.1011097,山东,OWNER_A_CAPTURE_PID67056,2018,19,14,15,D:\ProjectTemp\ch5-mp4c-2018-final-production-path-faithful-durable-execution-20260903-001\household_call_ledger.csv,,,,,0.06892202679478683,0.9364858419937966,18,17,,,,MISSING,MISSING,FIRM_NATIVE,MISSING,False,MISSING,FIRM_NATIVE,MISSING,False,,,,,,,,,,,CAPTURED,DESCRIPTIVE_FIRM_RANGE_ONLY,OBSERVED,True,0.06428029941150314,0.005719700588496857,False,False,False,False,False,False,False,False,MISSING,FIRM_NATIVE,MISSING,False,MISSING,FIRM_NATIVE,MISSING,False,,,,,,,,,,,CAPTURED,COMPOSITE_NO_FIRM_CLIP,True,0.02,0.09,0.8,1.3,HASH_BOUND_EXECUTED_ADAPTER_LITERALS,household_entry_old_state,,
19.0,15.0,574.0,0.08507461877205338,0.02,0.05,17.16380186735037,0.1,0.07,53752809.14442337,3168744.296313805,226159999.95649567,0.6265911906154328,226066515.49316326,河南,OWNER_A_CAPTURE_PID67056,2018,19,15,16,D:\ProjectTemp\ch5-mp4c-2018-final-production-path-faithful-durable-execution-20260903-001\household_call_ledger.csv,,,,,0.05937102807378291,0.9453063369405427,18,17,,,,MISSING,MISSING,FIRM_NATIVE,MISSING,False,MISSING,FIRM_NATIVE,MISSING,False,,,,,,,,,,,CAPTURED,DESCRIPTIVE_FIRM_RANGE_ONLY,OBSERVED,True,0.06507461877205338,0.0049253812279466125,False,False,False,False,False,False,False,False,MISSING,FIRM_NATIVE,MISSING,False,MISSING,FIRM_NATIVE,MISSING,False,,,,,,,,,,,CAPTURED,COMPOSITE_NO_FIRM_CLIP,True,0.02,0.09,0.8,1.3,HASH_BOUND_EXECUTED_ADAPTER_LITERALS,household_entry_old_state,,
19.0,16.0,575.0,0.08668024016169386,0.02,0.05,17.036748219291336,0.1,0.07,45232624.97081449,3186569.054016752,134759983.24153897,0.7857136577125157,134662779.57703456,湖北,OWNER_A_CAPTURE_PID67056,2018,19,16,17,D:\ProjectTemp\ch5-mp4c-2018-final-production-path-faithful-durable-execution-20260903-001\household_call_ledger.csv,,,,,0.040044697087704216,0.9631358992350666,18,17,,,,MISSING,MISSING,FIRM_NATIVE,MISSING,False,MISSING,FIRM_NATIVE,MISSING,False,,,,,,,,,,,CAPTURED,DESCRIPTIVE_FIRM_RANGE_ONLY,OBSERVED,True,0.06668024016169385,0.0033197598383061383,False,False,False,False,False,False,False,False,MISSING,FIRM_NATIVE,MISSING,False,MISSING,FIRM_NATIVE,MISSING,False,,,,,,,,,,,CAPTURED,COMPOSITE_NO_FIRM_CLIP,True,0.02,0.09,0.8,1.3,HASH_BOUND_EXECUTED_ADAPTER_LITERALS,household_entry_old_state,,
19.0,17.0,576.0,0.08817180482633794,0.02,0.05,16.748241564861754,0.1,0.07,39209186.37674006,3190466.85427341,114051009.07133788,0.7746099062428916,113952326.37153804,湖南,OWNER_A_CAPTURE_PID67056,2018,19,17,18,D:\ProjectTemp\ch5-mp4c-2018-final-production-path-faithful-durable-execution-20260903-001\household_call_ledger.csv,,,,,0.02206701218325156,0.979698909542593,18,17,,,,MISSING,MISSING,FIRM_NATIVE,MISSING,False,MISSING,FIRM_NATIVE,MISSING,False,,,,,,,,,,,CAPTURED,DESCRIPTIVE_FIRM_RANGE_ONLY,OBSERVED,True,0.06817180482633793,0.0018281951736620616,False,False,False,False,False,False,False,False,MISSING,FIRM_NATIVE,MISSING,False,MISSING,FIRM_NATIVE,MISSING,False,,,,,,,,,,,CAPTURED,COMPOSITE_NO_FIRM_CLIP,True,0.02,0.09,0.8,1.3,HASH_BOUND_EXECUTED_ADAPTER_LITERALS,household_entry_old_state,,
19.0,18.0,577.0,0.08626478094143564,0.02,0.05,16.1446579074839,0.1,0.07,104714013.41212603,3078493.171486336,275716588.3628703,1.054229893075979,275623532.1032814,广东,OWNER_A_CAPTURE_PID67056,2018,19,18,19,D:\ProjectTemp\ch5-mp4c-2018-final-production-path-faithful-durable-execution-20260903-001\household_call_ledger.csv,,,,,0.045048029371518965,0.9585224493887057,18,17,,,,MISSING,MISSING,FIRM_NATIVE,MISSING,False,MISSING,FIRM_NATIVE,MISSING,False,,,,,,,,,,,CAPTURED,DESCRIPTIVE_FIRM_RANGE_ONLY,OBSERVED,True,0.06626478094143563,0.0037352190585643597,False,False,False,False,False,False,False,False,MISSING,FIRM_NATIVE,MISSING,False,MISSING,FIRM_NATIVE,MISSING,False,,,,,,,,,,,CAPTURED,COMPOSITE_NO_FIRM_CLIP,True,0.02,0.09,0.8,1.3,HASH_BOUND_EXECUTED_ADAPTER_LITERALS,household_entry_old_state,,
19.0,19.0,578.0,0.08698496105609688,0.02,0.05,15.376104676991641,0.1,0.07,21127423.612821326,3194052.4268064606,92736144.40698276,0.4896356898758677,92637726.07461151,广西,OWNER_A_CAPTURE_PID67056,2018,19,19,20,D:\ProjectTemp\ch5-mp4c-2018-final-production-path-faithful-durable-execution-20260903-001\household_call_ledger.csv,,,,,0.03637382456647036,0.9665196592550925,18,17,,,,MISSING,MISSING,FIRM_NATIVE,MISSING,False,MISSING,FIRM_NATIVE,MISSING,False,,,,,,,,,,,CAPTURED,DESCRIPTIVE_FIRM_RANGE_ONLY,OBSERVED,True,0.06698496105609687,0.00301503894390312,False,False,False,False,False,False,False,False,MISSING,FIRM_NATIVE,MISSING,False,MISSING,FIRM_NATIVE,MISSING,False,,,,,,,,,,,CAPTURED,COMPOSITE_NO_FIRM_CLIP,True,0.02,0.09,0.8,1.3,HASH_BOUND_EXECUTED_ADAPTER_LITERALS,household_entry_old_state,,
19.0,20.0,579.0,0.08768278271425112,0.02,0.05,14.453595154244276,0.1,0.07,5284512.004725392,2966054.191291508,17692093.1033457,0.44811620059455165,17591769.110079117,海南,OWNER_A_CAPTURE_PID67056,2018,19,20,21,D:\ProjectTemp\ch5-mp4c-2018-final-production-path-faithful-durable-execution-20260903-001\household_call_ledger.csv,,,,,0.027963724364002344,0.9742685877115467,18,17,,,,MISSING,MISSING,FIRM_NATIVE,MISSING,False,MISSING,FIRM_NATIVE,MISSING,False,,,,,,,,,,,CAPTURED,DESCRIPTIVE_FIRM_RANGE_ONLY,OBSERVED,True,0.06768278271425111,0.0023172172857488793,False,False,False,False,False,False,False,False,MISSING,FIRM_NATIVE,MISSING,False,MISSING,FIRM_NATIVE,MISSING,False,,,,,,,,,,,CAPTURED,COMPOSITE_NO_FIRM_CLIP,True,0.02,0.09,0.8,1.3,HASH_BOUND_EXECUTED_ADAPTER_LITERALS,household_entry_old_state,,
19.0,21.0,580.0,0.08587946677958956,0.02,0.05,16.27149836224865,0.1,0.07,21918535.19278656,3222361.5804545884,69026482.82299183,0.6369052165657075,68927804.56787762,重庆,OWNER_A_CAPTURE_PID67056,2018,19,21,22,D:\ProjectTemp\ch5-mp4c-2018-final-production-path-faithful-durable-execution-20260903-001\household_call_ledger.csv,,,,,0.049686711943930977,0.9542437432126918,18,17,,,,MISSING,MISSING,FIRM_NATIVE,MISSING,False,MISSING,FIRM_NATIVE,MISSING,False,,,,,,,,,,,CAPTURED,DESCRIPTIVE_FIRM_RANGE_ONLY,OBSERVED,True,0.06587946677958956,0.004120533220410436,False,False,False,False,False,False,False,False,MISSING,FIRM_NATIVE,MISSING,False,MISSING,FIRM_NATIVE,MISSING,False,,,,,,,,,,,CAPTURED,COMPOSITE_NO_FIRM_CLIP,True,0.02,0.09,0.8,1.3,HASH_BOUND_EXECUTED_ADAPTER_LITERALS,household_entry_old_state,,
19.0,22.0,581.0,0.08910705015700619,0.02,0.05,16.291655469485736,0.1,0.07,46180514.82472692,3141182.300351498,122046215.45229593,0.8688562459237319,121946756.769273,四川,OWNER_A_CAPTURE_PID67056,2018,19,22,23,D:\ProjectTemp\ch5-mp4c-2018-final-production-path-faithful-durable-execution-20260903-001\household_call_ledger.csv,,,,,0.010782650770128166,0.9900842911367937,18,17,,,,MISSING,MISSING,FIRM_NATIVE,MISSING,False,MISSING,FIRM_NATIVE,MISSING,False,,,,,,,,,,,CAPTURED,DESCRIPTIVE_FIRM_RANGE_ONLY,OBSERVED,True,0.06910705015700619,0.0008929498429938038,False,False,False,False,False,False,False,False,MISSING,FIRM_NATIVE,MISSING,False,MISSING,FIRM_NATIVE,MISSING,False,,,,,,,,,,,CAPTURED,COMPOSITE_NO_FIRM_CLIP,True,0.02,0.09,0.8,1.3,HASH_BOUND_EXECUTED_ADAPTER_LITERALS,household_entry_old_state,,
19.0,23.0,582.0,0.08816663527441107,0.02,0.05,15.862379712855867,0.1,0.07,16522862.740054136,3170064.074979435,57631829.240669474,0.5540121518441811,57532156.00469099,贵州,OWNER_A_CAPTURE_PID67056,2018,19,23,24,D:\ProjectTemp\ch5-mp4c-2018-final-production-path-faithful-durable-execution-20260903-001\household_call_ledger.csv,,,,,0.02212936068262254,0.9796415045164464,18,17,,,,MISSING,MISSING,FIRM_NATIVE,MISSING,False,MISSING,FIRM_NATIVE,MISSING,False,,,,,,,,,,,CAPTURED,DESCRIPTIVE_FIRM_RANGE_ONLY,OBSERVED,True,0.06816663527441107,0.0018333647255889263,False,False,False,False,False,False,False,False,MISSING,FIRM_NATIVE,MISSING,False,MISSING,FIRM_NATIVE,MISSING,False,,,,,,,,,,,CAPTURED,COMPOSITE_NO_FIRM_CLIP,True,0.02,0.09,0.8,1.3,HASH_BOUND_EXECUTED_ADAPTER_LITERALS,household_entry_old_state,,
19.0,24.0,583.0,0.08754964119845111,0.02,0.05,15.172712953395676,0.1,0.07,22475993.919409476,3170146.0046952423,94515660.44834396,0.5141699727476621,94417005.22069846,云南,OWNER_A_CAPTURE_PID67056,2018,19,24,25,D:\ProjectTemp\ch5-mp4c-2018-final-production-path-faithful-durable-execution-20260903-001\household_call_ledger.csv,,,,,0.029568731957169938,0.9727901241009035,18,17,,,,MISSING,MISSING,FIRM_NATIVE,MISSING,False,MISSING,FIRM_NATIVE,MISSING,False,,,,,,,,,,,CAPTURED,DESCRIPTIVE_FIRM_RANGE_ONLY,OBSERVED,True,0.06754964119845111,0.0024503588015488825,False,False,False,False,False,False,False,False,MISSING,FIRM_NATIVE,MISSING,False,MISSING,FIRM_NATIVE,MISSING,False,,,,,,,,,,,CAPTURED,COMPOSITE_NO_FIRM_CLIP,True,0.02,0.09,0.8,1.3,HASH_BOUND_EXECUTED_ADAPTER_LITERALS,household_entry_old_state,,
19.0,25.0,584.0,0.06626847101465337,0.02,0.05,12.879310037726212,0.1,0.07,1589781.5872516385,2919509.559056838,10651044.251258658,0.2002687261100073,10550898.802507978,西藏,OWNER_A_CAPTURE_PID67056,2018,19,25,26,D:\ProjectTemp\ch5-mp4c-2018-final-production-path-faithful-durable-execution-20260903-001\household_call_ledger.csv,,,,,0.2837596352791583,0.7364730861312674,18,17,,,,MISSING,MISSING,FIRM_NATIVE,MISSING,False,MISSING,FIRM_NATIVE,MISSING,False,,,,,,,,,,,CAPTURED,DESCRIPTIVE_FIRM_RANGE_ONLY,OBSERVED,True,0.04626847101465337,0.023731528985346625,False,False,False,False,False,False,False,False,MISSING,FIRM_NATIVE,MISSING,False,MISSING,FIRM_NATIVE,MISSING,False,,,,,,,,,,,CAPTURED,COMPOSITE_NO_FIRM_CLIP,False,0.02,0.09,0.8,1.3,HASH_BOUND_EXECUTED_ADAPTER_LITERALS,household_entry_old_state,,
19.0,26.0,585.0,0.08576269385846115,0.02,0.05,16.690553022143032,0.1,0.07,25770981.18172467,3221217.5458042286,88801985.98259006,0.616413773672906,88703921.20905353,陕西,OWNER_A_CAPTURE_PID67056,2018,19,26,27,D:\ProjectTemp\ch5-mp4c-2018-final-production-path-faithful-durable-execution-20260903-001\household_call_ledger.csv,,,,,0.05109219959757891,0.9529470426664945,18,17,,,,MISSING,MISSING,FIRM_NATIVE,MISSING,False,MISSING,FIRM_NATIVE,MISSING,False,,,,,,,,,,,CAPTURED,DESCRIPTIVE_FIRM_RANGE_ONLY,OBSERVED,True,0.06576269385846115,0.004237306141538846,False,False,False,False,False,False,False,False,MISSING,FIRM_NATIVE,MISSING,False,MISSING,FIRM_NATIVE,MISSING,False,,,,,,,,,,,CAPTURED,COMPOSITE_NO_FIRM_CLIP,True,0.02,0.09,0.8,1.3,HASH_BOUND_EXECUTED_ADAPTER_LITERALS,household_entry_old_state,,
19.0,27.0,586.0,0.08948967034190507,0.02,0.05,15.664390296495565,0.1,0.07,8875085.415596612,2962585.7770105703,32413249.25793809,0.4714695773187664,32312760.159535974,甘肃,OWNER_A_CAPTURE_PID67056,2018,19,27,28,D:\ProjectTemp\ch5-mp4c-2018-final-production-path-faithful-durable-execution-20260903-001\household_call_ledger.csv,,,,,0.006163422815411727,0.9943330749818472,18,17,,,,MISSING,MISSING,FIRM_NATIVE,MISSING,False,MISSING,FIRM_NATIVE,MISSING,False,,,,,,,,,,,CAPTURED,DESCRIPTIVE_FIRM_RANGE_ONLY,OBSERVED,True,0.06948967034190506,0.0005103296580949296,False,False,False,False,False,False,False,False,MISSING,FIRM_NATIVE,MISSING,False,MISSING,FIRM_NATIVE,MISSING,False,,,,,,,,,,,CAPTURED,COMPOSITE_NO_FIRM_CLIP,True,0.02,0.09,0.8,1.3,HASH_BOUND_EXECUTED_ADAPTER_LITERALS,household_entry_old_state,,
19.0,28.0,587.0,0.07311523668322317,0.02,0.05,14.22176805211966,0.1,0.07,2957402.774388377,2960595.410118606,22966372.12950156,0.20506994314589128,22866649.276828904,青海,OWNER_A_CAPTURE_PID67056,2018,19,28,29,D:\ProjectTemp\ch5-mp4c-2018-final-production-path-faithful-durable-execution-20260903-001\household_call_ledger.csv,,,,,0.12022999455338848,0.888998055715282,18,17,,,,MISSING,MISSING,FIRM_NATIVE,MISSING,False,MISSING,FIRM_NATIVE,MISSING,False,,,,,,,,,,,CAPTURED,DESCRIPTIVE_FIRM_RANGE_ONLY,OBSERVED,True,0.05311523668322317,0.016884763316776824,False,False,False,False,False,False,False,False,MISSING,FIRM_NATIVE,MISSING,False,MISSING,FIRM_NATIVE,MISSING,False,,,,,,,,,,,CAPTURED,COMPOSITE_NO_FIRM_CLIP,True,0.02,0.09,0.8,1.3,HASH_BOUND_EXECUTED_ADAPTER_LITERALS,household_entry_old_state,,
19.0,29.0,588.0,0.07976680323432264,0.02,0.05,15.692368072352222,0.1,0.07,3777746.434012247,3019211.856815929,24445181.805422295,0.24851067682442868,24345526.377692834,宁夏,OWNER_A_CAPTURE_PID67056,2018,19,29,30,D:\ProjectTemp\ch5-mp4c-2018-final-production-path-faithful-durable-execution-20260903-001\household_call_ledger.csv,,,,,0.1230684752371874,0.8863657935749993,18,17,,,,MISSING,MISSING,FIRM_NATIVE,MISSING,False,MISSING,FIRM_NATIVE,MISSING,False,,,,,,,,,,,CAPTURED,DESCRIPTIVE_FIRM_RANGE_ONLY,OBSERVED,True,0.05976680323432264,0.010233196765677355,False,False,False,False,False,False,False,False,MISSING,FIRM_NATIVE,MISSING,False,MISSING,FIRM_NATIVE,MISSING,False,,,,,,,,,,,CAPTURED,COMPOSITE_NO_FIRM_CLIP,True,0.02,0.09,0.8,1.3,HASH_BOUND_EXECUTED_ADAPTER_LITERALS,household_entry_old_state,,
19.0,30.0,589.0,0.06489563231018082,0.02,0.05,12.209075722858703,0.1,0.07,13129325.81597427,2896485.6588592166,62099685.07395263,0.4241481500847055,62002292.29853137,新疆,OWNER_A_CAPTURE_PID67056,2018,19,30,31,D:\ProjectTemp\ch5-mp4c-2018-final-production-path-faithful-durable-execution-20260903-001\household_call_ledger.csv,,,,,0.3,0.7212282935079958,18,17,,,,MISSING,MISSING,FIRM_NATIVE,MISSING,False,MISSING,FIRM_NATIVE,MISSING,False,,,,,,,,,,,CAPTURED,DESCRIPTIVE_FIRM_RANGE_ONLY,OBSERVED,True,0.044895632310180816,0.025104367689819176,False,False,False,False,False,False,False,False,MISSING,FIRM_NATIVE,MISSING,False,MISSING,FIRM_NATIVE,MISSING,False,,,,,,,,,,,CAPTURED,COMPOSITE_NO_FIRM_CLIP,False,0.02,0.09,0.8,1.3,HASH_BOUND_EXECUTED_ADAPTER_LITERALS,household_entry_old_state,,
20.0,0.0,590.0,0.0799146342354936,0.02,0.05,16.34391964476359,0.1,0.07,32626116.93748726,3174313.5950605697,86511315.50201856,0.7424873057534469,95054004.20831114,北京,OWNER_A_CAPTURE_PID67056,2018,20,0,1,D:\ProjectTemp\ch5-mp4c-2018-final-production-path-faithful-durable-execution-20260903-001\household_call_ledger.csv,,,,,0.12116569491184198,0.8881303942987903,19,18,,,,MISSING,MISSING,FIRM_NATIVE,MISSING,False,MISSING,FIRM_NATIVE,MISSING,False,,,,,,,,,,,CAPTURED,DESCRIPTIVE_FIRM_RANGE_ONLY,OBSERVED,True,0.05991463423549359,0.010085365764506402,False,False,False,False,False,False,False,False,MISSING,FIRM_NATIVE,MISSING,False,MISSING,FIRM_NATIVE,MISSING,False,,,,,,,,,,,CAPTURED,COMPOSITE_NO_FIRM_CLIP,True,0.02,0.09,0.8,1.3,HASH_BOUND_EXECUTED_ADAPTER_LITERALS,household_entry_old_state,,
20.0,1.0,591.0,0.07345897762620923,0.02,0.05,16.147945629836418,0.1,0.07,14377970.141444596,3096535.209633295,90134718.90970157,0.3188135223387136,99040496.45002016,天津,OWNER_A_CAPTURE_PID67056,2018,20,1,2,D:\ProjectTemp\ch5-mp4c-2018-final-production-path-faithful-durable-execution-20260903-001\household_call_ledger.csv,,,,,0.19817398532280342,0.816521642002073,19,18,,,,MISSING,MISSING,FIRM_NATIVE,MISSING,False,MISSING,FIRM_NATIVE,MISSING,False,,,,,,,,,,,CAPTURED,DESCRIPTIVE_FIRM_RANGE_ONLY,OBSERVED,True,0.05345897762620923,0.016541022373790765,False,False,False,False,False,False,False,False,MISSING,FIRM_NATIVE,MISSING,False,MISSING,FIRM_NATIVE,MISSING,False,,,,,,,,,,,CAPTURED,COMPOSITE_NO_FIRM_CLIP,True,0.02,0.09,0.8,1.3,HASH_BOUND_EXECUTED_ADAPTER_LITERALS,household_entry_old_state,,
20.0,2.0,592.0,0.08664473747263274,0.02,0.05,16.697525198657484,0.1,0.07,34966733.37456807,3185336.004333365,158568854.54974627,0.4977984259959601,174318996.73029876,河北,OWNER_A_CAPTURE_PID67056,2018,20,2,3,D:\ProjectTemp\ch5-mp4c-2018-final-production-path-faithful-durable-execution-20260903-001\household_call_ledger.csv,,,,,0.04042780400496038,0.9627827047548705,19,18,,,,MISSING,MISSING,FIRM_NATIVE,MISSING,False,MISSING,FIRM_NATIVE,MISSING,False,,,,,,,,,,,CAPTURED,DESCRIPTIVE_FIRM_RANGE_ONLY,OBSERVED,True,0.06664473747263273,0.0033552625273672587,False,False,False,False,False,False,False,False,MISSING,FIRM_NATIVE,MISSING,False,MISSING,FIRM_NATIVE,MISSING,False,,,,,,,,,,,CAPTURED,COMPOSITE_NO_FIRM_CLIP,True,0.02,0.09,0.8,1.3,HASH_BOUND_EXECUTED_ADAPTER_LITERALS,household_entry_old_state,,
20.0,3.0,593.0,0.08680199459061781,0.02,0.05,16.46821796752406,0.1,0.07,17168805.263166953,3197340.9338731323,66322839.86014771,0.47909921745504347,72844511.23412283,山西,OWNER_A_CAPTURE_PID67056,2018,20,3,4,D:\ProjectTemp\ch5-mp4c-2018-final-production-path-faithful-durable-execution-20260903-001\household_call_ledger.csv,,,,,0.0385356371748285,0.9645270387407204,19,18,,,,MISSING,MISSING,FIRM_NATIVE,MISSING,False,MISSING,FIRM_NATIVE,MISSING,False,,,,,,,,,,,CAPTURED,DESCRIPTIVE_FIRM_RANGE_ONLY,OBSERVED,True,0.06680199459061781,0.0031980054093821847,False,False,False,False,False,False,False,False,MISSING,FIRM_NATIVE,MISSING,False,MISSING,FIRM_NATIVE,MISSING,False,,,,,,,,,,,CAPTURED,COMPOSITE_NO_FIRM_CLIP,True,0.02,0.09,0.8,1.3,HASH_BOUND_EXECUTED_ADAPTER_LITERALS,household_entry_old_state,,
20.0,4.0,594.0,0.07847435818485021,0.02,0.05,15.76912301017787,0.1,0.07,17366751.365148026,3164145.0067334482,100043014.23353508,0.35352655098881675,109939693.54100306,内蒙古,OWNER_A_CAPTURE_PID67056,2018,20,4,5,D:\ProjectTemp\ch5-mp4c-2018-final-production-path-faithful-durable-execution-20260903-001\household_call_ledger.csv,,,,,0.13838331231905796,0.8721543280015782,19,18,,,,MISSING,MISSING,FIRM_NATIVE,MISSING,False,MISSING,FIRM_NATIVE,MISSING,False,,,,,,,,,,,CAPTURED,DESCRIPTIVE_FIRM_RANGE_ONLY,OBSERVED,True,0.05847435818485021,0.011525641815149784,False,False,False,False,False,False,False,False,MISSING,FIRM_NATIVE,MISSING,False,MISSING,FIRM_NATIVE,MISSING,False,,,,,,,,,,,CAPTURED,COMPOSITE_NO_FIRM_CLIP,True,0.02,0.09,0.8,1.3,HASH_BOUND_EXECUTED_ADAPTER_LITERALS,household_entry_old_state,,
20.0,5.0,595.0,0.0836574371451843,0.02,0.05,15.213634530871527,0.1,0.07,25298992.02925082,3153422.076028757,117701332.73201041,0.45450073156267085,129363635.88563408,辽宁,OWNER_A_CAPTURE_PID67056,2018,20,5,6,D:\ProjectTemp\ch5-mp4c-2018-final-production-path-faithful-durable-execution-20260903-001\household_call_ledger.csv,,,,,0.07632297463521798,0.9296467702524277,19,18,,,,MISSING,MISSING,FIRM_NATIVE,MISSING,False,MISSING,FIRM_NATIVE,MISSING,False,,,,,,,,,,,CAPTURED,DESCRIPTIVE_FIRM_RANGE_ONLY,OBSERVED,True,0.06365743714518429,0.0063425628548157,False,False,False,False,False,False,False,False,MISSING,FIRM_NATIVE,MISSING,False,MISSING,FIRM_NATIVE,MISSING,False,,,,,,,,,,,CAPTURED,COMPOSITE_NO_FIRM_CLIP,True,0.02,0.09,0.8,1.3,HASH_BOUND_EXECUTED_ADAPTER_LITERALS,household_entry_old_state,,
20.0,6.0,596.0,0.06776148310819165,0.02,0.05,14.379492480558325,0.1,0.07,12108874.642890705,2953428.6204726673,91983059.70180681,0.26717083545776044,101072960.83750287,吉林,OWNER_A_CAPTURE_PID67056,2018,20,6,7,D:\ProjectTemp\ch5-mp4c-2018-final-production-path-faithful-durable-execution-20260903-001\household_call_ledger.csv,,,,,0.1023070236880023,0.9056065007349425,19,18,,,,MISSING,MISSING,FIRM_NATIVE,MISSING,False,MISSING,FIRM_NATIVE,MISSING,False,,,,,,,,,,,CAPTURED,DESCRIPTIVE_FIRM_RANGE_ONLY,OBSERVED,True,0.047761483108191644,0.02223851689180835,False,False,False,False,False,False,False,False,MISSING,FIRM_NATIVE,MISSING,False,MISSING,FIRM_NATIVE,MISSING,False,,,,,,,,,,,CAPTURED,COMPOSITE_NO_FIRM_CLIP,False,0.02,0.09,0.8,1.3,HASH_BOUND_EXECUTED_ADAPTER_LITERALS,household_entry_old_state,,
20.0,7.0,597.0,0.08461748055501855,0.02,0.05,13.350058024154682,0.1,0.07,13822007.238459075,2973210.7878860156,77663060.17147349,0.34706938925624514,85319758.98544492,黑龙江,OWNER_A_CAPTURE_PID67056,2018,20,7,8,D:\ProjectTemp\ch5-mp4c-2018-final-production-path-faithful-durable-execution-20260903-001\household_call_ledger.csv,,,,,0.06479729188901276,0.9402958444978166,19,18,,,,MISSING,MISSING,FIRM_NATIVE,MISSING,False,MISSING,FIRM_NATIVE,MISSING,False,,,,,,,,,,,CAPTURED,DESCRIPTIVE_FIRM_RANGE_ONLY,OBSERVED,True,0.06461748055501855,0.005382519444981443,False,False,False,False,False,False,False,False,MISSING,FIRM_NATIVE,MISSING,False,MISSING,FIRM_NATIVE,MISSING,False,,,,,,,,,,,CAPTURED,COMPOSITE_NO_FIRM_CLIP,True,0.02,0.09,0.8,1.3,HASH_BOUND_EXECUTED_ADAPTER_LITERALS,household_entry_old_state,,
20.0,8.0,598.0,0.08011607152622864,0.02,0.05,16.290300797534,0.1,0.07,38750901.7569174,3170127.155540607,94842921.32627076,0.8216242981389733,104219130.48640227,上海,OWNER_A_CAPTURE_PID67056,2018,20,8,9,D:\ProjectTemp\ch5-mp4c-2018-final-production-path-faithful-durable-execution-20260903-001\household_call_ledger.csv,,,,,0.11875593934055706,0.8903648074023569,19,18,,,,MISSING,MISSING,FIRM_NATIVE,MISSING,False,MISSING,FIRM_NATIVE,MISSING,False,,,,,,,,,,,CAPTURED,DESCRIPTIVE_FIRM_RANGE_ONLY,OBSERVED,True,0.06011607152622864,0.009883928473771356,False,False,False,False,False,False,False,False,MISSING,FIRM_NATIVE,MISSING,False,MISSING,FIRM_NATIVE,MISSING,False,,,,,,,,,,,CAPTURED,COMPOSITE_NO_FIRM_CLIP,True,0.02,0.09,0.8,1.3,HASH_BOUND_EXECUTED_ADAPTER_LITERALS,household_entry_old_state,,
20.0,9.0,599.0,0.08332277365600808,0.02,0.05,16.965001044841934,0.1,0.07,99641090.51864745,3107808.6895880415,262072879.8604003,0.9674301857813141,288178211.3296919,江苏,OWNER_A_CAPTURE_PID67056,2018,20,9,10,D:\ProjectTemp\ch5-mp4c-2018-final-production-path-faithful-durable-execution-20260903-001\household_call_ledger.csv,,,,,0.08033848825905156,0.92593458422952,19,18,,,,MISSING,MISSING,FIRM_NATIVE,MISSING,False,MISSING,FIRM_NATIVE,MISSING,False,,,,,,,,,,,CAPTURED,DESCRIPTIVE_FIRM_RANGE_ONLY,OBSERVED,True,0.06332277365600808,0.006677226343991913,False,False,False,False,False,False,False,False,MISSING,FIRM_NATIVE,MISSING,False,MISSING,FIRM_NATIVE,MISSING,False,,,,,,,,,,,CAPTURED,COMPOSITE_NO_FIRM_CLIP,True,0.02,0.09,0.8,1.3,HASH_BOUND_EXECUTED_ADAPTER_LITERALS,household_entry_old_state,,
20.0,10.0,600.0,0.084786424820427,0.02,0.05,16.62488314954691,0.1,0.07,62415845.75338295,3136719.6413518414,172222745.67484248,0.8365347685551291,189338762.1867937,浙江,OWNER_A_CAPTURE_PID67056,2018,20,10,11,D:\ProjectTemp\ch5-mp4c-2018-final-production-path-faithful-durable-execution-20260903-001\household_call_ledger.csv,,,,,0.06276806168696052,0.9421698207323738,19,18,,,,MISSING,MISSING,FIRM_NATIVE,MISSING,False,MISSING,FIRM_NATIVE,MISSING,False,,,,,,,,,,,CAPTURED,DESCRIPTIVE_FIRM_RANGE_ONLY,OBSERVED,True,0.064786424820427,0.0052135751795729934,False,False,False,False,False,False,False,False,MISSING,FIRM_NATIVE,MISSING,False,MISSING,FIRM_NATIVE,MISSING,False,,,,,,,,,,,CAPTURED,COMPOSITE_NO_FIRM_CLIP,True,0.02,0.09,0.8,1.3,HASH_BOUND_EXECUTED_ADAPTER_LITERALS,household_entry_old_state,,
20.0,11.0,601.0,0.09,0.02,0.05,16.86421897387663,0.1,0.07,36597648.5849336,3198679.582938092,95359269.5069477,0.7711512572408815,104782738.28576377,安徽,OWNER_A_CAPTURE_PID67056,2018,20,11,12,D:\ProjectTemp\ch5-mp4c-2018-final-production-path-faithful-durable-execution-20260903-001\household_call_ledger.csv,,,,,0.0,1.0,19,18,,,0.09,DERIVED_IDENTITY_ZERO_EXTERNAL_WEIGHT,MISSING,FIRM_NATIVE,MISSING,False,MISSING,FIRM_NATIVE,MISSING,False,,,,,,,,,,,CAPTURED,DESCRIPTIVE_FIRM_RANGE_ONLY,OBSERVED,True,0.06999999999999999,0.0,False,False,False,True,False,True,False,False,MISSING,FIRM_NATIVE,MISSING,False,MISSING,FIRM_NATIVE,MISSING,False,,,,,,,,,,,CAPTURED,COMPOSITE_NO_FIRM_CLIP,True,0.02,0.09,0.8,1.3,HASH_BOUND_EXECUTED_ADAPTER_LITERALS,household_entry_old_state,,
20.0,12.0,602.0,0.08460838780400157,0.02,0.05,16.085554819507824,0.1,0.07,38527915.07474035,3165239.44141292,132622157.47975868,0.6306297978506848,145776766.83002323,福建,OWNER_A_CAPTURE_PID67056,2018,20,12,13,D:\ProjectTemp\ch5-mp4c-2018-final-production-path-faithful-durable-execution-20260903-001\household_call_ledger.csv,,,,,0.0649064986932153,0.9401949851907495,19,18,,,,MISSING,MISSING,FIRM_NATIVE,MISSING,False,MISSING,FIRM_NATIVE,MISSING,False,,,,,,,,,,,CAPTURED,DESCRIPTIVE_FIRM_RANGE_ONLY,OBSERVED,True,0.06460838780400156,0.00539161219599843,False,False,False,False,False,False,False,False,MISSING,FIRM_NATIVE,MISSING,False,MISSING,FIRM_NATIVE,MISSING,False,,,,,,,,,,,CAPTURED,COMPOSITE_NO_FIRM_CLIP,True,0.02,0.09,0.8,1.3,HASH_BOUND_EXECUTED_ADAPTER_LITERALS,household_entry_old_state,,
20.0,13.0,603.0,0.08836830984078935,0.02,0.05,16.547629134223545,0.1,0.07,24444441.042219266,3230216.9455379494,67874286.50494343,0.6683809984825949,74550465.78968571,江西,OWNER_A_CAPTURE_PID67056,2018,20,13,14,D:\ProjectTemp\ch5-mp4c-2018-final-production-path-faithful-durable-execution-20260903-001\household_call_ledger.csv,,,,,0.019675113595976762,0.9819009641575444,19,18,,,,MISSING,MISSING,FIRM_NATIVE,MISSING,False,MISSING,FIRM_NATIVE,MISSING,False,,,,,,,,,,,CAPTURED,DESCRIPTIVE_FIRM_RANGE_ONLY,OBSERVED,True,0.06836830984078934,0.0016316901592106497,False,False,False,False,False,False,False,False,MISSING,FIRM_NATIVE,MISSING,False,MISSING,FIRM_NATIVE,MISSING,False,,,,,,,,,,,CAPTURED,COMPOSITE_NO_FIRM_CLIP,True,0.02,0.09,0.8,1.3,HASH_BOUND_EXECUTED_ADAPTER_LITERALS,household_entry_old_state,,
20.0,14.0,604.0,0.0842739981671179,0.02,0.05,17.022508547391944,0.1,0.07,71720565.01861624,3130624.0872599655,275951661.8291479,0.66800672661982,303444731.8112207,山东,OWNER_A_CAPTURE_PID67056,2018,20,14,15,D:\ProjectTemp\ch5-mp4c-2018-final-production-path-faithful-durable-execution-20260903-001\household_call_ledger.csv,,,,,0.06892202679478683,0.9364858419937966,19,18,,,,MISSING,MISSING,FIRM_NATIVE,MISSING,False,MISSING,FIRM_NATIVE,MISSING,False,,,,,,,,,,,CAPTURED,DESCRIPTIVE_FIRM_RANGE_ONLY,OBSERVED,True,0.0642739981671179,0.005726001832882091,False,False,False,False,False,False,False,False,MISSING,FIRM_NATIVE,MISSING,False,MISSING,FIRM_NATIVE,MISSING,False,,,,,,,,,,,CAPTURED,COMPOSITE_NO_FIRM_CLIP,True,0.02,0.09,0.8,1.3,HASH_BOUND_EXECUTED_ADAPTER_LITERALS,household_entry_old_state,,
20.0,15.0,605.0,0.08506919073438976,0.02,0.05,17.160920919253847,0.1,0.07,53735719.173049636,3164237.619741787,226161544.73202366,0.5822829863817275,248673167.0424796,河南,OWNER_A_CAPTURE_PID67056,2018,20,15,16,D:\ProjectTemp\ch5-mp4c-2018-final-production-path-faithful-durable-execution-20260903-001\household_call_ledger.csv,,,,,0.05937102807378291,0.9453063369405427,19,18,,,,MISSING,MISSING,FIRM_NATIVE,MISSING,False,MISSING,FIRM_NATIVE,MISSING,False,,,,,,,,,,,CAPTURED,DESCRIPTIVE_FIRM_RANGE_ONLY,OBSERVED,True,0.06506919073438976,0.0049308092656102365,False,False,False,False,False,False,False,False,MISSING,FIRM_NATIVE,MISSING,False,MISSING,FIRM_NATIVE,MISSING,False,,,,,,,,,,,CAPTURED,COMPOSITE_NO_FIRM_CLIP,True,0.02,0.09,0.8,1.3,HASH_BOUND_EXECUTED_ADAPTER_LITERALS,household_entry_old_state,,
20.0,16.0,606.0,0.08667657904732423,0.02,0.05,17.033946529604354,0.1,0.07,45218294.01937845,3182002.401412347,134761528.02642655,0.7301739429745581,148129057.53473803,湖北,OWNER_A_CAPTURE_PID67056,2018,20,16,17,D:\ProjectTemp\ch5-mp4c-2018-final-production-path-faithful-durable-execution-20260903-001\household_call_ledger.csv,,,,,0.040044697087704216,0.9631358992350666,19,18,,,,MISSING,MISSING,FIRM_NATIVE,MISSING,False,MISSING,FIRM_NATIVE,MISSING,False,,,,,,,,,,,CAPTURED,DESCRIPTIVE_FIRM_RANGE_ONLY,OBSERVED,True,0.06667657904732423,0.003323420952675765,False,False,False,False,False,False,False,False,MISSING,FIRM_NATIVE,MISSING,False,MISSING,FIRM_NATIVE,MISSING,False,,,,,,,,,,,CAPTURED,COMPOSITE_NO_FIRM_CLIP,True,0.02,0.09,0.8,1.3,HASH_BOUND_EXECUTED_ADAPTER_LITERALS,household_entry_old_state,,
20.0,17.0,607.0,0.08816978733435338,0.02,0.05,16.745470634250292,0.1,0.07,39196633.67757617,3185870.7428148235,114052077.66714369,0.7198518694927118,125347559.00869186,湖南,OWNER_A_CAPTURE_PID67056,2018,20,17,18,D:\ProjectTemp\ch5-mp4c-2018-final-production-path-faithful-durable-execution-20260903-001\household_call_ledger.csv,,,,,0.02206701218325156,0.979698909542593,19,18,,,,MISSING,MISSING,FIRM_NATIVE,MISSING,False,MISSING,FIRM_NATIVE,MISSING,False,,,,,,,,,,,CAPTURED,DESCRIPTIVE_FIRM_RANGE_ONLY,OBSERVED,True,0.06816978733435337,0.0018302126656466189,False,False,False,False,False,False,False,False,MISSING,FIRM_NATIVE,MISSING,False,MISSING,FIRM_NATIVE,MISSING,False,,,,,,,,,,,CAPTURED,COMPOSITE_NO_FIRM_CLIP,True,0.02,0.09,0.8,1.3,HASH_BOUND_EXECUTED_ADAPTER_LITERALS,household_entry_old_state,,
20.0,18.0,608.0,0.08626066239392124,0.02,0.05,16.142019822552097,0.1,0.07,104680417.40236497,3074088.438863886,275718133.13960046,0.9796782971506642,303185885.31360954,广东,OWNER_A_CAPTURE_PID67056,2018,20,18,19,D:\ProjectTemp\ch5-mp4c-2018-final-production-path-faithful-durable-execution-20260903-001\household_call_ledger.csv,,,,,0.045048029371518965,0.9585224493887057,19,18,,,,MISSING,MISSING,FIRM_NATIVE,MISSING,False,MISSING,FIRM_NATIVE,MISSING,False,,,,,,,,,,,CAPTURED,DESCRIPTIVE_FIRM_RANGE_ONLY,OBSERVED,True,0.06626066239392124,0.003739337606078752,False,False,False,False,False,False,False,False,MISSING,FIRM_NATIVE,MISSING,False,MISSING,FIRM_NATIVE,MISSING,False,,,,,,,,,,,CAPTURED,COMPOSITE_NO_FIRM_CLIP,True,0.02,0.09,0.8,1.3,HASH_BOUND_EXECUTED_ADAPTER_LITERALS,household_entry_old_state,,
20.0,19.0,609.0,0.0869816355538086,0.02,0.05,15.373459206354525,0.1,0.07,21120826.533574726,3189482.949207862,92737689.1943786,0.4550236836056184,101901498.68207267,广西,OWNER_A_CAPTURE_PID67056,2018,20,19,20,D:\ProjectTemp\ch5-mp4c-2018-final-production-path-faithful-durable-execution-20260903-001\household_call_ledger.csv,,,,,0.03637382456647036,0.9665196592550925,19,18,,,,MISSING,MISSING,FIRM_NATIVE,MISSING,False,MISSING,FIRM_NATIVE,MISSING,False,,,,,,,,,,,CAPTURED,DESCRIPTIVE_FIRM_RANGE_ONLY,OBSERVED,True,0.0669816355538086,0.003018364446191399,False,False,False,False,False,False,False,False,MISSING,FIRM_NATIVE,MISSING,False,MISSING,FIRM_NATIVE,MISSING,False,,,,,,,,,,,CAPTURED,COMPOSITE_NO_FIRM_CLIP,True,0.02,0.09,0.8,1.3,HASH_BOUND_EXECUTED_ADAPTER_LITERALS,household_entry_old_state,,
20.0,20.0,610.0,0.08768022611124142,0.02,0.05,14.451254475085717,0.1,0.07,5283139.240896031,2961783.3767856294,17693637.8946816,0.41652503270469166,19350946.02108703,海南,OWNER_A_CAPTURE_PID67056,2018,20,20,21,D:\ProjectTemp\ch5-mp4c-2018-final-production-path-faithful-durable-execution-20260903-001\household_call_ledger.csv,,,,,0.027963724364002344,0.9742685877115467,19,18,,,,MISSING,MISSING,FIRM_NATIVE,MISSING,False,MISSING,FIRM_NATIVE,MISSING,False,,,,,,,,,,,CAPTURED,DESCRIPTIVE_FIRM_RANGE_ONLY,OBSERVED,True,0.06768022611124141,0.002319773888758578,False,False,False,False,False,False,False,False,MISSING,FIRM_NATIVE,MISSING,False,MISSING,FIRM_NATIVE,MISSING,False,,,,,,,,,,,CAPTURED,COMPOSITE_NO_FIRM_CLIP,True,0.02,0.09,0.8,1.3,HASH_BOUND_EXECUTED_ADAPTER_LITERALS,household_entry_old_state,,
20.0,21.0,611.0,0.08587492413728466,0.02,0.05,16.26864237875084,0.1,0.07,21911805.758820634,3217763.0961674023,69028027.61070299,0.5918919727415796,75820585.02466539,重庆,OWNER_A_CAPTURE_PID67056,2018,20,21,22,D:\ProjectTemp\ch5-mp4c-2018-final-production-path-faithful-durable-execution-20260903-001\household_call_ledger.csv,,,,,0.049686711943930977,0.9542437432126918,19,18,,,,MISSING,MISSING,FIRM_NATIVE,MISSING,False,MISSING,FIRM_NATIVE,MISSING,False,,,,,,,,,,,CAPTURED,DESCRIPTIVE_FIRM_RANGE_ONLY,OBSERVED,True,0.06587492413728466,0.0041250758627153356,False,False,False,False,False,False,False,False,MISSING,FIRM_NATIVE,MISSING,False,MISSING,FIRM_NATIVE,MISSING,False,,,,,,,,,,,CAPTURED,COMPOSITE_NO_FIRM_CLIP,True,0.02,0.09,0.8,1.3,HASH_BOUND_EXECUTED_ADAPTER_LITERALS,household_entry_old_state,,
20.0,22.0,612.0,0.0891060643456367,0.02,0.05,16.288763855942165,0.1,0.07,46166070.69202987,3136723.9249897627,122047760.24179801,0.8074275542510019,134141432.44620031,四川,OWNER_A_CAPTURE_PID67056,2018,20,22,23,D:\ProjectTemp\ch5-mp4c-2018-final-production-path-faithful-durable-execution-20260903-001\household_call_ledger.csv,,,,,0.010782650770128166,0.9900842911367937,19,18,,,,MISSING,MISSING,FIRM_NATIVE,MISSING,False,MISSING,FIRM_NATIVE,MISSING,False,,,,,,,,,,,CAPTURED,DESCRIPTIVE_FIRM_RANGE_ONLY,OBSERVED,True,0.0691060643456367,0.0008939356543632981,False,False,False,False,False,False,False,False,MISSING,FIRM_NATIVE,MISSING,False,MISSING,FIRM_NATIVE,MISSING,False,,,,,,,,,,,CAPTURED,COMPOSITE_NO_FIRM_CLIP,True,0.02,0.09,0.8,1.3,HASH_BOUND_EXECUTED_ADAPTER_LITERALS,household_entry_old_state,,
20.0,23.0,613.0,0.08816461208217145,0.02,0.05,15.859826133376226,0.1,0.07,16517548.017270923,3165288.4928388745,57633374.030704826,0.5149592966777985,63285371.605160095,贵州,OWNER_A_CAPTURE_PID67056,2018,20,23,24,D:\ProjectTemp\ch5-mp4c-2018-final-production-path-faithful-durable-execution-20260903-001\household_call_ledger.csv,,,,,0.02212936068262254,0.9796415045164464,19,18,,,,MISSING,MISSING,FIRM_NATIVE,MISSING,False,MISSING,FIRM_NATIVE,MISSING,False,,,,,,,,,,,CAPTURED,DESCRIPTIVE_FIRM_RANGE_ONLY,OBSERVED,True,0.06816461208217145,0.0018353879178285432,False,False,False,False,False,False,False,False,MISSING,FIRM_NATIVE,MISSING,False,MISSING,FIRM_NATIVE,MISSING,False,,,,,,,,,,,CAPTURED,COMPOSITE_NO_FIRM_CLIP,True,0.02,0.09,0.8,1.3,HASH_BOUND_EXECUTED_ADAPTER_LITERALS,household_entry_old_state,,
20.0,24.0,614.0,0.08754693785650242,0.02,0.05,15.169999971874821,0.1,0.07,22469003.332853597,3165631.2178595243,94517205.23607874,0.4778223937666087,103858705.74276832,云南,OWNER_A_CAPTURE_PID67056,2018,20,24,25,D:\ProjectTemp\ch5-mp4c-2018-final-production-path-faithful-durable-execution-20260903-001\household_call_ledger.csv,,,,,0.029568731957169938,0.9727901241009035,19,18,,,,MISSING,MISSING,FIRM_NATIVE,MISSING,False,MISSING,FIRM_NATIVE,MISSING,False,,,,,,,,,,,CAPTURED,DESCRIPTIVE_FIRM_RANGE_ONLY,OBSERVED,True,0.06754693785650241,0.0024530621434975808,False,False,False,False,False,False,False,False,MISSING,FIRM_NATIVE,MISSING,False,MISSING,FIRM_NATIVE,MISSING,False,,,,,,,,,,,CAPTURED,COMPOSITE_NO_FIRM_CLIP,True,0.02,0.09,0.8,1.3,HASH_BOUND_EXECUTED_ADAPTER_LITERALS,household_entry_old_state,,
20.0,25.0,615.0,0.06482510811698845,0.02,0.05,12.877006625835408,0.1,0.07,1589445.6603554809,2915355.4774292223,10652589.042246146,0.18618005329968096,11605988.682758776,西藏,OWNER_A_CAPTURE_PID67056,2018,20,25,26,D:\ProjectTemp\ch5-mp4c-2018-final-production-path-faithful-durable-execution-20260903-001\household_call_ledger.csv,,,,,0.2837596352791583,0.7364730861312674,19,18,,,,MISSING,MISSING,FIRM_NATIVE,MISSING,False,MISSING,FIRM_NATIVE,MISSING,False,,,,,,,,,,,CAPTURED,DESCRIPTIVE_FIRM_RANGE_ONLY,OBSERVED,True,0.04482510811698845,0.025174891883011544,False,False,False,False,False,False,False,False,MISSING,FIRM_NATIVE,MISSING,False,MISSING,FIRM_NATIVE,MISSING,False,,,,,,,,,,,CAPTURED,COMPOSITE_NO_FIRM_CLIP,False,0.02,0.09,0.8,1.3,HASH_BOUND_EXECUTED_ADAPTER_LITERALS,household_entry_old_state,,
20.0,26.0,616.0,0.08575802271846693,0.02,0.05,16.687669469525634,0.1,0.07,25762993.77531033,3216633.907997464,88803530.7686661,0.5728412128006308,97574313.32995889,陕西,OWNER_A_CAPTURE_PID67056,2018,20,26,27,D:\ProjectTemp\ch5-mp4c-2018-final-production-path-faithful-durable-execution-20260903-001\household_call_ledger.csv,,,,,0.05109219959757891,0.9529470426664945,19,18,,,,MISSING,MISSING,FIRM_NATIVE,MISSING,False,MISSING,FIRM_NATIVE,MISSING,False,,,,,,,,,,,CAPTURED,DESCRIPTIVE_FIRM_RANGE_ONLY,OBSERVED,True,0.06575802271846692,0.004241977281533069,False,False,False,False,False,False,False,False,MISSING,FIRM_NATIVE,MISSING,False,MISSING,FIRM_NATIVE,MISSING,False,,,,,,,,,,,CAPTURED,COMPOSITE_NO_FIRM_CLIP,True,0.02,0.09,0.8,1.3,HASH_BOUND_EXECUTED_ADAPTER_LITERALS,household_entry_old_state,,
20.0,27.0,617.0,0.08948910684667408,0.02,0.05,15.661655089723455,0.1,0.07,8872543.344207536,2958371.8319238103,32414794.049578127,0.4381816048344728,35544036.175489575,甘肃,OWNER_A_CAPTURE_PID67056,2018,20,27,28,D:\ProjectTemp\ch5-mp4c-2018-final-production-path-faithful-durable-execution-20260903-001\household_call_ledger.csv,,,,,0.006163422815411727,0.9943330749818472,19,18,,,,MISSING,MISSING,FIRM_NATIVE,MISSING,False,MISSING,FIRM_NATIVE,MISSING,False,,,,,,,,,,,CAPTURED,DESCRIPTIVE_FIRM_RANGE_ONLY,OBSERVED,True,0.06948910684667407,0.0005108931533259198,False,False,False,False,False,False,False,False,MISSING,FIRM_NATIVE,MISSING,False,MISSING,FIRM_NATIVE,MISSING,False,,,,,,,,,,,CAPTURED,COMPOSITE_NO_FIRM_CLIP,True,0.02,0.09,0.8,1.3,HASH_BOUND_EXECUTED_ADAPTER_LITERALS,household_entry_old_state,,
20.0,28.0,618.0,0.06459599264475355,0.02,0.05,14.21923180705721,0.1,0.07,2956602.2546925945,2956392.0871246797,22967916.91937321,0.19060129000121492,25153314.204511795,青海,OWNER_A_CAPTURE_PID67056,2018,20,28,29,D:\ProjectTemp\ch5-mp4c-2018-final-production-path-faithful-durable-execution-20260903-001\household_call_ledger.csv,,,,,0.12022999455338848,0.888998055715282,19,18,,,,MISSING,MISSING,FIRM_NATIVE,MISSING,False,MISSING,FIRM_NATIVE,MISSING,False,,,,,,,,,,,CAPTURED,DESCRIPTIVE_FIRM_RANGE_ONLY,OBSERVED,True,0.04459599264475354,0.02540400735524645,False,False,False,False,False,False,False,False,MISSING,FIRM_NATIVE,MISSING,False,MISSING,FIRM_NATIVE,MISSING,False,,,,,,,,,,,CAPTURED,COMPOSITE_NO_FIRM_CLIP,False,0.02,0.09,0.8,1.3,HASH_BOUND_EXECUTED_ADAPTER_LITERALS,household_entry_old_state,,
20.0,29.0,619.0,0.07975555161311167,0.02,0.05,15.689671713292263,0.1,0.07,3776709.1973967045,3014915.5173774394,24446726.594700202,0.23097480301029621,26780079.01546212,宁夏,OWNER_A_CAPTURE_PID67056,2018,20,29,30,D:\ProjectTemp\ch5-mp4c-2018-final-production-path-faithful-durable-execution-20260903-001\household_call_ledger.csv,,,,,0.1230684752371874,0.8863657935749993,19,18,,,,MISSING,MISSING,FIRM_NATIVE,MISSING,False,MISSING,FIRM_NATIVE,MISSING,False,,,,,,,,,,,CAPTURED,DESCRIPTIVE_FIRM_RANGE_ONLY,OBSERVED,True,0.05975555161311166,0.01024444838688833,False,False,False,False,False,False,False,False,MISSING,FIRM_NATIVE,MISSING,False,MISSING,FIRM_NATIVE,MISSING,False,,,,,,,,,,,CAPTURED,COMPOSITE_NO_FIRM_CLIP,True,0.02,0.09,0.8,1.3,HASH_BOUND_EXECUTED_ADAPTER_LITERALS,household_entry_old_state,,
20.0,30.0,620.0,0.06486820460087682,0.02,0.05,12.206822540980818,0.1,0.07,13125041.81736314,2892082.175417854,62101229.833072,0.39422481746994126,68202521.5283845,新疆,OWNER_A_CAPTURE_PID67056,2018,20,30,31,D:\ProjectTemp\ch5-mp4c-2018-final-production-path-faithful-durable-execution-20260903-001\household_call_ledger.csv,,,,,0.3,0.7212282935079958,19,18,,,,MISSING,MISSING,FIRM_NATIVE,MISSING,False,MISSING,FIRM_NATIVE,MISSING,False,,,,,,,,,,,CAPTURED,DESCRIPTIVE_FIRM_RANGE_ONLY,OBSERVED,True,0.044868204600876815,0.025131795399123177,False,False,False,False,False,False,False,False,MISSING,FIRM_NATIVE,MISSING,False,MISSING,FIRM_NATIVE,MISSING,False,,,,,,,,,,,CAPTURED,COMPOSITE_NO_FIRM_CLIP,False,0.02,0.09,0.8,1.3,HASH_BOUND_EXECUTED_ADAPTER_LITERALS,household_entry_old_state,,
21.0,0.0,621.0,0.07991455063577703,0.02,0.05,16.344930395424967,0.1,0.07,32625218.784779876,3170043.376145202,95152893.36968826,0.7424873057534469,95054004.20831114,北京,OWNER_A_CAPTURE_PID67056,2018,21,0,1,D:\ProjectTemp\ch5-mp4c-2018-final-production-path-faithful-durable-execution-20260903-001\household_call_ledger.csv,,,,,0.12116569491184198,0.8881303942987903,20,19,,,,MISSING,MISSING,FIRM_NATIVE,MISSING,False,MISSING,FIRM_NATIVE,MISSING,False,,,,,,,,,,,CAPTURED,DESCRIPTIVE_FIRM_RANGE_ONLY,OBSERVED,True,0.059914550635777025,0.010085449364222968,False,False,False,False,False,False,False,False,MISSING,FIRM_NATIVE,MISSING,False,MISSING,FIRM_NATIVE,MISSING,False,,,,,,,,,,,CAPTURED,COMPOSITE_NO_FIRM_CLIP,True,0.02,0.09,0.8,1.3,HASH_BOUND_EXECUTED_ADAPTER_LITERALS,household_entry_old_state,,
21.0,1.0,622.0,0.07345884089370407,0.02,0.05,16.148965754722045,0.1,0.07,14378895.363236524,3092308.4150469475,99138705.14655977,0.3188135223387136,99040496.45002016,天津,OWNER_A_CAPTURE_PID67056,2018,21,1,2,D:\ProjectTemp\ch5-mp4c-2018-final-production-path-faithful-durable-execution-20260903-001\household_call_ledger.csv,,,,,0.19817398532280342,0.816521642002073,20,19,,,,MISSING,MISSING,FIRM_NATIVE,MISSING,False,MISSING,FIRM_NATIVE,MISSING,False,,,,,,,,,,,CAPTURED,DESCRIPTIVE_FIRM_RANGE_ONLY,OBSERVED,True,0.05345884089370406,0.01654115910629593,False,False,False,False,False,False,False,False,MISSING,FIRM_NATIVE,MISSING,False,MISSING,FIRM_NATIVE,MISSING,False,,,,,,,,,,,CAPTURED,COMPOSITE_NO_FIRM_CLIP,True,0.02,0.09,0.8,1.3,HASH_BOUND_EXECUTED_ADAPTER_LITERALS,household_entry_old_state,,
21.0,2.0,623.0,0.08664470957898711,0.02,0.05,16.698537599836015,0.1,0.07,34966444.947666205,3181052.4812708837,174416394.6247548,0.4977984259959601,174318996.73029876,河北,OWNER_A_CAPTURE_PID67056,2018,21,2,3,D:\ProjectTemp\ch5-mp4c-2018-final-production-path-faithful-durable-execution-20260903-001\household_call_ledger.csv,,,,,0.04042780400496038,0.9627827047548705,20,19,,,,MISSING,MISSING,FIRM_NATIVE,MISSING,False,MISSING,FIRM_NATIVE,MISSING,False,,,,,,,,,,,CAPTURED,DESCRIPTIVE_FIRM_RANGE_ONLY,OBSERVED,True,0.0666447095789871,0.003355290421012888,False,False,False,False,False,False,False,False,MISSING,FIRM_NATIVE,MISSING,False,MISSING,FIRM_NATIVE,MISSING,False,,,,,,,,,,,CAPTURED,COMPOSITE_NO_FIRM_CLIP,True,0.02,0.09,0.8,1.3,HASH_BOUND_EXECUTED_ADAPTER_LITERALS,household_entry_old_state,,
21.0,3.0,624.0,0.08680196800249526,0.02,0.05,16.469258004808076,0.1,0.07,17169671.192320153,3191959.5333752767,72945372.92330535,0.47909921745504347,72844511.23412283,山西,OWNER_A_CAPTURE_PID67056,2018,21,3,4,D:\ProjectTemp\ch5-mp4c-2018-final-production-path-faithful-durable-execution-20260903-001\household_call_ledger.csv,,,,,0.0385356371748285,0.9645270387407204,20,19,,,,MISSING,MISSING,FIRM_NATIVE,MISSING,False,MISSING,FIRM_NATIVE,MISSING,False,,,,,,,,,,,CAPTURED,DESCRIPTIVE_FIRM_RANGE_ONLY,OBSERVED,True,0.06680196800249526,0.0031980319975047355,False,False,False,False,False,False,False,False,MISSING,FIRM_NATIVE,MISSING,False,MISSING,FIRM_NATIVE,MISSING,False,,,,,,,,,,,CAPTURED,COMPOSITE_NO_FIRM_CLIP,True,0.02,0.09,0.8,1.3,HASH_BOUND_EXECUTED_ADAPTER_LITERALS,household_entry_old_state,,
21.0,4.0,625.0,0.07847426270563312,0.02,0.05,15.770161019331178,0.1,0.07,17367891.32410537,3159690.022059978,110037836.57935436,0.35352655098881675,109939693.54100306,内蒙古,OWNER_A_CAPTURE_PID67056,2018,21,4,5,D:\ProjectTemp\ch5-mp4c-2018-final-production-path-faithful-durable-execution-20260903-001\household_call_ledger.csv,,,,,0.13838331231905796,0.8721543280015782,20,19,,,,MISSING,MISSING,FIRM_NATIVE,MISSING,False,MISSING,FIRM_NATIVE,MISSING,False,,,,,,,,,,,CAPTURED,DESCRIPTIVE_FIRM_RANGE_ONLY,OBSERVED,True,0.05847426270563312,0.011525737294366872,False,False,False,False,False,False,False,False,MISSING,FIRM_NATIVE,MISSING,False,MISSING,FIRM_NATIVE,MISSING,False,,,,,,,,,,,CAPTURED,COMPOSITE_NO_FIRM_CLIP,True,0.02,0.09,0.8,1.3,HASH_BOUND_EXECUTED_ADAPTER_LITERALS,household_entry_old_state,,
21.0,5.0,626.0,0.0836573844852375,0.02,0.05,15.214572774341745,0.1,0.07,25298534.483339753,3149176.811157198,129461968.02462901,0.45450073156267085,129363635.88563408,辽宁,OWNER_A_CAPTURE_PID67056,2018,21,5,6,D:\ProjectTemp\ch5-mp4c-2018-final-production-path-faithful-durable-execution-20260903-001\household_call_ledger.csv,,,,,0.07632297463521798,0.9296467702524277,20,19,,,,MISSING,MISSING,FIRM_NATIVE,MISSING,False,MISSING,FIRM_NATIVE,MISSING,False,,,,,,,,,,,CAPTURED,DESCRIPTIVE_FIRM_RANGE_ONLY,OBSERVED,True,0.0636573844852375,0.006342615514762492,False,False,False,False,False,False,False,False,MISSING,FIRM_NATIVE,MISSING,False,MISSING,FIRM_NATIVE,MISSING,False,,,,,,,,,,,CAPTURED,COMPOSITE_NO_FIRM_CLIP,True,0.02,0.09,0.8,1.3,HASH_BOUND_EXECUTED_ADAPTER_LITERALS,household_entry_old_state,,
21.0,6.0,627.0,0.06772686462512731,0.02,0.05,14.38042817044982,0.1,0.07,12109680.338725658,2949651.0870084343,101171822.2360997,0.26717083545776044,101072960.83750287,吉林,OWNER_A_CAPTURE_PID67056,2018,21,6,7,D:\ProjectTemp\ch5-mp4c-2018-final-production-path-faithful-durable-execution-20260903-001\household_call_ledger.csv,,,,,0.1023070236880023,0.9056065007349425,20,19,,,,MISSING,MISSING,FIRM_NATIVE,MISSING,False,MISSING,FIRM_NATIVE,MISSING,False,,,,,,,,,,,CAPTURED,DESCRIPTIVE_FIRM_RANGE_ONLY,OBSERVED,True,0.047726864625127305,0.022273135374872688,False,False,False,False,False,False,False,False,MISSING,FIRM_NATIVE,MISSING,False,MISSING,FIRM_NATIVE,MISSING,False,,,,,,,,,,,CAPTURED,COMPOSITE_NO_FIRM_CLIP,False,0.02,0.09,0.8,1.3,HASH_BOUND_EXECUTED_ADAPTER_LITERALS,household_entry_old_state,,
21.0,7.0,628.0,0.08461743584735405,0.02,0.05,13.350953081062267,0.1,0.07,13822809.080579733,2968946.8785259943,85419706.66078961,0.34706938925624514,85319758.98544492,黑龙江,OWNER_A_CAPTURE_PID67056,2018,21,7,8,D:\ProjectTemp\ch5-mp4c-2018-final-production-path-faithful-durable-execution-20260903-001\household_call_ledger.csv,,,,,0.06479729188901276,0.9402958444978166,20,19,,,,MISSING,MISSING,FIRM_NATIVE,MISSING,False,MISSING,FIRM_NATIVE,MISSING,False,,,,,,,,,,,CAPTURED,DESCRIPTIVE_FIRM_RANGE_ONLY,OBSERVED,True,0.06461743584735405,0.005382564152645944,False,False,False,False,False,False,False,False,MISSING,FIRM_NATIVE,MISSING,False,MISSING,FIRM_NATIVE,MISSING,False,,,,,,,,,,,CAPTURED,COMPOSITE_NO_FIRM_CLIP,True,0.02,0.09,0.8,1.3,HASH_BOUND_EXECUTED_ADAPTER_LITERALS,household_entry_old_state,,
21.0,8.0,629.0,0.08011598958915167,0.02,0.05,16.291206995639726,0.1,0.07,38750301.13623163,3165940.3383189584,104317692.49178568,0.8216242981389733,104219130.48640227,上海,OWNER_A_CAPTURE_PID67056,2018,21,8,9,D:\ProjectTemp\ch5-mp4c-2018-final-production-path-faithful-durable-execution-20260903-001\household_call_ledger.csv,,,,,0.11875593934055706,0.8903648074023569,20,19,,,,MISSING,MISSING,FIRM_NATIVE,MISSING,False,MISSING,FIRM_NATIVE,MISSING,False,,,,,,,,,,,CAPTURED,DESCRIPTIVE_FIRM_RANGE_ONLY,OBSERVED,True,0.06011598958915167,0.009884010410848326,False,False,False,False,False,False,False,False,MISSING,FIRM_NATIVE,MISSING,False,MISSING,FIRM_NATIVE,MISSING,False,,,,,,,,,,,CAPTURED,COMPOSITE_NO_FIRM_CLIP,True,0.02,0.09,0.8,1.3,HASH_BOUND_EXECUTED_ADAPTER_LITERALS,household_entry_old_state,,
21.0,9.0,630.0,0.08332271822550975,0.02,0.05,16.965950553962035,0.1,0.07,99641309.52226621,3103698.1151964017,288271203.8138159,0.9674301857813141,288178211.3296919,江苏,OWNER_A_CAPTURE_PID67056,2018,21,9,10,D:\ProjectTemp\ch5-mp4c-2018-final-production-path-faithful-durable-execution-20260903-001\household_call_ledger.csv,,,,,0.08033848825905156,0.92593458422952,20,19,,,,MISSING,MISSING,FIRM_NATIVE,MISSING,False,MISSING,FIRM_NATIVE,MISSING,False,,,,,,,,,,,CAPTURED,DESCRIPTIVE_FIRM_RANGE_ONLY,OBSERVED,True,0.06332271822550975,0.006677281774490243,False,False,False,False,False,False,False,False,MISSING,FIRM_NATIVE,MISSING,False,MISSING,FIRM_NATIVE,MISSING,False,,,,,,,,,,,CAPTURED,COMPOSITE_NO_FIRM_CLIP,True,0.02,0.09,0.8,1.3,HASH_BOUND_EXECUTED_ADAPTER_LITERALS,household_entry_old_state,,
21.0,10.0,631.0,0.0847863815128541,0.02,0.05,16.6258000657605,0.1,0.07,62415682.79202684,3132589.5971542075,189435665.17459705,0.8365347685551291,189338762.1867937,浙江,OWNER_A_CAPTURE_PID67056,2018,21,10,11,D:\ProjectTemp\ch5-mp4c-2018-final-production-path-faithful-durable-execution-20260903-001\household_call_ledger.csv,,,,,0.06276806168696052,0.9421698207323738,20,19,,,,MISSING,MISSING,FIRM_NATIVE,MISSING,False,MISSING,FIRM_NATIVE,MISSING,False,,,,,,,,,,,CAPTURED,DESCRIPTIVE_FIRM_RANGE_ONLY,OBSERVED,True,0.0647863815128541,0.005213618487145896,False,False,False,False,False,False,False,False,MISSING,FIRM_NATIVE,MISSING,False,MISSING,FIRM_NATIVE,MISSING,False,,,,,,,,,,,CAPTURED,COMPOSITE_NO_FIRM_CLIP,True,0.02,0.09,0.8,1.3,HASH_BOUND_EXECUTED_ADAPTER_LITERALS,household_entry_old_state,,
21.0,11.0,632.0,0.09,0.02,0.05,16.865169732392722,0.1,0.07,36597114.47315096,3194444.9570600805,104885277.76222518,0.7711512572408815,104782738.28576377,安徽,OWNER_A_CAPTURE_PID67056,2018,21,11,12,D:\ProjectTemp\ch5-mp4c-2018-final-production-path-faithful-durable-execution-20260903-001\household_call_ledger.csv,,,,,0.0,1.0,20,19,,,0.09,DERIVED_IDENTITY_ZERO_EXTERNAL_WEIGHT,MISSING,FIRM_NATIVE,MISSING,False,MISSING,FIRM_NATIVE,MISSING,False,,,,,,,,,,,CAPTURED,DESCRIPTIVE_FIRM_RANGE_ONLY,OBSERVED,True,0.06999999999999999,0.0,False,False,False,True,False,True,False,False,MISSING,FIRM_NATIVE,MISSING,False,MISSING,FIRM_NATIVE,MISSING,False,,,,,,,,,,,CAPTURED,COMPOSITE_NO_FIRM_CLIP,True,0.02,0.09,0.8,1.3,HASH_BOUND_EXECUTED_ADAPTER_LITERALS,household_entry_old_state,,
21.0,12.0,633.0,0.08460834302098853,0.02,0.05,16.08642422921132,0.1,0.07,38527667.911890976,3161118.3911439427,145874895.58668667,0.6306297978506848,145776766.83002323,福建,OWNER_A_CAPTURE_PID67056,2018,21,12,13,D:\ProjectTemp\ch5-mp4c-2018-final-production-path-faithful-durable-execution-20260903-001\household_call_ledger.csv,,,,,0.0649064986932153,0.9401949851907495,20,19,,,,MISSING,MISSING,FIRM_NATIVE,MISSING,False,MISSING,FIRM_NATIVE,MISSING,False,,,,,,,,,,,CAPTURED,DESCRIPTIVE_FIRM_RANGE_ONLY,OBSERVED,True,0.06460834302098853,0.005391656979011464,False,False,False,False,False,False,False,False,MISSING,FIRM_NATIVE,MISSING,False,MISSING,FIRM_NATIVE,MISSING,False,,,,,,,,,,,CAPTURED,COMPOSITE_NO_FIRM_CLIP,True,0.02,0.09,0.8,1.3,HASH_BOUND_EXECUTED_ADAPTER_LITERALS,household_entry_old_state,,
21.0,13.0,634.0,0.08836829626571002,0.02,0.05,16.54854329333001,0.1,0.07,24443789.591335293,3225983.930902426,74651906.3477506,0.6683809984825949,74550465.78968571,江西,OWNER_A_CAPTURE_PID67056,2018,21,13,14,D:\ProjectTemp\ch5-mp4c-2018-final-production-path-faithful-durable-execution-20260903-001\household_call_ledger.csv,,,,,0.019675113595976762,0.9819009641575444,20,19,,,,MISSING,MISSING,FIRM_NATIVE,MISSING,False,MISSING,FIRM_NATIVE,MISSING,False,,,,,,,,,,,CAPTURED,DESCRIPTIVE_FIRM_RANGE_ONLY,OBSERVED,True,0.06836829626571002,0.0016317037342899743,False,False,False,False,False,False,False,False,MISSING,FIRM_NATIVE,MISSING,False,MISSING,FIRM_NATIVE,MISSING,False,,,,,,,,,,,CAPTURED,COMPOSITE_NO_FIRM_CLIP,True,0.02,0.09,0.8,1.3,HASH_BOUND_EXECUTED_ADAPTER_LITERALS,household_entry_old_state,,
21.0,14.0,635.0,0.08427395061354336,0.02,0.05,17.023520062417237,0.1,0.07,71720246.54074764,3126434.4596708035,303537851.2806254,0.66800672661982,303444731.8112207,山东,OWNER_A_CAPTURE_PID67056,2018,21,14,15,D:\ProjectTemp\ch5-mp4c-2018-final-production-path-faithful-durable-execution-20260903-001\household_call_ledger.csv,,,,,0.06892202679478683,0.9364858419937966,20,19,,,,MISSING,MISSING,FIRM_NATIVE,MISSING,False,MISSING,FIRM_NATIVE,MISSING,False,,,,,,,,,,,CAPTURED,DESCRIPTIVE_FIRM_RANGE_ONLY,OBSERVED,True,0.06427395061354335,0.005726049386456641,False,False,False,False,False,False,False,False,MISSING,FIRM_NATIVE,MISSING,False,MISSING,FIRM_NATIVE,MISSING,False,,,,,,,,,,,CAPTURED,COMPOSITE_NO_FIRM_CLIP,True,0.02,0.09,0.8,1.3,HASH_BOUND_EXECUTED_ADAPTER_LITERALS,household_entry_old_state,,
21.0,15.0,636.0,0.08506914977064071,0.02,0.05,17.161930174826566,0.1,0.07,53735366.38405714,3160029.713795582,248768501.03058407,0.5822829863817275,248673167.0424796,河南,OWNER_A_CAPTURE_PID67056,2018,21,15,16,D:\ProjectTemp\ch5-mp4c-2018-final-production-path-faithful-durable-execution-20260903-001\household_call_ledger.csv,,,,,0.05937102807378291,0.9453063369405427,20,19,,,,MISSING,MISSING,FIRM_NATIVE,MISSING,False,MISSING,FIRM_NATIVE,MISSING,False,,,,,,,,,,,CAPTURED,DESCRIPTIVE_FIRM_RANGE_ONLY,OBSERVED,True,0.06506914977064071,0.004930850229359282,False,False,False,False,False,False,False,False,MISSING,FIRM_NATIVE,MISSING,False,MISSING,FIRM_NATIVE,MISSING,False,,,,,,,,,,,CAPTURED,COMPOSITE_NO_FIRM_CLIP,True,0.02,0.09,0.8,1.3,HASH_BOUND_EXECUTED_ADAPTER_LITERALS,household_entry_old_state,,
21.0,16.0,637.0,0.08667655141800779,0.02,0.05,17.034905334113734,0.1,0.07,45218190.82370435,3177796.588801693,148227275.71850944,0.7301739429745581,148129057.53473803,湖北,OWNER_A_CAPTURE_PID67056,2018,21,16,17,D:\ProjectTemp\ch5-mp4c-2018-final-production-path-faithful-durable-execution-20260903-001\household_call_ledger.csv,,,,,0.040044697087704216,0.9631358992350666,20,19,,,,MISSING,MISSING,FIRM_NATIVE,MISSING,False,MISSING,FIRM_NATIVE,MISSING,False,,,,,,,,,,,CAPTURED,DESCRIPTIVE_FIRM_RANGE_ONLY,OBSERVED,True,0.06667655141800778,0.003323448581992211,False,False,False,False,False,False,False,False,MISSING,FIRM_NATIVE,MISSING,False,MISSING,FIRM_NATIVE,MISSING,False,,,,,,,,,,,CAPTURED,COMPOSITE_NO_FIRM_CLIP,True,0.02,0.09,0.8,1.3,HASH_BOUND_EXECUTED_ADAPTER_LITERALS,household_entry_old_state,,
21.0,17.0,638.0,0.08816977210895509,0.02,0.05,16.746405308876476,0.1,0.07,39196481.65983656,3181733.462330132,125448091.26435803,0.7198518694927118,125347559.00869186,湖南,OWNER_A_CAPTURE_PID67056,2018,21,17,18,D:\ProjectTemp\ch5-mp4c-2018-final-production-path-faithful-durable-execution-20260903-001\household_call_ledger.csv,,,,,0.02206701218325156,0.979698909542593,20,19,,,,MISSING,MISSING,FIRM_NATIVE,MISSING,False,MISSING,FIRM_NATIVE,MISSING,False,,,,,,,,,,,CAPTURED,DESCRIPTIVE_FIRM_RANGE_ONLY,OBSERVED,True,0.06816977210895508,0.0018302278910449082,False,False,False,False,False,False,False,False,MISSING,FIRM_NATIVE,MISSING,False,MISSING,FIRM_NATIVE,MISSING,False,,,,,,,,,,,CAPTURED,COMPOSITE_NO_FIRM_CLIP,True,0.02,0.09,0.8,1.3,HASH_BOUND_EXECUTED_ADAPTER_LITERALS,household_entry_old_state,,
21.0,18.0,639.0,0.086260631312496,0.02,0.05,16.142894862370422,0.1,0.07,104680897.83375166,3070131.812220167,303280791.0969728,0.9796782971506642,303185885.31360954,广东,OWNER_A_CAPTURE_PID67056,2018,21,18,19,D:\ProjectTemp\ch5-mp4c-2018-final-production-path-faithful-durable-execution-20260903-001\household_call_ledger.csv,,,,,0.045048029371518965,0.9585224493887057,20,19,,,,MISSING,MISSING,FIRM_NATIVE,MISSING,False,MISSING,FIRM_NATIVE,MISSING,False,,,,,,,,,,,CAPTURED,DESCRIPTIVE_FIRM_RANGE_ONLY,OBSERVED,True,0.066260631312496,0.003739368687503991,False,False,False,False,False,False,False,False,MISSING,FIRM_NATIVE,MISSING,False,MISSING,FIRM_NATIVE,MISSING,False,,,,,,,,,,,CAPTURED,COMPOSITE_NO_FIRM_CLIP,True,0.02,0.09,0.8,1.3,HASH_BOUND_EXECUTED_ADAPTER_LITERALS,household_entry_old_state,,
21.0,19.0,640.0,0.08698161045725444,0.02,0.05,15.374311799591368,0.1,0.07,21120492.225446444,3185381.5154659483,102001766.56752264,0.4550236836056184,101901498.68207267,广西,OWNER_A_CAPTURE_PID67056,2018,21,19,20,D:\ProjectTemp\ch5-mp4c-2018-final-production-path-faithful-durable-execution-20260903-001\household_call_ledger.csv,,,,,0.03637382456647036,0.9665196592550925,20,19,,,,MISSING,MISSING,FIRM_NATIVE,MISSING,False,MISSING,FIRM_NATIVE,MISSING,False,,,,,,,,,,,CAPTURED,DESCRIPTIVE_FIRM_RANGE_ONLY,OBSERVED,True,0.06698161045725444,0.003018389542745553,False,False,False,False,False,False,False,False,MISSING,FIRM_NATIVE,MISSING,False,MISSING,FIRM_NATIVE,MISSING,False,,,,,,,,,,,CAPTURED,COMPOSITE_NO_FIRM_CLIP,True,0.02,0.09,0.8,1.3,HASH_BOUND_EXECUTED_ADAPTER_LITERALS,household_entry_old_state,,
21.0,20.0,641.0,0.08768020681733621,0.02,0.05,14.452041003392793,0.1,0.07,5282459.04379633,2957974.919559627,19453119.578999337,0.41652503270469166,19350946.02108703,海南,OWNER_A_CAPTURE_PID67056,2018,21,20,21,D:\ProjectTemp\ch5-mp4c-2018-final-production-path-faithful-durable-execution-20260903-001\household_call_ledger.csv,,,,,0.027963724364002344,0.9742685877115467,20,19,,,,MISSING,MISSING,FIRM_NATIVE,MISSING,False,MISSING,FIRM_NATIVE,MISSING,False,,,,,,,,,,,CAPTURED,DESCRIPTIVE_FIRM_RANGE_ONLY,OBSERVED,True,0.0676802068173362,0.0023197931826637874,False,False,False,False,False,False,False,False,MISSING,FIRM_NATIVE,MISSING,False,MISSING,FIRM_NATIVE,MISSING,False,,,,,,,,,,,CAPTURED,COMPOSITE_NO_FIRM_CLIP,True,0.02,0.09,0.8,1.3,HASH_BOUND_EXECUTED_ADAPTER_LITERALS,household_entry_old_state,,
21.0,21.0,642.0,0.08587488985534504,0.02,0.05,16.269586979259085,0.1,0.07,21911157.765411958,3213572.8892937256,75921112.83439785,0.5918919727415796,75820585.02466539,重庆,OWNER_A_CAPTURE_PID67056,2018,21,21,22,D:\ProjectTemp\ch5-mp4c-2018-final-production-path-faithful-durable-execution-20260903-001\household_call_ledger.csv,,,,,0.049686711943930977,0.9542437432126918,20,19,,,,MISSING,MISSING,FIRM_NATIVE,MISSING,False,MISSING,FIRM_NATIVE,MISSING,False,,,,,,,,,,,CAPTURED,DESCRIPTIVE_FIRM_RANGE_ONLY,OBSERVED,True,0.06587488985534504,0.004125110144654956,False,False,False,False,False,False,False,False,MISSING,FIRM_NATIVE,MISSING,False,MISSING,FIRM_NATIVE,MISSING,False,,,,,,,,,,,CAPTURED,COMPOSITE_NO_FIRM_CLIP,True,0.02,0.09,0.8,1.3,HASH_BOUND_EXECUTED_ADAPTER_LITERALS,household_entry_old_state,,
21.0,22.0,643.0,0.08910605690601817,0.02,0.05,16.289719274760866,0.1,0.07,46165390.354208454,3132638.6499285414,134242740.68872967,0.8074275542510019,134141432.44620031,四川,OWNER_A_CAPTURE_PID67056,2018,21,22,23,D:\ProjectTemp\ch5-mp4c-2018-final-production-path-faithful-durable-execution-20260903-001\household_call_ledger.csv,,,,,0.010782650770128166,0.9900842911367937,20,19,,,,MISSING,MISSING,FIRM_NATIVE,MISSING,False,MISSING,FIRM_NATIVE,MISSING,False,,,,,,,,,,,CAPTURED,DESCRIPTIVE_FIRM_RANGE_ONLY,OBSERVED,True,0.06910605690601816,0.0008939430939818305,False,False,False,False,False,False,False,False,MISSING,FIRM_NATIVE,MISSING,False,MISSING,FIRM_NATIVE,MISSING,False,,,,,,,,,,,CAPTURED,COMPOSITE_NO_FIRM_CLIP,True,0.02,0.09,0.8,1.3,HASH_BOUND_EXECUTED_ADAPTER_LITERALS,household_entry_old_state,,
21.0,23.0,644.0,0.08816459681375508,0.02,0.05,15.860763075593965,0.1,0.07,16518390.725145634,3159822.646969416,63386894.40232153,0.5149592966777985,63285371.605160095,贵州,OWNER_A_CAPTURE_PID67056,2018,21,23,24,D:\ProjectTemp\ch5-mp4c-2018-final-production-path-faithful-durable-execution-20260903-001\household_call_ledger.csv,,,,,0.02212936068262254,0.9796415045164464,20,19,,,,MISSING,MISSING,FIRM_NATIVE,MISSING,False,MISSING,FIRM_NATIVE,MISSING,False,,,,,,,,,,,CAPTURED,DESCRIPTIVE_FIRM_RANGE_ONLY,OBSERVED,True,0.06816459681375507,0.0018354031862449216,False,False,False,False,False,False,False,False,MISSING,FIRM_NATIVE,MISSING,False,MISSING,FIRM_NATIVE,MISSING,False,,,,,,,,,,,CAPTURED,COMPOSITE_NO_FIRM_CLIP,True,0.02,0.09,0.8,1.3,HASH_BOUND_EXECUTED_ADAPTER_LITERALS,household_entry_old_state,,
21.0,24.0,645.0,0.08754691745520309,0.02,0.05,15.170868917745182,0.1,0.07,22468596.004495613,3161548.3897961583,103959210.52439596,0.4778223937666087,103858705.74276832,云南,OWNER_A_CAPTURE_PID67056,2018,21,24,25,D:\ProjectTemp\ch5-mp4c-2018-final-production-path-faithful-durable-execution-20260903-001\household_call_ledger.csv,,,,,0.029568731957169938,0.9727901241009035,20,19,,,,MISSING,MISSING,FIRM_NATIVE,MISSING,False,MISSING,FIRM_NATIVE,MISSING,False,,,,,,,,,,,CAPTURED,DESCRIPTIVE_FIRM_RANGE_ONLY,OBSERVED,True,0.06754691745520308,0.0024530825447969112,False,False,False,False,False,False,False,False,MISSING,FIRM_NATIVE,MISSING,False,MISSING,FIRM_NATIVE,MISSING,False,,,,,,,,,,,CAPTURED,COMPOSITE_NO_FIRM_CLIP,True,0.02,0.09,0.8,1.3,HASH_BOUND_EXECUTED_ADAPTER_LITERALS,household_entry_old_state,,
21.0,25.0,646.0,0.06479341654280901,0.02,0.05,12.87779299381478,0.1,0.07,1589076.8065103851,2911548.644512758,11707974.835895397,0.18618005329968096,11605988.682758776,西藏,OWNER_A_CAPTURE_PID67056,2018,21,25,26,D:\ProjectTemp\ch5-mp4c-2018-final-production-path-faithful-durable-execution-20260903-001\household_call_ledger.csv,,,,,0.2837596352791583,0.7364730861312674,20,19,,,,MISSING,MISSING,FIRM_NATIVE,MISSING,False,MISSING,FIRM_NATIVE,MISSING,False,,,,,,,,,,,CAPTURED,DESCRIPTIVE_FIRM_RANGE_ONLY,OBSERVED,True,0.04479341654280901,0.025206583457190984,False,False,False,False,False,False,False,False,MISSING,FIRM_NATIVE,MISSING,False,MISSING,FIRM_NATIVE,MISSING,False,,,,,,,,,,,CAPTURED,COMPOSITE_NO_FIRM_CLIP,False,0.02,0.09,0.8,1.3,HASH_BOUND_EXECUTED_ADAPTER_LITERALS,household_entry_old_state,,
21.0,26.0,647.0,0.08575798746679435,0.02,0.05,16.68865920271944,0.1,0.07,25762359.892554212,3212383.3942505,97674227.65451808,0.5728412128006308,97574313.32995889,陕西,OWNER_A_CAPTURE_PID67056,2018,21,26,27,D:\ProjectTemp\ch5-mp4c-2018-final-production-path-faithful-durable-execution-20260903-001\household_call_ledger.csv,,,,,0.05109219959757891,0.9529470426664945,20,19,,,,MISSING,MISSING,FIRM_NATIVE,MISSING,False,MISSING,FIRM_NATIVE,MISSING,False,,,,,,,,,,,CAPTURED,DESCRIPTIVE_FIRM_RANGE_ONLY,OBSERVED,True,0.06575798746679434,0.00424201253320565,False,False,False,False,False,False,False,False,MISSING,FIRM_NATIVE,MISSING,False,MISSING,FIRM_NATIVE,MISSING,False,,,,,,,,,,,CAPTURED,COMPOSITE_NO_FIRM_CLIP,True,0.02,0.09,0.8,1.3,HASH_BOUND_EXECUTED_ADAPTER_LITERALS,household_entry_old_state,,
21.0,27.0,648.0,0.08948910259414698,0.02,0.05,15.662609145001712,0.1,0.07,8871886.155233249,2954462.0673787235,35646374.83949859,0.4381816048344728,35544036.175489575,甘肃,OWNER_A_CAPTURE_PID67056,2018,21,27,28,D:\ProjectTemp\ch5-mp4c-2018-final-production-path-faithful-durable-execution-20260903-001\household_call_ledger.csv,,,,,0.006163422815411727,0.9943330749818472,20,19,,,,MISSING,MISSING,FIRM_NATIVE,MISSING,False,MISSING,FIRM_NATIVE,MISSING,False,,,,,,,,,,,CAPTURED,DESCRIPTIVE_FIRM_RANGE_ONLY,OBSERVED,True,0.06948910259414698,0.0005108974058530141,False,False,False,False,False,False,False,False,MISSING,FIRM_NATIVE,MISSING,False,MISSING,FIRM_NATIVE,MISSING,False,,,,,,,,,,,CAPTURED,COMPOSITE_NO_FIRM_CLIP,True,0.02,0.09,0.8,1.3,HASH_BOUND_EXECUTED_ADAPTER_LITERALS,household_entry_old_state,,
21.0,28.0,649.0,0.06456493674686044,0.02,0.05,14.220114131989888,0.1,0.07,2956290.029843552,2952492.095015451,25254888.773183845,0.19060129000121492,25153314.204511795,青海,OWNER_A_CAPTURE_PID67056,2018,21,28,29,D:\ProjectTemp\ch5-mp4c-2018-final-production-path-faithful-durable-execution-20260903-001\household_call_ledger.csv,,,,,0.12022999455338848,0.888998055715282,20,19,,,,MISSING,MISSING,FIRM_NATIVE,MISSING,False,MISSING,FIRM_NATIVE,MISSING,False,,,,,,,,,,,CAPTURED,DESCRIPTIVE_FIRM_RANGE_ONLY,OBSERVED,True,0.044564936746860434,0.02543506325313956,False,False,False,False,False,False,False,False,MISSING,FIRM_NATIVE,MISSING,False,MISSING,FIRM_NATIVE,MISSING,False,,,,,,,,,,,CAPTURED,COMPOSITE_NO_FIRM_CLIP,False,0.02,0.09,0.8,1.3,HASH_BOUND_EXECUTED_ADAPTER_LITERALS,household_entry_old_state,,
21.0,29.0,650.0,0.0797554667005491,0.02,0.05,15.690633993126655,0.1,0.07,3776333.845416745,3010908.3972801985,26881584.001919918,0.23097480301029621,26780079.01546212,宁夏,OWNER_A_CAPTURE_PID67056,2018,21,29,30,D:\ProjectTemp\ch5-mp4c-2018-final-production-path-faithful-durable-execution-20260903-001\household_call_ledger.csv,,,,,0.1230684752371874,0.8863657935749993,20,19,,,,MISSING,MISSING,FIRM_NATIVE,MISSING,False,MISSING,FIRM_NATIVE,MISSING,False,,,,,,,,,,,CAPTURED,DESCRIPTIVE_FIRM_RANGE_ONLY,OBSERVED,True,0.0597554667005491,0.010244533299450895,False,False,False,False,False,False,False,False,MISSING,FIRM_NATIVE,MISSING,False,MISSING,FIRM_NATIVE,MISSING,False,,,,,,,,,,,CAPTURED,COMPOSITE_NO_FIRM_CLIP,True,0.02,0.09,0.8,1.3,HASH_BOUND_EXECUTED_ADAPTER_LITERALS,household_entry_old_state,,
21.0,30.0,651.0,0.06486799761229817,0.02,0.05,12.20767294439038,0.1,0.07,13125658.731419915,2887691.7060801284,68301764.40932567,0.39422481746994126,68202521.5283845,新疆,OWNER_A_CAPTURE_PID67056,2018,21,30,31,D:\ProjectTemp\ch5-mp4c-2018-final-production-path-faithful-durable-execution-20260903-001\household_call_ledger.csv,,,,,0.3,0.7212282935079958,20,19,,,,MISSING,MISSING,FIRM_NATIVE,MISSING,False,MISSING,FIRM_NATIVE,MISSING,False,,,,,,,,,,,CAPTURED,DESCRIPTIVE_FIRM_RANGE_ONLY,OBSERVED,True,0.04486799761229816,0.02513200238770183,False,False,False,False,False,False,False,False,MISSING,FIRM_NATIVE,MISSING,False,MISSING,FIRM_NATIVE,MISSING,False,,,,,,,,,,,CAPTURED,COMPOSITE_NO_FIRM_CLIP,False,0.02,0.09,0.8,1.3,HASH_BOUND_EXECUTED_ADAPTER_LITERALS,household_entry_old_state,,
22.0,0.0,652.0,0.07988637235921084,0.02,0.05,16.33444131215494,0.1,0.07,32636770.68551878,3175181.0738742133,95151194.1132564,0.6897802628091282,104559404.62914227,北京,OWNER_A_CAPTURE_PID67056,2018,22,0,1,D:\ProjectTemp\ch5-mp4c-2018-final-production-path-faithful-durable-execution-20260903-001\household_call_ledger.csv,,,,,0.12116569491184198,0.8881303942987903,21,20,,,,MISSING,MISSING,FIRM_NATIVE,MISSING,False,MISSING,FIRM_NATIVE,MISSING,False,,,,,,,,,,,CAPTURED,DESCRIPTIVE_FIRM_RANGE_ONLY,OBSERVED,True,0.059886372359210835,0.010113627640789158,False,False,False,False,False,False,False,False,MISSING,FIRM_NATIVE,MISSING,False,MISSING,FIRM_NATIVE,MISSING,False,,,,,,,,,,,CAPTURED,COMPOSITE_NO_FIRM_CLIP,True,0.02,0.09,0.8,1.3,HASH_BOUND_EXECUTED_ADAPTER_LITERALS,household_entry_old_state,,
22.0,1.0,653.0,0.06926125587890886,0.02,0.05,16.13876973444849,0.1,0.07,14384122.129669745,3097441.0241501755,99137005.89214359,0.2961793257541158,108944546.09502219,天津,OWNER_A_CAPTURE_PID67056,2018,22,1,2,D:\ProjectTemp\ch5-mp4c-2018-final-production-path-faithful-durable-execution-20260903-001\household_call_ledger.csv,,,,,0.19817398532280342,0.816521642002073,21,20,,,,MISSING,MISSING,FIRM_NATIVE,MISSING,False,MISSING,FIRM_NATIVE,MISSING,False,,,,,,,,,,,CAPTURED,DESCRIPTIVE_FIRM_RANGE_ONLY,OBSERVED,True,0.04926125587890885,0.02073874412109114,False,False,False,False,False,False,False,False,MISSING,FIRM_NATIVE,MISSING,False,MISSING,FIRM_NATIVE,MISSING,False,,,,,,,,,,,CAPTURED,COMPOSITE_NO_FIRM_CLIP,False,0.02,0.09,0.8,1.3,HASH_BOUND_EXECUTED_ADAPTER_LITERALS,household_entry_old_state,,
22.0,2.0,654.0,0.08663530769470754,0.02,0.05,16.688039511318898,0.1,0.07,34979097.22882768,3186220.2671232666,174414833.85426092,0.4624407722002966,191750896.40332866,河北,OWNER_A_CAPTURE_PID67056,2018,22,2,3,D:\ProjectTemp\ch5-mp4c-2018-final-production-path-faithful-durable-execution-20260903-001\household_call_ledger.csv,,,,,0.04042780400496038,0.9627827047548705,21,20,,,,MISSING,MISSING,FIRM_NATIVE,MISSING,False,MISSING,FIRM_NATIVE,MISSING,False,,,,,,,,,,,CAPTURED,DESCRIPTIVE_FIRM_RANGE_ONLY,OBSERVED,True,0.06663530769470753,0.0033646923052924604,False,False,False,False,False,False,False,False,MISSING,FIRM_NATIVE,MISSING,False,MISSING,FIRM_NATIVE,MISSING,False,,,,,,,,,,,CAPTURED,COMPOSITE_NO_FIRM_CLIP,True,0.02,0.09,0.8,1.3,HASH_BOUND_EXECUTED_ADAPTER_LITERALS,household_entry_old_state,,
22.0,3.0,655.0,0.08679300616026131,0.02,0.05,16.458945587274325,0.1,0.07,17176035.959064543,3197425.7606127886,72943673.66356109,0.4451275959870692,80128962.35753512,山西,OWNER_A_CAPTURE_PID67056,2018,22,3,4,D:\ProjectTemp\ch5-mp4c-2018-final-production-path-faithful-durable-execution-20260903-001\household_call_ledger.csv,,,,,0.0385356371748285,0.9645270387407204,21,20,,,,MISSING,MISSING,FIRM_NATIVE,MISSING,False,MISSING,FIRM_NATIVE,MISSING,False,,,,,,,,,,,CAPTURED,DESCRIPTIVE_FIRM_RANGE_ONLY,OBSERVED,True,0.0667930061602613,0.0032069938397386866,False,False,False,False,False,False,False,False,MISSING,FIRM_NATIVE,MISSING,False,MISSING,FIRM_NATIVE,MISSING,False,,,,,,,,,,,CAPTURED,COMPOSITE_NO_FIRM_CLIP,True,0.02,0.09,0.8,1.3,HASH_BOUND_EXECUTED_ADAPTER_LITERALS,household_entry_old_state,,
22.0,4.0,656.0,0.0784420803024413,0.02,0.05,15.759798735902924,0.1,0.07,17374258.628115375,3164959.5197446086,110036137.32488178,0.32842766619718594,120933662.89510338,内蒙古,OWNER_A_CAPTURE_PID67056,2018,22,4,5,D:\ProjectTemp\ch5-mp4c-2018-final-production-path-faithful-durable-execution-20260903-001\household_call_ledger.csv,,,,,0.13838331231905796,0.8721543280015782,21,20,,,,MISSING,MISSING,FIRM_NATIVE,MISSING,False,MISSING,FIRM_NATIVE,MISSING,False,,,,,,,,,,,CAPTURED,DESCRIPTIVE_FIRM_RANGE_ONLY,OBSERVED,True,0.0584420803024413,0.011557919697558691,False,False,False,False,False,False,False,False,MISSING,FIRM_NATIVE,MISSING,False,MISSING,FIRM_NATIVE,MISSING,False,,,,,,,,,,,CAPTURED,COMPOSITE_NO_FIRM_CLIP,True,0.02,0.09,0.8,1.3,HASH_BOUND_EXECUTED_ADAPTER_LITERALS,household_entry_old_state,,
22.0,5.0,657.0,0.08363963482524348,0.02,0.05,15.204732219814446,0.1,0.07,25307553.962547503,3154263.807651066,129460268.76901664,0.42222727116250114,142299999.4741975,辽宁,OWNER_A_CAPTURE_PID67056,2018,22,5,6,D:\ProjectTemp\ch5-mp4c-2018-final-production-path-faithful-durable-execution-20260903-001\household_call_ledger.csv,,,,,0.07632297463521798,0.9296467702524277,21,20,,,,MISSING,MISSING,FIRM_NATIVE,MISSING,False,MISSING,FIRM_NATIVE,MISSING,False,,,,,,,,,,,CAPTURED,DESCRIPTIVE_FIRM_RANGE_ONLY,OBSERVED,True,0.06363963482524347,0.0063603651747565215,False,False,False,False,False,False,False,False,MISSING,FIRM_NATIVE,MISSING,False,MISSING,FIRM_NATIVE,MISSING,False,,,,,,,,,,,CAPTURED,COMPOSITE_NO_FIRM_CLIP,True,0.02,0.09,0.8,1.3,HASH_BOUND_EXECUTED_ADAPTER_LITERALS,household_entry_old_state,,
22.0,6.0,658.0,0.05958312066478102,0.02,0.05,14.370931304472105,0.1,0.07,12114019.707817415,2954476.302642115,101170123.01207833,0.24819918510142613,101072960.83750287,吉林,OWNER_A_CAPTURE_PID67056,2018,22,6,7,D:\ProjectTemp\ch5-mp4c-2018-final-production-path-faithful-durable-execution-20260903-001\household_call_ledger.csv,,,,,0.1023070236880023,0.9056065007349425,21,20,,,,MISSING,MISSING,FIRM_NATIVE,MISSING,False,MISSING,FIRM_NATIVE,MISSING,False,,,,,,,,,,,CAPTURED,DESCRIPTIVE_FIRM_RANGE_ONLY,OBSERVED,True,0.03958312066478102,0.03041687933521898,False,False,False,False,False,False,False,False,MISSING,FIRM_NATIVE,MISSING,False,MISSING,FIRM_NATIVE,MISSING,False,,,,,,,,,,,CAPTURED,COMPOSITE_NO_FIRM_CLIP,False,0.02,0.09,0.8,1.3,HASH_BOUND_EXECUTED_ADAPTER_LITERALS,household_entry_old_state,,
22.0,7.0,659.0,0.0846023665984803,0.02,0.05,13.34184067969941,0.1,0.07,13827787.74511198,2973859.068858475,85418007.4033661,0.3224396404736864,93851734.88398942,黑龙江,OWNER_A_CAPTURE_PID67056,2018,22,7,8,D:\ProjectTemp\ch5-mp4c-2018-final-production-path-faithful-durable-execution-20260903-001\household_call_ledger.csv,,,,,0.06479729188901276,0.9402958444978166,21,20,,,,MISSING,MISSING,FIRM_NATIVE,MISSING,False,MISSING,FIRM_NATIVE,MISSING,False,,,,,,,,,,,CAPTURED,DESCRIPTIVE_FIRM_RANGE_ONLY,OBSERVED,True,0.0646023665984803,0.005397633401519691,False,False,False,False,False,False,False,False,MISSING,FIRM_NATIVE,MISSING,False,MISSING,FIRM_NATIVE,MISSING,False,,,,,,,,,,,CAPTURED,COMPOSITE_NO_FIRM_CLIP,True,0.02,0.09,0.8,1.3,HASH_BOUND_EXECUTED_ADAPTER_LITERALS,household_entry_old_state,,
22.0,8.0,660.0,0.08008837172499425,0.02,0.05,16.28187866896293,0.1,0.07,38764263.08248641,3171141.3580785696,104315993.23523472,0.7632851492429092,114641043.53504251,上海,OWNER_A_CAPTURE_PID67056,2018,22,8,9,D:\ProjectTemp\ch5-mp4c-2018-final-production-path-faithful-durable-execution-20260903-001\household_call_ledger.csv,,,,,0.11875593934055706,0.8903648074023569,21,20,,,,MISSING,MISSING,FIRM_NATIVE,MISSING,False,MISSING,FIRM_NATIVE,MISSING,False,,,,,,,,,,,CAPTURED,DESCRIPTIVE_FIRM_RANGE_ONLY,OBSERVED,True,0.06008837172499425,0.009911628275005746,False,False,False,False,False,False,False,False,MISSING,FIRM_NATIVE,MISSING,False,MISSING,FIRM_NATIVE,MISSING,False,,,,,,,,,,,CAPTURED,COMPOSITE_NO_FIRM_CLIP,True,0.02,0.09,0.8,1.3,HASH_BOUND_EXECUTED_ADAPTER_LITERALS,household_entry_old_state,,
22.0,9.0,661.0,0.08330403471824543,0.02,0.05,16.956196910299894,0.1,0.07,99677845.76411502,3108774.109430701,288269504.5642117,0.8986910214380317,316996032.4626611,江苏,OWNER_A_CAPTURE_PID67056,2018,22,9,10,D:\ProjectTemp\ch5-mp4c-2018-final-production-path-faithful-durable-execution-20260903-001\household_call_ledger.csv,,,,,0.08033848825905156,0.92593458422952,21,20,,,,MISSING,MISSING,FIRM_NATIVE,MISSING,False,MISSING,FIRM_NATIVE,MISSING,False,,,,,,,,,,,CAPTURED,DESCRIPTIVE_FIRM_RANGE_ONLY,OBSERVED,True,0.06330403471824543,0.006695965281754562,False,False,False,False,False,False,False,False,MISSING,FIRM_NATIVE,MISSING,False,MISSING,FIRM_NATIVE,MISSING,False,,,,,,,,,,,CAPTURED,COMPOSITE_NO_FIRM_CLIP,True,0.02,0.09,0.8,1.3,HASH_BOUND_EXECUTED_ADAPTER_LITERALS,household_entry_old_state,,
22.0,10.0,662.0,0.08477178418146401,0.02,0.05,16.616381397492205,0.1,0.07,62438561.097913004,3137743.879766958,189433965.91970208,0.7771061901771149,208272638.4054731,浙江,OWNER_A_CAPTURE_PID67056,2018,22,10,11,D:\ProjectTemp\ch5-mp4c-2018-final-production-path-faithful-durable-execution-20260903-001\household_call_ledger.csv,,,,,0.06276806168696052,0.9421698207323738,21,20,,,,MISSING,MISSING,FIRM_NATIVE,MISSING,False,MISSING,FIRM_NATIVE,MISSING,False,,,,,,,,,,,CAPTURED,DESCRIPTIVE_FIRM_RANGE_ONLY,OBSERVED,True,0.06477178418146401,0.005228215818535983,False,False,False,False,False,False,False,False,MISSING,FIRM_NATIVE,MISSING,False,MISSING,FIRM_NATIVE,MISSING,False,,,,,,,,,,,CAPTURED,COMPOSITE_NO_FIRM_CLIP,True,0.02,0.09,0.8,1.3,HASH_BOUND_EXECUTED_ADAPTER_LITERALS,household_entry_old_state,,
22.0,11.0,663.0,0.09,0.02,0.05,16.85543078845681,0.1,0.07,36610378.628712475,3199721.864343911,104883578.50008067,0.7163967429125945,115261012.11434016,安徽,OWNER_A_CAPTURE_PID67056,2018,22,11,12,D:\ProjectTemp\ch5-mp4c-2018-final-production-path-faithful-durable-execution-20260903-001\household_call_ledger.csv,,,,,0.0,1.0,21,20,,,0.09,DERIVED_IDENTITY_ZERO_EXTERNAL_WEIGHT,MISSING,FIRM_NATIVE,MISSING,False,MISSING,FIRM_NATIVE,MISSING,False,,,,,,,,,,,CAPTURED,DESCRIPTIVE_FIRM_RANGE_ONLY,OBSERVED,True,0.06999999999999999,0.0,False,False,False,True,False,True,False,False,MISSING,FIRM_NATIVE,MISSING,False,MISSING,FIRM_NATIVE,MISSING,False,,,,,,,,,,,CAPTURED,COMPOSITE_NO_FIRM_CLIP,True,0.02,0.09,0.8,1.3,HASH_BOUND_EXECUTED_ADAPTER_LITERALS,household_entry_old_state,,
22.0,12.0,664.0,0.08459324837499611,0.02,0.05,16.077532384400218,0.1,0.07,38541877.552812524,3166380.0957413623,145873196.33024266,0.5858327601321063,160354443.51302555,福建,OWNER_A_CAPTURE_PID67056,2018,22,12,13,D:\ProjectTemp\ch5-mp4c-2018-final-production-path-faithful-durable-execution-20260903-001\household_call_ledger.csv,,,,,0.0649064986932153,0.9401949851907495,21,20,,,,MISSING,MISSING,FIRM_NATIVE,MISSING,False,MISSING,FIRM_NATIVE,MISSING,False,,,,,,,,,,,CAPTURED,DESCRIPTIVE_FIRM_RANGE_ONLY,OBSERVED,True,0.06459324837499611,0.005406751625003883,False,False,False,False,False,False,False,False,MISSING,FIRM_NATIVE,MISSING,False,MISSING,FIRM_NATIVE,MISSING,False,,,,,,,,,,,CAPTURED,COMPOSITE_NO_FIRM_CLIP,True,0.02,0.09,0.8,1.3,HASH_BOUND_EXECUTED_ADAPTER_LITERALS,household_entry_old_state,,
22.0,13.0,665.0,0.0883637206241245,0.02,0.05,16.539227172789314,0.1,0.07,24452669.767288256,3231397.2057164325,74650207.08695029,0.6209387885670096,82005512.3686543,江西,OWNER_A_CAPTURE_PID67056,2018,22,13,14,D:\ProjectTemp\ch5-mp4c-2018-final-production-path-faithful-durable-execution-20260903-001\household_call_ledger.csv,,,,,0.019675113595976762,0.9819009641575444,21,20,,,,MISSING,MISSING,FIRM_NATIVE,MISSING,False,MISSING,FIRM_NATIVE,MISSING,False,,,,,,,,,,,CAPTURED,DESCRIPTIVE_FIRM_RANGE_ONLY,OBSERVED,True,0.06836372062412449,0.0016362793758755018,False,False,False,False,False,False,False,False,MISSING,FIRM_NATIVE,MISSING,False,MISSING,FIRM_NATIVE,MISSING,False,,,,,,,,,,,CAPTURED,COMPOSITE_NO_FIRM_CLIP,True,0.02,0.09,0.8,1.3,HASH_BOUND_EXECUTED_ADAPTER_LITERALS,household_entry_old_state,,
22.0,14.0,666.0,0.08425792211691369,0.02,0.05,17.013069946827702,0.1,0.07,71746374.85146195,3131511.8302134005,303536152.0314139,0.6205455477546363,333789204.9923428,山东,OWNER_A_CAPTURE_PID67056,2018,22,14,15,D:\ProjectTemp\ch5-mp4c-2018-final-production-path-faithful-durable-execution-20260903-001\household_call_ledger.csv,,,,,0.06892202679478683,0.9364858419937966,21,20,,,,MISSING,MISSING,FIRM_NATIVE,MISSING,False,MISSING,FIRM_NATIVE,MISSING,False,,,,,,,,,,,CAPTURED,DESCRIPTIVE_FIRM_RANGE_ONLY,OBSERVED,True,0.06425792211691368,0.005742077883086311,False,False,False,False,False,False,False,False,MISSING,FIRM_NATIVE,MISSING,False,MISSING,FIRM_NATIVE,MISSING,False,,,,,,,,,,,CAPTURED,COMPOSITE_NO_FIRM_CLIP,True,0.02,0.09,0.8,1.3,HASH_BOUND_EXECUTED_ADAPTER_LITERALS,household_entry_old_state,,
22.0,15.0,667.0,0.08505534245289868,0.02,0.05,17.151556200456803,0.1,0.07,53755154.697242945,3165229.889740079,248766801.77807114,0.5409123114503962,273540483.7467276,河南,OWNER_A_CAPTURE_PID67056,2018,22,15,16,D:\ProjectTemp\ch5-mp4c-2018-final-production-path-faithful-durable-execution-20260903-001\household_call_ledger.csv,,,,,0.05937102807378291,0.9453063369405427,21,20,,,,MISSING,MISSING,FIRM_NATIVE,MISSING,False,MISSING,FIRM_NATIVE,MISSING,False,,,,,,,,,,,CAPTURED,DESCRIPTIVE_FIRM_RANGE_ONLY,OBSERVED,True,0.06505534245289868,0.004944657547101314,False,False,False,False,False,False,False,False,MISSING,FIRM_NATIVE,MISSING,False,MISSING,FIRM_NATIVE,MISSING,False,,,,,,,,,,,CAPTURED,COMPOSITE_NO_FIRM_CLIP,True,0.02,0.09,0.8,1.3,HASH_BOUND_EXECUTED_ADAPTER_LITERALS,household_entry_old_state,,
22.0,16.0,668.0,0.08666723862901775,0.02,0.05,17.02511287160219,0.1,0.07,45235493.48545561,3183163.7963463883,148227136.90992007,0.6783021596270467,162941963.28821185,湖北,OWNER_A_CAPTURE_PID67056,2018,22,16,17,D:\ProjectTemp\ch5-mp4c-2018-final-production-path-faithful-durable-execution-20260903-001\household_call_ledger.csv,,,,,0.040044697087704216,0.9631358992350666,21,20,,,,MISSING,MISSING,FIRM_NATIVE,MISSING,False,MISSING,FIRM_NATIVE,MISSING,False,,,,,,,,,,,CAPTURED,DESCRIPTIVE_FIRM_RANGE_ONLY,OBSERVED,True,0.06666723862901774,0.0033327613709822485,False,False,False,False,False,False,False,False,MISSING,FIRM_NATIVE,MISSING,False,MISSING,FIRM_NATIVE,MISSING,False,,,,,,,,,,,CAPTURED,COMPOSITE_NO_FIRM_CLIP,True,0.02,0.09,0.8,1.3,HASH_BOUND_EXECUTED_ADAPTER_LITERALS,household_entry_old_state,,
22.0,17.0,669.0,0.08816464020777842,0.02,0.05,16.736888729569888,0.1,0.07,39211020.702853024,3187079.656825731,125446392.00467919,0.6687192876063631,137882314.90956107,湖南,OWNER_A_CAPTURE_PID67056,2018,22,17,18,D:\ProjectTemp\ch5-mp4c-2018-final-production-path-faithful-durable-execution-20260903-001\household_call_ledger.csv,,,,,0.02206701218325156,0.979698909542593,21,20,,,,MISSING,MISSING,FIRM_NATIVE,MISSING,False,MISSING,FIRM_NATIVE,MISSING,False,,,,,,,,,,,CAPTURED,DESCRIPTIVE_FIRM_RANGE_ONLY,OBSERVED,True,0.06816464020777842,0.0018353597922215747,False,False,False,False,False,False,False,False,MISSING,FIRM_NATIVE,MISSING,False,MISSING,FIRM_NATIVE,MISSING,False,,,,,,,,,,,CAPTURED,COMPOSITE_NO_FIRM_CLIP,True,0.02,0.09,0.8,1.3,HASH_BOUND_EXECUTED_ADAPTER_LITERALS,household_entry_old_state,,
22.0,18.0,670.0,0.0862501549492703,0.02,0.05,16.134009717039337,0.1,0.07,104719921.0233463,3075232.478817963,303279091.84448326,0.910055308798099,333504473.8449705,广东,OWNER_A_CAPTURE_PID67056,2018,22,18,19,D:\ProjectTemp\ch5-mp4c-2018-final-production-path-faithful-durable-execution-20260903-001\household_call_ledger.csv,,,,,0.045048029371518965,0.9585224493887057,21,20,,,,MISSING,MISSING,FIRM_NATIVE,MISSING,False,MISSING,FIRM_NATIVE,MISSING,False,,,,,,,,,,,CAPTURED,DESCRIPTIVE_FIRM_RANGE_ONLY,OBSERVED,True,0.06625015494927029,0.0037498450507297,False,False,False,False,False,False,False,False,MISSING,FIRM_NATIVE,MISSING,False,MISSING,FIRM_NATIVE,MISSING,False,,,,,,,,,,,CAPTURED,COMPOSITE_NO_FIRM_CLIP,True,0.02,0.09,0.8,1.3,HASH_BOUND_EXECUTED_ADAPTER_LITERALS,household_entry_old_state,,
22.0,19.0,671.0,0.08697315136584949,0.02,0.05,15.365658140168199,0.1,0.07,21128235.29161804,3190707.0742071024,102000067.30839151,0.4227100978402268,112091648.55027995,广西,OWNER_A_CAPTURE_PID67056,2018,22,19,20,D:\ProjectTemp\ch5-mp4c-2018-final-production-path-faithful-durable-execution-20260903-001\household_call_ledger.csv,,,,,0.03637382456647036,0.9665196592550925,21,20,,,,MISSING,MISSING,FIRM_NATIVE,MISSING,False,MISSING,FIRM_NATIVE,MISSING,False,,,,,,,,,,,CAPTURED,DESCRIPTIVE_FIRM_RANGE_ONLY,OBSERVED,True,0.06697315136584948,0.0030268486341505085,False,False,False,False,False,False,False,False,MISSING,FIRM_NATIVE,MISSING,False,MISSING,FIRM_NATIVE,MISSING,False,,,,,,,,,,,CAPTURED,COMPOSITE_NO_FIRM_CLIP,True,0.02,0.09,0.8,1.3,HASH_BOUND_EXECUTED_ADAPTER_LITERALS,household_entry_old_state,,
22.0,20.0,672.0,0.08767370357762366,0.02,0.05,14.444164272433554,0.1,0.07,5284104.055468635,2962913.1566937836,19451420.31734779,0.3870902789538647,21286040.623195738,海南,OWNER_A_CAPTURE_PID67056,2018,22,20,21,D:\ProjectTemp\ch5-mp4c-2018-final-production-path-faithful-durable-execution-20260903-001\household_call_ledger.csv,,,,,0.027963724364002344,0.9742685877115467,21,20,,,,MISSING,MISSING,FIRM_NATIVE,MISSING,False,MISSING,FIRM_NATIVE,MISSING,False,,,,,,,,,,,CAPTURED,DESCRIPTIVE_FIRM_RANGE_ONLY,OBSERVED,True,0.06767370357762366,0.002326296422376334,False,False,False,False,False,False,False,False,MISSING,FIRM_NATIVE,MISSING,False,MISSING,FIRM_NATIVE,MISSING,False,,,,,,,,,,,CAPTURED,COMPOSITE_NO_FIRM_CLIP,True,0.02,0.09,0.8,1.3,HASH_BOUND_EXECUTED_ADAPTER_LITERALS,household_entry_old_state,,
22.0,21.0,673.0,0.08586333472076806,0.02,0.05,16.25997704509799,0.1,0.07,21919070.874430705,3218930.7892134762,75919413.57497755,0.5498777192454627,83402643.52713193,重庆,OWNER_A_CAPTURE_PID67056,2018,22,21,22,D:\ProjectTemp\ch5-mp4c-2018-final-production-path-faithful-durable-execution-20260903-001\household_call_ledger.csv,,,,,0.049686711943930977,0.9542437432126918,21,20,,,,MISSING,MISSING,FIRM_NATIVE,MISSING,False,MISSING,FIRM_NATIVE,MISSING,False,,,,,,,,,,,CAPTURED,DESCRIPTIVE_FIRM_RANGE_ONLY,OBSERVED,True,0.06586333472076805,0.004136665279231941,False,False,False,False,False,False,False,False,MISSING,FIRM_NATIVE,MISSING,False,MISSING,FIRM_NATIVE,MISSING,False,,,,,,,,,,,CAPTURED,COMPOSITE_NO_FIRM_CLIP,True,0.02,0.09,0.8,1.3,HASH_BOUND_EXECUTED_ADAPTER_LITERALS,household_entry_old_state,,
22.0,22.0,674.0,0.08910354929430729,0.02,0.05,16.27996837697659,0.1,0.07,46182292.50001972,3137826.5104227564,134241041.42818692,0.7500783482157607,147555575.69082037,四川,OWNER_A_CAPTURE_PID67056,2018,22,22,23,D:\ProjectTemp\ch5-mp4c-2018-final-production-path-faithful-durable-execution-20260903-001\household_call_ledger.csv,,,,,0.010782650770128166,0.9900842911367937,21,20,,,,MISSING,MISSING,FIRM_NATIVE,MISSING,False,MISSING,FIRM_NATIVE,MISSING,False,,,,,,,,,,,CAPTURED,DESCRIPTIVE_FIRM_RANGE_ONLY,OBSERVED,True,0.06910354929430729,0.0008964507056927057,False,False,False,False,False,False,False,False,MISSING,FIRM_NATIVE,MISSING,False,MISSING,FIRM_NATIVE,MISSING,False,,,,,,,,,,,CAPTURED,COMPOSITE_NO_FIRM_CLIP,True,0.02,0.09,0.8,1.3,HASH_BOUND_EXECUTED_ADAPTER_LITERALS,household_entry_old_state,,
22.0,23.0,675.0,0.08815945041282038,0.02,0.05,15.851625224730864,0.1,0.07,16524608.172558827,3165351.041383505,63385195.141550004,0.4784548075685029,69613908.76567611,贵州,OWNER_A_CAPTURE_PID67056,2018,22,23,24,D:\ProjectTemp\ch5-mp4c-2018-final-production-path-faithful-durable-execution-20260903-001\household_call_ledger.csv,,,,,0.02212936068262254,0.9796415045164464,21,20,,,,MISSING,MISSING,FIRM_NATIVE,MISSING,False,MISSING,FIRM_NATIVE,MISSING,False,,,,,,,,,,,CAPTURED,DESCRIPTIVE_FIRM_RANGE_ONLY,OBSERVED,True,0.06815945041282037,0.0018405495871796212,False,False,False,False,False,False,False,False,MISSING,FIRM_NATIVE,MISSING,False,MISSING,FIRM_NATIVE,MISSING,False,,,,,,,,,,,CAPTURED,COMPOSITE_NO_FIRM_CLIP,True,0.02,0.09,0.8,1.3,HASH_BOUND_EXECUTED_ADAPTER_LITERALS,household_entry_old_state,,
22.0,24.0,676.0,0.08754004095515572,0.02,0.05,15.16203947924652,0.1,0.07,22476808.50762871,3166815.340888594,103957511.26504469,0.4438900926067219,114244576.31704515,云南,OWNER_A_CAPTURE_PID67056,2018,22,24,25,D:\ProjectTemp\ch5-mp4c-2018-final-production-path-faithful-durable-execution-20260903-001\household_call_ledger.csv,,,,,0.029568731957169938,0.9727901241009035,21,20,,,,MISSING,MISSING,FIRM_NATIVE,MISSING,False,MISSING,FIRM_NATIVE,MISSING,False,,,,,,,,,,,CAPTURED,DESCRIPTIVE_FIRM_RANGE_ONLY,OBSERVED,True,0.06754004095515571,0.0024599590448442787,False,False,False,False,False,False,False,False,MISSING,FIRM_NATIVE,MISSING,False,MISSING,FIRM_NATIVE,MISSING,False,,,,,,,,,,,CAPTURED,COMPOSITE_NO_FIRM_CLIP,True,0.02,0.09,0.8,1.3,HASH_BOUND_EXECUTED_ADAPTER_LITERALS,household_entry_old_state,,
22.0,25.0,677.0,0.057441229584074334,0.02,0.05,12.869892255994284,0.1,0.07,1589490.822669532,2916329.773909815,11706275.699398084,0.17307758449034105,12766587.551034655,西藏,OWNER_A_CAPTURE_PID67056,2018,22,25,26,D:\ProjectTemp\ch5-mp4c-2018-final-production-path-faithful-durable-execution-20260903-001\household_call_ledger.csv,,,,,0.2837596352791583,0.7364730861312674,21,20,,,,MISSING,MISSING,FIRM_NATIVE,MISSING,False,MISSING,FIRM_NATIVE,MISSING,False,,,,,,,,,,,CAPTURED,DESCRIPTIVE_FIRM_RANGE_ONLY,OBSERVED,True,0.03744122958407434,0.03255877041592566,False,False,False,False,False,False,False,False,MISSING,FIRM_NATIVE,MISSING,False,MISSING,FIRM_NATIVE,MISSING,False,,,,,,,,,,,CAPTURED,COMPOSITE_NO_FIRM_CLIP,False,0.02,0.09,0.8,1.3,HASH_BOUND_EXECUTED_ADAPTER_LITERALS,household_entry_old_state,,
22.0,26.0,678.0,0.08574610547221095,0.02,0.05,16.67852072235609,0.1,0.07,25771696.188310686,3217702.5120159127,97672528.39594737,0.5321689141340978,107331744.66295478,陕西,OWNER_A_CAPTURE_PID67056,2018,22,26,27,D:\ProjectTemp\ch5-mp4c-2018-final-production-path-faithful-durable-execution-20260903-001\household_call_ledger.csv,,,,,0.05109219959757891,0.9529470426664945,21,20,,,,MISSING,MISSING,FIRM_NATIVE,MISSING,False,MISSING,FIRM_NATIVE,MISSING,False,,,,,,,,,,,CAPTURED,DESCRIPTIVE_FIRM_RANGE_ONLY,OBSERVED,True,0.06574610547221095,0.004253894527789043,False,False,False,False,False,False,False,False,MISSING,FIRM_NATIVE,MISSING,False,MISSING,FIRM_NATIVE,MISSING,False,,,,,,,,,,,CAPTURED,COMPOSITE_NO_FIRM_CLIP,True,0.02,0.09,0.8,1.3,HASH_BOUND_EXECUTED_ADAPTER_LITERALS,household_entry_old_state,,
22.0,27.0,679.0,0.08948766922942429,0.02,0.05,15.652888699038161,0.1,0.07,8874874.4284781,2959325.8531654486,35644675.57763143,0.4071369528374464,39098439.79303853,甘肃,OWNER_A_CAPTURE_PID67056,2018,22,27,28,D:\ProjectTemp\ch5-mp4c-2018-final-production-path-faithful-durable-execution-20260903-001\household_call_ledger.csv,,,,,0.006163422815411727,0.9943330749818472,21,20,,,,MISSING,MISSING,FIRM_NATIVE,MISSING,False,MISSING,FIRM_NATIVE,MISSING,False,,,,,,,,,,,CAPTURED,DESCRIPTIVE_FIRM_RANGE_ONLY,OBSERVED,True,0.06948766922942429,0.0005123307705757058,False,False,False,False,False,False,False,False,MISSING,FIRM_NATIVE,MISSING,False,MISSING,FIRM_NATIVE,MISSING,False,,,,,,,,,,,CAPTURED,COMPOSITE_NO_FIRM_CLIP,True,0.02,0.09,0.8,1.3,HASH_BOUND_EXECUTED_ADAPTER_LITERALS,household_entry_old_state,,
22.0,28.0,680.0,0.05676614461114785,0.02,0.05,14.211155461755881,0.1,0.07,2957234.168666759,2957322.7795989607,25253189.52005844,0.17711561379648078,25153314.204511795,青海,OWNER_A_CAPTURE_PID67056,2018,22,28,29,D:\ProjectTemp\ch5-mp4c-2018-final-production-path-faithful-durable-execution-20260903-001\household_call_ledger.csv,,,,,0.12022999455338848,0.888998055715282,21,20,,,,MISSING,MISSING,FIRM_NATIVE,MISSING,False,MISSING,FIRM_NATIVE,MISSING,False,,,,,,,,,,,CAPTURED,DESCRIPTIVE_FIRM_RANGE_ONLY,OBSERVED,True,0.036766144611147855,0.033233855388852145,False,False,False,False,False,False,False,False,MISSING,FIRM_NATIVE,MISSING,False,MISSING,FIRM_NATIVE,MISSING,False,,,,,,,,,,,CAPTURED,COMPOSITE_NO_FIRM_CLIP,False,0.02,0.09,0.8,1.3,HASH_BOUND_EXECUTED_ADAPTER_LITERALS,household_entry_old_state,,
22.0,29.0,681.0,0.0721549539118025,0.02,0.05,15.680840937359125,0.1,0.07,3777551.785961739,3015834.7306704647,26879884.741430122,0.21462844435059292,29458086.917008333,宁夏,OWNER_A_CAPTURE_PID67056,2018,22,29,30,D:\ProjectTemp\ch5-mp4c-2018-final-production-path-faithful-durable-execution-20260903-001\household_call_ledger.csv,,,,,0.1230684752371874,0.8863657935749993,21,20,,,,MISSING,MISSING,FIRM_NATIVE,MISSING,False,MISSING,FIRM_NATIVE,MISSING,False,,,,,,,,,,,CAPTURED,DESCRIPTIVE_FIRM_RANGE_ONLY,OBSERVED,True,0.0521549539118025,0.017845046088197494,False,False,False,False,False,False,False,False,MISSING,FIRM_NATIVE,MISSING,False,MISSING,FIRM_NATIVE,MISSING,False,,,,,,,,,,,CAPTURED,COMPOSITE_NO_FIRM_CLIP,True,0.02,0.09,0.8,1.3,HASH_BOUND_EXECUTED_ADAPTER_LITERALS,household_entry_old_state,,
22.0,30.0,682.0,0.06479822965548493,0.02,0.05,12.199178914019068,0.1,0.07,13130430.306191778,2892561.2087756637,68300065.17194621,0.3662621844185409,75022773.68122296,新疆,OWNER_A_CAPTURE_PID67056,2018,22,30,31,D:\ProjectTemp\ch5-mp4c-2018-final-production-path-faithful-durable-execution-20260903-001\household_call_ledger.csv,,,,,0.3,0.7212282935079958,21,20,,,,MISSING,MISSING,FIRM_NATIVE,MISSING,False,MISSING,FIRM_NATIVE,MISSING,False,,,,,,,,,,,CAPTURED,DESCRIPTIVE_FIRM_RANGE_ONLY,OBSERVED,True,0.044798229655484925,0.025201770344515068,False,False,False,False,False,False,False,False,MISSING,FIRM_NATIVE,MISSING,False,MISSING,FIRM_NATIVE,MISSING,False,,,,,,,,,,,CAPTURED,COMPOSITE_NO_FIRM_CLIP,False,0.02,0.09,0.8,1.3,HASH_BOUND_EXECUTED_ADAPTER_LITERALS,household_entry_old_state,,
23.0,0.0,683.0,0.07988649580603827,0.02,0.05,16.296885052284857,0.1,0.07,32635292.448090672,3175096.156817864,104657029.93575816,0.6897802628091282,104559404.62914227,北京,OWNER_A_CAPTURE_PID67056,2018,23,0,1,D:\ProjectTemp\ch5-mp4c-2018-final-production-path-faithful-durable-execution-20260903-001\household_call_ledger.csv,,,,,0.12116569491184198,0.8881303942987903,22,21,,,,MISSING,MISSING,FIRM_NATIVE,MISSING,False,MISSING,FIRM_NATIVE,MISSING,False,,,,,,,,,,,CAPTURED,DESCRIPTIVE_FIRM_RANGE_ONLY,OBSERVED,True,0.05988649580603826,0.010113504193961731,False,False,False,False,False,False,False,False,MISSING,FIRM_NATIVE,MISSING,False,MISSING,FIRM_NATIVE,MISSING,False,,,,,,,,,,,CAPTURED,COMPOSITE_NO_FIRM_CLIP,True,0.02,0.09,0.8,1.3,HASH_BOUND_EXECUTED_ADAPTER_LITERALS,household_entry_old_state,,
23.0,1.0,684.0,0.06929214315175386,0.02,0.05,16.10200298553132,0.1,0.07,14381863.175198233,3095906.9102519704,109041494.08570592,0.2961793257541158,108944546.09502219,天津,OWNER_A_CAPTURE_PID67056,2018,23,1,2,D:\ProjectTemp\ch5-mp4c-2018-final-production-path-faithful-durable-execution-20260903-001\household_call_ledger.csv,,,,,0.19817398532280342,0.816521642002073,22,21,,,,MISSING,MISSING,FIRM_NATIVE,MISSING,False,MISSING,FIRM_NATIVE,MISSING,False,,,,,,,,,,,CAPTURED,DESCRIPTIVE_FIRM_RANGE_ONLY,OBSERVED,True,0.049292143151753856,0.020707856848246137,False,False,False,False,False,False,False,False,MISSING,FIRM_NATIVE,MISSING,False,MISSING,FIRM_NATIVE,MISSING,False,,,,,,,,,,,CAPTURED,COMPOSITE_NO_FIRM_CLIP,False,0.02,0.09,0.8,1.3,HASH_BOUND_EXECUTED_ADAPTER_LITERALS,household_entry_old_state,,
23.0,2.0,685.0,0.08663534888362778,0.02,0.05,16.65191106368847,0.1,0.07,34977094.071205534,3186137.723374487,191847215.52877322,0.4624407722002966,191750896.40332866,河北,OWNER_A_CAPTURE_PID67056,2018,23,2,3,D:\ProjectTemp\ch5-mp4c-2018-final-production-path-faithful-durable-execution-20260903-001\household_call_ledger.csv,,,,,0.04042780400496038,0.9627827047548705,22,21,,,,MISSING,MISSING,FIRM_NATIVE,MISSING,False,MISSING,FIRM_NATIVE,MISSING,False,,,,,,,,,,,CAPTURED,DESCRIPTIVE_FIRM_RANGE_ONLY,OBSERVED,True,0.06663534888362778,0.0033646511163722137,False,False,False,False,False,False,False,False,MISSING,FIRM_NATIVE,MISSING,False,MISSING,FIRM_NATIVE,MISSING,False,,,,,,,,,,,CAPTURED,COMPOSITE_NO_FIRM_CLIP,True,0.02,0.09,0.8,1.3,HASH_BOUND_EXECUTED_ADAPTER_LITERALS,household_entry_old_state,,
23.0,3.0,686.0,0.08679304542139174,0.02,0.05,16.424876601498134,0.1,0.07,17173331.24342097,3194872.593810196,80228560.22903922,0.4451275959870692,80128962.35753512,山西,OWNER_A_CAPTURE_PID67056,2018,23,3,4,D:\ProjectTemp\ch5-mp4c-2018-final-production-path-faithful-durable-execution-20260903-001\household_call_ledger.csv,,,,,0.0385356371748285,0.9645270387407204,22,21,,,,MISSING,MISSING,FIRM_NATIVE,MISSING,False,MISSING,FIRM_NATIVE,MISSING,False,,,,,,,,,,,CAPTURED,DESCRIPTIVE_FIRM_RANGE_ONLY,OBSERVED,True,0.06679304542139174,0.0032069545786082565,False,False,False,False,False,False,False,False,MISSING,FIRM_NATIVE,MISSING,False,MISSING,FIRM_NATIVE,MISSING,False,,,,,,,,,,,CAPTURED,COMPOSITE_NO_FIRM_CLIP,True,0.02,0.09,0.8,1.3,HASH_BOUND_EXECUTED_ADAPTER_LITERALS,household_entry_old_state,,
23.0,4.0,687.0,0.07844222129103452,0.02,0.05,15.724537098599598,0.1,0.07,17371421.81440295,3163224.6819875115,121030542.05587521,0.32842766619718594,120933662.89510338,内蒙古,OWNER_A_CAPTURE_PID67056,2018,23,4,5,D:\ProjectTemp\ch5-mp4c-2018-final-production-path-faithful-durable-execution-20260903-001\household_call_ledger.csv,,,,,0.13838331231905796,0.8721543280015782,22,21,,,,MISSING,MISSING,FIRM_NATIVE,MISSING,False,MISSING,FIRM_NATIVE,MISSING,False,,,,,,,,,,,CAPTURED,DESCRIPTIVE_FIRM_RANGE_ONLY,OBSERVED,True,0.05844222129103452,0.011557778708965474,False,False,False,False,False,False,False,False,MISSING,FIRM_NATIVE,MISSING,False,MISSING,FIRM_NATIVE,MISSING,False,,,,,,,,,,,CAPTURED,COMPOSITE_NO_FIRM_CLIP,True,0.02,0.09,0.8,1.3,HASH_BOUND_EXECUTED_ADAPTER_LITERALS,household_entry_old_state,,
23.0,5.0,688.0,0.08363971258511672,0.02,0.05,15.162998716985822,0.1,0.07,25306317.26580612,3154194.2549936064,142397067.75335124,0.42222727116250114,142299999.4741975,辽宁,OWNER_A_CAPTURE_PID67056,2018,23,5,6,D:\ProjectTemp\ch5-mp4c-2018-final-production-path-faithful-durable-execution-20260903-001\household_call_ledger.csv,,,,,0.07632297463521798,0.9296467702524277,22,21,,,,MISSING,MISSING,FIRM_NATIVE,MISSING,False,MISSING,FIRM_NATIVE,MISSING,False,,,,,,,,,,,CAPTURED,DESCRIPTIVE_FIRM_RANGE_ONLY,OBSERVED,True,0.06363971258511672,0.006360287414883273,False,False,False,False,False,False,False,False,MISSING,FIRM_NATIVE,MISSING,False,MISSING,FIRM_NATIVE,MISSING,False,,,,,,,,,,,CAPTURED,COMPOSITE_NO_FIRM_CLIP,True,0.02,0.09,0.8,1.3,HASH_BOUND_EXECUTED_ADAPTER_LITERALS,household_entry_old_state,,
23.0,6.0,689.0,0.05961213171012251,0.02,0.05,14.327632410872798,0.1,0.07,11252803.059809022,2953255.8927669283,101170694.05788033,0.24819918510142613,101072960.83750287,吉林,OWNER_A_CAPTURE_PID67056,2018,23,6,7,D:\ProjectTemp\ch5-mp4c-2018-final-production-path-faithful-durable-execution-20260903-001\household_call_ledger.csv,,,,,0.1023070236880023,0.9056065007349425,22,21,,,,MISSING,MISSING,FIRM_NATIVE,MISSING,False,MISSING,FIRM_NATIVE,MISSING,False,,,,,,,,,,,CAPTURED,DESCRIPTIVE_FIRM_RANGE_ONLY,OBSERVED,True,0.03961213171012251,0.03038786828987749,False,False,False,False,False,False,False,False,MISSING,FIRM_NATIVE,MISSING,False,MISSING,FIRM_NATIVE,MISSING,False,,,,,,,,,,,CAPTURED,COMPOSITE_NO_FIRM_CLIP,False,0.02,0.09,0.8,1.3,HASH_BOUND_EXECUTED_ADAPTER_LITERALS,household_entry_old_state,,
23.0,7.0,690.0,0.08460243261568191,0.02,0.05,13.301163783399439,0.1,0.07,13825718.603121096,2972214.2574780714,93950418.71704207,0.3224396404736864,93851734.88398942,黑龙江,OWNER_A_CAPTURE_PID67056,2018,23,7,8,D:\ProjectTemp\ch5-mp4c-2018-final-production-path-faithful-durable-execution-20260903-001\household_call_ledger.csv,,,,,0.06479729188901276,0.9402958444978166,22,21,,,,MISSING,MISSING,FIRM_NATIVE,MISSING,False,MISSING,FIRM_NATIVE,MISSING,False,,,,,,,,,,,CAPTURED,DESCRIPTIVE_FIRM_RANGE_ONLY,OBSERVED,True,0.06460243261568191,0.005397567384318083,False,False,False,False,False,False,False,False,MISSING,FIRM_NATIVE,MISSING,False,MISSING,FIRM_NATIVE,MISSING,False,,,,,,,,,,,CAPTURED,COMPOSITE_NO_FIRM_CLIP,True,0.02,0.09,0.8,1.3,HASH_BOUND_EXECUTED_ADAPTER_LITERALS,household_entry_old_state,,
23.0,8.0,691.0,0.08008849271669871,0.02,0.05,16.248532530127388,0.1,0.07,38762309.76646324,3171161.584322317,114738341.68721591,0.7632851492429092,114641043.53504251,上海,OWNER_A_CAPTURE_PID67056,2018,23,8,9,D:\ProjectTemp\ch5-mp4c-2018-final-production-path-faithful-durable-execution-20260903-001\household_call_ledger.csv,,,,,0.11875593934055706,0.8903648074023569,22,21,,,,MISSING,MISSING,FIRM_NATIVE,MISSING,False,MISSING,FIRM_NATIVE,MISSING,False,,,,,,,,,,,CAPTURED,DESCRIPTIVE_FIRM_RANGE_ONLY,OBSERVED,True,0.06008849271669871,0.009911507283301285,False,False,False,False,False,False,False,False,MISSING,FIRM_NATIVE,MISSING,False,MISSING,FIRM_NATIVE,MISSING,False,,,,,,,,,,,CAPTURED,COMPOSITE_NO_FIRM_CLIP,True,0.02,0.09,0.8,1.3,HASH_BOUND_EXECUTED_ADAPTER_LITERALS,household_entry_old_state,,
23.0,9.0,692.0,0.08330411656923059,0.02,0.05,16.922040007376214,0.1,0.07,99671698.7453658,3108794.3371175644,317087761.0378738,0.8986910214380317,316996032.4626611,江苏,OWNER_A_CAPTURE_PID67056,2018,23,9,10,D:\ProjectTemp\ch5-mp4c-2018-final-production-path-faithful-durable-execution-20260903-001\household_call_ledger.csv,,,,,0.08033848825905156,0.92593458422952,22,21,,,,MISSING,MISSING,FIRM_NATIVE,MISSING,False,MISSING,FIRM_NATIVE,MISSING,False,,,,,,,,,,,CAPTURED,DESCRIPTIVE_FIRM_RANGE_ONLY,OBSERVED,True,0.06330411656923059,0.006695883430769406,False,False,False,False,False,False,False,False,MISSING,FIRM_NATIVE,MISSING,False,MISSING,FIRM_NATIVE,MISSING,False,,,,,,,,,,,CAPTURED,COMPOSITE_NO_FIRM_CLIP,True,0.02,0.09,0.8,1.3,HASH_BOUND_EXECUTED_ADAPTER_LITERALS,household_entry_old_state,,
23.0,10.0,693.0,0.08477184813123201,0.02,0.05,16.583689604760448,0.1,0.07,62434723.51578026,3137761.678928059,208368277.53185287,0.7771061901771149,208272638.4054731,浙江,OWNER_A_CAPTURE_PID67056,2018,23,10,11,D:\ProjectTemp\ch5-mp4c-2018-final-production-path-faithful-durable-execution-20260903-001\household_call_ledger.csv,,,,,0.06276806168696052,0.9421698207323738,22,21,,,,MISSING,MISSING,FIRM_NATIVE,MISSING,False,MISSING,FIRM_NATIVE,MISSING,False,,,,,,,,,,,CAPTURED,DESCRIPTIVE_FIRM_RANGE_ONLY,OBSERVED,True,0.064771848131232,0.005228151868767988,False,False,False,False,False,False,False,False,MISSING,FIRM_NATIVE,MISSING,False,MISSING,FIRM_NATIVE,MISSING,False,,,,,,,,,,,CAPTURED,COMPOSITE_NO_FIRM_CLIP,True,0.02,0.09,0.8,1.3,HASH_BOUND_EXECUTED_ADAPTER_LITERALS,household_entry_old_state,,
23.0,11.0,694.0,0.09,0.02,0.05,16.82268097415326,0.1,0.07,36608534.52765006,3199759.315398926,115362287.79356368,0.7163967429125945,115261012.11434016,安徽,OWNER_A_CAPTURE_PID67056,2018,23,11,12,D:\ProjectTemp\ch5-mp4c-2018-final-production-path-faithful-durable-execution-20260903-001\household_call_ledger.csv,,,,,0.0,1.0,22,21,,,0.09,DERIVED_IDENTITY_ZERO_EXTERNAL_WEIGHT,MISSING,FIRM_NATIVE,MISSING,False,MISSING,FIRM_NATIVE,MISSING,False,,,,,,,,,,,CAPTURED,DESCRIPTIVE_FIRM_RANGE_ONLY,OBSERVED,True,0.06999999999999999,0.0,False,False,False,True,False,True,False,False,MISSING,FIRM_NATIVE,MISSING,False,MISSING,FIRM_NATIVE,MISSING,False,,,,,,,,,,,CAPTURED,COMPOSITE_NO_FIRM_CLIP,True,0.02,0.09,0.8,1.3,HASH_BOUND_EXECUTED_ADAPTER_LITERALS,household_entry_old_state,,
23.0,12.0,695.0,0.08459331450346051,0.02,0.05,16.048513484331963,0.1,0.07,38539268.5265011,3166370.0067283604,160451308.4214222,0.5858327601321063,160354443.51302555,福建,OWNER_A_CAPTURE_PID67056,2018,23,12,13,D:\ProjectTemp\ch5-mp4c-2018-final-production-path-faithful-durable-execution-20260903-001\household_call_ledger.csv,,,,,0.0649064986932153,0.9401949851907495,22,21,,,,MISSING,MISSING,FIRM_NATIVE,MISSING,False,MISSING,FIRM_NATIVE,MISSING,False,,,,,,,,,,,CAPTURED,DESCRIPTIVE_FIRM_RANGE_ONLY,OBSERVED,True,0.06459331450346051,0.0054066854965394845,False,False,False,False,False,False,False,False,MISSING,FIRM_NATIVE,MISSING,False,MISSING,FIRM_NATIVE,MISSING,False,,,,,,,,,,,CAPTURED,COMPOSITE_NO_FIRM_CLIP,True,0.02,0.09,0.8,1.3,HASH_BOUND_EXECUTED_ADAPTER_LITERALS,household_entry_old_state,,
23.0,13.0,696.0,0.08836374066965268,0.02,0.05,16.50935081527617,0.1,0.07,24451311.28764962,3231369.6824723887,82105689.11751974,0.6209387885670096,82005512.3686543,江西,OWNER_A_CAPTURE_PID67056,2018,23,13,14,D:\ProjectTemp\ch5-mp4c-2018-final-production-path-faithful-durable-execution-20260903-001\household_call_ledger.csv,,,,,0.019675113595976762,0.9819009641575444,22,21,,,,MISSING,MISSING,FIRM_NATIVE,MISSING,False,MISSING,FIRM_NATIVE,MISSING,False,,,,,,,,,,,CAPTURED,DESCRIPTIVE_FIRM_RANGE_ONLY,OBSERVED,True,0.06836374066965267,0.00163625933034732,False,False,False,False,False,False,False,False,MISSING,FIRM_NATIVE,MISSING,False,MISSING,FIRM_NATIVE,MISSING,False,,,,,,,,,,,CAPTURED,COMPOSITE_NO_FIRM_CLIP,True,0.02,0.09,0.8,1.3,HASH_BOUND_EXECUTED_ADAPTER_LITERALS,household_entry_old_state,,
23.0,14.0,697.0,0.08425799233650474,0.02,0.05,16.97661385544405,0.1,0.07,71741975.92177735,3131457.449405248,333881060.5496591,0.6205455477546363,333789204.9923428,山东,OWNER_A_CAPTURE_PID67056,2018,23,14,15,D:\ProjectTemp\ch5-mp4c-2018-final-production-path-faithful-durable-execution-20260903-001\household_call_ledger.csv,,,,,0.06892202679478683,0.9364858419937966,22,21,,,,MISSING,MISSING,FIRM_NATIVE,MISSING,False,MISSING,FIRM_NATIVE,MISSING,False,,,,,,,,,,,CAPTURED,DESCRIPTIVE_FIRM_RANGE_ONLY,OBSERVED,True,0.06425799233650474,0.005742007663495252,False,False,False,False,False,False,False,False,MISSING,FIRM_NATIVE,MISSING,False,MISSING,FIRM_NATIVE,MISSING,False,,,,,,,,,,,CAPTURED,COMPOSITE_NO_FIRM_CLIP,True,0.02,0.09,0.8,1.3,HASH_BOUND_EXECUTED_ADAPTER_LITERALS,household_entry_old_state,,
23.0,15.0,698.0,0.08505540294167863,0.02,0.05,17.117869264383845,0.1,0.07,53751537.692742206,3165164.223657432,273634553.8532304,0.5409123114503962,273540483.7467276,河南,OWNER_A_CAPTURE_PID67056,2018,23,15,16,D:\ProjectTemp\ch5-mp4c-2018-final-production-path-faithful-durable-execution-20260903-001\household_call_ledger.csv,,,,,0.05937102807378291,0.9453063369405427,22,21,,,,MISSING,MISSING,FIRM_NATIVE,MISSING,False,MISSING,FIRM_NATIVE,MISSING,False,,,,,,,,,,,CAPTURED,DESCRIPTIVE_FIRM_RANGE_ONLY,OBSERVED,True,0.06505540294167862,0.0049445970583213705,False,False,False,False,False,False,False,False,MISSING,FIRM_NATIVE,MISSING,False,MISSING,FIRM_NATIVE,MISSING,False,,,,,,,,,,,CAPTURED,COMPOSITE_NO_FIRM_CLIP,True,0.02,0.09,0.8,1.3,HASH_BOUND_EXECUTED_ADAPTER_LITERALS,household_entry_old_state,,
23.0,16.0,699.0,0.08666727942761848,0.02,0.05,16.99399802868872,0.1,0.07,45231811.57272564,3183085.0366002517,163039752.66571206,0.6783021596270467,162941963.28821185,湖北,OWNER_A_CAPTURE_PID67056,2018,23,16,17,D:\ProjectTemp\ch5-mp4c-2018-final-production-path-faithful-durable-execution-20260903-001\household_call_ledger.csv,,,,,0.040044697087704216,0.9631358992350666,22,21,,,,MISSING,MISSING,FIRM_NATIVE,MISSING,False,MISSING,FIRM_NATIVE,MISSING,False,,,,,,,,,,,CAPTURED,DESCRIPTIVE_FIRM_RANGE_ONLY,OBSERVED,True,0.06666727942761848,0.0033327205723815145,False,False,False,False,False,False,False,False,MISSING,FIRM_NATIVE,MISSING,False,MISSING,FIRM_NATIVE,MISSING,False,,,,,,,,,,,CAPTURED,COMPOSITE_NO_FIRM_CLIP,True,0.02,0.09,0.8,1.3,HASH_BOUND_EXECUTED_ADAPTER_LITERALS,household_entry_old_state,,
23.0,17.0,700.0,0.0881646626902364,0.02,0.05,16.707815018586402,0.1,0.07,39208008.87345142,3187011.8198921825,137981583.3461744,0.6687192876063631,137882314.90956107,湖南,OWNER_A_CAPTURE_PID67056,2018,23,17,18,D:\ProjectTemp\ch5-mp4c-2018-final-production-path-faithful-durable-execution-20260903-001\household_call_ledger.csv,,,,,0.02206701218325156,0.979698909542593,22,21,,,,MISSING,MISSING,FIRM_NATIVE,MISSING,False,MISSING,FIRM_NATIVE,MISSING,False,,,,,,,,,,,CAPTURED,DESCRIPTIVE_FIRM_RANGE_ONLY,OBSERVED,True,0.0681646626902364,0.001835337309763596,False,False,False,False,False,False,False,False,MISSING,FIRM_NATIVE,MISSING,False,MISSING,FIRM_NATIVE,MISSING,False,,,,,,,,,,,CAPTURED,COMPOSITE_NO_FIRM_CLIP,True,0.02,0.09,0.8,1.3,HASH_BOUND_EXECUTED_ADAPTER_LITERALS,household_entry_old_state,,
23.0,18.0,701.0,0.08625020084539882,0.02,0.05,16.107685441792352,0.1,0.07,104711451.92973885,3075185.9060391416,333598115.7462268,0.910055308798099,333504473.8449705,广东,OWNER_A_CAPTURE_PID67056,2018,23,18,19,D:\ProjectTemp\ch5-mp4c-2018-final-production-path-faithful-durable-execution-20260903-001\household_call_ledger.csv,,,,,0.045048029371518965,0.9585224493887057,22,21,,,,MISSING,MISSING,FIRM_NATIVE,MISSING,False,MISSING,FIRM_NATIVE,MISSING,False,,,,,,,,,,,CAPTURED,DESCRIPTIVE_FIRM_RANGE_ONLY,OBSERVED,True,0.06625020084539882,0.003749799154601177,False,False,False,False,False,False,False,False,MISSING,FIRM_NATIVE,MISSING,False,MISSING,FIRM_NATIVE,MISSING,False,,,,,,,,,,,CAPTURED,COMPOSITE_NO_FIRM_CLIP,True,0.02,0.09,0.8,1.3,HASH_BOUND_EXECUTED_ADAPTER_LITERALS,household_entry_old_state,,
23.0,19.0,702.0,0.08697318842446783,0.02,0.05,15.341765469242338,0.1,0.07,21126752.540537108,3190644.868666722,112190652.61161456,0.4227100978402268,112091648.55027995,广西,OWNER_A_CAPTURE_PID67056,2018,23,19,20,D:\ProjectTemp\ch5-mp4c-2018-final-production-path-faithful-durable-execution-20260903-001\household_call_ledger.csv,,,,,0.03637382456647036,0.9665196592550925,22,21,,,,MISSING,MISSING,FIRM_NATIVE,MISSING,False,MISSING,FIRM_NATIVE,MISSING,False,,,,,,,,,,,CAPTURED,DESCRIPTIVE_FIRM_RANGE_ONLY,OBSERVED,True,0.06697318842446782,0.003026811575532168,False,False,False,False,False,False,False,False,MISSING,FIRM_NATIVE,MISSING,False,MISSING,FIRM_NATIVE,MISSING,False,,,,,,,,,,,CAPTURED,COMPOSITE_NO_FIRM_CLIP,True,0.02,0.09,0.8,1.3,HASH_BOUND_EXECUTED_ADAPTER_LITERALS,household_entry_old_state,,
23.0,20.0,703.0,0.0876737320678086,0.02,0.05,14.422117972442404,0.1,0.07,5284230.449554327,2962884.3118904484,21386950.379483096,0.3870902789538647,21286040.623195738,海南,OWNER_A_CAPTURE_PID67056,2018,23,20,21,D:\ProjectTemp\ch5-mp4c-2018-final-production-path-faithful-durable-execution-20260903-001\household_call_ledger.csv,,,,,0.027963724364002344,0.9742685877115467,22,21,,,,MISSING,MISSING,FIRM_NATIVE,MISSING,False,MISSING,FIRM_NATIVE,MISSING,False,,,,,,,,,,,CAPTURED,DESCRIPTIVE_FIRM_RANGE_ONLY,OBSERVED,True,0.06767373206780859,0.0023262679321914004,False,False,False,False,False,False,False,False,MISSING,FIRM_NATIVE,MISSING,False,MISSING,FIRM_NATIVE,MISSING,False,,,,,,,,,,,CAPTURED,COMPOSITE_NO_FIRM_CLIP,True,0.02,0.09,0.8,1.3,HASH_BOUND_EXECUTED_ADAPTER_LITERALS,household_entry_old_state,,
23.0,21.0,704.0,0.08586338534290958,0.02,0.05,16.232809956646754,0.1,0.07,21917752.379739694,3218838.345095333,83501907.51561356,0.5498777192454627,83402643.52713193,重庆,OWNER_A_CAPTURE_PID67056,2018,23,21,22,D:\ProjectTemp\ch5-mp4c-2018-final-production-path-faithful-durable-execution-20260903-001\household_call_ledger.csv,,,,,0.049686711943930977,0.9542437432126918,22,21,,,,MISSING,MISSING,FIRM_NATIVE,MISSING,False,MISSING,FIRM_NATIVE,MISSING,False,,,,,,,,,,,CAPTURED,DESCRIPTIVE_FIRM_RANGE_ONLY,OBSERVED,True,0.06586338534290957,0.0041366146570904205,False,False,False,False,False,False,False,False,MISSING,FIRM_NATIVE,MISSING,False,MISSING,FIRM_NATIVE,MISSING,False,,,,,,,,,,,CAPTURED,COMPOSITE_NO_FIRM_CLIP,True,0.02,0.09,0.8,1.3,HASH_BOUND_EXECUTED_ADAPTER_LITERALS,household_entry_old_state,,
23.0,22.0,705.0,0.08910356027995822,0.02,0.05,16.252684225304737,0.1,0.07,46179002.76379804,3137719.719459015,147655620.1216091,0.7500783482157607,147555575.69082037,四川,OWNER_A_CAPTURE_PID67056,2018,23,22,23,D:\ProjectTemp\ch5-mp4c-2018-final-production-path-faithful-durable-execution-20260903-001\household_call_ledger.csv,,,,,0.010782650770128166,0.9900842911367937,22,21,,,,MISSING,MISSING,FIRM_NATIVE,MISSING,False,MISSING,FIRM_NATIVE,MISSING,False,,,,,,,,,,,CAPTURED,DESCRIPTIVE_FIRM_RANGE_ONLY,OBSERVED,True,0.06910356027995822,0.0008964397200417751,False,False,False,False,False,False,False,False,MISSING,FIRM_NATIVE,MISSING,False,MISSING,FIRM_NATIVE,MISSING,False,,,,,,,,,,,CAPTURED,COMPOSITE_NO_FIRM_CLIP,True,0.02,0.09,0.8,1.3,HASH_BOUND_EXECUTED_ADAPTER_LITERALS,household_entry_old_state,,
23.0,23.0,706.0,0.08815947295880067,0.02,0.05,15.826188436279837,0.1,0.07,16521786.893300684,3162553.4448717693,69714167.75392297,0.4784548075685029,69613908.76567611,贵州,OWNER_A_CAPTURE_PID67056,2018,23,23,24,D:\ProjectTemp\ch5-mp4c-2018-final-production-path-faithful-durable-execution-20260903-001\household_call_ledger.csv,,,,,0.02212936068262254,0.9796415045164464,22,21,,,,MISSING,MISSING,FIRM_NATIVE,MISSING,False,MISSING,FIRM_NATIVE,MISSING,False,,,,,,,,,,,CAPTURED,DESCRIPTIVE_FIRM_RANGE_ONLY,OBSERVED,True,0.06815947295880066,0.0018405270411993302,False,False,False,False,False,False,False,False,MISSING,FIRM_NATIVE,MISSING,False,MISSING,FIRM_NATIVE,MISSING,False,,,,,,,,,,,CAPTURED,COMPOSITE_NO_FIRM_CLIP,True,0.02,0.09,0.8,1.3,HASH_BOUND_EXECUTED_ADAPTER_LITERALS,household_entry_old_state,,
23.0,24.0,707.0,0.08754007108056501,0.02,0.05,15.138736040546313,0.1,0.07,22475229.016001195,3166726.8462037286,114343817.27637666,0.4438900926067219,114244576.31704515,云南,OWNER_A_CAPTURE_PID67056,2018,23,24,25,D:\ProjectTemp\ch5-mp4c-2018-final-production-path-faithful-durable-execution-20260903-001\household_call_ledger.csv,,,,,0.029568731957169938,0.9727901241009035,22,21,,,,MISSING,MISSING,FIRM_NATIVE,MISSING,False,MISSING,FIRM_NATIVE,MISSING,False,,,,,,,,,,,CAPTURED,DESCRIPTIVE_FIRM_RANGE_ONLY,OBSERVED,True,0.067540071080565,0.0024599289194349866,False,False,False,False,False,False,False,False,MISSING,FIRM_NATIVE,MISSING,False,MISSING,FIRM_NATIVE,MISSING,False,,,,,,,,,,,CAPTURED,COMPOSITE_NO_FIRM_CLIP,True,0.02,0.09,0.8,1.3,HASH_BOUND_EXECUTED_ADAPTER_LITERALS,household_entry_old_state,,
23.0,25.0,708.0,0.05746935214048981,0.02,0.05,12.849885364617432,0.1,0.07,1589658.386830599,2916219.1772832084,12867347.975033144,0.17307758449034105,12766587.551034655,西藏,OWNER_A_CAPTURE_PID67056,2018,23,25,26,D:\ProjectTemp\ch5-mp4c-2018-final-production-path-faithful-durable-execution-20260903-001\household_call_ledger.csv,,,,,0.2837596352791583,0.7364730861312674,22,21,,,,MISSING,MISSING,FIRM_NATIVE,MISSING,False,MISSING,FIRM_NATIVE,MISSING,False,,,,,,,,,,,CAPTURED,DESCRIPTIVE_FIRM_RANGE_ONLY,OBSERVED,True,0.03746935214048981,0.03253064785951019,False,False,False,False,False,False,False,False,MISSING,FIRM_NATIVE,MISSING,False,MISSING,FIRM_NATIVE,MISSING,False,,,,,,,,,,,CAPTURED,COMPOSITE_NO_FIRM_CLIP,False,0.02,0.09,0.8,1.3,HASH_BOUND_EXECUTED_ADAPTER_LITERALS,household_entry_old_state,,
23.0,26.0,709.0,0.08574615752630062,0.02,0.05,16.64764970271077,0.1,0.07,25770154.495561082,3217607.5132603906,107430395.1587639,0.5321689141340978,107331744.66295478,陕西,OWNER_A_CAPTURE_PID67056,2018,23,26,27,D:\ProjectTemp\ch5-mp4c-2018-final-production-path-faithful-durable-execution-20260903-001\household_call_ledger.csv,,,,,0.05109219959757891,0.9529470426664945,22,21,,,,MISSING,MISSING,FIRM_NATIVE,MISSING,False,MISSING,FIRM_NATIVE,MISSING,False,,,,,,,,,,,CAPTURED,DESCRIPTIVE_FIRM_RANGE_ONLY,OBSERVED,True,0.06574615752630061,0.004253842473699379,False,False,False,False,False,False,False,False,MISSING,FIRM_NATIVE,MISSING,False,MISSING,FIRM_NATIVE,MISSING,False,,,,,,,,,,,CAPTURED,COMPOSITE_NO_FIRM_CLIP,True,0.02,0.09,0.8,1.3,HASH_BOUND_EXECUTED_ADAPTER_LITERALS,household_entry_old_state,,
23.0,27.0,710.0,0.08948767550888312,0.02,0.05,15.624283830822183,0.1,0.07,8874705.607325397,2959229.3852510895,39199514.65728136,0.4071369528374464,39098439.79303853,甘肃,OWNER_A_CAPTURE_PID67056,2018,23,27,28,D:\ProjectTemp\ch5-mp4c-2018-final-production-path-faithful-durable-execution-20260903-001\household_call_ledger.csv,,,,,0.006163422815411727,0.9943330749818472,22,21,,,,MISSING,MISSING,FIRM_NATIVE,MISSING,False,MISSING,FIRM_NATIVE,MISSING,False,,,,,,,,,,,CAPTURED,DESCRIPTIVE_FIRM_RANGE_ONLY,OBSERVED,True,0.06948767550888311,0.0005123244911168778,False,False,False,False,False,False,False,False,MISSING,FIRM_NATIVE,MISSING,False,MISSING,FIRM_NATIVE,MISSING,False,,,,,,,,,,,CAPTURED,COMPOSITE_NO_FIRM_CLIP,True,0.02,0.09,0.8,1.3,HASH_BOUND_EXECUTED_ADAPTER_LITERALS,household_entry_old_state,,
23.0,28.0,711.0,0.05679501276092564,0.02,0.05,14.186140169310944,0.1,0.07,2748018.691883709,2957211.083885559,25253692.088242326,0.17711561379648078,25153314.204511795,青海,OWNER_A_CAPTURE_PID67056,2018,23,28,29,D:\ProjectTemp\ch5-mp4c-2018-final-production-path-faithful-durable-execution-20260903-001\household_call_ledger.csv,,,,,0.12022999455338848,0.888998055715282,22,21,,,,MISSING,MISSING,FIRM_NATIVE,MISSING,False,MISSING,FIRM_NATIVE,MISSING,False,,,,,,,,,,,CAPTURED,DESCRIPTIVE_FIRM_RANGE_ONLY,OBSERVED,True,0.036795012760925644,0.033204987239074356,False,False,False,False,False,False,False,False,MISSING,FIRM_NATIVE,MISSING,False,MISSING,FIRM_NATIVE,MISSING,False,,,,,,,,,,,CAPTURED,COMPOSITE_NO_FIRM_CLIP,False,0.02,0.09,0.8,1.3,HASH_BOUND_EXECUTED_ADAPTER_LITERALS,household_entry_old_state,,
23.0,29.0,712.0,0.07218836241038934,0.02,0.05,15.650990690562107,0.1,0.07,3777571.8152216645,3015743.006864937,29558327.582330722,0.21462844435059292,29458086.917008333,宁夏,OWNER_A_CAPTURE_PID67056,2018,23,29,30,D:\ProjectTemp\ch5-mp4c-2018-final-production-path-faithful-durable-execution-20260903-001\household_call_ledger.csv,,,,,0.1230684752371874,0.8863657935749993,22,21,,,,MISSING,MISSING,FIRM_NATIVE,MISSING,False,MISSING,FIRM_NATIVE,MISSING,False,,,,,,,,,,,CAPTURED,DESCRIPTIVE_FIRM_RANGE_ONLY,OBSERVED,True,0.052188362410389336,0.017811637589610657,False,False,False,False,False,False,False,False,MISSING,FIRM_NATIVE,MISSING,False,MISSING,FIRM_NATIVE,MISSING,False,,,,,,,,,,,CAPTURED,COMPOSITE_NO_FIRM_CLIP,True,0.02,0.09,0.8,1.3,HASH_BOUND_EXECUTED_ADAPTER_LITERALS,household_entry_old_state,,
23.0,30.0,713.0,0.06479853530345114,0.02,0.05,12.175621577866576,0.1,0.07,13128332.097212607,2890599.9901112304,75120754.18331027,0.3662621844185409,75022773.68122296,新疆,OWNER_A_CAPTURE_PID67056,2018,23,30,31,D:\ProjectTemp\ch5-mp4c-2018-final-production-path-faithful-durable-execution-20260903-001\household_call_ledger.csv,,,,,0.3,0.7212282935079958,22,21,,,,MISSING,MISSING,FIRM_NATIVE,MISSING,False,MISSING,FIRM_NATIVE,MISSING,False,,,,,,,,,,,CAPTURED,DESCRIPTIVE_FIRM_RANGE_ONLY,OBSERVED,True,0.04479853530345114,0.025201464696548853,False,False,False,False,False,False,False,False,MISSING,FIRM_NATIVE,MISSING,False,MISSING,FIRM_NATIVE,MISSING,False,,,,,,,,,,,CAPTURED,COMPOSITE_NO_FIRM_CLIP,False,0.02,0.09,0.8,1.3,HASH_BOUND_EXECUTED_ADAPTER_LITERALS,household_entry_old_state,,
24.0,0.0,714.0,0.07985285877268564,0.02,0.05,16.29481943663948,0.1,0.07,32660590.567596186,3185928.6182838622,104657203.82039349,0.6403473853138838,115015345.09205651,北京,OWNER_A_CAPTURE_PID67056,2018,24,0,1,D:\ProjectTemp\ch5-mp4c-2018-final-production-path-faithful-durable-execution-20260903-001\household_call_ledger.csv,,,,,0.12116569491184198,0.8881303942987903,23,22,,,,MISSING,MISSING,FIRM_NATIVE,MISSING,False,MISSING,FIRM_NATIVE,MISSING,False,,,,,,,,,,,CAPTURED,DESCRIPTIVE_FIRM_RANGE_ONLY,OBSERVED,True,0.05985285877268563,0.01014714122731436,False,False,False,False,False,False,False,False,MISSING,FIRM_NATIVE,MISSING,False,MISSING,FIRM_NATIVE,MISSING,False,,,,,,,,,,,CAPTURED,COMPOSITE_NO_FIRM_CLIP,True,0.02,0.09,0.8,1.3,HASH_BOUND_EXECUTED_ADAPTER_LITERALS,household_entry_old_state,,
24.0,1.0,715.0,0.06123387138031296,0.02,0.05,16.10035806503981,0.1,0.07,14392343.092432156,3105834.6565885795,109041667.976877,0.2749948781993189,119839000.70452441,天津,OWNER_A_CAPTURE_PID67056,2018,24,1,2,D:\ProjectTemp\ch5-mp4c-2018-final-production-path-faithful-durable-execution-20260903-001\household_call_ledger.csv,,,,,0.19817398532280342,0.816521642002073,23,22,,,,MISSING,MISSING,FIRM_NATIVE,MISSING,False,MISSING,FIRM_NATIVE,MISSING,False,,,,,,,,,,,CAPTURED,DESCRIPTIVE_FIRM_RANGE_ONLY,OBSERVED,True,0.04123387138031295,0.02876612861968704,False,False,False,False,False,False,False,False,MISSING,FIRM_NATIVE,MISSING,False,MISSING,FIRM_NATIVE,MISSING,False,,,,,,,,,,,CAPTURED,COMPOSITE_NO_FIRM_CLIP,False,0.02,0.09,0.8,1.3,HASH_BOUND_EXECUTED_ADAPTER_LITERALS,household_entry_old_state,,
24.0,2.0,716.0,0.08662412564595579,0.02,0.05,16.649388522526596,0.1,0.07,35004373.03157652,3197035.5971607896,191848218.8777281,0.42928430407207846,210925986.04366153,河北,OWNER_A_CAPTURE_PID67056,2018,24,2,3,D:\ProjectTemp\ch5-mp4c-2018-final-production-path-faithful-durable-execution-20260903-001\household_call_ledger.csv,,,,,0.04042780400496038,0.9627827047548705,23,22,,,,MISSING,MISSING,FIRM_NATIVE,MISSING,False,MISSING,FIRM_NATIVE,MISSING,False,,,,,,,,,,,CAPTURED,DESCRIPTIVE_FIRM_RANGE_ONLY,OBSERVED,True,0.06662412564595578,0.0033758743540442115,False,False,False,False,False,False,False,False,MISSING,FIRM_NATIVE,MISSING,False,MISSING,FIRM_NATIVE,MISSING,False,,,,,,,,,,,CAPTURED,COMPOSITE_NO_FIRM_CLIP,True,0.02,0.09,0.8,1.3,HASH_BOUND_EXECUTED_ADAPTER_LITERALS,household_entry_old_state,,
24.0,3.0,717.0,0.08678234747166383,0.02,0.05,16.422269458151387,0.1,0.07,17185999.44969267,3205238.0262377993,80228734.2487107,0.41332504776009144,88141858.59328865,山西,OWNER_A_CAPTURE_PID67056,2018,24,3,4,D:\ProjectTemp\ch5-mp4c-2018-final-production-path-faithful-durable-execution-20260903-001\household_call_ledger.csv,,,,,0.0385356371748285,0.9645270387407204,23,22,,,,MISSING,MISSING,FIRM_NATIVE,MISSING,False,MISSING,FIRM_NATIVE,MISSING,False,,,,,,,,,,,CAPTURED,DESCRIPTIVE_FIRM_RANGE_ONLY,OBSERVED,True,0.06678234747166382,0.003217652528336168,False,False,False,False,False,False,False,False,MISSING,FIRM_NATIVE,MISSING,False,MISSING,FIRM_NATIVE,MISSING,False,,,,,,,,,,,CAPTURED,COMPOSITE_NO_FIRM_CLIP,True,0.02,0.09,0.8,1.3,HASH_BOUND_EXECUTED_ADAPTER_LITERALS,household_entry_old_state,,
24.0,4.0,718.0,0.07295416068892241,0.02,0.05,15.722208029542838,0.1,0.07,17383909.30704063,3173328.841188577,121029637.95139048,0.3049413134767052,133027029.18461373,内蒙古,OWNER_A_CAPTURE_PID67056,2018,24,4,5,D:\ProjectTemp\ch5-mp4c-2018-final-production-path-faithful-durable-execution-20260903-001\household_call_ledger.csv,,,,,0.13838331231905796,0.8721543280015782,23,22,,,,MISSING,MISSING,FIRM_NATIVE,MISSING,False,MISSING,FIRM_NATIVE,MISSING,False,,,,,,,,,,,CAPTURED,DESCRIPTIVE_FIRM_RANGE_ONLY,OBSERVED,True,0.052954160688922405,0.017045839311077587,False,False,False,False,False,False,False,False,MISSING,FIRM_NATIVE,MISSING,False,MISSING,FIRM_NATIVE,MISSING,False,,,,,,,,,,,CAPTURED,COMPOSITE_NO_FIRM_CLIP,True,0.02,0.09,0.8,1.3,HASH_BOUND_EXECUTED_ADAPTER_LITERALS,household_entry_old_state,,
24.0,5.0,719.0,0.08361852442253288,0.02,0.05,15.163099238714288,0.1,0.07,25325884.05522789,3164932.6002856963,142397241.55969733,0.39196160880381403,156529999.42161727,辽宁,OWNER_A_CAPTURE_PID67056,2018,24,5,6,D:\ProjectTemp\ch5-mp4c-2018-final-production-path-faithful-durable-execution-20260903-001\household_call_ledger.csv,,,,,0.07632297463521798,0.9296467702524277,23,22,,,,MISSING,MISSING,FIRM_NATIVE,MISSING,False,MISSING,FIRM_NATIVE,MISSING,False,,,,,,,,,,,CAPTURED,DESCRIPTIVE_FIRM_RANGE_ONLY,OBSERVED,True,0.06361852442253288,0.006381475577467113,False,False,False,False,False,False,False,False,MISSING,FIRM_NATIVE,MISSING,False,MISSING,FIRM_NATIVE,MISSING,False,,,,,,,,,,,CAPTURED,COMPOSITE_NO_FIRM_CLIP,True,0.02,0.09,0.8,1.3,HASH_BOUND_EXECUTED_ADAPTER_LITERALS,household_entry_old_state,,
24.0,6.0,720.0,0.05376571879717865,0.02,0.05,14.309701088750462,0.1,0.07,11220460.947993515,2916051.0020576213,101170866.04351458,0.24819918510142613,101072960.83750287,吉林,OWNER_A_CAPTURE_PID67056,2018,24,6,7,D:\ProjectTemp\ch5-mp4c-2018-final-production-path-faithful-durable-execution-20260903-001\household_call_ledger.csv,,,,,0.1023070236880023,0.9056065007349425,23,22,,,,MISSING,MISSING,FIRM_NATIVE,MISSING,False,MISSING,FIRM_NATIVE,MISSING,False,,,,,,,,,,,CAPTURED,DESCRIPTIVE_FIRM_RANGE_ONLY,OBSERVED,True,0.03376571879717864,0.03623428120282135,False,False,False,False,False,False,False,False,MISSING,FIRM_NATIVE,MISSING,False,MISSING,FIRM_NATIVE,MISSING,False,,,,,,,,,,,CAPTURED,COMPOSITE_NO_FIRM_CLIP,False,0.02,0.09,0.8,1.3,HASH_BOUND_EXECUTED_ADAPTER_LITERALS,household_entry_old_state,,
24.0,7.0,721.0,0.08123807724463224,0.02,0.05,13.30199653424146,0.1,0.07,13835798.109385954,2981747.354419851,93950592.59947793,0.29938430790885884,103236908.37238838,黑龙江,OWNER_A_CAPTURE_PID67056,2018,24,7,8,D:\ProjectTemp\ch5-mp4c-2018-final-production-path-faithful-durable-execution-20260903-001\household_call_ledger.csv,,,,,0.06479729188901276,0.9402958444978166,23,22,,,,MISSING,MISSING,FIRM_NATIVE,MISSING,False,MISSING,FIRM_NATIVE,MISSING,False,,,,,,,,,,,CAPTURED,DESCRIPTIVE_FIRM_RANGE_ONLY,OBSERVED,True,0.06123807724463223,0.00876192275536776,False,False,False,False,False,False,False,False,MISSING,FIRM_NATIVE,MISSING,False,MISSING,FIRM_NATIVE,MISSING,False,,,,,,,,,,,CAPTURED,COMPOSITE_NO_FIRM_CLIP,True,0.02,0.09,0.8,1.3,HASH_BOUND_EXECUTED_ADAPTER_LITERALS,household_entry_old_state,,
24.0,8.0,722.0,0.08005552466006084,0.02,0.05,16.24667050797416,0.1,0.07,38792314.477406554,3181966.6987504065,114738515.57837808,0.7085755973446222,126105147.88854676,上海,OWNER_A_CAPTURE_PID67056,2018,24,8,9,D:\ProjectTemp\ch5-mp4c-2018-final-production-path-faithful-durable-execution-20260903-001\household_call_ledger.csv,,,,,0.11875593934055706,0.8903648074023569,23,22,,,,MISSING,MISSING,FIRM_NATIVE,MISSING,False,MISSING,FIRM_NATIVE,MISSING,False,,,,,,,,,,,CAPTURED,DESCRIPTIVE_FIRM_RANGE_ONLY,OBSERVED,True,0.06005552466006084,0.009944475339939154,False,False,False,False,False,False,False,False,MISSING,FIRM_NATIVE,MISSING,False,MISSING,FIRM_NATIVE,MISSING,False,,,,,,,,,,,CAPTURED,COMPOSITE_NO_FIRM_CLIP,True,0.02,0.09,0.8,1.3,HASH_BOUND_EXECUTED_ADAPTER_LITERALS,household_entry_old_state,,
24.0,9.0,723.0,0.08328181365246,0.02,0.05,16.91953731851864,0.1,0.07,99749117.101013,3119433.784440527,317087934.68946624,0.8342395103326485,348695635.7089272,江苏,OWNER_A_CAPTURE_PID67056,2018,24,9,10,D:\ProjectTemp\ch5-mp4c-2018-final-production-path-faithful-durable-execution-20260903-001\household_call_ledger.csv,,,,,0.08033848825905156,0.92593458422952,23,22,,,,MISSING,MISSING,FIRM_NATIVE,MISSING,False,MISSING,FIRM_NATIVE,MISSING,False,,,,,,,,,,,CAPTURED,DESCRIPTIVE_FIRM_RANGE_ONLY,OBSERVED,True,0.06328181365246,0.006718186347539998,False,False,False,False,False,False,False,False,MISSING,FIRM_NATIVE,MISSING,False,MISSING,FIRM_NATIVE,MISSING,False,,,,,,,,,,,CAPTURED,COMPOSITE_NO_FIRM_CLIP,True,0.02,0.09,0.8,1.3,HASH_BOUND_EXECUTED_ADAPTER_LITERALS,household_entry_old_state,,
24.0,10.0,724.0,0.08475442297317898,0.02,0.05,16.58135152949599,0.1,0.07,62483101.178811304,3148471.128784851,208368451.37099433,0.7213849050619462,229099902.24602044,浙江,OWNER_A_CAPTURE_PID67056,2018,24,10,11,D:\ProjectTemp\ch5-mp4c-2018-final-production-path-faithful-durable-execution-20260903-001\household_call_ledger.csv,,,,,0.06276806168696052,0.9421698207323738,23,22,,,,MISSING,MISSING,FIRM_NATIVE,MISSING,False,MISSING,FIRM_NATIVE,MISSING,False,,,,,,,,,,,CAPTURED,DESCRIPTIVE_FIRM_RANGE_ONLY,OBSERVED,True,0.06475442297317897,0.005245577026821019,False,False,False,False,False,False,False,False,MISSING,FIRM_NATIVE,MISSING,False,MISSING,FIRM_NATIVE,MISSING,False,,,,,,,,,,,CAPTURED,COMPOSITE_NO_FIRM_CLIP,True,0.02,0.09,0.8,1.3,HASH_BOUND_EXECUTED_ADAPTER_LITERALS,household_entry_old_state,,
24.0,11.0,725.0,0.09,0.02,0.05,16.82014806560587,0.1,0.07,36636882.21977386,3210665.858026796,115362461.89160682,0.6650485431957093,126787113.32577418,安徽,OWNER_A_CAPTURE_PID67056,2018,24,11,12,D:\ProjectTemp\ch5-mp4c-2018-final-production-path-faithful-durable-execution-20260903-001\household_call_ledger.csv,,,,,0.0,1.0,23,22,,,0.09,DERIVED_IDENTITY_ZERO_EXTERNAL_WEIGHT,MISSING,FIRM_NATIVE,MISSING,False,MISSING,FIRM_NATIVE,MISSING,False,,,,,,,,,,,CAPTURED,DESCRIPTIVE_FIRM_RANGE_ONLY,OBSERVED,True,0.06999999999999999,0.0,False,False,False,True,False,True,False,False,MISSING,FIRM_NATIVE,MISSING,False,MISSING,FIRM_NATIVE,MISSING,False,,,,,,,,,,,CAPTURED,COMPOSITE_NO_FIRM_CLIP,True,0.02,0.09,0.8,1.3,HASH_BOUND_EXECUTED_ADAPTER_LITERALS,household_entry_old_state,,
