turn,province_index,province,return_level_name,return_level,observed_K_over_Y,observed_Y_over_K,mt_saved_identity,alpha,K_over_Y_for_pure_MPK_equal_return,K_over_Y_for_rk_minus_delta_equal_return,K_over_Y_for_full_ra0_equal_return,geometry_status
1,0,北京,ramin,0.02,0.767497884745976,1.3029351870213646,1.028950953530941,0.7380939146868483,37.973121865620875,16.876943051387055,16.876943051387055,ALGEBRAIC_GEOMETRY_ONLY__NOT_TARGET_OR_CALIBRATION
1,0,北京,ramax,0.09,0.767497884745976,1.3029351870213646,1.028950953530941,0.7380939146868483,8.438471525693528,6.604021194021022,6.604021194021022,ALGEBRAIC_GEOMETRY_ONLY__NOT_TARGET_OR_CALIBRATION
1,1,天津,ramin,0.02,1.8480687722232245,0.5411054042090658,0.9804769641291595,0.7380939146868483,36.184204035718395,16.081868460319285,16.081868460319285,ALGEBRAIC_GEOMETRY_ONLY__NOT_TARGET_OR_CALIBRATION
1,1,天津,ramax,0.09,1.8480687722232245,0.5411054042090658,0.9804769641291595,0.7380939146868483,8.040934230159642,6.292905049690155,6.292905049690155,ALGEBRAIC_GEOMETRY_ONLY__NOT_TARGET_OR_CALIBRATION
1,2,河北,ramin,0.02,2.063359325140158,0.48464656049768395,0.9911926909659918,0.7380939146868483,36.57966467420402,16.257628744090674,16.257628744090674,ALGEBRAIC_GEOMETRY_ONLY__NOT_TARGET_OR_CALIBRATION
1,2,河北,ramax,0.09,2.063359325140158,0.48464656049768395,0.9911926909659918,0.7380939146868483,8.128814372045337,6.361680812905047,6.361680812905047,ALGEBRAIC_GEOMETRY_ONLY__NOT_TARGET_OR_CALIBRATION
1,3,山西,ramin,0.02,1.6235568710842074,0.6159316115192209,0.9929068213580279,0.7380939146868483,36.64292413477109,16.285744059898263,16.285744059898263,ALGEBRAIC_GEOMETRY_ONLY__NOT_TARGET_OR_CALIBRATION
1,3,山西,ramax,0.09,1.6235568710842074,0.6159316115192209,0.9929068213580279,0.7380939146868483,8.142872029949132,6.37268245822106,6.37268245822106,ALGEBRAIC_GEOMETRY_ONLY__NOT_TARGET_OR_CALIBRATION
1,4,内蒙古,ramin,0.02,2.252115751286746,0.4440269108853087,0.9790599304042087,0.7380939146868483,36.131908837253775,16.058626149890568,16.07429397648709,ALGEBRAIC_GEOMETRY_ONLY__NOT_TARGET_OR_CALIBRATION
1,4,内蒙古,ramax,0.09,2.252115751286746,0.4440269108853087,0.9790599304042087,0.7380939146868483,8.029313074945284,6.283810232565875,6.2899411212340794,ALGEBRAIC_GEOMETRY_ONLY__NOT_TARGET_OR_CALIBRATION
1,5,辽宁,ramin,0.02,1.9696711818570631,0.507698954633215,0.9878343169730804,0.7380939146868483,36.45572490383349,16.202544401703776,16.202544401703776,ALGEBRAIC_GEOMETRY_ONLY__NOT_TARGET_OR_CALIBRATION
1,5,辽宁,ramax,0.09,1.9696711818570631,0.507698954633215,0.9878343169730804,0.7380939146868483,8.101272200851888,6.340126070231912,6.340126070231912,ALGEBRAIC_GEOMETRY_ONLY__NOT_TARGET_OR_CALIBRATION
1,6,吉林,ramin,0.02,2.6280395118076783,0.3805117828354708,0.975430455321494,0.7380939146868483,35.99796416365081,15.999095183844807,16.075254261819907,ALGEBRAIC_GEOMETRY_ONLY__NOT_TARGET_OR_CALIBRATION
1,6,吉林,ramax,0.09,2.6280395118076783,0.3805117828354708,0.975430455321494,0.7380939146868483,7.999547591922403,6.260515506721881,6.290316885059964,ALGEBRAIC_GEOMETRY_ONLY__NOT_TARGET_OR_CALIBRATION
1,7,黑龙江,ramin,0.02,2.196621990534151,0.45524446368527466,0.9822430418844241,0.7380939146868483,36.249380597919625,16.11083582129761,16.11083582129761,ALGEBRAIC_GEOMETRY_ONLY__NOT_TARGET_OR_CALIBRATION
1,7,黑龙江,ramax,0.09,2.196621990534151,0.45524446368527466,0.9822430418844241,0.7380939146868483,8.055417910648805,6.304240103986022,6.304240103986022,ALGEBRAIC_GEOMETRY_ONLY__NOT_TARGET_OR_CALIBRATION
1,8,上海,ramin,0.02,0.8195872465544781,1.2201263553135704,1.026342872181298,0.7380939146868483,37.87687141696189,16.834165074205284,16.834165074205284,ALGEBRAIC_GEOMETRY_ONLY__NOT_TARGET_OR_CALIBRATION
1,8,上海,ramax,0.09,0.8195872465544781,1.2201263553135704,1.026342872181298,0.7380939146868483,8.417082537102642,6.587281985558589,6.587281985558589,ALGEBRAIC_GEOMETRY_ONLY__NOT_TARGET_OR_CALIBRATION
1,9,江苏,ramin,0.02,1.3405171023734612,0.7459807847504845,1.014574167975985,0.7380939146868483,37.44255096907734,16.64113376403437,16.64113376403437,ALGEBRAIC_GEOMETRY_ONLY__NOT_TARGET_OR_CALIBRATION
1,9,江苏,ramax,0.09,1.3405171023734612,0.7459807847504845,1.014574167975985,0.7380939146868483,8.320566882017186,6.511747994622146,6.511747994622146,ALGEBRAIC_GEOMETRY_ONLY__NOT_TARGET_OR_CALIBRATION
1,10,浙江,ramin,0.02,1.2155969249474134,0.8226411069962685,1.0157803279623066,0.7380939146868483,37.48706393637947,16.660917305057545,16.660917305057545,ALGEBRAIC_GEOMETRY_ONLY__NOT_TARGET_OR_CALIBRATION
1,10,浙江,ramax,0.09,1.2155969249474134,0.8226411069962685,1.0157803279623066,0.7380939146868483,8.330458652528772,6.519489380239909,6.519489380239909,ALGEBRAIC_GEOMETRY_ONLY__NOT_TARGET_OR_CALIBRATION
1,11,安徽,ramin,0.02,1.155382016817487,0.8655145964228449,1.0181953419002816,0.7380939146868483,37.57618929095464,16.700528573757616,16.700528573757616,ALGEBRAIC_GEOMETRY_ONLY__NOT_TARGET_OR_CALIBRATION
1,11,安徽,ramax,0.09,1.155382016817487,0.8655145964228449,1.0181953419002816,0.7380939146868483,8.350264286878808,6.534989441905155,6.534989441905155,ALGEBRAIC_GEOMETRY_ONLY__NOT_TARGET_OR_CALIBRATION
1,12,福建,ramin,0.02,1.1537017712873257,0.8667751275827359,1.0122266468364405,0.7380939146868483,37.355916415692505,16.60262951808556,16.60262951808556,ALGEBRAIC_GEOMETRY_ONLY__NOT_TARGET_OR_CALIBRATION
1,12,福建,ramax,0.09,1.1537017712873257,0.8667751275827359,1.0122266468364405,0.7380939146868483,8.30131475904278,6.496681115772611,6.496681115772611,ALGEBRAIC_GEOMETRY_ONLY__NOT_TARGET_OR_CALIBRATION
1,13,江西,ramin,0.02,1.1635210695856648,0.8594601560211579,1.0128142886249174,0.7380939146868483,37.377603157097035,16.612268069820903,16.612268069820903,ALGEBRAIC_GEOMETRY_ONLY__NOT_TARGET_OR_CALIBRATION
1,13,江西,ramax,0.09,1.1635210695856648,0.8594601560211579,1.0128142886249174,0.7380939146868483,8.306134034910452,6.500452722973398,6.500452722973398,ALGEBRAIC_GEOMETRY_ONLY__NOT_TARGET_OR_CALIBRATION
1,14,山东,ramin,0.02,2.0183363767095575,0.4954575518429067,0.9954802946842787,0.7380939146868483,36.73789738485683,16.327954393269703,16.327954393269703,ALGEBRAIC_GEOMETRY_ONLY__NOT_TARGET_OR_CALIBRATION
1,14,山东,ramax,0.09,2.0183363767095575,0.4954575518429067,0.9954802946842787,0.7380939146868483,8.163977196634852,6.389199545192493,6.389199545192493,ALGEBRAIC_GEOMETRY_ONLY__NOT_TARGET_OR_CALIBRATION
1,15,河南,ramin,0.02,2.140702595272369,0.4671363514990118,0.9926719440021107,0.7380939146868483,36.63425605741609,16.28189158107382,16.28189158107382,ALGEBRAIC_GEOMETRY_ONLY__NOT_TARGET_OR_CALIBRATION
1,15,河南,ramax,0.09,2.140702595272369,0.4671363514990118,0.9926719440021107,0.7380939146868483,8.14094579053691,6.371174966507146,6.371174966507146,ALGEBRAIC_GEOMETRY_ONLY__NOT_TARGET_OR_CALIBRATION
1,16,湖北,ramin,0.02,1.3491942673895396,0.7411831077038513,1.0084390567197774,0.7380939146868483,37.21613655487065,16.54050513549807,16.54050513549807,ALGEBRAIC_GEOMETRY_ONLY__NOT_TARGET_OR_CALIBRATION
1,16,湖北,ramax,0.09,1.3491942673895396,0.7411831077038513,1.0084390567197774,0.7380939146868483,8.270252567749035,6.472371574760114,6.472371574760114,ALGEBRAIC_GEOMETRY_ONLY__NOT_TARGET_OR_CALIBRATION
1,17,湖南,ramin,0.02,1.4796232421504523,0.6758477236047075,1.0049861300259584,0.7380939146868483,37.08870734584227,16.483869931485458,16.483869931485458,ALGEBRAIC_GEOMETRY_ONLY__NOT_TARGET_OR_CALIBRATION
1,17,湖南,ramax,0.09,1.4796232421504523,0.6758477236047075,1.0049861300259584,0.7380939146868483,8.241934965742729,6.450209973189962,6.450209973189962,ALGEBRAIC_GEOMETRY_ONLY__NOT_TARGET_OR_CALIBRATION
1,18,广东,ramin,0.02,1.298074457548169,0.7703718335917505,1.023350194105435,0.7380939146868483,37.766427543141326,16.785078908062815,16.785078908062815,ALGEBRAIC_GEOMETRY_ONLY__NOT_TARGET_OR_CALIBRATION
1,18,广东,ramax,0.09,1.298074457548169,0.7703718335917505,1.023350194105435,0.7380939146868483,8.392539454031407,6.568074355328927,6.568074355328927,ALGEBRAIC_GEOMETRY_ONLY__NOT_TARGET_OR_CALIBRATION
1,19,广西,ramin,0.02,1.8228081743524474,0.5486040791731966,0.9919855451572124,0.7380939146868483,36.60892471689271,16.27063320750787,16.27063320750787,ALGEBRAIC_GEOMETRY_ONLY__NOT_TARGET_OR_CALIBRATION
1,19,广西,ramax,0.09,1.8228081743524474,0.5486040791731966,0.9919855451572124,0.7380939146868483,8.135316603753935,6.366769515981342,6.366769515981342,ALGEBRAIC_GEOMETRY_ONLY__NOT_TARGET_OR_CALIBRATION
1,20,海南,ramin,0.02,1.0438911939061,0.9579542445014168,0.997832284864218,0.7380939146868483,36.82469686681765,16.366531940807846,16.366531940807846,ALGEBRAIC_GEOMETRY_ONLY__NOT_TARGET_OR_CALIBRATION
1,20,海南,ramax,0.09,1.0438911939061,0.9579542445014168,0.997832284864218,0.7380939146868483,8.183265970403923,6.4042951072726355,6.4042951072726355,ALGEBRAIC_GEOMETRY_ONLY__NOT_TARGET_OR_CALIBRATION
1,21,重庆,ramin,0.02,1.111280527815036,0.8998627933904032,1.0102520654931582,0.7380939146868483,37.28304509201597,16.570242263118207,16.570242263118207,ALGEBRAIC_GEOMETRY_ONLY__NOT_TARGET_OR_CALIBRATION
1,21,重庆,ramax,0.09,1.111280527815036,0.8998627933904032,1.0102520654931582,0.7380939146868483,8.285121131559103,6.484007842089733,6.484007842089733,ALGEBRAIC_GEOMETRY_ONLY__NOT_TARGET_OR_CALIBRATION
1,22,四川,ramin,0.02,1.346979548337061,0.7424017693769507,1.013822742059648,0.7380939146868483,37.41481982426802,16.628808810785788,16.628808810785788,ALGEBRAIC_GEOMETRY_ONLY__NOT_TARGET_OR_CALIBRATION
1,22,四川,ramax,0.09,1.346979548337061,0.7424017693769507,1.013822742059648,0.7380939146868483,8.314404405392894,6.506925186829221,6.506925186829221,ALGEBRAIC_GEOMETRY_ONLY__NOT_TARGET_OR_CALIBRATION
1,23,贵州,ramin,0.02,1.2744564777403593,0.7846482147221089,1.0052396348706294,0.7380939146868483,37.09806286500204,16.488027940000908,16.488027940000908,ALGEBRAIC_GEOMETRY_ONLY__NOT_TARGET_OR_CALIBRATION
1,23,贵州,ramax,0.09,1.2744564777403593,0.7846482147221089,1.0052396348706294,0.7380939146868483,8.244013970000454,6.451837020000355,6.451837020000355,ALGEBRAIC_GEOMETRY_ONLY__NOT_TARGET_OR_CALIBRATION
1,24,云南,ramin,0.02,1.7274684326110576,0.5788817793263559,0.9937118799956554,0.7380939146868483,36.67263457884104,16.29894870170713,16.29894870170713,ALGEBRAIC_GEOMETRY_ONLY__NOT_TARGET_OR_CALIBRATION
1,24,云南,ramax,0.09,1.7274684326110576,0.5788817793263559,0.9937118799956554,0.7380939146868483,8.149474350853565,6.377849491972356,6.377849491972356,ALGEBRAIC_GEOMETRY_ONLY__NOT_TARGET_OR_CALIBRATION
1,25,西藏,ramin,0.02,1.0994825968916957,0.9095187161916533,0.9856243215295608,0.7380939146868483,36.374165694416114,16.166295864184942,16.166295864184942,ALGEBRAIC_GEOMETRY_ONLY__NOT_TARGET_OR_CALIBRATION
1,25,西藏,ramax,0.09,1.0994825968916957,0.9095187161916533,0.9856243215295608,0.7380939146868483,8.083147932092471,6.325941859898456,6.325941859898456,ALGEBRAIC_GEOMETRY_ONLY__NOT_TARGET_OR_CALIBRATION
1,26,陕西,ramin,0.02,1.5441792102124907,0.6475932284196421,0.996381537690095,0.7380939146868483,36.77115748376919,16.34273665945297,16.34273665945297,ALGEBRAIC_GEOMETRY_ONLY__NOT_TARGET_OR_CALIBRATION
1,26,陕西,ramax,0.09,1.5441792102124907,0.6475932284196421,0.996381537690095,0.7380939146868483,8.171368329726485,6.394983910220728,6.394983910220728,ALGEBRAIC_GEOMETRY_ONLY__NOT_TARGET_OR_CALIBRATION
1,27,甘肃,ramin,0.02,1.3799081240774365,0.7246859283972756,0.9960949651523652,0.7380939146868483,36.76058161145845,16.33803627175931,16.33803627175931,ALGEBRAIC_GEOMETRY_ONLY__NOT_TARGET_OR_CALIBRATION
1,27,甘肃,ramax,0.09,1.3799081240774365,0.7246859283972756,0.9960949651523652,0.7380939146868483,8.169018135879655,6.393144628079731,6.393144628079731,ALGEBRAIC_GEOMETRY_ONLY__NOT_TARGET_OR_CALIBRATION
1,28,青海,ramin,0.02,1.9562059199420858,0.5111936273199732,0.9736120245739551,0.7380939146868483,35.930855530198926,15.969269124532856,16.075735381633603,ALGEBRAIC_GEOMETRY_ONLY__NOT_TARGET_OR_CALIBRATION
1,28,青海,ramax,0.09,1.9562059199420858,0.5111936273199732,0.9736120245739551,0.7380939146868483,7.984634562266428,6.248844440034596,6.290505149334888,ALGEBRAIC_GEOMETRY_ONLY__NOT_TARGET_OR_CALIBRATION
1,29,宁夏,ramin,0.02,1.6979500461163595,0.5889454770988419,0.9779553178709903,0.7380939146868483,36.091143447811014,16.04050819902712,16.074586234510612,ALGEBRAIC_GEOMETRY_ONLY__NOT_TARGET_OR_CALIBRATION
1,29,宁夏,ramax,0.09,1.6979500461163595,0.5889454770988419,0.9779553178709903,0.7380939146868483,8.02025409951356,6.276720599619307,6.290055483069371,ALGEBRAIC_GEOMETRY_ONLY__NOT_TARGET_OR_CALIBRATION
1,30,新疆,ramin,0.02,1.7405143769008529,0.5745427979633198,0.9877033595435155,0.7380939146868483,36.45089195974125,16.200396426551666,16.200396426551666,ALGEBRAIC_GEOMETRY_ONLY__NOT_TARGET_OR_CALIBRATION
1,30,新疆,ramax,0.09,1.7405143769008529,0.5745427979633198,0.9877033595435155,0.7380939146868483,8.100198213275833,6.33928555821587,6.33928555821587,ALGEBRAIC_GEOMETRY_ONLY__NOT_TARGET_OR_CALIBRATION
2,0,北京,ramin,0.02,0.7603157417001402,1.3152430564753301,1.1502872773122306,0.7380939146868483,42.45100197629302,18.867111989463567,18.867111989463567,ALGEBRAIC_GEOMETRY_ONLY__NOT_TARGET_OR_CALIBRATION
2,0,北京,ramax,0.09,0.7603157417001402,1.3152430564753301,1.1502872773122306,0.7380939146868483,9.433555994731783,7.382782952398787,7.382782952398787,ALGEBRAIC_GEOMETRY_ONLY__NOT_TARGET_OR_CALIBRATION
2,1,天津,ramin,0.02,1.8251941823425235,0.547886909609016,1.0306990842120982,0.7380939146868483,38.03763609651285,16.9056160428946,16.9056160428946,ALGEBRAIC_GEOMETRY_ONLY__NOT_TARGET_OR_CALIBRATION
2,1,天津,ramax,0.09,1.8251941823425235,0.547886909609016,1.0306990842120982,0.7380939146868483,8.4528080214473,6.615241060263105,6.615241060263105,ALGEBRAIC_GEOMETRY_ONLY__NOT_TARGET_OR_CALIBRATION
2,2,河北,ramin,0.02,2.0565033859607182,0.48626226770486886,1.0232940453163917,0.7380939146868483,37.76435538916583,16.784157950740372,16.784157950740372,ALGEBRAIC_GEOMETRY_ONLY__NOT_TARGET_OR_CALIBRATION
2,2,河北,ramax,0.09,2.0565033859607182,0.48626226770486886,1.0232940453163917,0.7380939146868483,8.392078975370186,6.567713980724493,6.567713980724493,ALGEBRAIC_GEOMETRY_ONLY__NOT_TARGET_OR_CALIBRATION
2,3,山西,ramin,0.02,1.611501203886755,0.6205394061066262,1.0426593522285763,0.7380939146868483,38.47902614856216,17.10178939936096,17.10178939936096,ALGEBRAIC_GEOMETRY_ONLY__NOT_TARGET_OR_CALIBRATION
2,3,山西,ramax,0.09,1.611501203886755,0.6205394061066262,1.0426593522285763,0.7380939146868483,8.55089469968048,6.692004547576029,6.692004547576029,ALGEBRAIC_GEOMETRY_ONLY__NOT_TARGET_OR_CALIBRATION
2,4,内蒙古,ramin,0.02,2.2308993742933967,0.4482497110909517,1.0165553702316743,0.7380939146868483,37.51566663551174,16.673629615782996,16.673629615782996,ALGEBRAIC_GEOMETRY_ONLY__NOT_TARGET_OR_CALIBRATION
2,4,内蒙古,ramax,0.09,2.2308993742933967,0.4482497110909517,1.0165553702316743,0.7380939146868483,8.336814807891498,6.524463762697694,6.524463762697694,ALGEBRAIC_GEOMETRY_ONLY__NOT_TARGET_OR_CALIBRATION
2,5,辽宁,ramin,0.02,1.9573548039837108,0.510893578397104,1.0264153443896458,0.7380939146868483,37.87954598176016,16.835353769671183,16.835353769671183,ALGEBRAIC_GEOMETRY_ONLY__NOT_TARGET_OR_CALIBRATION
2,5,辽宁,ramax,0.09,1.9573548039837108,0.510893578397104,1.0264153443896458,0.7380939146868483,8.417676884835592,6.587747127262637,6.587747127262637,ALGEBRAIC_GEOMETRY_ONLY__NOT_TARGET_OR_CALIBRATION
2,6,吉林,ramin,0.02,2.6164247076372646,0.38220094661276904,1.0071718086383286,0.7380939146868483,37.169369150004854,16.51971962222438,16.51971962222438,ALGEBRAIC_GEOMETRY_ONLY__NOT_TARGET_OR_CALIBRATION
2,6,吉林,ramax,0.09,2.6164247076372646,0.38220094661276904,1.0071718086383286,0.7380939146868483,8.25985981111219,6.464238113044323,6.464238113044323,ALGEBRAIC_GEOMETRY_ONLY__NOT_TARGET_OR_CALIBRATION
2,7,黑龙江,ramin,0.02,2.182458771886386,0.4581988044317833,1.0183905297971947,0.7380939146868483,37.58339264090124,16.703730062622775,16.703730062622775,ALGEBRAIC_GEOMETRY_ONLY__NOT_TARGET_OR_CALIBRATION
2,7,黑龙江,ramax,0.09,2.182458771886386,0.4581988044317833,1.0183905297971947,0.7380939146868483,8.351865031311387,6.536242198417608,6.536242198417608,ALGEBRAIC_GEOMETRY_ONLY__NOT_TARGET_OR_CALIBRATION
2,8,上海,ramin,0.02,0.8123502026836493,1.2309961845229285,1.137239486868038,0.7380939146868483,41.96947723994464,18.65310099553095,18.65310099553095,ALGEBRAIC_GEOMETRY_ONLY__NOT_TARGET_OR_CALIBRATION
2,8,上海,ramax,0.09,0.8123502026836493,1.2309961845229285,1.137239486868038,0.7380939146868483,9.326550497765474,7.299039519990372,7.299039519990372,ALGEBRAIC_GEOMETRY_ONLY__NOT_TARGET_OR_CALIBRATION
2,9,江苏,ramin,0.02,1.336269243607742,0.7483521788619024,1.0641069049219611,0.7380939146868483,39.2705415549578,17.45357402442569,17.45357402442569,ALGEBRAIC_GEOMETRY_ONLY__NOT_TARGET_OR_CALIBRATION
2,9,江苏,ramax,0.09,1.336269243607742,0.7483521788619024,1.0641069049219611,0.7380939146868483,8.726787012212846,6.829659400862227,6.829659400862227,ALGEBRAIC_GEOMETRY_ONLY__NOT_TARGET_OR_CALIBRATION
2,10,浙江,ramin,0.02,1.2102097963842928,0.8263030120791203,1.07573480985091,0.7380939146868483,39.69966584838853,17.644295932617123,17.644295932617123,ALGEBRAIC_GEOMETRY_ONLY__NOT_TARGET_OR_CALIBRATION
2,10,浙江,ramax,0.09,1.2102097963842928,0.8263030120791203,1.07573480985091,0.7380939146868483,8.822147966308561,6.904289712763223,6.904289712763223,ALGEBRAIC_GEOMETRY_ONLY__NOT_TARGET_OR_CALIBRATION
2,11,安徽,ramin,0.02,1.1501583181843045,0.8694455225769687,1.082472172539198,0.7380939146868483,39.9483061684517,17.75480274153409,17.75480274153409,ALGEBRAIC_GEOMETRY_ONLY__NOT_TARGET_OR_CALIBRATION
2,11,安徽,ramax,0.09,1.1501583181843045,0.8694455225769687,1.082472172539198,0.7380939146868483,8.877401370767044,6.9475315075568185,6.9475315075568185,ALGEBRAIC_GEOMETRY_ONLY__NOT_TARGET_OR_CALIBRATION
2,12,福建,ramin,0.02,1.1461289471427685,0.8725021756870732,1.0818979276133964,0.7380939146868483,39.92711383418801,17.745383926305784,17.745383926305784,ALGEBRAIC_GEOMETRY_ONLY__NOT_TARGET_OR_CALIBRATION
2,12,福建,ramax,0.09,1.1461289471427685,0.8725021756870732,1.0818979276133964,0.7380939146868483,8.872691963152892,6.943845884206611,6.943845884206611,ALGEBRAIC_GEOMETRY_ONLY__NOT_TARGET_OR_CALIBRATION
2,13,江西,ramin,0.02,1.1563990868038523,0.8647533636193707,1.080879453234207,0.7380939146868483,39.8895273471108,17.728678820938132,17.728678820938132,ALGEBRAIC_GEOMETRY_ONLY__NOT_TARGET_OR_CALIBRATION
2,13,江西,ramax,0.09,1.1563990868038523,0.8647533636193707,1.080879453234207,0.7380939146868483,8.864339410469066,6.937309103845357,6.937309103845357,ALGEBRAIC_GEOMETRY_ONLY__NOT_TARGET_OR_CALIBRATION
2,14,山东,ramin,0.02,2.0144167220535283,0.4964216137863392,1.025189485570049,0.7380939146868483,37.83430603500968,16.815247126670968,16.815247126670968,ALGEBRAIC_GEOMETRY_ONLY__NOT_TARGET_OR_CALIBRATION
2,14,山东,ramax,0.09,2.0144167220535283,0.4964216137863392,1.025189485570049,0.7380939146868483,8.407623563335484,6.579879310436467,6.579879310436467,ALGEBRAIC_GEOMETRY_ONLY__NOT_TARGET_OR_CALIBRATION
2,15,河南,ramin,0.02,2.1366354160768153,0.46802556602574286,1.020833982223164,0.7380939146868483,37.67356750922298,16.74380778187688,16.74380778187688,ALGEBRAIC_GEOMETRY_ONLY__NOT_TARGET_OR_CALIBRATION
2,15,河南,ramax,0.09,2.1366354160768153,0.46802556602574286,1.020833982223164,0.7380939146868483,8.37190389093844,6.551924784212692,6.551924784212692,ALGEBRAIC_GEOMETRY_ONLY__NOT_TARGET_OR_CALIBRATION
2,16,湖北,ramin,0.02,1.3428362758593102,0.7446924230283236,1.0627170982633019,0.7380939146868483,39.219251163090426,17.430778294706855,17.430778294706855,ALGEBRAIC_GEOMETRY_ONLY__NOT_TARGET_OR_CALIBRATION
2,16,湖北,ramax,0.09,1.3428362758593102,0.7446924230283236,1.0627170982633019,0.7380939146868483,8.715389147353427,6.820739332711379,6.820739332711379,ALGEBRAIC_GEOMETRY_ONLY__NOT_TARGET_OR_CALIBRATION
2,17,湖南,ramin,0.02,1.4736503480468086,0.6785870212193892,1.0526464846074903,0.7380939146868483,38.84759823026459,17.265599213450926,17.265599213450926,ALGEBRAIC_GEOMETRY_ONLY__NOT_TARGET_OR_CALIBRATION
2,17,湖南,ramax,0.09,1.4736503480468086,0.6785870212193892,1.0526464846074903,0.7380939146868483,8.632799606725463,6.756104040046015,6.756104040046015,ALGEBRAIC_GEOMETRY_ONLY__NOT_TARGET_OR_CALIBRATION
2,18,广东,ramin,0.02,1.296483019632542,0.7713174679938551,1.0687579787552053,0.7380939146868483,39.44218801961164,17.52986134204962,17.52986134204962,ALGEBRAIC_GEOMETRY_ONLY__NOT_TARGET_OR_CALIBRATION
2,18,广东,ramax,0.09,1.296483019632542,0.7713174679938551,1.0687579787552053,0.7380939146868483,8.76493067102481,6.859510959932461,6.859510959932461,ALGEBRAIC_GEOMETRY_ONLY__NOT_TARGET_OR_CALIBRATION
2,19,广西,ramin,0.02,1.8127758340474587,0.5516401869542022,1.03271643253437,0.7380939146868483,38.112085722536484,16.93870476557177,16.93870476557177,ALGEBRAIC_GEOMETRY_ONLY__NOT_TARGET_OR_CALIBRATION
2,19,广西,ramax,0.09,1.8127758340474587,0.5516401869542022,1.03271643253437,0.7380939146868483,8.469352382785885,6.628188821310693,6.628188821310693,ALGEBRAIC_GEOMETRY_ONLY__NOT_TARGET_OR_CALIBRATION
2,20,海南,ramin,0.02,1.0562436614645268,0.9467512435657672,1.0934867088941123,0.7380939146868483,40.35479428128467,17.935464125015407,17.935464125015407,ALGEBRAIC_GEOMETRY_ONLY__NOT_TARGET_OR_CALIBRATION
2,20,海南,ramax,0.09,1.0562436614645268,0.9467512435657672,1.0934867088941123,0.7380939146868483,8.967732062507704,7.018225092397334,7.018225092397334,ALGEBRAIC_GEOMETRY_ONLY__NOT_TARGET_OR_CALIBRATION
2,21,重庆,ramin,0.02,1.1023319549631572,0.9071677506014263,1.0865797112969124,0.7380939146868483,40.099893636522175,17.82217494956541,17.82217494956541,ALGEBRAIC_GEOMETRY_ONLY__NOT_TARGET_OR_CALIBRATION
2,21,重庆,ramax,0.09,1.1023319549631572,0.9071677506014263,1.0865797112969124,0.7380939146868483,8.911087474782706,6.973894545482119,6.973894545482119,ALGEBRAIC_GEOMETRY_ONLY__NOT_TARGET_OR_CALIBRATION
2,22,四川,ramin,0.02,1.3432880489939385,0.744441968905295,1.0634885245825692,0.7380939146868483,39.247720416684444,17.443431296304198,17.443431296304198,ALGEBRAIC_GEOMETRY_ONLY__NOT_TARGET_OR_CALIBRATION
2,22,四川,ramax,0.09,1.3432880489939385,0.744441968905295,1.0634885245825692,0.7380939146868483,8.721715648152099,6.825690507249469,6.825690507249469,ALGEBRAIC_GEOMETRY_ONLY__NOT_TARGET_OR_CALIBRATION
2,23,贵州,ramin,0.02,1.2656455655125058,0.7901106180505312,1.0688169264015068,0.7380939146868483,39.444363464562656,17.530828206472293,17.530828206472293,ALGEBRAIC_GEOMETRY_ONLY__NOT_TARGET_OR_CALIBRATION
2,23,贵州,ramax,0.09,1.2656455655125058,0.7901106180505312,1.0688169264015068,0.7380939146868483,8.765414103236147,6.859889298184811,6.859889298184811,ALGEBRAIC_GEOMETRY_ONLY__NOT_TARGET_OR_CALIBRATION
2,24,云南,ramin,0.02,1.717506187952743,0.5822395325352475,1.0372976905673374,0.7380939146868483,38.281155656323655,17.01384695836607,17.01384695836607,ALGEBRAIC_GEOMETRY_ONLY__NOT_TARGET_OR_CALIBRATION
2,24,云南,ramax,0.09,1.717506187952743,0.5822395325352475,1.0372976905673374,0.7380939146868483,8.506923479183035,6.657592288056288,6.657592288056288,ALGEBRAIC_GEOMETRY_ONLY__NOT_TARGET_OR_CALIBRATION
2,25,西藏,ramin,0.02,1.1092705360209394,0.9014933395662853,1.0847131479477798,0.7380939146868483,40.03100868405356,17.791559415134916,17.791559415134916,ALGEBRAIC_GEOMETRY_ONLY__NOT_TARGET_OR_CALIBRATION
2,25,西藏,ramax,0.09,1.1092705360209394,0.9014933395662853,1.0847131479477798,0.7380939146868483,8.895779707567458,6.9619145537484455,6.9619145537484455,ALGEBRAIC_GEOMETRY_ONLY__NOT_TARGET_OR_CALIBRATION
2,26,陕西,ramin,0.02,1.533558829381213,0.6520780167289033,1.0476322212660898,0.7380939146868483,38.66254836731833,17.18335482991926,17.18335482991926,ALGEBRAIC_GEOMETRY_ONLY__NOT_TARGET_OR_CALIBRATION
2,26,陕西,ramax,0.09,1.533558829381213,0.6520780167289033,1.0476322212660898,0.7380939146868483,8.59167741495963,6.723921455185797,6.723921455185797,ALGEBRAIC_GEOMETRY_ONLY__NOT_TARGET_OR_CALIBRATION
2,27,甘肃,ramin,0.02,1.398290136060025,0.7151591606143409,1.0589407153017325,0.7380939146868483,39.07988489891735,17.368837732852157,17.368837732852157,ALGEBRAIC_GEOMETRY_ONLY__NOT_TARGET_OR_CALIBRATION
2,27,甘肃,ramax,0.09,1.398290136060025,0.7151591606143409,1.0589407153017325,0.7380939146868483,8.684418866426078,6.796501721550844,6.796501721550844,ALGEBRAIC_GEOMETRY_ONLY__NOT_TARGET_OR_CALIBRATION
2,28,青海,ramin,0.02,1.9759841795539423,0.5060769262969198,1.0258517076239309,0.7380939146868483,37.85874513841676,16.82610895040745,16.82610895040745,ALGEBRAIC_GEOMETRY_ONLY__NOT_TARGET_OR_CALIBRATION
2,28,青海,ramax,0.09,1.9759841795539423,0.5060769262969198,1.0258517076239309,0.7380939146868483,8.413054475203724,6.584129589289872,6.584129589289872,ALGEBRAIC_GEOMETRY_ONLY__NOT_TARGET_OR_CALIBRATION
2,29,宁夏,ramin,0.02,1.7158672394800163,0.5827956714780826,1.0374040731954668,0.7380939146868483,38.28508167484619,17.015591855487195,17.015591855487195,ALGEBRAIC_GEOMETRY_ONLY__NOT_TARGET_OR_CALIBRATION
2,29,宁夏,ramax,0.09,1.7158672394800163,0.5827956714780826,1.0374040731954668,0.7380939146868483,8.507795927743597,6.658275073886294,6.658275073886294,ALGEBRAIC_GEOMETRY_ONLY__NOT_TARGET_OR_CALIBRATION
2,30,新疆,ramin,0.02,1.7251336119490053,0.579665246258943,1.036151600052786,0.7380939146868483,38.23885953460012,16.995048682044498,16.995048682044498,ALGEBRAIC_GEOMETRY_ONLY__NOT_TARGET_OR_CALIBRATION
2,30,新疆,ramax,0.09,1.7251336119490053,0.579665246258943,1.036151600052786,0.7380939146868483,8.497524341022249,6.650236440800021,6.650236440800021,ALGEBRAIC_GEOMETRY_ONLY__NOT_TARGET_OR_CALIBRATION
3,0,北京,ramin,0.02,0.7595196927610547,1.3166215564006456,1.1757147531302305,0.7380939146868483,43.38939523464866,19.28417565984385,19.28417565984385,ALGEBRAIC_GEOMETRY_ONLY__NOT_TARGET_OR_CALIBRATION
3,0,北京,ramax,0.09,0.7595196927610547,1.3166215564006456,1.1757147531302305,0.7380939146868483,9.642087829921925,7.545981779938899,7.545981779938899,ALGEBRAIC_GEOMETRY_ONLY__NOT_TARGET_OR_CALIBRATION
3,1,天津,ramin,0.02,1.8231606948844514,0.5484980028397213,1.0357425023808662,0.7380939146868483,38.22376190949229,16.988338626441017,16.988338626441017,ALGEBRAIC_GEOMETRY_ONLY__NOT_TARGET_OR_CALIBRATION
3,1,天津,ramax,0.09,1.8231606948844514,0.5484980028397213,1.0357425023808662,0.7380939146868483,8.494169313220508,6.647610766868224,6.647610766868224,ALGEBRAIC_GEOMETRY_ONLY__NOT_TARGET_OR_CALIBRATION
3,2,河北,ramin,0.02,2.0545994656719553,0.486712868716215,1.0258347354909692,0.7380939146868483,37.858118787013844,16.825830572006154,16.825830572006154,ALGEBRAIC_GEOMETRY_ONLY__NOT_TARGET_OR_CALIBRATION
3,2,河北,ramax,0.09,2.0545994656719553,0.486712868716215,1.0258347354909692,0.7380939146868483,8.412915286003077,6.584020658611104,6.584020658611104,ALGEBRAIC_GEOMETRY_ONLY__NOT_TARGET_OR_CALIBRATION
3,3,山西,ramin,0.02,1.6098878546346538,0.6211612797258719,1.0478922191366145,0.7380939146868483,38.67214350962162,17.18761933760961,17.18761933760961,ALGEBRAIC_GEOMETRY_ONLY__NOT_TARGET_OR_CALIBRATION
3,3,山西,ramax,0.09,1.6098878546346538,0.6211612797258719,1.0478922191366145,0.7380939146868483,8.593809668804806,6.725590175586369,6.725590175586369,ALGEBRAIC_GEOMETRY_ONLY__NOT_TARGET_OR_CALIBRATION
3,4,内蒙古,ramin,0.02,2.2285672328575803,0.4487187935172815,1.0196467577140769,0.7380939146868483,37.62975334994677,16.724334822198564,16.724334822198564,ALGEBRAIC_GEOMETRY_ONLY__NOT_TARGET_OR_CALIBRATION
3,4,内蒙古,ramax,0.09,2.2285672328575803,0.4487187935172815,1.0196467577140769,0.7380939146868483,8.362167411099282,6.5443049304255245,6.5443049304255245,ALGEBRAIC_GEOMETRY_ONLY__NOT_TARGET_OR_CALIBRATION
3,5,辽宁,ramin,0.02,1.9554271910830758,0.5113972049484072,1.029790877901885,0.7380939146868483,38.00411901897042,16.890719563986856,16.890719563986856,ALGEBRAIC_GEOMETRY_ONLY__NOT_TARGET_OR_CALIBRATION
3,5,辽宁,ramax,0.09,1.9554271910830758,0.5113972049484072,1.029790877901885,0.7380939146868483,8.445359781993428,6.609412003299204,6.609412003299204,ALGEBRAIC_GEOMETRY_ONLY__NOT_TARGET_OR_CALIBRATION
3,6,吉林,ramin,0.02,2.6112662125956794,0.3829559756015719,1.009205882891735,0.7380939146868483,37.24443604142788,16.553082685079058,16.553082685079058,ALGEBRAIC_GEOMETRY_ONLY__NOT_TARGET_OR_CALIBRATION
3,6,吉林,ramax,0.09,2.6112662125956794,0.3829559756015719,1.009205882891735,0.7380939146868483,8.276541342539529,6.477293224596154,6.477293224596154,ALGEBRAIC_GEOMETRY_ONLY__NOT_TARGET_OR_CALIBRATION
3,7,黑龙江,ramin,0.02,2.1783066704152874,0.4590721837202808,1.0212638728291312,0.7380939146868483,37.68943249123525,16.750858884993445,16.750858884993445,ALGEBRAIC_GEOMETRY_ONLY__NOT_TARGET_OR_CALIBRATION
3,7,黑龙江,ramax,0.09,2.1783066704152874,0.4590721837202808,1.0212638728291312,0.7380939146868483,8.375429442496722,6.554683911519175,6.554683911519175,ALGEBRAIC_GEOMETRY_ONLY__NOT_TARGET_OR_CALIBRATION
3,8,上海,ramin,0.02,0.811530760545045,1.2322391813322937,1.1590382761601956,0.7380939146868483,42.773954926148754,19.01064663384389,19.01064663384389,ALGEBRAIC_GEOMETRY_ONLY__NOT_TARGET_OR_CALIBRATION
3,8,上海,ramax,0.09,0.811530760545045,1.2322391813322937,1.1590382761601956,0.7380939146868483,9.505323316921945,7.43894868280848,7.43894868280848,ALGEBRAIC_GEOMETRY_ONLY__NOT_TARGET_OR_CALIBRATION
3,9,江苏,ramin,0.02,1.3350604322984283,0.7490297636028421,1.0699339920904782,0.7380939146868483,39.48558843392942,17.549150415079744,17.549150415079744,ALGEBRAIC_GEOMETRY_ONLY__NOT_TARGET_OR_CALIBRATION
3,9,江苏,ramax,0.09,1.3350604322984283,0.7490297636028421,1.0699339920904782,0.7380939146868483,8.774575207539872,6.8670588580746825,6.8670588580746825,ALGEBRAIC_GEOMETRY_ONLY__NOT_TARGET_OR_CALIBRATION
3,10,浙江,ramin,0.02,1.2090991281567056,0.8270620470337439,1.0835970246612137,0.7380939146868483,39.98981849376082,17.7732526638937,17.7732526638937,ALGEBRAIC_GEOMETRY_ONLY__NOT_TARGET_OR_CALIBRATION
3,10,浙江,ramax,0.09,1.2090991281567056,0.8270620470337439,1.0835970246612137,0.7380939146868483,8.88662633194685,6.954751042393187,6.954751042393187,ALGEBRAIC_GEOMETRY_ONLY__NOT_TARGET_OR_CALIBRATION
3,11,安徽,ramin,0.02,1.1490927479400717,0.8702517719241168,1.0913127146839134,0.7380939146868483,40.27456368642906,17.89980608285736,17.89980608285736,ALGEBRAIC_GEOMETRY_ONLY__NOT_TARGET_OR_CALIBRATION
3,11,安徽,ramax,0.09,1.1490927479400717,0.8702517719241168,1.0913127146839134,0.7380939146868483,8.94990304142868,7.004271945465924,7.004271945465924,ALGEBRAIC_GEOMETRY_ONLY__NOT_TARGET_OR_CALIBRATION
3,12,福建,ramin,0.02,1.145048064605446,0.8733257851010596,1.0917271855273372,0.7380939146868483,40.28985960679637,17.906604269687275,17.906604269687275,ALGEBRAIC_GEOMETRY_ONLY__NOT_TARGET_OR_CALIBRATION
3,12,福建,ramax,0.09,1.145048064605446,0.8733257851010596,1.0917271855273372,0.7380939146868483,8.953302134843637,7.0069321055298035,7.0069321055298035,ALGEBRAIC_GEOMETRY_ONLY__NOT_TARGET_OR_CALIBRATION
3,13,江西,ramin,0.02,1.1553070095893894,0.8655707891492951,1.0903596231352473,0.7380939146868483,40.239390132818556,17.884173392363806,17.884173392363806,ALGEBRAIC_GEOMETRY_ONLY__NOT_TARGET_OR_CALIBRATION
3,13,江西,ramax,0.09,1.1553070095893894,0.8655707891492951,1.0903596231352473,0.7380939146868483,8.942086696181903,6.998154805707576,6.998154805707576,ALGEBRAIC_GEOMETRY_ONLY__NOT_TARGET_OR_CALIBRATION
3,14,山东,ramin,0.02,2.0126123679114376,0.49686666739394886,1.0275082798523512,0.7380939146868483,37.919880432468574,16.853280192208256,16.853280192208256,ALGEBRAIC_GEOMETRY_ONLY__NOT_TARGET_OR_CALIBRATION
3,14,山东,ramax,0.09,2.0126123679114376,0.49686666739394886,1.0275082798523512,0.7380939146868483,8.426640096104128,6.594761814342361,6.594761814342361,ALGEBRAIC_GEOMETRY_ONLY__NOT_TARGET_OR_CALIBRATION
3,15,河南,ramin,0.02,2.134754329661938,0.46843797719729235,1.0229099819390928,0.7380939146868483,37.75018164708391,16.777858509815072,16.777858509815072,ALGEBRAIC_GEOMETRY_ONLY__NOT_TARGET_OR_CALIBRATION
3,15,河南,ramax,0.09,2.134754329661938,0.46843797719729235,1.0229099819390928,0.7380939146868483,8.388929254907536,6.565248982101551,6.565248982101551,ALGEBRAIC_GEOMETRY_ONLY__NOT_TARGET_OR_CALIBRATION
3,16,湖北,ramin,0.02,1.3416012728322206,0.7453779451840599,1.0692063276218233,0.7380939146868483,39.458734198117014,17.53721519916312,17.53721519916312,ALGEBRAIC_GEOMETRY_ONLY__NOT_TARGET_OR_CALIBRATION
3,16,湖北,ramax,0.09,1.3416012728322206,0.7453779451840599,1.0692063276218233,0.7380939146868483,8.76860759958156,6.862388556194264,6.862388556194264,ALGEBRAIC_GEOMETRY_ONLY__NOT_TARGET_OR_CALIBRATION
3,17,湖南,ramin,0.02,1.472342101821378,0.679189978173509,1.0578271149770082,0.7380939146868483,39.03878781776373,17.35057236345055,17.35057236345055,ALGEBRAIC_GEOMETRY_ONLY__NOT_TARGET_OR_CALIBRATION
3,17,湖南,ramax,0.09,1.472342101821378,0.679189978173509,1.0578271149770082,0.7380939146868483,8.675286181725275,6.789354403089346,6.789354403089346,ALGEBRAIC_GEOMETRY_ONLY__NOT_TARGET_OR_CALIBRATION
3,18,广东,ramin,0.02,1.2954114851720784,0.771955483988289,1.0740710050413973,0.7380939146868483,39.63826363813212,17.617006061392054,17.617006061392054,ALGEBRAIC_GEOMETRY_ONLY__NOT_TARGET_OR_CALIBRATION
3,18,广东,ramax,0.09,1.2954114851720784,0.771955483988289,1.0740710050413973,0.7380939146868483,8.808503030696027,6.893611067501239,6.893611067501239,ALGEBRAIC_GEOMETRY_ONLY__NOT_TARGET_OR_CALIBRATION
3,19,广西,ramin,0.02,1.811157758997864,0.5521330182486767,1.036477843200446,0.7380939146868483,38.250899438699925,17.0003997505333,17.0003997505333,ALGEBRAIC_GEOMETRY_ONLY__NOT_TARGET_OR_CALIBRATION
3,19,广西,ramax,0.09,1.811157758997864,0.5521330182486767,1.036477843200446,0.7380939146868483,8.50019987526665,6.652330337165205,6.652330337165205,ALGEBRAIC_GEOMETRY_ONLY__NOT_TARGET_OR_CALIBRATION
3,20,海南,ramin,0.02,1.055597360089422,0.9473309026798701,1.105205016906467,0.7380939146868483,40.787254873001935,18.127668832445305,18.127668832445305,ALGEBRAIC_GEOMETRY_ONLY__NOT_TARGET_OR_CALIBRATION
3,20,海南,ramax,0.09,1.055597360089422,0.9473309026798701,1.105205016906467,0.7380939146868483,9.063834416222653,7.093435630087293,7.093435630087293,ALGEBRAIC_GEOMETRY_ONLY__NOT_TARGET_OR_CALIBRATION
3,21,重庆,ramin,0.02,1.1012698359907438,0.9080426679446482,1.0978905321472179,0.7380939146868483,40.517316038508355,18.007696017114824,18.007696017114824,ALGEBRAIC_GEOMETRY_ONLY__NOT_TARGET_OR_CALIBRATION
3,21,重庆,ramax,0.09,1.1012698359907438,0.9080426679446482,1.0978905321472179,0.7380939146868483,9.003848008557412,7.04648974582754,7.04648974582754,ALGEBRAIC_GEOMETRY_ONLY__NOT_TARGET_OR_CALIBRATION
3,22,四川,ramin,0.02,1.3421428548577703,0.7450771699753019,1.0692518120595278,0.7380939146868483,39.46041278745115,17.53796123886718,17.53796123886718,ALGEBRAIC_GEOMETRY_ONLY__NOT_TARGET_OR_CALIBRATION
3,22,四川,ramax,0.09,1.3421428548577703,0.7450771699753019,1.0692518120595278,0.7380939146868483,8.76898061943359,6.862680484774113,6.862680484774113,ALGEBRAIC_GEOMETRY_ONLY__NOT_TARGET_OR_CALIBRATION
3,23,贵州,ramin,0.02,1.2644730936444752,0.7908432413676684,1.0770428528924547,0.7380939146868483,39.74793877884415,17.66575056837518,17.66575056837518,ALGEBRAIC_GEOMETRY_ONLY__NOT_TARGET_OR_CALIBRATION
3,23,贵州,ramax,0.09,1.2644730936444752,0.7908432413676684,1.0770428528924547,0.7380939146868483,8.83287528418759,6.9126850050163755,6.9126850050163755,ALGEBRAIC_GEOMETRY_ONLY__NOT_TARGET_OR_CALIBRATION
3,24,云南,ramin,0.02,1.715963643493219,0.5827629296179501,1.0415364194627608,0.7380939146868483,38.437584656509614,17.083370958448718,17.083370958448718,ALGEBRAIC_GEOMETRY_ONLY__NOT_TARGET_OR_CALIBRATION
3,24,云南,ramax,0.09,1.715963643493219,0.5827629296179501,1.0415364194627608,0.7380939146868483,8.541685479224359,6.68479733156689,6.68479733156689,ALGEBRAIC_GEOMETRY_ONLY__NOT_TARGET_OR_CALIBRATION
3,25,西藏,ramin,0.02,1.1084310898425542,0.9021760659402326,1.0967319608219017,0.7380939146868483,40.47455931626103,17.988693029449347,17.988693029449347,ALGEBRAIC_GEOMETRY_ONLY__NOT_TARGET_OR_CALIBRATION
3,25,西藏,ramax,0.09,1.1084310898425542,0.9021760659402326,1.0967319608219017,0.7380939146868483,8.994346514724674,7.039053794132353,7.039053794132353,ALGEBRAIC_GEOMETRY_ONLY__NOT_TARGET_OR_CALIBRATION
3,26,陕西,ramin,0.02,1.532077626416998,0.6527084416333757,1.0532252023859685,0.7380939146868483,38.86895563379537,17.275091392797947,17.275091392797947,ALGEBRAIC_GEOMETRY_ONLY__NOT_TARGET_OR_CALIBRATION
3,26,陕西,ramax,0.09,1.532077626416998,0.6527084416333757,1.0532252023859685,0.7380939146868483,8.637545696398973,6.759818371094848,6.759818371094848,ALGEBRAIC_GEOMETRY_ONLY__NOT_TARGET_OR_CALIBRATION
3,27,甘肃,ramin,0.02,1.3902663909470194,0.7192866104738543,1.064174561480673,0.7380939146868483,39.2730383996715,17.454683733187334,17.454683733187334,ALGEBRAIC_GEOMETRY_ONLY__NOT_TARGET_OR_CALIBRATION
3,27,甘肃,ramax,0.09,1.3902663909470194,0.7192866104738543,1.064174561480673,0.7380939146868483,8.727341866593667,6.830093634725479,6.830093634725479,ALGEBRAIC_GEOMETRY_ONLY__NOT_TARGET_OR_CALIBRATION
3,28,青海,ramin,0.02,1.9745646108791304,0.5064407588844472,1.0290189596414845,0.7380939146868483,37.97563161043856,16.87805849352825,16.87805849352825,ALGEBRAIC_GEOMETRY_ONLY__NOT_TARGET_OR_CALIBRATION
3,28,青海,ramax,0.09,1.9745646108791304,0.5064407588844472,1.0290189596414845,0.7380939146868483,8.439029246764125,6.60445767138062,6.60445767138062,ALGEBRAIC_GEOMETRY_ONLY__NOT_TARGET_OR_CALIBRATION
3,29,宁夏,ramin,0.02,1.7146481149074382,0.5832100425188308,1.0416307299347696,0.7380939146868483,38.44106515578366,17.084917847014964,17.084917847014964,ALGEBRAIC_GEOMETRY_ONLY__NOT_TARGET_OR_CALIBRATION
3,29,宁夏,ramax,0.09,1.7146481149074382,0.5832100425188308,1.0416307299347696,0.7380939146868483,8.542458923507482,6.685402635788464,6.685402635788464,ALGEBRAIC_GEOMETRY_ONLY__NOT_TARGET_OR_CALIBRATION
3,30,新疆,ramin,0.02,1.7234052569989429,0.5802465763283983,1.0410441619740813,0.7380939146868483,38.41941804366695,17.075296908296423,17.075296908296423,ALGEBRAIC_GEOMETRY_ONLY__NOT_TARGET_OR_CALIBRATION
3,30,新疆,ramax,0.09,1.7234052569989429,0.5802465763283983,1.0410441619740813,0.7380939146868483,8.537648454148211,6.681637920637732,6.681637920637732,ALGEBRAIC_GEOMETRY_ONLY__NOT_TARGET_OR_CALIBRATION
4,0,北京,ramin,0.02,0.7596329975076499,1.316425172788692,1.1808908631073989,0.7380939146868483,43.58041799844355,19.369074665974914,19.369074665974914,ALGEBRAIC_GEOMETRY_ONLY__NOT_TARGET_OR_CALIBRATION
4,0,北京,ramax,0.09,0.7596329975076499,1.316425172788692,1.1808908631073989,0.7380939146868483,9.684537332987457,7.579203130164097,7.579203130164097,ALGEBRAIC_GEOMETRY_ONLY__NOT_TARGET_OR_CALIBRATION
4,1,天津,ramin,0.02,1.8234354932837007,0.5484153421842021,1.036243839090879,0.7380939146868483,38.24226358823577,16.996561594771453,16.996561594771453,ALGEBRAIC_GEOMETRY_ONLY__NOT_TARGET_OR_CALIBRATION
4,1,天津,ramax,0.09,1.8234354932837007,0.5484153421842021,1.036243839090879,0.7380939146868483,8.498280797385727,6.65082845012796,6.65082845012796,ALGEBRAIC_GEOMETRY_ONLY__NOT_TARGET_OR_CALIBRATION
4,2,河北,ramin,0.02,2.0549114102408677,0.4866389835670748,1.026085345455867,0.7380939146868483,37.867367471516395,16.82994109845173,16.82994109845173,ALGEBRAIC_GEOMETRY_ONLY__NOT_TARGET_OR_CALIBRATION
4,2,河北,ramax,0.09,2.0549114102408677,0.4866389835670748,1.026085345455867,0.7380939146868483,8.414970549225865,6.585629125481113,6.585629125481113,ALGEBRAIC_GEOMETRY_ONLY__NOT_TARGET_OR_CALIBRATION
4,3,山西,ramin,0.02,1.6101088639414805,0.62107601690487,1.0484677638001303,0.7380939146868483,38.693383810310195,17.197059471248977,17.197059471248977,ALGEBRAIC_GEOMETRY_ONLY__NOT_TARGET_OR_CALIBRATION
4,3,山西,ramax,0.09,1.6101088639414805,0.62107601690487,1.0484677638001303,0.7380939146868483,8.598529735624489,6.729284140923513,6.729284140923513,ALGEBRAIC_GEOMETRY_ONLY__NOT_TARGET_OR_CALIBRATION
4,4,内蒙古,ramin,0.02,2.228871461122196,0.4486575459566961,1.0199219208811297,0.7380939146868483,37.63990816290414,16.728848072401842,16.728848072401842,ALGEBRAIC_GEOMETRY_ONLY__NOT_TARGET_OR_CALIBRATION
4,4,内蒙古,ramax,0.09,2.228871461122196,0.4486575459566961,1.0199219208811297,0.7380939146868483,8.364424036200921,6.5460709848528955,6.5460709848528955,ALGEBRAIC_GEOMETRY_ONLY__NOT_TARGET_OR_CALIBRATION
4,5,辽宁,ramin,0.02,1.9557357365730175,0.5113165246713101,1.0301220116900516,0.7380939146868483,38.01633941067007,16.896150849186697,16.896150849186697,ALGEBRAIC_GEOMETRY_ONLY__NOT_TARGET_OR_CALIBRATION
4,5,辽宁,ramax,0.09,1.9557357365730175,0.5113165246713101,1.0301220116900516,0.7380939146868483,8.448075424593348,6.611537288812187,6.611537288812187,ALGEBRAIC_GEOMETRY_ONLY__NOT_TARGET_OR_CALIBRATION
4,6,吉林,ramin,0.02,2.612123290626563,0.382830321826093,1.0094331279464546,0.7380939146868483,37.252822451029445,16.556809978235307,16.556809978235307,ALGEBRAIC_GEOMETRY_ONLY__NOT_TARGET_OR_CALIBRATION
4,6,吉林,ramax,0.09,2.612123290626563,0.382830321826093,1.0094331279464546,0.7380939146868483,8.278404989117654,6.4787517306138165,6.4787517306138165,ALGEBRAIC_GEOMETRY_ONLY__NOT_TARGET_OR_CALIBRATION
4,7,黑龙江,ramin,0.02,2.178855547256273,0.4589565385641335,1.021589890831669,0.7380939146868483,37.701464086422824,16.756206260632368,16.756206260632368,ALGEBRAIC_GEOMETRY_ONLY__NOT_TARGET_OR_CALIBRATION
4,7,黑龙江,ramax,0.09,2.178855547256273,0.4589565385641335,1.021589890831669,0.7380939146868483,8.378103130316184,6.556776362856144,6.556776362856144,ALGEBRAIC_GEOMETRY_ONLY__NOT_TARGET_OR_CALIBRATION
4,8,上海,ramin,0.02,0.8116436462100579,1.2320677980656483,1.1632121835631333,0.7380939146868483,42.927991708877485,19.079107426167774,19.079107426167774,ALGEBRAIC_GEOMETRY_ONLY__NOT_TARGET_OR_CALIBRATION
4,8,上海,ramax,0.09,0.8116436462100579,1.2320677980656483,1.1632121835631333,0.7380939146868483,9.539553713083887,7.465737688500433,7.465737688500433,ALGEBRAIC_GEOMETRY_ONLY__NOT_TARGET_OR_CALIBRATION
4,9,江苏,ramin,0.02,1.3352485275947998,0.7489242484328462,1.0706847346173338,0.7380939146868483,39.513294358457856,17.561464159314603,17.561464159314603,ALGEBRAIC_GEOMETRY_ONLY__NOT_TARGET_OR_CALIBRATION
4,9,江苏,ramax,0.09,1.3352485275947998,0.7489242484328462,1.0706847346173338,0.7380939146868483,8.780732079657302,6.871877279731802,6.871877279731802,ALGEBRAIC_GEOMETRY_ONLY__NOT_TARGET_OR_CALIBRATION
4,10,浙江,ramin,0.02,1.2092639115642467,0.8269493453306211,1.0846774553571534,0.7380939146868483,40.02969145985652,17.790973982158455,17.790973982158455,ALGEBRAIC_GEOMETRY_ONLY__NOT_TARGET_OR_CALIBRATION
4,10,浙江,ramax,0.09,1.2092639115642467,0.8269493453306211,1.0846774553571534,0.7380939146868483,8.895486991079228,6.961685471279396,6.961685471279396,ALGEBRAIC_GEOMETRY_ONLY__NOT_TARGET_OR_CALIBRATION
4,11,安徽,ramin,0.02,1.1492476695808598,0.8701344596719595,1.09257725251329,0.7380939146868483,40.32123107026676,17.920547142340787,17.920547142340787,ALGEBRAIC_GEOMETRY_ONLY__NOT_TARGET_OR_CALIBRATION
4,11,安徽,ramax,0.09,1.1492476695808598,0.8701344596719595,1.09257725251329,0.7380939146868483,8.960273571170394,7.012388012220308,7.012388012220308,ALGEBRAIC_GEOMETRY_ONLY__NOT_TARGET_OR_CALIBRATION
4,12,福建,ramin,0.02,1.145186486996749,0.8732202233913007,1.0931259038578276,0.7380939146868483,40.34147888120116,17.92954616942274,17.92954616942274,ALGEBRAIC_GEOMETRY_ONLY__NOT_TARGET_OR_CALIBRATION
4,12,福建,ramax,0.09,1.145186486996749,0.8732202233913007,1.0931259038578276,0.7380939146868483,8.96477308471137,7.015909370643682,7.015909370643682,ALGEBRAIC_GEOMETRY_ONLY__NOT_TARGET_OR_CALIBRATION
4,13,江西,ramin,0.02,1.1554474018665915,0.8654656182397652,1.0917013739617238,0.7380939146868483,40.28890703882098,17.90618090614266,17.90618090614266,ALGEBRAIC_GEOMETRY_ONLY__NOT_TARGET_OR_CALIBRATION
4,13,江西,ramax,0.09,1.1554474018665915,0.8654656182397652,1.0917013739617238,0.7380939146868483,8.95309045307133,7.006766441534085,7.006766441534085,ALGEBRAIC_GEOMETRY_ONLY__NOT_TARGET_OR_CALIBRATION
4,14,山东,ramin,0.02,2.0129125802509167,0.4967925630805817,1.0277457092888254,0.7380939146868483,37.92864269358003,16.857174530480016,16.857174530480016,ALGEBRAIC_GEOMETRY_ONLY__NOT_TARGET_OR_CALIBRATION
4,14,山东,ramax,0.09,2.0129125802509167,0.4967925630805817,1.0277457092888254,0.7380939146868483,8.428587265240008,6.596285685840006,6.596285685840006,ALGEBRAIC_GEOMETRY_ONLY__NOT_TARGET_OR_CALIBRATION
4,15,河南,ramin,0.02,2.1350355751225965,0.4683762704715488,1.0231156858232566,0.7380939146868483,37.75777308634035,16.781232482817934,16.781232482817934,ALGEBRAIC_GEOMETRY_ONLY__NOT_TARGET_OR_CALIBRATION
4,15,河南,ramax,0.09,2.1350355751225965,0.4683762704715488,1.0231156858232566,0.7380939146868483,8.390616241408967,6.566569232407018,6.566569232407018,ALGEBRAIC_GEOMETRY_ONLY__NOT_TARGET_OR_CALIBRATION
4,16,湖北,ramin,0.02,1.3417621367721886,0.7452885817792199,1.0700278917712205,0.7380939146868483,39.48905377307676,17.550690565811898,17.550690565811898,ALGEBRAIC_GEOMETRY_ONLY__NOT_TARGET_OR_CALIBRATION
4,16,湖北,ramax,0.09,1.3417621367721886,0.7452885817792199,1.0700278917712205,0.7380939146868483,8.775345282905949,6.867661525752482,6.867661525752482,ALGEBRAIC_GEOMETRY_ONLY__NOT_TARGET_OR_CALIBRATION
4,17,湖南,ramin,0.02,1.4725028038306889,0.6791158545834469,1.0584402251476845,0.7380939146868483,39.06141446206418,17.3606286498063,17.3606286498063,ALGEBRAIC_GEOMETRY_ONLY__NOT_TARGET_OR_CALIBRATION
4,17,湖南,ramax,0.09,1.4725028038306889,0.6791158545834469,1.0584402251476845,0.7380939146868483,8.68031432490315,6.793289471663336,6.793289471663336,ALGEBRAIC_GEOMETRY_ONLY__NOT_TARGET_OR_CALIBRATION
4,18,广东,ramin,0.02,1.2955441772519165,0.7718764188506337,1.0747771106219248,0.7380939146868483,39.664322249737815,17.628587666550143,17.628587666550143,ALGEBRAIC_GEOMETRY_ONLY__NOT_TARGET_OR_CALIBRATION
4,18,广东,ramax,0.09,1.2955441772519165,0.7718764188506337,1.0747771106219248,0.7380939146868483,8.814293833275071,6.898142999954403,6.898142999954403,ALGEBRAIC_GEOMETRY_ONLY__NOT_TARGET_OR_CALIBRATION
4,19,广西,ramin,0.02,1.811314227510346,0.5520853228070214,1.036859549056385,0.7380939146868483,38.26498617717337,17.006660523188167,17.006660523188167,ALGEBRAIC_GEOMETRY_ONLY__NOT_TARGET_OR_CALIBRATION
4,19,广西,ramax,0.09,1.811314227510346,0.5520853228070214,1.036859549056385,0.7380939146868483,8.503330261594083,6.654780204725804,6.654780204725804,ALGEBRAIC_GEOMETRY_ONLY__NOT_TARGET_OR_CALIBRATION
4,20,海南,ramin,0.02,1.0557008536780805,0.947238032929482,1.1069373181323117,0.7380939146868483,40.85118492266195,18.15608218784976,18.15608218784976,ALGEBRAIC_GEOMETRY_ONLY__NOT_TARGET_OR_CALIBRATION
4,20,海南,ramax,0.09,1.0557008536780805,0.947238032929482,1.1069373181323117,0.7380939146868483,9.07804109392488,7.104553899593384,7.104553899593384,ALGEBRAIC_GEOMETRY_ONLY__NOT_TARGET_OR_CALIBRATION
4,21,重庆,ramin,0.02,1.1013571059916214,0.9079707159102013,1.0995470179205307,0.7380939146868483,40.57844814196073,18.034865840871436,18.034865840871436,ALGEBRAIC_GEOMETRY_ONLY__NOT_TARGET_OR_CALIBRATION
4,21,重庆,ramax,0.09,1.1013571059916214,0.9079707159102013,1.0995470179205307,0.7380939146868483,9.017432920435718,7.05712141599317,7.05712141599317,ALGEBRAIC_GEOMETRY_ONLY__NOT_TARGET_OR_CALIBRATION
4,22,四川,ramin,0.02,1.3422349071136102,0.7450260715916229,1.0699854217907419,0.7380939146868483,39.487486431369355,17.549993969497493,17.549993969497493,ALGEBRAIC_GEOMETRY_ONLY__NOT_TARGET_OR_CALIBRATION
4,22,四川,ramax,0.09,1.3422349071136102,0.7450260715916229,1.0699854217907419,0.7380939146868483,8.774996984748746,6.867388944585976,6.867388944585976,ALGEBRAIC_GEOMETRY_ONLY__NOT_TARGET_OR_CALIBRATION
4,23,贵州,ramin,0.02,1.2645773699040475,0.7907780289282554,1.078118766111687,0.7380939146868483,39.78764502883648,17.683397790593993,17.683397790593993,ALGEBRAIC_GEOMETRY_ONLY__NOT_TARGET_OR_CALIBRATION
4,23,贵州,ramax,0.09,1.2645773699040475,0.7907780289282554,1.078118766111687,0.7380939146868483,8.841698895296997,6.919590439797649,6.919590439797649,ALGEBRAIC_GEOMETRY_ONLY__NOT_TARGET_OR_CALIBRATION
4,24,云南,ramin,0.02,1.716085075748504,0.5827216926082935,1.0419812085310012,0.7380939146868483,38.45399946173899,17.09066642743955,17.09066642743955,ALGEBRAIC_GEOMETRY_ONLY__NOT_TARGET_OR_CALIBRATION
4,24,云南,ramax,0.09,1.716085075748504,0.5827216926082935,1.0419812085310012,0.7380939146868483,8.545333213719776,6.687652080302434,6.687652080302434,ALGEBRAIC_GEOMETRY_ONLY__NOT_TARGET_OR_CALIBRATION
4,25,西藏,ramin,0.02,1.108512353456791,0.9021099285737272,1.0984419247789772,0.7380939146868483,40.53766501581359,18.01674000702826,18.01674000702826,ALGEBRAIC_GEOMETRY_ONLY__NOT_TARGET_OR_CALIBRATION
4,25,西藏,ramax,0.09,1.108512353456791,0.9021099285737272,1.0984419247789772,0.7380939146868483,9.00837000351413,7.050028698402364,7.050028698402364,ALGEBRAIC_GEOMETRY_ONLY__NOT_TARGET_OR_CALIBRATION
4,26,陕西,ramin,0.02,1.532239354151408,0.6526395483124924,1.0538615927773085,0.7380939146868483,38.89244142755604,17.285529523358242,17.285529523358242,ALGEBRAIC_GEOMETRY_ONLY__NOT_TARGET_OR_CALIBRATION
4,26,陕西,ramax,0.09,1.532239354151408,0.6526395483124924,1.0538615927773085,0.7380939146868483,8.642764761679121,6.7639028569662685,6.7639028569662685,ALGEBRAIC_GEOMETRY_ONLY__NOT_TARGET_OR_CALIBRATION
4,27,甘肃,ramin,0.02,1.3910978075637583,0.7188567148641466,1.0653754935643756,0.7380939146868483,39.31735843281815,17.47438152569696,17.47438152569696,ALGEBRAIC_GEOMETRY_ONLY__NOT_TARGET_OR_CALIBRATION
4,27,甘肃,ramax,0.09,1.3910978075637583,0.7188567148641466,1.0653754935643756,0.7380939146868483,8.73719076284848,6.837801466577071,6.837801466577071,ALGEBRAIC_GEOMETRY_ONLY__NOT_TARGET_OR_CALIBRATION
4,28,青海,ramin,0.02,1.9747429144137816,0.506395031323284,1.029310840914235,0.7380939146868483,37.98640339999997,16.882845955555545,16.882845955555545,ALGEBRAIC_GEOMETRY_ONLY__NOT_TARGET_OR_CALIBRATION
4,28,青海,ramax,0.09,1.9747429144137816,0.506395031323284,1.029310840914235,0.7380939146868483,8.441422977777773,6.606331026086952,6.606331026086952,ALGEBRAIC_GEOMETRY_ONLY__NOT_TARGET_OR_CALIBRATION
4,29,宁夏,ramin,0.02,1.7148433558090752,0.5831436420198234,1.0420580713786618,0.7380939146868483,38.45683606174518,17.091927138553416,17.091927138553416,ALGEBRAIC_GEOMETRY_ONLY__NOT_TARGET_OR_CALIBRATION
4,29,宁夏,ramax,0.09,1.7148433558090752,0.5831436420198234,1.0420580713786618,0.7380939146868483,8.545963569276708,6.6881454020426405,6.6881454020426405,ALGEBRAIC_GEOMETRY_ONLY__NOT_TARGET_OR_CALIBRATION
4,30,新疆,ramin,0.02,1.7235716152926528,0.5801905712111681,1.0415521536237795,0.7380939146868483,38.438165320934644,17.08362903152651,17.08362903152651,ALGEBRAIC_GEOMETRY_ONLY__NOT_TARGET_OR_CALIBRATION
4,30,新疆,ramax,0.09,1.7235716152926528,0.5801905712111681,1.0415521536237795,0.7380939146868483,8.541814515763255,6.684898316684287,6.684898316684287,ALGEBRAIC_GEOMETRY_ONLY__NOT_TARGET_OR_CALIBRATION
5,0,北京,ramin,0.02,1.771589995082072,0.5644646914782747,0.9148824847644803,0.7380939146868483,33.7634597329123,15.00598210351658,16.091274024108575,ALGEBRAIC_GEOMETRY_ONLY__NOT_TARGET_OR_CALIBRATION
5,0,北京,ramax,0.09,1.771589995082072,0.5644646914782747,0.9148824847644803,0.7380939146868483,7.50299105175829,5.871906040506488,6.29658548769466,ALGEBRAIC_GEOMETRY_ONLY__NOT_TARGET_OR_CALIBRATION
5,1,天津,ramin,0.02,4.828120074828934,0.20711995238341935,0.7060856666546586,0.7380939146868483,26.057876690270497,11.581278529009111,16.146517418098135,ALGEBRAIC_GEOMETRY_ONLY__NOT_TARGET_OR_CALIBRATION
5,1,天津,ramax,0.09,4.828120074828934,0.20711995238341935,0.7060856666546586,0.7380939146868483,5.790639264504556,4.531804641786174,6.318202467951444,ALGEBRAIC_GEOMETRY_ONLY__NOT_TARGET_OR_CALIBRATION
5,2,河北,ramin,0.02,3.4950987174854378,0.2861149514882526,0.8855223595648172,0.7380939146868483,32.67993324569653,14.524414775865127,16.09904211645151,ALGEBRAIC_GEOMETRY_ONLY__NOT_TARGET_OR_CALIBRATION
5,2,河北,ramax,0.09,3.4950987174854378,0.2861149514882526,0.8855223595648172,0.7380939146868483,7.2622073879325635,5.683466651425485,6.299625176002764,ALGEBRAIC_GEOMETRY_ONLY__NOT_TARGET_OR_CALIBRATION
5,3,山西,ramin,0.02,3.3472935543541005,0.2987488201323776,0.832237798653825,0.7380939146868483,30.713482737938335,13.650436772417038,16.113140128186622,ALGEBRAIC_GEOMETRY_ONLY__NOT_TARGET_OR_CALIBRATION
5,3,山西,ramax,0.09,3.3472935543541005,0.2987488201323776,0.832237798653825,0.7380939146868483,6.825218386208519,5.341475258771885,6.305141789290418,ALGEBRAIC_GEOMETRY_ONLY__NOT_TARGET_OR_CALIBRATION
5,4,内蒙古,ramin,0.02,5.084645618642754,0.19667054009300464,0.7631484502121169,0.7380939146868483,28.163761355213133,12.517227268983616,16.131419765448335,ALGEBRAIC_GEOMETRY_ONLY__NOT_TARGET_OR_CALIBRATION
5,4,内蒙古,ramax,0.09,5.084645618642754,0.19667054009300464,0.7631484502121169,0.7380939146868483,6.258613634491808,4.898045453080545,6.31229469082761,ALGEBRAIC_GEOMETRY_ONLY__NOT_TARGET_OR_CALIBRATION
5,5,辽宁,ramin,0.02,3.826163373965941,0.26135841631965334,0.8383973936540766,0.7380939146868483,30.940800717269394,13.751466985453066,16.11151042455179,ALGEBRAIC_GEOMETRY_ONLY__NOT_TARGET_OR_CALIBRATION
5,5,辽宁,ramax,0.09,3.826163373965941,0.26135841631965334,0.8383973936540766,0.7380939146868483,6.875733492726533,5.381008820394678,6.304504079172439,ALGEBRAIC_GEOMETRY_ONLY__NOT_TARGET_OR_CALIBRATION
5,6,吉林,ramin,0.02,5.884853938526222,0.16992775189428674,0.7582896026823606,0.7380939146868483,27.984447065507915,12.43753202911463,16.132705317741955,ALGEBRAIC_GEOMETRY_ONLY__NOT_TARGET_OR_CALIBRATION
5,6,吉林,ramax,0.09,5.884853938526222,0.16992775189428674,0.7582896026823606,0.7380939146868483,6.218766014557315,4.8668603592187685,6.312797733029461,ALGEBRAIC_GEOMETRY_ONLY__NOT_TARGET_OR_CALIBRATION
5,7,黑龙江,ramin,0.02,4.5423382733125015,0.22015093104696268,0.8041348371555441,0.7380939146868483,29.67635149461034,13.189489553160152,16.12057560056775,ALGEBRAIC_GEOMETRY_ONLY__NOT_TARGET_OR_CALIBRATION
5,7,黑龙江,ramax,0.09,4.5423382733125015,0.22015093104696268,0.8041348371555441,0.7380939146868483,6.594744776580076,5.161104607758321,6.308051321961295,ALGEBRAIC_GEOMETRY_ONLY__NOT_TARGET_OR_CALIBRATION
5,8,上海,ramin,0.02,1.8340087528171136,0.5452536682084851,0.9114744947151672,0.7380939146868483,33.637688897076735,14.950083954256327,16.09217570900354,ALGEBRAIC_GEOMETRY_ONLY__NOT_TARGET_OR_CALIBRATION
5,8,上海,ramax,0.09,1.8340087528171136,0.5452536682084851,0.9114744947151672,0.7380939146868483,7.475041977128163,5.850032851665519,6.296938320914429,ALGEBRAIC_GEOMETRY_ONLY__NOT_TARGET_OR_CALIBRATION
5,9,江苏,ramin,0.02,2.1810528060119605,0.45849417182543734,0.9436694573411863,0.7380939146868483,34.82583419696849,15.478148531986,16.08365757629956,ALGEBRAIC_GEOMETRY_ONLY__NOT_TARGET_OR_CALIBRATION
5,9,江苏,ramax,0.09,2.1810528060119605,0.45849417182543734,0.9436694573411863,0.7380939146868483,7.739074265993,6.0566668168640865,6.293605138552002,ALGEBRAIC_GEOMETRY_ONLY__NOT_TARGET_OR_CALIBRATION
5,10,浙江,ramin,0.02,2.1395560619477494,0.4673866779118879,0.9305043820108355,0.7380939146868483,34.3399810975822,15.262213821147649,16.08714078763372,ALGEBRAIC_GEOMETRY_ONLY__NOT_TARGET_OR_CALIBRATION
5,10,浙江,ramax,0.09,2.1395560619477494,0.4673866779118879,0.9305043820108355,0.7380939146868483,7.631106910573824,5.972170625666471,6.294968134291457,ALGEBRAIC_GEOMETRY_ONLY__NOT_TARGET_OR_CALIBRATION
5,11,安徽,ramin,0.02,2.061056015645925,0.485188171698771,0.9336114743287458,0.7380939146868483,34.454647394193195,15.31317661964142,16.086318714162324,ALGEBRAIC_GEOMETRY_ONLY__NOT_TARGET_OR_CALIBRATION
5,11,安徽,ramax,0.09,2.061056015645925,0.485188171698771,0.9336114743287458,0.7380939146868483,7.65658830982071,5.992112590294469,6.294646453367866,ALGEBRAIC_GEOMETRY_ONLY__NOT_TARGET_OR_CALIBRATION
5,12,福建,ramin,0.02,2.2666052715254823,0.4411884206582538,0.8969635312681301,0.7380939146868483,33.10216620625167,14.712073869445188,16.096015014976352,ALGEBRAIC_GEOMETRY_ONLY__NOT_TARGET_OR_CALIBRATION
5,12,福建,ramax,0.09,2.2666052715254823,0.4411884206582538,0.8969635312681301,0.7380939146868483,7.356036934722594,5.756898470652465,6.298440658034226,ALGEBRAIC_GEOMETRY_ONLY__NOT_TARGET_OR_CALIBRATION
5,13,江西,ramin,0.02,2.2445634906218666,0.445520923858093,0.9028693473591858,0.7380939146868483,33.320118552155066,14.808941578735585,16.09445245608249,ALGEBRAIC_GEOMETRY_ONLY__NOT_TARGET_OR_CALIBRATION
5,13,江西,ramax,0.09,2.2445634906218666,0.445520923858093,0.9028693473591858,0.7380939146868483,7.404470789367792,5.794803226461751,6.297829221945322,ALGEBRAIC_GEOMETRY_ONLY__NOT_TARGET_OR_CALIBRATION
5,14,山东,ramin,0.02,3.1473769173902686,0.3177248948083335,0.914663832315553,0.7380939146868483,33.75539043081307,15.002395747028034,16.09133187510215,ALGEBRAIC_GEOMETRY_ONLY__NOT_TARGET_OR_CALIBRATION
5,14,山东,ramax,0.09,3.1473769173902686,0.3177248948083335,0.914663832315553,0.7380939146868483,7.501197873514017,5.870502683619666,6.296608125039972,ALGEBRAIC_GEOMETRY_ONLY__NOT_TARGET_OR_CALIBRATION
5,15,河南,ramin,0.02,3.366788921172787,0.2970189172571175,0.9073663769962479,0.7380939146868483,33.48608006261916,14.882702250052962,16.09326263344883,ALGEBRAIC_GEOMETRY_ONLY__NOT_TARGET_OR_CALIBRATION
5,15,河南,ramax,0.09,3.366788921172787,0.2970189172571175,0.9073663769962479,0.7380939146868483,7.441351125026481,5.823666097846811,6.29736363917563,ALGEBRAIC_GEOMETRY_ONLY__NOT_TARGET_OR_CALIBRATION
5,16,湖北,ramin,0.02,2.41977943374955,0.4132608063580646,0.9089875279893354,0.7380939146868483,33.54590814675848,14.909292509670436,16.092833709848183,ALGEBRAIC_GEOMETRY_ONLY__NOT_TARGET_OR_CALIBRATION
5,16,湖北,ramax,0.09,2.41977943374955,0.4132608063580646,0.9089875279893354,0.7380939146868483,7.454646254835218,5.8340709820449534,6.29719579950581,ALGEBRAIC_GEOMETRY_ONLY__NOT_TARGET_OR_CALIBRATION
5,17,湖南,ramin,0.02,2.578611770678175,0.3878055670772805,0.9078375999794981,0.7380939146868483,33.50347040343904,14.890431290417352,16.093137957425718,ALGEBRAIC_GEOMETRY_ONLY__NOT_TARGET_OR_CALIBRATION
5,17,湖南,ramax,0.09,2.578611770678175,0.3878055670772805,0.9078375999794981,0.7380939146868483,7.445215645208676,5.826690504945921,6.297314852905716,ALGEBRAIC_GEOMETRY_ONLY__NOT_TARGET_OR_CALIBRATION
5,18,广东,ramin,0.02,1.911361410845073,0.5231872917000394,0.9794258889638201,0.7380939146868483,36.14541442654762,16.064628634021165,16.07419715129083,ALGEBRAIC_GEOMETRY_ONLY__NOT_TARGET_OR_CALIBRATION
5,18,广东,ramax,0.09,1.911361410845073,0.5231872917000394,0.9794258889638201,0.7380939146868483,8.032314317010583,6.286159030703934,6.289903233113804,ALGEBRAIC_GEOMETRY_ONLY__NOT_TARGET_OR_CALIBRATION
5,19,广西,ramin,0.02,3.42512190512829,0.29196041124922956,0.8582464664880194,0.7380939146868483,31.67332471081486,14.077033204806606,16.106258763339618,ALGEBRAIC_GEOMETRY_ONLY__NOT_TARGET_OR_CALIBRATION
5,19,广西,ramax,0.09,3.42512190512829,0.29196041124922956,0.8582464664880194,0.7380939146868483,7.038516602403303,5.508404297533019,6.302449081306807,ALGEBRAIC_GEOMETRY_ONLY__NOT_TARGET_OR_CALIBRATION
5,20,海南,ramin,0.02,2.984483070873032,0.3350664005299505,0.7410888171223423,0.7380939146868483,27.349657308023772,12.155403248010566,16.137256295971525,ALGEBRAIC_GEOMETRY_ONLY__NOT_TARGET_OR_CALIBRATION
5,20,海南,ramax,0.09,2.984483070873032,0.3350664005299505,0.7410888171223423,0.7380939146868483,6.077701624005283,4.756462140525874,6.314578550597554,ALGEBRAIC_GEOMETRY_ONLY__NOT_TARGET_OR_CALIBRATION
5,21,重庆,ramin,0.02,2.3440515791939274,0.42661177291323943,0.8735986490590746,0.7380939146868483,32.239892337457725,14.3288410388701,16.102196887885526,ALGEBRAIC_GEOMETRY_ONLY__NOT_TARGET_OR_CALIBRATION
5,21,重庆,ramax,0.09,2.3440515791939274,0.42661177291323943,0.8735986490590746,0.7380939146868483,7.16442051943505,5.606937797818736,6.300859651781293,ALGEBRAIC_GEOMETRY_ONLY__NOT_TARGET_OR_CALIBRATION
5,22,四川,ramin,0.02,2.207857942790817,0.4529276909618386,0.940699533075752,0.7380939146868483,34.71623004559861,15.429435575821604,16.0844433578924,ALGEBRAIC_GEOMETRY_ONLY__NOT_TARGET_OR_CALIBRATION
5,22,四川,ramax,0.09,2.207857942790817,0.4529276909618386,0.940699533075752,0.7380939146868483,7.714717787910802,6.037605225321498,6.293912618305723,ALGEBRAIC_GEOMETRY_ONLY__NOT_TARGET_OR_CALIBRATION
5,23,贵州,ramin,0.02,2.566300807595068,0.3896659335649432,0.8718844048377622,0.7380939146868483,32.176628676055834,14.300723856024817,16.102650442062114,ALGEBRAIC_GEOMETRY_ONLY__NOT_TARGET_OR_CALIBRATION
5,23,贵州,ramax,0.09,2.566300807595068,0.3896659335649432,0.8718844048377622,0.7380939146868483,7.150361928012408,5.595935421922754,6.301037129502566,ALGEBRAIC_GEOMETRY_ONLY__NOT_TARGET_OR_CALIBRATION
5,24,云南,ramin,0.02,3.282122092523365,0.3046809264889896,0.8590577358707934,0.7380939146868483,31.70326436054472,14.090339715797654,16.1060441179511,ALGEBRAIC_GEOMETRY_ONLY__NOT_TARGET_OR_CALIBRATION
5,24,云南,ramax,0.09,3.282122092523365,0.3046809264889896,0.8590577358707934,0.7380939146868483,7.045169857898827,5.513611193138212,6.302365089633039,ALGEBRAIC_GEOMETRY_ONLY__NOT_TARGET_OR_CALIBRATION
5,25,西藏,ramin,0.02,4.080649807069983,0.24505900953996032,0.5615744895353063,0.7380939146868483,20.724735668469137,9.210993630430728,16.184752138175625,ALGEBRAIC_GEOMETRY_ONLY__NOT_TARGET_OR_CALIBRATION
5,25,西藏,ramax,0.09,4.080649807069983,0.24505900953996032,0.5615744895353063,0.7380939146868483,4.605496815215364,3.604301855385937,6.33316388015568,ALGEBRAIC_GEOMETRY_ONLY__NOT_TARGET_OR_CALIBRATION
5,26,陕西,ramin,0.02,3.082981001906833,0.3243613889873136,0.8510310612378295,0.7380939146868483,31.407042375456623,13.958685500202945,16.108167812905787,ALGEBRAIC_GEOMETRY_ONLY__NOT_TARGET_OR_CALIBRATION
5,26,陕西,ramax,0.09,3.082981001906833,0.3243613889873136,0.8510310612378295,0.7380939146868483,6.979342750101472,5.46209432616637,6.303196100702264,ALGEBRAIC_GEOMETRY_ONLY__NOT_TARGET_OR_CALIBRATION
5,27,甘肃,ramin,0.02,3.102795724996403,0.32228998897475253,0.8187685989834502,0.7380939146868483,30.216406022318047,13.42951378769691,16.116703804639407,ALGEBRAIC_GEOMETRY_ONLY__NOT_TARGET_OR_CALIBRATION
5,27,甘肃,ramax,0.09,3.102795724996403,0.32228998897475253,0.8187685989834502,0.7380939146868483,6.714756893848455,5.255027134316183,6.306536271380638,ALGEBRAIC_GEOMETRY_ONLY__NOT_TARGET_OR_CALIBRATION
5,28,青海,ramin,0.02,6.3894720403789185,0.1565074537740205,0.581464125030824,0.7380939146868483,21.458756614698192,9.537225162088086,16.179489744907684,ALGEBRAIC_GEOMETRY_ONLY__NOT_TARGET_OR_CALIBRATION
5,28,青海,ramax,0.09,6.3894720403789185,0.1565074537740205,0.581464125030824,0.7380939146868483,4.768612581044043,3.731957672121425,6.331104682789964,ALGEBRAIC_GEOMETRY_ONLY__NOT_TARGET_OR_CALIBRATION
5,29,宁夏,ramin,0.02,5.304280987285998,0.1885269657465229,0.6227369780702422,0.7380939146868483,22.98191869820615,10.214186088091624,16.16856978692092,ALGEBRAIC_GEOMETRY_ONLY__NOT_TARGET_OR_CALIBRATION
5,29,宁夏,ramax,0.09,5.304280987285998,0.1885269657465229,0.6227369780702422,0.7380939146868483,5.107093044045812,3.9968554257749833,6.326831655751665,ALGEBRAIC_GEOMETRY_ONLY__NOT_TARGET_OR_CALIBRATION
5,30,新疆,ramin,0.02,3.840513957607863,0.26038181635014,0.7954349086417954,0.7380939146868483,29.35528327989991,13.046792568844406,16.122877424814483,ALGEBRAIC_GEOMETRY_ONLY__NOT_TARGET_OR_CALIBRATION
5,30,新疆,ramax,0.09,3.840513957607863,0.26038181635014,0.7954349086417954,0.7380939146868483,6.523396284422203,5.105266657373899,6.308952035796972,ALGEBRAIC_GEOMETRY_ONLY__NOT_TARGET_OR_CALIBRATION
6,0,北京,ramin,0.02,1.7435035387522133,0.5735577690399629,1.0286143345209111,0.7380939146868483,37.96069904347733,16.871421797101036,16.871421797101036,ALGEBRAIC_GEOMETRY_ONLY__NOT_TARGET_OR_CALIBRATION
6,0,北京,ramax,0.09,1.7435035387522133,0.5735577690399629,1.0286143345209111,0.7380939146868483,8.435710898550518,6.6018607032134495,6.6018607032134495,ALGEBRAIC_GEOMETRY_ONLY__NOT_TARGET_OR_CALIBRATION
6,1,天津,ramin,0.02,4.870728315488817,0.20530810491318524,0.9739696351801121,0.7380939146868483,35.944053040810516,15.975134684804676,16.075640765136143,ALGEBRAIC_GEOMETRY_ONLY__NOT_TARGET_OR_CALIBRATION
6,1,天津,ramax,0.09,4.870728315488817,0.20530810491318524,0.9739696351801121,0.7380939146868483,7.987567342402338,6.251139659271395,6.290468125488055,ALGEBRAIC_GEOMETRY_ONLY__NOT_TARGET_OR_CALIBRATION
6,2,河北,ramin,0.02,3.4476239937840667,0.2900548324883924,0.9897820811546134,0.7380939146868483,36.52760654831522,16.23449179925121,16.23449179925121,ALGEBRAIC_GEOMETRY_ONLY__NOT_TARGET_OR_CALIBRATION
6,2,河北,ramax,0.09,3.4476239937840667,0.2900548324883924,0.9897820811546134,0.7380939146868483,8.117245899625605,6.352627225793952,6.352627225793952,ALGEBRAIC_GEOMETRY_ONLY__NOT_TARGET_OR_CALIBRATION
6,3,山西,ramin,0.02,3.3824639040460434,0.295642474943729,0.9890836775212781,0.7380939146868483,36.50183217472722,16.223036522100987,16.223036522100987,ALGEBRAIC_GEOMETRY_ONLY__NOT_TARGET_OR_CALIBRATION
6,3,山西,ramax,0.09,3.3824639040460434,0.295642474943729,0.9890836775212781,0.7380939146868483,8.111518261050493,6.348144726039518,6.348144726039518,ALGEBRAIC_GEOMETRY_ONLY__NOT_TARGET_OR_CALIBRATION
6,4,内蒙古,ramin,0.02,5.134534362013956,0.19475962755223683,0.9745371390219608,0.7380939146868483,35.964996597422015,15.984442932187564,16.075490615154884,ALGEBRAIC_GEOMETRY_ONLY__NOT_TARGET_OR_CALIBRATION
6,4,内蒙古,ramax,0.09,5.134534362013956,0.19475962755223683,0.9745371390219608,0.7380939146868483,7.992221466093782,6.2547820169429595,6.290409371147563,ALGEBRAIC_GEOMETRY_ONLY__NOT_TARGET_OR_CALIBRATION
6,5,辽宁,ramin,0.02,3.8393339142146305,0.2604618463368427,0.9847277651777006,0.7380939146868483,36.341078555042024,16.151590468907568,16.151590468907568,ALGEBRAIC_GEOMETRY_ONLY__NOT_TARGET_OR_CALIBRATION
6,5,辽宁,ramax,0.09,3.8393339142146305,0.2604618463368427,0.9847277651777006,0.7380939146868483,8.075795234453784,6.320187574789918,6.320187574789918,ALGEBRAIC_GEOMETRY_ONLY__NOT_TARGET_OR_CALIBRATION
6,6,吉林,ramin,0.02,5.921933125324072,0.1688637778977411,0.9714025469762838,0.7380939146868483,35.84931543172502,15.933029080766675,16.076319964495276,ALGEBRAIC_GEOMETRY_ONLY__NOT_TARGET_OR_CALIBRATION
6,6,吉林,ramax,0.09,5.921933125324072,0.1688637778977411,0.9714025469762838,0.7380939146868483,7.966514540383337,6.2346635533434815,6.290733899150326,ALGEBRAIC_GEOMETRY_ONLY__NOT_TARGET_OR_CALIBRATION
6,7,黑龙江,ramin,0.02,4.5901332817929905,0.21785859769400456,0.9785143162181915,0.7380939146868483,36.11177311173048,16.04967693854688,16.074438334910354,ALGEBRAIC_GEOMETRY_ONLY__NOT_TARGET_OR_CALIBRATION
6,7,黑龙江,ramax,0.09,4.5901332817929905,0.21785859769400456,0.9785143162181915,0.7380939146868483,8.02483846927344,6.280308367257475,6.289997609312748,ALGEBRAIC_GEOMETRY_ONLY__NOT_TARGET_OR_CALIBRATION
6,8,上海,ramin,0.02,1.8053869107809066,0.5538978897146526,1.0257455040403216,0.7380939146868483,37.85482572747777,16.824366989990118,16.824366989990118,ALGEBRAIC_GEOMETRY_ONLY__NOT_TARGET_OR_CALIBRATION
6,8,上海,ramax,0.09,1.8053869107809066,0.5538978897146526,1.0257455040403216,0.7380939146868483,8.412183494995059,6.583447952604829,6.583447952604829,ALGEBRAIC_GEOMETRY_ONLY__NOT_TARGET_OR_CALIBRATION
6,9,江苏,ramin,0.02,2.151426168209072,0.4648079561254187,1.0162509789567076,0.7380939146868483,37.504433168124905,16.66863696361107,16.66863696361107,ALGEBRAIC_GEOMETRY_ONLY__NOT_TARGET_OR_CALIBRATION
6,9,江苏,ramax,0.09,2.151426168209072,0.4648079561254187,1.0162509789567076,0.7380939146868483,8.334318481805536,6.522510116195637,6.522510116195637,ALGEBRAIC_GEOMETRY_ONLY__NOT_TARGET_OR_CALIBRATION
6,10,浙江,ramin,0.02,2.109684219798366,0.47400458827699604,1.0165814097177468,0.7380939146868483,37.516627614822326,16.674056717698814,16.674056717698814,ALGEBRAIC_GEOMETRY_ONLY__NOT_TARGET_OR_CALIBRATION
6,10,浙江,ramax,0.09,2.109684219798366,0.47400458827699604,1.0165814097177468,0.7380939146868483,8.337028358849407,6.524630889534318,6.524630889534318,ALGEBRAIC_GEOMETRY_ONLY__NOT_TARGET_OR_CALIBRATION
6,11,安徽,ramin,0.02,2.0322892530466965,0.4920559406102526,1.0192491606440688,0.7380939146868483,37.61508015105325,16.71781340046811,16.71781340046811,ALGEBRAIC_GEOMETRY_ONLY__NOT_TARGET_OR_CALIBRATION
6,11,安徽,ramax,0.09,2.0322892530466965,0.4920559406102526,1.0192491606440688,0.7380939146868483,8.358906700234055,6.541753069748392,6.541753069748392,ALGEBRAIC_GEOMETRY_ONLY__NOT_TARGET_OR_CALIBRATION
6,12,福建,ramin,0.02,2.233332206293543,0.44776141999027025,1.0107983806973737,0.7380939146868483,37.30320668840258,16.57920297262337,16.57920297262337,ALGEBRAIC_GEOMETRY_ONLY__NOT_TARGET_OR_CALIBRATION
6,12,福建,ramax,0.09,2.233332206293543,0.44776141999027025,1.0107983806973737,0.7380939146868483,8.289601486311685,6.487514206678711,6.487514206678711,ALGEBRAIC_GEOMETRY_ONLY__NOT_TARGET_OR_CALIBRATION
6,13,江西,ramin,0.02,2.2505749378159274,0.4443309054931763,1.0117604507829432,0.7380939146868483,37.33871159218564,16.594982929860286,16.594982929860286,ALGEBRAIC_GEOMETRY_ONLY__NOT_TARGET_OR_CALIBRATION
6,13,江西,ramax,0.09,2.2505749378159274,0.4443309054931763,1.0117604507829432,0.7380939146868483,8.297491464930143,6.493688972554025,6.493688972554025,ALGEBRAIC_GEOMETRY_ONLY__NOT_TARGET_OR_CALIBRATION
6,14,山东,ramin,0.02,3.1057736437700156,0.321980966644474,0.9952809224815475,0.7380939146868483,36.73053961437715,16.324684273056512,16.324684273056512,ALGEBRAIC_GEOMETRY_ONLY__NOT_TARGET_OR_CALIBRATION
6,14,山东,ramax,0.09,3.1057736437700156,0.321980966644474,0.9952809224815475,0.7380939146868483,8.162342136528256,6.387919932935157,6.387919932935157,ALGEBRAIC_GEOMETRY_ONLY__NOT_TARGET_OR_CALIBRATION
6,15,河南,ramin,0.02,3.322460659449691,0.3009817429006467,0.9921652080470273,0.7380939146868483,36.61555512117609,16.273580053856037,16.273580053856037,ALGEBRAIC_GEOMETRY_ONLY__NOT_TARGET_OR_CALIBRATION
6,15,河南,ramax,0.09,3.322460659449691,0.3009817429006467,0.9921652080470273,0.7380939146868483,8.136790026928018,6.367922629769755,6.367922629769755,ALGEBRAIC_GEOMETRY_ONLY__NOT_TARGET_OR_CALIBRATION
6,16,湖北,ramin,0.02,2.38579452384679,0.41914757956088655,1.007834047302227,0.7380939146868483,37.19380886639954,16.530581718399798,16.530581718399798,ALGEBRAIC_GEOMETRY_ONLY__NOT_TARGET_OR_CALIBRATION
6,16,湖北,ramax,0.09,2.38579452384679,0.41914757956088655,1.007834047302227,0.7380939146868483,8.265290859199899,6.468488498504269,6.468488498504269,ALGEBRAIC_GEOMETRY_ONLY__NOT_TARGET_OR_CALIBRATION
6,17,湖南,ramin,0.02,2.5430159511901738,0.39323386844348474,1.00435254045539,0.7380939146868483,37.065324915519994,16.473477740231107,16.473477740231107,ALGEBRAIC_GEOMETRY_ONLY__NOT_TARGET_OR_CALIBRATION
6,17,湖南,ramax,0.09,2.5430159511901738,0.39323386844348474,1.00435254045539,0.7380939146868483,8.236738870115554,6.446143463568695,6.446143463568695,ALGEBRAIC_GEOMETRY_ONLY__NOT_TARGET_OR_CALIBRATION
6,18,广东,ramin,0.02,1.886423126284021,0.5301037641379294,1.0280244967594598,0.7380939146868483,37.938931260358345,16.86174722682593,16.86174722682593,ALGEBRAIC_GEOMETRY_ONLY__NOT_TARGET_OR_CALIBRATION
6,18,广东,ramax,0.09,1.886423126284021,0.5301037641379294,1.0280244967594598,0.7380939146868483,8.430873613412965,6.598075001801452,6.598075001801452,ALGEBRAIC_GEOMETRY_ONLY__NOT_TARGET_OR_CALIBRATION
6,19,广西,ramin,0.02,3.4633308969521432,0.2887393754030365,0.9893706380377201,0.7380939146868483,36.512422365274276,16.227743273455236,16.227743273455236,ALGEBRAIC_GEOMETRY_ONLY__NOT_TARGET_OR_CALIBRATION
6,19,广西,ramax,0.09,3.4633308969521432,0.2887393754030365,0.9893706380377201,0.7380939146868483,8.113871636727618,6.349986498308571,6.349986498308571,ALGEBRAIC_GEOMETRY_ONLY__NOT_TARGET_OR_CALIBRATION
6,20,海南,ramin,0.02,2.9366054755432422,0.3405292295230806,0.9890370154104915,0.7380939146868483,36.500110123726316,16.222271166100587,16.222271166100587,ALGEBRAIC_GEOMETRY_ONLY__NOT_TARGET_OR_CALIBRATION
6,20,海南,ramax,0.09,2.9366054755432422,0.3405292295230806,0.9890370154104915,0.7380939146868483,8.111135583050293,6.347845238908925,6.347845238908925,ALGEBRAIC_GEOMETRY_ONLY__NOT_TARGET_OR_CALIBRATION
6,21,重庆,ramin,0.02,2.358156997530343,0.4240599760945869,1.0073968811290843,0.7380939146868483,37.177675381794366,16.523411280797497,16.523411280797497,ALGEBRAIC_GEOMETRY_ONLY__NOT_TARGET_OR_CALIBRATION
6,21,重庆,ramax,0.09,2.358156997530343,0.4240599760945869,1.0073968811290843,0.7380939146868483,8.261705640398748,6.465682675094673,6.465682675094673,ALGEBRAIC_GEOMETRY_ONLY__NOT_TARGET_OR_CALIBRATION
6,22,四川,ramin,0.02,2.1782187498457053,0.45909071348818165,1.0152769786429694,0.7380939146868483,37.468487982901244,16.652661325733888,16.652661325733888,ALGEBRAIC_GEOMETRY_ONLY__NOT_TARGET_OR_CALIBRATION
6,22,四川,ramax,0.09,2.1782187498457053,0.45909071348818165,1.0152769786429694,0.7380939146868483,8.326330662866944,6.516258779635,6.516258779635,ALGEBRAIC_GEOMETRY_ONLY__NOT_TARGET_OR_CALIBRATION
6,23,贵州,ramin,0.02,2.5937772447512475,0.3855381189821116,1.0025337547483837,0.7380939146868483,36.998203182396956,16.443645858843094,16.443645858843094,ALGEBRAIC_GEOMETRY_ONLY__NOT_TARGET_OR_CALIBRATION
6,23,贵州,ramax,0.09,2.5937772447512475,0.3855381189821116,1.0025337547483837,0.7380939146868483,8.221822929421547,6.434470118677733,6.434470118677733,ALGEBRAIC_GEOMETRY_ONLY__NOT_TARGET_OR_CALIBRATION
6,24,云南,ramin,0.02,3.311227205382366,0.30200283398690075,0.9910187302244271,0.7380939146868483,36.57324470596685,16.254775424874158,16.254775424874158,ALGEBRAIC_GEOMETRY_ONLY__NOT_TARGET_OR_CALIBRATION
6,24,云南,ramax,0.09,3.311227205382366,0.30200283398690075,0.9910187302244271,0.7380939146868483,8.127387712437079,6.360564296689888,6.360564296689888,ALGEBRAIC_GEOMETRY_ONLY__NOT_TARGET_OR_CALIBRATION
6,25,西藏,ramin,0.02,4.016215312307634,0.24899063477386643,0.9726963435148624,0.7380939146868483,35.897062599323405,15.954250044143738,16.075977652229362,ALGEBRAIC_GEOMETRY_ONLY__NOT_TARGET_OR_CALIBRATION
6,25,西藏,ramax,0.09,4.016215312307634,0.24899063477386643,0.9726963435148624,0.7380939146868483,7.977125022071869,6.242967408577985,6.29059995087236,ALGEBRAIC_GEOMETRY_ONLY__NOT_TARGET_OR_CALIBRATION
6,26,陕西,ramin,0.02,3.0906784669969034,0.3235535532661418,0.9931301382891368,0.7380939146868483,36.651165578165994,16.289406923629333,16.289406923629333,ALGEBRAIC_GEOMETRY_ONLY__NOT_TARGET_OR_CALIBRATION
6,26,陕西,ramax,0.09,3.0906784669969034,0.3235535532661418,0.9931301382891368,0.7380939146868483,8.144703461814666,6.374115752724522,6.374115752724522,ALGEBRAIC_GEOMETRY_ONLY__NOT_TARGET_OR_CALIBRATION
6,27,甘肃,ramin,0.02,3.0809927520750104,0.3245707083622681,0.9913349912559161,0.7380939146868483,36.584916223106575,16.259962765825147,16.259962765825147,ALGEBRAIC_GEOMETRY_ONLY__NOT_TARGET_OR_CALIBRATION
6,27,甘肃,ramax,0.09,3.0809927520750104,0.3245707083622681,0.9913349912559161,0.7380939146868483,8.129981382912574,6.362594125757666,6.362594125757666,ALGEBRAIC_GEOMETRY_ONLY__NOT_TARGET_OR_CALIBRATION
6,28,青海,ramin,0.02,6.287001486831646,0.15905833680722622,0.9658150318446912,0.7380939146868483,35.64310988588256,15.841382171503358,16.077798307425173,ALGEBRAIC_GEOMETRY_ONLY__NOT_TARGET_OR_CALIBRATION
6,28,青海,ramax,0.09,6.287001486831646,0.15905833680722622,0.9658150318446912,0.7380939146868483,7.920691085751679,6.1988017192839235,6.291312381166373,ALGEBRAIC_GEOMETRY_ONLY__NOT_TARGET_OR_CALIBRATION
6,29,宁夏,ramin,0.02,5.218778704614922,0.19161571252594184,0.969712056248074,0.7380939146868483,35.786928385758706,15.905301504781647,16.076767233980412,ALGEBRAIC_GEOMETRY_ONLY__NOT_TARGET_OR_CALIBRATION
6,29,宁夏,ramax,0.09,5.218778704614922,0.19161571252594184,0.969712056248074,0.7380939146868483,7.952650752390824,6.223813632305862,6.29090891764451,ALGEBRAIC_GEOMETRY_ONLY__NOT_TARGET_OR_CALIBRATION
6,30,新疆,ramin,0.02,3.879174610385516,0.25778679756326284,0.9829555382354519,0.7380939146868483,36.27567505896613,16.122522248429394,16.122522248429394,ALGEBRAIC_GEOMETRY_ONLY__NOT_TARGET_OR_CALIBRATION
6,30,新疆,ramax,0.09,3.879174610385516,0.25778679756326284,0.9829555382354519,0.7380939146868483,8.061261124214697,6.308813053733241,6.308813053733241,ALGEBRAIC_GEOMETRY_ONLY__NOT_TARGET_OR_CALIBRATION
7,0,北京,ramin,0.02,1.777600230426334,0.5625561827026558,1.0360116479171901,0.7380939146868483,38.233694643618584,16.992753174941594,16.992753174941594,ALGEBRAIC_GEOMETRY_ONLY__NOT_TARGET_OR_CALIBRATION
7,0,北京,ramax,0.09,1.777600230426334,0.5625561827026558,1.0360116479171901,0.7380939146868483,8.496376587470797,6.649338198890189,6.649338198890189,ALGEBRAIC_GEOMETRY_ONLY__NOT_TARGET_OR_CALIBRATION
7,1,天津,ramin,0.02,4.883695123291892,0.204762986786518,0.9818996320673419,0.7380939146868483,36.236707163108015,16.105203183603564,16.105203183603564,ALGEBRAIC_GEOMETRY_ONLY__NOT_TARGET_OR_CALIBRATION
7,1,天津,ramax,0.09,4.883695123291892,0.204762986786518,0.9818996320673419,0.7380939146868483,8.052601591801782,6.302036028366612,6.302036028366612,ALGEBRAIC_GEOMETRY_ONLY__NOT_TARGET_OR_CALIBRATION
7,2,河北,ramin,0.02,3.5071288215030263,0.2851335240008198,0.9917690493854846,0.7380939146868483,36.60093500630933,16.267082225026368,16.267082225026368,ALGEBRAIC_GEOMETRY_ONLY__NOT_TARGET_OR_CALIBRATION
7,2,河北,ramax,0.09,3.5071288215030263,0.2851335240008198,0.9917690493854846,0.7380939146868483,8.133541112513184,6.365380001097274,6.365380001097274,ALGEBRAIC_GEOMETRY_ONLY__NOT_TARGET_OR_CALIBRATION
7,3,山西,ramin,0.02,3.3916468345416586,0.29484201887285777,0.9955471785774828,0.7380939146868483,36.74036571458505,16.32905142870447,16.32905142870447,ALGEBRAIC_GEOMETRY_ONLY__NOT_TARGET_OR_CALIBRATION
7,3,山西,ramax,0.09,3.3916468345416586,0.29484201887285777,0.9955471785774828,0.7380939146868483,8.164525714352235,6.389628819927836,6.389628819927836,ALGEBRAIC_GEOMETRY_ONLY__NOT_TARGET_OR_CALIBRATION
7,4,内蒙古,ramin,0.02,5.14839852122735,0.19423515795774204,0.9803993277189474,0.7380939146868483,36.181338887621614,16.080595061165162,16.080595061165162,ALGEBRAIC_GEOMETRY_ONLY__NOT_TARGET_OR_CALIBRATION
7,4,内蒙古,ramax,0.09,5.14839852122735,0.19423515795774204,0.9803993277189474,0.7380939146868483,8.040297530582581,6.292406763064629,6.292406763064629,ALGEBRAIC_GEOMETRY_ONLY__NOT_TARGET_OR_CALIBRATION
7,5,辽宁,ramin,0.02,3.8150645672662065,0.26211876165350945,0.9902430683361361,0.7380939146868483,36.54461913998674,16.242052951105222,16.242052951105222,ALGEBRAIC_GEOMETRY_ONLY__NOT_TARGET_OR_CALIBRATION
7,5,辽宁,ramax,0.09,3.8150645672662065,0.26211876165350945,0.9902430683361361,0.7380939146868483,8.121026475552611,6.355585937389,6.355585937389,ALGEBRAIC_GEOMETRY_ONLY__NOT_TARGET_OR_CALIBRATION
7,6,吉林,ramin,0.02,5.937288540949289,0.1684270510188333,0.9765958135794803,0.7380939146868483,36.04097135558331,16.01820949137036,16.074945931712353,ALGEBRAIC_GEOMETRY_ONLY__NOT_TARGET_OR_CALIBRATION
7,6,吉林,ramax,0.09,5.937288540949289,0.1684270510188333,0.9765958135794803,0.7380939146868483,8.00910474568518,6.267995018362314,6.290196234148312,ALGEBRAIC_GEOMETRY_ONLY__NOT_TARGET_OR_CALIBRATION
7,7,黑龙江,ramin,0.02,4.6024419262480745,0.21727596263560098,0.9838502510447662,0.7380939146868483,36.3086941629635,16.137197405761555,16.137197405761555,ALGEBRAIC_GEOMETRY_ONLY__NOT_TARGET_OR_CALIBRATION
7,7,黑龙江,ramax,0.09,4.6024419262480745,0.21727596263560098,0.9838502510447662,0.7380939146868483,8.068598702880777,6.314555506602347,6.314555506602347,ALGEBRAIC_GEOMETRY_ONLY__NOT_TARGET_OR_CALIBRATION
7,8,上海,ramin,0.02,1.8403111765136704,0.5433863646334116,1.0328372682978144,0.7380939146868483,38.11654512962022,16.940686724275654,16.940686724275654,ALGEBRAIC_GEOMETRY_ONLY__NOT_TARGET_OR_CALIBRATION
7,8,上海,ramax,0.09,1.8403111765136704,0.5433863646334116,1.0328372682978144,0.7380939146868483,8.470343362137827,6.628964370368735,6.628964370368735,ALGEBRAIC_GEOMETRY_ONLY__NOT_TARGET_OR_CALIBRATION
7,9,江苏,ramin,0.02,2.188751795335526,0.4568814070791907,1.0191126328507945,0.7380939146868483,37.61004163438318,16.715574059725856,16.715574059725856,ALGEBRAIC_GEOMETRY_ONLY__NOT_TARGET_OR_CALIBRATION
7,9,江苏,ramax,0.09,2.188751795335526,0.4568814070791907,1.0191126328507945,0.7380939146868483,8.357787029862928,6.540876805979684,6.540876805979684,ALGEBRAIC_GEOMETRY_ONLY__NOT_TARGET_OR_CALIBRATION
7,10,浙江,ramin,0.02,2.1470457000422143,0.46575627150383353,1.0204373424600028,0.7380939146868483,37.65892963944737,16.73730206197661,16.73730206197661,ALGEBRAIC_GEOMETRY_ONLY__NOT_TARGET_OR_CALIBRATION
7,10,浙江,ramax,0.09,2.1470457000422143,0.46575627150383353,1.0204373424600028,0.7380939146868483,8.368651030988305,6.549379067729979,6.549379067729979,ALGEBRAIC_GEOMETRY_ONLY__NOT_TARGET_OR_CALIBRATION
7,11,安徽,ramin,0.02,2.0681993476558818,0.4835123853672086,1.0233418956009865,0.7380939146868483,37.7661212893596,16.784942795270936,16.784942795270936,ALGEBRAIC_GEOMETRY_ONLY__NOT_TARGET_OR_CALIBRATION
7,11,安徽,ramax,0.09,2.0681993476558818,0.4835123853672086,1.0233418956009865,0.7380939146868483,8.392471397635468,6.568021093801671,6.568021093801671,ALGEBRAIC_GEOMETRY_ONLY__NOT_TARGET_OR_CALIBRATION
7,12,福建,ramin,0.02,2.2744617498158286,0.4396644613086914,1.0159689194712336,0.7380939146868483,37.494023848634505,16.664010599393116,16.664010599393116,ALGEBRAIC_GEOMETRY_ONLY__NOT_TARGET_OR_CALIBRATION
7,12,福建,ramax,0.09,2.2744617498158286,0.4396644613086914,1.0159689194712336,0.7380939146868483,8.332005299696558,6.520699799762523,6.520699799762523,ALGEBRAIC_GEOMETRY_ONLY__NOT_TARGET_OR_CALIBRATION
7,13,江西,ramin,0.02,2.2421027500517785,0.446009889589987,1.0187441850255765,0.7380939146868483,37.596444179499535,16.709530746444237,16.709530746444237,ALGEBRAIC_GEOMETRY_ONLY__NOT_TARGET_OR_CALIBRATION
7,13,江西,ramax,0.09,2.2421027500517785,0.446009889589987,1.0187441850255765,0.7380939146868483,8.354765373222119,6.53851203121731,6.53851203121731,ALGEBRAIC_GEOMETRY_ONLY__NOT_TARGET_OR_CALIBRATION
7,14,山东,ramin,0.02,3.1583771242629286,0.31661830131617685,0.9967688677812315,0.7380939146868483,36.78545178293133,16.349089681302814,16.349089681302814,ALGEBRAIC_GEOMETRY_ONLY__NOT_TARGET_OR_CALIBRATION
7,14,山东,ramax,0.09,3.1583771242629286,0.31661830131617685,0.9967688677812315,0.7380939146868483,8.174544840651407,6.397469875292407,6.397469875292407,ALGEBRAIC_GEOMETRY_ONLY__NOT_TARGET_OR_CALIBRATION
7,15,河南,ramin,0.02,3.378482294962678,0.2959908955245974,0.9935578829677718,0.7380939146868483,36.66695136538301,16.296422829059114,16.296422829059114,ALGEBRAIC_GEOMETRY_ONLY__NOT_TARGET_OR_CALIBRATION
7,15,河南,ramax,0.09,3.378482294962678,0.2959908955245974,0.9935578829677718,0.7380939146868483,8.148211414529557,6.376861107023132,6.376861107023132,ALGEBRAIC_GEOMETRY_ONLY__NOT_TARGET_OR_CALIBRATION
7,16,湖北,ramin,0.02,2.428175195346142,0.41183189825701505,1.011649306304796,0.7380939146868483,37.334609839037064,16.593159928460917,16.593159928460917,ALGEBRAIC_GEOMETRY_ONLY__NOT_TARGET_OR_CALIBRATION
7,16,湖北,ramax,0.09,2.428175195346142,0.41183189825701505,1.011649306304796,0.7380939146868483,8.296579964230459,6.492975624180359,6.492975624180359,ALGEBRAIC_GEOMETRY_ONLY__NOT_TARGET_OR_CALIBRATION
7,17,湖南,ramin,0.02,2.587554469443637,0.3864652944735942,1.007641454013175,0.7380939146868483,37.186701269666614,16.527422786518496,16.527422786518496,ALGEBRAIC_GEOMETRY_ONLY__NOT_TARGET_OR_CALIBRATION
7,17,湖南,ramax,0.09,2.587554469443637,0.3864652944735942,1.007641454013175,0.7380939146868483,8.263711393259248,6.467252394724628,6.467252394724628,ALGEBRAIC_GEOMETRY_ONLY__NOT_TARGET_OR_CALIBRATION
7,18,广东,ramin,0.02,1.9181269402612262,0.5213419294678233,1.0299416474284973,0.7380939146868483,38.00968312247606,16.89319249887825,16.89319249887825,ALGEBRAIC_GEOMETRY_ONLY__NOT_TARGET_OR_CALIBRATION
7,18,广东,ramax,0.09,1.9181269402612262,0.5213419294678233,1.0299416474284973,0.7380939146868483,8.446596249439125,6.610379673474099,6.610379673474099,ALGEBRAIC_GEOMETRY_ONLY__NOT_TARGET_OR_CALIBRATION
7,19,广西,ramin,0.02,3.4467115483147976,0.29013161849558616,0.994551506671131,0.7380939146868483,36.70362074582991,16.31272033147996,16.31272033147996,ALGEBRAIC_GEOMETRY_ONLY__NOT_TARGET_OR_CALIBRATION
7,19,广西,ramax,0.09,3.4467115483147976,0.29013161849558616,0.994551506671131,0.7380939146868483,8.15636016573998,6.383238390579114,6.383238390579114,ALGEBRAIC_GEOMETRY_ONLY__NOT_TARGET_OR_CALIBRATION
7,20,海南,ramin,0.02,2.9947359899893615,0.3339192514274196,0.9985961571060852,0.7380939146868483,36.85288733948367,16.37906103977052,16.37906103977052,ALGEBRAIC_GEOMETRY_ONLY__NOT_TARGET_OR_CALIBRATION
7,20,海南,ramax,0.09,2.9947359899893615,0.3339192514274196,0.9985961571060852,0.7380939146868483,8.18953051988526,6.409197798171074,6.409197798171074,ALGEBRAIC_GEOMETRY_ONLY__NOT_TARGET_OR_CALIBRATION
7,21,重庆,ramin,0.02,2.344761681110668,0.4264825752041118,1.015443467316063,0.7380939146868483,37.47463219672498,16.655392087433327,16.655392087433327,ALGEBRAIC_GEOMETRY_ONLY__NOT_TARGET_OR_CALIBRATION
7,21,重庆,ramax,0.09,2.344761681110668,0.4264825752041118,1.015443467316063,0.7380939146868483,8.327696043716664,6.517327338560867,6.517327338560867,ALGEBRAIC_GEOMETRY_ONLY__NOT_TARGET_OR_CALIBRATION
7,22,四川,ramin,0.02,2.2154444755745417,0.4513766925892671,1.0182337424702814,0.7380939146868483,37.577606452306505,16.701158423247335,16.701158423247335,ALGEBRAIC_GEOMETRY_ONLY__NOT_TARGET_OR_CALIBRATION
7,22,四川,ramax,0.09,2.2154444755745417,0.4513766925892671,1.0182337424702814,0.7380939146868483,8.350579211623668,6.535235904748958,6.535235904748958,ALGEBRAIC_GEOMETRY_ONLY__NOT_TARGET_OR_CALIBRATION
7,23,贵州,ramin,0.02,2.6008412008898625,0.3844909868614262,1.0094380811457297,0.7380939146868483,37.253005247341605,16.55689122104071,16.55689122104071,ALGEBRAIC_GEOMETRY_ONLY__NOT_TARGET_OR_CALIBRATION
7,23,贵州,ramax,0.09,2.6008412008898625,0.3844909868614262,1.0094380811457297,0.7380939146868483,8.278445610520356,6.478783521276801,6.478783521276801,ALGEBRAIC_GEOMETRY_ONLY__NOT_TARGET_OR_CALIBRATION
7,24,云南,ramin,0.02,3.291167622387266,0.30384353358296734,0.9965621047747676,0.7380939146868483,36.77782125708866,16.34569833648385,16.34569833648385,ALGEBRAIC_GEOMETRY_ONLY__NOT_TARGET_OR_CALIBRATION
7,24,云南,ramax,0.09,3.291167622387266,0.30384353358296734,0.9965621047747676,0.7380939146868483,8.172849168241925,6.396142827319768,6.396142827319768,ALGEBRAIC_GEOMETRY_ONLY__NOT_TARGET_OR_CALIBRATION
7,25,西藏,ramin,0.02,4.0948014795161205,0.24421208329693417,0.9846912574796473,0.7380939146868483,36.3397312495534,16.15099166646818,16.15099166646818,ALGEBRAIC_GEOMETRY_ONLY__NOT_TARGET_OR_CALIBRATION
7,25,西藏,ramax,0.09,4.0948014795161205,0.24421208329693417,0.9846912574796473,0.7380939146868483,8.07549583323409,6.3199532607918965,6.3199532607918965,ALGEBRAIC_GEOMETRY_ONLY__NOT_TARGET_OR_CALIBRATION
7,26,陕西,ramin,0.02,3.0725820049045987,0.32545917355623166,0.9998156703182658,0.7380939146868483,36.8978931035232,16.39906360156587,16.39906360156587,ALGEBRAIC_GEOMETRY_ONLY__NOT_TARGET_OR_CALIBRATION
7,26,陕西,ramax,0.09,3.0725820049045987,0.32545917355623166,0.9998156703182658,0.7380939146868483,8.199531800782935,6.417024887569253,6.417024887569253,ALGEBRAIC_GEOMETRY_ONLY__NOT_TARGET_OR_CALIBRATION
7,27,甘肃,ramin,0.02,3.088251122735792,0.32380786414614143,0.9998787792660532,0.7380939146868483,36.90022212003941,16.400098720017517,16.400098720017517,ALGEBRAIC_GEOMETRY_ONLY__NOT_TARGET_OR_CALIBRATION
7,27,甘肃,ramax,0.09,3.088251122735792,0.32380786414614143,0.9998787792660532,0.7380939146868483,8.200049360008759,6.417429933919898,6.417429933919898,ALGEBRAIC_GEOMETRY_ONLY__NOT_TARGET_OR_CALIBRATION
7,28,青海,ramin,0.02,6.411350874474346,0.15597336966556022,0.9715656586253715,0.7380939146868483,35.855335017505325,15.93570445222459,16.0762768084684,ALGEBRAIC_GEOMETRY_ONLY__NOT_TARGET_OR_CALIBRATION
7,28,青海,ramax,0.09,6.411350874474346,0.15597336966556022,0.9715656586253715,0.7380939146868483,7.967852226112295,6.235710437827013,6.290717012009374,ALGEBRAIC_GEOMETRY_ONLY__NOT_TARGET_OR_CALIBRATION
7,29,宁夏,ramin,0.02,5.322404346865602,0.1878850111395438,0.9762985339013909,0.7380939146868483,36.03000033951541,16.013333484229072,16.07502458587256,ALGEBRAIC_GEOMETRY_ONLY__NOT_TARGET_OR_CALIBRATION
7,29,宁夏,ramax,0.09,5.322404346865602,0.1878850111395438,0.9762985339013909,0.7380939146868483,8.006666742114536,6.266087015567898,6.290227011863175,ALGEBRAIC_GEOMETRY_ONLY__NOT_TARGET_OR_CALIBRATION
7,30,新疆,ramin,0.02,3.889597924089392,0.2570959825453202,0.9897867706844604,0.7380939146868483,36.527779613987356,16.234568717327715,16.234568717327715,ALGEBRAIC_GEOMETRY_ONLY__NOT_TARGET_OR_CALIBRATION
7,30,新疆,ramax,0.09,3.889597924089392,0.2570959825453202,0.9897867706844604,0.7380939146868483,8.117284358663857,6.352657324171715,6.352657324171715,ALGEBRAIC_GEOMETRY_ONLY__NOT_TARGET_OR_CALIBRATION
8,0,北京,ramin,0.02,1.7772908682682043,0.5626541034188748,1.0384156162051374,0.7380939146868483,38.322412361840286,17.032183271929018,17.032183271929018,ALGEBRAIC_GEOMETRY_ONLY__NOT_TARGET_OR_CALIBRATION
8,0,北京,ramax,0.09,1.7772908682682043,0.5626541034188748,1.0384156162051374,0.7380939146868483,8.516091635964509,6.664767367276572,6.664767367276572,ALGEBRAIC_GEOMETRY_ONLY__NOT_TARGET_OR_CALIBRATION
8,1,天津,ramin,0.02,4.833549416174105,0.20688730245599293,0.9841042519407567,0.7380939146868483,36.31806798874627,16.141363550553898,16.141363550553898,ALGEBRAIC_GEOMETRY_ONLY__NOT_TARGET_OR_CALIBRATION
8,1,天津,ramax,0.09,4.833549416174105,0.20688730245599293,0.9841042519407567,0.7380939146868483,8.070681775276949,6.3161857371732655,6.3161857371732655,ALGEBRAIC_GEOMETRY_ONLY__NOT_TARGET_OR_CALIBRATION
8,2,河北,ramin,0.02,3.5065797898247864,0.2851781678836309,0.9941258253924681,0.7380939146868483,36.687911107761046,16.30573827011602,16.30573827011602,ALGEBRAIC_GEOMETRY_ONLY__NOT_TARGET_OR_CALIBRATION
8,2,河北,ramax,0.09,3.5065797898247864,0.2851781678836309,0.9941258253924681,0.7380939146868483,8.15286913505801,6.380506279610617,6.380506279610617,ALGEBRAIC_GEOMETRY_ONLY__NOT_TARGET_OR_CALIBRATION
8,3,山西,ramin,0.02,3.351040945356118,0.2984147362883771,0.9980969220878493,0.7380939146868483,36.83446322303574,16.37087254357144,16.37087254357144,ALGEBRAIC_GEOMETRY_ONLY__NOT_TARGET_OR_CALIBRATION
8,3,山西,ramax,0.09,3.351040945356118,0.2984147362883771,0.9980969220878493,0.7380939146868483,8.18543627178572,6.405993604006216,6.405993604006216,ALGEBRAIC_GEOMETRY_ONLY__NOT_TARGET_OR_CALIBRATION
8,4,内蒙古,ramin,0.02,5.090312102192617,0.1964516084523102,0.9827393177615701,0.7380939146868483,36.267695508165986,16.118975781407105,16.118975781407105,ALGEBRAIC_GEOMETRY_ONLY__NOT_TARGET_OR_CALIBRATION
8,4,内蒙古,ramax,0.09,5.090312102192617,0.1964516084523102,0.9827393177615701,0.7380939146868483,8.059487890703553,6.307425305767998,6.307425305767998,ALGEBRAIC_GEOMETRY_ONLY__NOT_TARGET_OR_CALIBRATION
8,5,辽宁,ramin,0.02,3.8166577311702055,0.2620093470350026,0.9906973319077512,0.7380939146868483,36.5613835988804,16.249503821724623,16.249503821724623,ALGEBRAIC_GEOMETRY_ONLY__NOT_TARGET_OR_CALIBRATION
8,5,辽宁,ramax,0.09,3.8166577311702055,0.2620093470350026,0.9906973319077512,0.7380939146868483,8.124751910862312,6.358501495457461,6.358501495457461,ALGEBRAIC_GEOMETRY_ONLY__NOT_TARGET_OR_CALIBRATION
8,6,吉林,ramin,0.02,5.936945275873985,0.16843678921274693,0.9766623083094411,0.7380939146868483,36.043425323360445,16.019300143715753,16.0749283385584,ALGEBRAIC_GEOMETRY_ONLY__NOT_TARGET_OR_CALIBRATION
8,6,吉林,ramax,0.09,5.936945275873985,0.16843678921274693,0.9766623083094411,0.7380939146868483,8.009650071857877,6.2684217953670345,6.29018934987068,ALGEBRAIC_GEOMETRY_ONLY__NOT_TARGET_OR_CALIBRATION
8,7,黑龙江,ramin,0.02,4.547686741393835,0.21989201474627226,0.9863064100930032,0.7380939146868483,36.39933796531383,16.17748354013948,16.17748354013948,ALGEBRAIC_GEOMETRY_ONLY__NOT_TARGET_OR_CALIBRATION
8,7,黑龙江,ramax,0.09,4.547686741393835,0.21989201474627226,0.9863064100930032,0.7380939146868483,8.08874177006974,6.330319646141537,6.330319646141537,ALGEBRAIC_GEOMETRY_ONLY__NOT_TARGET_OR_CALIBRATION
8,8,上海,ramin,0.02,1.8399953136046125,0.5434796450872293,1.0352292545296604,0.7380939146868483,38.20482065370723,16.979920290536548,16.979920290536548,ALGEBRAIC_GEOMETRY_ONLY__NOT_TARGET_OR_CALIBRATION
8,8,上海,ramax,0.09,1.8399953136046125,0.5434796450872293,1.0352292545296604,0.7380939146868483,8.489960145268274,6.644316635427345,6.644316635427345,ALGEBRAIC_GEOMETRY_ONLY__NOT_TARGET_OR_CALIBRATION
8,9,江苏,ramin,0.02,2.188418170993933,0.4569510586479097,1.0211145258691363,0.7380939146868483,37.683920887117786,16.74840928316346,16.74840928316346,ALGEBRAIC_GEOMETRY_ONLY__NOT_TARGET_OR_CALIBRATION
8,9,江苏,ramax,0.09,2.188418170993933,0.4569510586479097,1.0211145258691363,0.7380939146868483,8.37420464158173,6.55372537167266,6.55372537167266,ALGEBRAIC_GEOMETRY_ONLY__NOT_TARGET_OR_CALIBRATION
8,10,浙江,ramin,0.02,2.146709572603406,0.46582919867788986,1.0225407415857524,0.7380939146868483,37.73655494419104,16.771802197418243,16.771802197418243,ALGEBRAIC_GEOMETRY_ONLY__NOT_TARGET_OR_CALIBRATION
8,10,浙江,ramax,0.09,2.146709572603406,0.46582919867788986,1.0225407415857524,0.7380939146868483,8.385901098709121,6.562879120728877,6.562879120728877,ALGEBRAIC_GEOMETRY_ONLY__NOT_TARGET_OR_CALIBRATION
8,11,安徽,ramin,0.02,2.0678699760101518,0.4835893995276474,1.0254227606815811,0.7380939146868483,37.84291498202317,16.81907332534363,16.81907332534363,ALGEBRAIC_GEOMETRY_ONLY__NOT_TARGET_OR_CALIBRATION
8,11,安徽,ramax,0.09,2.0678699760101518,0.4835893995276474,1.0254227606815811,0.7380939146868483,8.409536662671815,6.581376518612726,6.581376518612726,ALGEBRAIC_GEOMETRY_ONLY__NOT_TARGET_OR_CALIBRATION
8,12,福建,ramin,0.02,2.2740889749675017,0.43973653230269527,1.0183203701481438,0.7380939146868483,37.58080342040019,16.70257929795564,16.70257929795564,ALGEBRAIC_GEOMETRY_ONLY__NOT_TARGET_OR_CALIBRATION
8,12,福建,ramax,0.09,2.2740889749675017,0.43973653230269527,1.0183203701481438,0.7380939146868483,8.35128964897782,6.535791899200033,6.535791899200033,ALGEBRAIC_GEOMETRY_ONLY__NOT_TARGET_OR_CALIBRATION
8,13,江西,ramin,0.02,2.2421544844278904,0.445999598575903,1.019454754566961,0.7380939146868483,37.622667532222415,16.721185569876628,16.721185569876628,ALGEBRAIC_GEOMETRY_ONLY__NOT_TARGET_OR_CALIBRATION
8,13,江西,ramax,0.09,2.2421544844278904,0.445999598575903,1.019454754566961,0.7380939146868483,8.360592784938314,6.543072614299551,6.543072614299551,ALGEBRAIC_GEOMETRY_ONLY__NOT_TARGET_OR_CALIBRATION
8,14,山东,ramin,0.02,3.1579005003454723,0.3166660887164116,0.9989689999912356,0.7380939146868483,36.86664699271685,16.38517644120749,16.38517644120749,ALGEBRAIC_GEOMETRY_ONLY__NOT_TARGET_OR_CALIBRATION
8,14,山东,ramax,0.09,3.1579005003454723,0.3166660887164116,0.9989689999912356,0.7380939146868483,8.192588220603746,6.4115907813420625,6.4115907813420625,ALGEBRAIC_GEOMETRY_ONLY__NOT_TARGET_OR_CALIBRATION
8,15,河南,ramin,0.02,3.377971051253153,0.296035692676828,0.9957935461361964,0.7380939146868483,36.74945783437819,16.333092370834752,16.333092370834752,ALGEBRAIC_GEOMETRY_ONLY__NOT_TARGET_OR_CALIBRATION
8,15,河南,ramax,0.09,3.377971051253153,0.296035692676828,0.9957935461361964,0.7380939146868483,8.166546185417376,6.391210058152729,6.391210058152729,ALGEBRAIC_GEOMETRY_ONLY__NOT_TARGET_OR_CALIBRATION
8,16,湖北,ramin,0.02,2.427790001502039,0.41189723962176067,1.0138835440397287,0.7380939146868483,37.417063702842945,16.62980609015242,16.62980609015242,ALGEBRAIC_GEOMETRY_ONLY__NOT_TARGET_OR_CALIBRATION
8,16,湖北,ramax,0.09,2.427790001502039,0.41189723962176067,1.0138835440397287,0.7380939146868483,8.31490304507621,6.507315426581382,6.507315426581382,ALGEBRAIC_GEOMETRY_ONLY__NOT_TARGET_OR_CALIBRATION
8,17,湖南,ramin,0.02,2.5871470597881,0.3865261528975105,1.0098666889055476,0.7380939146868483,37.26882288630706,16.56392128280314,16.56392128280314,ALGEBRAIC_GEOMETRY_ONLY__NOT_TARGET_OR_CALIBRATION
8,17,湖南,ramax,0.09,2.5871470597881,0.3865261528975105,1.0098666889055476,0.7380939146868483,8.28196064140157,6.481534415009924,6.481534415009924,ALGEBRAIC_GEOMETRY_ONLY__NOT_TARGET_OR_CALIBRATION
8,18,广东,ramin,0.02,1.9178411810549059,0.5214196096519064,1.0316453769641647,0.7380939146868483,38.072558742603476,16.92113721893488,16.92113721893488,ALGEBRAIC_GEOMETRY_ONLY__NOT_TARGET_OR_CALIBRATION
8,18,广东,ramax,0.09,1.9178411810549059,0.5214196096519064,1.0316453769641647,0.7380939146868483,8.46056860946744,6.6213145639310405,6.6213145639310405,ALGEBRAIC_GEOMETRY_ONLY__NOT_TARGET_OR_CALIBRATION
8,19,广西,ramin,0.02,3.4475460490284293,0.29006139026970074,0.9949767341179628,0.7380939146868483,36.719313635373126,16.319694949054725,16.319694949054725,ALGEBRAIC_GEOMETRY_ONLY__NOT_TARGET_OR_CALIBRATION
8,19,广西,ramax,0.09,3.4475460490284293,0.29006139026970074,0.9949767341179628,0.7380939146868483,8.159847474527362,6.385967588760545,6.385967588760545,ALGEBRAIC_GEOMETRY_ONLY__NOT_TARGET_OR_CALIBRATION
8,20,海南,ramin,0.02,2.9942214290843228,0.33397663589155957,1.0016047646764883,0.7380939146868483,36.96391908645343,16.428408482868193,16.428408482868193,ALGEBRAIC_GEOMETRY_ONLY__NOT_TARGET_OR_CALIBRATION
8,20,海南,ramax,0.09,2.9942214290843228,0.33397663589155957,1.0016047646764883,0.7380939146868483,8.214204241434096,6.428507667209294,6.428507667209294,ALGEBRAIC_GEOMETRY_ONLY__NOT_TARGET_OR_CALIBRATION
8,21,重庆,ramin,0.02,2.345257849643728,0.4263923474989804,1.0163103213515752,0.7380939146868483,37.506623181151646,16.669610302734064,16.669610302734064,ALGEBRAIC_GEOMETRY_ONLY__NOT_TARGET_OR_CALIBRATION
8,21,重庆,ramax,0.09,2.345257849643728,0.4263923474989804,1.0163103213515752,0.7380939146868483,8.334805151367032,6.522890988026373,6.522890988026373,ALGEBRAIC_GEOMETRY_ONLY__NOT_TARGET_OR_CALIBRATION
8,22,四川,ramin,0.02,2.2151048709533163,0.45144589455470313,1.0202278338329065,0.7380939146868483,37.651197787310664,16.733865683249185,16.733865683249185,ALGEBRAIC_GEOMETRY_ONLY__NOT_TARGET_OR_CALIBRATION
8,22,四川,ramax,0.09,2.2151048709533163,0.45144589455470313,1.0202278338329065,0.7380939146868483,8.366932841624592,6.54803439779316,6.54803439779316,ALGEBRAIC_GEOMETRY_ONLY__NOT_TARGET_OR_CALIBRATION
8,23,贵州,ramin,0.02,2.5691826989600113,0.3892288393522164,1.012100261144625,0.7380939146868483,37.351252190190884,16.60055652897373,16.60055652897373,ALGEBRAIC_GEOMETRY_ONLY__NOT_TARGET_OR_CALIBRATION
8,23,贵州,ramax,0.09,2.5691826989600113,0.3892288393522164,1.012100261144625,0.7380939146868483,8.300278264486865,6.495869946120155,6.495869946120155,ALGEBRAIC_GEOMETRY_ONLY__NOT_TARGET_OR_CALIBRATION
8,24,云南,ramin,0.02,3.292433887178765,0.3037266758473575,0.9970800232399121,0.7380939146868483,36.79693488046002,16.354193280204452,16.354193280204452,ALGEBRAIC_GEOMETRY_ONLY__NOT_TARGET_OR_CALIBRATION
8,24,云南,ramax,0.09,3.292433887178765,0.3037266758473575,0.9970800232399121,0.7380939146868483,8.177096640102226,6.399466935732177,6.399466935732177,ALGEBRAIC_GEOMETRY_ONLY__NOT_TARGET_OR_CALIBRATION
8,25,西藏,ramin,0.02,4.094143765219948,0.24425131537760678,0.9878796166010517,0.7380939146868483,36.45739667282065,16.20328741014251,16.20328741014251,ALGEBRAIC_GEOMETRY_ONLY__NOT_TARGET_OR_CALIBRATION
8,25,西藏,ramax,0.09,4.094143765219948,0.24425131537760678,0.9878796166010517,0.7380939146868483,8.101643705071256,6.340416812664461,6.340416812664461,ALGEBRAIC_GEOMETRY_ONLY__NOT_TARGET_OR_CALIBRATION
8,26,陕西,ramin,0.02,3.0735014080977017,0.32536181612454024,1.000416242075088,0.7380939146868483,36.920057021475365,16.40891423176683,16.40891423176683,ALGEBRAIC_GEOMETRY_ONLY__NOT_TARGET_OR_CALIBRATION
8,26,陕西,ramax,0.09,3.0735014080977017,0.32536181612454024,1.000416242075088,0.7380939146868483,8.204457115883415,6.4208794819957165,6.4208794819957165,ALGEBRAIC_GEOMETRY_ONLY__NOT_TARGET_OR_CALIBRATION
8,27,甘肃,ramin,0.02,3.0880247729357593,0.32383159900926195,1.0001755390151597,0.7380939146868483,36.91117394828638,16.404966199238395,16.404966199238395,ALGEBRAIC_GEOMETRY_ONLY__NOT_TARGET_OR_CALIBRATION
8,27,甘肃,ramax,0.09,3.0880247729357593,0.32383159900926195,1.0001755390151597,0.7380939146868483,8.202483099619197,6.419334599701981,6.419334599701981,ALGEBRAIC_GEOMETRY_ONLY__NOT_TARGET_OR_CALIBRATION
8,28,青海,ramin,0.02,6.410283503936073,0.15599934065099852,0.9747511200698669,0.7380939146868483,35.972893502887906,15.98795266795018,16.075434000119067,ALGEBRAIC_GEOMETRY_ONLY__NOT_TARGET_OR_CALIBRATION
8,28,青海,ramax,0.09,6.410283503936073,0.15599934065099852,0.9747511200698669,0.7380939146868483,7.99397633397509,6.256155391806592,6.290387217437895,ALGEBRAIC_GEOMETRY_ONLY__NOT_TARGET_OR_CALIBRATION
8,29,宁夏,ramin,0.02,5.321503976879612,0.18791680027764882,0.9794591986830106,0.7380939146868483,36.14664371159933,16.065174982933037,16.074188338216196,ALGEBRAIC_GEOMETRY_ONLY__NOT_TARGET_OR_CALIBRATION
8,29,宁夏,ramax,0.09,5.321503976879612,0.18791680027764882,0.9794591986830106,0.7380939146868483,8.032587491466519,6.28637281940858,6.289899784519382,ALGEBRAIC_GEOMETRY_ONLY__NOT_TARGET_OR_CALIBRATION
8,30,新疆,ramin,0.02,3.8446806263518494,0.260099627819771,0.9922453636690571,0.7380939146868483,36.61851324001849,16.27489477334155,16.27489477334155,ALGEBRAIC_GEOMETRY_ONLY__NOT_TARGET_OR_CALIBRATION
8,30,新疆,ramax,0.09,3.8446806263518494,0.260099627819771,0.9922453636690571,0.7380939146868483,8.137447386670775,6.368437085220608,6.368437085220608,ALGEBRAIC_GEOMETRY_ONLY__NOT_TARGET_OR_CALIBRATION
9,0,北京,ramin,0.02,1.7773121158791139,0.5626473769382756,1.0386302612408689,0.7380939146868483,38.33033377157484,17.03570389847771,17.03570389847771,ALGEBRAIC_GEOMETRY_ONLY__NOT_TARGET_OR_CALIBRATION
9,0,北京,ramax,0.09,1.7773121158791139,0.5626473769382756,1.0386302612408689,0.7380939146868483,8.517851949238855,6.666145003752147,6.666145003752147,ALGEBRAIC_GEOMETRY_ONLY__NOT_TARGET_OR_CALIBRATION
9,1,天津,ramin,0.02,4.833942005569348,0.20687050006968769,0.9824361988817665,0.7380939146868483,36.2565089981355,16.114003999171334,16.114003999171334,ALGEBRAIC_GEOMETRY_ONLY__NOT_TARGET_OR_CALIBRATION
9,1,天津,ramax,0.09,4.833942005569348,0.20687050006968769,0.9824361988817665,0.7380939146868483,8.057001999585667,6.3054798257626965,6.3054798257626965,ALGEBRAIC_GEOMETRY_ONLY__NOT_TARGET_OR_CALIBRATION
9,2,河北,ramin,0.02,3.5066226405927283,0.2851746830194905,0.9942315761648508,0.7380939146868483,36.6918138078395,16.307472803484224,16.307472803484224,ALGEBRAIC_GEOMETRY_ONLY__NOT_TARGET_OR_CALIBRATION
9,2,河北,ramax,0.09,3.5066226405927283,0.2851746830194905,0.9942315761648508,0.7380939146868483,8.153736401742112,6.381185010059045,6.381185010059045,ALGEBRAIC_GEOMETRY_ONLY__NOT_TARGET_OR_CALIBRATION
9,3,山西,ramin,0.02,3.3513637943769083,0.29838598891527435,0.9963489970756002,0.7380939146868483,36.769956582292245,16.34220292546322,16.34220292546322,ALGEBRAIC_GEOMETRY_ONLY__NOT_TARGET_OR_CALIBRATION
9,3,山西,ramax,0.09,3.3513637943769083,0.29838598891527435,0.9963489970756002,0.7380939146868483,8.17110146273161,6.394775057789956,6.394775057789956,ALGEBRAIC_GEOMETRY_ONLY__NOT_TARGET_OR_CALIBRATION
9,4,内蒙古,ramin,0.02,5.090779196516331,0.1964335834255608,0.9808805988182937,0.7380939146868483,36.199100051108715,16.088488911603875,16.088488911603875,ALGEBRAIC_GEOMETRY_ONLY__NOT_TARGET_OR_CALIBRATION
9,4,内蒙古,ramax,0.09,5.090779196516331,0.1964335834255608,0.9808805988182937,0.7380939146868483,8.044244455801937,6.295495661062386,6.295495661062386,ALGEBRAIC_GEOMETRY_ONLY__NOT_TARGET_OR_CALIBRATION
9,5,辽宁,ramin,0.02,3.8164177135165156,0.26202582501866184,0.9906989076267507,0.7380939146868483,36.561441750310635,16.249529666804726,16.249529666804726,ALGEBRAIC_GEOMETRY_ONLY__NOT_TARGET_OR_CALIBRATION
9,5,辽宁,ramax,0.09,3.8164177135165156,0.26202582501866184,0.9906989076267507,0.7380939146868483,8.124764833402363,6.3585116087496765,6.3585116087496765,ALGEBRAIC_GEOMETRY_ONLY__NOT_TARGET_OR_CALIBRATION
9,6,吉林,ramin,0.02,5.937012033191064,0.16843489526540734,0.9766653655593629,0.7380939146868483,36.04353815023859,16.01935028899493,16.074927529672216,ALGEBRAIC_GEOMETRY_ONLY__NOT_TARGET_OR_CALIBRATION
9,6,吉林,ramax,0.09,5.937012033191064,0.16843489526540734,0.9766653655593629,0.7380939146868483,8.009675144497464,6.268441417432799,6.290189033349997,ALGEBRAIC_GEOMETRY_ONLY__NOT_TARGET_OR_CALIBRATION
9,7,黑龙江,ramin,0.02,4.548106614482648,0.21987171470775893,0.9843969050843031,0.7380939146868483,36.32886826396455,16.146163672873136,16.146163672873136,ALGEBRAIC_GEOMETRY_ONLY__NOT_TARGET_OR_CALIBRATION
9,7,黑龙江,ramax,0.09,4.548106614482648,0.21987171470775893,0.9843969050843031,0.7380939146868483,8.073081836436568,6.31806404590688,6.31806404590688,ALGEBRAIC_GEOMETRY_ONLY__NOT_TARGET_OR_CALIBRATION
9,8,上海,ramin,0.02,1.8400183306261437,0.543472846631755,1.0354353804460406,0.7380939146868483,38.21242766793421,16.983301185748537,16.983301185748537,ALGEBRAIC_GEOMETRY_ONLY__NOT_TARGET_OR_CALIBRATION
9,8,上海,ramax,0.09,1.8400183306261437,0.543472846631755,1.0354353804460406,0.7380939146868483,8.491650592874269,6.645639594423341,6.645639594423341,ALGEBRAIC_GEOMETRY_ONLY__NOT_TARGET_OR_CALIBRATION
9,9,江苏,ramin,0.02,2.188456455258931,0.45694306486974784,1.021260041073548,0.7380939146868483,37.68929108146132,16.750796036205035,16.750796036205035,ALGEBRAIC_GEOMETRY_ONLY__NOT_TARGET_OR_CALIBRATION
9,9,江苏,ramax,0.09,2.188456455258931,0.45694306486974784,1.021260041073548,0.7380939146868483,8.375398018102517,6.5546593185150135,6.5546593185150135,ALGEBRAIC_GEOMETRY_ONLY__NOT_TARGET_OR_CALIBRATION
9,10,浙江,ramin,0.02,2.146742261750822,0.46582210534413593,1.0226963675569005,0.7380939146868483,37.74229827330463,16.77435478813539,16.77435478813539,ALGEBRAIC_GEOMETRY_ONLY__NOT_TARGET_OR_CALIBRATION
9,10,浙江,ramax,0.09,2.146742261750822,0.46582210534413593,1.0226963675569005,0.7380939146868483,8.387177394067695,6.563877960574718,6.563877960574718,ALGEBRAIC_GEOMETRY_ONLY__NOT_TARGET_OR_CALIBRATION
9,11,安徽,ramin,0.02,2.067895704692986,0.48358338272600015,1.0255829412488873,0.7380939146868483,37.84882639712215,16.82170062094318,16.82170062094318,ALGEBRAIC_GEOMETRY_ONLY__NOT_TARGET_OR_CALIBRATION
9,11,安徽,ramax,0.09,2.067895704692986,0.48358338272600015,1.0255829412488873,0.7380939146868483,8.41085031047159,6.582404590803853,6.582404590803853,ALGEBRAIC_GEOMETRY_ONLY__NOT_TARGET_OR_CALIBRATION
9,12,福建,ramin,0.02,2.27411867684372,0.439730788978838,1.018483819666159,0.7380939146868483,37.586835475130464,16.705260211169097,16.705260211169097,ALGEBRAIC_GEOMETRY_ONLY__NOT_TARGET_OR_CALIBRATION
9,12,福建,ramax,0.09,2.27411867684372,0.439730788978838,1.018483819666159,0.7380939146868483,8.352630105584549,6.536840952196603,6.536840952196603,ALGEBRAIC_GEOMETRY_ONLY__NOT_TARGET_OR_CALIBRATION
9,13,江西,ramin,0.02,2.2420977978213874,0.44601087471371,1.0194999893647358,0.7380939146868483,37.6243369086709,16.721927514964847,16.721927514964847,ALGEBRAIC_GEOMETRY_ONLY__NOT_TARGET_OR_CALIBRATION
9,13,江西,ramax,0.09,2.2420977978213874,0.44601087471371,1.0194999893647358,0.7380939146868483,8.360963757482423,6.543362940638418,6.543362940638418,ALGEBRAIC_GEOMETRY_ONLY__NOT_TARGET_OR_CALIBRATION
9,14,山东,ramin,0.02,3.157950964578481,0.31666102837460575,0.999078878593542,0.7380939146868483,36.87070202910269,16.386978679601196,16.386978679601196,ALGEBRAIC_GEOMETRY_ONLY__NOT_TARGET_OR_CALIBRATION
9,14,山东,ramax,0.09,3.157950964578481,0.31666102837460575,0.999078878593542,0.7380939146868483,8.193489339800598,6.4122960050613385,6.4122960050613385,ALGEBRAIC_GEOMETRY_ONLY__NOT_TARGET_OR_CALIBRATION
9,15,河南,ramin,0.02,3.3780200786133827,0.29603139612197993,0.9958978158748987,0.7380939146868483,36.753305877359296,16.334802612159688,16.334802612159688,ALGEBRAIC_GEOMETRY_ONLY__NOT_TARGET_OR_CALIBRATION
9,15,河南,ramax,0.09,3.3780200786133827,0.29603139612197993,0.9958978158748987,0.7380939146868483,8.167401306079844,6.391879283019009,6.391879283019009,ALGEBRAIC_GEOMETRY_ONLY__NOT_TARGET_OR_CALIBRATION
9,16,湖北,ramin,0.02,2.427822800017589,0.4118916751225647,1.0140291520926579,0.7380939146868483,37.422437323732765,16.63219436610345,16.63219436610345,ALGEBRAIC_GEOMETRY_ONLY__NOT_TARGET_OR_CALIBRATION
9,16,湖北,ramax,0.09,2.427822800017589,0.4118916751225647,1.0140291520926579,0.7380939146868483,8.316097183051726,6.5082499693448295,6.5082499693448295,ALGEBRAIC_GEOMETRY_ONLY__NOT_TARGET_OR_CALIBRATION
9,17,湖南,ramin,0.02,2.587180228758799,0.3865211974349968,1.0100027100117939,0.7380939146868483,37.273842703846526,16.56615231282068,16.56615231282068,ALGEBRAIC_GEOMETRY_ONLY__NOT_TARGET_OR_CALIBRATION
9,17,湖南,ramax,0.09,2.587180228758799,0.3865211974349968,1.0100027100117939,0.7380939146868483,8.28307615641034,6.482407426755918,6.482407426755918,ALGEBRAIC_GEOMETRY_ONLY__NOT_TARGET_OR_CALIBRATION
9,18,广东,ramin,0.02,1.9178754708905308,0.521410287152621,1.0317883256859481,0.7380939146868483,38.077834221686516,16.923481876305118,16.923481876305118,ALGEBRAIC_GEOMETRY_ONLY__NOT_TARGET_OR_CALIBRATION
9,18,广东,ramax,0.09,1.9178754708905308,0.521410287152621,1.0317883256859481,0.7380939146868483,8.461740938152559,6.622232038554177,6.622232038554177,ALGEBRAIC_GEOMETRY_ONLY__NOT_TARGET_OR_CALIBRATION
9,19,广西,ramin,0.02,3.447409965839734,0.2900728401637651,0.994984631203847,0.7380939146868483,36.71960507492487,16.319824477744387,16.319824477744387,ALGEBRAIC_GEOMETRY_ONLY__NOT_TARGET_OR_CALIBRATION
9,19,广西,ramax,0.09,3.447409965839734,0.2900728401637651,0.994984631203847,0.7380939146868483,8.159912238872193,6.386018273899978,6.386018273899978,ALGEBRAIC_GEOMETRY_ONLY__NOT_TARGET_OR_CALIBRATION
9,20,海南,ramin,0.02,2.994255745021403,0.33397280832230714,1.0017615518465146,0.7380939146868483,36.9697052692583,16.430980119670355,16.430980119670355,ALGEBRAIC_GEOMETRY_ONLY__NOT_TARGET_OR_CALIBRATION
9,20,海南,ramax,0.09,2.994255745021403,0.33397280832230714,1.0017615518465146,0.7380939146868483,8.215490059835178,6.429513959871009,6.429513959871009,ALGEBRAIC_GEOMETRY_ONLY__NOT_TARGET_OR_CALIBRATION
9,21,重庆,ramin,0.02,2.3451226425901335,0.4264169309693429,1.0163513591965732,0.7380939146868483,37.50813767033488,16.670283409037726,16.670283409037726,ALGEBRAIC_GEOMETRY_ONLY__NOT_TARGET_OR_CALIBRATION
9,21,重庆,ramax,0.09,2.3451226425901335,0.4264169309693429,1.0163513591965732,0.7380939146868483,8.335141704518863,6.523154377449545,6.523154377449545,ALGEBRAIC_GEOMETRY_ONLY__NOT_TARGET_OR_CALIBRATION
9,22,四川,ramin,0.02,2.2151353606771154,0.4514396807309885,1.0203711256339763,0.7380939146868483,37.656485927630364,16.73621596783572,16.73621596783572,ALGEBRAIC_GEOMETRY_ONLY__NOT_TARGET_OR_CALIBRATION
9,22,四川,ramax,0.09,2.2151353606771154,0.4514396807309885,1.0203711256339763,0.7380939146868483,8.36810798391786,6.548954074370499,6.548954074370499,ALGEBRAIC_GEOMETRY_ONLY__NOT_TARGET_OR_CALIBRATION
9,23,贵州,ramin,0.02,2.569432494182817,0.3891909992825246,1.0105339486547784,0.7380939146868483,37.2934479043282,16.574865735256978,16.574865735256978,ALGEBRAIC_GEOMETRY_ONLY__NOT_TARGET_OR_CALIBRATION
9,23,贵州,ramax,0.09,2.569432494182817,0.3891909992825246,1.0105339486547784,0.7380939146868483,8.287432867628489,6.485817026839687,6.485817026839687,ALGEBRAIC_GEOMETRY_ONLY__NOT_TARGET_OR_CALIBRATION
9,24,云南,ramin,0.02,3.292228945796701,0.3037455828449396,0.9970860534190319,0.7380939146868483,36.79715742238566,16.35429218772696,16.35429218772696,ALGEBRAIC_GEOMETRY_ONLY__NOT_TARGET_OR_CALIBRATION
9,24,云南,ramax,0.09,3.292228945796701,0.3037455828449396,0.9970860534190319,0.7380939146868483,8.17714609386348,6.399505638675767,6.399505638675767,ALGEBRAIC_GEOMETRY_ONLY__NOT_TARGET_OR_CALIBRATION
9,25,西藏,ramin,0.02,4.094213804889931,0.24424713697307368,0.9880002790715675,0.7380939146868483,36.461849684581594,16.20526652648071,16.20526652648071,ALGEBRAIC_GEOMETRY_ONLY__NOT_TARGET_OR_CALIBRATION
9,25,西藏,ramax,0.09,4.094213804889931,0.24424713697307368,0.9880002790715675,0.7380939146868483,8.102633263240355,6.341191249492452,6.341191249492452,ALGEBRAIC_GEOMETRY_ONLY__NOT_TARGET_OR_CALIBRATION
9,26,陕西,ramin,0.02,3.073331747706374,0.32537977741787866,1.000430718110393,0.7380939146868483,36.92059125515374,16.409151668957218,16.409151668957218,ALGEBRAIC_GEOMETRY_ONLY__NOT_TARGET_OR_CALIBRATION
9,26,陕西,ramax,0.09,3.073331747706374,0.32537977741787866,1.000430718110393,0.7380939146868483,8.204575834478609,6.4209723922006505,6.4209723922006505,ALGEBRAIC_GEOMETRY_ONLY__NOT_TARGET_OR_CALIBRATION
9,27,甘肃,ramin,0.02,3.0880594453101824,0.3238279630655084,1.0001932284944615,0.7380939146868483,36.91182677313772,16.405256343616763,16.405256343616763,ALGEBRAIC_GEOMETRY_ONLY__NOT_TARGET_OR_CALIBRATION
9,27,甘肃,ramax,0.09,3.0880594453101824,0.3238279630655084,1.0001932284944615,0.7380939146868483,8.202628171808382,6.419448134458734,6.419448134458734,ALGEBRAIC_GEOMETRY_ONLY__NOT_TARGET_OR_CALIBRATION
9,28,青海,ramin,0.02,6.410375232720933,0.15599710839010314,0.9748282010397631,0.7380939146868483,35.975738152628836,15.989216956723926,16.075413606061208,ALGEBRAIC_GEOMETRY_ONLY__NOT_TARGET_OR_CALIBRATION
9,28,青海,ramax,0.09,6.410375232720933,0.15599710839010314,0.9748282010397631,0.7380939146868483,7.994608478361963,6.256650113500667,6.290379237154386,ALGEBRAIC_GEOMETRY_ONLY__NOT_TARGET_OR_CALIBRATION
9,29,宁夏,ramin,0.02,5.321573552363988,0.18791434340990604,0.9795514571305424,0.7380939146868483,36.15004848153443,16.0666882140153,16.074163928506263,ALGEBRAIC_GEOMETRY_ONLY__NOT_TARGET_OR_CALIBRATION
9,29,宁夏,ramax,0.09,5.321573552363988,0.18791434340990604,0.9795514571305424,0.7380939146868483,8.03334410700765,6.286964953310335,6.289890232893755,ALGEBRAIC_GEOMETRY_ONLY__NOT_TARGET_OR_CALIBRATION
9,30,新疆,ramin,0.02,3.845028175127058,0.2600761176391003,0.9904790569315941,0.7380939146868483,36.5533282272989,16.24592365657729,16.24592365657729,ALGEBRAIC_GEOMETRY_ONLY__NOT_TARGET_OR_CALIBRATION
9,30,新疆,ramax,0.09,3.845028175127058,0.2600761176391003,0.9904790569315941,0.7380939146868483,8.122961828288645,6.357100561269374,6.357100561269374,ALGEBRAIC_GEOMETRY_ONLY__NOT_TARGET_OR_CALIBRATION
10,0,北京,ramin,0.02,1.777307589485534,0.5626488098717137,1.0386470579826392,0.7380939146868483,38.3309536502192,17.035979400097425,17.035979400097425,ALGEBRAIC_GEOMETRY_ONLY__NOT_TARGET_OR_CALIBRATION
10,0,北京,ramax,0.09,1.777307589485534,0.5626488098717137,1.0386470579826392,0.7380939146868483,8.517989700048712,6.666252808733775,6.666252808733775,ALGEBRAIC_GEOMETRY_ONLY__NOT_TARGET_OR_CALIBRATION
10,1,天津,ramin,0.02,4.833936015679261,0.2068707564097703,0.9823828190044129,0.7380939146868483,36.254539030003436,16.113128457779304,16.113128457779304,ALGEBRAIC_GEOMETRY_ONLY__NOT_TARGET_OR_CALIBRATION
10,1,天津,ramax,0.09,4.833936015679261,0.2068707564097703,0.9823828190044129,0.7380939146868483,8.056564228889652,6.305137222609294,6.305137222609294,ALGEBRAIC_GEOMETRY_ONLY__NOT_TARGET_OR_CALIBRATION
10,2,河北,ramin,0.02,3.5066136952235936,0.2851754104999115,0.9942355165603297,0.7380939146868483,36.69195922693573,16.30753743419366,16.30753743419366,ALGEBRAIC_GEOMETRY_ONLY__NOT_TARGET_OR_CALIBRATION
10,2,河北,ramax,0.09,3.5066136952235936,0.2851754104999115,0.9942355165603297,0.7380939146868483,8.15376871709683,6.381210300336649,6.381210300336649,ALGEBRAIC_GEOMETRY_ONLY__NOT_TARGET_OR_CALIBRATION
10,3,山西,ramin,0.02,3.351360826402953,0.2983862531666903,0.9962677699884205,0.7380939146868483,36.766958921354494,16.34087063171311,16.34087063171311,ALGEBRAIC_GEOMETRY_ONLY__NOT_TARGET_OR_CALIBRATION
10,3,山西,ramax,0.09,3.351360826402953,0.2983862531666903,0.9962677699884205,0.7380939146868483,8.170435315856555,6.3942537254529555,6.3942537254529555,ALGEBRAIC_GEOMETRY_ONLY__NOT_TARGET_OR_CALIBRATION
10,4,内蒙古,ramin,0.02,5.090774356365372,0.19643377018854236,0.9808240861080108,0.7380939146868483,36.1970144667306,16.0875619852136,16.0875619852136,ALGEBRAIC_GEOMETRY_ONLY__NOT_TARGET_OR_CALIBRATION
10,4,内蒙古,ramax,0.09,5.090774356365372,0.19643377018854236,0.9808240861080108,0.7380939146868483,8.0437809926068,6.2951329507357565,6.2951329507357565,ALGEBRAIC_GEOMETRY_ONLY__NOT_TARGET_OR_CALIBRATION
10,5,辽宁,ramin,0.02,3.8164372443065173,0.2620244840896655,0.9907013784068188,0.7380939146868483,36.56153293369728,16.249570192754344,16.249570192754344,ALGEBRAIC_GEOMETRY_ONLY__NOT_TARGET_OR_CALIBRATION
10,5,辽宁,ramax,0.09,3.8164372443065173,0.2620244840896655,0.9907013784068188,0.7380939146868483,8.124785096377172,6.358527466729962,6.358527466729962,ALGEBRAIC_GEOMETRY_ONLY__NOT_TARGET_OR_CALIBRATION
10,6,吉林,ramin,0.02,5.936996817452841,0.16843532694178392,0.9766651685178931,0.7380939146868483,36.043530878483104,16.0193470571036,16.074927581805383,ALGEBRAIC_GEOMETRY_ONLY__NOT_TARGET_OR_CALIBRATION
10,6,吉林,ramax,0.09,5.936996817452841,0.16843532694178392,0.9766651685178931,0.7380939146868483,8.0096735285518,6.268440152779671,6.290189053749933,ALGEBRAIC_GEOMETRY_ONLY__NOT_TARGET_OR_CALIBRATION
10,7,黑龙江,ramin,0.02,4.548102108434347,0.21987193254644039,0.9843319722763813,0.7380939146868483,36.32647193844502,16.145098639308898,16.145098639308898,ALGEBRAIC_GEOMETRY_ONLY__NOT_TARGET_OR_CALIBRATION
10,7,黑龙江,ramax,0.09,4.548102108434347,0.21987193254644039,0.9843319722763813,0.7380939146868483,8.072549319654449,6.3176472936426125,6.3176472936426125,ALGEBRAIC_GEOMETRY_ONLY__NOT_TARGET_OR_CALIBRATION
10,8,上海,ramin,0.02,1.8400135810602125,0.5434742494801598,1.0354508783336527,0.7380939146868483,38.21299961276105,16.98355538344936,16.98355538344936,ALGEBRAIC_GEOMETRY_ONLY__NOT_TARGET_OR_CALIBRATION
10,8,上海,ramax,0.09,1.8400135810602125,0.5434742494801598,1.0354508783336527,0.7380939146868483,8.49177769172468,6.64573906308888,6.64573906308888,ALGEBRAIC_GEOMETRY_ONLY__NOT_TARGET_OR_CALIBRATION
10,9,江苏,ramin,0.02,2.1884509847218157,0.45694420710414707,1.0212686516181906,0.7380939146868483,37.68960885099147,16.75093726710732,16.75093726710732,ALGEBRAIC_GEOMETRY_ONLY__NOT_TARGET_OR_CALIBRATION
10,9,江苏,ramax,0.09,2.1884509847218157,0.45694420710414707,1.0212686516181906,0.7380939146868483,8.37546863355366,6.554714582781125,6.554714582781125,ALGEBRAIC_GEOMETRY_ONLY__NOT_TARGET_OR_CALIBRATION
10,10,浙江,ramin,0.02,2.146736823713641,0.4658232853480845,1.0227059983236249,0.7380939146868483,37.74265369382027,16.774512752809013,16.774512752809013,ALGEBRAIC_GEOMETRY_ONLY__NOT_TARGET_OR_CALIBRATION
10,10,浙江,ramax,0.09,2.146736823713641,0.4658232853480845,1.0227059983236249,0.7380939146868483,8.387256376404506,6.563939772838309,6.563939772838309,ALGEBRAIC_GEOMETRY_ONLY__NOT_TARGET_OR_CALIBRATION
10,11,安徽,ramin,0.02,2.0678903706893093,0.4835846301013823,1.025593465124072,0.7380939146868483,37.84921477753379,16.821873234459463,16.821873234459463,ALGEBRAIC_GEOMETRY_ONLY__NOT_TARGET_OR_CALIBRATION
10,11,安徽,ramax,0.09,2.0678903706893093,0.4835846301013823,1.025593465124072,0.7380939146868483,8.410936617229732,6.582472135223268,6.582472135223268,ALGEBRAIC_GEOMETRY_ONLY__NOT_TARGET_OR_CALIBRATION
10,12,福建,ramin,0.02,2.2741128089439355,0.43973192361745034,1.0184935662320005,0.7380939146868483,37.5871951691773,16.705420075189913,16.705420075189913,ALGEBRAIC_GEOMETRY_ONLY__NOT_TARGET_OR_CALIBRATION
10,12,福建,ramax,0.09,2.2741128089439355,0.43973192361745034,1.0184935662320005,0.7380939146868483,8.352710037594957,6.536903507683009,6.536903507683009,ALGEBRAIC_GEOMETRY_ONLY__NOT_TARGET_OR_CALIBRATION
10,13,江西,ramin,0.02,2.242093416855043,0.4460117462022112,1.0195046645584624,0.7380939146868483,37.62450944527288,16.722004197899057,16.722004197899057,ALGEBRAIC_GEOMETRY_ONLY__NOT_TARGET_OR_CALIBRATION
10,13,江西,ramax,0.09,2.242093416855043,0.4460117462022112,1.0195046645584624,0.7380939146868483,8.361002098949529,6.54339294700398,6.54339294700398,ALGEBRAIC_GEOMETRY_ONLY__NOT_TARGET_OR_CALIBRATION
10,14,山东,ramin,0.02,3.1579430977931375,0.3166618172122319,0.9990832686501708,0.7380939146868483,36.87086404280683,16.387050685691925,16.387050685691925,ALGEBRAIC_GEOMETRY_ONLY__NOT_TARGET_OR_CALIBRATION
10,14,山东,ramax,0.09,3.1579430977931375,0.3166618172122319,0.9990832686501708,0.7380939146868483,8.193525342845962,6.412324181357711,6.412324181357711,ALGEBRAIC_GEOMETRY_ONLY__NOT_TARGET_OR_CALIBRATION
10,15,河南,ramin,0.02,3.3780115709561223,0.2960321416888922,0.995901740856795,0.7380939146868483,36.753450727621946,16.3348669900542,16.3348669900542,ALGEBRAIC_GEOMETRY_ONLY__NOT_TARGET_OR_CALIBRATION
10,15,河南,ramax,0.09,3.3780115709561223,0.2960321416888922,0.995901740856795,0.7380939146868483,8.1674334950271,6.391904474369034,6.391904474369034,ALGEBRAIC_GEOMETRY_ONLY__NOT_TARGET_OR_CALIBRATION
10,16,湖北,ramin,0.02,2.427816594553523,0.41189272791172293,1.0140371726626103,0.7380939146868483,37.422733320426474,16.632325920189547,16.632325920189547,ALGEBRAIC_GEOMETRY_ONLY__NOT_TARGET_OR_CALIBRATION
10,16,湖北,ramax,0.09,2.427816594553523,0.41189272791172293,1.0140371726626103,0.7380939146868483,8.316162960094774,6.508301447030692,6.508301447030692,ALGEBRAIC_GEOMETRY_ONLY__NOT_TARGET_OR_CALIBRATION
10,17,湖南,ramin,0.02,2.587173572720544,0.38652219184059206,1.0100097323383164,0.7380939146868483,37.274101860670186,16.566267493631194,16.566267493631194,ALGEBRAIC_GEOMETRY_ONLY__NOT_TARGET_OR_CALIBRATION
10,17,湖南,ramax,0.09,2.587173572720544,0.38652219184059206,1.0100097323383164,0.7380939146868483,8.283133746815597,6.482452497507859,6.482452497507859,ALGEBRAIC_GEOMETRY_ONLY__NOT_TARGET_OR_CALIBRATION
10,18,广东,ramin,0.02,1.9178706607821918,0.5214115948737419,1.0317979087166065,0.7380939146868483,38.07818788051717,16.923639058007634,16.923639058007634,ALGEBRAIC_GEOMETRY_ONLY__NOT_TARGET_OR_CALIBRATION
10,18,广东,ramax,0.09,1.9178706607821918,0.5214115948737419,1.0317979087166065,0.7380939146868483,8.461819529003817,6.6222935444377695,6.6222935444377695,ALGEBRAIC_GEOMETRY_ONLY__NOT_TARGET_OR_CALIBRATION
10,19,广西,ramin,0.02,3.447416092024421,0.29007232469370164,0.9949866510875551,0.7380939146868483,36.71967961811854,16.319857608052686,16.319857608052686,ALGEBRAIC_GEOMETRY_ONLY__NOT_TARGET_OR_CALIBRATION
10,19,广西,ramax,0.09,3.447416092024421,0.29007232469370164,0.9949866510875551,0.7380939146868483,8.159928804026343,6.3860312379336595,6.3860312379336595,ALGEBRAIC_GEOMETRY_ONLY__NOT_TARGET_OR_CALIBRATION
10,20,海南,ramin,0.02,2.9942478927221337,0.3339736841530776,1.0017687156295694,0.7380939146868483,36.969969646492245,16.43109762066322,16.43109762066322,ALGEBRAIC_GEOMETRY_ONLY__NOT_TARGET_OR_CALIBRATION
10,20,海南,ramax,0.09,2.9942478927221337,0.3339736841530776,1.0017687156295694,0.7380939146868483,8.21554881033161,6.429559938520391,6.429559938520391,ALGEBRAIC_GEOMETRY_ONLY__NOT_TARGET_OR_CALIBRATION
10,21,重庆,ramin,0.02,2.3451282762355694,0.4264159065981726,1.0163576305836222,0.7380939146868483,37.50836911396576,16.67038627287367,16.67038627287367,ALGEBRAIC_GEOMETRY_ONLY__NOT_TARGET_OR_CALIBRATION
10,21,重庆,ramax,0.09,2.3451282762355694,0.4264159065981726,1.0163576305836222,0.7380939146868483,8.335193136436835,6.523194628515785,6.523194628515785,ALGEBRAIC_GEOMETRY_ONLY__NOT_TARGET_OR_CALIBRATION
10,22,四川,ramin,0.02,2.2151297703386477,0.4514408200324628,1.0203797389078573,0.7380939146868483,37.656803797882226,16.736357243503214,16.736357243503214,ALGEBRAIC_GEOMETRY_ONLY__NOT_TARGET_OR_CALIBRATION
10,22,四川,ramax,0.09,2.2151297703386477,0.4514408200324628,1.0203797389078573,0.7380939146868483,8.368178621751607,6.549009356153431,6.549009356153431,ALGEBRAIC_GEOMETRY_ONLY__NOT_TARGET_OR_CALIBRATION
10,23,贵州,ramin,0.02,2.5694301814572116,0.38919134959054064,1.0104383075279373,0.7380939146868483,37.28991829764243,16.573297021174415,16.573297021174415,ALGEBRAIC_GEOMETRY_ONLY__NOT_TARGET_OR_CALIBRATION
10,23,贵州,ramax,0.09,2.5694301814572116,0.38919134959054064,1.0104383075279373,0.7380939146868483,8.286648510587208,6.485203182198685,6.485203182198685,ALGEBRAIC_GEOMETRY_ONLY__NOT_TARGET_OR_CALIBRATION
10,24,云南,ramin,0.02,3.292244705043471,0.30374412888205893,0.9970891066816163,0.7380939146868483,36.797270102112336,16.35434226760548,16.35434226760548,ALGEBRAIC_GEOMETRY_ONLY__NOT_TARGET_OR_CALIBRATION
10,24,云南,ramax,0.09,3.292244705043471,0.30374412888205893,0.9970891066816163,0.7380939146868483,8.17717113380274,6.399525235149971,6.399525235149971,ALGEBRAIC_GEOMETRY_ONLY__NOT_TARGET_OR_CALIBRATION
10,25,西藏,ramin,0.02,4.094203548822323,0.24424774881738473,0.9880040202780803,0.7380939146868483,36.46198775266963,16.20532789007539,16.20532789007539,ALGEBRAIC_GEOMETRY_ONLY__NOT_TARGET_OR_CALIBRATION
10,25,西藏,ramax,0.09,4.094203548822323,0.24424774881738473,0.9880040202780803,0.7380939146868483,8.102663945037696,6.341215261333849,6.341215261333849,ALGEBRAIC_GEOMETRY_ONLY__NOT_TARGET_OR_CALIBRATION
10,26,陕西,ramin,0.02,3.073342349511341,0.3253786549874599,1.0004340659535083,0.7380939146868483,36.92071480628527,16.409206580571233,16.409206580571233,ALGEBRAIC_GEOMETRY_ONLY__NOT_TARGET_OR_CALIBRATION
10,26,陕西,ramax,0.09,3.073342349511341,0.3253786549874599,1.0004340659535083,0.7380939146868483,8.204603290285617,6.4209938793539605,6.4209938793539605,ALGEBRAIC_GEOMETRY_ONLY__NOT_TARGET_OR_CALIBRATION
10,27,甘肃,ramin,0.02,3.0880514954944465,0.32382879672150156,1.0001935372784212,0.7380939146868483,36.911838168715796,16.405261408318133,16.405261408318133,ALGEBRAIC_GEOMETRY_ONLY__NOT_TARGET_OR_CALIBRATION
10,27,甘肃,ramax,0.09,3.0880514954944465,0.32382879672150156,1.0001935372784212,0.7380939146868483,8.202630704159066,6.419450116298401,6.419450116298401,ALGEBRAIC_GEOMETRY_ONLY__NOT_TARGET_OR_CALIBRATION
10,28,青海,ramin,0.02,6.410359080331745,0.15599750146106459,0.9748296548648352,0.7380939146868483,35.97579180560077,15.989240802489231,16.075413221408645,ALGEBRAIC_GEOMETRY_ONLY__NOT_TARGET_OR_CALIBRATION
10,28,青海,ramax,0.09,6.410359080331745,0.15599750146106459,0.9748296548648352,0.7380939146868483,7.994620401244616,6.256659444452309,6.290379086638167,ALGEBRAIC_GEOMETRY_ONLY__NOT_TARGET_OR_CALIBRATION
10,29,宁夏,ramin,0.02,5.321560002029462,0.18791482189783335,0.9795536611208904,0.7380939146868483,36.15012981912762,16.06672436405672,16.074163345375215,ALGEBRAIC_GEOMETRY_ONLY__NOT_TARGET_OR_CALIBRATION
10,29,宁夏,ramax,0.09,5.321560002029462,0.18791482189783335,0.9795536611208904,0.7380939146868483,8.03336218202836,6.286979098978716,6.289890004712041,ALGEBRAIC_GEOMETRY_ONLY__NOT_TARGET_OR_CALIBRATION
10,30,新疆,ramin,0.02,3.8450243573441667,0.2600763758726146,0.9904078010401859,0.7380939146868483,36.550698550307196,16.244754911247643,16.244754911247643,ALGEBRAIC_GEOMETRY_ONLY__NOT_TARGET_OR_CALIBRATION
10,30,新疆,ramax,0.09,3.8450243573441667,0.2600763758726146,0.9904078010401859,0.7380939146868483,8.122377455623822,6.356643226140383,6.356643226140383,ALGEBRAIC_GEOMETRY_ONLY__NOT_TARGET_OR_CALIBRATION
11,0,北京,ramin,0.02,1.777307867219942,0.5626487219483229,1.0386486727778315,0.7380939146868483,38.331013243744444,17.036005886108644,17.036005886108644,ALGEBRAIC_GEOMETRY_ONLY__NOT_TARGET_OR_CALIBRATION
11,0,北京,ramax,0.09,1.777307867219942,0.5626487219483229,1.0386486727778315,0.7380939146868483,8.518002943054322,6.666263172825121,6.666263172825121,ALGEBRAIC_GEOMETRY_ONLY__NOT_TARGET_OR_CALIBRATION
11,1,天津,ramin,0.02,4.833936877180451,0.2068707195413942,0.9823812260652096,0.7380939146868483,36.25448024306681,16.113102330251916,16.113102330251916,ALGEBRAIC_GEOMETRY_ONLY__NOT_TARGET_OR_CALIBRATION
11,1,天津,ramax,0.09,4.833936877180451,0.2068707195413942,0.9823812260652096,0.7380939146868483,8.056551165125958,6.305126998794228,6.305126998794228,ALGEBRAIC_GEOMETRY_ONLY__NOT_TARGET_OR_CALIBRATION
11,2,河北,ramin,0.02,3.50661424186127,0.28517536604460136,0.9942357892104345,0.7380939146868483,36.69196928900489,16.307541906224397,16.307541906224397,ALGEBRAIC_GEOMETRY_ONLY__NOT_TARGET_OR_CALIBRATION
11,2,河北,ramax,0.09,3.50661424186127,0.28517536604460136,0.9942357892104345,0.7380939146868483,8.153770953112199,6.381212050261721,6.381212050261721,ALGEBRAIC_GEOMETRY_ONLY__NOT_TARGET_OR_CALIBRATION
11,3,山西,ramin,0.02,3.351361449830734,0.29838619766020963,0.9962642310112133,0.7380939146868483,36.766828316477444,16.340812585101087,16.340812585101087,ALGEBRAIC_GEOMETRY_ONLY__NOT_TARGET_OR_CALIBRATION
11,3,山西,ramax,0.09,3.351361449830734,0.29838619766020963,0.9962642310112133,0.7380939146868483,8.170406292550544,6.3942310115612955,6.3942310115612955,ALGEBRAIC_GEOMETRY_ONLY__NOT_TARGET_OR_CALIBRATION
11,4,内蒙古,ramin,0.02,5.090775298961314,0.19643373381732893,0.9808224744338104,0.7380939146868483,36.19695498838462,16.087535550393163,16.087535550393163,ALGEBRAIC_GEOMETRY_ONLY__NOT_TARGET_OR_CALIBRATION
11,4,内蒙古,ramax,0.09,5.090775298961314,0.19643373381732893,0.9808224744338104,0.7380939146868483,8.043767775196581,6.295122606675586,6.295122606675586,ALGEBRAIC_GEOMETRY_ONLY__NOT_TARGET_OR_CALIBRATION
11,5,辽宁,ramin,0.02,3.8164350515586825,0.2620246346368679,0.9907012778707602,0.7380939146868483,36.56152922344462,16.249568543753167,16.249568543753167,ALGEBRAIC_GEOMETRY_ONLY__NOT_TARGET_OR_CALIBRATION
11,5,辽宁,ramax,0.09,3.8164350515586825,0.2620246346368679,0.9907012778707602,0.7380939146868483,8.124784271876583,6.35852682146863,6.35852682146863,ALGEBRAIC_GEOMETRY_ONLY__NOT_TARGET_OR_CALIBRATION
11,6,吉林,ramin,0.02,5.9369977281598105,0.16843530110461283,0.9766652258551849,0.7380939146868483,36.04353299449841,16.01934799755485,16.0749275666351,ALGEBRAIC_GEOMETRY_ONLY__NOT_TARGET_OR_CALIBRATION
11,6,吉林,ramax,0.09,5.9369977281598105,0.16843530110461283,0.9766652258551849,0.7380939146868483,8.009673998777425,6.268440520782333,6.290189047813736,ALGEBRAIC_GEOMETRY_ONLY__NOT_TARGET_OR_CALIBRATION
11,7,黑龙江,ramin,0.02,4.548102943606226,0.21987189217117684,0.9843298963928222,0.7380939146868483,36.3263953285939,16.14506459048618,16.14506459048618,ALGEBRAIC_GEOMETRY_ONLY__NOT_TARGET_OR_CALIBRATION
11,7,黑龙江,ramax,0.09,4.548102943606226,0.21987189217117684,0.9843298963928222,0.7380939146868483,8.07253229524309,6.3176339701902435,6.3176339701902435,ALGEBRAIC_GEOMETRY_ONLY__NOT_TARGET_OR_CALIBRATION
11,8,上海,ramin,0.02,1.8400138673906015,0.5434741649084094,1.0354523361077659,0.7380939146868483,38.21305341147115,16.98357929398718,16.98357929398718,ALGEBRAIC_GEOMETRY_ONLY__NOT_TARGET_OR_CALIBRATION
11,8,上海,ramax,0.09,1.8400138673906015,0.5434741649084094,1.0354523361077659,0.7380939146868483,8.49178964699359,6.645748419386289,6.645748419386289,ALGEBRAIC_GEOMETRY_ONLY__NOT_TARGET_OR_CALIBRATION
11,9,江苏,ramin,0.02,2.188451347865984,0.45694413128038047,1.0212694046299924,0.7380939146868483,37.68963664066289,16.750949618072397,16.750949618072397,ALGEBRAIC_GEOMETRY_ONLY__NOT_TARGET_OR_CALIBRATION
11,9,江苏,ramax,0.09,2.188451347865984,0.45694413128038047,1.0212694046299924,0.7380939146868483,8.375474809036199,6.55471941576746,6.55471941576746,ALGEBRAIC_GEOMETRY_ONLY__NOT_TARGET_OR_CALIBRATION
11,10,浙江,ramin,0.02,2.1467371689928454,0.4658232104255016,1.0227068387204763,0.7380939146868483,37.74268470841037,16.774526537071278,16.774526537071278,ALGEBRAIC_GEOMETRY_ONLY__NOT_TARGET_OR_CALIBRATION
11,10,浙江,ramax,0.09,2.1467371689928454,0.4658232104255016,1.0227068387204763,0.7380939146868483,8.387263268535639,6.563945166680066,6.563945166680066,ALGEBRAIC_GEOMETRY_ONLY__NOT_TARGET_OR_CALIBRATION
11,11,安徽,ramin,0.02,2.0678906913802906,0.4835845551064949,1.0255944052300383,0.7380939146868483,37.849249471858435,16.821888654159306,16.821888654159306,ALGEBRAIC_GEOMETRY_ONLY__NOT_TARGET_OR_CALIBRATION
11,11,安徽,ramax,0.09,2.0678906913802906,0.4835845551064949,1.0255944052300383,0.7380939146868483,8.410944327079653,6.582478169018859,6.582478169018859,ALGEBRAIC_GEOMETRY_ONLY__NOT_TARGET_OR_CALIBRATION
11,12,福建,ramin,0.02,2.2741131631677254,0.43973185512327373,1.0184943694977189,0.7380939146868483,37.587224813454235,16.705433250424104,16.705433250424104,ALGEBRAIC_GEOMETRY_ONLY__NOT_TARGET_OR_CALIBRATION
11,12,福建,ramax,0.09,2.2741131631677254,0.43973185512327373,1.0184943694977189,0.7380939146868483,8.352716625212052,6.536908663209433,6.536908663209433,ALGEBRAIC_GEOMETRY_ONLY__NOT_TARGET_OR_CALIBRATION
11,13,江西,ramin,0.02,2.2420938954666223,0.44601165099371587,1.0195051035285696,0.7380939146868483,37.624525645331126,16.722011397924945,16.722011397924945,ALGEBRAIC_GEOMETRY_ONLY__NOT_TARGET_OR_CALIBRATION
11,13,江西,ramax,0.09,2.2420938954666223,0.44601165099371587,1.0195051035285696,0.7380939146868483,8.361005698962472,6.543395764405414,6.543395764405414,ALGEBRAIC_GEOMETRY_ONLY__NOT_TARGET_OR_CALIBRATION
11,14,山东,ramin,0.02,3.157943613841549,0.3166617654656374,0.9990835902043735,0.7380939146868483,36.87087590966685,16.387055959851935,16.387055959851935,ALGEBRAIC_GEOMETRY_ONLY__NOT_TARGET_OR_CALIBRATION
11,14,山东,ramax,0.09,3.157943613841549,0.3166617654656374,0.9990835902043735,0.7380939146868483,8.193527979925967,6.412326245159453,6.412326245159453,ALGEBRAIC_GEOMETRY_ONLY__NOT_TARGET_OR_CALIBRATION
11,15,河南,ramin,0.02,3.378012111011203,0.2960320943611571,0.9959020219863227,0.7380939146868483,36.75346110262163,16.33487160116517,16.33487160116517,ALGEBRAIC_GEOMETRY_ONLY__NOT_TARGET_OR_CALIBRATION
11,15,河南,ramax,0.09,3.378012111011203,0.2960320943611571,0.9959020219863227,0.7380939146868483,8.167435800582584,6.391906278716805,6.391906278716805,ALGEBRAIC_GEOMETRY_ONLY__NOT_TARGET_OR_CALIBRATION
11,16,湖北,ramin,0.02,2.4278169759777604,0.4118926632009679,1.0140378179298963,0.7380939146868483,37.42275713381933,16.632336503919706,16.632336503919706,ALGEBRAIC_GEOMETRY_ONLY__NOT_TARGET_OR_CALIBRATION
11,16,湖北,ramax,0.09,2.4278169759777604,0.4118926632009679,1.0140378179298963,0.7380939146868483,8.316168251959853,6.50830558849032,6.50830558849032,ALGEBRAIC_GEOMETRY_ONLY__NOT_TARGET_OR_CALIBRATION
11,17,湖南,ramin,0.02,2.587173974380135,0.3865221318328975,1.01001028127904,0.7380939146868483,37.27412211916056,16.566276497404694,16.566276497404694,ALGEBRAIC_GEOMETRY_ONLY__NOT_TARGET_OR_CALIBRATION
11,17,湖南,ramax,0.09,2.587173974380135,0.3865221318328975,1.01001028127904,0.7380939146868483,8.283138248702347,6.482456020723577,6.482456020723577,ALGEBRAIC_GEOMETRY_ONLY__NOT_TARGET_OR_CALIBRATION
11,18,广东,ramin,0.02,1.91787097841758,0.521411508518207,1.0317988455046172,0.7380939146868483,38.078222452393675,16.923654423286077,16.923654423286077,ALGEBRAIC_GEOMETRY_ONLY__NOT_TARGET_OR_CALIBRATION
11,18,广东,ramax,0.09,1.91787097841758,0.521411508518207,1.0317988455046172,0.7380939146868483,8.461827211643039,6.622299556938031,6.622299556938031,ALGEBRAIC_GEOMETRY_ONLY__NOT_TARGET_OR_CALIBRATION
11,19,广西,ramin,0.02,3.447415646650828,0.2900723621683107,0.9949866618677989,0.7380939146868483,36.71968001596015,16.319857784871182,16.319857784871182,ALGEBRAIC_GEOMETRY_ONLY__NOT_TARGET_OR_CALIBRATION
11,19,广西,ramax,0.09,3.447415646650828,0.2900723621683107,0.9949866618677989,0.7380939146868483,8.159928892435591,6.386031307123505,6.386031307123505,ALGEBRAIC_GEOMETRY_ONLY__NOT_TARGET_OR_CALIBRATION
11,20,海南,ramin,0.02,2.994248361086559,0.33397363191245694,1.0017691983265447,0.7380939146868483,36.96998746027725,16.431105537901,16.431105537901,ALGEBRAIC_GEOMETRY_ONLY__NOT_TARGET_OR_CALIBRATION
11,20,海南,ramax,0.09,2.994248361086559,0.33397363191245694,1.0017691983265447,0.7380939146868483,8.2155527689505,6.429563036569958,6.429563036569958,ALGEBRAIC_GEOMETRY_ONLY__NOT_TARGET_OR_CALIBRATION
11,21,重庆,ramin,0.02,2.3451272813181347,0.42641608750460913,1.0163578716595936,0.7380939146868483,37.50837801080114,16.67039022702273,16.67039022702273,ALGEBRAIC_GEOMETRY_ONLY__NOT_TARGET_OR_CALIBRATION
11,21,重庆,ramax,0.09,2.3451272813181347,0.42641608750460913,1.0163578716595936,0.7380939146868483,8.335195113511364,6.523196175791503,6.523196175791503,ALGEBRAIC_GEOMETRY_ONLY__NOT_TARGET_OR_CALIBRATION
11,22,四川,ramin,0.02,2.2151301196098423,0.4514407488514187,1.0203804845146442,0.7380939146868483,37.65683131427384,16.736369473010594,16.736369473010594,ALGEBRAIC_GEOMETRY_ONLY__NOT_TARGET_OR_CALIBRATION
11,22,四川,ramax,0.09,2.2151301196098423,0.4514407488514187,1.0203804845146442,0.7380939146868483,8.368184736505297,6.549014141612842,6.549014141612842,ALGEBRAIC_GEOMETRY_ONLY__NOT_TARGET_OR_CALIBRATION
11,23,贵州,ramin,0.02,2.5694306542862733,0.38919127797118,1.0104328650151568,0.7380939146868483,37.28971744336424,16.57320775260633,16.57320775260633,ALGEBRAIC_GEOMETRY_ONLY__NOT_TARGET_OR_CALIBRATION
11,23,贵州,ramax,0.09,2.5694306542862733,0.38919127797118,1.0104328650151568,0.7380939146868483,8.286603876303165,6.485168251019869,6.485168251019869,ALGEBRAIC_GEOMETRY_ONLY__NOT_TARGET_OR_CALIBRATION
11,24,云南,ramin,0.02,3.2922428430604636,0.30374430066963154,0.9970890295780459,0.7380939146868483,36.79726725662852,16.35434100294601,16.35434100294601,ALGEBRAIC_GEOMETRY_ONLY__NOT_TARGET_OR_CALIBRATION
11,24,云南,ramax,0.09,3.2922428430604636,0.30374430066963154,0.9970890295780459,0.7380939146868483,8.177170501473006,6.399524740283222,6.399524740283222,ALGEBRAIC_GEOMETRY_ONLY__NOT_TARGET_OR_CALIBRATION
11,25,西藏,ramin,0.02,4.094204239889991,0.24424770759039352,0.9880042444052584,0.7380939146868483,36.46199602401494,16.20533156622886,16.20533156622886,ALGEBRAIC_GEOMETRY_ONLY__NOT_TARGET_OR_CALIBRATION
11,25,西藏,ramax,0.09,4.094204239889991,0.24424770759039352,0.9880042444052584,0.7380939146868483,8.10266578311443,6.341216699828685,6.341216699828685,ALGEBRAIC_GEOMETRY_ONLY__NOT_TARGET_OR_CALIBRATION
11,26,陕西,ramin,0.02,3.07334109566092,0.3253787877342494,1.0004340609939408,0.7380939146868483,36.92071462325395,16.409206499223977,16.409206499223977,ALGEBRAIC_GEOMETRY_ONLY__NOT_TARGET_OR_CALIBRATION
11,26,陕西,ramax,0.09,3.07334109566092,0.3253787877342494,1.0004340609939408,0.7380939146868483,8.204603249611989,6.420993847522426,6.420993847522426,ALGEBRAIC_GEOMETRY_ONLY__NOT_TARGET_OR_CALIBRATION
11,27,甘肃,ramin,0.02,3.08805197116099,0.32382874684069457,1.000193675126347,0.7380939146868483,36.91184325595156,16.405263669311804,16.405263669311804,ALGEBRAIC_GEOMETRY_ONLY__NOT_TARGET_OR_CALIBRATION
11,27,甘肃,ramax,0.09,3.08805197116099,0.32382874684069457,1.000193675126347,0.7380939146868483,8.202631834655902,6.419451001035054,6.419451001035054,ALGEBRAIC_GEOMETRY_ONLY__NOT_TARGET_OR_CALIBRATION
11,28,青海,ramin,0.02,6.410360135225425,0.15599747578999854,0.9748297449078164,0.7380939146868483,35.97579512860959,15.989242279382042,16.075413197585103,ALGEBRAIC_GEOMETRY_ONLY__NOT_TARGET_OR_CALIBRATION
11,28,青海,ramax,0.09,6.410360135225425,0.15599747578999854,0.9748297449078164,0.7380939146868483,7.994621139691021,6.256660022366886,6.29037907731591,ALGEBRAIC_GEOMETRY_ONLY__NOT_TARGET_OR_CALIBRATION
11,29,宁夏,ramin,0.02,5.321560865532868,0.18791479140582304,0.979553791448493,0.7380939146868483,36.150134628828134,16.066726501701392,16.074163310893177,ALGEBRAIC_GEOMETRY_ONLY__NOT_TARGET_OR_CALIBRATION
11,29,宁夏,ramax,0.09,5.321560865532868,0.18791479140582304,0.979553791448493,0.7380939146868483,8.033363250850696,6.286979935448372,6.28988999121907,ALGEBRAIC_GEOMETRY_ONLY__NOT_TARGET_OR_CALIBRATION
11,30,新疆,ramin,0.02,3.8450250619277573,0.26007632821478566,0.9904051031299181,0.7380939146868483,36.55059898474965,16.244710659888735,16.244710659888735,ALGEBRAIC_GEOMETRY_ONLY__NOT_TARGET_OR_CALIBRATION
11,30,新疆,ramax,0.09,3.8450250619277573,0.26007632821478566,0.9904051031299181,0.7380939146868483,8.122355329944368,6.3566259103912435,6.3566259103912435,ALGEBRAIC_GEOMETRY_ONLY__NOT_TARGET_OR_CALIBRATION
12,0,北京,ramin,0.02,1.7773078458243778,0.5626487287215934,1.0386487934179653,0.7380939146868483,38.33101769593188,17.036007864858615,17.036007864858615,ALGEBRAIC_GEOMETRY_ONLY__NOT_TARGET_OR_CALIBRATION
12,0,北京,ramax,0.09,1.7773078458243778,0.5626487287215934,1.0386487934179653,0.7380939146868483,8.518003932429307,6.666263947118588,6.666263947118588,ALGEBRAIC_GEOMETRY_ONLY__NOT_TARGET_OR_CALIBRATION
12,1,天津,ramin,0.02,4.833936821914986,0.2068707219065071,0.9823811720734424,0.7380939146868483,36.25447825051707,16.113101444674253,16.113101444674253,ALGEBRAIC_GEOMETRY_ONLY__NOT_TARGET_OR_CALIBRATION
12,1,天津,ramax,0.09,4.833936821914986,0.2068707219065071,0.9823811720734424,0.7380939146868483,8.056550722337127,6.305126652263839,6.305126652263839,ALGEBRAIC_GEOMETRY_ONLY__NOT_TARGET_OR_CALIBRATION
12,2,河北,ramin,0.02,3.5066141996330873,0.2851753694788079,0.9942357941636422,0.7380939146868483,36.69196947180151,16.307541987467335,16.307541987467335,ALGEBRAIC_GEOMETRY_ONLY__NOT_TARGET_OR_CALIBRATION
12,2,河北,ramax,0.09,3.5066141996330873,0.2851753694788079,0.9942357941636422,0.7380939146868483,8.153770993733668,6.3812120820524365,6.3812120820524365,ALGEBRAIC_GEOMETRY_ONLY__NOT_TARGET_OR_CALIBRATION
12,3,山西,ramin,0.02,3.3513614121406956,0.2983862010159167,0.9962640669652248,0.7380939146868483,36.76682226241016,16.340809894404515,16.340809894404515,ALGEBRAIC_GEOMETRY_ONLY__NOT_TARGET_OR_CALIBRATION
12,3,山西,ramax,0.09,3.3513614121406956,0.2983862010159167,0.9962640669652248,0.7380939146868483,8.170404947202258,6.394229958680028,6.394229958680028,ALGEBRAIC_GEOMETRY_ONLY__NOT_TARGET_OR_CALIBRATION
12,4,内蒙古,ramin,0.02,5.090775241694218,0.19643373602704928,0.9808224224334787,0.7380939146868483,36.196953069328195,16.0875346974792,16.0875346974792,ALGEBRAIC_GEOMETRY_ONLY__NOT_TARGET_OR_CALIBRATION
12,4,内蒙古,ramax,0.09,5.090775241694218,0.19643373602704928,0.9808224224334787,0.7380939146868483,8.0437673487396,6.295122272926643,6.295122272926643,ALGEBRAIC_GEOMETRY_ONLY__NOT_TARGET_OR_CALIBRATION
12,5,辽宁,ramin,0.02,3.8164352929141154,0.26202461806615096,0.9907012959989944,0.7380939146868483,36.561529892461586,16.24956884109404,16.24956884109404,ALGEBRAIC_GEOMETRY_ONLY__NOT_TARGET_OR_CALIBRATION
12,5,辽宁,ramax,0.09,3.8164352929141154,0.26202461806615096,0.9907012959989944,0.7380939146868483,8.12478442054702,6.3585269378194065,6.3585269378194065,ALGEBRAIC_GEOMETRY_ONLY__NOT_TARGET_OR_CALIBRATION
12,6,吉林,ramin,0.02,5.936997657428245,0.16843530311129923,0.97666522355578,0.7380939146868483,36.04353290963957,16.019347959839813,16.074927567243478,ALGEBRAIC_GEOMETRY_ONLY__NOT_TARGET_OR_CALIBRATION
12,6,吉林,ramax,0.09,5.936997657428245,0.16843530311129923,0.97666522355578,0.7380939146868483,8.009673979919906,6.268440506024274,6.290189048051796,ALGEBRAIC_GEOMETRY_ONLY__NOT_TARGET_OR_CALIBRATION
12,7,黑龙江,ramin,0.02,4.548102892144753,0.21987189465901225,0.9843298231486473,0.7380939146868483,36.3263926255399,16.145063389128847,16.145063389128847,ALGEBRAIC_GEOMETRY_ONLY__NOT_TARGET_OR_CALIBRATION
12,7,黑龙江,ramax,0.09,4.548102892144753,0.21987189465901225,0.9843298231486473,0.7380939146868483,8.072531694564423,6.317633500093897,6.317633500093897,ALGEBRAIC_GEOMETRY_ONLY__NOT_TARGET_OR_CALIBRATION
12,8,上海,ramin,0.02,1.8400138450646304,0.5434741715027014,1.0354524401336411,0.7380939146868483,38.213057250514424,16.983581000228636,16.983581000228636,ALGEBRAIC_GEOMETRY_ONLY__NOT_TARGET_OR_CALIBRATION
12,8,上海,ramax,0.09,1.8400138450646304,0.5434741715027014,1.0354524401336411,0.7380939146868483,8.491790500114318,6.645749087045988,6.645749087045988,ALGEBRAIC_GEOMETRY_ONLY__NOT_TARGET_OR_CALIBRATION
12,9,江苏,ramin,0.02,2.18845132032101,0.4569441370317145,1.021269443992229,0.7380939146868483,37.68963809331426,16.750950263695227,16.750950263695227,ALGEBRAIC_GEOMETRY_ONLY__NOT_TARGET_OR_CALIBRATION
12,9,江苏,ramax,0.09,2.18845132032101,0.4569441370317145,1.021269443992229,0.7380939146868483,8.375475131847613,6.55471966840248,6.55471966840248,ALGEBRAIC_GEOMETRY_ONLY__NOT_TARGET_OR_CALIBRATION
12,10,浙江,ramin,0.02,2.1467371425019675,0.46582321617379085,1.0227068851986318,0.7380939146868483,37.742686423672566,16.774527299410032,16.774527299410032,ALGEBRAIC_GEOMETRY_ONLY__NOT_TARGET_OR_CALIBRATION
12,10,浙江,ramax,0.09,2.1467371425019675,0.46582321617379085,1.0227068851986318,0.7380939146868483,8.387263649705016,6.563945464986534,6.563945464986534,ALGEBRAIC_GEOMETRY_ONLY__NOT_TARGET_OR_CALIBRATION
12,11,安徽,ramin,0.02,2.0678906663554715,0.4835845609586496,1.0255944609866061,0.7380939146868483,37.84925152953761,16.821889568683382,16.821889568683382,ALGEBRAIC_GEOMETRY_ONLY__NOT_TARGET_OR_CALIBRATION
12,11,安徽,ramax,0.09,2.0678906663554715,0.4835845609586496,1.0255944609866061,0.7380939146868483,8.410944784341691,6.582478526876106,6.582478526876106,ALGEBRAIC_GEOMETRY_ONLY__NOT_TARGET_OR_CALIBRATION
12,12,福建,ramin,0.02,2.274113135518883,0.43973186046956747,1.0184944113418344,0.7380939146868483,37.58722635769858,16.705433936754925,16.705433936754925,ALGEBRAIC_GEOMETRY_ONLY__NOT_TARGET_OR_CALIBRATION
12,12,福建,ramax,0.09,2.274113135518883,0.43973186046956747,1.0184944113418344,0.7380939146868483,8.352716968377463,6.5369089317736675,6.5369089317736675,ALGEBRAIC_GEOMETRY_ONLY__NOT_TARGET_OR_CALIBRATION
12,13,江西,ramin,0.02,2.2420937501618,0.4460116798986819,1.0195051181015382,0.7380939146868483,37.624526183142095,16.722011636952043,16.722011636952043,ALGEBRAIC_GEOMETRY_ONLY__NOT_TARGET_OR_CALIBRATION
12,13,江西,ramax,0.09,2.2420937501618,0.4460116798986819,1.0195051181015382,0.7380939146868483,8.361005818476022,6.543395857937756,6.543395857937756,ALGEBRAIC_GEOMETRY_ONLY__NOT_TARGET_OR_CALIBRATION
12,14,山东,ramin,0.02,3.1579435747659024,0.3166617693839352,0.9990835976037302,0.7380939146868483,36.87087618273785,16.387056081216826,16.387056081216826,ALGEBRAIC_GEOMETRY_ONLY__NOT_TARGET_OR_CALIBRATION
12,14,山东,ramax,0.09,3.1579435747659024,0.3166617693839352,0.9990835976037302,0.7380939146868483,8.193528040608413,6.412326292650063,6.412326292650063,ALGEBRAIC_GEOMETRY_ONLY__NOT_TARGET_OR_CALIBRATION
12,15,河南,ramin,0.02,3.3780120697241007,0.29603209797935237,0.9959020273138238,0.7380939146868483,36.75346129923144,16.334871688547306,16.334871688547306,ALGEBRAIC_GEOMETRY_ONLY__NOT_TARGET_OR_CALIBRATION
12,15,河南,ramax,0.09,3.3780120697241007,0.29603209797935237,0.9959020273138238,0.7380939146868483,8.167435844273653,6.391906312909816,6.391906312909816,ALGEBRAIC_GEOMETRY_ONLY__NOT_TARGET_OR_CALIBRATION
12,16,湖北,ramin,0.02,2.4278169464404438,0.41189266821213816,1.0140378474775305,0.7380939146868483,37.42275822426578,16.632336988562567,16.632336988562567,ALGEBRAIC_GEOMETRY_ONLY__NOT_TARGET_OR_CALIBRATION
12,16,湖北,ramax,0.09,2.4278169464404438,0.41189266821213816,1.0140378474775305,0.7380939146868483,8.316168494281284,6.508305778133179,6.508305778133179,ALGEBRAIC_GEOMETRY_ONLY__NOT_TARGET_OR_CALIBRATION
12,17,湖南,ramin,0.02,2.587173943070776,0.3865221365104958,1.0100103036535275,0.7380939146868483,37.27412294488422,16.566276864392986,16.566276864392986,ALGEBRAIC_GEOMETRY_ONLY__NOT_TARGET_OR_CALIBRATION
12,17,湖南,ramax,0.09,2.587173943070776,0.3865221365104958,1.0100103036535275,0.7380939146868483,8.283138432196493,6.482456164327691,6.482456164327691,ALGEBRAIC_GEOMETRY_ONLY__NOT_TARGET_OR_CALIBRATION
12,18,广东,ramin,0.02,1.9178709542543553,0.5214115150874621,1.0317989044562652,0.7380939146868483,38.07822462798631,16.923655390216137,16.923655390216137,ALGEBRAIC_GEOMETRY_ONLY__NOT_TARGET_OR_CALIBRATION
12,18,广东,ramax,0.09,1.9178709542543553,0.5214115150874621,1.0317989044562652,0.7380939146868483,8.461827695108068,6.6222999353019665,6.6222999353019665,ALGEBRAIC_GEOMETRY_ONLY__NOT_TARGET_OR_CALIBRATION
12,19,广西,ramin,0.02,3.447415649821548,0.29007236190152,0.9949866678336329,0.7380939146868483,36.719680236127445,16.31985788272331,16.31985788272331,ALGEBRAIC_GEOMETRY_ONLY__NOT_TARGET_OR_CALIBRATION
12,19,广西,ramax,0.09,3.447415649821548,0.29007236190152,0.9949866678336329,0.7380939146868483,8.159928941361654,6.386031345413469,6.386031345413469,ALGEBRAIC_GEOMETRY_ONLY__NOT_TARGET_OR_CALIBRATION
12,20,海南,ramin,0.02,2.994248324463767,0.3339736359973041,1.0017692143985462,0.7380939146868483,36.96998805340957,16.43110580151537,16.43110580151537,ALGEBRAIC_GEOMETRY_ONLY__NOT_TARGET_OR_CALIBRATION
12,20,海南,ramax,0.09,2.994248324463767,0.3339736359973041,1.0017692143985462,0.7380939146868483,8.215552900757684,6.429563139723405,6.429563139723405,ALGEBRAIC_GEOMETRY_ONLY__NOT_TARGET_OR_CALIBRATION
12,21,重庆,ramin,0.02,2.3451273435353617,0.4264160761916088,1.0163579139766294,0.7380939146868483,37.50837957249847,16.67039092111043,16.67039092111043,ALGEBRAIC_GEOMETRY_ONLY__NOT_TARGET_OR_CALIBRATION
12,21,重庆,ramax,0.09,2.3451273435353617,0.4264160761916088,1.0163579139766294,0.7380939146868483,8.335195460555216,6.523196447391038,6.523196447391038,ALGEBRAIC_GEOMETRY_ONLY__NOT_TARGET_OR_CALIBRATION
12,22,四川,ramin,0.02,2.215130092810919,0.45144075431300584,1.0203805234809238,0.7380939146868483,37.656832752312525,16.7363701121389,16.7363701121389,ALGEBRAIC_GEOMETRY_ONLY__NOT_TARGET_OR_CALIBRATION
12,22,四川,ramax,0.09,2.215130092810919,0.45144075431300584,1.0203805234809238,0.7380939146868483,8.36818505606945,6.549014391706526,6.549014391706526,ALGEBRAIC_GEOMETRY_ONLY__NOT_TARGET_OR_CALIBRATION
12,23,贵州,ramin,0.02,2.5694306254675374,0.38919128233634975,1.0104325416495035,0.7380939146868483,37.28970550965319,16.573202448734754,16.573202448734754,ALGEBRAIC_GEOMETRY_ONLY__NOT_TARGET_OR_CALIBRATION
12,23,贵州,ramax,0.09,2.5694306254675374,0.38919128233634975,1.0104325416495035,0.7380939146868483,8.286601224367377,6.48516617559186,6.48516617559186,ALGEBRAIC_GEOMETRY_ONLY__NOT_TARGET_OR_CALIBRATION
12,24,云南,ramin,0.02,3.2922430440544384,0.3037442821258079,0.9970890514061014,0.7380939146868483,36.79726806218627,16.354341360971677,16.354341360971677,ALGEBRAIC_GEOMETRY_ONLY__NOT_TARGET_OR_CALIBRATION
12,24,云南,ramax,0.09,3.2922430440544384,0.3037442821258079,0.9970890514061014,0.7380939146868483,8.177170680485839,6.399524880380222,6.399524880380222,ALGEBRAIC_GEOMETRY_ONLY__NOT_TARGET_OR_CALIBRATION
12,25,西藏,ramin,0.02,4.094204187439781,0.24424771071941273,0.9880042464734148,0.7380939146868483,36.46199610033962,16.205331600150945,16.205331600150945,ALGEBRAIC_GEOMETRY_ONLY__NOT_TARGET_OR_CALIBRATION
12,25,西藏,ramax,0.09,4.094204187439781,0.24424771071941273,0.9880042464734148,0.7380939146868483,8.102665800075473,6.341216713102543,6.341216713102543,ALGEBRAIC_GEOMETRY_ONLY__NOT_TARGET_OR_CALIBRATION
12,26,陕西,ramin,0.02,3.07334120948046,0.32537877568402085,1.0004340803601472,0.7380939146868483,36.9207153379579,16.409206816870178,16.409206816870178,ALGEBRAIC_GEOMETRY_ONLY__NOT_TARGET_OR_CALIBRATION
12,26,陕西,ramax,0.09,3.07334120948046,0.32537877568402085,1.0004340803601472,0.7380939146868483,8.204603408435089,6.420993971818765,6.420993971818765,ALGEBRAIC_GEOMETRY_ONLY__NOT_TARGET_OR_CALIBRATION
12,27,甘肃,ramin,0.02,3.0880519341672743,0.3238287507200427,1.0001936743511508,0.7380939146868483,36.91184322734318,16.40526365659697,16.40526365659697,ALGEBRAIC_GEOMETRY_ONLY__NOT_TARGET_OR_CALIBRATION
12,27,甘肃,ramax,0.09,3.0880519341672743,0.3238287507200427,1.0001936743511508,0.7380939146868483,8.202631828298484,6.419450996059684,6.419450996059684,ALGEBRAIC_GEOMETRY_ONLY__NOT_TARGET_OR_CALIBRATION
12,28,青海,ramin,0.02,6.410360054928381,0.15599747774404418,0.9748297432871939,0.7380939146868483,35.97579506880101,15.989242252800452,16.075413198013887,ALGEBRAIC_GEOMETRY_ONLY__NOT_TARGET_OR_CALIBRATION
12,28,青海,ramax,0.09,6.410360054928381,0.15599747774404418,0.9748297432871939,0.7380939146868483,7.994621126400226,6.256660011965394,6.290379077483695,ALGEBRAIC_GEOMETRY_ONLY__NOT_TARGET_OR_CALIBRATION
12,29,宁夏,ramin,0.02,5.321560799437152,0.18791479373979295,0.9795537906545879,0.7380939146868483,36.15013459952931,16.066726488679695,16.07416331110323,ALGEBRAIC_GEOMETRY_ONLY__NOT_TARGET_OR_CALIBRATION
12,29,宁夏,ramax,0.09,5.321560799437152,0.18791479373979295,0.9795537906545879,0.7380939146868483,8.033363244339847,6.286979930352924,6.289889991301264,ALGEBRAIC_GEOMETRY_ONLY__NOT_TARGET_OR_CALIBRATION
12,30,新疆,ramin,0.02,3.8450250186975583,0.26007633113886325,0.9904049925836322,0.7380939146868483,36.5505949050726,16.244708846698934,16.244708846698934,ALGEBRAIC_GEOMETRY_ONLY__NOT_TARGET_OR_CALIBRATION
12,30,新疆,ramax,0.09,3.8450250186975583,0.26007633113886325,0.9904049925836322,0.7380939146868483,8.122354423349467,6.356625200882192,6.356625200882192,ALGEBRAIC_GEOMETRY_ONLY__NOT_TARGET_OR_CALIBRATION
13,0,北京,ramin,0.02,1.7773078479327131,0.5626487280541501,1.0386488044765407,0.7380939146868483,38.331018104045235,17.03600804624233,17.03600804624233,ALGEBRAIC_GEOMETRY_ONLY__NOT_TARGET_OR_CALIBRATION
13,0,北京,ramax,0.09,1.7773078479327131,0.5626487280541501,1.0386488044765407,0.7380939146868483,8.518004023121165,6.666264018094824,6.666264018094824,ALGEBRAIC_GEOMETRY_ONLY__NOT_TARGET_OR_CALIBRATION
13,1,天津,ramin,0.02,4.833936827637382,0.20687072166161438,0.9823811707676252,0.7380939146868483,36.25447820232628,16.113101423256126,16.113101423256126,ALGEBRAIC_GEOMETRY_ONLY__NOT_TARGET_OR_CALIBRATION
13,1,天津,ramax,0.09,4.833936827637382,0.20687072166161438,0.9823811707676252,0.7380939146868483,8.056550711628063,6.305126643882833,6.305126643882833,ALGEBRAIC_GEOMETRY_ONLY__NOT_TARGET_OR_CALIBRATION
13,2,河北,ramin,0.02,3.506614203791678,0.2851753691406106,0.9942357948761896,0.7380939146868483,36.691969498097855,16.3075419991546,16.3075419991546,ALGEBRAIC_GEOMETRY_ONLY__NOT_TARGET_OR_CALIBRATION
13,2,河北,ramax,0.09,3.506614203791678,0.2851753691406106,0.9942357948761896,0.7380939146868483,8.1537709995773,6.381212086625714,6.381212086625714,ALGEBRAIC_GEOMETRY_ONLY__NOT_TARGET_OR_CALIBRATION
13,3,山西,ramin,0.02,3.351361416118099,0.2983862006617913,0.9962640602329393,0.7380939146868483,36.76682201395721,16.340809783980983,16.340809783980983,ALGEBRAIC_GEOMETRY_ONLY__NOT_TARGET_OR_CALIBRATION
13,3,山西,ramax,0.09,3.351361416118099,0.2983862006617913,0.9962640602329393,0.7380939146868483,8.170404891990492,6.39422991547082,6.39422991547082,ALGEBRAIC_GEOMETRY_ONLY__NOT_TARGET_OR_CALIBRATION
13,4,内蒙古,ramin,0.02,5.090775247731918,0.19643373579407727,0.9808224212455499,0.7380939146868483,36.19695302548804,16.087534677994686,16.087534677994686,ALGEBRAIC_GEOMETRY_ONLY__NOT_TARGET_OR_CALIBRATION
13,4,内蒙古,ramax,0.09,5.090775247731918,0.19643373579407727,0.9808224212455499,0.7380939146868483,8.043767338997343,6.295122265302269,6.295122265302269,ALGEBRAIC_GEOMETRY_ONLY__NOT_TARGET_OR_CALIBRATION
13,5,辽宁,ramin,0.02,3.8164352640071244,0.2620246200508154,0.9907012942767872,0.7380939146868483,36.56152982890406,16.249568812846245,16.249568812846245,ALGEBRAIC_GEOMETRY_ONLY__NOT_TARGET_OR_CALIBRATION
13,5,辽宁,ramax,0.09,3.8164352640071244,0.2620246200508154,0.9907012942767872,0.7380939146868483,8.124784406423123,6.358526926765923,6.358526926765923,ALGEBRAIC_GEOMETRY_ONLY__NOT_TARGET_OR_CALIBRATION
13,6,吉林,ramin,0.02,5.936997664402979,0.1684353029134229,0.9766652237879195,0.7380939146868483,36.04353291820661,16.019347963647384,16.07492756718206,ALGEBRAIC_GEOMETRY_ONLY__NOT_TARGET_OR_CALIBRATION
13,6,吉林,ramax,0.09,5.936997664402979,0.1684353029134229,0.9766652237879195,0.7380939146868483,8.009673981823692,6.268440507514193,6.290189048027762,ALGEBRAIC_GEOMETRY_ONLY__NOT_TARGET_OR_CALIBRATION
13,7,黑龙江,ramin,0.02,4.5481028975363955,0.21987189439836058,0.9843298211328414,0.7380939146868483,36.3263925511472,16.145063356065425,16.145063356065425,ALGEBRAIC_GEOMETRY_ONLY__NOT_TARGET_OR_CALIBRATION
13,7,黑龙江,ramax,0.09,4.5481028975363955,0.21987189439836058,0.9843298211328414,0.7380939146868483,8.072531678032712,6.317633487156035,6.317633487156035,ALGEBRAIC_GEOMETRY_ONLY__NOT_TARGET_OR_CALIBRATION
13,8,上海,ramin,0.02,1.840013847255105,0.5434741708557137,1.0354524494872768,0.7380939146868483,38.213057595707504,16.98358115364778,16.98358115364778,ALGEBRAIC_GEOMETRY_ONLY__NOT_TARGET_OR_CALIBRATION
13,8,上海,ramax,0.09,1.840013847255105,0.5434741708557137,1.0354524494872768,0.7380939146868483,8.49179057682389,6.645749147079567,6.645749147079567,ALGEBRAIC_GEOMETRY_ONLY__NOT_TARGET_OR_CALIBRATION
13,9,江苏,ramin,0.02,2.1884513230098768,0.45694413647028453,1.0212694475144142,0.7380939146868483,37.68963822329943,16.750950321466416,16.750950321466416,ALGEBRAIC_GEOMETRY_ONLY__NOT_TARGET_OR_CALIBRATION
13,9,江苏,ramax,0.09,2.1884513230098768,0.45694413647028453,1.0212694475144142,0.7380939146868483,8.375475160733208,6.554719691008597,6.554719691008597,ALGEBRAIC_GEOMETRY_ONLY__NOT_TARGET_OR_CALIBRATION
13,10,浙江,ramin,0.02,2.14673714509731,0.4658232156106241,1.0227068892624913,0.7380939146868483,37.74268657364806,16.774527366065804,16.774527366065804,ALGEBRAIC_GEOMETRY_ONLY__NOT_TARGET_OR_CALIBRATION
13,10,浙江,ramax,0.09,2.14673714509731,0.4658232156106241,1.0227068892624913,0.7380939146868483,8.387263683032902,6.563945491069228,6.563945491069228,ALGEBRAIC_GEOMETRY_ONLY__NOT_TARGET_OR_CALIBRATION
13,11,安徽,ramin,0.02,2.06789066881206,0.48358456038416636,1.0255944658528524,0.7380939146868483,37.84925170912495,16.821889648499976,16.821889648499976,ALGEBRAIC_GEOMETRY_ONLY__NOT_TARGET_OR_CALIBRATION
13,11,安徽,ramax,0.09,2.06789066881206,0.48358456038416636,1.0255944658528524,0.7380939146868483,8.410944824249988,6.582478558108687,6.582478558108687,ALGEBRAIC_GEOMETRY_ONLY__NOT_TARGET_OR_CALIBRATION
13,12,福建,ramin,0.02,2.274113138229547,0.4397318599454223,1.0184944148618578,0.7380939146868483,37.58722648760398,16.705433994490658,16.705433994490658,ALGEBRAIC_GEOMETRY_ONLY__NOT_TARGET_OR_CALIBRATION
13,12,福建,ramax,0.09,2.274113138229547,0.4397318599454223,1.0184944148618578,0.7380939146868483,8.352716997245329,6.536908954365909,6.536908954365909,ALGEBRAIC_GEOMETRY_ONLY__NOT_TARGET_OR_CALIBRATION
13,13,江西,ramin,0.02,2.242093770150526,0.4460116759223962,1.0195051234111605,0.7380939146868483,37.62452637909209,16.72201172404093,16.72201172404093,ALGEBRAIC_GEOMETRY_ONLY__NOT_TARGET_OR_CALIBRATION
13,13,江西,ramax,0.09,2.242093770150526,0.4460116759223962,1.0195051234111605,0.7380939146868483,8.361005862020464,6.543395892016016,6.543395892016016,ALGEBRAIC_GEOMETRY_ONLY__NOT_TARGET_OR_CALIBRATION
13,14,山东,ramin,0.02,3.157943578600102,0.316661768999462,0.9990835985274992,0.7380939146868483,36.87087621682927,16.387056096368564,16.387056096368564,ALGEBRAIC_GEOMETRY_ONLY__NOT_TARGET_OR_CALIBRATION
13,14,山东,ramax,0.09,3.157943578600102,0.316661768999462,0.9990835985274992,0.7380939146868483,8.193528048184282,6.4123262985790035,6.4123262985790035,ALGEBRAIC_GEOMETRY_ONLY__NOT_TARGET_OR_CALIBRATION
13,15,河南,ramin,0.02,3.3780120737814587,0.2960320976237858,0.9959020280785598,0.7380939146868483,36.753461327453785,16.33487170109057,16.33487170109057,ALGEBRAIC_GEOMETRY_ONLY__NOT_TARGET_OR_CALIBRATION
13,15,河南,ramax,0.09,3.3780120737814587,0.2960320976237858,0.9959020280785598,0.7380939146868483,8.167435850545285,6.39190631781805,6.39190631781805,ALGEBRAIC_GEOMETRY_ONLY__NOT_TARGET_OR_CALIBRATION
13,16,湖北,ramin,0.02,2.427816949339866,0.41189266772023503,1.0140378500242455,0.7380939146868483,37.422758318251525,16.63233703033401,16.63233703033401,ALGEBRAIC_GEOMETRY_ONLY__NOT_TARGET_OR_CALIBRATION
13,16,湖北,ramax,0.09,2.427816949339866,0.41189266772023503,1.0140378500242455,0.7380939146868483,8.316168515167005,6.5083057944785265,6.5083057944785265,ALGEBRAIC_GEOMETRY_ONLY__NOT_TARGET_OR_CALIBRATION
13,17,湖南,ramin,0.02,2.5871739461440932,0.3865221360513441,1.010010305627583,0.7380939146868483,37.274123017736144,16.56627689677162,16.56627689677162,ALGEBRAIC_GEOMETRY_ONLY__NOT_TARGET_OR_CALIBRATION
13,17,湖南,ramax,0.09,2.5871739461440932,0.3865221360513441,1.010010305627583,0.7380939146868483,8.28313844838581,6.482456176997591,6.482456176997591,ALGEBRAIC_GEOMETRY_ONLY__NOT_TARGET_OR_CALIBRATION
13,18,广东,ramin,0.02,1.9178709566097187,0.5214115144471094,1.0317989099943636,0.7380939146868483,38.07822483236814,16.923655481052506,16.923655481052506,ALGEBRAIC_GEOMETRY_ONLY__NOT_TARGET_OR_CALIBRATION
13,18,广东,ramax,0.09,1.9178709566097187,0.5214115144471094,1.0317989099943636,0.7380939146868483,8.461827740526253,6.622299970846633,6.622299970846633,ALGEBRAIC_GEOMETRY_ONLY__NOT_TARGET_OR_CALIBRATION
13,19,广西,ramin,0.02,3.447415653200266,0.29007236161722805,0.9949866680499048,0.7380939146868483,36.71968024410889,16.31985788627062,16.31985788627062,ALGEBRAIC_GEOMETRY_ONLY__NOT_TARGET_OR_CALIBRATION
13,19,广西,ramax,0.09,3.447415653200266,0.29007236161722805,0.9949866680499048,0.7380939146868483,8.15992894313531,6.3860313468015475,6.3860313468015475,ALGEBRAIC_GEOMETRY_ONLY__NOT_TARGET_OR_CALIBRATION
13,20,海南,ramin,0.02,2.9942483280445775,0.3339736355979063,1.0017692157949754,0.7380939146868483,36.96998810494437,16.43110582441972,16.43110582441972,ALGEBRAIC_GEOMETRY_ONLY__NOT_TARGET_OR_CALIBRATION
13,20,海南,ramax,0.09,2.9942483280445775,0.3339736355979063,1.0017692157949754,0.7380939146868483,8.21555291220986,6.429563148685978,6.429563148685978,ALGEBRAIC_GEOMETRY_ONLY__NOT_TARGET_OR_CALIBRATION
13,21,重庆,ramin,0.02,2.345127333823632,0.4264160779574992,1.0163579149430317,0.7380939146868483,37.50837960816325,16.670390936961446,16.670390936961446,ALGEBRAIC_GEOMETRY_ONLY__NOT_TARGET_OR_CALIBRATION
13,21,重庆,ramax,0.09,2.345127333823632,0.4264160779574992,1.0163579149430317,0.7380939146868483,8.335195468480723,6.523196453593609,6.523196453593609,ALGEBRAIC_GEOMETRY_ONLY__NOT_TARGET_OR_CALIBRATION
13,22,四川,ramin,0.02,2.2151300954469293,0.4514407537757903,1.020380526900345,0.7380939146868483,37.65683287850523,16.736370168224546,16.736370168224546,ALGEBRAIC_GEOMETRY_ONLY__NOT_TARGET_OR_CALIBRATION
13,22,四川,ramax,0.09,2.2151300954469293,0.4514407537757903,1.020380526900345,0.7380939146868483,8.368185084112273,6.549014413653083,6.549014413653083,ALGEBRAIC_GEOMETRY_ONLY__NOT_TARGET_OR_CALIBRATION
13,23,贵州,ramin,0.02,2.569430628501234,0.38919128187683616,1.0104325237226226,0.7380939146868483,37.2897048480671,16.573202154696492,16.573202154696492,ALGEBRAIC_GEOMETRY_ONLY__NOT_TARGET_OR_CALIBRATION
13,23,贵州,ramax,0.09,2.569430628501234,0.38919128187683616,1.0104325237226226,0.7380939146868483,8.286601077348246,6.485166060533411,6.485166060533411,ALGEBRAIC_GEOMETRY_ONLY__NOT_TARGET_OR_CALIBRATION
13,24,云南,ramin,0.02,3.2922430193483705,0.30374428440520435,0.9970890496553875,0.7380939146868483,36.79726799757671,16.354341332256315,16.354341332256315,ALGEBRAIC_GEOMETRY_ONLY__NOT_TARGET_OR_CALIBRATION
13,24,云南,ramax,0.09,3.2922430193483705,0.30374428440520435,0.9970890496553875,0.7380939146868483,8.177170666128157,6.399524869143776,6.399524869143776,ALGEBRAIC_GEOMETRY_ONLY__NOT_TARGET_OR_CALIBRATION
13,25,西藏,ramin,0.02,4.094204192523184,0.2442477104161525,0.9880042470043445,0.7380939146868483,36.46199611993342,16.2053316088593,16.2053316088593,ALGEBRAIC_GEOMETRY_ONLY__NOT_TARGET_OR_CALIBRATION
13,25,西藏,ramax,0.09,4.094204192523184,0.2442477104161525,0.9880042470043445,0.7380939146868483,8.10266580442965,6.341216716510161,6.341216716510161,ALGEBRAIC_GEOMETRY_ONLY__NOT_TARGET_OR_CALIBRATION
13,26,陕西,ramin,0.02,3.0733411962623545,0.32537877708343954,1.0004340795107334,0.7380939146868483,36.92071530661054,16.40920680293802,16.40920680293802,ALGEBRAIC_GEOMETRY_ONLY__NOT_TARGET_OR_CALIBRATION
13,26,陕西,ramax,0.09,3.0733411962623545,0.32537877708343954,1.0004340795107334,0.7380939146868483,8.20460340146901,6.420993966367051,6.420993966367051,ALGEBRAIC_GEOMETRY_ONLY__NOT_TARGET_OR_CALIBRATION
13,27,甘肃,ramin,0.02,3.0880519378066382,0.3238287503384006,1.0001936748868696,0.7380939146868483,36.911843247113715,16.405263665383874,16.405263665383874,ALGEBRAIC_GEOMETRY_ONLY__NOT_TARGET_OR_CALIBRATION
13,27,甘肃,ramax,0.09,3.0880519378066382,0.3238287503384006,1.0001936748868696,0.7380939146868483,8.202631832691937,6.419450999498038,6.419450999498038,ALGEBRAIC_GEOMETRY_ONLY__NOT_TARGET_OR_CALIBRATION
13,28,青海,ramin,0.02,6.4103600627574,0.15599747755352333,0.9748297435310673,0.7380939146868483,35.97579507780109,15.989242256800484,16.075413197949363,ALGEBRAIC_GEOMETRY_ONLY__NOT_TARGET_OR_CALIBRATION
13,28,青海,ramax,0.09,6.4103600627574,0.15599747755352333,0.9748297435310673,0.7380939146868483,7.994621128400242,6.256660013530625,6.2903790774584465,ALGEBRAIC_GEOMETRY_ONLY__NOT_TARGET_OR_CALIBRATION
13,29,宁夏,ramin,0.02,5.321560805893958,0.1879147935117904,0.9795537909700586,0.7380939146868483,36.15013461117166,16.06672649385407,16.07416331101976,ALGEBRAIC_GEOMETRY_ONLY__NOT_TARGET_OR_CALIBRATION
13,29,宁夏,ramax,0.09,5.321560805893958,0.1879147935117904,0.9795537909700586,0.7380939146868483,8.033363246927035,6.2869799323776805,6.289889991268602,ALGEBRAIC_GEOMETRY_ONLY__NOT_TARGET_OR_CALIBRATION
13,30,新疆,ramin,0.02,3.8450250232371346,0.2600763308318077,0.9904049887670295,0.7380939146868483,36.55059476422204,16.244708784098684,16.244708784098684,ALGEBRAIC_GEOMETRY_ONLY__NOT_TARGET_OR_CALIBRATION
13,30,新疆,ramax,0.09,3.8450250232371346,0.2600763308318077,0.9904049887670295,0.7380939146868483,8.122354392049342,6.356625176386442,6.356625176386442,ALGEBRAIC_GEOMETRY_ONLY__NOT_TARGET_OR_CALIBRATION
14,0,北京,ramin,0.02,1.7773078477845932,0.562648728101041,1.0386488052927034,0.7380939146868483,38.331018134165475,17.0360080596291,17.0360080596291,ALGEBRAIC_GEOMETRY_ONLY__NOT_TARGET_OR_CALIBRATION
14,0,北京,ramax,0.09,1.7773078477845932,0.562648728101041,1.0386488052927034,0.7380939146868483,8.51800402981455,6.6662640233331265,6.6662640233331265,ALGEBRAIC_GEOMETRY_ONLY__NOT_TARGET_OR_CALIBRATION
14,1,天津,ramin,0.02,4.833936827240625,0.20687072167859377,0.9823811706922345,0.7380939146868483,36.25447819954402,16.113101422019565,16.113101422019565,ALGEBRAIC_GEOMETRY_ONLY__NOT_TARGET_OR_CALIBRATION
14,1,天津,ramax,0.09,4.833936827240625,0.20687072167859377,0.9823811706922345,0.7380939146868483,8.056550711009782,6.3051266433989595,6.3051266433989595,ALGEBRAIC_GEOMETRY_ONLY__NOT_TARGET_OR_CALIBRATION
14,2,河北,ramin,0.02,3.506614203499376,0.2851753691643821,0.9942357948565496,0.7380939146868483,36.691969497373044,16.307541998832466,16.307541998832466,ALGEBRAIC_GEOMETRY_ONLY__NOT_TARGET_OR_CALIBRATION
14,2,河北,ramax,0.09,3.506614203499376,0.2851753691643821,0.9942357948565496,0.7380939146868483,8.153770999416233,6.38121208649966,6.38121208649966,ALGEBRAIC_GEOMETRY_ONLY__NOT_TARGET_OR_CALIBRATION
14,3,山西,ramin,0.02,3.3513614158435825,0.29838620068623267,0.9962640598843192,0.7380939146868483,36.766822001091484,16.340809778262884,16.340809778262884,ALGEBRAIC_GEOMETRY_ONLY__NOT_TARGET_OR_CALIBRATION
14,3,山西,ramax,0.09,3.3513614158435825,0.29838620068623267,0.9962640598843192,0.7380939146868483,8.170404889131442,6.3942299132333025,6.3942299132333025,ALGEBRAIC_GEOMETRY_ONLY__NOT_TARGET_OR_CALIBRATION
14,4,内蒙古,ramin,0.02,5.090775247315602,0.19643373581014137,0.9808224211773716,0.7380939146868483,36.19695302297195,16.08753467687642,16.08753467687642,ALGEBRAIC_GEOMETRY_ONLY__NOT_TARGET_OR_CALIBRATION
14,4,内蒙古,ramax,0.09,5.090775247315602,0.19643373581014137,0.9808224211773716,0.7380939146868483,8.04376733843821,6.295122264864687,6.295122264864687,ALGEBRAIC_GEOMETRY_ONLY__NOT_TARGET_OR_CALIBRATION
14,5,辽宁,ramin,0.02,3.8164352676221274,0.26202461980262043,0.9907012945004219,0.7380939146868483,36.561529837157224,16.249568816514323,16.249568816514323,ALGEBRAIC_GEOMETRY_ONLY__NOT_TARGET_OR_CALIBRATION
14,5,辽宁,ramax,0.09,3.8164352676221274,0.26202461980262043,0.9907012945004219,0.7380939146868483,8.124784408257161,6.358526928201257,6.358526928201257,ALGEBRAIC_GEOMETRY_ONLY__NOT_TARGET_OR_CALIBRATION
14,6,吉林,ramin,0.02,5.936997663914792,0.16843530292727296,0.9766652237651628,0.7380939146868483,36.04353291736678,16.019347963274125,16.07492756718808,ALGEBRAIC_GEOMETRY_ONLY__NOT_TARGET_OR_CALIBRATION
14,6,吉林,ramax,0.09,5.936997663914792,0.16843530292727296,0.9766652237651628,0.7380939146868483,8.009673981637063,6.268440507368137,6.290189048030118,ALGEBRAIC_GEOMETRY_ONLY__NOT_TARGET_OR_CALIBRATION
14,7,黑龙江,ramin,0.02,4.548102897164019,0.2198718944163626,0.9843298210295397,0.7380939146868483,36.32639254733488,16.14506335437106,16.14506335437106,ALGEBRAIC_GEOMETRY_ONLY__NOT_TARGET_OR_CALIBRATION
14,7,黑龙江,ramax,0.09,4.548102897164019,0.2198718944163626,0.9843298210295397,0.7380939146868483,8.07253167718553,6.317633486493024,6.317633486493024,ALGEBRAIC_GEOMETRY_ONLY__NOT_TARGET_OR_CALIBRATION
14,8,上海,ramin,0.02,1.8400138471004388,0.5434741709013966,1.035452450138797,0.7380939146868483,38.21305761975166,16.983581164334073,16.983581164334073,ALGEBRAIC_GEOMETRY_ONLY__NOT_TARGET_OR_CALIBRATION
14,8,上海,ramax,0.09,1.8400138471004388,0.5434741709013966,1.035452450138797,0.7380939146868483,8.491790582167036,6.645749151261159,6.645749151261159,ALGEBRAIC_GEOMETRY_ONLY__NOT_TARGET_OR_CALIBRATION
14,9,江苏,ramin,0.02,2.188451322817201,0.4569441365105149,1.0212694476673574,0.7380939146868483,37.68963822894376,16.750950323975005,16.750950323975005,ALGEBRAIC_GEOMETRY_ONLY__NOT_TARGET_OR_CALIBRATION
14,9,江苏,ramax,0.09,2.188451322817201,0.4569441365105149,1.0212694476673574,0.7380939146868483,8.375475161987502,6.554719691990219,6.554719691990219,ALGEBRAIC_GEOMETRY_ONLY__NOT_TARGET_OR_CALIBRATION
14,10,浙江,ramin,0.02,2.1467371449126924,0.46582321565068463,1.0227068894569176,0.7380939146868483,37.7426865808233,16.774527369254802,16.774527369254802,ALGEBRAIC_GEOMETRY_ONLY__NOT_TARGET_OR_CALIBRATION
14,10,浙江,ramax,0.09,2.1467371449126924,0.46582321565068463,1.0227068894569176,0.7380939146868483,8.387263684627401,6.563945492317097,6.563945492317097,ALGEBRAIC_GEOMETRY_ONLY__NOT_TARGET_OR_CALIBRATION
14,11,安徽,ramin,0.02,2.0678906686387424,0.4835845604246975,1.0255944661132599,0.7380939146868483,37.849251718735204,16.8218896527712,16.8218896527712,ALGEBRAIC_GEOMETRY_ONLY__NOT_TARGET_OR_CALIBRATION
14,11,安徽,ramax,0.09,2.0678906686387424,0.4835845604246975,1.0255944661132599,0.7380939146868483,8.4109448263856,6.582478559780037,6.582478559780037,ALGEBRAIC_GEOMETRY_ONLY__NOT_TARGET_OR_CALIBRATION
14,12,福建,ramin,0.02,2.2741131380376993,0.4397318599825188,1.0184944150115471,0.7380939146868483,37.58722649312821,16.705433996945874,16.705433996945874,ALGEBRAIC_GEOMETRY_ONLY__NOT_TARGET_OR_CALIBRATION
14,12,福建,ramax,0.09,2.2741131380376993,0.4397318599825188,1.0184944150115471,0.7380939146868483,8.352716998472937,6.536908955326647,6.536908955326647,ALGEBRAIC_GEOMETRY_ONLY__NOT_TARGET_OR_CALIBRATION
14,13,江西,ramin,0.02,2.242093766757202,0.446011676597418,1.0195051231623211,0.7380939146868483,37.62452636990875,16.722011719959447,16.722011719959447,ALGEBRAIC_GEOMETRY_ONLY__NOT_TARGET_OR_CALIBRATION
14,13,江西,ramax,0.09,2.242093766757202,0.446011676597418,1.0195051231623211,0.7380939146868483,8.361005859979723,6.543395890418914,6.543395890418914,ALGEBRAIC_GEOMETRY_ONLY__NOT_TARGET_OR_CALIBRATION
14,14,山东,ramin,0.02,3.1579435783274357,0.3166617690268036,0.9990835985139775,0.7380939146868483,36.87087621633025,16.387056096146782,16.387056096146782,ALGEBRAIC_GEOMETRY_ONLY__NOT_TARGET_OR_CALIBRATION
14,14,山东,ramax,0.09,3.1579435783274357,0.3166617690268036,0.9990835985139775,0.7380939146868483,8.193528048073391,6.412326298492219,6.412326298492219,ALGEBRAIC_GEOMETRY_ONLY__NOT_TARGET_OR_CALIBRATION
14,15,河南,ramin,0.02,3.378012073494221,0.2960320976489579,0.9959020280597056,0.7380939146868483,36.75346132675797,16.334871700781324,16.334871700781324,ALGEBRAIC_GEOMETRY_ONLY__NOT_TARGET_OR_CALIBRATION
14,15,河南,ramax,0.09,3.378012073494221,0.2960320976489579,0.9959020280597056,0.7380939146868483,8.167435850390662,6.39190631769704,6.39190631769704,ALGEBRAIC_GEOMETRY_ONLY__NOT_TARGET_OR_CALIBRATION
14,16,湖北,ramin,0.02,2.4278169491347117,0.4118926677550406,1.0140378501054597,0.7380939146868483,37.42275832124871,16.632337031666093,16.632337031666093,ALGEBRAIC_GEOMETRY_ONLY__NOT_TARGET_OR_CALIBRATION
14,16,湖北,ramax,0.09,2.4278169491347117,0.4118926677550406,1.0140378501054597,0.7380939146868483,8.316168515833047,6.508305794999775,6.508305794999775,ALGEBRAIC_GEOMETRY_ONLY__NOT_TARGET_OR_CALIBRATION
14,17,湖南,ramin,0.02,2.587173945927003,0.3865221360837772,1.0100103056717606,0.7380939146868483,37.2741230193665,16.566276897496223,16.566276897496223,ALGEBRAIC_GEOMETRY_ONLY__NOT_TARGET_OR_CALIBRATION
14,17,湖南,ramax,0.09,2.587173945927003,0.3865221360837772,1.0100103056717606,0.7380939146868483,8.283138448748112,6.482456177281131,6.482456177281131,ALGEBRAIC_GEOMETRY_ONLY__NOT_TARGET_OR_CALIBRATION
14,18,广东,ramin,0.02,1.917870956440616,0.5214115144930834,1.0317989103230978,0.7380939146868483,38.07822484449997,16.923655486444435,16.923655486444435,ALGEBRAIC_GEOMETRY_ONLY__NOT_TARGET_OR_CALIBRATION
14,18,广东,ramax,0.09,1.917870956440616,0.5214115144930834,1.0317989103230978,0.7380939146868483,8.461827743222218,6.622299972956518,6.622299972956518,ALGEBRAIC_GEOMETRY_ONLY__NOT_TARGET_OR_CALIBRATION
14,19,广西,ramin,0.02,3.447415652365843,0.29007236168743805,0.994986668017409,0.7380939146868483,36.71968024290964,16.31985788573762,16.31985788573762,ALGEBRAIC_GEOMETRY_ONLY__NOT_TARGET_OR_CALIBRATION
14,19,广西,ramax,0.09,3.447415652365843,0.29007236168743805,0.994986668017409,0.7380939146868483,8.15992894286881,6.386031346592982,6.386031346592982,ALGEBRAIC_GEOMETRY_ONLY__NOT_TARGET_OR_CALIBRATION
14,20,海南,ramin,0.02,2.9942483277898573,0.3339736356263174,1.0017692158047578,0.7380939146868483,36.96998810530539,16.431105824580175,16.431105824580175,ALGEBRAIC_GEOMETRY_ONLY__NOT_TARGET_OR_CALIBRATION
14,20,海南,ramax,0.09,2.9942483277898573,0.3339736356263174,1.0017692158047578,0.7380939146868483,8.215552912290088,6.429563148748764,6.429563148748764,ALGEBRAIC_GEOMETRY_ONLY__NOT_TARGET_OR_CALIBRATION
14,21,重庆,ramin,0.02,2.3451273346934576,0.42641607779933816,1.0163579152688067,0.7380939146868483,37.50837962018588,16.670390942304834,16.670390942304834,ALGEBRAIC_GEOMETRY_ONLY__NOT_TARGET_OR_CALIBRATION
14,21,重庆,ramax,0.09,2.3451273346934576,0.42641607779933816,1.0163579152688067,0.7380939146868483,8.335195471152417,6.523196455684501,6.523196455684501,ALGEBRAIC_GEOMETRY_ONLY__NOT_TARGET_OR_CALIBRATION
14,22,四川,ramin,0.02,2.215130095260972,0.45144075381368814,1.0203805270472999,0.7380939146868483,37.656832883928544,16.73637017063491,16.73637017063491,ALGEBRAIC_GEOMETRY_ONLY__NOT_TARGET_OR_CALIBRATION
14,22,四川,ramax,0.09,2.215130095260972,0.45144075381368814,1.0203805270472999,0.7380939146868483,8.368185085317455,6.54901441459627,6.54901441459627,ALGEBRAIC_GEOMETRY_ONLY__NOT_TARGET_OR_CALIBRATION
14,23,贵州,ramin,0.02,2.569430628291562,0.38919128190859514,1.0104325226241477,0.7380939146868483,37.28970480752823,16.573202136679214,16.573202136679214,ALGEBRAIC_GEOMETRY_ONLY__NOT_TARGET_OR_CALIBRATION
14,23,贵州,ramax,0.09,2.569430628291562,0.38919128190859514,1.0104325226241477,0.7380939146868483,8.286601068339607,6.48516605348317,6.48516605348317,ALGEBRAIC_GEOMETRY_ONLY__NOT_TARGET_OR_CALIBRATION
14,24,云南,ramin,0.02,3.2922430224467942,0.3037442841193419,0.9970890499123906,0.7380939146868483,36.79726800706133,16.354341336471702,16.354341336471702,ALGEBRAIC_GEOMETRY_ONLY__NOT_TARGET_OR_CALIBRATION
14,24,云南,ramax,0.09,3.2922430224467942,0.3037442841193419,0.9970890499123906,0.7380939146868483,8.177170668235851,6.399524870793275,6.399524870793275,ALGEBRAIC_GEOMETRY_ONLY__NOT_TARGET_OR_CALIBRATION
14,25,西藏,ramin,0.02,4.094204192156468,0.24424771043802962,0.9880042469792575,0.7380939146868483,36.46199611900759,16.205331608447818,16.205331608447818,ALGEBRAIC_GEOMETRY_ONLY__NOT_TARGET_OR_CALIBRATION
14,25,西藏,ramax,0.09,4.094204192156468,0.24424771043802962,0.9880042469792575,0.7380939146868483,8.102665804223909,6.341216716349146,6.341216716349146,ALGEBRAIC_GEOMETRY_ONLY__NOT_TARGET_OR_CALIBRATION
14,26,陕西,ramin,0.02,3.073341197751674,0.3253787769257633,1.0004340796766042,0.7380939146868483,36.92071531273196,16.40920680565865,16.40920680565865,ALGEBRAIC_GEOMETRY_ONLY__NOT_TARGET_OR_CALIBRATION
14,26,陕西,ramax,0.09,3.073341197751674,0.3253787769257633,1.0004340796766042,0.7380939146868483,8.204603402829324,6.420993967431645,6.420993967431645,ALGEBRAIC_GEOMETRY_ONLY__NOT_TARGET_OR_CALIBRATION
14,27,甘肃,ramin,0.02,3.088051937550735,0.32382875036523595,1.0001936748561302,0.7380939146868483,36.91184324597929,16.405263664879687,16.405263664879687,ALGEBRAIC_GEOMETRY_ONLY__NOT_TARGET_OR_CALIBRATION
14,27,甘肃,ramax,0.09,3.088051937550735,0.32382875036523595,1.0001936748561302,0.7380939146868483,8.202631832439844,6.419450999300747,6.419450999300747,ALGEBRAIC_GEOMETRY_ONLY__NOT_TARGET_OR_CALIBRATION
14,28,青海,ramin,0.02,6.410360062197064,0.15599747756715923,0.9748297435092665,0.7380939146868483,35.97579507699653,15.989242256442905,16.075413197955132,ALGEBRAIC_GEOMETRY_ONLY__NOT_TARGET_OR_CALIBRATION
14,28,青海,ramax,0.09,6.410360062197064,0.15599747756715923,0.9748297435092665,0.7380939146868483,7.9946211282214525,6.256660013390703,6.290379077460703,ALGEBRAIC_GEOMETRY_ONLY__NOT_TARGET_OR_CALIBRATION
14,29,宁夏,ramin,0.02,5.321560805433227,0.18791479352805973,0.97955379094584,0.7380939146868483,36.15013461027788,16.066726493456837,16.07416331102617,ALGEBRAIC_GEOMETRY_ONLY__NOT_TARGET_OR_CALIBRATION
14,29,宁夏,ramax,0.09,5.321560805433227,0.18791479352805973,0.97955379094584,0.7380939146868483,8.033363246728419,6.286979932222241,6.28988999127111,ALGEBRAIC_GEOMETRY_ONLY__NOT_TARGET_OR_CALIBRATION
14,30,新疆,ramin,0.02,3.845025022924215,0.26007633085297344,0.9904049885756097,0.7380939146868483,36.55059475715775,16.244708780959,16.244708780959,ALGEBRAIC_GEOMETRY_ONLY__NOT_TARGET_OR_CALIBRATION
14,30,新疆,ramax,0.09,3.845025022924215,0.26007633085297344,0.9904049885756097,0.7380939146868483,8.1223543904795,6.35662517515787,6.35662517515787,ALGEBRAIC_GEOMETRY_ONLY__NOT_TARGET_OR_CALIBRATION
15,0,北京,ramin,0.02,1.777307847798848,0.5626487280965283,1.0386488053676814,0.7380939146868483,38.331018136932514,17.036008060858897,17.036008060858897,ALGEBRAIC_GEOMETRY_ONLY__NOT_TARGET_OR_CALIBRATION
15,0,北京,ramax,0.09,1.777307847798848,0.5626487280965283,1.0386488053676814,0.7380939146868483,8.518004030429449,6.666264023814351,6.666264023814351,ALGEBRAIC_GEOMETRY_ONLY__NOT_TARGET_OR_CALIBRATION
15,1,天津,ramin,0.02,4.833936827279093,0.20687072167694753,0.9823811706923944,0.7380939146868483,36.25447819954991,16.113101422022183,16.113101422022183,ALGEBRAIC_GEOMETRY_ONLY__NOT_TARGET_OR_CALIBRATION
15,1,天津,ramax,0.09,4.833936827279093,0.20687072167694753,0.9823811706923944,0.7380939146868483,8.056550711011091,6.305126643399985,6.305126643399985,ALGEBRAIC_GEOMETRY_ONLY__NOT_TARGET_OR_CALIBRATION
15,2,河北,ramin,0.02,3.5066142035275236,0.2851753691620929,0.9942357948592117,0.7380939146868483,36.69196949747129,16.30754199887613,16.30754199887613,ALGEBRAIC_GEOMETRY_ONLY__NOT_TARGET_OR_CALIBRATION
15,2,河北,ramax,0.09,3.5066142035275236,0.2851753691620929,0.9942357948592117,0.7380939146868483,8.153770999438064,6.381212086516746,6.381212086516746,ALGEBRAIC_GEOMETRY_ONLY__NOT_TARGET_OR_CALIBRATION
15,3,山西,ramin,0.02,3.3513614158702394,0.2983862006838593,0.9962640598725577,0.7380939146868483,36.766822000657434,16.34080977806997,16.34080977806997,ALGEBRAIC_GEOMETRY_ONLY__NOT_TARGET_OR_CALIBRATION
15,3,山西,ramax,0.09,3.3513614158702394,0.2983862006838593,0.9962640598725577,0.7380939146868483,8.170404889034986,6.394229913157815,6.394229913157815,ALGEBRAIC_GEOMETRY_ONLY__NOT_TARGET_OR_CALIBRATION
15,4,内蒙古,ramin,0.02,5.090775247356003,0.19643373580858242,0.9808224211777204,0.7380939146868483,36.196953022984815,16.087534676882143,16.087534676882143,ALGEBRAIC_GEOMETRY_ONLY__NOT_TARGET_OR_CALIBRATION
15,4,内蒙古,ramax,0.09,5.090775247356003,0.19643373580858242,0.9808224211777204,0.7380939146868483,8.043767338441072,6.295122264866925,6.295122264866925,ALGEBRAIC_GEOMETRY_ONLY__NOT_TARGET_OR_CALIBRATION
15,5,辽宁,ramin,0.02,3.8164352671543242,0.26202461983473835,0.9907012944727746,0.7380939146868483,36.561529836136906,16.249568816060847,16.249568816060847,ALGEBRAIC_GEOMETRY_ONLY__NOT_TARGET_OR_CALIBRATION
15,5,辽宁,ramax,0.09,3.8164352671543242,0.26202461983473835,0.9907012944727746,0.7380939146868483,8.124784408030424,6.35852692802381,6.35852692802381,ALGEBRAIC_GEOMETRY_ONLY__NOT_TARGET_OR_CALIBRATION
15,6,吉林,ramin,0.02,5.93699766396193,0.16843530292593567,0.9766652237665937,0.7380939146868483,36.04353291741959,16.019347963297598,16.0749275671877,ALGEBRAIC_GEOMETRY_ONLY__NOT_TARGET_OR_CALIBRATION
15,6,吉林,ramax,0.09,5.93699766396193,0.16843530292593567,0.9766652237665937,0.7380939146868483,8.009673981648799,6.268440507377321,6.290189048029971,ALGEBRAIC_GEOMETRY_ONLY__NOT_TARGET_OR_CALIBRATION
15,7,黑龙江,ramin,0.02,4.548102897200117,0.21987189441461746,0.9843298210288028,0.7380939146868483,36.32639254730769,16.145063354358975,16.145063354358975,ALGEBRAIC_GEOMETRY_ONLY__NOT_TARGET_OR_CALIBRATION
15,7,黑龙江,ramax,0.09,4.548102897200117,0.21987189441461746,0.9843298210288028,0.7380939146868483,8.072531677179487,6.317633486488295,6.317633486488295,ALGEBRAIC_GEOMETRY_ONLY__NOT_TARGET_OR_CALIBRATION
15,8,上海,ramin,0.02,1.840013847115329,0.5434741708969986,1.0354524501980495,0.7380939146868483,38.213057621938354,16.983581165305935,16.983581165305935,ALGEBRAIC_GEOMETRY_ONLY__NOT_TARGET_OR_CALIBRATION
15,8,上海,ramax,0.09,1.840013847115329,0.5434741708969986,1.0354524501980495,0.7380939146868483,8.491790582652968,6.6457491516414535,6.6457491516414535,ALGEBRAIC_GEOMETRY_ONLY__NOT_TARGET_OR_CALIBRATION
15,9,江苏,ramin,0.02,2.1884513228354567,0.4569441365067031,1.0212694476837392,0.7380939146868483,37.68963822954832,16.7509503242437,16.7509503242437,ALGEBRAIC_GEOMETRY_ONLY__NOT_TARGET_OR_CALIBRATION
15,9,江苏,ramax,0.09,2.1884513228354567,0.4569441365067031,1.0212694476837392,0.7380939146868483,8.37547516212185,6.554719692095361,6.554719692095361,ALGEBRAIC_GEOMETRY_ONLY__NOT_TARGET_OR_CALIBRATION
15,10,浙江,ramin,0.02,2.146737144930329,0.4658232156468575,1.0227068894763354,0.7380939146868483,37.742686581539914,16.774527369573295,16.774527369573295,ALGEBRAIC_GEOMETRY_ONLY__NOT_TARGET_OR_CALIBRATION
15,10,浙江,ramax,0.09,2.146737144930329,0.4658232156468575,1.0227068894763354,0.7380939146868483,8.387263684786648,6.563945492441724,6.563945492441724,ALGEBRAIC_GEOMETRY_ONLY__NOT_TARGET_OR_CALIBRATION
15,11,安徽,ramin,0.02,2.067890668655445,0.4835845604207915,1.0255944661379857,0.7380939146868483,37.849251719647704,16.821889653176758,16.821889653176758,ALGEBRAIC_GEOMETRY_ONLY__NOT_TARGET_OR_CALIBRATION
15,11,安徽,ramax,0.09,2.067890668655445,0.4835845604207915,1.0255944661379857,0.7380939146868483,8.410944826588379,6.582478559938732,6.582478559938732,ALGEBRAIC_GEOMETRY_ONLY__NOT_TARGET_OR_CALIBRATION
15,12,福建,ramin,0.02,2.274113138056161,0.439731859978949,1.0184944150268413,0.7380939146868483,37.58722649369264,16.70543399719673,16.70543399719673,ALGEBRAIC_GEOMETRY_ONLY__NOT_TARGET_OR_CALIBRATION
15,12,福建,ramax,0.09,2.274113138056161,0.439731859978949,1.0184944150268413,0.7380939146868483,8.352716998598366,6.536908955424808,6.536908955424808,ALGEBRAIC_GEOMETRY_ONLY__NOT_TARGET_OR_CALIBRATION
15,13,江西,ramin,0.02,2.242093767239151,0.44601167650154566,1.019505123247527,0.7380939146868483,37.62452637305324,16.722011721357,16.722011721357,ALGEBRAIC_GEOMETRY_ONLY__NOT_TARGET_OR_CALIBRATION
15,13,江西,ramax,0.09,2.242093767239151,0.44601167650154566,1.019505123247527,0.7380939146868483,8.3610058606785,6.543395890965782,6.543395890965782,ALGEBRAIC_GEOMETRY_ONLY__NOT_TARGET_OR_CALIBRATION
15,14,山东,ramin,0.02,3.1579435783533936,0.3166617690242006,0.9990835985173778,0.7380939146868483,36.87087621645574,16.387056096202553,16.387056096202553,ALGEBRAIC_GEOMETRY_ONLY__NOT_TARGET_OR_CALIBRATION
15,14,山东,ramax,0.09,3.1579435783533936,0.3166617690242006,0.9990835985173778,0.7380939146868483,8.193528048101276,6.412326298514042,6.412326298514042,ALGEBRAIC_GEOMETRY_ONLY__NOT_TARGET_OR_CALIBRATION
15,15,河南,ramin,0.02,3.3780120735217083,0.29603209764654903,0.9959020280625821,0.7380939146868483,36.753461326864134,16.334871700828504,16.334871700828504,ALGEBRAIC_GEOMETRY_ONLY__NOT_TARGET_OR_CALIBRATION
15,15,河南,ramax,0.09,3.3780120735217083,0.29603209764654903,0.9959020280625821,0.7380939146868483,8.167435850414252,6.391906317715502,6.391906317715502,ALGEBRAIC_GEOMETRY_ONLY__NOT_TARGET_OR_CALIBRATION
15,16,湖北,ramin,0.02,2.4278169491544195,0.41189266775169703,1.0140378501156082,0.7380939146868483,37.42275832162324,16.632337031832552,16.632337031832552,ALGEBRAIC_GEOMETRY_ONLY__NOT_TARGET_OR_CALIBRATION
15,16,湖北,ramax,0.09,2.4278169491544195,0.41189266775169703,1.0140378501156082,0.7380939146868483,8.316168515916276,6.508305795064912,6.508305795064912,ALGEBRAIC_GEOMETRY_ONLY__NOT_TARGET_OR_CALIBRATION
15,17,湖南,ramin,0.02,2.5871739459479066,0.3865221360806542,1.010010305679117,0.7380939146868483,37.27412301963798,16.56627689761688,16.56627689761688,ALGEBRAIC_GEOMETRY_ONLY__NOT_TARGET_OR_CALIBRATION
15,17,湖南,ramax,0.09,2.5871739459479066,0.3865221360806542,1.010010305679117,0.7380939146868483,8.28313844880844,6.482456177328346,6.482456177328346,ALGEBRAIC_GEOMETRY_ONLY__NOT_TARGET_OR_CALIBRATION
15,18,广东,ramin,0.02,1.9178709564566185,0.5214115144887328,1.0317989103554028,0.7380939146868483,38.07822484569218,16.923655486974305,16.923655486974305,ALGEBRAIC_GEOMETRY_ONLY__NOT_TARGET_OR_CALIBRATION
15,18,广东,ramax,0.09,1.9178709564566185,0.5214115144887328,1.0317989103554028,0.7380939146868483,8.461827743487152,6.622299973163858,6.622299973163858,ALGEBRAIC_GEOMETRY_ONLY__NOT_TARGET_OR_CALIBRATION
15,19,广西,ramin,0.02,3.447415652511139,0.29007236167521255,0.99498666802633,0.7380939146868483,36.71968024323887,16.319857885883945,16.319857885883945,ALGEBRAIC_GEOMETRY_ONLY__NOT_TARGET_OR_CALIBRATION
15,19,广西,ramax,0.09,3.447415652511139,0.29007236167521255,0.99498666802633,0.7380939146868483,8.159928942941972,6.386031346650239,6.386031346650239,ALGEBRAIC_GEOMETRY_ONLY__NOT_TARGET_OR_CALIBRATION
15,20,海南,ramin,0.02,2.9942483278142342,0.33397363562359844,1.0017692158094411,0.7380939146868483,36.96998810547822,16.43110582465699,16.43110582465699,ALGEBRAIC_GEOMETRY_ONLY__NOT_TARGET_OR_CALIBRATION
15,20,海南,ramax,0.09,2.9942483278142342,0.33397363562359844,1.0017692158094411,0.7380939146868483,8.215552912328494,6.429563148778822,6.429563148778822,ALGEBRAIC_GEOMETRY_ONLY__NOT_TARGET_OR_CALIBRATION
15,21,重庆,ramin,0.02,2.3451273345659835,0.4264160778225169,1.0163579152655835,0.7380939146868483,37.508379620066925,16.67039094225197,16.67039094225197,ALGEBRAIC_GEOMETRY_ONLY__NOT_TARGET_OR_CALIBRATION
15,21,重庆,ramax,0.09,2.3451273345659835,0.4264160778225169,1.0163579152655835,0.7380939146868483,8.335195471125985,6.523196455663814,6.523196455663814,ALGEBRAIC_GEOMETRY_ONLY__NOT_TARGET_OR_CALIBRATION
15,22,四川,ramin,0.02,2.215130095278789,0.45144075381005705,1.0203805270628015,0.7380939146868483,37.65683288450064,16.73637017088917,16.73637017088917,ALGEBRAIC_GEOMETRY_ONLY__NOT_TARGET_OR_CALIBRATION
15,22,四川,ramax,0.09,2.215130095278789,0.45144075381005705,1.0203805270628015,0.7380939146868483,8.368185085444585,6.549014414695763,6.549014414695763,ALGEBRAIC_GEOMETRY_ONLY__NOT_TARGET_OR_CALIBRATION
15,23,贵州,ramin,0.02,2.569430628311928,0.3891912819055103,1.0104325225657755,0.7380939146868483,37.289704805374015,16.573202135721786,16.573202135721786,ALGEBRAIC_GEOMETRY_ONLY__NOT_TARGET_OR_CALIBRATION
15,23,贵州,ramax,0.09,2.569430628311928,0.3891912819055103,1.0104325225657755,0.7380939146868483,8.286601067860893,6.485166053108525,6.485166053108525,ALGEBRAIC_GEOMETRY_ONLY__NOT_TARGET_OR_CALIBRATION
15,24,云南,ramin,0.02,3.292243022039639,0.3037442841569063,0.9970890498818386,0.7380939146868483,36.797268005933816,16.354341335970584,16.354341335970584,ALGEBRAIC_GEOMETRY_ONLY__NOT_TARGET_OR_CALIBRATION
15,24,云南,ramax,0.09,3.292243022039639,0.3037442841569063,0.9970890498818386,0.7380939146868483,8.177170667985292,6.399524870597186,6.399524870597186,ALGEBRAIC_GEOMETRY_ONLY__NOT_TARGET_OR_CALIBRATION
15,25,西藏,ramin,0.02,4.094204192190906,0.24424771043597515,0.9880042469815438,0.7380939146868483,36.461996119091964,16.20533160848532,16.20533160848532,ALGEBRAIC_GEOMETRY_ONLY__NOT_TARGET_OR_CALIBRATION
15,25,西藏,ramax,0.09,4.094204192190906,0.24424771043597515,0.9880042469815438,0.7380939146868483,8.10266580424266,6.341216716363821,6.341216716363821,ALGEBRAIC_GEOMETRY_ONLY__NOT_TARGET_OR_CALIBRATION
15,26,陕西,ramin,0.02,3.073341197565343,0.3253787769454904,1.0004340796612854,0.7380939146868483,36.92071531216662,16.409206805407386,16.409206805407386,ALGEBRAIC_GEOMETRY_ONLY__NOT_TARGET_OR_CALIBRATION
15,26,陕西,ramax,0.09,3.073341197565343,0.3253787769454904,1.0004340796612854,0.7380939146868483,8.204603402703693,6.420993967333326,6.420993967333326,ALGEBRAIC_GEOMETRY_ONLY__NOT_TARGET_OR_CALIBRATION
15,27,甘肃,ramin,0.02,3.088051937575363,0.32382875036265335,1.0001936748586226,0.7380939146868483,36.91184324607127,16.405263664920568,16.405263664920568,ALGEBRAIC_GEOMETRY_ONLY__NOT_TARGET_OR_CALIBRATION
15,27,甘肃,ramax,0.09,3.088051937575363,0.32382875036265335,1.0001936748586226,0.7380939146868483,8.202631832460284,6.4194509993167435,6.4194509993167435,ALGEBRAIC_GEOMETRY_ONLY__NOT_TARGET_OR_CALIBRATION
15,28,青海,ramin,0.02,6.410360062250068,0.15599747756586937,0.9748297435107267,0.7380939146868483,35.97579507705043,15.989242256466857,16.075413197954745,ALGEBRAIC_GEOMETRY_ONLY__NOT_TARGET_OR_CALIBRATION
15,28,青海,ramax,0.09,6.410360062250068,0.15599747756586937,0.9748297435107267,0.7380939146868483,7.994621128233429,6.256660013400075,6.290379077460553,ALGEBRAIC_GEOMETRY_ONLY__NOT_TARGET_OR_CALIBRATION
15,29,宁夏,ramin,0.02,5.321560805476981,0.18791479352651466,0.979553790947521,0.7380939146868483,36.15013461033992,16.06672649348441,16.074163311025725,ALGEBRAIC_GEOMETRY_ONLY__NOT_TARGET_OR_CALIBRATION
15,29,宁夏,ramax,0.09,5.321560805476981,0.18791479352651466,0.979553790947521,0.7380939146868483,8.033363246742205,6.28697993223303,6.289889991270935,ALGEBRAIC_GEOMETRY_ONLY__NOT_TARGET_OR_CALIBRATION
15,30,新疆,ramin,0.02,3.8450250229545317,0.26007633085092285,0.9904049885713552,0.7380939146868483,36.55059475700074,16.244708780889216,16.244708780889216,ALGEBRAIC_GEOMETRY_ONLY__NOT_TARGET_OR_CALIBRATION
15,30,新疆,ramax,0.09,3.8450250229545317,0.26007633085092285,0.9904049885713552,0.7380939146868483,8.122354390444608,6.356625175130564,6.356625175130564,ALGEBRAIC_GEOMETRY_ONLY__NOT_TARGET_OR_CALIBRATION
16,0,北京,ramin,0.02,1.7773078477978774,0.5626487280968355,1.038648805373217,0.7380939146868483,38.33101813713681,17.036008060949694,17.036008060949694,ALGEBRAIC_GEOMETRY_ONLY__NOT_TARGET_OR_CALIBRATION
16,0,北京,ramax,0.09,1.7773078477978774,0.5626487280968355,1.038648805373217,0.7380939146868483,8.518004030474847,6.66626402384988,6.66626402384988,ALGEBRAIC_GEOMETRY_ONLY__NOT_TARGET_OR_CALIBRATION
16,1,天津,ramin,0.02,4.833936827276482,0.20687072167705925,0.9823811706921605,0.7380939146868483,36.254478199541275,16.113101422018346,16.113101422018346,ALGEBRAIC_GEOMETRY_ONLY__NOT_TARGET_OR_CALIBRATION
16,1,天津,ramax,0.09,4.833936827276482,0.20687072167705925,0.9823811706921605,0.7380939146868483,8.056550711009173,6.305126643398483,6.305126643398483,ALGEBRAIC_GEOMETRY_ONLY__NOT_TARGET_OR_CALIBRATION
16,2,河北,ramin,0.02,3.506614203525605,0.28517536916224895,0.9942357948589877,0.7380939146868483,36.69196949746302,16.307541998872455,16.307541998872455,ALGEBRAIC_GEOMETRY_ONLY__NOT_TARGET_OR_CALIBRATION
16,2,河北,ramax,0.09,3.506614203525605,0.28517536916224895,0.9942357948589877,0.7380939146868483,8.153770999436228,6.381212086515309,6.381212086515309,ALGEBRAIC_GEOMETRY_ONLY__NOT_TARGET_OR_CALIBRATION
16,3,山西,ramin,0.02,3.3513614158684315,0.2983862006840202,0.9962640598716909,0.7380939146868483,36.766822000625446,16.340809778055753,16.340809778055753,ALGEBRAIC_GEOMETRY_ONLY__NOT_TARGET_OR_CALIBRATION
16,3,山西,ramax,0.09,3.3513614158684315,0.2983862006840202,0.9962640598716909,0.7380939146868483,8.170404889027877,6.394229913152252,6.394229913152252,ALGEBRAIC_GEOMETRY_ONLY__NOT_TARGET_OR_CALIBRATION
16,4,内蒙古,ramin,0.02,5.090775247353271,0.19643373580868786,0.9808224211775047,0.7380939146868483,36.19695302297686,16.087534676878605,16.087534676878605,ALGEBRAIC_GEOMETRY_ONLY__NOT_TARGET_OR_CALIBRATION
16,4,内蒙古,ramax,0.09,5.090775247353271,0.19643373580868786,0.9808224211775047,0.7380939146868483,8.043767338439302,6.295122264865541,6.295122264865541,ALGEBRAIC_GEOMETRY_ONLY__NOT_TARGET_OR_CALIBRATION
16,5,辽宁,ramin,0.02,3.816435267216685,0.2620246198304569,0.9907012944764023,0.7380939146868483,36.561529836270786,16.24956881612035,16.24956881612035,ALGEBRAIC_GEOMETRY_ONLY__NOT_TARGET_OR_CALIBRATION
16,5,辽宁,ramax,0.09,3.816435267216685,0.2620246198304569,0.9907012944764023,0.7380939146868483,8.124784408060176,6.358526928047095,6.358526928047095,ALGEBRAIC_GEOMETRY_ONLY__NOT_TARGET_OR_CALIBRATION
16,6,吉林,ramin,0.02,5.936997663958736,0.1684353029260263,0.9766652237664366,0.7380939146868483,36.04353291741379,16.01934796329502,16.074927567187743,ALGEBRAIC_GEOMETRY_ONLY__NOT_TARGET_OR_CALIBRATION
16,6,吉林,ramax,0.09,5.936997663958736,0.1684353029260263,0.9766652237664366,0.7380939146868483,8.00967398164751,6.268440507376312,6.290189048029986,ALGEBRAIC_GEOMETRY_ONLY__NOT_TARGET_OR_CALIBRATION
16,7,黑龙江,ramin,0.02,4.548102897197676,0.21987189441473548,0.9843298210285251,0.7380939146868483,36.326392547297445,16.14506335435442,16.14506335435442,ALGEBRAIC_GEOMETRY_ONLY__NOT_TARGET_OR_CALIBRATION
16,7,黑龙江,ramax,0.09,4.548102897197676,0.21987189441473548,0.9843298210285251,0.7380939146868483,8.07253167717721,6.317633486486512,6.317633486486512,ALGEBRAIC_GEOMETRY_ONLY__NOT_TARGET_OR_CALIBRATION
16,8,上海,ramin,0.02,1.8400138471143057,0.5434741708973008,1.0354524502021307,0.7380939146868483,38.213057622088975,16.98358116537288,16.98358116537288,ALGEBRAIC_GEOMETRY_ONLY__NOT_TARGET_OR_CALIBRATION
16,8,上海,ramax,0.09,1.8400138471143057,0.5434741708973008,1.0354524502021307,0.7380939146868483,8.49179058268644,6.645749151667649,6.645749151667649,ALGEBRAIC_GEOMETRY_ONLY__NOT_TARGET_OR_CALIBRATION
16,9,江苏,ramin,0.02,2.188451322834183,0.45694413650696913,1.0212694476842692,0.7380939146868483,37.689638229567876,16.75095032425239,16.75095032425239,ALGEBRAIC_GEOMETRY_ONLY__NOT_TARGET_OR_CALIBRATION
16,9,江苏,ramax,0.09,2.188451322834183,0.45694413650696913,1.0212694476842692,0.7380939146868483,8.375475162126195,6.554719692098762,6.554719692098762,ALGEBRAIC_GEOMETRY_ONLY__NOT_TARGET_OR_CALIBRATION
16,10,浙江,ramin,0.02,2.1467371449291064,0.46582321564712287,1.0227068894770925,0.7380939146868483,37.74268658156785,16.774527369585712,16.774527369585712,ALGEBRAIC_GEOMETRY_ONLY__NOT_TARGET_OR_CALIBRATION
16,10,浙江,ramax,0.09,2.1467371449291064,0.46582321564712287,1.0227068894770925,0.7380939146868483,8.387263684792856,6.563945492446583,6.563945492446583,ALGEBRAIC_GEOMETRY_ONLY__NOT_TARGET_OR_CALIBRATION
16,11,安徽,ramin,0.02,2.067890668654298,0.4835845604210598,1.0255944661391594,0.7380939146868483,37.84925171969102,16.82188965319601,16.82188965319601,ALGEBRAIC_GEOMETRY_ONLY__NOT_TARGET_OR_CALIBRATION
16,11,安徽,ramax,0.09,2.067890668654298,0.4835845604210598,1.0255944661391594,0.7380939146868483,8.410944826598005,6.5824785599462645,6.5824785599462645,ALGEBRAIC_GEOMETRY_ONLY__NOT_TARGET_OR_CALIBRATION
16,12,福建,ramin,0.02,2.274113138054887,0.43973185997919534,1.0184944150272974,0.7380939146868483,37.58722649370947,16.70543399720421,16.70543399720421,ALGEBRAIC_GEOMETRY_ONLY__NOT_TARGET_OR_CALIBRATION
16,12,福建,ramax,0.09,2.274113138054887,0.43973185997919534,1.0184944150272974,0.7380939146868483,8.352716998602105,6.5369089554277355,6.5369089554277355,ALGEBRAIC_GEOMETRY_ONLY__NOT_TARGET_OR_CALIBRATION
16,13,江西,ramin,0.02,2.242093767166449,0.4460116765160079,1.0195051232387082,0.7380939146868483,37.624526372727786,16.72201172121235,16.72201172121235,ALGEBRAIC_GEOMETRY_ONLY__NOT_TARGET_OR_CALIBRATION
16,13,江西,ramax,0.09,2.242093767166449,0.4460116765160079,1.0195051232387082,0.7380939146868483,8.361005860606175,6.543395890909181,6.543395890909181,ALGEBRAIC_GEOMETRY_ONLY__NOT_TARGET_OR_CALIBRATION
16,14,山东,ramin,0.02,3.1579435783516,0.3166617690243805,0.999083598517153,0.7380939146868483,36.87087621644744,16.387056096198865,16.387056096198865,ALGEBRAIC_GEOMETRY_ONLY__NOT_TARGET_OR_CALIBRATION
16,14,山东,ramax,0.09,3.1579435783516,0.3166617690243805,0.999083598517153,0.7380939146868483,8.193528048099433,6.4123262985126,6.4123262985126,ALGEBRAIC_GEOMETRY_ONLY__NOT_TARGET_OR_CALIBRATION
16,15,河南,ramin,0.02,3.3780120735198174,0.2960320976467148,0.9959020280623538,0.7380939146868483,36.75346132685571,16.33487170082476,16.33487170082476,ALGEBRAIC_GEOMETRY_ONLY__NOT_TARGET_OR_CALIBRATION
16,15,河南,ramax,0.09,3.3780120735198174,0.2960320976467148,0.9959020280623538,0.7380939146868483,8.16743585041238,6.391906317714037,6.391906317714037,ALGEBRAIC_GEOMETRY_ONLY__NOT_TARGET_OR_CALIBRATION
16,16,湖北,ramin,0.02,2.4278169491530615,0.41189266775192745,1.0140378501157246,0.7380939146868483,37.422758321627526,16.63233703183446,16.63233703183446,ALGEBRAIC_GEOMETRY_ONLY__NOT_TARGET_OR_CALIBRATION
16,16,湖北,ramax,0.09,2.4278169491530615,0.41189266775192745,1.0140378501157246,0.7380939146868483,8.31616851591723,6.508305795065658,6.508305795065658,ALGEBRAIC_GEOMETRY_ONLY__NOT_TARGET_OR_CALIBRATION
16,17,湖南,ramin,0.02,2.587173945946469,0.38652213608086905,1.010010305679071,0.7380939146868483,37.27412301963629,16.56627689761613,16.56627689761613,ALGEBRAIC_GEOMETRY_ONLY__NOT_TARGET_OR_CALIBRATION
16,17,湖南,ramax,0.09,2.587173945946469,0.38652213608086905,1.010010305679071,0.7380939146868483,8.283138448808065,6.482456177328051,6.482456177328051,ALGEBRAIC_GEOMETRY_ONLY__NOT_TARGET_OR_CALIBRATION
16,18,广东,ramin,0.02,1.9178709564555,0.5214115144890369,1.0317989103572267,0.7380939146868483,38.07822484575949,16.923655487004222,16.923655487004222,ALGEBRAIC_GEOMETRY_ONLY__NOT_TARGET_OR_CALIBRATION
16,18,广东,ramax,0.09,1.9178709564555,0.5214115144890369,1.0317989103572267,0.7380939146868483,8.461827743502111,6.622299973175565,6.622299973175565,ALGEBRAIC_GEOMETRY_ONLY__NOT_TARGET_OR_CALIBRATION
16,19,广西,ramin,0.02,3.4474156524885937,0.2900723616771096,0.9949866680249163,0.7380939146868483,36.719680243186694,16.319857885860756,16.319857885860756,ALGEBRAIC_GEOMETRY_ONLY__NOT_TARGET_OR_CALIBRATION
16,19,广西,ramax,0.09,3.4474156524885937,0.2900723616771096,0.9949866680249163,0.7380939146868483,8.159928942930378,6.386031346641166,6.386031346641166,ALGEBRAIC_GEOMETRY_ONLY__NOT_TARGET_OR_CALIBRATION
16,20,海南,ramin,0.02,2.994248327812545,0.3339736356237869,1.00176921580927,0.7380939146868483,36.969988105471906,16.431105824654182,16.431105824654182,ALGEBRAIC_GEOMETRY_ONLY__NOT_TARGET_OR_CALIBRATION
16,20,海南,ramax,0.09,2.994248327812545,0.3339736356237869,1.00176921580927,0.7380939146868483,8.215552912327091,6.429563148777723,6.429563148777723,ALGEBRAIC_GEOMETRY_ONLY__NOT_TARGET_OR_CALIBRATION
16,21,重庆,ramin,0.02,2.345127334580943,0.42641607781979673,1.0163579152688584,0.7380939146868483,37.50837962018779,16.670390942305684,16.670390942305684,ALGEBRAIC_GEOMETRY_ONLY__NOT_TARGET_OR_CALIBRATION
16,21,重庆,ramax,0.09,2.345127334580943,0.42641607781979673,1.0163579152688584,0.7380939146868483,8.335195471152842,6.523196455684833,6.523196455684833,ALGEBRAIC_GEOMETRY_ONLY__NOT_TARGET_OR_CALIBRATION
16,22,四川,ramin,0.02,2.2151300952775714,0.45144075381030513,1.0203805270632877,0.7380939146868483,37.65683288451858,16.736370170897146,16.736370170897146,ALGEBRAIC_GEOMETRY_ONLY__NOT_TARGET_OR_CALIBRATION
16,22,四川,ramax,0.09,2.2151300952775714,0.45144075381030513,1.0203805270632877,0.7380939146868483,8.368185085448573,6.549014414698883,6.549014414698883,ALGEBRAIC_GEOMETRY_ONLY__NOT_TARGET_OR_CALIBRATION
16,23,贵州,ramin,0.02,2.5694306283105446,0.38919128190571983,1.0104325225619615,0.7380939146868483,37.289704805233264,16.57320213565923,16.57320213565923,ALGEBRAIC_GEOMETRY_ONLY__NOT_TARGET_OR_CALIBRATION
16,23,贵州,ramax,0.09,2.5694306283105446,0.38919128190571983,1.0104325225619615,0.7380939146868483,8.286601067829615,6.485166053084047,6.485166053084047,ALGEBRAIC_GEOMETRY_ONLY__NOT_TARGET_OR_CALIBRATION
16,24,云南,ramin,0.02,3.2922430220944316,0.30374428415185106,0.9970890498859978,0.7380939146868483,36.797268006087315,16.354341336038807,16.354341336038807,ALGEBRAIC_GEOMETRY_ONLY__NOT_TARGET_OR_CALIBRATION
16,24,云南,ramax,0.09,3.2922430220944316,0.30374428415185106,0.9970890498859978,0.7380939146868483,8.177170668019404,6.399524870623881,6.399524870623881,ALGEBRAIC_GEOMETRY_ONLY__NOT_TARGET_OR_CALIBRATION
16,25,西藏,ramin,0.02,4.094204192188498,0.2442477104361188,0.9880042469813266,0.7380939146868483,36.46199611908395,16.205331608481757,16.205331608481757,ALGEBRAIC_GEOMETRY_ONLY__NOT_TARGET_OR_CALIBRATION
16,25,西藏,ramax,0.09,4.094204192188498,0.2442477104361188,0.9880042469813266,0.7380939146868483,8.102665804240878,6.3412167163624265,6.3412167163624265,ALGEBRAIC_GEOMETRY_ONLY__NOT_TARGET_OR_CALIBRATION
16,26,陕西,ramin,0.02,3.0733411975893272,0.32537877694295114,1.0004340796634632,0.7380939146868483,36.92071531224699,16.409206805443105,16.409206805443105,ALGEBRAIC_GEOMETRY_ONLY__NOT_TARGET_OR_CALIBRATION
16,26,陕西,ramax,0.09,3.0733411975893272,0.32537877694295114,1.0004340796634632,0.7380939146868483,8.204603402721553,6.420993967347303,6.420993967347303,ALGEBRAIC_GEOMETRY_ONLY__NOT_TARGET_OR_CALIBRATION
16,27,甘肃,ramin,0.02,3.0880519375736846,0.32382875036282927,1.0001936748583609,0.7380939146868483,36.911843246061615,16.405263664916273,16.405263664916273,ALGEBRAIC_GEOMETRY_ONLY__NOT_TARGET_OR_CALIBRATION
16,27,甘肃,ramax,0.09,3.0880519375736846,0.32382875036282927,1.0001936748583609,0.7380939146868483,8.202631832458136,6.419450999315064,6.419450999315064,ALGEBRAIC_GEOMETRY_ONLY__NOT_TARGET_OR_CALIBRATION
16,28,青海,ramin,0.02,6.410360062246391,0.15599747756595886,0.9748297435105747,0.7380939146868483,35.975795077044815,15.989242256464362,16.075413197954784,ALGEBRAIC_GEOMETRY_ONLY__NOT_TARGET_OR_CALIBRATION
16,28,青海,ramax,0.09,6.410360062246391,0.15599747756595886,0.9748297435105747,0.7380939146868483,7.994621128232181,6.256660013399099,6.2903790774605675,ALGEBRAIC_GEOMETRY_ONLY__NOT_TARGET_OR_CALIBRATION
16,29,宁夏,ramin,0.02,5.3215608054739505,0.1879147935266217,0.9795537909473443,0.7380939146868483,36.150134610333396,16.06672649348151,16.07416331102577,ALGEBRAIC_GEOMETRY_ONLY__NOT_TARGET_OR_CALIBRATION
16,29,宁夏,ramax,0.09,5.3215608054739505,0.1879147935266217,0.9795537909473443,0.7380939146868483,8.033363246740755,6.286979932231896,6.289889991270954,ALGEBRAIC_GEOMETRY_ONLY__NOT_TARGET_OR_CALIBRATION
16,30,新疆,ramin,0.02,3.8450250229524907,0.2600763308510609,0.990404988570892,0.7380939146868483,36.55059475698364,16.24470878088162,16.24470878088162,ALGEBRAIC_GEOMETRY_ONLY__NOT_TARGET_OR_CALIBRATION
16,30,新疆,ramax,0.09,3.8450250229524907,0.2600763308510609,0.990404988570892,0.7380939146868483,8.12235439044081,6.356625175127591,6.356625175127591,ALGEBRAIC_GEOMETRY_ONLY__NOT_TARGET_OR_CALIBRATION
17,0,北京,ramin,0.02,1.7773078477979702,0.5626487280968062,1.038648805373724,0.7380939146868483,38.33101813715552,17.036008060958007,17.036008060958007,ALGEBRAIC_GEOMETRY_ONLY__NOT_TARGET_OR_CALIBRATION
17,0,北京,ramax,0.09,1.7773078477979702,0.5626487280968062,1.038648805373724,0.7380939146868483,8.518004030479004,6.666264023853134,6.666264023853134,ALGEBRAIC_GEOMETRY_ONLY__NOT_TARGET_OR_CALIBRATION
17,1,天津,ramin,0.02,4.833936827276733,0.20687072167704854,0.9823811706921696,0.7380939146868483,36.254478199541616,16.1131014220185,16.1131014220185,ALGEBRAIC_GEOMETRY_ONLY__NOT_TARGET_OR_CALIBRATION
17,1,天津,ramax,0.09,4.833936827276733,0.20687072167704854,0.9823811706921696,0.7380939146868483,8.05655071100925,6.305126643398543,6.305126643398543,ALGEBRAIC_GEOMETRY_ONLY__NOT_TARGET_OR_CALIBRATION
17,2,河北,ramin,0.02,3.5066142035257895,0.28517536916223396,0.994235794859001,0.7380939146868483,36.69196949746352,16.307541998872676,16.307541998872676,ALGEBRAIC_GEOMETRY_ONLY__NOT_TARGET_OR_CALIBRATION
17,2,河北,ramax,0.09,3.5066142035257895,0.28517536916223396,0.994235794859001,0.7380939146868483,8.153770999436338,6.3812120865153945,6.3812120865153945,ALGEBRAIC_GEOMETRY_ONLY__NOT_TARGET_OR_CALIBRATION
17,3,山西,ramin,0.02,3.3513614158686065,0.2983862006840047,0.9962640598716761,0.7380939146868483,36.7668220006249,16.34080977805551,16.34080977805551,ALGEBRAIC_GEOMETRY_ONLY__NOT_TARGET_OR_CALIBRATION
17,3,山西,ramax,0.09,3.3513614158686065,0.2983862006840047,0.9962640598716761,0.7380939146868483,8.170404889027756,6.394229913152157,6.394229913152157,ALGEBRAIC_GEOMETRY_ONLY__NOT_TARGET_OR_CALIBRATION
17,4,内蒙古,ramin,0.02,5.090775247353535,0.19643373580867768,0.9808224211775137,0.7380939146868483,36.19695302297719,16.087534676878754,16.087534676878754,ALGEBRAIC_GEOMETRY_ONLY__NOT_TARGET_OR_CALIBRATION
17,4,内蒙古,ramax,0.09,5.090775247353535,0.19643373580867768,0.9808224211775137,0.7380939146868483,8.043767338439377,6.295122264865599,6.295122264865599,ALGEBRAIC_GEOMETRY_ONLY__NOT_TARGET_OR_CALIBRATION
17,5,辽宁,ramin,0.02,3.8164352672082664,0.26202461983103487,0.9907012944759166,0.7380939146868483,36.561529836252866,16.249568816112387,16.249568816112387,ALGEBRAIC_GEOMETRY_ONLY__NOT_TARGET_OR_CALIBRATION
17,5,辽宁,ramax,0.09,3.8164352672082664,0.26202461983103487,0.9907012944759166,0.7380939146868483,8.124784408056193,6.358526928043977,6.358526928043977,ALGEBRAIC_GEOMETRY_ONLY__NOT_TARGET_OR_CALIBRATION
17,6,吉林,ramin,0.02,5.936997663959041,0.1684353029260176,0.9766652237664457,0.7380939146868483,36.043532917414126,16.019347963295168,16.074927567187743,ALGEBRAIC_GEOMETRY_ONLY__NOT_TARGET_OR_CALIBRATION
17,6,吉林,ramax,0.09,5.936997663959041,0.1684353029260176,0.9766652237664457,0.7380939146868483,8.009673981647584,6.26844050737637,6.290189048029986,ALGEBRAIC_GEOMETRY_ONLY__NOT_TARGET_OR_CALIBRATION
17,7,黑龙江,ramin,0.02,4.548102897197911,0.21987189441472416,0.9843298210285333,0.7380939146868483,36.32639254729774,16.14506335435455,16.14506335435455,ALGEBRAIC_GEOMETRY_ONLY__NOT_TARGET_OR_CALIBRATION
17,7,黑龙江,ramax,0.09,4.548102897197911,0.21987189441472416,0.9843298210285333,0.7380939146868483,8.072531677177276,6.317633486486565,6.317633486486565,ALGEBRAIC_GEOMETRY_ONLY__NOT_TARGET_OR_CALIBRATION
17,8,上海,ramin,0.02,1.840013847114404,0.5434741708972717,1.0354524502025049,0.7380939146868483,38.21305762210278,16.983581165379015,16.983581165379015,ALGEBRAIC_GEOMETRY_ONLY__NOT_TARGET_OR_CALIBRATION
17,8,上海,ramax,0.09,1.840013847114404,0.5434741708972717,1.0354524502025049,0.7380939146868483,8.491790582689507,6.645749151670049,6.645749151670049,ALGEBRAIC_GEOMETRY_ONLY__NOT_TARGET_OR_CALIBRATION
17,9,江苏,ramin,0.02,2.188451322834303,0.456944136506944,1.021269447684345,0.7380939146868483,37.689638229570676,16.750950324253633,16.750950324253633,ALGEBRAIC_GEOMETRY_ONLY__NOT_TARGET_OR_CALIBRATION
17,9,江苏,ramax,0.09,2.188451322834303,0.456944136506944,1.021269447684345,0.7380939146868483,8.375475162126817,6.5547196920992485,6.5547196920992485,ALGEBRAIC_GEOMETRY_ONLY__NOT_TARGET_OR_CALIBRATION
17,10,浙江,ramin,0.02,2.146737144929223,0.4658232156470975,1.0227068894771847,0.7380939146868483,37.742686581571256,16.774527369587226,16.774527369587226,ALGEBRAIC_GEOMETRY_ONLY__NOT_TARGET_OR_CALIBRATION
17,10,浙江,ramax,0.09,2.146737144929223,0.4658232156470975,1.0227068894771847,0.7380939146868483,8.387263684793613,6.563945492447175,6.563945492447175,ALGEBRAIC_GEOMETRY_ONLY__NOT_TARGET_OR_CALIBRATION
17,11,安徽,ramin,0.02,2.067890668654408,0.483584560421034,1.0255944661392837,0.7380939146868483,37.84925171969561,16.82188965319805,16.82188965319805,ALGEBRAIC_GEOMETRY_ONLY__NOT_TARGET_OR_CALIBRATION
17,11,安徽,ramax,0.09,2.067890668654408,0.483584560421034,1.0255944661392837,0.7380939146868483,8.410944826599025,6.582478559947063,6.582478559947063,ALGEBRAIC_GEOMETRY_ONLY__NOT_TARGET_OR_CALIBRATION
17,12,福建,ramin,0.02,2.27411313805501,0.4397318599791716,1.018494415027364,0.7380939146868483,37.58722649371193,16.705433997205304,16.705433997205304,ALGEBRAIC_GEOMETRY_ONLY__NOT_TARGET_OR_CALIBRATION
17,12,福建,ramax,0.09,2.27411313805501,0.4397318599791716,1.018494415027364,0.7380939146868483,8.352716998602652,6.536908955428163,6.536908955428163,ALGEBRAIC_GEOMETRY_ONLY__NOT_TARGET_OR_CALIBRATION
17,13,江西,ramin,0.02,2.242093767176855,0.44601167651393797,1.0195051232403043,0.7380939146868483,37.62452637278669,16.72201172123853,16.72201172123853,ALGEBRAIC_GEOMETRY_ONLY__NOT_TARGET_OR_CALIBRATION
17,13,江西,ramax,0.09,2.242093767176855,0.44601167651393797,1.0195051232403043,0.7380939146868483,8.361005860619265,6.543395890919426,6.543395890919426,ALGEBRAIC_GEOMETRY_ONLY__NOT_TARGET_OR_CALIBRATION
17,14,山东,ramin,0.02,3.15794357835177,0.3166617690243635,0.9990835985171689,0.7380939146868483,36.870876216448025,16.387056096199125,16.387056096199125,ALGEBRAIC_GEOMETRY_ONLY__NOT_TARGET_OR_CALIBRATION
17,14,山东,ramax,0.09,3.15794357835177,0.3166617690243635,0.9990835985171689,0.7380939146868483,8.193528048099562,6.412326298512701,6.412326298512701,ALGEBRAIC_GEOMETRY_ONLY__NOT_TARGET_OR_CALIBRATION
17,15,河南,ramin,0.02,3.3780120735199977,0.29603209764669897,0.9959020280623683,0.7380939146868483,36.75346132685624,16.334871700824998,16.334871700824998,ALGEBRAIC_GEOMETRY_ONLY__NOT_TARGET_OR_CALIBRATION
17,15,河南,ramax,0.09,3.3780120735199977,0.29603209764669897,0.9959020280623683,0.7380939146868483,8.167435850412499,6.391906317714129,6.391906317714129,ALGEBRAIC_GEOMETRY_ONLY__NOT_TARGET_OR_CALIBRATION
17,16,湖北,ramin,0.02,2.427816949153192,0.41189266775190525,1.0140378501157663,0.7380939146868483,37.422758321629075,16.632337031835146,16.632337031835146,ALGEBRAIC_GEOMETRY_ONLY__NOT_TARGET_OR_CALIBRATION
17,16,湖北,ramax,0.09,2.427816949153192,0.41189266775190525,1.0140378501157663,0.7380939146868483,8.316168515917573,6.508305795065926,6.508305795065926,ALGEBRAIC_GEOMETRY_ONLY__NOT_TARGET_OR_CALIBRATION
17,17,湖南,ramin,0.02,2.587173945946607,0.3865221360808484,1.0100103056791006,0.7380939146868483,37.27412301963738,16.566276897616614,16.566276897616614,ALGEBRAIC_GEOMETRY_ONLY__NOT_TARGET_OR_CALIBRATION
17,17,湖南,ramax,0.09,2.587173945946607,0.3865221360808484,1.0100103056791006,0.7380939146868483,8.283138448808307,6.48245617732824,6.48245617732824,ALGEBRAIC_GEOMETRY_ONLY__NOT_TARGET_OR_CALIBRATION
17,18,广东,ramin,0.02,1.9178709564556056,0.5214115144890082,1.0317989103574134,0.7380939146868483,38.078224845766385,16.92365548700728,16.92365548700728,ALGEBRAIC_GEOMETRY_ONLY__NOT_TARGET_OR_CALIBRATION
17,18,广东,ramax,0.09,1.9178709564556056,0.5214115144890082,1.0317989103574134,0.7380939146868483,8.46182774350364,6.622299973176763,6.622299973176763,ALGEBRAIC_GEOMETRY_ONLY__NOT_TARGET_OR_CALIBRATION
17,19,广西,ramin,0.02,3.4474156524919404,0.29007236167682793,0.9949866680251344,0.7380939146868483,36.719680243194745,16.319857885864334,16.319857885864334,ALGEBRAIC_GEOMETRY_ONLY__NOT_TARGET_OR_CALIBRATION
17,19,广西,ramax,0.09,3.4474156524919404,0.29007236167682793,0.9949866680251344,0.7380939146868483,8.159928942932167,6.386031346642565,6.386031346642565,ALGEBRAIC_GEOMETRY_ONLY__NOT_TARGET_OR_CALIBRATION
17,20,海南,ramin,0.02,2.994248327812707,0.3339736356237688,1.0017692158092895,0.7380939146868483,36.96998810547263,16.4311058246545,16.4311058246545,ALGEBRAIC_GEOMETRY_ONLY__NOT_TARGET_OR_CALIBRATION
17,20,海南,ramax,0.09,2.994248327812707,0.3339736356237688,1.0017692158092895,0.7380939146868483,8.21555291232725,6.429563148777849,6.429563148777849,ALGEBRAIC_GEOMETRY_ONLY__NOT_TARGET_OR_CALIBRATION
17,21,重庆,ramin,0.02,2.3451273345787924,0.42641607782018787,1.0163579152686566,0.7380939146868483,37.508379620180335,16.670390942302372,16.670390942302372,ALGEBRAIC_GEOMETRY_ONLY__NOT_TARGET_OR_CALIBRATION
17,21,重庆,ramax,0.09,2.3451273345787924,0.42641607782018787,1.0163579152686566,0.7380939146868483,8.335195471151186,6.523196455683538,6.523196455683538,ALGEBRAIC_GEOMETRY_ONLY__NOT_TARGET_OR_CALIBRATION
17,22,四川,ramin,0.02,2.2151300952776873,0.4514407538102816,1.0203805270633572,0.7380939146868483,37.65683288452114,16.736370170898287,16.736370170898287,ALGEBRAIC_GEOMETRY_ONLY__NOT_TARGET_OR_CALIBRATION
17,22,四川,ramax,0.09,2.2151300952776873,0.4514407538102816,1.0203805270633572,0.7380939146868483,8.368185085449143,6.54901441469933,6.54901441469933,ALGEBRAIC_GEOMETRY_ONLY__NOT_TARGET_OR_CALIBRATION
17,23,贵州,ramin,0.02,2.5694306283106787,0.3891912819056995,1.0104325225617736,0.7380939146868483,37.28970480522633,16.57320213565615,16.57320213565615,ALGEBRAIC_GEOMETRY_ONLY__NOT_TARGET_OR_CALIBRATION
17,23,贵州,ramax,0.09,2.5694306283106787,0.3891912819056995,1.0104325225617736,0.7380939146868483,8.286601067828075,6.485166053082841,6.485166053082841,ALGEBRAIC_GEOMETRY_ONLY__NOT_TARGET_OR_CALIBRATION
17,24,云南,ramin,0.02,3.2922430220869465,0.3037442841525417,0.9970890498854401,0.7380939146868483,36.79726800606673,16.35434133602966,16.35434133602966,ALGEBRAIC_GEOMETRY_ONLY__NOT_TARGET_OR_CALIBRATION
17,24,云南,ramax,0.09,3.2922430220869465,0.3037442841525417,0.9970890498854401,0.7380939146868483,8.17717066801483,6.399524870620302,6.399524870620302,ALGEBRAIC_GEOMETRY_ONLY__NOT_TARGET_OR_CALIBRATION
17,25,西藏,ramin,0.02,4.094204192188723,0.24424771043610538,0.9880042469813397,0.7380939146868483,36.46199611908443,16.20533160848197,16.20533160848197,ALGEBRAIC_GEOMETRY_ONLY__NOT_TARGET_OR_CALIBRATION
17,25,西藏,ramax,0.09,4.094204192188723,0.24424771043610538,0.9880042469813397,0.7380939146868483,8.102665804240985,6.341216716362511,6.341216716362511,ALGEBRAIC_GEOMETRY_ONLY__NOT_TARGET_OR_CALIBRATION
17,26,陕西,ramin,0.02,3.0733411975861222,0.3253787769432904,1.0004340796631928,0.7380939146868483,36.92071531223701,16.40920680543867,16.40920680543867,ALGEBRAIC_GEOMETRY_ONLY__NOT_TARGET_OR_CALIBRATION
17,26,陕西,ramax,0.09,3.0733411975861222,0.3253787769432904,1.0004340796631928,0.7380939146868483,8.204603402719336,6.4209939673455665,6.4209939673455665,ALGEBRAIC_GEOMETRY_ONLY__NOT_TARGET_OR_CALIBRATION
17,27,甘肃,ramin,0.02,3.0880519375738453,0.32382875036281245,1.0001936748583742,0.7380939146868483,36.911843246062105,16.40526366491649,16.40526366491649,ALGEBRAIC_GEOMETRY_ONLY__NOT_TARGET_OR_CALIBRATION
17,27,甘肃,ramax,0.09,3.0880519375738453,0.32382875036281245,1.0001936748583742,0.7380939146868483,8.202631832458245,6.419450999315149,6.419450999315149,ALGEBRAIC_GEOMETRY_ONLY__NOT_TARGET_OR_CALIBRATION
17,28,青海,ramin,0.02,6.4103600622467365,0.15599747756595045,0.9748297435105843,0.7380939146868483,35.97579507704517,15.98924225646452,16.075413197954784,ALGEBRAIC_GEOMETRY_ONLY__NOT_TARGET_OR_CALIBRATION
17,28,青海,ramax,0.09,6.4103600622467365,0.15599747756595045,0.9748297435105843,0.7380939146868483,7.99462112823226,6.25666001339916,6.2903790774605675,ALGEBRAIC_GEOMETRY_ONLY__NOT_TARGET_OR_CALIBRATION
17,29,宁夏,ramin,0.02,5.321560805474237,0.18791479352661156,0.9795537909473547,0.7380939146868483,36.15013461033379,16.06672649348168,16.07416331102577,ALGEBRAIC_GEOMETRY_ONLY__NOT_TARGET_OR_CALIBRATION
17,29,宁夏,ramax,0.09,5.321560805474237,0.18791479352661156,0.9795537909473547,0.7380939146868483,8.03336324674084,6.286979932231963,6.289889991270954,ALGEBRAIC_GEOMETRY_ONLY__NOT_TARGET_OR_CALIBRATION
17,30,新疆,ramin,0.02,3.8450250229526866,0.26007633085104764,0.9904049885708942,0.7380939146868483,36.55059475698373,16.24470878088166,16.24470878088166,ALGEBRAIC_GEOMETRY_ONLY__NOT_TARGET_OR_CALIBRATION
17,30,新疆,ramax,0.09,3.8450250229526866,0.26007633085104764,0.9904049885708942,0.7380939146868483,8.12235439044083,6.356625175127605,6.356625175127605,ALGEBRAIC_GEOMETRY_ONLY__NOT_TARGET_OR_CALIBRATION
18,0,北京,ramin,0.02,1.7773078477979756,0.5626487280968046,1.0386488053737615,0.7380939146868483,38.331018137156896,17.036008060958622,17.036008060958622,ALGEBRAIC_GEOMETRY_ONLY__NOT_TARGET_OR_CALIBRATION
18,0,北京,ramax,0.09,1.7773078477979756,0.5626487280968046,1.0386488053737615,0.7380939146868483,8.518004030479311,6.6662640238533735,6.6662640238533735,ALGEBRAIC_GEOMETRY_ONLY__NOT_TARGET_OR_CALIBRATION
18,1,天津,ramin,0.02,4.833936827276748,0.2068707216770479,0.9823811706921681,0.7380939146868483,36.25447819954156,16.113101422018474,16.113101422018474,ALGEBRAIC_GEOMETRY_ONLY__NOT_TARGET_OR_CALIBRATION
18,1,天津,ramax,0.09,4.833936827276748,0.2068707216770479,0.9823811706921681,0.7380939146868483,8.056550711009237,6.305126643398533,6.305126643398533,ALGEBRAIC_GEOMETRY_ONLY__NOT_TARGET_OR_CALIBRATION
18,2,河北,ramin,0.02,3.5066142035257992,0.2851753691622331,0.9942357948589995,0.7380939146868483,36.691969497463454,16.307541998872647,16.307541998872647,ALGEBRAIC_GEOMETRY_ONLY__NOT_TARGET_OR_CALIBRATION
18,2,河北,ramax,0.09,3.5066142035257992,0.2851753691622331,0.9942357948589995,0.7380939146868483,8.153770999436324,6.381212086515384,6.381212086515384,ALGEBRAIC_GEOMETRY_ONLY__NOT_TARGET_OR_CALIBRATION
18,3,山西,ramin,0.02,3.351361415868616,0.29838620068400384,0.9962640598716731,0.7380939146868483,36.766822000624785,16.340809778055462,16.340809778055462,ALGEBRAIC_GEOMETRY_ONLY__NOT_TARGET_OR_CALIBRATION
18,3,山西,ramax,0.09,3.351361415868616,0.29838620068400384,0.9962640598716731,0.7380939146868483,8.170404889027731,6.394229913152137,6.394229913152137,ALGEBRAIC_GEOMETRY_ONLY__NOT_TARGET_OR_CALIBRATION
18,4,内蒙古,ramin,0.02,5.090775247353549,0.19643373580867712,0.9808224211775124,0.7380939146868483,36.19695302297714,16.08753467687873,16.08753467687873,ALGEBRAIC_GEOMETRY_ONLY__NOT_TARGET_OR_CALIBRATION
18,4,内蒙古,ramax,0.09,5.090775247353549,0.19643373580867712,0.9808224211775124,0.7380939146868483,8.043767338439364,6.29512226486559,6.29512226486559,ALGEBRAIC_GEOMETRY_ONLY__NOT_TARGET_OR_CALIBRATION
18,5,辽宁,ramin,0.02,3.8164352672094415,0.2620246198309542,0.9907012944759823,0.7380939146868483,36.56152983625529,16.249568816113463,16.249568816113463,ALGEBRAIC_GEOMETRY_ONLY__NOT_TARGET_OR_CALIBRATION
18,5,辽宁,ramax,0.09,3.8164352672094415,0.2620246198309542,0.9907012944759823,0.7380939146868483,8.124784408056732,6.358526928044399,6.358526928044399,ALGEBRAIC_GEOMETRY_ONLY__NOT_TARGET_OR_CALIBRATION
18,6,吉林,ramin,0.02,5.936997663959059,0.1684353029260171,0.9766652237664448,0.7380939146868483,36.0435329174141,16.019347963295154,16.074927567187743,ALGEBRAIC_GEOMETRY_ONLY__NOT_TARGET_OR_CALIBRATION
18,6,吉林,ramax,0.09,5.936997663959059,0.1684353029260171,0.9766652237664448,0.7380939146868483,8.009673981647577,6.268440507376365,6.290189048029986,ALGEBRAIC_GEOMETRY_ONLY__NOT_TARGET_OR_CALIBRATION
18,7,黑龙江,ramin,0.02,4.548102897197924,0.21987189441472352,0.9843298210285318,0.7380939146868483,36.326392547297694,16.14506335435453,16.14506335435453,ALGEBRAIC_GEOMETRY_ONLY__NOT_TARGET_OR_CALIBRATION
18,7,黑龙江,ramax,0.09,4.548102897197924,0.21987189441472352,0.9843298210285318,0.7380939146868483,8.072531677177265,6.317633486486556,6.317633486486556,ALGEBRAIC_GEOMETRY_ONLY__NOT_TARGET_OR_CALIBRATION
18,8,上海,ramin,0.02,1.8400138471144092,0.5434741708972702,1.03545245020253,0.7380939146868483,38.213057622103705,16.983581165379427,16.983581165379427,ALGEBRAIC_GEOMETRY_ONLY__NOT_TARGET_OR_CALIBRATION
18,8,上海,ramax,0.09,1.8400138471144092,0.5434741708972702,1.03545245020253,0.7380939146868483,8.491790582689713,6.645749151670211,6.645749151670211,ALGEBRAIC_GEOMETRY_ONLY__NOT_TARGET_OR_CALIBRATION
18,9,江苏,ramin,0.02,2.1884513228343088,0.4569441365069428,1.0212694476843465,0.7380939146868483,37.68963822957073,16.750950324253658,16.750950324253658,ALGEBRAIC_GEOMETRY_ONLY__NOT_TARGET_OR_CALIBRATION
18,9,江苏,ramax,0.09,2.1884513228343088,0.4569441365069428,1.0212694476843465,0.7380939146868483,8.375475162126829,6.554719692099258,6.554719692099258,ALGEBRAIC_GEOMETRY_ONLY__NOT_TARGET_OR_CALIBRATION
18,10,浙江,ramin,0.02,2.146737144929229,0.46582321564709633,1.0227068894771871,0.7380939146868483,37.74268658157134,16.774527369587265,16.774527369587265,ALGEBRAIC_GEOMETRY_ONLY__NOT_TARGET_OR_CALIBRATION
18,10,浙江,ramax,0.09,2.146737144929229,0.46582321564709633,1.0227068894771871,0.7380939146868483,8.387263684793632,6.563945492447191,6.563945492447191,ALGEBRAIC_GEOMETRY_ONLY__NOT_TARGET_OR_CALIBRATION
18,11,安徽,ramin,0.02,2.0678906686544143,0.48358456042103254,1.0255944661392888,0.7380939146868483,37.8492517196958,16.821889653198134,16.821889653198134,ALGEBRAIC_GEOMETRY_ONLY__NOT_TARGET_OR_CALIBRATION
18,11,安徽,ramax,0.09,2.0678906686544143,0.48358456042103254,1.0255944661392888,0.7380939146868483,8.410944826599067,6.582478559947096,6.582478559947096,ALGEBRAIC_GEOMETRY_ONLY__NOT_TARGET_OR_CALIBRATION
18,12,福建,ramin,0.02,2.274113138055016,0.4397318599791703,1.0184944150273652,0.7380939146868483,37.587226493711974,16.705433997205322,16.705433997205322,ALGEBRAIC_GEOMETRY_ONLY__NOT_TARGET_OR_CALIBRATION
18,12,福建,ramax,0.09,2.274113138055016,0.4397318599791703,1.0184944150273652,0.7380939146868483,8.352716998602661,6.53690895542817,6.53690895542817,ALGEBRAIC_GEOMETRY_ONLY__NOT_TARGET_OR_CALIBRATION
18,13,江西,ramin,0.02,2.2420937671753514,0.44601167651423707,1.019505123240098,0.7380939146868483,37.62452637277908,16.72201172123515,16.72201172123515,ALGEBRAIC_GEOMETRY_ONLY__NOT_TARGET_OR_CALIBRATION
18,13,江西,ramax,0.09,2.2420937671753514,0.44601167651423707,1.019505123240098,0.7380939146868483,8.361005860617574,6.543395890918101,6.543395890918101,ALGEBRAIC_GEOMETRY_ONLY__NOT_TARGET_OR_CALIBRATION
18,14,山东,ramin,0.02,3.157943578351779,0.31666176902436255,0.9990835985171672,0.7380939146868483,36.87087621644797,16.387056096199096,16.387056096199096,ALGEBRAIC_GEOMETRY_ONLY__NOT_TARGET_OR_CALIBRATION
18,14,山东,ramax,0.09,3.157943578351779,0.31666176902436255,0.9990835985171672,0.7380939146868483,8.193528048099548,6.41232629851269,6.41232629851269,ALGEBRAIC_GEOMETRY_ONLY__NOT_TARGET_OR_CALIBRATION
18,15,河南,ramin,0.02,3.3780120735200065,0.2960320976466982,0.9959020280623666,0.7380939146868483,36.753461326856176,16.33487170082497,16.33487170082497,ALGEBRAIC_GEOMETRY_ONLY__NOT_TARGET_OR_CALIBRATION
18,15,河南,ramax,0.09,3.3780120735200065,0.2960320976466982,0.9959020280623666,0.7380939146868483,8.167435850412485,6.391906317714119,6.391906317714119,ALGEBRAIC_GEOMETRY_ONLY__NOT_TARGET_OR_CALIBRATION
18,16,湖北,ramin,0.02,2.4278169491531987,0.41189266775190414,1.0140378501157652,0.7380939146868483,37.422758321629026,16.632337031835124,16.632337031835124,ALGEBRAIC_GEOMETRY_ONLY__NOT_TARGET_OR_CALIBRATION
18,16,湖北,ramax,0.09,2.4278169491531987,0.41189266775190414,1.0140378501157652,0.7380939146868483,8.316168515917562,6.508305795065919,6.508305795065919,ALGEBRAIC_GEOMETRY_ONLY__NOT_TARGET_OR_CALIBRATION
18,17,湖南,ramin,0.02,2.5871739459466148,0.3865221360808473,1.010010305679099,0.7380939146868483,37.27412301963732,16.56627689761659,16.56627689761659,ALGEBRAIC_GEOMETRY_ONLY__NOT_TARGET_OR_CALIBRATION
18,17,湖南,ramax,0.09,2.5871739459466148,0.3865221360808473,1.010010305679099,0.7380939146868483,8.283138448808295,6.48245617732823,6.48245617732823,ALGEBRAIC_GEOMETRY_ONLY__NOT_TARGET_OR_CALIBRATION
18,18,广东,ramin,0.02,1.9178709564556107,0.5214115144890068,1.0317989103574234,0.7380939146868483,38.078224845766755,16.923655487007448,16.923655487007448,ALGEBRAIC_GEOMETRY_ONLY__NOT_TARGET_OR_CALIBRATION
18,18,广东,ramax,0.09,1.9178709564556107,0.5214115144890068,1.0317989103574234,0.7380939146868483,8.461827743503724,6.622299973176828,6.622299973176828,ALGEBRAIC_GEOMETRY_ONLY__NOT_TARGET_OR_CALIBRATION
18,19,广西,ramin,0.02,3.447415652491481,0.29007236167686656,0.9949866680251024,0.7380939146868483,36.719680243193565,16.319857885863808,16.319857885863808,ALGEBRAIC_GEOMETRY_ONLY__NOT_TARGET_OR_CALIBRATION
18,19,广西,ramax,0.09,3.447415652491481,0.29007236167686656,0.9949866680251024,0.7380939146868483,8.159928942931904,6.386031346642359,6.386031346642359,ALGEBRAIC_GEOMETRY_ONLY__NOT_TARGET_OR_CALIBRATION
18,20,海南,ramin,0.02,2.994248327812715,0.3339736356237679,1.0017692158092875,0.7380939146868483,36.96998810547255,16.43110582465447,16.43110582465447,ALGEBRAIC_GEOMETRY_ONLY__NOT_TARGET_OR_CALIBRATION
18,20,海南,ramax,0.09,2.994248327812715,0.3339736356237679,1.0017692158092875,0.7380939146868483,8.215552912327235,6.429563148777836,6.429563148777836,ALGEBRAIC_GEOMETRY_ONLY__NOT_TARGET_OR_CALIBRATION
18,21,重庆,ramin,0.02,2.345127334579095,0.42641607782013285,1.0163579152687026,0.7380939146868483,37.50837962018203,16.67039094230313,16.67039094230313,ALGEBRAIC_GEOMETRY_ONLY__NOT_TARGET_OR_CALIBRATION
18,21,重庆,ramax,0.09,2.345127334579095,0.42641607782013285,1.0163579152687026,0.7380939146868483,8.335195471151565,6.523196455683833,6.523196455683833,ALGEBRAIC_GEOMETRY_ONLY__NOT_TARGET_OR_CALIBRATION
18,22,四川,ramin,0.02,2.215130095277694,0.45144075381028026,1.0203805270633584,0.7380939146868483,37.65683288452119,16.736370170898304,16.736370170898304,ALGEBRAIC_GEOMETRY_ONLY__NOT_TARGET_OR_CALIBRATION
18,22,四川,ramax,0.09,2.215130095277694,0.45144075381028026,1.0203805270633584,0.7380939146868483,8.368185085449152,6.549014414699337,6.549014414699337,ALGEBRAIC_GEOMETRY_ONLY__NOT_TARGET_OR_CALIBRATION
18,23,贵州,ramin,0.02,2.5694306283106862,0.3891912819056984,1.0104325225617599,0.7380939146868483,37.28970480522582,16.573202135655922,16.573202135655922,ALGEBRAIC_GEOMETRY_ONLY__NOT_TARGET_OR_CALIBRATION
18,23,贵州,ramax,0.09,2.5694306283106862,0.3891912819056984,1.0104325225617599,0.7380939146868483,8.286601067827961,6.485166053082752,6.485166053082752,ALGEBRAIC_GEOMETRY_ONLY__NOT_TARGET_OR_CALIBRATION
18,24,云南,ramin,0.02,3.2922430220880026,0.30374428415244425,0.9970890498855168,0.7380939146868483,36.79726800606956,16.354341336030917,16.354341336030917,ALGEBRAIC_GEOMETRY_ONLY__NOT_TARGET_OR_CALIBRATION
18,24,云南,ramax,0.09,3.2922430220880026,0.30374428415244425,0.9970890498855168,0.7380939146868483,8.177170668015458,6.399524870620794,6.399524870620794,ALGEBRAIC_GEOMETRY_ONLY__NOT_TARGET_OR_CALIBRATION
18,25,西藏,ramin,0.02,4.094204192188734,0.24424771043610471,0.9880042469813384,0.7380939146868483,36.46199611908439,16.205331608481952,16.205331608481952,ALGEBRAIC_GEOMETRY_ONLY__NOT_TARGET_OR_CALIBRATION
18,25,西藏,ramax,0.09,4.094204192188734,0.24424771043610471,0.9880042469813384,0.7380939146868483,8.102665804240976,6.341216716362503,6.341216716362503,ALGEBRAIC_GEOMETRY_ONLY__NOT_TARGET_OR_CALIBRATION
18,26,陕西,ramin,0.02,3.0733411975865788,0.3253787769432421,1.0004340796632298,0.7380939146868483,36.92071531223838,16.40920680543928,16.40920680543928,ALGEBRAIC_GEOMETRY_ONLY__NOT_TARGET_OR_CALIBRATION
18,26,陕西,ramax,0.09,3.0733411975865788,0.3253787769432421,1.0004340796632298,0.7380939146868483,8.20460340271964,6.420993967345805,6.420993967345805,ALGEBRAIC_GEOMETRY_ONLY__NOT_TARGET_OR_CALIBRATION
18,27,甘肃,ramin,0.02,3.0880519375738547,0.32382875036281145,1.0001936748583722,0.7380939146868483,36.911843246062034,16.405263664916458,16.405263664916458,ALGEBRAIC_GEOMETRY_ONLY__NOT_TARGET_OR_CALIBRATION
18,27,甘肃,ramax,0.09,3.0880519375738547,0.32382875036281145,1.0001936748583722,0.7380939146868483,8.202631832458229,6.419450999315137,6.419450999315137,ALGEBRAIC_GEOMETRY_ONLY__NOT_TARGET_OR_CALIBRATION
18,28,青海,ramin,0.02,6.410360062246754,0.15599747756595003,0.9748297435105833,0.7380939146868483,35.97579507704513,15.989242256464504,16.075413197954784,ALGEBRAIC_GEOMETRY_ONLY__NOT_TARGET_OR_CALIBRATION
18,28,青海,ramax,0.09,6.410360062246754,0.15599747756595003,0.9748297435105833,0.7380939146868483,7.994621128232252,6.256660013399154,6.2903790774605675,ALGEBRAIC_GEOMETRY_ONLY__NOT_TARGET_OR_CALIBRATION
18,29,宁夏,ramin,0.02,5.321560805474252,0.18791479352661106,0.9795537909473536,0.7380939146868483,36.15013461033374,16.066726493481664,16.074163311025767,ALGEBRAIC_GEOMETRY_ONLY__NOT_TARGET_OR_CALIBRATION
18,29,宁夏,ramax,0.09,5.321560805474252,0.18791479352661106,0.9795537909473536,0.7380939146868483,8.033363246740832,6.286979932231955,6.289889991270953,ALGEBRAIC_GEOMETRY_ONLY__NOT_TARGET_OR_CALIBRATION
18,30,新疆,ramin,0.02,3.8450250229526985,0.2600763308510468,0.9904049885708924,0.7380939146868483,36.550594756983664,16.244708780881627,16.244708780881627,ALGEBRAIC_GEOMETRY_ONLY__NOT_TARGET_OR_CALIBRATION
18,30,新疆,ramax,0.09,3.8450250229526985,0.2600763308510468,0.9904049885708924,0.7380939146868483,8.122354390440814,6.3566251751275935,6.3566251751275935,ALGEBRAIC_GEOMETRY_ONLY__NOT_TARGET_OR_CALIBRATION
19,0,北京,ramin,0.02,1.7773078477979714,0.5626487280968059,1.0386488053737644,0.7380939146868483,38.331018137157,17.036008060958668,17.036008060958668,ALGEBRAIC_GEOMETRY_ONLY__NOT_TARGET_OR_CALIBRATION
19,0,北京,ramax,0.09,1.7773078477979714,0.5626487280968059,1.0386488053737644,0.7380939146868483,8.518004030479334,6.666264023853392,6.666264023853392,ALGEBRAIC_GEOMETRY_ONLY__NOT_TARGET_OR_CALIBRATION
19,1,天津,ramin,0.02,4.8339368272767365,0.20687072167704834,0.9823811706921682,0.7380939146868483,36.254478199541566,16.113101422018474,16.113101422018474,ALGEBRAIC_GEOMETRY_ONLY__NOT_TARGET_OR_CALIBRATION
19,1,天津,ramax,0.09,4.8339368272767365,0.20687072167704834,0.9823811706921682,0.7380939146868483,8.056550711009237,6.305126643398534,6.305126643398534,ALGEBRAIC_GEOMETRY_ONLY__NOT_TARGET_OR_CALIBRATION
19,2,河北,ramin,0.02,3.5066142035257912,0.2851753691622338,0.9942357948589994,0.7380939146868483,36.69196949746345,16.307541998872644,16.307541998872644,ALGEBRAIC_GEOMETRY_ONLY__NOT_TARGET_OR_CALIBRATION
19,2,河北,ramax,0.09,3.5066142035257912,0.2851753691622338,0.9942357948589994,0.7380939146868483,8.153770999436322,6.381212086515383,6.381212086515383,ALGEBRAIC_GEOMETRY_ONLY__NOT_TARGET_OR_CALIBRATION
19,3,山西,ramin,0.02,3.351361415868608,0.2983862006840045,0.996264059871673,0.7380939146868483,36.766822000624785,16.34080977805546,16.34080977805546,ALGEBRAIC_GEOMETRY_ONLY__NOT_TARGET_OR_CALIBRATION
19,3,山西,ramax,0.09,3.351361415868608,0.2983862006840045,0.996264059871673,0.7380939146868483,8.17040488902773,6.394229913152136,6.394229913152136,ALGEBRAIC_GEOMETRY_ONLY__NOT_TARGET_OR_CALIBRATION
19,4,内蒙古,ramin,0.02,5.0907752473535375,0.19643373580867757,0.9808224211775125,0.7380939146868483,36.19695302297714,16.08753467687873,16.08753467687873,ALGEBRAIC_GEOMETRY_ONLY__NOT_TARGET_OR_CALIBRATION
19,4,内蒙古,ramax,0.09,5.0907752473535375,0.19643373580867757,0.9808224211775125,0.7380939146868483,8.043767338439364,6.29512226486559,6.29512226486559,ALGEBRAIC_GEOMETRY_ONLY__NOT_TARGET_OR_CALIBRATION
19,5,辽宁,ramin,0.02,3.81643526720927,0.262024619830966,0.9907012944759729,0.7380939146868483,36.56152983625494,16.249568816113307,16.249568816113307,ALGEBRAIC_GEOMETRY_ONLY__NOT_TARGET_OR_CALIBRATION
19,5,辽宁,ramax,0.09,3.81643526720927,0.262024619830966,0.9907012944759729,0.7380939146868483,8.124784408056653,6.358526928044338,6.358526928044338,ALGEBRAIC_GEOMETRY_ONLY__NOT_TARGET_OR_CALIBRATION
19,6,吉林,ramin,0.02,5.936997663959047,0.16843530292601747,0.9766652237664445,0.7380939146868483,36.04353291741408,16.01934796329515,16.074927567187743,ALGEBRAIC_GEOMETRY_ONLY__NOT_TARGET_OR_CALIBRATION
19,6,吉林,ramax,0.09,5.936997663959047,0.16843530292601747,0.9766652237664445,0.7380939146868483,8.009673981647575,6.268440507376363,6.290189048029986,ALGEBRAIC_GEOMETRY_ONLY__NOT_TARGET_OR_CALIBRATION
19,7,黑龙江,ramin,0.02,4.548102897197914,0.219871894414724,0.9843298210285318,0.7380939146868483,36.326392547297694,16.14506335435453,16.14506335435453,ALGEBRAIC_GEOMETRY_ONLY__NOT_TARGET_OR_CALIBRATION
19,7,黑龙江,ramax,0.09,4.548102897197914,0.219871894414724,0.9843298210285318,0.7380939146868483,8.072531677177265,6.317633486486556,6.317633486486556,ALGEBRAIC_GEOMETRY_ONLY__NOT_TARGET_OR_CALIBRATION
19,8,上海,ramin,0.02,1.840013847114405,0.5434741708972715,1.035452450202532,0.7380939146868483,38.213057622103776,16.98358116537946,16.98358116537946,ALGEBRAIC_GEOMETRY_ONLY__NOT_TARGET_OR_CALIBRATION
19,8,上海,ramax,0.09,1.840013847114405,0.5434741708972715,1.035452450202532,0.7380939146868483,8.49179058268973,6.645749151670223,6.645749151670223,ALGEBRAIC_GEOMETRY_ONLY__NOT_TARGET_OR_CALIBRATION
19,9,江苏,ramin,0.02,2.188451322834304,0.4569441365069439,1.0212694476843465,0.7380939146868483,37.68963822957073,16.750950324253658,16.750950324253658,ALGEBRAIC_GEOMETRY_ONLY__NOT_TARGET_OR_CALIBRATION
19,9,江苏,ramax,0.09,2.188451322834304,0.4569441365069439,1.0212694476843465,0.7380939146868483,8.375475162126829,6.554719692099258,6.554719692099258,ALGEBRAIC_GEOMETRY_ONLY__NOT_TARGET_OR_CALIBRATION
19,10,浙江,ramin,0.02,2.146737144929224,0.46582321564709733,1.0227068894771876,0.7380939146868483,37.74268658157136,16.774527369587272,16.774527369587272,ALGEBRAIC_GEOMETRY_ONLY__NOT_TARGET_OR_CALIBRATION
19,10,浙江,ramax,0.09,2.146737144929224,0.46582321564709733,1.0227068894771876,0.7380939146868483,8.387263684793636,6.563945492447194,6.563945492447194,ALGEBRAIC_GEOMETRY_ONLY__NOT_TARGET_OR_CALIBRATION
19,11,安徽,ramin,0.02,2.0678906686544094,0.4835845604210337,1.0255944661392888,0.7380939146868483,37.8492517196958,16.821889653198134,16.821889653198134,ALGEBRAIC_GEOMETRY_ONLY__NOT_TARGET_OR_CALIBRATION
19,11,安徽,ramax,0.09,2.0678906686544094,0.4835845604210337,1.0255944661392888,0.7380939146868483,8.410944826599067,6.582478559947096,6.582478559947096,ALGEBRAIC_GEOMETRY_ONLY__NOT_TARGET_OR_CALIBRATION
19,12,福建,ramin,0.02,2.274113138055011,0.4397318599791714,1.0184944150273647,0.7380939146868483,37.58722649371195,16.705433997205315,16.705433997205315,ALGEBRAIC_GEOMETRY_ONLY__NOT_TARGET_OR_CALIBRATION
19,12,福建,ramax,0.09,2.274113138055011,0.4397318599791714,1.0184944150273647,0.7380939146868483,8.352716998602657,6.536908955428167,6.536908955428167,ALGEBRAIC_GEOMETRY_ONLY__NOT_TARGET_OR_CALIBRATION
19,13,江西,ramin,0.02,2.242093767175561,0.44601167651419543,1.0195051232401293,0.7380939146868483,37.62452637278024,16.72201172123566,16.72201172123566,ALGEBRAIC_GEOMETRY_ONLY__NOT_TARGET_OR_CALIBRATION
19,13,江西,ramax,0.09,2.242093767175561,0.44601167651419543,1.0195051232401293,0.7380939146868483,8.36100586061783,6.543395890918303,6.543395890918303,ALGEBRAIC_GEOMETRY_ONLY__NOT_TARGET_OR_CALIBRATION
19,14,山东,ramin,0.02,3.1579435783517718,0.31666176902436327,0.999083598517167,0.7380939146868483,36.87087621644796,16.387056096199096,16.387056096199096,ALGEBRAIC_GEOMETRY_ONLY__NOT_TARGET_OR_CALIBRATION
19,14,山东,ramax,0.09,3.1579435783517718,0.31666176902436327,0.999083598517167,0.7380939146868483,8.193528048099548,6.412326298512689,6.412326298512689,ALGEBRAIC_GEOMETRY_ONLY__NOT_TARGET_OR_CALIBRATION
19,15,河南,ramin,0.02,3.3780120735199985,0.29603209764669886,0.9959020280623663,0.7380939146868483,36.75346132685617,16.334871700824966,16.334871700824966,ALGEBRAIC_GEOMETRY_ONLY__NOT_TARGET_OR_CALIBRATION
19,15,河南,ramax,0.09,3.3780120735199985,0.29603209764669886,0.9959020280623663,0.7380939146868483,8.167435850412483,6.391906317714117,6.391906317714117,ALGEBRAIC_GEOMETRY_ONLY__NOT_TARGET_OR_CALIBRATION
19,16,湖北,ramin,0.02,2.427816949153193,0.41189266775190514,1.0140378501157652,0.7380939146868483,37.422758321629026,16.632337031835124,16.632337031835124,ALGEBRAIC_GEOMETRY_ONLY__NOT_TARGET_OR_CALIBRATION
19,16,湖北,ramax,0.09,2.427816949153193,0.41189266775190514,1.0140378501157652,0.7380939146868483,8.316168515917562,6.508305795065919,6.508305795065919,ALGEBRAIC_GEOMETRY_ONLY__NOT_TARGET_OR_CALIBRATION
19,17,湖南,ramin,0.02,2.5871739459466085,0.38652213608084823,1.0100103056790988,0.7380939146868483,37.27412301963731,16.566276897616582,16.566276897616582,ALGEBRAIC_GEOMETRY_ONLY__NOT_TARGET_OR_CALIBRATION
19,17,湖南,ramax,0.09,2.5871739459466085,0.38652213608084823,1.0100103056790988,0.7380939146868483,8.283138448808291,6.4824561773282285,6.4824561773282285,ALGEBRAIC_GEOMETRY_ONLY__NOT_TARGET_OR_CALIBRATION
19,18,广东,ramin,0.02,1.9178709564556058,0.5214115144890081,1.031798910357424,0.7380939146868483,38.078224845766776,16.92365548700746,16.92365548700746,ALGEBRAIC_GEOMETRY_ONLY__NOT_TARGET_OR_CALIBRATION
19,18,广东,ramax,0.09,1.9178709564556058,0.5214115144890081,1.031798910357424,0.7380939146868483,8.46182774350373,6.6222999731768315,6.6222999731768315,ALGEBRAIC_GEOMETRY_ONLY__NOT_TARGET_OR_CALIBRATION
19,19,广西,ramin,0.02,3.4474156524915367,0.29007236167686196,0.9949866680251066,0.7380939146868483,36.71968024319372,16.319857885863875,16.319857885863875,ALGEBRAIC_GEOMETRY_ONLY__NOT_TARGET_OR_CALIBRATION
19,19,广西,ramax,0.09,3.4474156524915367,0.29007236167686196,0.9949866680251066,0.7380939146868483,8.159928942931938,6.386031346642387,6.386031346642387,ALGEBRAIC_GEOMETRY_ONLY__NOT_TARGET_OR_CALIBRATION
19,20,海南,ramin,0.02,2.9942483278127074,0.33397363562376875,1.0017692158092875,0.7380939146868483,36.96998810547255,16.43110582465447,16.43110582465447,ALGEBRAIC_GEOMETRY_ONLY__NOT_TARGET_OR_CALIBRATION
19,20,海南,ramax,0.09,2.9942483278127074,0.33397363562376875,1.0017692158092875,0.7380939146868483,8.215552912327235,6.429563148777836,6.429563148777836,ALGEBRAIC_GEOMETRY_ONLY__NOT_TARGET_OR_CALIBRATION
19,21,重庆,ramin,0.02,2.3451273345790447,0.42641607782014196,1.0163579152686972,0.7380939146868483,37.508379620181834,16.67039094230304,16.67039094230304,ALGEBRAIC_GEOMETRY_ONLY__NOT_TARGET_OR_CALIBRATION
19,21,重庆,ramax,0.09,2.3451273345790447,0.42641607782014196,1.0163579152686972,0.7380939146868483,8.33519547115152,6.523196455683798,6.523196455683798,ALGEBRAIC_GEOMETRY_ONLY__NOT_TARGET_OR_CALIBRATION
19,22,四川,ramin,0.02,2.2151300952776882,0.45144075381028137,1.0203805270633584,0.7380939146868483,37.65683288452119,16.736370170898304,16.736370170898304,ALGEBRAIC_GEOMETRY_ONLY__NOT_TARGET_OR_CALIBRATION
19,22,四川,ramax,0.09,2.2151300952776882,0.45144075381028137,1.0203805270633584,0.7380939146868483,8.368185085449152,6.549014414699337,6.549014414699337,ALGEBRAIC_GEOMETRY_ONLY__NOT_TARGET_OR_CALIBRATION
19,23,贵州,ramin,0.02,2.56943062831068,0.38919128190569935,1.010432522561759,0.7380939146868483,37.28970480522579,16.573202135655908,16.573202135655908,ALGEBRAIC_GEOMETRY_ONLY__NOT_TARGET_OR_CALIBRATION
19,23,贵州,ramax,0.09,2.56943062831068,0.38919128190569935,1.010432522561759,0.7380939146868483,8.286601067827954,6.4851660530827475,6.4851660530827475,ALGEBRAIC_GEOMETRY_ONLY__NOT_TARGET_OR_CALIBRATION
19,24,云南,ramin,0.02,3.2922430220878462,0.30374428415245863,0.997089049885506,0.7380939146868483,36.79726800606916,16.35434133603074,16.35434133603074,ALGEBRAIC_GEOMETRY_ONLY__NOT_TARGET_OR_CALIBRATION
19,24,云南,ramax,0.09,3.2922430220878462,0.30374428415245863,0.997089049885506,0.7380939146868483,8.17717066801537,6.399524870620724,6.399524870620724,ALGEBRAIC_GEOMETRY_ONLY__NOT_TARGET_OR_CALIBRATION
19,25,西藏,ramin,0.02,4.094204192188724,0.24424771043610533,0.988004246981338,0.7380939146868483,36.46199611908437,16.205331608481945,16.205331608481945,ALGEBRAIC_GEOMETRY_ONLY__NOT_TARGET_OR_CALIBRATION
19,25,西藏,ramax,0.09,4.094204192188724,0.24424771043610533,0.988004246981338,0.7380939146868483,8.102665804240972,6.3412167163625,6.3412167163625,ALGEBRAIC_GEOMETRY_ONLY__NOT_TARGET_OR_CALIBRATION
19,26,陕西,ramin,0.02,3.0733411975865073,0.3253787769432497,1.0004340796632245,0.7380939146868483,36.92071531223818,16.40920680543919,16.40920680543919,ALGEBRAIC_GEOMETRY_ONLY__NOT_TARGET_OR_CALIBRATION
19,26,陕西,ramax,0.09,3.0733411975865073,0.3253787769432497,1.0004340796632245,0.7380939146868483,8.204603402719595,6.420993967345771,6.420993967345771,ALGEBRAIC_GEOMETRY_ONLY__NOT_TARGET_OR_CALIBRATION
19,27,甘肃,ramin,0.02,3.0880519375738467,0.3238287503628123,1.0001936748583722,0.7380939146868483,36.911843246062034,16.405263664916458,16.405263664916458,ALGEBRAIC_GEOMETRY_ONLY__NOT_TARGET_OR_CALIBRATION
19,27,甘肃,ramax,0.09,3.0880519375738467,0.3238287503628123,1.0001936748583722,0.7380939146868483,8.202631832458229,6.419450999315137,6.419450999315137,ALGEBRAIC_GEOMETRY_ONLY__NOT_TARGET_OR_CALIBRATION
19,28,青海,ramin,0.02,6.410360062246738,0.15599747756595042,0.9748297435105832,0.7380939146868483,35.97579507704513,15.9892422564645,16.07541319795478,ALGEBRAIC_GEOMETRY_ONLY__NOT_TARGET_OR_CALIBRATION
19,28,青海,ramax,0.09,6.410360062246738,0.15599747756595042,0.9748297435105832,0.7380939146868483,7.99462112823225,6.256660013399153,6.290379077460567,ALGEBRAIC_GEOMETRY_ONLY__NOT_TARGET_OR_CALIBRATION
19,29,宁夏,ramin,0.02,5.321560805474239,0.1879147935266115,0.9795537909473536,0.7380939146868483,36.15013461033374,16.066726493481664,16.074163311025767,ALGEBRAIC_GEOMETRY_ONLY__NOT_TARGET_OR_CALIBRATION
19,29,宁夏,ramax,0.09,5.321560805474239,0.1879147935266115,0.9795537909473536,0.7380939146868483,8.033363246740832,6.286979932231955,6.289889991270953,ALGEBRAIC_GEOMETRY_ONLY__NOT_TARGET_OR_CALIBRATION
19,30,新疆,ramin,0.02,3.845025022952689,0.2600763308510475,0.9904049885708924,0.7380939146868483,36.550594756983664,16.244708780881627,16.244708780881627,ALGEBRAIC_GEOMETRY_ONLY__NOT_TARGET_OR_CALIBRATION
19,30,新疆,ramax,0.09,3.845025022952689,0.2600763308510475,0.9904049885708924,0.7380939146868483,8.122354390440814,6.3566251751275935,6.3566251751275935,ALGEBRAIC_GEOMETRY_ONLY__NOT_TARGET_OR_CALIBRATION
20,0,北京,ramin,0.02,1.7773078477979665,0.5626487280968074,1.0386488053737648,0.7380939146868483,38.33101813715702,17.036008060958675,17.036008060958675,ALGEBRAIC_GEOMETRY_ONLY__NOT_TARGET_OR_CALIBRATION
20,0,北京,ramax,0.09,1.7773078477979665,0.5626487280968074,1.0386488053737648,0.7380939146868483,8.518004030479338,6.666264023853395,6.666264023853395,ALGEBRAIC_GEOMETRY_ONLY__NOT_TARGET_OR_CALIBRATION
20,1,天津,ramin,0.02,4.833936827276723,0.20687072167704895,0.982381170692168,0.7380939146868483,36.25447819954156,16.11310142201847,16.11310142201847,ALGEBRAIC_GEOMETRY_ONLY__NOT_TARGET_OR_CALIBRATION
20,1,天津,ramax,0.09,4.833936827276723,0.20687072167704895,0.982381170692168,0.7380939146868483,8.056550711009235,6.305126643398532,6.305126643398532,ALGEBRAIC_GEOMETRY_ONLY__NOT_TARGET_OR_CALIBRATION
20,2,河北,ramin,0.02,3.506614203525781,0.2851753691622346,0.9942357948589993,0.7380939146868483,36.69196949746345,16.307541998872644,16.307541998872644,ALGEBRAIC_GEOMETRY_ONLY__NOT_TARGET_OR_CALIBRATION
20,2,河北,ramax,0.09,3.506614203525781,0.2851753691622346,0.9942357948589993,0.7380939146868483,8.153770999436322,6.381212086515383,6.381212086515383,ALGEBRAIC_GEOMETRY_ONLY__NOT_TARGET_OR_CALIBRATION
20,3,山西,ramin,0.02,3.3513614158685985,0.29838620068400534,0.9962640598716731,0.7380939146868483,36.766822000624785,16.340809778055462,16.340809778055462,ALGEBRAIC_GEOMETRY_ONLY__NOT_TARGET_OR_CALIBRATION
20,3,山西,ramax,0.09,3.3513614158685985,0.29838620068400534,0.9962640598716731,0.7380939146868483,8.170404889027731,6.394229913152137,6.394229913152137,ALGEBRAIC_GEOMETRY_ONLY__NOT_TARGET_OR_CALIBRATION
20,4,内蒙古,ramin,0.02,5.090775247353522,0.19643373580867818,0.9808224211775124,0.7380939146868483,36.19695302297714,16.08753467687873,16.08753467687873,ALGEBRAIC_GEOMETRY_ONLY__NOT_TARGET_OR_CALIBRATION
20,4,内蒙古,ramax,0.09,5.090775247353522,0.19643373580867818,0.9808224211775124,0.7380939146868483,8.043767338439364,6.29512226486559,6.29512226486559,ALGEBRAIC_GEOMETRY_ONLY__NOT_TARGET_OR_CALIBRATION
20,5,辽宁,ramin,0.02,3.816435267209283,0.2620246198309651,0.9907012944759744,0.7380939146868483,36.561529836255005,16.249568816113335,16.249568816113335,ALGEBRAIC_GEOMETRY_ONLY__NOT_TARGET_OR_CALIBRATION
20,5,辽宁,ramax,0.09,3.816435267209283,0.2620246198309651,0.9907012944759744,0.7380939146868483,8.124784408056668,6.358526928044348,6.358526928044348,ALGEBRAIC_GEOMETRY_ONLY__NOT_TARGET_OR_CALIBRATION
20,6,吉林,ramin,0.02,5.93699766395903,0.16843530292601794,0.9766652237664447,0.7380939146868483,36.04353291741409,16.01934796329515,16.07492756718774,ALGEBRAIC_GEOMETRY_ONLY__NOT_TARGET_OR_CALIBRATION
20,6,吉林,ramax,0.09,5.93699766395903,0.16843530292601794,0.9766652237664447,0.7380939146868483,8.009673981647575,6.268440507376364,6.290189048029985,ALGEBRAIC_GEOMETRY_ONLY__NOT_TARGET_OR_CALIBRATION
20,7,黑龙江,ramin,0.02,4.548102897197901,0.21987189441472463,0.9843298210285317,0.7380939146868483,36.32639254729769,16.145063354354527,16.145063354354527,ALGEBRAIC_GEOMETRY_ONLY__NOT_TARGET_OR_CALIBRATION
20,7,黑龙江,ramax,0.09,4.548102897197901,0.21987189441472463,0.9843298210285317,0.7380939146868483,8.072531677177263,6.317633486486555,6.317633486486555,ALGEBRAIC_GEOMETRY_ONLY__NOT_TARGET_OR_CALIBRATION
20,8,上海,ramin,0.02,1.8400138471143996,0.543474170897273,1.035452450202532,0.7380939146868483,38.213057622103776,16.98358116537946,16.98358116537946,ALGEBRAIC_GEOMETRY_ONLY__NOT_TARGET_OR_CALIBRATION
20,8,上海,ramax,0.09,1.8400138471143996,0.543474170897273,1.035452450202532,0.7380939146868483,8.49179058268973,6.645749151670223,6.645749151670223,ALGEBRAIC_GEOMETRY_ONLY__NOT_TARGET_OR_CALIBRATION
20,9,江苏,ramin,0.02,2.188451322834297,0.45694413650694526,1.0212694476843467,0.7380939146868483,37.68963822957074,16.750950324253665,16.750950324253665,ALGEBRAIC_GEOMETRY_ONLY__NOT_TARGET_OR_CALIBRATION
20,9,江苏,ramax,0.09,2.188451322834297,0.45694413650694526,1.0212694476843467,0.7380939146868483,8.375475162126833,6.55471969209926,6.55471969209926,ALGEBRAIC_GEOMETRY_ONLY__NOT_TARGET_OR_CALIBRATION
20,10,浙江,ramin,0.02,2.146737144929218,0.4658232156470987,1.0227068894771874,0.7380939146868483,37.742686581571355,16.77452736958727,16.77452736958727,ALGEBRAIC_GEOMETRY_ONLY__NOT_TARGET_OR_CALIBRATION
20,10,浙江,ramax,0.09,2.146737144929218,0.4658232156470987,1.0227068894771874,0.7380939146868483,8.387263684793634,6.563945492447193,6.563945492447193,ALGEBRAIC_GEOMETRY_ONLY__NOT_TARGET_OR_CALIBRATION
20,11,安徽,ramin,0.02,2.0678906686544036,0.4835845604210351,1.0255944661392888,0.7380939146868483,37.8492517196958,16.821889653198134,16.821889653198134,ALGEBRAIC_GEOMETRY_ONLY__NOT_TARGET_OR_CALIBRATION
20,11,安徽,ramax,0.09,2.0678906686544036,0.4835845604210351,1.0255944661392888,0.7380939146868483,8.410944826599067,6.582478559947096,6.582478559947096,ALGEBRAIC_GEOMETRY_ONLY__NOT_TARGET_OR_CALIBRATION
20,12,福建,ramin,0.02,2.274113138055004,0.4397318599791727,1.018494415027365,0.7380939146868483,37.58722649371197,16.70543399720532,16.70543399720532,ALGEBRAIC_GEOMETRY_ONLY__NOT_TARGET_OR_CALIBRATION
20,12,福建,ramax,0.09,2.274113138055004,0.4397318599791727,1.018494415027365,0.7380939146868483,8.35271699860266,6.536908955428169,6.536908955428169,ALGEBRAIC_GEOMETRY_ONLY__NOT_TARGET_OR_CALIBRATION
20,13,江西,ramin,0.02,2.2420937671755237,0.4460116765142028,1.0195051232401249,0.7380939146868483,37.62452637278007,16.72201172123559,16.72201172123559,ALGEBRAIC_GEOMETRY_ONLY__NOT_TARGET_OR_CALIBRATION
20,13,江西,ramax,0.09,2.2420937671755237,0.4460116765142028,1.0195051232401249,0.7380939146868483,8.361005860617794,6.543395890918274,6.543395890918274,ALGEBRAIC_GEOMETRY_ONLY__NOT_TARGET_OR_CALIBRATION
20,14,山东,ramin,0.02,3.157943578351762,0.31666176902436427,0.9990835985171672,0.7380939146868483,36.87087621644797,16.387056096199096,16.387056096199096,ALGEBRAIC_GEOMETRY_ONLY__NOT_TARGET_OR_CALIBRATION
20,14,山东,ramax,0.09,3.157943578351762,0.31666176902436427,0.9990835985171672,0.7380939146868483,8.193528048099548,6.41232629851269,6.41232629851269,ALGEBRAIC_GEOMETRY_ONLY__NOT_TARGET_OR_CALIBRATION
20,15,河南,ramin,0.02,3.378012073519989,0.29603209764669974,0.9959020280623663,0.7380939146868483,36.75346132685617,16.334871700824966,16.334871700824966,ALGEBRAIC_GEOMETRY_ONLY__NOT_TARGET_OR_CALIBRATION
20,15,河南,ramax,0.09,3.378012073519989,0.29603209764669974,0.9959020280623663,0.7380939146868483,8.167435850412483,6.391906317714117,6.391906317714117,ALGEBRAIC_GEOMETRY_ONLY__NOT_TARGET_OR_CALIBRATION
20,16,湖北,ramin,0.02,2.427816949153186,0.41189266775190636,1.0140378501157654,0.7380939146868483,37.42275832162904,16.632337031835128,16.632337031835128,ALGEBRAIC_GEOMETRY_ONLY__NOT_TARGET_OR_CALIBRATION
20,16,湖北,ramax,0.09,2.427816949153186,0.41189266775190636,1.0140378501157654,0.7380939146868483,8.316168515917564,6.508305795065921,6.508305795065921,ALGEBRAIC_GEOMETRY_ONLY__NOT_TARGET_OR_CALIBRATION
20,17,湖南,ramin,0.02,2.587173945946601,0.38652213608084934,1.010010305679099,0.7380939146868483,37.27412301963732,16.56627689761659,16.56627689761659,ALGEBRAIC_GEOMETRY_ONLY__NOT_TARGET_OR_CALIBRATION
20,17,湖南,ramax,0.09,2.587173945946601,0.38652213608084934,1.010010305679099,0.7380939146868483,8.283138448808295,6.48245617732823,6.48245617732823,ALGEBRAIC_GEOMETRY_ONLY__NOT_TARGET_OR_CALIBRATION
20,18,广东,ramin,0.02,1.9178709564555998,0.5214115144890098,1.0317989103574245,0.7380939146868483,38.0782248457668,16.923655487007466,16.923655487007466,ALGEBRAIC_GEOMETRY_ONLY__NOT_TARGET_OR_CALIBRATION
20,18,广东,ramax,0.09,1.9178709564555998,0.5214115144890098,1.0317989103574245,0.7380939146868483,8.461827743503733,6.622299973176834,6.622299973176834,ALGEBRAIC_GEOMETRY_ONLY__NOT_TARGET_OR_CALIBRATION
20,19,广西,ramin,0.02,3.447415652491518,0.2900723616768635,0.9949866680251063,0.7380939146868483,36.71968024319371,16.319857885863872,16.319857885863872,ALGEBRAIC_GEOMETRY_ONLY__NOT_TARGET_OR_CALIBRATION
20,19,广西,ramax,0.09,3.447415652491518,0.2900723616768635,0.9949866680251063,0.7380939146868483,8.159928942931936,6.386031346642385,6.386031346642385,ALGEBRAIC_GEOMETRY_ONLY__NOT_TARGET_OR_CALIBRATION
20,20,海南,ramin,0.02,2.9942483278126986,0.33397363562376975,1.0017692158092875,0.7380939146868483,36.96998810547255,16.43110582465447,16.43110582465447,ALGEBRAIC_GEOMETRY_ONLY__NOT_TARGET_OR_CALIBRATION
20,20,海南,ramax,0.09,2.9942483278126986,0.33397363562376975,1.0017692158092875,0.7380939146868483,8.215552912327235,6.429563148777836,6.429563148777836,ALGEBRAIC_GEOMETRY_ONLY__NOT_TARGET_OR_CALIBRATION
20,21,重庆,ramin,0.02,2.345127334579045,0.4264160778201419,1.0163579152686981,0.7380939146868483,37.50837962018187,16.670390942303055,16.670390942303055,ALGEBRAIC_GEOMETRY_ONLY__NOT_TARGET_OR_CALIBRATION
20,21,重庆,ramax,0.09,2.345127334579045,0.4264160778201419,1.0163579152686981,0.7380939146868483,8.335195471151527,6.523196455683804,6.523196455683804,ALGEBRAIC_GEOMETRY_ONLY__NOT_TARGET_OR_CALIBRATION
20,22,四川,ramin,0.02,2.215130095277682,0.4514407538102827,1.0203805270633584,0.7380939146868483,37.65683288452119,16.736370170898304,16.736370170898304,ALGEBRAIC_GEOMETRY_ONLY__NOT_TARGET_OR_CALIBRATION
20,22,四川,ramax,0.09,2.215130095277682,0.4514407538102827,1.0203805270633584,0.7380939146868483,8.368185085449152,6.549014414699337,6.549014414699337,ALGEBRAIC_GEOMETRY_ONLY__NOT_TARGET_OR_CALIBRATION
20,23,贵州,ramin,0.02,2.569430628310672,0.3891912819057005,1.010432522561759,0.7380939146868483,37.28970480522579,16.573202135655908,16.573202135655908,ALGEBRAIC_GEOMETRY_ONLY__NOT_TARGET_OR_CALIBRATION
20,23,贵州,ramax,0.09,2.569430628310672,0.3891912819057005,1.010432522561759,0.7380939146868483,8.286601067827954,6.4851660530827475,6.4851660530827475,ALGEBRAIC_GEOMETRY_ONLY__NOT_TARGET_OR_CALIBRATION
20,24,云南,ramin,0.02,3.2922430220878587,0.3037442841524575,0.9970890498855075,0.7380939146868483,36.79726800606922,16.354341336030764,16.354341336030764,ALGEBRAIC_GEOMETRY_ONLY__NOT_TARGET_OR_CALIBRATION
20,24,云南,ramax,0.09,3.2922430220878587,0.3037442841524575,0.9970890498855075,0.7380939146868483,8.177170668015382,6.399524870620734,6.399524870620734,ALGEBRAIC_GEOMETRY_ONLY__NOT_TARGET_OR_CALIBRATION
20,25,西藏,ramin,0.02,4.094204192188712,0.24424771043610605,0.9880042469813383,0.7380939146868483,36.46199611908438,16.20533160848195,16.20533160848195,ALGEBRAIC_GEOMETRY_ONLY__NOT_TARGET_OR_CALIBRATION
20,25,西藏,ramax,0.09,4.094204192188712,0.24424771043610605,0.9880042469813383,0.7380939146868483,8.102665804240974,6.341216716362502,6.341216716362502,ALGEBRAIC_GEOMETRY_ONLY__NOT_TARGET_OR_CALIBRATION
20,26,陕西,ramin,0.02,3.0733411975865086,0.32537877694324957,1.0004340796632252,0.7380939146868483,36.92071531223821,16.409206805439204,16.409206805439204,ALGEBRAIC_GEOMETRY_ONLY__NOT_TARGET_OR_CALIBRATION
20,26,陕西,ramax,0.09,3.0733411975865086,0.32537877694324957,1.0004340796632252,0.7380939146868483,8.204603402719602,6.420993967345775,6.420993967345775,ALGEBRAIC_GEOMETRY_ONLY__NOT_TARGET_OR_CALIBRATION
20,27,甘肃,ramin,0.02,3.0880519375738382,0.3238287503628132,1.0001936748583722,0.7380939146868483,36.911843246062034,16.405263664916458,16.405263664916458,ALGEBRAIC_GEOMETRY_ONLY__NOT_TARGET_OR_CALIBRATION
20,27,甘肃,ramax,0.09,3.0880519375738382,0.3238287503628132,1.0001936748583722,0.7380939146868483,8.202631832458229,6.419450999315137,6.419450999315137,ALGEBRAIC_GEOMETRY_ONLY__NOT_TARGET_OR_CALIBRATION
20,28,青海,ramin,0.02,6.4103600622467205,0.15599747756595084,0.9748297435105832,0.7380939146868483,35.97579507704513,15.9892422564645,16.07541319795478,ALGEBRAIC_GEOMETRY_ONLY__NOT_TARGET_OR_CALIBRATION
20,28,青海,ramax,0.09,6.4103600622467205,0.15599747756595084,0.9748297435105832,0.7380939146868483,7.99462112823225,6.256660013399153,6.290379077460567,ALGEBRAIC_GEOMETRY_ONLY__NOT_TARGET_OR_CALIBRATION
20,29,宁夏,ramin,0.02,5.321560805474223,0.18791479352661206,0.9795537909473537,0.7380939146868483,36.150134610333744,16.066726493481664,16.07416331102577,ALGEBRAIC_GEOMETRY_ONLY__NOT_TARGET_OR_CALIBRATION
20,29,宁夏,ramax,0.09,5.321560805474223,0.18791479352661206,0.9795537909473537,0.7380939146868483,8.033363246740832,6.286979932231956,6.289889991270954,ALGEBRAIC_GEOMETRY_ONLY__NOT_TARGET_OR_CALIBRATION
20,30,新疆,ramin,0.02,3.8450250229526786,0.2600763308510482,0.9904049885708927,0.7380939146868483,36.550594756983664,16.24470878088163,16.24470878088163,ALGEBRAIC_GEOMETRY_ONLY__NOT_TARGET_OR_CALIBRATION
20,30,新疆,ramax,0.09,3.8450250229526786,0.2600763308510482,0.9904049885708927,0.7380939146868483,8.122354390440815,6.356625175127595,6.356625175127595,ALGEBRAIC_GEOMETRY_ONLY__NOT_TARGET_OR_CALIBRATION
21,0,北京,ramin,0.02,1.7773078477979483,0.5626487280968132,1.038648805373765,0.7380939146868483,38.33101813715703,17.036008060958682,17.036008060958682,ALGEBRAIC_GEOMETRY_ONLY__NOT_TARGET_OR_CALIBRATION
21,0,北京,ramax,0.09,1.7773078477979483,0.5626487280968132,1.038648805373765,0.7380939146868483,8.518004030479341,6.6662640238533974,6.6662640238533974,ALGEBRAIC_GEOMETRY_ONLY__NOT_TARGET_OR_CALIBRATION
21,1,天津,ramin,0.02,4.833936827276673,0.20687072167705106,0.9823811706921685,0.7380939146868483,36.25447819954157,16.113101422018477,16.113101422018477,ALGEBRAIC_GEOMETRY_ONLY__NOT_TARGET_OR_CALIBRATION
21,1,天津,ramax,0.09,4.833936827276673,0.20687072167705106,0.9823811706921685,0.7380939146868483,8.056550711009239,6.305126643398535,6.305126643398535,ALGEBRAIC_GEOMETRY_ONLY__NOT_TARGET_OR_CALIBRATION
21,2,河北,ramin,0.02,3.5066142035257455,0.2851753691622375,0.9942357948589994,0.7380939146868483,36.69196949746345,16.307541998872644,16.307541998872644,ALGEBRAIC_GEOMETRY_ONLY__NOT_TARGET_OR_CALIBRATION
21,2,河北,ramax,0.09,3.5066142035257455,0.2851753691622375,0.9942357948589994,0.7380939146868483,8.153770999436322,6.381212086515383,6.381212086515383,ALGEBRAIC_GEOMETRY_ONLY__NOT_TARGET_OR_CALIBRATION
21,3,山西,ramin,0.02,3.3513614158685643,0.2983862006840084,0.9962640598716732,0.7380939146868483,36.76682200062479,16.340809778055466,16.340809778055466,ALGEBRAIC_GEOMETRY_ONLY__NOT_TARGET_OR_CALIBRATION
21,3,山西,ramax,0.09,3.3513614158685643,0.2983862006840084,0.9962640598716732,0.7380939146868483,8.170404889027733,6.394229913152139,6.394229913152139,ALGEBRAIC_GEOMETRY_ONLY__NOT_TARGET_OR_CALIBRATION
21,4,内蒙古,ramin,0.02,5.090775247353472,0.19643373580868012,0.9808224211775125,0.7380939146868483,36.19695302297714,16.08753467687873,16.08753467687873,ALGEBRAIC_GEOMETRY_ONLY__NOT_TARGET_OR_CALIBRATION
21,4,内蒙古,ramax,0.09,5.090775247353472,0.19643373580868012,0.9808224211775125,0.7380939146868483,8.043767338439364,6.29512226486559,6.29512226486559,ALGEBRAIC_GEOMETRY_ONLY__NOT_TARGET_OR_CALIBRATION
21,5,辽宁,ramin,0.02,3.8164352672092425,0.26202461983096786,0.9907012944759743,0.7380939146868483,36.561529836255,16.24956881611333,16.24956881611333,ALGEBRAIC_GEOMETRY_ONLY__NOT_TARGET_OR_CALIBRATION
21,5,辽宁,ramax,0.09,3.8164352672092425,0.26202461983096786,0.9907012944759743,0.7380939146868483,8.124784408056666,6.3585269280443475,6.3585269280443475,ALGEBRAIC_GEOMETRY_ONLY__NOT_TARGET_OR_CALIBRATION
21,6,吉林,ramin,0.02,5.93699766395897,0.16843530292601963,0.9766652237664447,0.7380939146868483,36.04353291741409,16.01934796329515,16.07492756718774,ALGEBRAIC_GEOMETRY_ONLY__NOT_TARGET_OR_CALIBRATION
21,6,吉林,ramax,0.09,5.93699766395897,0.16843530292601963,0.9766652237664447,0.7380939146868483,8.009673981647575,6.268440507376364,6.290189048029985,ALGEBRAIC_GEOMETRY_ONLY__NOT_TARGET_OR_CALIBRATION
21,7,黑龙江,ramin,0.02,4.548102897197856,0.21987189441472682,0.9843298210285318,0.7380939146868483,36.326392547297694,16.14506335435453,16.14506335435453,ALGEBRAIC_GEOMETRY_ONLY__NOT_TARGET_OR_CALIBRATION
21,7,黑龙江,ramax,0.09,4.548102897197856,0.21987189441472682,0.9843298210285318,0.7380939146868483,8.072531677177265,6.317633486486556,6.317633486486556,ALGEBRAIC_GEOMETRY_ONLY__NOT_TARGET_OR_CALIBRATION
21,8,上海,ramin,0.02,1.8400138471143808,0.5434741708972786,1.0354524502025324,0.7380939146868483,38.2130576221038,16.983581165379466,16.983581165379466,ALGEBRAIC_GEOMETRY_ONLY__NOT_TARGET_OR_CALIBRATION
21,8,上海,ramax,0.09,1.8400138471143808,0.5434741708972786,1.0354524502025324,0.7380939146868483,8.491790582689733,6.645749151670226,6.645749151670226,ALGEBRAIC_GEOMETRY_ONLY__NOT_TARGET_OR_CALIBRATION
21,9,江苏,ramin,0.02,2.188451322834275,0.45694413650694987,1.021269447684347,0.7380939146868483,37.68963822957075,16.750950324253665,16.750950324253665,ALGEBRAIC_GEOMETRY_ONLY__NOT_TARGET_OR_CALIBRATION
21,9,江苏,ramax,0.09,2.188451322834275,0.45694413650694987,1.021269447684347,0.7380939146868483,8.375475162126833,6.554719692099261,6.554719692099261,ALGEBRAIC_GEOMETRY_ONLY__NOT_TARGET_OR_CALIBRATION
21,10,浙江,ramin,0.02,2.1467371449291957,0.46582321564710344,1.0227068894771876,0.7380939146868483,37.74268658157136,16.774527369587272,16.774527369587272,ALGEBRAIC_GEOMETRY_ONLY__NOT_TARGET_OR_CALIBRATION
21,10,浙江,ramax,0.09,2.1467371449291957,0.46582321564710344,1.0227068894771876,0.7380939146868483,8.387263684793636,6.563945492447194,6.563945492447194,ALGEBRAIC_GEOMETRY_ONLY__NOT_TARGET_OR_CALIBRATION
21,11,安徽,ramin,0.02,2.0678906686543823,0.48358456042104003,1.0255944661392893,0.7380939146868483,37.849251719695815,16.82188965319814,16.82188965319814,ALGEBRAIC_GEOMETRY_ONLY__NOT_TARGET_OR_CALIBRATION
21,11,安徽,ramax,0.09,2.0678906686543823,0.48358456042104003,1.0255944661392893,0.7380939146868483,8.41094482659907,6.5824785599470985,6.5824785599470985,ALGEBRAIC_GEOMETRY_ONLY__NOT_TARGET_OR_CALIBRATION
21,12,福建,ramin,0.02,2.2741131380549806,0.4397318599791772,1.0184944150273652,0.7380939146868483,37.587226493711974,16.705433997205322,16.705433997205322,ALGEBRAIC_GEOMETRY_ONLY__NOT_TARGET_OR_CALIBRATION
21,12,福建,ramax,0.09,2.2741131380549806,0.4397318599791772,1.0184944150273652,0.7380939146868483,8.352716998602661,6.53690895542817,6.53690895542817,ALGEBRAIC_GEOMETRY_ONLY__NOT_TARGET_OR_CALIBRATION
21,13,江西,ramin,0.02,2.2420937671755063,0.4460116765142062,1.019505123240126,0.7380939146868483,37.62452637278012,16.722011721235607,16.722011721235607,ALGEBRAIC_GEOMETRY_ONLY__NOT_TARGET_OR_CALIBRATION
21,13,江西,ramax,0.09,2.2420937671755063,0.4460116765142062,1.019505123240126,0.7380939146868483,8.361005860617803,6.543395890918282,6.543395890918282,ALGEBRAIC_GEOMETRY_ONLY__NOT_TARGET_OR_CALIBRATION
21,14,山东,ramin,0.02,3.15794357835173,0.31666176902436743,0.9990835985171672,0.7380939146868483,36.87087621644797,16.387056096199096,16.387056096199096,ALGEBRAIC_GEOMETRY_ONLY__NOT_TARGET_OR_CALIBRATION
21,14,山东,ramax,0.09,3.15794357835173,0.31666176902436743,0.9990835985171672,0.7380939146868483,8.193528048099548,6.41232629851269,6.41232629851269,ALGEBRAIC_GEOMETRY_ONLY__NOT_TARGET_OR_CALIBRATION
21,15,河南,ramin,0.02,3.378012073519955,0.2960320976467027,0.9959020280623667,0.7380939146868483,36.75346132685618,16.334871700824973,16.334871700824973,ALGEBRAIC_GEOMETRY_ONLY__NOT_TARGET_OR_CALIBRATION
21,15,河南,ramax,0.09,3.378012073519955,0.2960320976467027,0.9959020280623667,0.7380939146868483,8.167435850412486,6.3919063177141195,6.3919063177141195,ALGEBRAIC_GEOMETRY_ONLY__NOT_TARGET_OR_CALIBRATION
21,16,湖北,ramin,0.02,2.427816949153161,0.4118926677519105,1.0140378501157656,0.7380939146868483,37.42275832162905,16.63233703183513,16.63233703183513,ALGEBRAIC_GEOMETRY_ONLY__NOT_TARGET_OR_CALIBRATION
21,16,湖北,ramax,0.09,2.427816949153161,0.4118926677519105,1.0140378501157656,0.7380939146868483,8.316168515917566,6.5083057950659216,6.5083057950659216,ALGEBRAIC_GEOMETRY_ONLY__NOT_TARGET_OR_CALIBRATION
21,17,湖南,ramin,0.02,2.587173945946575,0.38652213608085323,1.0100103056790992,0.7380939146868483,37.27412301963733,16.566276897616593,16.566276897616593,ALGEBRAIC_GEOMETRY_ONLY__NOT_TARGET_OR_CALIBRATION
21,17,湖南,ramax,0.09,2.587173945946575,0.38652213608085323,1.0100103056790992,0.7380939146868483,8.283138448808296,6.482456177328231,6.482456177328231,ALGEBRAIC_GEOMETRY_ONLY__NOT_TARGET_OR_CALIBRATION
21,18,广东,ramin,0.02,1.9178709564555807,0.521411514489015,1.0317989103574245,0.7380939146868483,38.0782248457668,16.923655487007466,16.923655487007466,ALGEBRAIC_GEOMETRY_ONLY__NOT_TARGET_OR_CALIBRATION
21,18,广东,ramax,0.09,1.9178709564555807,0.521411514489015,1.0317989103574245,0.7380939146868483,8.461827743503733,6.622299973176834,6.622299973176834,ALGEBRAIC_GEOMETRY_ONLY__NOT_TARGET_OR_CALIBRATION
21,19,广西,ramin,0.02,3.4474156524914865,0.2900723616768661,0.9949866680251064,0.7380939146868483,36.719680243193714,16.319857885863872,16.319857885863872,ALGEBRAIC_GEOMETRY_ONLY__NOT_TARGET_OR_CALIBRATION
21,19,广西,ramax,0.09,3.4474156524914865,0.2900723616768661,0.9949866680251064,0.7380939146868483,8.159928942931936,6.386031346642386,6.386031346642386,ALGEBRAIC_GEOMETRY_ONLY__NOT_TARGET_OR_CALIBRATION
21,20,海南,ramin,0.02,2.9942483278126684,0.33397363562377314,1.0017692158092875,0.7380939146868483,36.96998810547255,16.43110582465447,16.43110582465447,ALGEBRAIC_GEOMETRY_ONLY__NOT_TARGET_OR_CALIBRATION
21,20,海南,ramax,0.09,2.9942483278126684,0.33397363562377314,1.0017692158092875,0.7380939146868483,8.215552912327235,6.429563148777836,6.429563148777836,ALGEBRAIC_GEOMETRY_ONLY__NOT_TARGET_OR_CALIBRATION
21,21,重庆,ramin,0.02,2.3451273345790216,0.4264160778201462,1.0163579152686983,0.7380939146868483,37.50837962018188,16.670390942303058,16.670390942303058,ALGEBRAIC_GEOMETRY_ONLY__NOT_TARGET_OR_CALIBRATION
21,21,重庆,ramax,0.09,2.3451273345790216,0.4264160778201462,1.0163579152686983,0.7380939146868483,8.335195471151529,6.523196455683806,6.523196455683806,ALGEBRAIC_GEOMETRY_ONLY__NOT_TARGET_OR_CALIBRATION
21,22,四川,ramin,0.02,2.2151300952776594,0.45144075381028725,1.0203805270633586,0.7380939146868483,37.65683288452119,16.736370170898308,16.736370170898308,ALGEBRAIC_GEOMETRY_ONLY__NOT_TARGET_OR_CALIBRATION
21,22,四川,ramax,0.09,2.2151300952776594,0.45144075381028725,1.0203805270633586,0.7380939146868483,8.368185085449154,6.549014414699338,6.549014414699338,ALGEBRAIC_GEOMETRY_ONLY__NOT_TARGET_OR_CALIBRATION
21,23,贵州,ramin,0.02,2.5694306283106463,0.38919128190570446,1.0104325225617592,0.7380939146868483,37.289704805225796,16.57320213565591,16.57320213565591,ALGEBRAIC_GEOMETRY_ONLY__NOT_TARGET_OR_CALIBRATION
21,23,贵州,ramax,0.09,2.5694306283106463,0.38919128190570446,1.0104325225617592,0.7380939146868483,8.286601067827956,6.485166053082748,6.485166053082748,ALGEBRAIC_GEOMETRY_ONLY__NOT_TARGET_OR_CALIBRATION
21,24,云南,ramin,0.02,3.2922430220878236,0.30374428415246074,0.9970890498855074,0.7380939146868483,36.79726800606922,16.354341336030764,16.354341336030764,ALGEBRAIC_GEOMETRY_ONLY__NOT_TARGET_OR_CALIBRATION
21,24,云南,ramax,0.09,3.2922430220878236,0.30374428415246074,0.9970890498855074,0.7380939146868483,8.177170668015382,6.399524870620734,6.399524870620734,ALGEBRAIC_GEOMETRY_ONLY__NOT_TARGET_OR_CALIBRATION
21,25,西藏,ramin,0.02,4.094204192188672,0.24424771043610843,0.9880042469813386,0.7380939146868483,36.4619961190844,16.205331608481952,16.205331608481952,ALGEBRAIC_GEOMETRY_ONLY__NOT_TARGET_OR_CALIBRATION
21,25,西藏,ramax,0.09,4.094204192188672,0.24424771043610843,0.9880042469813386,0.7380939146868483,8.102665804240976,6.341216716362504,6.341216716362504,ALGEBRAIC_GEOMETRY_ONLY__NOT_TARGET_OR_CALIBRATION
21,26,陕西,ramin,0.02,3.0733411975864775,0.32537877694325285,1.0004340796632252,0.7380939146868483,36.92071531223821,16.409206805439204,16.409206805439204,ALGEBRAIC_GEOMETRY_ONLY__NOT_TARGET_OR_CALIBRATION
21,26,陕西,ramax,0.09,3.0733411975864775,0.32537877694325285,1.0004340796632252,0.7380939146868483,8.204603402719602,6.420993967345775,6.420993967345775,ALGEBRAIC_GEOMETRY_ONLY__NOT_TARGET_OR_CALIBRATION
21,27,甘肃,ramin,0.02,3.088051937573807,0.3238287503628164,1.0001936748583724,0.7380939146868483,36.911843246062034,16.40526366491646,16.40526366491646,ALGEBRAIC_GEOMETRY_ONLY__NOT_TARGET_OR_CALIBRATION
21,27,甘肃,ramax,0.09,3.088051937573807,0.3238287503628164,1.0001936748583724,0.7380939146868483,8.20263183245823,6.419450999315138,6.419450999315138,ALGEBRAIC_GEOMETRY_ONLY__NOT_TARGET_OR_CALIBRATION
21,28,青海,ramin,0.02,6.4103600622466566,0.1559974775659524,0.9748297435105833,0.7380939146868483,35.97579507704513,15.989242256464504,16.075413197954784,ALGEBRAIC_GEOMETRY_ONLY__NOT_TARGET_OR_CALIBRATION
21,28,青海,ramax,0.09,6.4103600622466566,0.1559974775659524,0.9748297435105833,0.7380939146868483,7.994621128232252,6.256660013399154,6.2903790774605675,ALGEBRAIC_GEOMETRY_ONLY__NOT_TARGET_OR_CALIBRATION
21,29,宁夏,ramin,0.02,5.321560805474171,0.1879147935266139,0.979553790947354,0.7380939146868483,36.15013461033375,16.066726493481667,16.074163311025767,ALGEBRAIC_GEOMETRY_ONLY__NOT_TARGET_OR_CALIBRATION
21,29,宁夏,ramax,0.09,5.321560805474171,0.1879147935266139,0.979553790947354,0.7380939146868483,8.033363246740834,6.286979932231957,6.289889991270953,ALGEBRAIC_GEOMETRY_ONLY__NOT_TARGET_OR_CALIBRATION
21,30,新疆,ramin,0.02,3.8450250229526395,0.2600763308510508,0.9904049885708927,0.7380939146868483,36.550594756983664,16.24470878088163,16.24470878088163,ALGEBRAIC_GEOMETRY_ONLY__NOT_TARGET_OR_CALIBRATION
21,30,新疆,ramax,0.09,3.8450250229526395,0.2600763308510508,0.9904049885708927,0.7380939146868483,8.122354390440815,6.356625175127595,6.356625175127595,ALGEBRAIC_GEOMETRY_ONLY__NOT_TARGET_OR_CALIBRATION
22,0,北京,ramin,0.02,1.7773078477979667,0.5626487280968073,1.038648805373766,0.7380939146868483,38.33101813715706,17.036008060958697,17.036008060958697,ALGEBRAIC_GEOMETRY_ONLY__NOT_TARGET_OR_CALIBRATION
22,0,北京,ramax,0.09,1.7773078477979667,0.5626487280968073,1.038648805373766,0.7380939146868483,8.518004030479348,6.666264023853403,6.666264023853403,ALGEBRAIC_GEOMETRY_ONLY__NOT_TARGET_OR_CALIBRATION
22,1,天津,ramin,0.02,4.833936827276723,0.20687072167704892,0.9823811706921688,0.7380939146868483,36.25447819954159,16.113101422018484,16.113101422018484,ALGEBRAIC_GEOMETRY_ONLY__NOT_TARGET_OR_CALIBRATION
22,1,天津,ramax,0.09,4.833936827276723,0.20687072167704892,0.9823811706921688,0.7380939146868483,8.056550711009242,6.305126643398538,6.305126643398538,ALGEBRAIC_GEOMETRY_ONLY__NOT_TARGET_OR_CALIBRATION
22,2,河北,ramin,0.02,3.506614203525782,0.28517536916223457,0.9942357948589998,0.7380939146868483,36.69196949746347,16.30754199887265,16.30754199887265,ALGEBRAIC_GEOMETRY_ONLY__NOT_TARGET_OR_CALIBRATION
22,2,河北,ramax,0.09,3.506614203525782,0.28517536916223457,0.9942357948589998,0.7380939146868483,8.153770999436325,6.381212086515386,6.381212086515386,ALGEBRAIC_GEOMETRY_ONLY__NOT_TARGET_OR_CALIBRATION
22,3,山西,ramin,0.02,3.3513614158685994,0.2983862006840053,0.9962640598716735,0.7380939146868483,36.766822000624806,16.34080977805547,16.34080977805547,ALGEBRAIC_GEOMETRY_ONLY__NOT_TARGET_OR_CALIBRATION
22,3,山西,ramax,0.09,3.3513614158685994,0.2983862006840053,0.9962640598716735,0.7380939146868483,8.170404889027735,6.394229913152141,6.394229913152141,ALGEBRAIC_GEOMETRY_ONLY__NOT_TARGET_OR_CALIBRATION
22,4,内蒙古,ramin,0.02,5.090775247353523,0.19643373580867812,0.980822421177513,0.7380939146868483,36.196953022977155,16.087534676878736,16.087534676878736,ALGEBRAIC_GEOMETRY_ONLY__NOT_TARGET_OR_CALIBRATION
22,4,内蒙古,ramax,0.09,5.090775247353523,0.19643373580867812,0.980822421177513,0.7380939146868483,8.043767338439368,6.295122264865593,6.295122264865593,ALGEBRAIC_GEOMETRY_ONLY__NOT_TARGET_OR_CALIBRATION
22,5,辽宁,ramin,0.02,3.816435267209287,0.2620246198309648,0.9907012944759747,0.7380939146868483,36.561529836255005,16.24956881611334,16.24956881611334,ALGEBRAIC_GEOMETRY_ONLY__NOT_TARGET_OR_CALIBRATION
22,5,辽宁,ramax,0.09,3.816435267209287,0.2620246198309648,0.9907012944759747,0.7380939146868483,8.12478440805667,6.358526928044349,6.358526928044349,ALGEBRAIC_GEOMETRY_ONLY__NOT_TARGET_OR_CALIBRATION
22,6,吉林,ramin,0.02,5.936997663959031,0.1684353029260179,0.9766652237664449,0.7380939146868483,36.0435329174141,16.019347963295157,16.074927567187743,ALGEBRAIC_GEOMETRY_ONLY__NOT_TARGET_OR_CALIBRATION
22,6,吉林,ramax,0.09,5.936997663959031,0.1684353029260179,0.9766652237664449,0.7380939146868483,8.009673981647579,6.268440507376366,6.290189048029986,ALGEBRAIC_GEOMETRY_ONLY__NOT_TARGET_OR_CALIBRATION
22,7,黑龙江,ramin,0.02,4.548102897197901,0.21987189441472463,0.9843298210285323,0.7380939146868483,36.32639254729771,16.145063354354537,16.145063354354537,ALGEBRAIC_GEOMETRY_ONLY__NOT_TARGET_OR_CALIBRATION
22,7,黑龙江,ramax,0.09,4.548102897197901,0.21987189441472463,0.9843298210285323,0.7380939146868483,8.072531677177269,6.317633486486558,6.317633486486558,ALGEBRAIC_GEOMETRY_ONLY__NOT_TARGET_OR_CALIBRATION
22,8,上海,ramin,0.02,1.8400138471144003,0.5434741708972728,1.0354524502025333,0.7380939146868483,38.21305762210383,16.98358116537948,16.98358116537948,ALGEBRAIC_GEOMETRY_ONLY__NOT_TARGET_OR_CALIBRATION
22,8,上海,ramax,0.09,1.8400138471144003,0.5434741708972728,1.0354524502025333,0.7380939146868483,8.49179058268974,6.645749151670231,6.645749151670231,ALGEBRAIC_GEOMETRY_ONLY__NOT_TARGET_OR_CALIBRATION
22,9,江苏,ramin,0.02,2.188451322834298,0.45694413650694504,1.0212694476843476,0.7380939146868483,37.689638229570775,16.75095032425368,16.75095032425368,ALGEBRAIC_GEOMETRY_ONLY__NOT_TARGET_OR_CALIBRATION
22,9,江苏,ramax,0.09,2.188451322834298,0.45694413650694504,1.0212694476843476,0.7380939146868483,8.37547516212684,6.554719692099266,6.554719692099266,ALGEBRAIC_GEOMETRY_ONLY__NOT_TARGET_OR_CALIBRATION
22,10,浙江,ramin,0.02,2.1467371449292187,0.4658232156470985,1.0227068894771882,0.7380939146868483,37.74268658157139,16.774527369587286,16.774527369587286,ALGEBRAIC_GEOMETRY_ONLY__NOT_TARGET_OR_CALIBRATION
22,10,浙江,ramax,0.09,2.1467371449292187,0.4658232156470985,1.0227068894771882,0.7380939146868483,8.387263684793643,6.563945492447199,6.563945492447199,ALGEBRAIC_GEOMETRY_ONLY__NOT_TARGET_OR_CALIBRATION
22,11,安徽,ramin,0.02,2.067890668654404,0.483584560421035,1.0255944661392902,0.7380939146868483,37.84925171969585,16.821889653198156,16.821889653198156,ALGEBRAIC_GEOMETRY_ONLY__NOT_TARGET_OR_CALIBRATION
22,11,安徽,ramax,0.09,2.067890668654404,0.483584560421035,1.0255944661392902,0.7380939146868483,8.410944826599078,6.582478559947105,6.582478559947105,ALGEBRAIC_GEOMETRY_ONLY__NOT_TARGET_OR_CALIBRATION
22,12,福建,ramin,0.02,2.2741131380550055,0.4397318599791724,1.018494415027366,0.7380939146868483,37.587226493712,16.705433997205336,16.705433997205336,ALGEBRAIC_GEOMETRY_ONLY__NOT_TARGET_OR_CALIBRATION
22,12,福建,ramax,0.09,2.2741131380550055,0.4397318599791724,1.018494415027366,0.7380939146868483,8.352716998602668,6.536908955428175,6.536908955428175,ALGEBRAIC_GEOMETRY_ONLY__NOT_TARGET_OR_CALIBRATION
22,13,江西,ramin,0.02,2.2420937671755334,0.44601167651420087,1.0195051232401264,0.7380939146868483,37.62452637278013,16.722011721235614,16.722011721235614,ALGEBRAIC_GEOMETRY_ONLY__NOT_TARGET_OR_CALIBRATION
22,13,江西,ramax,0.09,2.2420937671755334,0.44601167651420087,1.0195051232401264,0.7380939146868483,8.361005860617807,6.543395890918284,6.543395890918284,ALGEBRAIC_GEOMETRY_ONLY__NOT_TARGET_OR_CALIBRATION
22,14,山东,ramin,0.02,3.1579435783517633,0.31666176902436416,0.9990835985171677,0.7380939146868483,36.87087621644798,16.387056096199103,16.387056096199103,ALGEBRAIC_GEOMETRY_ONLY__NOT_TARGET_OR_CALIBRATION
22,14,山东,ramax,0.09,3.1579435783517633,0.31666176902436416,0.9990835985171677,0.7380939146868483,8.193528048099552,6.412326298512693,6.412326298512693,ALGEBRAIC_GEOMETRY_ONLY__NOT_TARGET_OR_CALIBRATION
22,15,河南,ramin,0.02,3.3780120735199906,0.2960320976466996,0.9959020280623668,0.7380939146868483,36.75346132685618,16.334871700824973,16.334871700824973,ALGEBRAIC_GEOMETRY_ONLY__NOT_TARGET_OR_CALIBRATION
22,15,河南,ramax,0.09,3.3780120735199906,0.2960320976466996,0.9959020280623668,0.7380939146868483,8.167435850412486,6.3919063177141195,6.3919063177141195,ALGEBRAIC_GEOMETRY_ONLY__NOT_TARGET_OR_CALIBRATION
22,16,湖北,ramin,0.02,2.4278169491531862,0.4118926677519062,1.0140378501157663,0.7380939146868483,37.422758321629075,16.632337031835146,16.632337031835146,ALGEBRAIC_GEOMETRY_ONLY__NOT_TARGET_OR_CALIBRATION
22,16,湖北,ramax,0.09,2.4278169491531862,0.4118926677519062,1.0140378501157663,0.7380939146868483,8.316168515917573,6.508305795065926,6.508305795065926,ALGEBRAIC_GEOMETRY_ONLY__NOT_TARGET_OR_CALIBRATION
22,17,湖南,ramin,0.02,2.587173945946602,0.3865221360808492,1.0100103056790999,0.7380939146868483,37.27412301963736,16.566276897616603,16.566276897616603,ALGEBRAIC_GEOMETRY_ONLY__NOT_TARGET_OR_CALIBRATION
22,17,湖南,ramax,0.09,2.587173945946602,0.3865221360808492,1.0100103056790999,0.7380939146868483,8.283138448808302,6.4824561773282365,6.4824561773282365,ALGEBRAIC_GEOMETRY_ONLY__NOT_TARGET_OR_CALIBRATION
22,18,广东,ramin,0.02,1.9178709564556016,0.5214115144890092,1.0317989103574254,0.7380939146868483,38.078224845766826,16.92365548700748,16.92365548700748,ALGEBRAIC_GEOMETRY_ONLY__NOT_TARGET_OR_CALIBRATION
22,18,广东,ramax,0.09,1.9178709564556016,0.5214115144890092,1.0317989103574254,0.7380939146868483,8.46182774350374,6.62229997317684,6.62229997317684,ALGEBRAIC_GEOMETRY_ONLY__NOT_TARGET_OR_CALIBRATION
22,19,广西,ramin,0.02,3.4474156524915283,0.2900723616768627,0.9949866680251068,0.7380939146868483,36.71968024319373,16.319857885863883,16.319857885863883,ALGEBRAIC_GEOMETRY_ONLY__NOT_TARGET_OR_CALIBRATION
22,19,广西,ramax,0.09,3.4474156524915283,0.2900723616768627,0.9949866680251068,0.7380939146868483,8.159928942931941,6.386031346642389,6.386031346642389,ALGEBRAIC_GEOMETRY_ONLY__NOT_TARGET_OR_CALIBRATION
22,20,海南,ramin,0.02,2.9942483278127,0.3339736356237696,1.0017692158092881,0.7380939146868483,36.96998810547258,16.43110582465448,16.43110582465448,ALGEBRAIC_GEOMETRY_ONLY__NOT_TARGET_OR_CALIBRATION
22,20,海南,ramax,0.09,2.9942483278127,0.3339736356237696,1.0017692158092881,0.7380939146868483,8.21555291232724,6.429563148777841,6.429563148777841,ALGEBRAIC_GEOMETRY_ONLY__NOT_TARGET_OR_CALIBRATION
22,21,重庆,ramin,0.02,2.3451273345790495,0.42641607782014107,1.0163579152686988,0.7380939146868483,37.5083796201819,16.670390942303065,16.670390942303065,ALGEBRAIC_GEOMETRY_ONLY__NOT_TARGET_OR_CALIBRATION
22,21,重庆,ramax,0.09,2.3451273345790495,0.42641607782014107,1.0163579152686988,0.7380939146868483,8.335195471151533,6.5231964556838085,6.5231964556838085,ALGEBRAIC_GEOMETRY_ONLY__NOT_TARGET_OR_CALIBRATION
22,22,四川,ramin,0.02,2.2151300952776825,0.45144075381028254,1.0203805270633595,0.7380939146868483,37.65683288452122,16.736370170898322,16.736370170898322,ALGEBRAIC_GEOMETRY_ONLY__NOT_TARGET_OR_CALIBRATION
22,22,四川,ramax,0.09,2.2151300952776825,0.45144075381028254,1.0203805270633595,0.7380939146868483,8.368185085449161,6.549014414699344,6.549014414699344,ALGEBRAIC_GEOMETRY_ONLY__NOT_TARGET_OR_CALIBRATION
22,23,贵州,ramin,0.02,2.569430628310674,0.3891912819057003,1.0104325225617596,0.7380939146868483,37.28970480522582,16.57320213565592,16.57320213565592,ALGEBRAIC_GEOMETRY_ONLY__NOT_TARGET_OR_CALIBRATION
22,23,贵州,ramax,0.09,2.569430628310674,0.3891912819057003,1.0104325225617596,0.7380939146868483,8.28660106782796,6.485166053082751,6.485166053082751,ALGEBRAIC_GEOMETRY_ONLY__NOT_TARGET_OR_CALIBRATION
22,24,云南,ramin,0.02,3.2922430220878636,0.3037442841524571,0.9970890498855077,0.7380939146868483,36.797268006069224,16.354341336030767,16.354341336030767,ALGEBRAIC_GEOMETRY_ONLY__NOT_TARGET_OR_CALIBRATION
22,24,云南,ramax,0.09,3.2922430220878636,0.3037442841524571,0.9970890498855077,0.7380939146868483,8.177170668015384,6.399524870620736,6.399524870620736,ALGEBRAIC_GEOMETRY_ONLY__NOT_TARGET_OR_CALIBRATION
22,25,西藏,ramin,0.02,4.0942041921887125,0.24424771043610602,0.9880042469813387,0.7380939146868483,36.4619961190844,16.205331608481956,16.205331608481956,ALGEBRAIC_GEOMETRY_ONLY__NOT_TARGET_OR_CALIBRATION
22,25,西藏,ramax,0.09,4.0942041921887125,0.24424771043610602,0.9880042469813387,0.7380939146868483,8.102665804240978,6.341216716362505,6.341216716362505,ALGEBRAIC_GEOMETRY_ONLY__NOT_TARGET_OR_CALIBRATION
22,26,陕西,ramin,0.02,3.073341197586514,0.32537877694324896,1.0004340796632258,0.7380939146868483,36.92071531223823,16.40920680543921,16.40920680543921,ALGEBRAIC_GEOMETRY_ONLY__NOT_TARGET_OR_CALIBRATION
22,26,陕西,ramax,0.09,3.073341197586514,0.32537877694324896,1.0004340796632258,0.7380939146868483,8.204603402719606,6.42099396734578,6.42099396734578,ALGEBRAIC_GEOMETRY_ONLY__NOT_TARGET_OR_CALIBRATION
22,27,甘肃,ramin,0.02,3.0880519375738387,0.3238287503628131,1.0001936748583728,0.7380939146868483,36.911843246062055,16.40526366491647,16.40526366491647,ALGEBRAIC_GEOMETRY_ONLY__NOT_TARGET_OR_CALIBRATION
22,27,甘肃,ramax,0.09,3.0880519375738387,0.3238287503628131,1.0001936748583728,0.7380939146868483,8.202631832458234,6.41945099931514,6.41945099931514,ALGEBRAIC_GEOMETRY_ONLY__NOT_TARGET_OR_CALIBRATION
22,28,青海,ramin,0.02,6.4103600622467205,0.15599747756595084,0.9748297435105836,0.7380939146868483,35.97579507704514,15.989242256464507,16.07541319795478,ALGEBRAIC_GEOMETRY_ONLY__NOT_TARGET_OR_CALIBRATION
22,28,青海,ramax,0.09,6.4103600622467205,0.15599747756595084,0.9748297435105836,0.7380939146868483,7.994621128232254,6.256660013399156,6.290379077460567,ALGEBRAIC_GEOMETRY_ONLY__NOT_TARGET_OR_CALIBRATION
22,29,宁夏,ramin,0.02,5.321560805474224,0.18791479352661203,0.9795537909473538,0.7380939146868483,36.15013461033375,16.066726493481667,16.07416331102577,ALGEBRAIC_GEOMETRY_ONLY__NOT_TARGET_OR_CALIBRATION
22,29,宁夏,ramax,0.09,5.321560805474224,0.18791479352661203,0.9795537909473538,0.7380939146868483,8.033363246740834,6.286979932231957,6.289889991270954,ALGEBRAIC_GEOMETRY_ONLY__NOT_TARGET_OR_CALIBRATION
22,30,新疆,ramin,0.02,3.8450250229526786,0.2600763308510482,0.9904049885708931,0.7380939146868483,36.550594756983685,16.244708780881638,16.244708780881638,ALGEBRAIC_GEOMETRY_ONLY__NOT_TARGET_OR_CALIBRATION
22,30,新疆,ramax,0.09,3.8450250229526786,0.2600763308510482,0.9904049885708931,0.7380939146868483,8.122354390440819,6.356625175127598,6.356625175127598,ALGEBRAIC_GEOMETRY_ONLY__NOT_TARGET_OR_CALIBRATION
23,0,北京,ramin,0.02,1.7773078477979747,0.5626487280968048,1.0386488053737652,0.7380939146868483,38.33101813715704,17.036008060958682,17.036008060958682,ALGEBRAIC_GEOMETRY_ONLY__NOT_TARGET_OR_CALIBRATION
23,0,北京,ramax,0.09,1.7773078477979747,0.5626487280968048,1.0386488053737652,0.7380939146868483,8.518004030479341,6.666264023853398,6.666264023853398,ALGEBRAIC_GEOMETRY_ONLY__NOT_TARGET_OR_CALIBRATION
23,1,天津,ramin,0.02,4.833936827276745,0.20687072167704798,0.9823811706921683,0.7380939146868483,36.25447819954157,16.113101422018477,16.113101422018477,ALGEBRAIC_GEOMETRY_ONLY__NOT_TARGET_OR_CALIBRATION
23,1,天津,ramax,0.09,4.833936827276745,0.20687072167704798,0.9823811706921683,0.7380939146868483,8.056550711009239,6.305126643398535,6.305126643398535,ALGEBRAIC_GEOMETRY_ONLY__NOT_TARGET_OR_CALIBRATION
23,2,河北,ramin,0.02,3.5066142035257974,0.2851753691622333,0.9942357948589995,0.7380939146868483,36.691969497463454,16.307541998872647,16.307541998872647,ALGEBRAIC_GEOMETRY_ONLY__NOT_TARGET_OR_CALIBRATION
23,2,河北,ramax,0.09,3.5066142035257974,0.2851753691622333,0.9942357948589995,0.7380939146868483,8.153770999436324,6.381212086515384,6.381212086515384,ALGEBRAIC_GEOMETRY_ONLY__NOT_TARGET_OR_CALIBRATION
23,3,山西,ramin,0.02,3.351361415868614,0.29838620068400395,0.9962640598716732,0.7380939146868483,36.76682200062479,16.340809778055466,16.340809778055466,ALGEBRAIC_GEOMETRY_ONLY__NOT_TARGET_OR_CALIBRATION
23,3,山西,ramax,0.09,3.351361415868614,0.29838620068400395,0.9962640598716732,0.7380939146868483,8.170404889027733,6.394229913152139,6.394229913152139,ALGEBRAIC_GEOMETRY_ONLY__NOT_TARGET_OR_CALIBRATION
23,4,内蒙古,ramin,0.02,5.090775247353546,0.1964337358086772,0.9808224211775127,0.7380939146868483,36.19695302297715,16.087534676878736,16.087534676878736,ALGEBRAIC_GEOMETRY_ONLY__NOT_TARGET_OR_CALIBRATION
23,4,内蒙古,ramax,0.09,5.090775247353546,0.1964337358086772,0.9808224211775127,0.7380939146868483,8.043767338439368,6.295122264865592,6.295122264865592,ALGEBRAIC_GEOMETRY_ONLY__NOT_TARGET_OR_CALIBRATION
23,5,辽宁,ramin,0.02,3.8164352672092985,0.26202461983096403,0.9907012944759741,0.7380939146868483,36.561529836254984,16.249568816113328,16.249568816113328,ALGEBRAIC_GEOMETRY_ONLY__NOT_TARGET_OR_CALIBRATION
23,5,辽宁,ramax,0.09,3.8164352672092985,0.26202461983096403,0.9907012944759741,0.7380939146868483,8.124784408056664,6.358526928044346,6.358526928044346,ALGEBRAIC_GEOMETRY_ONLY__NOT_TARGET_OR_CALIBRATION
23,6,吉林,ramin,0.02,5.936997663959057,0.16843530292601716,0.9766652237664448,0.7380939146868483,36.0435329174141,16.019347963295154,16.074927567187743,ALGEBRAIC_GEOMETRY_ONLY__NOT_TARGET_OR_CALIBRATION
23,6,吉林,ramax,0.09,5.936997663959057,0.16843530292601716,0.9766652237664448,0.7380939146868483,8.009673981647577,6.268440507376365,6.290189048029986,ALGEBRAIC_GEOMETRY_ONLY__NOT_TARGET_OR_CALIBRATION
23,7,黑龙江,ramin,0.02,4.548102897197922,0.2198718944147236,0.9843298210285318,0.7380939146868483,36.326392547297694,16.14506335435453,16.14506335435453,ALGEBRAIC_GEOMETRY_ONLY__NOT_TARGET_OR_CALIBRATION
23,7,黑龙江,ramax,0.09,4.548102897197922,0.2198718944147236,0.9843298210285318,0.7380939146868483,8.072531677177265,6.317633486486556,6.317633486486556,ALGEBRAIC_GEOMETRY_ONLY__NOT_TARGET_OR_CALIBRATION
23,8,上海,ramin,0.02,1.8400138471144087,0.5434741708972703,1.0354524502025326,0.7380939146868483,38.213057622103804,16.98358116537947,16.98358116537947,ALGEBRAIC_GEOMETRY_ONLY__NOT_TARGET_OR_CALIBRATION
23,8,上海,ramax,0.09,1.8400138471144087,0.5434741708972703,1.0354524502025326,0.7380939146868483,8.491790582689735,6.645749151670228,6.645749151670228,ALGEBRAIC_GEOMETRY_ONLY__NOT_TARGET_OR_CALIBRATION
23,9,江苏,ramin,0.02,2.188451322834308,0.456944136506943,1.021269447684347,0.7380939146868483,37.68963822957075,16.750950324253665,16.750950324253665,ALGEBRAIC_GEOMETRY_ONLY__NOT_TARGET_OR_CALIBRATION
23,9,江苏,ramax,0.09,2.188451322834308,0.456944136506943,1.021269447684347,0.7380939146868483,8.375475162126833,6.554719692099261,6.554719692099261,ALGEBRAIC_GEOMETRY_ONLY__NOT_TARGET_OR_CALIBRATION
23,10,浙江,ramin,0.02,2.146737144929228,0.46582321564709644,1.0227068894771878,0.7380939146868483,37.74268658157137,16.774527369587275,16.774527369587275,ALGEBRAIC_GEOMETRY_ONLY__NOT_TARGET_OR_CALIBRATION
23,10,浙江,ramax,0.09,2.146737144929228,0.46582321564709644,1.0227068894771878,0.7380939146868483,8.387263684793638,6.563945492447195,6.563945492447195,ALGEBRAIC_GEOMETRY_ONLY__NOT_TARGET_OR_CALIBRATION
23,11,安徽,ramin,0.02,2.0678906686544134,0.4835845604210327,1.0255944661392895,0.7380939146868483,37.84925171969582,16.82188965319814,16.82188965319814,ALGEBRAIC_GEOMETRY_ONLY__NOT_TARGET_OR_CALIBRATION
23,11,安徽,ramax,0.09,2.0678906686544134,0.4835845604210327,1.0255944661392895,0.7380939146868483,8.41094482659907,6.582478559947099,6.582478559947099,ALGEBRAIC_GEOMETRY_ONLY__NOT_TARGET_OR_CALIBRATION
23,12,福建,ramin,0.02,2.274113138055015,0.4397318599791705,1.0184944150273652,0.7380939146868483,37.587226493711974,16.705433997205322,16.705433997205322,ALGEBRAIC_GEOMETRY_ONLY__NOT_TARGET_OR_CALIBRATION
23,12,福建,ramax,0.09,2.274113138055015,0.4397318599791705,1.0184944150273652,0.7380939146868483,8.352716998602661,6.53690895542817,6.53690895542817,ALGEBRAIC_GEOMETRY_ONLY__NOT_TARGET_OR_CALIBRATION
23,13,江西,ramin,0.02,2.242093767175539,0.4460116765141997,1.0195051232401255,0.7380939146868483,37.624526372780096,16.7220117212356,16.7220117212356,ALGEBRAIC_GEOMETRY_ONLY__NOT_TARGET_OR_CALIBRATION
23,13,江西,ramax,0.09,2.242093767175539,0.4460116765141997,1.0195051232401255,0.7380939146868483,8.3610058606178,6.543395890918278,6.543395890918278,ALGEBRAIC_GEOMETRY_ONLY__NOT_TARGET_OR_CALIBRATION
23,14,山东,ramin,0.02,3.1579435783517775,0.31666176902436266,0.9990835985171672,0.7380939146868483,36.87087621644797,16.387056096199096,16.387056096199096,ALGEBRAIC_GEOMETRY_ONLY__NOT_TARGET_OR_CALIBRATION
23,14,山东,ramax,0.09,3.1579435783517775,0.31666176902436266,0.9990835985171672,0.7380939146868483,8.193528048099548,6.41232629851269,6.41232629851269,ALGEBRAIC_GEOMETRY_ONLY__NOT_TARGET_OR_CALIBRATION
23,15,河南,ramin,0.02,3.378012073520005,0.2960320976466983,0.9959020280623664,0.7380939146868483,36.75346132685617,16.334871700824966,16.334871700824966,ALGEBRAIC_GEOMETRY_ONLY__NOT_TARGET_OR_CALIBRATION
23,15,河南,ramax,0.09,3.378012073520005,0.2960320976466983,0.9959020280623664,0.7380939146868483,8.167435850412483,6.391906317714117,6.391906317714117,ALGEBRAIC_GEOMETRY_ONLY__NOT_TARGET_OR_CALIBRATION
23,16,湖北,ramin,0.02,2.427816949153198,0.4118926677519043,1.0140378501157656,0.7380939146868483,37.42275832162905,16.63233703183513,16.63233703183513,ALGEBRAIC_GEOMETRY_ONLY__NOT_TARGET_OR_CALIBRATION
23,16,湖北,ramax,0.09,2.427816949153198,0.4118926677519043,1.0140378501157656,0.7380939146868483,8.316168515917566,6.5083057950659216,6.5083057950659216,ALGEBRAIC_GEOMETRY_ONLY__NOT_TARGET_OR_CALIBRATION
23,17,湖南,ramin,0.02,2.587173945946614,0.3865221360808474,1.010010305679099,0.7380939146868483,37.27412301963732,16.56627689761659,16.56627689761659,ALGEBRAIC_GEOMETRY_ONLY__NOT_TARGET_OR_CALIBRATION
23,17,湖南,ramax,0.09,2.587173945946614,0.3865221360808474,1.010010305679099,0.7380939146868483,8.283138448808295,6.48245617732823,6.48245617732823,ALGEBRAIC_GEOMETRY_ONLY__NOT_TARGET_OR_CALIBRATION
23,18,广东,ramin,0.02,1.9178709564556098,0.521411514489007,1.0317989103574243,0.7380939146868483,38.07822484576679,16.923655487007462,16.923655487007462,ALGEBRAIC_GEOMETRY_ONLY__NOT_TARGET_OR_CALIBRATION
23,18,广东,ramax,0.09,1.9178709564556098,0.521411514489007,1.0317989103574243,0.7380939146868483,8.461827743503731,6.622299973176833,6.622299973176833,ALGEBRAIC_GEOMETRY_ONLY__NOT_TARGET_OR_CALIBRATION
23,19,广西,ramin,0.02,3.447415652491537,0.2900723616768619,0.9949866680251063,0.7380939146868483,36.71968024319371,16.319857885863872,16.319857885863872,ALGEBRAIC_GEOMETRY_ONLY__NOT_TARGET_OR_CALIBRATION
23,19,广西,ramax,0.09,3.447415652491537,0.2900723616768619,0.9949866680251063,0.7380939146868483,8.159928942931936,6.386031346642385,6.386031346642385,ALGEBRAIC_GEOMETRY_ONLY__NOT_TARGET_OR_CALIBRATION
23,20,海南,ramin,0.02,2.994248327812713,0.3339736356237681,1.0017692158092877,0.7380939146868483,36.96998810547256,16.431105824654473,16.431105824654473,ALGEBRAIC_GEOMETRY_ONLY__NOT_TARGET_OR_CALIBRATION
23,20,海南,ramax,0.09,2.994248327812713,0.3339736356237681,1.0017692158092877,0.7380939146868483,8.215552912327237,6.429563148777837,6.429563148777837,ALGEBRAIC_GEOMETRY_ONLY__NOT_TARGET_OR_CALIBRATION
23,21,重庆,ramin,0.02,2.345127334579056,0.42641607782013985,1.0163579152686981,0.7380939146868483,37.50837962018187,16.670390942303055,16.670390942303055,ALGEBRAIC_GEOMETRY_ONLY__NOT_TARGET_OR_CALIBRATION
23,21,重庆,ramax,0.09,2.345127334579056,0.42641607782013985,1.0163579152686981,0.7380939146868483,8.335195471151527,6.523196455683804,6.523196455683804,ALGEBRAIC_GEOMETRY_ONLY__NOT_TARGET_OR_CALIBRATION
23,22,四川,ramin,0.02,2.215130095277693,0.4514407538102804,1.020380527063359,0.7380939146868483,37.65683288452121,16.736370170898315,16.736370170898315,ALGEBRAIC_GEOMETRY_ONLY__NOT_TARGET_OR_CALIBRATION
23,22,四川,ramax,0.09,2.215130095277693,0.4514407538102804,1.020380527063359,0.7380939146868483,8.368185085449158,6.549014414699341,6.549014414699341,ALGEBRAIC_GEOMETRY_ONLY__NOT_TARGET_OR_CALIBRATION
23,23,贵州,ramin,0.02,2.569430628310685,0.38919128190569857,1.0104325225617592,0.7380939146868483,37.289704805225796,16.57320213565591,16.57320213565591,ALGEBRAIC_GEOMETRY_ONLY__NOT_TARGET_OR_CALIBRATION
23,23,贵州,ramax,0.09,2.569430628310685,0.38919128190569857,1.0104325225617592,0.7380939146868483,8.286601067827956,6.485166053082748,6.485166053082748,ALGEBRAIC_GEOMETRY_ONLY__NOT_TARGET_OR_CALIBRATION
23,24,云南,ramin,0.02,3.292243022087873,0.3037442841524562,0.9970890498855073,0.7380939146868483,36.79726800606921,16.35434133603076,16.35434133603076,ALGEBRAIC_GEOMETRY_ONLY__NOT_TARGET_OR_CALIBRATION
23,24,云南,ramax,0.09,3.292243022087873,0.3037442841524562,0.9970890498855073,0.7380939146868483,8.17717066801538,6.399524870620733,6.399524870620733,ALGEBRAIC_GEOMETRY_ONLY__NOT_TARGET_OR_CALIBRATION
23,25,西藏,ramin,0.02,4.094204192188733,0.2442477104361048,0.9880042469813384,0.7380939146868483,36.46199611908439,16.205331608481952,16.205331608481952,ALGEBRAIC_GEOMETRY_ONLY__NOT_TARGET_OR_CALIBRATION
23,25,西藏,ramax,0.09,4.094204192188733,0.2442477104361048,0.9880042469813384,0.7380939146868483,8.102665804240976,6.341216716362503,6.341216716362503,ALGEBRAIC_GEOMETRY_ONLY__NOT_TARGET_OR_CALIBRATION
23,26,陕西,ramin,0.02,3.073341197586523,0.32537877694324807,1.0004340796632252,0.7380939146868483,36.92071531223821,16.409206805439204,16.409206805439204,ALGEBRAIC_GEOMETRY_ONLY__NOT_TARGET_OR_CALIBRATION
23,26,陕西,ramax,0.09,3.073341197586523,0.32537877694324807,1.0004340796632252,0.7380939146868483,8.204603402719602,6.420993967345775,6.420993967345775,ALGEBRAIC_GEOMETRY_ONLY__NOT_TARGET_OR_CALIBRATION
23,27,甘肃,ramin,0.02,3.0880519375738533,0.3238287503628116,1.0001936748583722,0.7380939146868483,36.911843246062034,16.405263664916458,16.405263664916458,ALGEBRAIC_GEOMETRY_ONLY__NOT_TARGET_OR_CALIBRATION
23,27,甘肃,ramax,0.09,3.0880519375738533,0.3238287503628116,1.0001936748583722,0.7380939146868483,8.202631832458229,6.419450999315137,6.419450999315137,ALGEBRAIC_GEOMETRY_ONLY__NOT_TARGET_OR_CALIBRATION
23,28,青海,ramin,0.02,6.410360062246751,0.1559974775659501,0.9748297435105833,0.7380939146868483,35.97579507704513,15.989242256464504,16.075413197954784,ALGEBRAIC_GEOMETRY_ONLY__NOT_TARGET_OR_CALIBRATION
23,28,青海,ramax,0.09,6.410360062246751,0.1559974775659501,0.9748297435105833,0.7380939146868483,7.994621128232252,6.256660013399154,6.2903790774605675,ALGEBRAIC_GEOMETRY_ONLY__NOT_TARGET_OR_CALIBRATION
23,29,宁夏,ramin,0.02,5.32156080547425,0.1879147935266111,0.9795537909473538,0.7380939146868483,36.15013461033375,16.066726493481667,16.07416331102577,ALGEBRAIC_GEOMETRY_ONLY__NOT_TARGET_OR_CALIBRATION
23,29,宁夏,ramax,0.09,5.32156080547425,0.1879147935266111,0.9795537909473538,0.7380939146868483,8.033363246740834,6.286979932231957,6.289889991270954,ALGEBRAIC_GEOMETRY_ONLY__NOT_TARGET_OR_CALIBRATION
23,30,新疆,ramin,0.02,3.845025022952697,0.2600763308510469,0.9904049885708924,0.7380939146868483,36.550594756983664,16.244708780881627,16.244708780881627,ALGEBRAIC_GEOMETRY_ONLY__NOT_TARGET_OR_CALIBRATION
23,30,新疆,ramax,0.09,3.845025022952697,0.2600763308510469,0.9904049885708924,0.7380939146868483,8.122354390440814,6.3566251751275935,6.3566251751275935,ALGEBRAIC_GEOMETRY_ONLY__NOT_TARGET_OR_CALIBRATION
24,0,北京,ramin,0.02,1.777307847797967,0.5626487280968073,1.0386488053737648,0.7380939146868483,38.33101813715702,17.036008060958675,17.036008060958675,ALGEBRAIC_GEOMETRY_ONLY__NOT_TARGET_OR_CALIBRATION
24,0,北京,ramax,0.09,1.777307847797967,0.5626487280968073,1.0386488053737648,0.7380939146868483,8.518004030479338,6.666264023853395,6.666264023853395,ALGEBRAIC_GEOMETRY_ONLY__NOT_TARGET_OR_CALIBRATION
24,1,天津,ramin,0.02,4.833936827276724,0.2068707216770489,0.982381170692168,0.7380939146868483,36.25447819954156,16.11310142201847,16.11310142201847,ALGEBRAIC_GEOMETRY_ONLY__NOT_TARGET_OR_CALIBRATION
24,1,天津,ramax,0.09,4.833936827276724,0.2068707216770489,0.982381170692168,0.7380939146868483,8.056550711009235,6.305126643398532,6.305126643398532,ALGEBRAIC_GEOMETRY_ONLY__NOT_TARGET_OR_CALIBRATION
24,2,河北,ramin,0.02,3.506614203525782,0.28517536916223457,0.9942357948589995,0.7380939146868483,36.691969497463454,16.307541998872647,16.307541998872647,ALGEBRAIC_GEOMETRY_ONLY__NOT_TARGET_OR_CALIBRATION
24,2,河北,ramax,0.09,3.506614203525782,0.28517536916223457,0.9942357948589995,0.7380939146868483,8.153770999436324,6.381212086515384,6.381212086515384,ALGEBRAIC_GEOMETRY_ONLY__NOT_TARGET_OR_CALIBRATION
24,3,山西,ramin,0.02,3.3513614158686,0.2983862006840053,0.996264059871673,0.7380939146868483,36.766822000624785,16.34080977805546,16.34080977805546,ALGEBRAIC_GEOMETRY_ONLY__NOT_TARGET_OR_CALIBRATION
24,3,山西,ramax,0.09,3.3513614158686,0.2983862006840053,0.996264059871673,0.7380939146868483,8.17040488902773,6.394229913152136,6.394229913152136,ALGEBRAIC_GEOMETRY_ONLY__NOT_TARGET_OR_CALIBRATION
24,4,内蒙古,ramin,0.02,5.090775247353524,0.1964337358086781,0.9808224211775124,0.7380939146868483,36.19695302297714,16.08753467687873,16.08753467687873,ALGEBRAIC_GEOMETRY_ONLY__NOT_TARGET_OR_CALIBRATION
24,4,内蒙古,ramax,0.09,5.090775247353524,0.1964337358086781,0.9808224211775124,0.7380939146868483,8.043767338439364,6.29512226486559,6.29512226486559,ALGEBRAIC_GEOMETRY_ONLY__NOT_TARGET_OR_CALIBRATION
24,5,辽宁,ramin,0.02,3.81643526720928,0.2620246198309653,0.990701294475974,0.7380939146868483,36.561529836254984,16.249568816113328,16.249568816113328,ALGEBRAIC_GEOMETRY_ONLY__NOT_TARGET_OR_CALIBRATION
24,5,辽宁,ramax,0.09,3.81643526720928,0.2620246198309653,0.990701294475974,0.7380939146868483,8.124784408056664,6.358526928044346,6.358526928044346,ALGEBRAIC_GEOMETRY_ONLY__NOT_TARGET_OR_CALIBRATION
24,6,吉林,ramin,0.02,5.936997663959031,0.1684353029260179,0.9766652237664445,0.7380939146868483,36.04353291741408,16.01934796329515,16.074927567187743,ALGEBRAIC_GEOMETRY_ONLY__NOT_TARGET_OR_CALIBRATION
24,6,吉林,ramax,0.09,5.936997663959031,0.1684353029260179,0.9766652237664445,0.7380939146868483,8.009673981647575,6.268440507376363,6.290189048029986,ALGEBRAIC_GEOMETRY_ONLY__NOT_TARGET_OR_CALIBRATION
24,7,黑龙江,ramin,0.02,4.548102897197902,0.21987189441472454,0.984329821028532,0.7380939146868483,36.326392547297694,16.14506335435453,16.14506335435453,ALGEBRAIC_GEOMETRY_ONLY__NOT_TARGET_OR_CALIBRATION
24,7,黑龙江,ramax,0.09,4.548102897197902,0.21987189441472454,0.984329821028532,0.7380939146868483,8.072531677177265,6.317633486486556,6.317633486486556,ALGEBRAIC_GEOMETRY_ONLY__NOT_TARGET_OR_CALIBRATION
24,8,上海,ramin,0.02,1.8400138471144003,0.5434741708972728,1.0354524502025322,0.7380939146868483,38.21305762210379,16.983581165379462,16.983581165379462,ALGEBRAIC_GEOMETRY_ONLY__NOT_TARGET_OR_CALIBRATION
24,8,上海,ramax,0.09,1.8400138471144003,0.5434741708972728,1.0354524502025322,0.7380939146868483,8.491790582689731,6.645749151670225,6.645749151670225,ALGEBRAIC_GEOMETRY_ONLY__NOT_TARGET_OR_CALIBRATION
24,9,江苏,ramin,0.02,2.1884513228342977,0.4569441365069451,1.0212694476843465,0.7380939146868483,37.68963822957073,16.750950324253658,16.750950324253658,ALGEBRAIC_GEOMETRY_ONLY__NOT_TARGET_OR_CALIBRATION
24,9,江苏,ramax,0.09,2.1884513228342977,0.4569441365069451,1.0212694476843465,0.7380939146868483,8.375475162126829,6.554719692099258,6.554719692099258,ALGEBRAIC_GEOMETRY_ONLY__NOT_TARGET_OR_CALIBRATION
24,10,浙江,ramin,0.02,2.1467371449292183,0.46582321564709855,1.0227068894771874,0.7380939146868483,37.742686581571355,16.77452736958727,16.77452736958727,ALGEBRAIC_GEOMETRY_ONLY__NOT_TARGET_OR_CALIBRATION
24,10,浙江,ramax,0.09,2.1467371449292183,0.46582321564709855,1.0227068894771874,0.7380939146868483,8.387263684793634,6.563945492447193,6.563945492447193,ALGEBRAIC_GEOMETRY_ONLY__NOT_TARGET_OR_CALIBRATION
24,11,安徽,ramin,0.02,2.067890668654404,0.483584560421035,1.025594466139289,0.7380939146868483,37.8492517196958,16.821889653198134,16.821889653198134,ALGEBRAIC_GEOMETRY_ONLY__NOT_TARGET_OR_CALIBRATION
24,11,安徽,ramax,0.09,2.067890668654404,0.483584560421035,1.025594466139289,0.7380939146868483,8.410944826599067,6.582478559947097,6.582478559947097,ALGEBRAIC_GEOMETRY_ONLY__NOT_TARGET_OR_CALIBRATION
24,12,福建,ramin,0.02,2.2741131380550046,0.4397318599791726,1.0184944150273647,0.7380939146868483,37.58722649371195,16.705433997205315,16.705433997205315,ALGEBRAIC_GEOMETRY_ONLY__NOT_TARGET_OR_CALIBRATION
24,12,福建,ramax,0.09,2.2741131380550046,0.4397318599791726,1.0184944150273647,0.7380939146868483,8.352716998602657,6.536908955428167,6.536908955428167,ALGEBRAIC_GEOMETRY_ONLY__NOT_TARGET_OR_CALIBRATION
24,13,江西,ramin,0.02,2.242093767175528,0.4460116765142019,1.0195051232401253,0.7380939146868483,37.62452637278009,16.722011721235596,16.722011721235596,ALGEBRAIC_GEOMETRY_ONLY__NOT_TARGET_OR_CALIBRATION
24,13,江西,ramax,0.09,2.242093767175528,0.4460116765142019,1.0195051232401253,0.7380939146868483,8.361005860617798,6.543395890918276,6.543395890918276,ALGEBRAIC_GEOMETRY_ONLY__NOT_TARGET_OR_CALIBRATION
24,14,山东,ramin,0.02,3.1579435783517633,0.3166617690243641,0.999083598517167,0.7380939146868483,36.87087621644796,16.387056096199096,16.387056096199096,ALGEBRAIC_GEOMETRY_ONLY__NOT_TARGET_OR_CALIBRATION
24,14,山东,ramax,0.09,3.1579435783517633,0.3166617690243641,0.999083598517167,0.7380939146868483,8.193528048099548,6.412326298512689,6.412326298512689,ALGEBRAIC_GEOMETRY_ONLY__NOT_TARGET_OR_CALIBRATION
24,15,河南,ramin,0.02,3.3780120735199906,0.2960320976466996,0.9959020280623663,0.7380939146868483,36.75346132685617,16.334871700824966,16.334871700824966,ALGEBRAIC_GEOMETRY_ONLY__NOT_TARGET_OR_CALIBRATION
24,15,河南,ramax,0.09,3.3780120735199906,0.2960320976466996,0.9959020280623663,0.7380939146868483,8.167435850412483,6.391906317714117,6.391906317714117,ALGEBRAIC_GEOMETRY_ONLY__NOT_TARGET_OR_CALIBRATION
24,16,湖北,ramin,0.02,2.4278169491531862,0.4118926677519062,1.0140378501157652,0.7380939146868483,37.422758321629026,16.632337031835124,16.632337031835124,ALGEBRAIC_GEOMETRY_ONLY__NOT_TARGET_OR_CALIBRATION
24,16,湖北,ramax,0.09,2.4278169491531862,0.4118926677519062,1.0140378501157652,0.7380939146868483,8.316168515917562,6.508305795065919,6.508305795065919,ALGEBRAIC_GEOMETRY_ONLY__NOT_TARGET_OR_CALIBRATION
24,17,湖南,ramin,0.02,2.587173945946602,0.3865221360808492,1.0100103056790988,0.7380939146868483,37.27412301963731,16.566276897616582,16.566276897616582,ALGEBRAIC_GEOMETRY_ONLY__NOT_TARGET_OR_CALIBRATION
24,17,湖南,ramax,0.09,2.587173945946602,0.3865221360808492,1.0100103056790988,0.7380939146868483,8.283138448808291,6.4824561773282285,6.4824561773282285,ALGEBRAIC_GEOMETRY_ONLY__NOT_TARGET_OR_CALIBRATION
24,18,广东,ramin,0.02,1.917870956455601,0.5214115144890095,1.0317989103574245,0.7380939146868483,38.0782248457668,16.923655487007466,16.923655487007466,ALGEBRAIC_GEOMETRY_ONLY__NOT_TARGET_OR_CALIBRATION
24,18,广东,ramax,0.09,1.917870956455601,0.5214115144890095,1.0317989103574245,0.7380939146868483,8.461827743503733,6.622299973176834,6.622299973176834,ALGEBRAIC_GEOMETRY_ONLY__NOT_TARGET_OR_CALIBRATION
24,19,广西,ramin,0.02,3.4474156524915203,0.29007236167686334,0.9949866680251062,0.7380939146868483,36.71968024319371,16.319857885863872,16.319857885863872,ALGEBRAIC_GEOMETRY_ONLY__NOT_TARGET_OR_CALIBRATION
24,19,广西,ramax,0.09,3.4474156524915203,0.29007236167686334,0.9949866680251062,0.7380939146868483,8.159928942931936,6.386031346642385,6.386031346642385,ALGEBRAIC_GEOMETRY_ONLY__NOT_TARGET_OR_CALIBRATION
24,20,海南,ramin,0.02,2.9942483278127,0.3339736356237696,1.0017692158092875,0.7380939146868483,36.96998810547255,16.43110582465447,16.43110582465447,ALGEBRAIC_GEOMETRY_ONLY__NOT_TARGET_OR_CALIBRATION
24,20,海南,ramax,0.09,2.9942483278127,0.3339736356237696,1.0017692158092875,0.7380939146868483,8.215552912327235,6.429563148777836,6.429563148777836,ALGEBRAIC_GEOMETRY_ONLY__NOT_TARGET_OR_CALIBRATION
24,21,重庆,ramin,0.02,2.3451273345790447,0.42641607782014196,1.016357915268698,0.7380939146868483,37.50837962018186,16.67039094230305,16.67039094230305,ALGEBRAIC_GEOMETRY_ONLY__NOT_TARGET_OR_CALIBRATION
24,21,重庆,ramax,0.09,2.3451273345790447,0.42641607782014196,1.016357915268698,0.7380939146868483,8.335195471151525,6.523196455683803,6.523196455683803,ALGEBRAIC_GEOMETRY_ONLY__NOT_TARGET_OR_CALIBRATION
24,22,四川,ramin,0.02,2.2151300952776825,0.45144075381028254,1.0203805270633584,0.7380939146868483,37.65683288452119,16.736370170898304,16.736370170898304,ALGEBRAIC_GEOMETRY_ONLY__NOT_TARGET_OR_CALIBRATION
24,22,四川,ramax,0.09,2.2151300952776825,0.45144075381028254,1.0203805270633584,0.7380939146868483,8.368185085449152,6.549014414699337,6.549014414699337,ALGEBRAIC_GEOMETRY_ONLY__NOT_TARGET_OR_CALIBRATION
24,23,贵州,ramin,0.02,2.569430628310674,0.3891912819057003,1.010432522561759,0.7380939146868483,37.28970480522579,16.573202135655908,16.573202135655908,ALGEBRAIC_GEOMETRY_ONLY__NOT_TARGET_OR_CALIBRATION
24,23,贵州,ramax,0.09,2.569430628310674,0.3891912819057003,1.010432522561759,0.7380939146868483,8.286601067827954,6.4851660530827475,6.4851660530827475,ALGEBRAIC_GEOMETRY_ONLY__NOT_TARGET_OR_CALIBRATION
24,24,云南,ramin,0.02,3.2922430220878565,0.3037442841524577,0.9970890498855071,0.7380939146868483,36.7972680060692,16.354341336030757,16.354341336030757,ALGEBRAIC_GEOMETRY_ONLY__NOT_TARGET_OR_CALIBRATION
24,24,云南,ramax,0.09,3.2922430220878565,0.3037442841524577,0.9970890498855071,0.7380939146868483,8.177170668015378,6.399524870620731,6.399524870620731,ALGEBRAIC_GEOMETRY_ONLY__NOT_TARGET_OR_CALIBRATION
24,25,西藏,ramin,0.02,4.094204192188714,0.24424771043610594,0.988004246981338,0.7380939146868483,36.46199611908437,16.205331608481945,16.205331608481945,ALGEBRAIC_GEOMETRY_ONLY__NOT_TARGET_OR_CALIBRATION
24,25,西藏,ramax,0.09,4.094204192188714,0.24424771043610594,0.988004246981338,0.7380939146868483,8.102665804240972,6.3412167163625,6.3412167163625,ALGEBRAIC_GEOMETRY_ONLY__NOT_TARGET_OR_CALIBRATION
24,26,陕西,ramin,0.02,3.0733411975865073,0.3253787769432497,1.000434079663225,0.7380939146868483,36.920715312238194,16.409206805439197,16.409206805439197,ALGEBRAIC_GEOMETRY_ONLY__NOT_TARGET_OR_CALIBRATION
24,26,陕西,ramax,0.09,3.0733411975865073,0.3253787769432497,1.000434079663225,0.7380939146868483,8.204603402719599,6.420993967345773,6.420993967345773,ALGEBRAIC_GEOMETRY_ONLY__NOT_TARGET_OR_CALIBRATION
24,27,甘肃,ramin,0.02,3.088051937573839,0.3238287503628131,1.0001936748583722,0.7380939146868483,36.911843246062034,16.405263664916458,16.405263664916458,ALGEBRAIC_GEOMETRY_ONLY__NOT_TARGET_OR_CALIBRATION
24,27,甘肃,ramax,0.09,3.088051937573839,0.3238287503628131,1.0001936748583722,0.7380939146868483,8.202631832458229,6.419450999315137,6.419450999315137,ALGEBRAIC_GEOMETRY_ONLY__NOT_TARGET_OR_CALIBRATION
24,28,青海,ramin,0.02,6.410360062246722,0.15599747756595078,0.9748297435105833,0.7380939146868483,35.97579507704513,15.989242256464504,16.075413197954784,ALGEBRAIC_GEOMETRY_ONLY__NOT_TARGET_OR_CALIBRATION
24,28,青海,ramax,0.09,6.410360062246722,0.15599747756595078,0.9748297435105833,0.7380939146868483,7.994621128232252,6.256660013399154,6.2903790774605675,ALGEBRAIC_GEOMETRY_ONLY__NOT_TARGET_OR_CALIBRATION
24,29,宁夏,ramin,0.02,5.321560805474226,0.18791479352661197,0.9795537909473535,0.7380939146868483,36.15013461033374,16.066726493481664,16.07416331102577,ALGEBRAIC_GEOMETRY_ONLY__NOT_TARGET_OR_CALIBRATION
24,29,宁夏,ramax,0.09,5.321560805474226,0.18791479352661197,0.9795537909473535,0.7380939146868483,8.033363246740832,6.286979932231955,6.289889991270954,ALGEBRAIC_GEOMETRY_ONLY__NOT_TARGET_OR_CALIBRATION
24,30,新疆,ramin,0.02,3.84502502295268,0.2600763308510481,0.9904049885708923,0.7380939146868483,36.55059475698366,16.244708780881627,16.244708780881627,ALGEBRAIC_GEOMETRY_ONLY__NOT_TARGET_OR_CALIBRATION
24,30,新疆,ramax,0.09,3.84502502295268,0.2600763308510481,0.9904049885708923,0.7380939146868483,8.122354390440814,6.356625175127593,6.356625175127593,ALGEBRAIC_GEOMETRY_ONLY__NOT_TARGET_OR_CALIBRATION
25,0,北京,ramin,0.02,1.777307847797965,0.5626487280968079,1.038648805373765,0.7380939146868483,38.33101813715703,17.036008060958682,17.036008060958682,ALGEBRAIC_GEOMETRY_ONLY__NOT_TARGET_OR_CALIBRATION
25,0,北京,ramax,0.09,1.777307847797965,0.5626487280968079,1.038648805373765,0.7380939146868483,8.518004030479341,6.6662640238533974,6.6662640238533974,ALGEBRAIC_GEOMETRY_ONLY__NOT_TARGET_OR_CALIBRATION
25,1,天津,ramin,0.02,4.83393682727672,0.20687072167704912,0.9823811706921682,0.7380939146868483,36.254478199541566,16.113101422018474,16.113101422018474,ALGEBRAIC_GEOMETRY_ONLY__NOT_TARGET_OR_CALIBRATION
25,1,天津,ramax,0.09,4.83393682727672,0.20687072167704912,0.9823811706921682,0.7380939146868483,8.056550711009237,6.305126643398534,6.305126643398534,ALGEBRAIC_GEOMETRY_ONLY__NOT_TARGET_OR_CALIBRATION
25,2,河北,ramin,0.02,3.506614203525779,0.2851753691622348,0.9942357948589994,0.7380939146868483,36.69196949746345,16.307541998872644,16.307541998872644,ALGEBRAIC_GEOMETRY_ONLY__NOT_TARGET_OR_CALIBRATION
25,2,河北,ramax,0.09,3.506614203525779,0.2851753691622348,0.9942357948589994,0.7380939146868483,8.153770999436322,6.381212086515383,6.381212086515383,ALGEBRAIC_GEOMETRY_ONLY__NOT_TARGET_OR_CALIBRATION
25,3,山西,ramin,0.02,3.3513614158685954,0.2983862006840056,0.9962640598716733,0.7380939146868483,36.7668220006248,16.340809778055466,16.340809778055466,ALGEBRAIC_GEOMETRY_ONLY__NOT_TARGET_OR_CALIBRATION
25,3,山西,ramax,0.09,3.3513614158685954,0.2983862006840056,0.9962640598716733,0.7380939146868483,8.170404889027733,6.39422991315214,6.39422991315214,ALGEBRAIC_GEOMETRY_ONLY__NOT_TARGET_OR_CALIBRATION
25,4,内蒙古,ramin,0.02,5.090775247353519,0.19643373580867832,0.9808224211775125,0.7380939146868483,36.19695302297714,16.08753467687873,16.08753467687873,ALGEBRAIC_GEOMETRY_ONLY__NOT_TARGET_OR_CALIBRATION
25,4,内蒙古,ramax,0.09,5.090775247353519,0.19643373580867832,0.9808224211775125,0.7380939146868483,8.043767338439364,6.29512226486559,6.29512226486559,ALGEBRAIC_GEOMETRY_ONLY__NOT_TARGET_OR_CALIBRATION
25,5,辽宁,ramin,0.02,3.8164352672092785,0.26202461983096537,0.9907012944759744,0.7380939146868483,36.561529836255005,16.249568816113335,16.249568816113335,ALGEBRAIC_GEOMETRY_ONLY__NOT_TARGET_OR_CALIBRATION
25,5,辽宁,ramax,0.09,3.8164352672092785,0.26202461983096537,0.9907012944759744,0.7380939146868483,8.124784408056668,6.358526928044348,6.358526928044348,ALGEBRAIC_GEOMETRY_ONLY__NOT_TARGET_OR_CALIBRATION
25,6,吉林,ramin,0.02,5.9369976639590245,0.16843530292601808,0.9766652237664447,0.7380939146868483,36.04353291741409,16.01934796329515,16.07492756718774,ALGEBRAIC_GEOMETRY_ONLY__NOT_TARGET_OR_CALIBRATION
25,6,吉林,ramax,0.09,5.9369976639590245,0.16843530292601808,0.9766652237664447,0.7380939146868483,8.009673981647575,6.268440507376364,6.290189048029985,ALGEBRAIC_GEOMETRY_ONLY__NOT_TARGET_OR_CALIBRATION
25,7,黑龙江,ramin,0.02,4.548102897197897,0.21987189441472477,0.984329821028532,0.7380939146868483,36.326392547297694,16.14506335435453,16.14506335435453,ALGEBRAIC_GEOMETRY_ONLY__NOT_TARGET_OR_CALIBRATION
25,7,黑龙江,ramax,0.09,4.548102897197897,0.21987189441472477,0.984329821028532,0.7380939146868483,8.072531677177265,6.317633486486556,6.317633486486556,ALGEBRAIC_GEOMETRY_ONLY__NOT_TARGET_OR_CALIBRATION
25,8,上海,ramin,0.02,1.8400138471143983,0.5434741708972733,1.0354524502025324,0.7380939146868483,38.2130576221038,16.983581165379466,16.983581165379466,ALGEBRAIC_GEOMETRY_ONLY__NOT_TARGET_OR_CALIBRATION
25,8,上海,ramax,0.09,1.8400138471143983,0.5434741708972733,1.0354524502025324,0.7380939146868483,8.491790582689733,6.645749151670226,6.645749151670226,ALGEBRAIC_GEOMETRY_ONLY__NOT_TARGET_OR_CALIBRATION
25,9,江苏,ramin,0.02,2.188451322834296,0.45694413650694554,1.0212694476843467,0.7380939146868483,37.68963822957074,16.750950324253665,16.750950324253665,ALGEBRAIC_GEOMETRY_ONLY__NOT_TARGET_OR_CALIBRATION
25,9,江苏,ramax,0.09,2.188451322834296,0.45694413650694554,1.0212694476843467,0.7380939146868483,8.375475162126833,6.55471969209926,6.55471969209926,ALGEBRAIC_GEOMETRY_ONLY__NOT_TARGET_OR_CALIBRATION
25,10,浙江,ramin,0.02,2.1467371449292165,0.465823215647099,1.0227068894771874,0.7380939146868483,37.742686581571355,16.77452736958727,16.77452736958727,ALGEBRAIC_GEOMETRY_ONLY__NOT_TARGET_OR_CALIBRATION
25,10,浙江,ramax,0.09,2.1467371449292165,0.465823215647099,1.0227068894771874,0.7380939146868483,8.387263684793634,6.563945492447193,6.563945492447193,ALGEBRAIC_GEOMETRY_ONLY__NOT_TARGET_OR_CALIBRATION
25,11,安徽,ramin,0.02,2.067890668654402,0.4835845604210355,1.0255944661392893,0.7380939146868483,37.849251719695815,16.82188965319814,16.82188965319814,ALGEBRAIC_GEOMETRY_ONLY__NOT_TARGET_OR_CALIBRATION
25,11,安徽,ramax,0.09,2.067890668654402,0.4835845604210355,1.0255944661392893,0.7380939146868483,8.41094482659907,6.5824785599470985,6.5824785599470985,ALGEBRAIC_GEOMETRY_ONLY__NOT_TARGET_OR_CALIBRATION
25,12,福建,ramin,0.02,2.274113138055003,0.4397318599791729,1.018494415027365,0.7380939146868483,37.58722649371197,16.70543399720532,16.70543399720532,ALGEBRAIC_GEOMETRY_ONLY__NOT_TARGET_OR_CALIBRATION
25,12,福建,ramax,0.09,2.274113138055003,0.4397318599791729,1.018494415027365,0.7380939146868483,8.35271699860266,6.536908955428169,6.536908955428169,ALGEBRAIC_GEOMETRY_ONLY__NOT_TARGET_OR_CALIBRATION
25,13,江西,ramin,0.02,2.242093767175527,0.44601167651420204,1.0195051232401258,0.7380939146868483,37.6245263727801,16.722011721235603,16.722011721235603,ALGEBRAIC_GEOMETRY_ONLY__NOT_TARGET_OR_CALIBRATION
25,13,江西,ramax,0.09,2.242093767175527,0.44601167651420204,1.0195051232401258,0.7380939146868483,8.361005860617801,6.543395890918279,6.543395890918279,ALGEBRAIC_GEOMETRY_ONLY__NOT_TARGET_OR_CALIBRATION
25,14,山东,ramin,0.02,3.1579435783517598,0.3166617690243645,0.999083598517167,0.7380939146868483,36.87087621644796,16.387056096199096,16.387056096199096,ALGEBRAIC_GEOMETRY_ONLY__NOT_TARGET_OR_CALIBRATION
25,14,山东,ramax,0.09,3.1579435783517598,0.3166617690243645,0.999083598517167,0.7380939146868483,8.193528048099548,6.412326298512689,6.412326298512689,ALGEBRAIC_GEOMETRY_ONLY__NOT_TARGET_OR_CALIBRATION
25,15,河南,ramin,0.02,3.378012073519987,0.2960320976466999,0.9959020280623665,0.7380939146868483,36.753461326856176,16.334871700824966,16.334871700824966,ALGEBRAIC_GEOMETRY_ONLY__NOT_TARGET_OR_CALIBRATION
25,15,河南,ramax,0.09,3.378012073519987,0.2960320976466999,0.9959020280623665,0.7380939146868483,8.167435850412483,6.391906317714118,6.391906317714118,ALGEBRAIC_GEOMETRY_ONLY__NOT_TARGET_OR_CALIBRATION
25,16,湖北,ramin,0.02,2.427816949153184,0.41189266775190664,1.0140378501157654,0.7380939146868483,37.42275832162904,16.632337031835128,16.632337031835128,ALGEBRAIC_GEOMETRY_ONLY__NOT_TARGET_OR_CALIBRATION
25,16,湖北,ramax,0.09,2.427816949153184,0.41189266775190664,1.0140378501157654,0.7380939146868483,8.316168515917564,6.508305795065921,6.508305795065921,ALGEBRAIC_GEOMETRY_ONLY__NOT_TARGET_OR_CALIBRATION
25,17,湖南,ramin,0.02,2.587173945946599,0.38652213608084957,1.010010305679099,0.7380939146868483,37.27412301963732,16.56627689761659,16.56627689761659,ALGEBRAIC_GEOMETRY_ONLY__NOT_TARGET_OR_CALIBRATION
25,17,湖南,ramax,0.09,2.587173945946599,0.38652213608084957,1.010010305679099,0.7380939146868483,8.283138448808295,6.48245617732823,6.48245617732823,ALGEBRAIC_GEOMETRY_ONLY__NOT_TARGET_OR_CALIBRATION
25,18,广东,ramin,0.02,1.9178709564555994,0.5214115144890099,1.0317989103574245,0.7380939146868483,38.0782248457668,16.923655487007466,16.923655487007466,ALGEBRAIC_GEOMETRY_ONLY__NOT_TARGET_OR_CALIBRATION
25,18,广东,ramax,0.09,1.9178709564555994,0.5214115144890099,1.0317989103574245,0.7380939146868483,8.461827743503733,6.622299973176834,6.622299973176834,ALGEBRAIC_GEOMETRY_ONLY__NOT_TARGET_OR_CALIBRATION
25,19,广西,ramin,0.02,3.447415652491519,0.29007236167686345,0.9949866680251063,0.7380939146868483,36.71968024319371,16.319857885863872,16.319857885863872,ALGEBRAIC_GEOMETRY_ONLY__NOT_TARGET_OR_CALIBRATION
25,19,广西,ramax,0.09,3.447415652491519,0.29007236167686345,0.9949866680251063,0.7380939146868483,8.159928942931936,6.386031346642385,6.386031346642385,ALGEBRAIC_GEOMETRY_ONLY__NOT_TARGET_OR_CALIBRATION
25,20,海南,ramin,0.02,2.994248327812697,0.3339736356237699,1.0017692158092877,0.7380939146868483,36.96998810547256,16.431105824654473,16.431105824654473,ALGEBRAIC_GEOMETRY_ONLY__NOT_TARGET_OR_CALIBRATION
25,20,海南,ramax,0.09,2.994248327812697,0.3339736356237699,1.0017692158092877,0.7380939146868483,8.215552912327237,6.429563148777837,6.429563148777837,ALGEBRAIC_GEOMETRY_ONLY__NOT_TARGET_OR_CALIBRATION
25,21,重庆,ramin,0.02,2.3451273345790438,0.4264160778201421,1.0163579152686983,0.7380939146868483,37.50837962018188,16.670390942303058,16.670390942303058,ALGEBRAIC_GEOMETRY_ONLY__NOT_TARGET_OR_CALIBRATION
25,21,重庆,ramax,0.09,2.3451273345790438,0.4264160778201421,1.0163579152686983,0.7380939146868483,8.335195471151529,6.523196455683806,6.523196455683806,ALGEBRAIC_GEOMETRY_ONLY__NOT_TARGET_OR_CALIBRATION
25,22,四川,ramin,0.02,2.2151300952776807,0.4514407538102829,1.0203805270633584,0.7380939146868483,37.65683288452119,16.736370170898304,16.736370170898304,ALGEBRAIC_GEOMETRY_ONLY__NOT_TARGET_OR_CALIBRATION
25,22,四川,ramax,0.09,2.2151300952776807,0.4514407538102829,1.0203805270633584,0.7380939146868483,8.368185085449152,6.549014414699337,6.549014414699337,ALGEBRAIC_GEOMETRY_ONLY__NOT_TARGET_OR_CALIBRATION
25,23,贵州,ramin,0.02,2.5694306283106703,0.3891912819057008,1.0104325225617592,0.7380939146868483,37.289704805225796,16.57320213565591,16.57320213565591,ALGEBRAIC_GEOMETRY_ONLY__NOT_TARGET_OR_CALIBRATION
25,23,贵州,ramax,0.09,2.5694306283106703,0.3891912819057008,1.0104325225617592,0.7380939146868483,8.286601067827956,6.485166053082748,6.485166053082748,ALGEBRAIC_GEOMETRY_ONLY__NOT_TARGET_OR_CALIBRATION
25,24,云南,ramin,0.02,3.292243022087855,0.3037442841524578,0.9970890498855076,0.7380939146868483,36.797268006069224,16.354341336030767,16.354341336030767,ALGEBRAIC_GEOMETRY_ONLY__NOT_TARGET_OR_CALIBRATION
25,24,云南,ramax,0.09,3.292243022087855,0.3037442841524578,0.9970890498855076,0.7380939146868483,8.177170668015384,6.399524870620735,6.399524870620735,ALGEBRAIC_GEOMETRY_ONLY__NOT_TARGET_OR_CALIBRATION
25,25,西藏,ramin,0.02,4.09420419218871,0.24424771043610619,0.9880042469813383,0.7380939146868483,36.46199611908438,16.20533160848195,16.20533160848195,ALGEBRAIC_GEOMETRY_ONLY__NOT_TARGET_OR_CALIBRATION
25,25,西藏,ramax,0.09,4.09420419218871,0.24424771043610619,0.9880042469813383,0.7380939146868483,8.102665804240974,6.341216716362502,6.341216716362502,ALGEBRAIC_GEOMETRY_ONLY__NOT_TARGET_OR_CALIBRATION
25,26,陕西,ramin,0.02,3.073341197586506,0.3253787769432498,1.0004340796632254,0.7380939146868483,36.92071531223821,16.409206805439204,16.409206805439204,ALGEBRAIC_GEOMETRY_ONLY__NOT_TARGET_OR_CALIBRATION
25,26,陕西,ramax,0.09,3.073341197586506,0.3253787769432498,1.0004340796632254,0.7380939146868483,8.204603402719602,6.420993967345776,6.420993967345776,ALGEBRAIC_GEOMETRY_ONLY__NOT_TARGET_OR_CALIBRATION
25,27,甘肃,ramin,0.02,3.0880519375738356,0.32382875036281344,1.0001936748583722,0.7380939146868483,36.911843246062034,16.405263664916458,16.405263664916458,ALGEBRAIC_GEOMETRY_ONLY__NOT_TARGET_OR_CALIBRATION
25,27,甘肃,ramax,0.09,3.0880519375738356,0.32382875036281344,1.0001936748583722,0.7380939146868483,8.202631832458229,6.419450999315137,6.419450999315137,ALGEBRAIC_GEOMETRY_ONLY__NOT_TARGET_OR_CALIBRATION
25,28,青海,ramin,0.02,6.410360062246715,0.15599747756595098,0.9748297435105832,0.7380939146868483,35.97579507704513,15.9892422564645,16.07541319795478,ALGEBRAIC_GEOMETRY_ONLY__NOT_TARGET_OR_CALIBRATION
25,28,青海,ramax,0.09,6.410360062246715,0.15599747756595098,0.9748297435105832,0.7380939146868483,7.99462112823225,6.256660013399153,6.290379077460567,ALGEBRAIC_GEOMETRY_ONLY__NOT_TARGET_OR_CALIBRATION
25,29,宁夏,ramin,0.02,5.32156080547422,0.18791479352661217,0.979553790947354,0.7380939146868483,36.15013461033375,16.066726493481667,16.074163311025767,ALGEBRAIC_GEOMETRY_ONLY__NOT_TARGET_OR_CALIBRATION
25,29,宁夏,ramax,0.09,5.32156080547422,0.18791479352661217,0.979553790947354,0.7380939146868483,8.033363246740834,6.286979932231957,6.289889991270953,ALGEBRAIC_GEOMETRY_ONLY__NOT_TARGET_OR_CALIBRATION
25,30,新疆,ramin,0.02,3.8450250229526746,0.2600763308510485,0.9904049885708925,0.7380939146868483,36.550594756983664,16.244708780881627,16.244708780881627,ALGEBRAIC_GEOMETRY_ONLY__NOT_TARGET_OR_CALIBRATION
25,30,新疆,ramax,0.09,3.8450250229526746,0.2600763308510485,0.9904049885708925,0.7380939146868483,8.122354390440814,6.3566251751275935,6.3566251751275935,ALGEBRAIC_GEOMETRY_ONLY__NOT_TARGET_OR_CALIBRATION
