classification,path,turn,province_index,province,static_raw_S_transpose_ra0,static_clipped_same_turn_S,persisted_next_allocation_payoff_if_available,next_allocation_payoff_validation_status,raw_minus_clipped
STATIC_NO_FEEDBACK_COUNTERFACTUAL,A_EQUAL_SHARE,1,0,北京,0.8978496320238214,0.0900000000000001,0.09000000000000001,VALIDATED_SAME_S_AND_NEXT_ALLOCATION_PAYOFF,0.8078496320238213
STATIC_NO_FEEDBACK_COUNTERFACTUAL,A_EQUAL_SHARE,1,1,天津,0.4061068835460006,0.08999999999999994,0.09000000000000002,VALIDATED_SAME_S_AND_NEXT_ALLOCATION_PAYOFF,0.3161068835460007
STATIC_NO_FEEDBACK_COUNTERFACTUAL,A_EQUAL_SHARE,1,2,河北,0.3369307965893905,0.08999999999999986,0.08999999999999997,VALIDATED_SAME_S_AND_NEXT_ALLOCATION_PAYOFF,0.24693079658939066
STATIC_NO_FEEDBACK_COUNTERFACTUAL,A_EQUAL_SHARE,1,3,山西,0.42939791822233303,0.08999999999999998,0.08999999999999998,VALIDATED_SAME_S_AND_NEXT_ALLOCATION_PAYOFF,0.33939791822233306
STATIC_NO_FEEDBACK_COUNTERFACTUAL,A_EQUAL_SHARE,1,4,内蒙古,0.3361610544454017,0.09000000000000014,0.09000000000000004,VALIDATED_SAME_S_AND_NEXT_ALLOCATION_PAYOFF,0.24616105444540154
STATIC_NO_FEEDBACK_COUNTERFACTUAL,A_EQUAL_SHARE,1,5,辽宁,0.35897889609626965,0.08999999999999994,0.09000000000000001,VALIDATED_SAME_S_AND_NEXT_ALLOCATION_PAYOFF,0.2689788960962697
STATIC_NO_FEEDBACK_COUNTERFACTUAL,A_EQUAL_SHARE,1,6,吉林,0.2846203371240753,0.08999999999999991,0.09,VALIDATED_SAME_S_AND_NEXT_ALLOCATION_PAYOFF,0.1946203371240754
STATIC_NO_FEEDBACK_COUNTERFACTUAL,A_EQUAL_SHARE,1,7,黑龙江,0.3171025810332739,0.09000000000000005,0.09,VALIDATED_SAME_S_AND_NEXT_ALLOCATION_PAYOFF,0.22710258103327383
STATIC_NO_FEEDBACK_COUNTERFACTUAL,A_EQUAL_SHARE,1,8,上海,0.8420989027536409,0.09000000000000008,0.09,VALIDATED_SAME_S_AND_NEXT_ALLOCATION_PAYOFF,0.7520989027536408
STATIC_NO_FEEDBACK_COUNTERFACTUAL,A_EQUAL_SHARE,1,9,江苏,0.5289199495342403,0.09000000000000008,0.09,VALIDATED_SAME_S_AND_NEXT_ALLOCATION_PAYOFF,0.4389199495342402
STATIC_NO_FEEDBACK_COUNTERFACTUAL,A_EQUAL_SHARE,1,10,浙江,0.5836822658477699,0.09000000000000004,0.09000000000000004,VALIDATED_SAME_S_AND_NEXT_ALLOCATION_PAYOFF,0.4936822658477699
STATIC_NO_FEEDBACK_COUNTERFACTUAL,A_EQUAL_SHARE,1,11,安徽,0.6237456881451301,0.09000000000000005,0.09000000000000001,VALIDATED_SAME_S_AND_NEXT_ALLOCATION_PAYOFF,0.53374568814513
STATIC_NO_FEEDBACK_COUNTERFACTUAL,A_EQUAL_SHARE,1,12,福建,0.6102260287549272,0.09000000000000001,0.09000000000000001,VALIDATED_SAME_S_AND_NEXT_ALLOCATION_PAYOFF,0.5202260287549272
STATIC_NO_FEEDBACK_COUNTERFACTUAL,A_EQUAL_SHARE,1,13,江西,0.6161348811851372,0.09000000000000011,0.09000000000000001,VALIDATED_SAME_S_AND_NEXT_ALLOCATION_PAYOFF,0.5261348811851371
STATIC_NO_FEEDBACK_COUNTERFACTUAL,A_EQUAL_SHARE,1,14,山东,0.35322531762061843,0.09000000000000001,0.09000000000000001,VALIDATED_SAME_S_AND_NEXT_ALLOCATION_PAYOFF,0.2632253176206184
STATIC_NO_FEEDBACK_COUNTERFACTUAL,A_EQUAL_SHARE,1,15,河南,0.32779870143437684,0.09000000000000007,0.08999999999999997,VALIDATED_SAME_S_AND_NEXT_ALLOCATION_PAYOFF,0.23779870143437676
STATIC_NO_FEEDBACK_COUNTERFACTUAL,A_EQUAL_SHARE,1,16,湖北,0.5246971299707676,0.08999999999999998,0.08999999999999998,VALIDATED_SAME_S_AND_NEXT_ALLOCATION_PAYOFF,0.4346971299707676
STATIC_NO_FEEDBACK_COUNTERFACTUAL,A_EQUAL_SHARE,1,17,湖南,0.4769445287788159,0.09000000000000002,0.09000000000000002,VALIDATED_SAME_S_AND_NEXT_ALLOCATION_PAYOFF,0.38694452877881585
STATIC_NO_FEEDBACK_COUNTERFACTUAL,A_EQUAL_SHARE,1,18,广东,0.5539766140937659,0.09000000000000005,0.08999999999999998,VALIDATED_SAME_S_AND_NEXT_ALLOCATION_PAYOFF,0.4639766140937658
STATIC_NO_FEEDBACK_COUNTERFACTUAL,A_EQUAL_SHARE,1,19,广西,0.38024089567742864,0.08999999999999996,0.08999999999999998,VALIDATED_SAME_S_AND_NEXT_ALLOCATION_PAYOFF,0.29024089567742867
STATIC_NO_FEEDBACK_COUNTERFACTUAL,A_EQUAL_SHARE,1,20,海南,0.6727594418842888,0.09000000000000004,0.09,VALIDATED_SAME_S_AND_NEXT_ALLOCATION_PAYOFF,0.5827594418842887
STATIC_NO_FEEDBACK_COUNTERFACTUAL,A_EQUAL_SHARE,1,21,重庆,0.6382829536507315,0.08999999999999998,0.08999999999999998,VALIDATED_SAME_S_AND_NEXT_ALLOCATION_PAYOFF,0.5482829536507315
STATIC_NO_FEEDBACK_COUNTERFACTUAL,A_EQUAL_SHARE,1,22,四川,0.5301096880622991,0.09,0.08999999999999998,VALIDATED_SAME_S_AND_NEXT_ALLOCATION_PAYOFF,0.4401096880622991
STATIC_NO_FEEDBACK_COUNTERFACTUAL,A_EQUAL_SHARE,1,23,贵州,0.5570132737445812,0.09000000000000004,0.09,VALIDATED_SAME_S_AND_NEXT_ALLOCATION_PAYOFF,0.4670132737445812
STATIC_NO_FEEDBACK_COUNTERFACTUAL,A_EQUAL_SHARE,1,24,云南,0.4032365573523681,0.08999999999999997,0.08999999999999997,VALIDATED_SAME_S_AND_NEXT_ALLOCATION_PAYOFF,0.3132365573523681
STATIC_NO_FEEDBACK_COUNTERFACTUAL,A_EQUAL_SHARE,1,25,西藏,0.6271931217878621,0.08999999999999997,0.08999999999999998,VALIDATED_SAME_S_AND_NEXT_ALLOCATION_PAYOFF,0.5371931217878622
STATIC_NO_FEEDBACK_COUNTERFACTUAL,A_EQUAL_SHARE,1,26,陕西,0.4544332870599197,0.09,0.09,VALIDATED_SAME_S_AND_NEXT_ALLOCATION_PAYOFF,0.36443328705991973
STATIC_NO_FEEDBACK_COUNTERFACTUAL,A_EQUAL_SHARE,1,27,甘肃,0.5077975242704718,0.09,0.09,VALIDATED_SAME_S_AND_NEXT_ALLOCATION_PAYOFF,0.4177975242704718
STATIC_NO_FEEDBACK_COUNTERFACTUAL,A_EQUAL_SHARE,1,28,青海,0.36993988971156055,0.09,0.09,VALIDATED_SAME_S_AND_NEXT_ALLOCATION_PAYOFF,0.2799398897115606
STATIC_NO_FEEDBACK_COUNTERFACTUAL,A_EQUAL_SHARE,1,29,宁夏,0.41378611560448686,0.09000000000000001,0.09000000000000001,VALIDATED_SAME_S_AND_NEXT_ALLOCATION_PAYOFF,0.32378611560448683
STATIC_NO_FEEDBACK_COUNTERFACTUAL,A_EQUAL_SHARE,1,30,新疆,0.4019226278079459,0.09,0.09,VALIDATED_SAME_S_AND_NEXT_ALLOCATION_PAYOFF,0.3119226278079459
STATIC_NO_FEEDBACK_COUNTERFACTUAL,A_EQUAL_SHARE,2,0,北京,1.0144126697489741,0.0900000000000001,0.09000000000000001,VALIDATED_SAME_S_AND_NEXT_ALLOCATION_PAYOFF,0.9244126697489741
STATIC_NO_FEEDBACK_COUNTERFACTUAL,A_EQUAL_SHARE,2,1,天津,0.43532727322202985,0.08999999999999994,0.09000000000000002,VALIDATED_SAME_S_AND_NEXT_ALLOCATION_PAYOFF,0.34532727322202994
STATIC_NO_FEEDBACK_COUNTERFACTUAL,A_EQUAL_SHARE,2,2,河北,0.35153708564382885,0.08999999999999986,0.08999999999999997,VALIDATED_SAME_S_AND_NEXT_ALLOCATION_PAYOFF,0.261537085643829
STATIC_NO_FEEDBACK_COUNTERFACTUAL,A_EQUAL_SHARE,2,3,山西,0.4571191281907806,0.08999999999999998,0.08999999999999998,VALIDATED_SAME_S_AND_NEXT_ALLOCATION_PAYOFF,0.36711912819078063
STATIC_NO_FEEDBACK_COUNTERFACTUAL,A_EQUAL_SHARE,2,4,内蒙古,0.35614948532452756,0.09000000000000014,0.09000000000000004,VALIDATED_SAME_S_AND_NEXT_ALLOCATION_PAYOFF,0.2661494853245274
STATIC_NO_FEEDBACK_COUNTERFACTUAL,A_EQUAL_SHARE,2,5,辽宁,0.3784800042149617,0.08999999999999994,0.09000000000000001,VALIDATED_SAME_S_AND_NEXT_ALLOCATION_PAYOFF,0.2884800042149618
STATIC_NO_FEEDBACK_COUNTERFACTUAL,A_EQUAL_SHARE,2,6,吉林,0.29789022376705687,0.08999999999999991,0.09,VALIDATED_SAME_S_AND_NEXT_ALLOCATION_PAYOFF,0.20789022376705696
STATIC_NO_FEEDBACK_COUNTERFACTUAL,A_EQUAL_SHARE,2,7,黑龙江,0.3336348344763714,0.09000000000000005,0.09,VALIDATED_SAME_S_AND_NEXT_ALLOCATION_PAYOFF,0.24363483447637133
STATIC_NO_FEEDBACK_COUNTERFACTUAL,A_EQUAL_SHARE,2,8,上海,0.942931345023594,0.09000000000000008,0.09,VALIDATED_SAME_S_AND_NEXT_ALLOCATION_PAYOFF,0.8529313450235939
STATIC_NO_FEEDBACK_COUNTERFACTUAL,A_EQUAL_SHARE,2,9,江苏,0.5601169290216892,0.09000000000000008,0.09,VALIDATED_SAME_S_AND_NEXT_ALLOCATION_PAYOFF,0.4701169290216891
STATIC_NO_FEEDBACK_COUNTERFACTUAL,A_EQUAL_SHARE,2,10,浙江,0.6241722193372352,0.09000000000000004,0.09000000000000004,VALIDATED_SAME_S_AND_NEXT_ALLOCATION_PAYOFF,0.5341722193372351
STATIC_NO_FEEDBACK_COUNTERFACTUAL,A_EQUAL_SHARE,2,11,安徽,0.6695166083731492,0.09000000000000005,0.09000000000000001,VALIDATED_SAME_S_AND_NEXT_ALLOCATION_PAYOFF,0.5795166083731491
STATIC_NO_FEEDBACK_COUNTERFACTUAL,A_EQUAL_SHARE,2,12,福建,0.6596190479913645,0.09000000000000001,0.09000000000000001,VALIDATED_SAME_S_AND_NEXT_ALLOCATION_PAYOFF,0.5696190479913645
STATIC_NO_FEEDBACK_COUNTERFACTUAL,A_EQUAL_SHARE,2,13,江西,0.6650723806715346,0.09000000000000011,0.09000000000000001,VALIDATED_SAME_S_AND_NEXT_ALLOCATION_PAYOFF,0.5750723806715345
STATIC_NO_FEEDBACK_COUNTERFACTUAL,A_EQUAL_SHARE,2,14,山东,0.367877831006992,0.09000000000000001,0.09000000000000001,VALIDATED_SAME_S_AND_NEXT_ALLOCATION_PAYOFF,0.277877831006992
STATIC_NO_FEEDBACK_COUNTERFACTUAL,A_EQUAL_SHARE,2,15,河南,0.3405112473017412,0.09000000000000007,0.08999999999999997,VALIDATED_SAME_S_AND_NEXT_ALLOCATION_PAYOFF,0.2505112473017411
STATIC_NO_FEEDBACK_COUNTERFACTUAL,A_EQUAL_SHARE,2,16,湖北,0.5586894996239563,0.08999999999999998,0.08999999999999998,VALIDATED_SAME_S_AND_NEXT_ALLOCATION_PAYOFF,0.46868949962395634
STATIC_NO_FEEDBACK_COUNTERFACTUAL,A_EQUAL_SHARE,2,17,湖南,0.5044325293447853,0.09000000000000002,0.09000000000000002,VALIDATED_SAME_S_AND_NEXT_ALLOCATION_PAYOFF,0.4144325293447853
STATIC_NO_FEEDBACK_COUNTERFACTUAL,A_EQUAL_SHARE,2,18,广东,0.5823748908237494,0.09000000000000005,0.08999999999999998,VALIDATED_SAME_S_AND_NEXT_ALLOCATION_PAYOFF,0.4923748908237493
STATIC_NO_FEEDBACK_COUNTERFACTUAL,A_EQUAL_SHARE,2,19,广西,0.40055475620227726,0.08999999999999996,0.08999999999999998,VALIDATED_SAME_S_AND_NEXT_ALLOCATION_PAYOFF,0.3105547562022773
STATIC_NO_FEEDBACK_COUNTERFACTUAL,A_EQUAL_SHARE,2,20,海南,0.7321782661104417,0.09000000000000004,0.09,VALIDATED_SAME_S_AND_NEXT_ALLOCATION_PAYOFF,0.6421782661104416
STATIC_NO_FEEDBACK_COUNTERFACTUAL,A_EQUAL_SHARE,2,21,重庆,0.6954784616343411,0.08999999999999998,0.08999999999999998,VALIDATED_SAME_S_AND_NEXT_ALLOCATION_PAYOFF,0.6054784616343412
STATIC_NO_FEEDBACK_COUNTERFACTUAL,A_EQUAL_SHARE,2,22,四川,0.5604306737539164,0.09,0.08999999999999998,VALIDATED_SAME_S_AND_NEXT_ALLOCATION_PAYOFF,0.47043067375391645
STATIC_NO_FEEDBACK_COUNTERFACTUAL,A_EQUAL_SHARE,2,23,贵州,0.599644836619208,0.09000000000000004,0.09,VALIDATED_SAME_S_AND_NEXT_ALLOCATION_PAYOFF,0.5096448366192079
STATIC_NO_FEEDBACK_COUNTERFACTUAL,A_EQUAL_SHARE,2,24,云南,0.42604305784902446,0.08999999999999997,0.08999999999999997,VALIDATED_SAME_S_AND_NEXT_ALLOCATION_PAYOFF,0.3360430578490245
STATIC_NO_FEEDBACK_COUNTERFACTUAL,A_EQUAL_SHARE,2,25,西藏,0.6873389709190686,0.08999999999999997,0.08999999999999998,VALIDATED_SAME_S_AND_NEXT_ALLOCATION_PAYOFF,0.5973389709190686
STATIC_NO_FEEDBACK_COUNTERFACTUAL,A_EQUAL_SHARE,2,26,陕西,0.4841297901489383,0.09,0.09,VALIDATED_SAME_S_AND_NEXT_ALLOCATION_PAYOFF,0.39412979014893834
STATIC_NO_FEEDBACK_COUNTERFACTUAL,A_EQUAL_SHARE,2,27,甘肃,0.5353474669548602,0.09,0.09,VALIDATED_SAME_S_AND_NEXT_ALLOCATION_PAYOFF,0.44534746695486027
STATIC_NO_FEEDBACK_COUNTERFACTUAL,A_EQUAL_SHARE,2,28,青海,0.38789657725548266,0.09,0.09,VALIDATED_SAME_S_AND_NEXT_ALLOCATION_PAYOFF,0.2978965772554827
STATIC_NO_FEEDBACK_COUNTERFACTUAL,A_EQUAL_SHARE,2,29,宁夏,0.4371097648700026,0.09000000000000001,0.09000000000000001,VALIDATED_SAME_S_AND_NEXT_ALLOCATION_PAYOFF,0.34710976487000256
STATIC_NO_FEEDBACK_COUNTERFACTUAL,A_EQUAL_SHARE,2,30,新疆,0.42831266369233967,0.09,0.09,VALIDATED_SAME_S_AND_NEXT_ALLOCATION_PAYOFF,0.3383126636923397
STATIC_NO_FEEDBACK_COUNTERFACTUAL,A_EQUAL_SHARE,3,0,北京,1.037193115996112,0.0900000000000001,0.09000000000000001,VALIDATED_SAME_S_AND_NEXT_ALLOCATION_PAYOFF,0.947193115996112
STATIC_NO_FEEDBACK_COUNTERFACTUAL,A_EQUAL_SHARE,3,1,天津,0.43842604656374684,0.08999999999999994,0.09000000000000002,VALIDATED_SAME_S_AND_NEXT_ALLOCATION_PAYOFF,0.34842604656374687
STATIC_NO_FEEDBACK_COUNTERFACTUAL,A_EQUAL_SHARE,3,2,河北,0.35278781314161023,0.08999999999999986,0.08999999999999997,VALIDATED_SAME_S_AND_NEXT_ALLOCATION_PAYOFF,0.26278781314161037
STATIC_NO_FEEDBACK_COUNTERFACTUAL,A_EQUAL_SHARE,3,3,山西,0.4598952782762088,0.08999999999999998,0.08999999999999998,VALIDATED_SAME_S_AND_NEXT_ALLOCATION_PAYOFF,0.3698952782762088
STATIC_NO_FEEDBACK_COUNTERFACTUAL,A_EQUAL_SHARE,3,4,内蒙古,0.35809165205413646,0.09000000000000014,0.09000000000000004,VALIDATED_SAME_S_AND_NEXT_ALLOCATION_PAYOFF,0.2680916520541363
STATIC_NO_FEEDBACK_COUNTERFACTUAL,A_EQUAL_SHARE,3,5,辽宁,0.3802739725248936,0.08999999999999994,0.09000000000000001,VALIDATED_SAME_S_AND_NEXT_ALLOCATION_PAYOFF,0.2902739725248936
STATIC_NO_FEEDBACK_COUNTERFACTUAL,A_EQUAL_SHARE,3,6,吉林,0.2993351318109907,0.08999999999999991,0.09,VALIDATED_SAME_S_AND_NEXT_ALLOCATION_PAYOFF,0.20933513181099078
STATIC_NO_FEEDBACK_COUNTERFACTUAL,A_EQUAL_SHARE,3,7,黑龙江,0.3352072741010874,0.09000000000000005,0.09,VALIDATED_SAME_S_AND_NEXT_ALLOCATION_PAYOFF,0.24520727410108736
STATIC_NO_FEEDBACK_COUNTERFACTUAL,A_EQUAL_SHARE,3,8,上海,0.9614409543518165,0.09000000000000008,0.09,VALIDATED_SAME_S_AND_NEXT_ALLOCATION_PAYOFF,0.8714409543518165
STATIC_NO_FEEDBACK_COUNTERFACTUAL,A_EQUAL_SHARE,3,9,江苏,0.5638327480084395,0.09000000000000008,0.09,VALIDATED_SAME_S_AND_NEXT_ALLOCATION_PAYOFF,0.47383274800843944
STATIC_NO_FEEDBACK_COUNTERFACTUAL,A_EQUAL_SHARE,3,10,浙江,0.6293629066865896,0.09000000000000004,0.09000000000000004,VALIDATED_SAME_S_AND_NEXT_ALLOCATION_PAYOFF,0.5393629066865895
STATIC_NO_FEEDBACK_COUNTERFACTUAL,A_EQUAL_SHARE,3,11,安徽,0.6756342377125513,0.09000000000000005,0.09000000000000001,VALIDATED_SAME_S_AND_NEXT_ALLOCATION_PAYOFF,0.5856342377125512
STATIC_NO_FEEDBACK_COUNTERFACTUAL,A_EQUAL_SHARE,3,12,福建,0.6662588757688295,0.09000000000000001,0.09000000000000001,VALIDATED_SAME_S_AND_NEXT_ALLOCATION_PAYOFF,0.5762588757688295
STATIC_NO_FEEDBACK_COUNTERFACTUAL,A_EQUAL_SHARE,3,13,江西,0.6715850385169978,0.09000000000000011,0.09000000000000001,VALIDATED_SAME_S_AND_NEXT_ALLOCATION_PAYOFF,0.5815850385169977
STATIC_NO_FEEDBACK_COUNTERFACTUAL,A_EQUAL_SHARE,3,14,山东,0.3692462347005805,0.09000000000000001,0.09000000000000001,VALIDATED_SAME_S_AND_NEXT_ALLOCATION_PAYOFF,0.27924623470058046
STATIC_NO_FEEDBACK_COUNTERFACTUAL,A_EQUAL_SHARE,3,15,河南,0.34161490018965357,0.09000000000000007,0.08999999999999997,VALIDATED_SAME_S_AND_NEXT_ALLOCATION_PAYOFF,0.2516149001896535
STATIC_NO_FEEDBACK_COUNTERFACTUAL,A_EQUAL_SHARE,3,16,湖北,0.5626658512861892,0.08999999999999998,0.08999999999999998,VALIDATED_SAME_S_AND_NEXT_ALLOCATION_PAYOFF,0.4726658512861892
STATIC_NO_FEEDBACK_COUNTERFACTUAL,A_EQUAL_SHARE,3,17,湖南,0.5073899426160199,0.09000000000000002,0.09000000000000002,VALIDATED_SAME_S_AND_NEXT_ALLOCATION_PAYOFF,0.41738994261601986
STATIC_NO_FEEDBACK_COUNTERFACTUAL,A_EQUAL_SHARE,3,18,广东,0.5858042196838986,0.09000000000000005,0.08999999999999998,VALIDATED_SAME_S_AND_NEXT_ALLOCATION_PAYOFF,0.49580421968389854
STATIC_NO_FEEDBACK_COUNTERFACTUAL,A_EQUAL_SHARE,3,19,广西,0.40239734669713506,0.08999999999999996,0.08999999999999998,VALIDATED_SAME_S_AND_NEXT_ALLOCATION_PAYOFF,0.3123973466971351
STATIC_NO_FEEDBACK_COUNTERFACTUAL,A_EQUAL_SHARE,3,20,海南,0.7405182387913117,0.09000000000000004,0.09,VALIDATED_SAME_S_AND_NEXT_ALLOCATION_PAYOFF,0.6505182387913117
STATIC_NO_FEEDBACK_COUNTERFACTUAL,A_EQUAL_SHARE,3,21,重庆,0.7033972156119314,0.08999999999999998,0.08999999999999998,VALIDATED_SAME_S_AND_NEXT_ALLOCATION_PAYOFF,0.6133972156119314
STATIC_NO_FEEDBACK_COUNTERFACTUAL,A_EQUAL_SHARE,3,22,四川,0.5639067193125907,0.09,0.08999999999999998,VALIDATED_SAME_S_AND_NEXT_ALLOCATION_PAYOFF,0.47390671931259076
STATIC_NO_FEEDBACK_COUNTERFACTUAL,A_EQUAL_SHARE,3,23,贵州,0.6048339833555175,0.09000000000000004,0.09,VALIDATED_SAME_S_AND_NEXT_ALLOCATION_PAYOFF,0.5148339833555174
STATIC_NO_FEEDBACK_COUNTERFACTUAL,A_EQUAL_SHARE,3,24,云南,0.4281997871032667,0.08999999999999997,0.08999999999999997,VALIDATED_SAME_S_AND_NEXT_ALLOCATION_PAYOFF,0.33819978710326676
STATIC_NO_FEEDBACK_COUNTERFACTUAL,A_EQUAL_SHARE,3,25,西藏,0.6954276328319448,0.08999999999999997,0.08999999999999998,VALIDATED_SAME_S_AND_NEXT_ALLOCATION_PAYOFF,0.6054276328319448
STATIC_NO_FEEDBACK_COUNTERFACTUAL,A_EQUAL_SHARE,3,26,陕西,0.4872517923794478,0.09,0.09,VALIDATED_SAME_S_AND_NEXT_ALLOCATION_PAYOFF,0.39725179237944785
STATIC_NO_FEEDBACK_COUNTERFACTUAL,A_EQUAL_SHARE,3,27,甘肃,0.5409355581681484,0.09,0.09,VALIDATED_SAME_S_AND_NEXT_ALLOCATION_PAYOFF,0.45093555816814845
STATIC_NO_FEEDBACK_COUNTERFACTUAL,A_EQUAL_SHARE,3,28,青海,0.38976853180831555,0.09,0.09,VALIDATED_SAME_S_AND_NEXT_ALLOCATION_PAYOFF,0.29976853180831553
STATIC_NO_FEEDBACK_COUNTERFACTUAL,A_EQUAL_SHARE,3,29,宁夏,0.4394435033133162,0.09000000000000001,0.09000000000000001,VALIDATED_SAME_S_AND_NEXT_ALLOCATION_PAYOFF,0.3494435033133162
STATIC_NO_FEEDBACK_COUNTERFACTUAL,A_EQUAL_SHARE,3,30,新疆,0.43085141754287426,0.09,0.09,VALIDATED_SAME_S_AND_NEXT_ALLOCATION_PAYOFF,0.3408514175428743
STATIC_NO_FEEDBACK_COUNTERFACTUAL,A_EQUAL_SHARE,4,0,北京,1.0429951732883027,0.0900000000000001,0.09000000000000001,VALIDATED_SAME_S_AND_NEXT_ALLOCATION_PAYOFF,0.9529951732883026
STATIC_NO_FEEDBACK_COUNTERFACTUAL,A_EQUAL_SHARE,4,1,天津,0.43936346443717106,0.08999999999999994,0.09000000000000002,VALIDATED_SAME_S_AND_NEXT_ALLOCATION_PAYOFF,0.34936346443717115
STATIC_NO_FEEDBACK_COUNTERFACTUAL,A_EQUAL_SHARE,4,2,河北,0.35338682459102644,0.08999999999999986,0.08999999999999997,VALIDATED_SAME_S_AND_NEXT_ALLOCATION_PAYOFF,0.2633868245910266
STATIC_NO_FEEDBACK_COUNTERFACTUAL,A_EQUAL_SHARE,4,3,山西,0.46079850307007186,0.08999999999999998,0.08999999999999998,VALIDATED_SAME_S_AND_NEXT_ALLOCATION_PAYOFF,0.3707985030700719
STATIC_NO_FEEDBACK_COUNTERFACTUAL,A_EQUAL_SHARE,4,4,内蒙古,0.35879146776629267,0.09000000000000014,0.09000000000000004,VALIDATED_SAME_S_AND_NEXT_ALLOCATION_PAYOFF,0.26879146776629254
STATIC_NO_FEEDBACK_COUNTERFACTUAL,A_EQUAL_SHARE,4,5,辽宁,0.3809691906964151,0.08999999999999994,0.09000000000000001,VALIDATED_SAME_S_AND_NEXT_ALLOCATION_PAYOFF,0.29096919069641514
STATIC_NO_FEEDBACK_COUNTERFACTUAL,A_EQUAL_SHARE,4,6,吉林,0.2998926336249009,0.08999999999999991,0.09,VALIDATED_SAME_S_AND_NEXT_ALLOCATION_PAYOFF,0.20989263362490096
STATIC_NO_FEEDBACK_COUNTERFACTUAL,A_EQUAL_SHARE,4,7,黑龙江,0.3358242131069974,0.09000000000000005,0.09,VALIDATED_SAME_S_AND_NEXT_ALLOCATION_PAYOFF,0.24582421310699734
STATIC_NO_FEEDBACK_COUNTERFACTUAL,A_EQUAL_SHARE,4,8,上海,0.966035554341728,0.09000000000000008,0.09,VALIDATED_SAME_S_AND_NEXT_ALLOCATION_PAYOFF,0.876035554341728
STATIC_NO_FEEDBACK_COUNTERFACTUAL,A_EQUAL_SHARE,4,9,江苏,0.5650120372824964,0.09000000000000008,0.09,VALIDATED_SAME_S_AND_NEXT_ALLOCATION_PAYOFF,0.4750120372824963
STATIC_NO_FEEDBACK_COUNTERFACTUAL,A_EQUAL_SHARE,4,10,浙江,0.6308266543722375,0.09000000000000004,0.09000000000000004,VALIDATED_SAME_S_AND_NEXT_ALLOCATION_PAYOFF,0.5408266543722374
STATIC_NO_FEEDBACK_COUNTERFACTUAL,A_EQUAL_SHARE,4,11,安徽,0.6773146253855775,0.09000000000000005,0.09000000000000001,VALIDATED_SAME_S_AND_NEXT_ALLOCATION_PAYOFF,0.5873146253855774
STATIC_NO_FEEDBACK_COUNTERFACTUAL,A_EQUAL_SHARE,4,12,福建,0.6679655325389452,0.09000000000000001,0.09000000000000001,VALIDATED_SAME_S_AND_NEXT_ALLOCATION_PAYOFF,0.5779655325389452
STATIC_NO_FEEDBACK_COUNTERFACTUAL,A_EQUAL_SHARE,4,13,江西,0.6732859249022641,0.09000000000000011,0.09000000000000001,VALIDATED_SAME_S_AND_NEXT_ALLOCATION_PAYOFF,0.583285924902264
STATIC_NO_FEEDBACK_COUNTERFACTUAL,A_EQUAL_SHARE,4,14,山东,0.3698895309668145,0.09000000000000001,0.09000000000000001,VALIDATED_SAME_S_AND_NEXT_ALLOCATION_PAYOFF,0.27988953096681446
STATIC_NO_FEEDBACK_COUNTERFACTUAL,A_EQUAL_SHARE,4,15,河南,0.3421859627731101,0.09000000000000007,0.08999999999999997,VALIDATED_SAME_S_AND_NEXT_ALLOCATION_PAYOFF,0.25218596277311
STATIC_NO_FEEDBACK_COUNTERFACTUAL,A_EQUAL_SHARE,4,16,湖北,0.5638571078976855,0.08999999999999998,0.08999999999999998,VALIDATED_SAME_S_AND_NEXT_ALLOCATION_PAYOFF,0.47385710789768554
STATIC_NO_FEEDBACK_COUNTERFACTUAL,A_EQUAL_SHARE,4,17,湖南,0.5083521256253398,0.09000000000000002,0.09000000000000002,VALIDATED_SAME_S_AND_NEXT_ALLOCATION_PAYOFF,0.4183521256253398
STATIC_NO_FEEDBACK_COUNTERFACTUAL,A_EQUAL_SHARE,4,18,广东,0.5869296199307047,0.09000000000000005,0.08999999999999998,VALIDATED_SAME_S_AND_NEXT_ALLOCATION_PAYOFF,0.4969296199307046
STATIC_NO_FEEDBACK_COUNTERFACTUAL,A_EQUAL_SHARE,4,19,广西,0.4030713261239347,0.08999999999999996,0.08999999999999998,VALIDATED_SAME_S_AND_NEXT_ALLOCATION_PAYOFF,0.31307132612393473
STATIC_NO_FEEDBACK_COUNTERFACTUAL,A_EQUAL_SHARE,4,20,海南,0.7425999610056409,0.09000000000000004,0.09,VALIDATED_SAME_S_AND_NEXT_ALLOCATION_PAYOFF,0.6525999610056408
STATIC_NO_FEEDBACK_COUNTERFACTUAL,A_EQUAL_SHARE,4,21,重庆,0.7053772982276045,0.08999999999999998,0.08999999999999998,VALIDATED_SAME_S_AND_NEXT_ALLOCATION_PAYOFF,0.6153772982276046
STATIC_NO_FEEDBACK_COUNTERFACTUAL,A_EQUAL_SHARE,4,22,四川,0.5650355446875064,0.09,0.08999999999999998,VALIDATED_SAME_S_AND_NEXT_ALLOCATION_PAYOFF,0.4750355446875064
STATIC_NO_FEEDBACK_COUNTERFACTUAL,A_EQUAL_SHARE,4,23,贵州,0.6062178314819784,0.09000000000000004,0.09,VALIDATED_SAME_S_AND_NEXT_ALLOCATION_PAYOFF,0.5162178314819783
STATIC_NO_FEEDBACK_COUNTERFACTUAL,A_EQUAL_SHARE,4,24,云南,0.42895245449724595,0.08999999999999997,0.08999999999999997,VALIDATED_SAME_S_AND_NEXT_ALLOCATION_PAYOFF,0.338952454497246
STATIC_NO_FEEDBACK_COUNTERFACTUAL,A_EQUAL_SHARE,4,25,西藏,0.6974376903253914,0.08999999999999997,0.08999999999999998,VALIDATED_SAME_S_AND_NEXT_ALLOCATION_PAYOFF,0.6074376903253914
STATIC_NO_FEEDBACK_COUNTERFACTUAL,A_EQUAL_SHARE,4,26,陕西,0.48823119185034586,0.09,0.09,VALIDATED_SAME_S_AND_NEXT_ALLOCATION_PAYOFF,0.39823119185034583
STATIC_NO_FEEDBACK_COUNTERFACTUAL,A_EQUAL_SHARE,4,27,甘肃,0.5420745245094449,0.09,0.09,VALIDATED_SAME_S_AND_NEXT_ALLOCATION_PAYOFF,0.45207452450944496
STATIC_NO_FEEDBACK_COUNTERFACTUAL,A_EQUAL_SHARE,4,28,青海,0.3904985034104488,0.09,0.09,VALIDATED_SAME_S_AND_NEXT_ALLOCATION_PAYOFF,0.3004985034104488
STATIC_NO_FEEDBACK_COUNTERFACTUAL,A_EQUAL_SHARE,4,29,宁夏,0.440287624817831,0.09000000000000001,0.09000000000000001,VALIDATED_SAME_S_AND_NEXT_ALLOCATION_PAYOFF,0.350287624817831
STATIC_NO_FEEDBACK_COUNTERFACTUAL,A_EQUAL_SHARE,4,30,新疆,0.43169122086115985,0.09,0.09,VALIDATED_SAME_S_AND_NEXT_ALLOCATION_PAYOFF,0.3416912208611599
STATIC_NO_FEEDBACK_COUNTERFACTUAL,A_EQUAL_SHARE,5,0,北京,0.36003669539869226,0.08999368281194352,0.08999368281194342,VALIDATED_SAME_S_AND_NEXT_ALLOCATION_PAYOFF,0.27004301258674873
STATIC_NO_FEEDBACK_COUNTERFACTUAL,A_EQUAL_SHARE,5,1,天津,0.15572669047259216,0.08998618303168035,0.08998618303168043,VALIDATED_SAME_S_AND_NEXT_ALLOCATION_PAYOFF,0.06574050744091181
STATIC_NO_FEEDBACK_COUNTERFACTUAL,A_EQUAL_SHARE,5,2,河北,0.1835503226721026,0.08999800404455639,0.08999800404455649,VALIDATED_SAME_S_AND_NEXT_ALLOCATION_PAYOFF,0.09355231862754622
STATIC_NO_FEEDBACK_COUNTERFACTUAL,A_EQUAL_SHARE,5,3,山西,0.1924396688500899,0.08999801943125862,0.08999801943125862,VALIDATED_SAME_S_AND_NEXT_ALLOCATION_PAYOFF,0.10244164941883127
STATIC_NO_FEEDBACK_COUNTERFACTUAL,A_EQUAL_SHARE,5,4,内蒙古,0.13889330952837242,0.0899909955231928,0.08999099552319272,VALIDATED_SAME_S_AND_NEXT_ALLOCATION_PAYOFF,0.04890231400517962
STATIC_NO_FEEDBACK_COUNTERFACTUAL,A_EQUAL_SHARE,5,5,辽宁,0.16949187017023531,0.08999586657387987,0.08999586657387994,VALIDATED_SAME_S_AND_NEXT_ALLOCATION_PAYOFF,0.07949600359635545
STATIC_NO_FEEDBACK_COUNTERFACTUAL,A_EQUAL_SHARE,5,6,吉林,0.11572936511364147,0.08999371800851914,0.08999371800851921,VALIDATED_SAME_S_AND_NEXT_ALLOCATION_PAYOFF,0.025735647105122328
STATIC_NO_FEEDBACK_COUNTERFACTUAL,A_EQUAL_SHARE,5,7,黑龙江,0.1399123509494245,0.08999715718148363,0.08999715718148357,VALIDATED_SAME_S_AND_NEXT_ALLOCATION_PAYOFF,0.049915193767940874
STATIC_NO_FEEDBACK_COUNTERFACTUAL,A_EQUAL_SHARE,5,8,上海,0.3482478160606602,0.08999370939351008,0.08999370939351001,VALIDATED_SAME_S_AND_NEXT_ALLOCATION_PAYOFF,0.2582541066671501
STATIC_NO_FEEDBACK_COUNTERFACTUAL,A_EQUAL_SHARE,5,9,江苏,0.29610660785804216,0.08999469550879141,0.08999469550879134,VALIDATED_SAME_S_AND_NEXT_ALLOCATION_PAYOFF,0.20611191234925075
STATIC_NO_FEEDBACK_COUNTERFACTUAL,A_EQUAL_SHARE,5,10,浙江,0.30503044658141626,0.0899963113842763,0.0899963113842763,VALIDATED_SAME_S_AND_NEXT_ALLOCATION_PAYOFF,0.21503413519713996
STATIC_NO_FEEDBACK_COUNTERFACTUAL,A_EQUAL_SHARE,5,11,安徽,0.3238506292291806,0.08999942022136975,0.0899994202213697,VALIDATED_SAME_S_AND_NEXT_ALLOCATION_PAYOFF,0.23385120900781087
STATIC_NO_FEEDBACK_COUNTERFACTUAL,A_EQUAL_SHARE,5,12,福建,0.28692337215039376,0.0899957143324959,0.0899957143324959,VALIDATED_SAME_S_AND_NEXT_ALLOCATION_PAYOFF,0.19692765781789787
STATIC_NO_FEEDBACK_COUNTERFACTUAL,A_EQUAL_SHARE,5,13,江西,0.2959092444741604,0.08999951020950327,0.08999951020950317,VALIDATED_SAME_S_AND_NEXT_ALLOCATION_PAYOFF,0.20590973426465714
STATIC_NO_FEEDBACK_COUNTERFACTUAL,A_EQUAL_SHARE,5,14,山东,0.20616938588431588,0.08999592197823662,0.08999592197823662,VALIDATED_SAME_S_AND_NEXT_ALLOCATION_PAYOFF,0.11617346390607926
STATIC_NO_FEEDBACK_COUNTERFACTUAL,A_EQUAL_SHARE,5,15,河南,0.19151649808365814,0.08999734421034782,0.08999734421034773,VALIDATED_SAME_S_AND_NEXT_ALLOCATION_PAYOFF,0.10151915387331033
STATIC_NO_FEEDBACK_COUNTERFACTUAL,A_EQUAL_SHARE,5,16,湖北,0.27038206779086954,0.08999729096444437,0.08999729096444437,VALIDATED_SAME_S_AND_NEXT_ALLOCATION_PAYOFF,0.18038477682642517
STATIC_NO_FEEDBACK_COUNTERFACTUAL,A_EQUAL_SHARE,5,17,湖南,0.2539359452614188,0.08999844680345573,0.08999844680345573,VALIDATED_SAME_S_AND_NEXT_ALLOCATION_PAYOFF,0.1639374984579631
STATIC_NO_FEEDBACK_COUNTERFACTUAL,A_EQUAL_SHARE,5,18,广东,0.34639307834582717,0.08999793727371878,0.08999793727371871,VALIDATED_SAME_S_AND_NEXT_ALLOCATION_PAYOFF,0.25639514107210837
STATIC_NO_FEEDBACK_COUNTERFACTUAL,A_EQUAL_SHARE,5,19,广西,0.18714866301615313,0.0899986465045085,0.08999864650450853,VALIDATED_SAME_S_AND_NEXT_ALLOCATION_PAYOFF,0.09715001651164462
STATIC_NO_FEEDBACK_COUNTERFACTUAL,A_EQUAL_SHARE,5,20,海南,0.2178783548200766,0.08999814316975448,0.08999814316975444,VALIDATED_SAME_S_AND_NEXT_ALLOCATION_PAYOFF,0.1278802116503221
STATIC_NO_FEEDBACK_COUNTERFACTUAL,A_EQUAL_SHARE,5,21,重庆,0.28022193716936417,0.08999773825177447,0.08999773825177447,VALIDATED_SAME_S_AND_NEXT_ALLOCATION_PAYOFF,0.19022419891758968
STATIC_NO_FEEDBACK_COUNTERFACTUAL,A_EQUAL_SHARE,5,22,四川,0.3009717420183249,0.08999947831800098,0.08999947831800097,VALIDATED_SAME_S_AND_NEXT_ALLOCATION_PAYOFF,0.2109722637003239
STATIC_NO_FEEDBACK_COUNTERFACTUAL,A_EQUAL_SHARE,5,23,贵州,0.2564554933723011,0.08999988326302227,0.08999988326302225,VALIDATED_SAME_S_AND_NEXT_ALLOCATION_PAYOFF,0.16645561010927884
STATIC_NO_FEEDBACK_COUNTERFACTUAL,A_EQUAL_SHARE,5,24,云南,0.19630439665417962,0.08999827620533891,0.08999827620533891,VALIDATED_SAME_S_AND_NEXT_ALLOCATION_PAYOFF,0.1063061204488407
STATIC_NO_FEEDBACK_COUNTERFACTUAL,A_EQUAL_SHARE,5,25,西藏,0.1576842352280223,0.08999704102728152,0.08999704102728152,VALIDATED_SAME_S_AND_NEXT_ALLOCATION_PAYOFF,0.06768719420074078
STATIC_NO_FEEDBACK_COUNTERFACTUAL,A_EQUAL_SHARE,5,26,陕西,0.21050940067934754,0.08999669105070428,0.08999669105070428,VALIDATED_SAME_S_AND_NEXT_ALLOCATION_PAYOFF,0.12051270962864326
STATIC_NO_FEEDBACK_COUNTERFACTUAL,A_EQUAL_SHARE,5,27,甘肃,0.20800197584909438,0.09,0.09,VALIDATED_SAME_S_AND_NEXT_ALLOCATION_PAYOFF,0.11800197584909439
STATIC_NO_FEEDBACK_COUNTERFACTUAL,A_EQUAL_SHARE,5,28,青海,0.11142419249019084,0.08884349568968263,0.08884349568968263,VALIDATED_SAME_S_AND_NEXT_ALLOCATION_PAYOFF,0.022580696800508213
STATIC_NO_FEEDBACK_COUNTERFACTUAL,A_EQUAL_SHARE,5,29,宁夏,0.1271709367262105,0.0899938836823401,0.0899938836823401,VALIDATED_SAME_S_AND_NEXT_ALLOCATION_PAYOFF,0.037177053043870395
STATIC_NO_FEEDBACK_COUNTERFACTUAL,A_EQUAL_SHARE,5,30,新疆,0.16824815678447017,0.0899964104842791,0.0899964104842791,VALIDATED_SAME_S_AND_NEXT_ALLOCATION_PAYOFF,0.07825174630019106
STATIC_NO_FEEDBACK_COUNTERFACTUAL,A_EQUAL_SHARE,6,0,北京,0.38428727499520654,0.08999944332690055,0.08999944332690046,VALIDATED_SAME_S_AND_NEXT_ALLOCATION_PAYOFF,0.29428783166830597
STATIC_NO_FEEDBACK_COUNTERFACTUAL,A_EQUAL_SHARE,6,1,天津,0.15677712328232224,0.08999878244330987,0.08999878244330996,VALIDATED_SAME_S_AND_NEXT_ALLOCATION_PAYOFF,0.06677834083901237
STATIC_NO_FEEDBACK_COUNTERFACTUAL,A_EQUAL_SHARE,6,2,河北,0.18849266902777925,0.08999982411562009,0.08999982411562019,VALIDATED_SAME_S_AND_NEXT_ALLOCATION_PAYOFF,0.09849284491215916
STATIC_NO_FEEDBACK_COUNTERFACTUAL,A_EQUAL_SHARE,6,3,山西,0.19222567015720948,0.08999982547150245,0.08999982547150245,VALIDATED_SAME_S_AND_NEXT_ALLOCATION_PAYOFF,0.10222584468570703
STATIC_NO_FEEDBACK_COUNTERFACTUAL,A_EQUAL_SHARE,6,4,内蒙古,0.1390214777854867,0.0899992065219575,0.0899992065219574,VALIDATED_SAME_S_AND_NEXT_ALLOCATION_PAYOFF,0.049022271263529205
STATIC_NO_FEEDBACK_COUNTERFACTUAL,A_EQUAL_SHARE,6,5,辽宁,0.17014560298721293,0.08999963576086231,0.08999963576086238,VALIDATED_SAME_S_AND_NEXT_ALLOCATION_PAYOFF,0.08014596722635062
STATIC_NO_FEEDBACK_COUNTERFACTUAL,A_EQUAL_SHARE,6,6,吉林,0.1159115748278595,0.0899994464284365,0.08999944642843657,VALIDATED_SAME_S_AND_NEXT_ALLOCATION_PAYOFF,0.025912128399423
STATIC_NO_FEEDBACK_COUNTERFACTUAL,A_EQUAL_SHARE,6,7,黑龙江,0.13865004102628453,0.08999974948971275,0.08999974948971269,VALIDATED_SAME_S_AND_NEXT_ALLOCATION_PAYOFF,0.048650291536571785
STATIC_NO_FEEDBACK_COUNTERFACTUAL,A_EQUAL_SHARE,6,8,上海,0.37061118547133065,0.08999944566927866,0.08999944566927857,VALIDATED_SAME_S_AND_NEXT_ALLOCATION_PAYOFF,0.280611739802052
STATIC_NO_FEEDBACK_COUNTERFACTUAL,A_EQUAL_SHARE,6,9,江苏,0.3120438218685049,0.08999953256614562,0.08999953256614555,VALIDATED_SAME_S_AND_NEXT_ALLOCATION_PAYOFF,0.22204428930235925
STATIC_NO_FEEDBACK_COUNTERFACTUAL,A_EQUAL_SHARE,6,10,浙江,0.3217857860997507,0.08999967495772972,0.08999967495772972,VALIDATED_SAME_S_AND_NEXT_ALLOCATION_PAYOFF,0.23178611114202102
STATIC_NO_FEEDBACK_COUNTERFACTUAL,A_EQUAL_SHARE,6,11,安徽,0.3429480884172146,0.0899999489096788,0.08999994890967876,VALIDATED_SAME_S_AND_NEXT_ALLOCATION_PAYOFF,0.2529481395075358
STATIC_NO_FEEDBACK_COUNTERFACTUAL,A_EQUAL_SHARE,6,12,福建,0.30099484757821177,0.08999962234529166,0.08999962234529166,VALIDATED_SAME_S_AND_NEXT_ALLOCATION_PAYOFF,0.2109952252329201
STATIC_NO_FEEDBACK_COUNTERFACTUAL,A_EQUAL_SHARE,6,13,江西,0.30525145626242617,0.08999995683946861,0.08999995683946853,VALIDATED_SAME_S_AND_NEXT_ALLOCATION_PAYOFF,0.21525149942295757
STATIC_NO_FEEDBACK_COUNTERFACTUAL,A_EQUAL_SHARE,6,14,山东,0.2129196455319355,0.08999964064311611,0.08999964064311611,VALIDATED_SAME_S_AND_NEXT_ALLOCATION_PAYOFF,0.12292000488881938
STATIC_NO_FEEDBACK_COUNTERFACTUAL,A_EQUAL_SHARE,6,15,河南,0.19715084814385184,0.08999976597076993,0.08999976597076985,VALIDATED_SAME_S_AND_NEXT_ALLOCATION_PAYOFF,0.1071510821730819
STATIC_NO_FEEDBACK_COUNTERFACTUAL,A_EQUAL_SHARE,6,16,湖北,0.28284430200245736,0.08999976127871988,0.08999976127871988,VALIDATED_SAME_S_AND_NEXT_ALLOCATION_PAYOFF,0.19284454072373747
STATIC_NO_FEEDBACK_COUNTERFACTUAL,A_EQUAL_SHARE,6,17,湖南,0.2647365040742708,0.08999986313170882,0.08999986313170882,VALIDATED_SAME_S_AND_NEXT_ALLOCATION_PAYOFF,0.17473664094256197
STATIC_NO_FEEDBACK_COUNTERFACTUAL,A_EQUAL_SHARE,6,18,广东,0.3697299212638827,0.08999981823174774,0.08999981823174769,VALIDATED_SAME_S_AND_NEXT_ALLOCATION_PAYOFF,0.27973010303213497
STATIC_NO_FEEDBACK_COUNTERFACTUAL,A_EQUAL_SHARE,6,19,广西,0.1868575876776923,0.08999988072944419,0.08999988072944422,VALIDATED_SAME_S_AND_NEXT_ALLOCATION_PAYOFF,0.09685770694824812
STATIC_NO_FEEDBACK_COUNTERFACTUAL,A_EQUAL_SHARE,6,20,海南,0.22346816595519872,0.0899998363753875,0.08999983637538746,VALIDATED_SAME_S_AND_NEXT_ALLOCATION_PAYOFF,0.13346832957981122
STATIC_NO_FEEDBACK_COUNTERFACTUAL,A_EQUAL_SHARE,6,21,重庆,0.2866685909720972,0.08999980069385558,0.08999980069385558,VALIDATED_SAME_S_AND_NEXT_ALLOCATION_PAYOFF,0.1966687902782416
STATIC_NO_FEEDBACK_COUNTERFACTUAL,A_EQUAL_SHARE,6,22,四川,0.31734620996629764,0.08999995402917678,0.08999995402917677,VALIDATED_SAME_S_AND_NEXT_ALLOCATION_PAYOFF,0.22734625593712088
STATIC_NO_FEEDBACK_COUNTERFACTUAL,A_EQUAL_SHARE,6,23,贵州,0.25966707263297495,0.08999998971309157,0.08999998971309155,VALIDATED_SAME_S_AND_NEXT_ALLOCATION_PAYOFF,0.16966708291988336
STATIC_NO_FEEDBACK_COUNTERFACTUAL,A_EQUAL_SHARE,6,24,云南,0.19683191011048445,0.08999984809853553,0.08999984809853553,VALIDATED_SAME_S_AND_NEXT_ALLOCATION_PAYOFF,0.10683206201194892
STATIC_NO_FEEDBACK_COUNTERFACTUAL,A_EQUAL_SHARE,6,25,西藏,0.15990125931856708,0.08999973925415865,0.08999973925415866,VALIDATED_SAME_S_AND_NEXT_ALLOCATION_PAYOFF,0.06990152006440843
STATIC_NO_FEEDBACK_COUNTERFACTUAL,A_EQUAL_SHARE,6,26,陕西,0.2131166735821292,0.08999970841408485,0.08999970841408485,VALIDATED_SAME_S_AND_NEXT_ALLOCATION_PAYOFF,0.12311696516804436
STATIC_NO_FEEDBACK_COUNTERFACTUAL,A_EQUAL_SHARE,6,27,甘肃,0.2120761213886768,0.09,0.09,VALIDATED_SAME_S_AND_NEXT_ALLOCATION_PAYOFF,0.1220761213886768
STATIC_NO_FEEDBACK_COUNTERFACTUAL,A_EQUAL_SHARE,6,28,青海,0.11371350465031928,0.08989808838469142,0.08989808838469142,VALIDATED_SAME_S_AND_NEXT_ALLOCATION_PAYOFF,0.02381541626562786
STATIC_NO_FEEDBACK_COUNTERFACTUAL,A_EQUAL_SHARE,6,29,宁夏,0.12957481452334876,0.08999946102767893,0.08999946102767893,VALIDATED_SAME_S_AND_NEXT_ALLOCATION_PAYOFF,0.03957535349566983
STATIC_NO_FEEDBACK_COUNTERFACTUAL,A_EQUAL_SHARE,6,30,新疆,0.16728938537890928,0.08999968369046096,0.08999968369046096,VALIDATED_SAME_S_AND_NEXT_ALLOCATION_PAYOFF,0.07728970168844831
STATIC_NO_FEEDBACK_COUNTERFACTUAL,A_EQUAL_SHARE,7,0,北京,0.38049261541867735,0.08999007484292076,0.08999007484292068,VALIDATED_SAME_S_AND_NEXT_ALLOCATION_PAYOFF,0.2905025405757566
STATIC_NO_FEEDBACK_COUNTERFACTUAL,A_EQUAL_SHARE,7,1,天津,0.1564713795809592,0.08997829167349393,0.08997829167349401,VALIDATED_SAME_S_AND_NEXT_ALLOCATION_PAYOFF,0.06649308790746526
STATIC_NO_FEEDBACK_COUNTERFACTUAL,A_EQUAL_SHARE,7,2,河北,0.18587404848975372,0.0899968640839685,0.08999686408396859,VALIDATED_SAME_S_AND_NEXT_ALLOCATION_PAYOFF,0.09587718440578523
STATIC_NO_FEEDBACK_COUNTERFACTUAL,A_EQUAL_SHARE,7,3,山西,0.1957536725471153,0.08999688825855928,0.08999688825855928,VALIDATED_SAME_S_AND_NEXT_ALLOCATION_PAYOFF,0.105756784288556
STATIC_NO_FEEDBACK_COUNTERFACTUAL,A_EQUAL_SHARE,7,4,内蒙古,0.14001766666962387,0.0899858527487343,0.08998585274873422,VALIDATED_SAME_S_AND_NEXT_ALLOCATION_PAYOFF,0.05003181392088957
STATIC_NO_FEEDBACK_COUNTERFACTUAL,A_EQUAL_SHARE,7,5,辽宁,0.17212233093697107,0.08999350582836058,0.08999350582836065,VALIDATED_SAME_S_AND_NEXT_ALLOCATION_PAYOFF,0.0821288251086105
STATIC_NO_FEEDBACK_COUNTERFACTUAL,A_EQUAL_SHARE,7,6,吉林,0.11553032685234405,0.08999013014150287,0.08999013014150294,VALIDATED_SAME_S_AND_NEXT_ALLOCATION_PAYOFF,0.02554019671084118
STATIC_NO_FEEDBACK_COUNTERFACTUAL,A_EQUAL_SHARE,7,7,黑龙江,0.14070885165273656,0.0899955335475103,0.08999553354751025,VALIDATED_SAME_S_AND_NEXT_ALLOCATION_PAYOFF,0.05071331810522625
STATIC_NO_FEEDBACK_COUNTERFACTUAL,A_EQUAL_SHARE,7,8,上海,0.36691421757592196,0.08999011660615802,0.08999011660615795,VALIDATED_SAME_S_AND_NEXT_ALLOCATION_PAYOFF,0.27692410096976394
STATIC_NO_FEEDBACK_COUNTERFACTUAL,A_EQUAL_SHARE,7,9,江苏,0.30824985474654415,0.08999166592667499,0.08999166592667492,VALIDATED_SAME_S_AND_NEXT_ALLOCATION_PAYOFF,0.21825818881986916
STATIC_NO_FEEDBACK_COUNTERFACTUAL,A_EQUAL_SHARE,7,10,浙江,0.31798073482164535,0.08999420468567103,0.08999420468567103,VALIDATED_SAME_S_AND_NEXT_ALLOCATION_PAYOFF,0.2279865301359743
STATIC_NO_FEEDBACK_COUNTERFACTUAL,A_EQUAL_SHARE,7,11,安徽,0.33883871110458613,0.0899990890893345,0.08999908908933446,VALIDATED_SAME_S_AND_NEXT_ALLOCATION_PAYOFF,0.24883962201525162
STATIC_NO_FEEDBACK_COUNTERFACTUAL,A_EQUAL_SHARE,7,12,福建,0.2976332029711041,0.08999326663654983,0.08999326663654983,VALIDATED_SAME_S_AND_NEXT_ALLOCATION_PAYOFF,0.2076399363345543
STATIC_NO_FEEDBACK_COUNTERFACTUAL,A_EQUAL_SHARE,7,13,江西,0.3087194596823068,0.08999923047286658,0.0899992304728665,VALIDATED_SAME_S_AND_NEXT_ALLOCATION_PAYOFF,0.21872022920944023
STATIC_NO_FEEDBACK_COUNTERFACTUAL,A_EQUAL_SHARE,7,14,山东,0.21007043780819656,0.08999359287610058,0.08999359287610058,VALIDATED_SAME_S_AND_NEXT_ALLOCATION_PAYOFF,0.12007684493209599
STATIC_NO_FEEDBACK_COUNTERFACTUAL,A_EQUAL_SHARE,7,15,河南,0.19441147972536807,0.08999582739515878,0.0899958273951587,VALIDATED_SAME_S_AND_NEXT_ALLOCATION_PAYOFF,0.10441565233020929
STATIC_NO_FEEDBACK_COUNTERFACTUAL,A_EQUAL_SHARE,7,16,湖北,0.27941613028049883,0.08999574373864096,0.08999574373864096,VALIDATED_SAME_S_AND_NEXT_ALLOCATION_PAYOFF,0.1894203865418579
STATIC_NO_FEEDBACK_COUNTERFACTUAL,A_EQUAL_SHARE,7,17,湖南,0.26137429579849364,0.08999755971809942,0.08999755971809942,VALIDATED_SAME_S_AND_NEXT_ALLOCATION_PAYOFF,0.17137673608039422
STATIC_NO_FEEDBACK_COUNTERFACTUAL,A_EQUAL_SHARE,7,18,广东,0.3648632176262448,0.08999675917794918,0.08999675917794912,VALIDATED_SAME_S_AND_NEXT_ALLOCATION_PAYOFF,0.2748664584482956
STATIC_NO_FEEDBACK_COUNTERFACTUAL,A_EQUAL_SHARE,7,19,广西,0.19171146946339437,0.08999787347547061,0.08999787347547064,VALIDATED_SAME_S_AND_NEXT_ALLOCATION_PAYOFF,0.10171359598792376
STATIC_NO_FEEDBACK_COUNTERFACTUAL,A_EQUAL_SHARE,7,20,海南,0.22156548558596176,0.08999708266847661,0.08999708266847657,VALIDATED_SAME_S_AND_NEXT_ALLOCATION_PAYOFF,0.13156840291748514
STATIC_NO_FEEDBACK_COUNTERFACTUAL,A_EQUAL_SHARE,7,21,重庆,0.29071451314861263,0.08999644648754934,0.08999644648754934,VALIDATED_SAME_S_AND_NEXT_ALLOCATION_PAYOFF,0.2007180666610633
STATIC_NO_FEEDBACK_COUNTERFACTUAL,A_EQUAL_SHARE,7,22,四川,0.31330805933173517,0.08999918036700201,0.089999180367002,VALIDATED_SAME_S_AND_NEXT_ALLOCATION_PAYOFF,0.22330887896473317
STATIC_NO_FEEDBACK_COUNTERFACTUAL,A_EQUAL_SHARE,7,23,贵州,0.2646998696412721,0.08999981659041481,0.08999981659041478,VALIDATED_SAME_S_AND_NEXT_ALLOCATION_PAYOFF,0.1747000530508573
STATIC_NO_FEEDBACK_COUNTERFACTUAL,A_EQUAL_SHARE,7,24,云南,0.19927080854829515,0.08999729168537798,0.08999729168537798,VALIDATED_SAME_S_AND_NEXT_ALLOCATION_PAYOFF,0.10927351686291717
STATIC_NO_FEEDBACK_COUNTERFACTUAL,A_EQUAL_SHARE,7,25,西藏,0.15772445454337164,0.0899953510535445,0.08999535105354452,VALIDATED_SAME_S_AND_NEXT_ALLOCATION_PAYOFF,0.06772910348982714
STATIC_NO_FEEDBACK_COUNTERFACTUAL,A_EQUAL_SHARE,7,26,陕西,0.2158211507438327,0.08999480119299388,0.08999480119299388,VALIDATED_SAME_S_AND_NEXT_ALLOCATION_PAYOFF,0.12582634955083882
STATIC_NO_FEEDBACK_COUNTERFACTUAL,A_EQUAL_SHARE,7,27,甘肃,0.21356691519978083,0.09,0.09,VALIDATED_SAME_S_AND_NEXT_ALLOCATION_PAYOFF,0.12356691519978083
STATIC_NO_FEEDBACK_COUNTERFACTUAL,A_EQUAL_SHARE,7,28,青海,0.11189572568298868,0.08818297526684095,0.08818297526684095,VALIDATED_SAME_S_AND_NEXT_ALLOCATION_PAYOFF,0.023712750416147732
STATIC_NO_FEEDBACK_COUNTERFACTUAL,A_EQUAL_SHARE,7,29,宁夏,0.12734629441542852,0.08999039043748927,0.08999039043748927,VALIDATED_SAME_S_AND_NEXT_ALLOCATION_PAYOFF,0.03735590397793925
STATIC_NO_FEEDBACK_COUNTERFACTUAL,A_EQUAL_SHARE,7,30,新疆,0.17018238095811622,0.08999436038518253,0.08999436038518253,VALIDATED_SAME_S_AND_NEXT_ALLOCATION_PAYOFF,0.08018802057293369
STATIC_NO_FEEDBACK_COUNTERFACTUAL,A_EQUAL_SHARE,8,0,北京,0.3813875411225572,0.08999011751281841,0.08999011751281832,VALIDATED_SAME_S_AND_NEXT_ALLOCATION_PAYOFF,0.29139742360973875
STATIC_NO_FEEDBACK_COUNTERFACTUAL,A_EQUAL_SHARE,8,1,天津,0.15810748156113616,0.0899783850011927,0.08997838500119279,VALIDATED_SAME_S_AND_NEXT_ALLOCATION_PAYOFF,0.06812909655994345
STATIC_NO_FEEDBACK_COUNTERFACTUAL,A_EQUAL_SHARE,8,2,河北,0.1863321886656904,0.089996877565792,0.08999687756579211,VALIDATED_SAME_S_AND_NEXT_ALLOCATION_PAYOFF,0.0963353110998984
STATIC_NO_FEEDBACK_COUNTERFACTUAL,A_EQUAL_SHARE,8,3,山西,0.19545122935839235,0.08999690163645221,0.08999690163645223,VALIDATED_SAME_S_AND_NEXT_ALLOCATION_PAYOFF,0.10545432772194013
STATIC_NO_FEEDBACK_COUNTERFACTUAL,A_EQUAL_SHARE,8,4,内蒙古,0.13989640711316842,0.08998591357011565,0.08998591357011555,VALIDATED_SAME_S_AND_NEXT_ALLOCATION_PAYOFF,0.04991049354305277
STATIC_NO_FEEDBACK_COUNTERFACTUAL,A_EQUAL_SHARE,8,5,辽宁,0.17216202041411052,0.08999353374788235,0.08999353374788242,VALIDATED_SAME_S_AND_NEXT_ALLOCATION_PAYOFF,0.08216848666622817
STATIC_NO_FEEDBACK_COUNTERFACTUAL,A_EQUAL_SHARE,8,6,吉林,0.1155842580103245,0.08999017257366274,0.0899901725736628,VALIDATED_SAME_S_AND_NEXT_ALLOCATION_PAYOFF,0.025594085436661765
STATIC_NO_FEEDBACK_COUNTERFACTUAL,A_EQUAL_SHARE,8,7,黑龙江,0.1404734053235191,0.0899955527495309,0.08999555274953085,VALIDATED_SAME_S_AND_NEXT_ALLOCATION_PAYOFF,0.050477852573988194
STATIC_NO_FEEDBACK_COUNTERFACTUAL,A_EQUAL_SHARE,8,8,上海,0.36777431637687685,0.08999015909650858,0.08999015909650851,VALIDATED_SAME_S_AND_NEXT_ALLOCATION_PAYOFF,0.27778415728036826
STATIC_NO_FEEDBACK_COUNTERFACTUAL,A_EQUAL_SHARE,8,9,江苏,0.30885820650475826,0.0899917017562395,0.08999170175623941,VALIDATED_SAME_S_AND_NEXT_ALLOCATION_PAYOFF,0.21886650474851876
STATIC_NO_FEEDBACK_COUNTERFACTUAL,A_EQUAL_SHARE,8,10,浙江,0.3186462035992156,0.08999422960068923,0.08999422960068923,VALIDATED_SAME_S_AND_NEXT_ALLOCATION_PAYOFF,0.22865197399852635
STATIC_NO_FEEDBACK_COUNTERFACTUAL,A_EQUAL_SHARE,8,11,安徽,0.3395495056221725,0.08999909300549065,0.0899990930054906,VALIDATED_SAME_S_AND_NEXT_ALLOCATION_PAYOFF,0.24955041261668187
STATIC_NO_FEEDBACK_COUNTERFACTUAL,A_EQUAL_SHARE,8,12,福建,0.29833276693857513,0.0899932955843969,0.0899932955843969,VALIDATED_SAME_S_AND_NEXT_ALLOCATION_PAYOFF,0.20833947135417824
STATIC_NO_FEEDBACK_COUNTERFACTUAL,A_EQUAL_SHARE,8,13,江西,0.30894592677570126,0.08999923378119146,0.08999923378119136,VALIDATED_SAME_S_AND_NEXT_ALLOCATION_PAYOFF,0.2189466929945098
STATIC_NO_FEEDBACK_COUNTERFACTUAL,A_EQUAL_SHARE,8,14,山东,0.2105374630037611,0.08999362042138967,0.08999362042138967,VALIDATED_SAME_S_AND_NEXT_ALLOCATION_PAYOFF,0.12054384258237144
STATIC_NO_FEEDBACK_COUNTERFACTUAL,A_EQUAL_SHARE,8,15,河南,0.19485999863166986,0.08999584533387957,0.08999584533387947,VALIDATED_SAME_S_AND_NEXT_ALLOCATION_PAYOFF,0.1048641532977903
STATIC_NO_FEEDBACK_COUNTERFACTUAL,A_EQUAL_SHARE,8,16,湖北,0.2800464647492321,0.08999576203701498,0.08999576203701498,VALIDATED_SAME_S_AND_NEXT_ALLOCATION_PAYOFF,0.19005070271221713
STATIC_NO_FEEDBACK_COUNTERFACTUAL,A_EQUAL_SHARE,8,17,湖南,0.26196969000882425,0.08999757020927635,0.08999757020927635,VALIDATED_SAME_S_AND_NEXT_ALLOCATION_PAYOFF,0.1719721197995479
STATIC_NO_FEEDBACK_COUNTERFACTUAL,A_EQUAL_SHARE,8,18,广东,0.36548132808893913,0.08999677311078108,0.08999677311078103,VALIDATED_SAME_S_AND_NEXT_ALLOCATION_PAYOFF,0.27548455497815805
STATIC_NO_FEEDBACK_COUNTERFACTUAL,A_EQUAL_SHARE,8,19,广西,0.19154136390122403,0.08999788261775252,0.08999788261775254,VALIDATED_SAME_S_AND_NEXT_ALLOCATION_PAYOFF,0.10154348128347152
STATIC_NO_FEEDBACK_COUNTERFACTUAL,A_EQUAL_SHARE,8,20,海南,0.22226614375961737,0.08999709521056905,0.089997095210569,VALIDATED_SAME_S_AND_NEXT_ALLOCATION_PAYOFF,0.1322690485490483
STATIC_NO_FEEDBACK_COUNTERFACTUAL,A_EQUAL_SHARE,8,21,重庆,0.2909260620004097,0.08999646176468917,0.08999646176468917,VALIDATED_SAME_S_AND_NEXT_ALLOCATION_PAYOFF,0.20092960023572054
STATIC_NO_FEEDBACK_COUNTERFACTUAL,A_EQUAL_SHARE,8,22,四川,0.3139412268414182,0.08999918389074031,0.0899991838907403,VALIDATED_SAME_S_AND_NEXT_ALLOCATION_PAYOFF,0.22394204295067788
STATIC_NO_FEEDBACK_COUNTERFACTUAL,A_EQUAL_SHARE,8,23,贵州,0.2643380957753873,0.08999981737892307,0.08999981737892303,VALIDATED_SAME_S_AND_NEXT_ALLOCATION_PAYOFF,0.17433827839646424
STATIC_NO_FEEDBACK_COUNTERFACTUAL,A_EQUAL_SHARE,8,24,云南,0.19931289458842139,0.08999730332887207,0.08999730332887207,VALIDATED_SAME_S_AND_NEXT_ALLOCATION_PAYOFF,0.10931559125954932
STATIC_NO_FEEDBACK_COUNTERFACTUAL,A_EQUAL_SHARE,8,25,西藏,0.1582588753749932,0.08999537104013695,0.08999537104013695,VALIDATED_SAME_S_AND_NEXT_ALLOCATION_PAYOFF,0.06826350433485624
STATIC_NO_FEEDBACK_COUNTERFACTUAL,A_EQUAL_SHARE,8,26,陕西,0.2159137326377572,0.08999482354352809,0.08999482354352809,VALIDATED_SAME_S_AND_NEXT_ALLOCATION_PAYOFF,0.12591890909422912
STATIC_NO_FEEDBACK_COUNTERFACTUAL,A_EQUAL_SHARE,8,27,甘肃,0.2136500429084443,0.09,0.09,VALIDATED_SAME_S_AND_NEXT_ALLOCATION_PAYOFF,0.12365004290844431
STATIC_NO_FEEDBACK_COUNTERFACTUAL,A_EQUAL_SHARE,8,28,青海,0.11196354867705952,0.08819078695775688,0.08819078695775688,VALIDATED_SAME_S_AND_NEXT_ALLOCATION_PAYOFF,0.023772761719302635
STATIC_NO_FEEDBACK_COUNTERFACTUAL,A_EQUAL_SHARE,8,29,宁夏,0.12740535904827904,0.0899904317505935,0.0899904317505935,VALIDATED_SAME_S_AND_NEXT_ALLOCATION_PAYOFF,0.037414927297685543
STATIC_NO_FEEDBACK_COUNTERFACTUAL,A_EQUAL_SHARE,8,30,新疆,0.16994387072896222,0.08999438463082268,0.08999438463082268,VALIDATED_SAME_S_AND_NEXT_ALLOCATION_PAYOFF,0.07994948609813954
STATIC_NO_FEEDBACK_COUNTERFACTUAL,A_EQUAL_SHARE,9,0,北京,0.3814539652780219,0.08999010982043973,0.08999010982043963,VALIDATED_SAME_S_AND_NEXT_ALLOCATION_PAYOFF,0.29146385545758213
STATIC_NO_FEEDBACK_COUNTERFACTUAL,A_EQUAL_SHARE,9,1,天津,0.15789152904784104,0.08997836817640426,0.08997836817640434,VALIDATED_SAME_S_AND_NEXT_ALLOCATION_PAYOFF,0.06791316087143678
STATIC_NO_FEEDBACK_COUNTERFACTUAL,A_EQUAL_SHARE,9,2,河北,0.18634850850685672,0.0899968751353364,0.0899968751353365,VALIDATED_SAME_S_AND_NEXT_ALLOCATION_PAYOFF,0.09635163337152032
STATIC_NO_FEEDBACK_COUNTERFACTUAL,A_EQUAL_SHARE,9,3,山西,0.19543418827749337,0.08999689922473285,0.08999689922473285,VALIDATED_SAME_S_AND_NEXT_ALLOCATION_PAYOFF,0.10543728905276052
STATIC_NO_FEEDBACK_COUNTERFACTUAL,A_EQUAL_SHARE,9,4,内蒙古,0.13989045213751558,0.08998590260545147,0.08998590260545139,VALIDATED_SAME_S_AND_NEXT_ALLOCATION_PAYOFF,0.04990454953206411
STATIC_NO_FEEDBACK_COUNTERFACTUAL,A_EQUAL_SHARE,9,5,辽宁,0.17217357109681283,0.08999352871464941,0.08999352871464948,VALIDATED_SAME_S_AND_NEXT_ALLOCATION_PAYOFF,0.08218004238216342
STATIC_NO_FEEDBACK_COUNTERFACTUAL,A_EQUAL_SHARE,9,6,吉林,0.11558378561195252,0.08999016492414257,0.08999016492414265,VALIDATED_SAME_S_AND_NEXT_ALLOCATION_PAYOFF,0.02559362068780996
STATIC_NO_FEEDBACK_COUNTERFACTUAL,A_EQUAL_SHARE,9,7,黑龙江,0.14046314099419638,0.08999554928785833,0.08999554928785827,VALIDATED_SAME_S_AND_NEXT_ALLOCATION_PAYOFF,0.05046759170633805
STATIC_NO_FEEDBACK_COUNTERFACTUAL,A_EQUAL_SHARE,9,8,上海,0.36783573726801866,0.08999015143649801,0.08999015143649794,VALIDATED_SAME_S_AND_NEXT_ALLOCATION_PAYOFF,0.27784558583152064
STATIC_NO_FEEDBACK_COUNTERFACTUAL,A_EQUAL_SHARE,9,9,江苏,0.3088929549575007,0.08999169529701194,0.08999169529701187,VALIDATED_SAME_S_AND_NEXT_ALLOCATION_PAYOFF,0.21890125966048873
STATIC_NO_FEEDBACK_COUNTERFACTUAL,A_EQUAL_SHARE,9,10,浙江,0.3186861531416669,0.08999422510909759,0.08999422510909759,VALIDATED_SAME_S_AND_NEXT_ALLOCATION_PAYOFF,0.22869192803256927
STATIC_NO_FEEDBACK_COUNTERFACTUAL,A_EQUAL_SHARE,9,11,安徽,0.3395953110698561,0.08999909229949983,0.08999909229949977,VALIDATED_SAME_S_AND_NEXT_ALLOCATION_PAYOFF,0.24959621877035626
STATIC_NO_FEEDBACK_COUNTERFACTUAL,A_EQUAL_SHARE,9,12,福建,0.2983727639805665,0.0899932903657811,0.0899932903657811,VALIDATED_SAME_S_AND_NEXT_ALLOCATION_PAYOFF,0.2083794736147854
STATIC_NO_FEEDBACK_COUNTERFACTUAL,A_EQUAL_SHARE,9,13,江西,0.3089682787921722,0.08999923318477832,0.08999923318477822,VALIDATED_SAME_S_AND_NEXT_ALLOCATION_PAYOFF,0.2189690456073939
STATIC_NO_FEEDBACK_COUNTERFACTUAL,A_EQUAL_SHARE,9,14,山东,0.21055548116064934,0.08999361545562208,0.08999361545562208,VALIDATED_SAME_S_AND_NEXT_ALLOCATION_PAYOFF,0.12056186570502726
STATIC_NO_FEEDBACK_COUNTERFACTUAL,A_EQUAL_SHARE,9,15,河南,0.19487631883266654,0.08999584209995024,0.08999584209995015,VALIDATED_SAME_S_AND_NEXT_ALLOCATION_PAYOFF,0.1048804767327163
STATIC_NO_FEEDBACK_COUNTERFACTUAL,A_EQUAL_SHARE,9,16,湖北,0.2800800833609541,0.08999575873824864,0.08999575873824864,VALIDATED_SAME_S_AND_NEXT_ALLOCATION_PAYOFF,0.19008432462270544
STATIC_NO_FEEDBACK_COUNTERFACTUAL,A_EQUAL_SHARE,9,17,湖南,0.2619995632893646,0.08999756831796396,0.08999756831796396,VALIDATED_SAME_S_AND_NEXT_ALLOCATION_PAYOFF,0.17200199497140062
STATIC_NO_FEEDBACK_COUNTERFACTUAL,A_EQUAL_SHARE,9,18,广东,0.3655225883694792,0.08999677059901928,0.08999677059901921,VALIDATED_SAME_S_AND_NEXT_ALLOCATION_PAYOFF,0.2755258177704599
STATIC_NO_FEEDBACK_COUNTERFACTUAL,A_EQUAL_SHARE,9,19,广西,0.19150449111804865,0.08999788096961417,0.08999788096961421,VALIDATED_SAME_S_AND_NEXT_ALLOCATION_PAYOFF,0.10150661014843448
STATIC_NO_FEEDBACK_COUNTERFACTUAL,A_EQUAL_SHARE,9,20,海南,0.22229721933896807,0.08999709294952485,0.0899970929495248,VALIDATED_SAME_S_AND_NEXT_ALLOCATION_PAYOFF,0.13230012638944322
STATIC_NO_FEEDBACK_COUNTERFACTUAL,A_EQUAL_SHARE,9,21,重庆,0.2909553772172719,0.08999645901058027,0.08999645901058027,VALIDATED_SAME_S_AND_NEXT_ALLOCATION_PAYOFF,0.2009589182066916
STATIC_NO_FEEDBACK_COUNTERFACTUAL,A_EQUAL_SHARE,9,22,四川,0.31397870945232287,0.08999918325549319,0.08999918325549318,VALIDATED_SAME_S_AND_NEXT_ALLOCATION_PAYOFF,0.22397952619682968
STATIC_NO_FEEDBACK_COUNTERFACTUAL,A_EQUAL_SHARE,9,23,贵州,0.264312688356356,0.08999981723677358,0.08999981723677354,VALIDATED_SAME_S_AND_NEXT_ALLOCATION_PAYOFF,0.17431287111958244
STATIC_NO_FEEDBACK_COUNTERFACTUAL,A_EQUAL_SHARE,9,24,云南,0.199327380797657,0.08999730122982401,0.08999730122982401,VALIDATED_SAME_S_AND_NEXT_ALLOCATION_PAYOFF,0.10933007956783299
STATIC_NO_FEEDBACK_COUNTERFACTUAL,A_EQUAL_SHARE,9,25,西藏,0.1582753883102103,0.08999536743702453,0.08999536743702455,VALIDATED_SAME_S_AND_NEXT_ALLOCATION_PAYOFF,0.06828002087318576
STATIC_NO_FEEDBACK_COUNTERFACTUAL,A_EQUAL_SHARE,9,26,陕西,0.2159293261889422,0.08999481951425259,0.08999481951425259,VALIDATED_SAME_S_AND_NEXT_ALLOCATION_PAYOFF,0.1259345066746896
STATIC_NO_FEEDBACK_COUNTERFACTUAL,A_EQUAL_SHARE,9,27,甘肃,0.21365066510078468,0.09,0.09,VALIDATED_SAME_S_AND_NEXT_ALLOCATION_PAYOFF,0.12365066510078468
STATIC_NO_FEEDBACK_COUNTERFACTUAL,A_EQUAL_SHARE,9,28,青海,0.11196336992790697,0.08818937869366315,0.08818937869366315,VALIDATED_SAME_S_AND_NEXT_ALLOCATION_PAYOFF,0.023773991234243813
STATIC_NO_FEEDBACK_COUNTERFACTUAL,A_EQUAL_SHARE,9,29,宁夏,0.1274046221342578,0.08999042430281275,0.08999042430281275,VALIDATED_SAME_S_AND_NEXT_ALLOCATION_PAYOFF,0.03741419783144505
STATIC_NO_FEEDBACK_COUNTERFACTUAL,A_EQUAL_SHARE,9,30,新疆,0.16993141877447626,0.08999438025990417,0.08999438025990417,VALIDATED_SAME_S_AND_NEXT_ALLOCATION_PAYOFF,0.0799370385145721
STATIC_NO_FEEDBACK_COUNTERFACTUAL,A_EQUAL_SHARE,10,0,北京,0.38145999804445374,0.08999011043971925,0.08999011043971916,VALIDATED_SAME_S_AND_NEXT_ALLOCATION_PAYOFF,0.29146988760473447
STATIC_NO_FEEDBACK_COUNTERFACTUAL,A_EQUAL_SHARE,10,1,天津,0.1578851738862464,0.08997836953089386,0.08997836953089394,VALIDATED_SAME_S_AND_NEXT_ALLOCATION_PAYOFF,0.06790680435535254
STATIC_NO_FEEDBACK_COUNTERFACTUAL,A_EQUAL_SHARE,10,2,河北,0.1863494697384764,0.08999687533100167,0.08999687533100177,VALIDATED_SAME_S_AND_NEXT_ALLOCATION_PAYOFF,0.09635259440747473
STATIC_NO_FEEDBACK_COUNTERFACTUAL,A_EQUAL_SHARE,10,3,山西,0.1954337106355574,0.08999689941888976,0.08999689941888976,VALIDATED_SAME_S_AND_NEXT_ALLOCATION_PAYOFF,0.10543681121666763
STATIC_NO_FEEDBACK_COUNTERFACTUAL,A_EQUAL_SHARE,10,4,内蒙古,0.13989059324059583,0.08998590348816829,0.0899859034881682,VALIDATED_SAME_S_AND_NEXT_ALLOCATION_PAYOFF,0.04990468975242754
STATIC_NO_FEEDBACK_COUNTERFACTUAL,A_EQUAL_SHARE,10,5,辽宁,0.1721730101846266,0.08999352911985282,0.0899935291198529,VALIDATED_SAME_S_AND_NEXT_ALLOCATION_PAYOFF,0.08217948106477378
STATIC_NO_FEEDBACK_COUNTERFACTUAL,A_EQUAL_SHARE,10,6,吉林,0.11558406725948674,0.08999016553997174,0.08999016553997181,VALIDATED_SAME_S_AND_NEXT_ALLOCATION_PAYOFF,0.02559390171951499
STATIC_NO_FEEDBACK_COUNTERFACTUAL,A_EQUAL_SHARE,10,7,黑龙江,0.1404630341106921,0.08999554956654235,0.08999554956654228,VALIDATED_SAME_S_AND_NEXT_ALLOCATION_PAYOFF,0.05046748454414976
STATIC_NO_FEEDBACK_COUNTERFACTUAL,A_EQUAL_SHARE,10,8,上海,0.3678411707429631,0.08999015205317172,0.08999015205317165,VALIDATED_SAME_S_AND_NEXT_ALLOCATION_PAYOFF,0.27785101868979134
STATIC_NO_FEEDBACK_COUNTERFACTUAL,A_EQUAL_SHARE,10,9,江苏,0.3088957409901979,0.0899916958170159,0.08999169581701583,VALIDATED_SAME_S_AND_NEXT_ALLOCATION_PAYOFF,0.21890404517318202
STATIC_NO_FEEDBACK_COUNTERFACTUAL,A_EQUAL_SHARE,10,10,浙江,0.31868933927494997,0.08999422547069585,0.08999422547069585,VALIDATED_SAME_S_AND_NEXT_ALLOCATION_PAYOFF,0.2286951138042541
STATIC_NO_FEEDBACK_COUNTERFACTUAL,A_EQUAL_SHARE,10,11,安徽,0.33959902060500935,0.08999909235633603,0.08999909235633599,VALIDATED_SAME_S_AND_NEXT_ALLOCATION_PAYOFF,0.24959992824867333
STATIC_NO_FEEDBACK_COUNTERFACTUAL,A_EQUAL_SHARE,10,12,福建,0.298375782828846,0.08999329078590888,0.08999329078590888,VALIDATED_SAME_S_AND_NEXT_ALLOCATION_PAYOFF,0.20838249204293713
STATIC_NO_FEEDBACK_COUNTERFACTUAL,A_EQUAL_SHARE,10,13,江西,0.30897003051191085,0.08999923323279291,0.08999923323279281,VALIDATED_SAME_S_AND_NEXT_ALLOCATION_PAYOFF,0.21897079727911795
STATIC_NO_FEEDBACK_COUNTERFACTUAL,A_EQUAL_SHARE,10,14,山东,0.21055664897164478,0.08999361585539416,0.08999361585539416,VALIDATED_SAME_S_AND_NEXT_ALLOCATION_PAYOFF,0.12056303311625062
STATIC_NO_FEEDBACK_COUNTERFACTUAL,A_EQUAL_SHARE,10,15,河南,0.19487732418463408,0.08999584236029964,0.08999584236029955,VALIDATED_SAME_S_AND_NEXT_ALLOCATION_PAYOFF,0.10488148182433443
STATIC_NO_FEEDBACK_COUNTERFACTUAL,A_EQUAL_SHARE,10,16,湖北,0.28008251572776943,0.08999575900381779,0.08999575900381779,VALIDATED_SAME_S_AND_NEXT_ALLOCATION_PAYOFF,0.19008675672395164
STATIC_NO_FEEDBACK_COUNTERFACTUAL,A_EQUAL_SHARE,10,17,湖南,0.2620016255803864,0.08999756847022519,0.08999756847022519,VALIDATED_SAME_S_AND_NEXT_ALLOCATION_PAYOFF,0.17200405711016123
STATIC_NO_FEEDBACK_COUNTERFACTUAL,A_EQUAL_SHARE,10,18,广东,0.3655262489926821,0.08999677080123016,0.0899967708012301,VALIDATED_SAME_S_AND_NEXT_ALLOCATION_PAYOFF,0.27552947819145196
STATIC_NO_FEEDBACK_COUNTERFACTUAL,A_EQUAL_SHARE,10,19,广西,0.1915065418447984,0.08999788110229853,0.08999788110229856,VALIDATED_SAME_S_AND_NEXT_ALLOCATION_PAYOFF,0.10150866074249987
STATIC_NO_FEEDBACK_COUNTERFACTUAL,A_EQUAL_SHARE,10,20,海南,0.222299073589383,0.08999709313155155,0.08999709313155152,VALIDATED_SAME_S_AND_NEXT_ALLOCATION_PAYOFF,0.13230198045783145
STATIC_NO_FEEDBACK_COUNTERFACTUAL,A_EQUAL_SHARE,10,21,重庆,0.29095619363950354,0.08999645923230146,0.08999645923230146,VALIDATED_SAME_S_AND_NEXT_ALLOCATION_PAYOFF,0.20095973440720208
STATIC_NO_FEEDBACK_COUNTERFACTUAL,A_EQUAL_SHARE,10,22,四川,0.31398161446809114,0.08999918330663415,0.08999918330663413,VALIDATED_SAME_S_AND_NEXT_ALLOCATION_PAYOFF,0.223982431161457
STATIC_NO_FEEDBACK_COUNTERFACTUAL,A_EQUAL_SHARE,10,23,贵州,0.2643115612282067,0.0899998172482174,0.08999981724821737,VALIDATED_SAME_S_AND_NEXT_ALLOCATION_PAYOFF,0.1743117439799893
STATIC_NO_FEEDBACK_COUNTERFACTUAL,A_EQUAL_SHARE,10,24,云南,0.19932679227041153,0.08999730139880913,0.08999730139880913,VALIDATED_SAME_S_AND_NEXT_ALLOCATION_PAYOFF,0.1093294908716024
STATIC_NO_FEEDBACK_COUNTERFACTUAL,A_EQUAL_SHARE,10,25,西藏,0.1582762465233822,0.08999536772709525,0.08999536772709525,VALIDATED_SAME_S_AND_NEXT_ALLOCATION_PAYOFF,0.06828087879628696
STATIC_NO_FEEDBACK_COUNTERFACTUAL,A_EQUAL_SHARE,10,26,陕西,0.21592910947676197,0.08999481983863182,0.08999481983863182,VALIDATED_SAME_S_AND_NEXT_ALLOCATION_PAYOFF,0.12593428963813014
STATIC_NO_FEEDBACK_COUNTERFACTUAL,A_EQUAL_SHARE,10,27,甘肃,0.2136509768440422,0.09,0.09,VALIDATED_SAME_S_AND_NEXT_ALLOCATION_PAYOFF,0.12365097684404219
STATIC_NO_FEEDBACK_COUNTERFACTUAL,A_EQUAL_SHARE,10,28,青海,0.11196367340785901,0.088189492066802,0.088189492066802,VALIDATED_SAME_S_AND_NEXT_ALLOCATION_PAYOFF,0.023774181341057007
STATIC_NO_FEEDBACK_COUNTERFACTUAL,A_EQUAL_SHARE,10,29,宁夏,0.12740491677304394,0.08999042490240076,0.08999042490240076,VALIDATED_SAME_S_AND_NEXT_ALLOCATION_PAYOFF,0.03741449187064318
STATIC_NO_FEEDBACK_COUNTERFACTUAL,A_EQUAL_SHARE,10,30,新疆,0.16993120697424244,0.08999438061178756,0.08999438061178756,VALIDATED_SAME_S_AND_NEXT_ALLOCATION_PAYOFF,0.07993682636245487
STATIC_NO_FEEDBACK_COUNTERFACTUAL,A_EQUAL_SHARE,11,0,北京,0.38146047025333535,0.08999011040099845,0.08999011040099837,VALIDATED_SAME_S_AND_NEXT_ALLOCATION_PAYOFF,0.2914703598523369
STATIC_NO_FEEDBACK_COUNTERFACTUAL,A_EQUAL_SHARE,11,1,天津,0.1578849828981582,0.08997836944620365,0.08997836944620373,VALIDATED_SAME_S_AND_NEXT_ALLOCATION_PAYOFF,0.06790661345195455
STATIC_NO_FEEDBACK_COUNTERFACTUAL,A_EQUAL_SHARE,11,2,河北,0.1863494971708785,0.0899968753187676,0.0899968753187677,VALIDATED_SAME_S_AND_NEXT_ALLOCATION_PAYOFF,0.09635262185211091
STATIC_NO_FEEDBACK_COUNTERFACTUAL,A_EQUAL_SHARE,11,3,山西,0.195433675647339,0.08999689940674999,0.08999689940674999,VALIDATED_SAME_S_AND_NEXT_ALLOCATION_PAYOFF,0.105436776240589
STATIC_NO_FEEDBACK_COUNTERFACTUAL,A_EQUAL_SHARE,11,4,内蒙古,0.13989059835823636,0.08998590343297594,0.08998590343297584,VALIDATED_SAME_S_AND_NEXT_ALLOCATION_PAYOFF,0.04990469492526042
STATIC_NO_FEEDBACK_COUNTERFACTUAL,A_EQUAL_SHARE,11,5,辽宁,0.1721731351783543,0.08999352909451726,0.08999352909451733,VALIDATED_SAME_S_AND_NEXT_ALLOCATION_PAYOFF,0.08217960608383705
STATIC_NO_FEEDBACK_COUNTERFACTUAL,A_EQUAL_SHARE,11,6,吉林,0.1155840707918996,0.08999016550146668,0.08999016550146675,VALIDATED_SAME_S_AND_NEXT_ALLOCATION_PAYOFF,0.025593905290432914
STATIC_NO_FEEDBACK_COUNTERFACTUAL,A_EQUAL_SHARE,11,7,黑龙江,0.1404630225031307,0.08999554954911747,0.08999554954911741,VALIDATED_SAME_S_AND_NEXT_ALLOCATION_PAYOFF,0.05046747295401323
STATIC_NO_FEEDBACK_COUNTERFACTUAL,A_EQUAL_SHARE,11,8,上海,0.3678415791185602,0.08999015201461386,0.08999015201461379,VALIDATED_SAME_S_AND_NEXT_ALLOCATION_PAYOFF,0.27785142710394634
STATIC_NO_FEEDBACK_COUNTERFACTUAL,A_EQUAL_SHARE,11,9,江苏,0.30889590679340434,0.08999169578450236,0.08999169578450229,VALIDATED_SAME_S_AND_NEXT_ALLOCATION_PAYOFF,0.21890421100890198
STATIC_NO_FEEDBACK_COUNTERFACTUAL,A_EQUAL_SHARE,11,10,浙江,0.31868953484591306,0.08999422544808672,0.08999422544808672,VALIDATED_SAME_S_AND_NEXT_ALLOCATION_PAYOFF,0.22869530939782634
STATIC_NO_FEEDBACK_COUNTERFACTUAL,A_EQUAL_SHARE,11,11,安徽,0.33959925924062384,0.08999909235278232,0.08999909235278228,VALIDATED_SAME_S_AND_NEXT_ALLOCATION_PAYOFF,0.24960016688784153
STATIC_NO_FEEDBACK_COUNTERFACTUAL,A_EQUAL_SHARE,11,12,福建,0.2983759575687383,0.08999329075964016,0.08999329075964016,VALIDATED_SAME_S_AND_NEXT_ALLOCATION_PAYOFF,0.20838266680909814
STATIC_NO_FEEDBACK_COUNTERFACTUAL,A_EQUAL_SHARE,11,13,江西,0.3089701551626894,0.08999923322979077,0.08999923322979067,VALIDATED_SAME_S_AND_NEXT_ALLOCATION_PAYOFF,0.21897092193289863
STATIC_NO_FEEDBACK_COUNTERFACTUAL,A_EQUAL_SHARE,11,14,山东,0.21055669038998198,0.08999361583039818,0.08999361583039818,VALIDATED_SAME_S_AND_NEXT_ALLOCATION_PAYOFF,0.1205630745595838
STATIC_NO_FEEDBACK_COUNTERFACTUAL,A_EQUAL_SHARE,11,15,河南,0.19487735497474715,0.08999584234402115,0.08999584234402105,VALIDATED_SAME_S_AND_NEXT_ALLOCATION_PAYOFF,0.104881512630726
STATIC_NO_FEEDBACK_COUNTERFACTUAL,A_EQUAL_SHARE,11,16,湖北,0.28008264320178505,0.08999575898721293,0.08999575898721293,VALIDATED_SAME_S_AND_NEXT_ALLOCATION_PAYOFF,0.19008688421457212
STATIC_NO_FEEDBACK_COUNTERFACTUAL,A_EQUAL_SHARE,11,17,湖南,0.26200172355965484,0.08999756846070497,0.08999756846070497,VALIDATED_SAME_S_AND_NEXT_ALLOCATION_PAYOFF,0.17200415509894987
STATIC_NO_FEEDBACK_COUNTERFACTUAL,A_EQUAL_SHARE,11,18,广东,0.36552650219279226,0.08999677078858681,0.08999677078858676,VALIDATED_SAME_S_AND_NEXT_ALLOCATION_PAYOFF,0.27552973140420545
STATIC_NO_FEEDBACK_COUNTERFACTUAL,A_EQUAL_SHARE,11,19,广西,0.19150606614589394,0.08999788109400236,0.0899978810940024,VALIDATED_SAME_S_AND_NEXT_ALLOCATION_PAYOFF,0.10150818505189158
STATIC_NO_FEEDBACK_COUNTERFACTUAL,A_EQUAL_SHARE,11,20,海南,0.22229914840098633,0.08999709312017024,0.0899970931201702,VALIDATED_SAME_S_AND_NEXT_ALLOCATION_PAYOFF,0.1323020552808161
STATIC_NO_FEEDBACK_COUNTERFACTUAL,A_EQUAL_SHARE,11,21,重庆,0.29095644611912086,0.08999645921843821,0.08999645921843821,VALIDATED_SAME_S_AND_NEXT_ALLOCATION_PAYOFF,0.20095998690068265
STATIC_NO_FEEDBACK_COUNTERFACTUAL,A_EQUAL_SHARE,11,22,四川,0.31398178372409924,0.08999918330343652,0.08999918330343651,VALIDATED_SAME_S_AND_NEXT_ALLOCATION_PAYOFF,0.2239826004206627
STATIC_NO_FEEDBACK_COUNTERFACTUAL,A_EQUAL_SHARE,11,23,贵州,0.2643114754313118,0.08999981724750188,0.08999981724750185,VALIDATED_SAME_S_AND_NEXT_ALLOCATION_PAYOFF,0.1743116581838099
STATIC_NO_FEEDBACK_COUNTERFACTUAL,A_EQUAL_SHARE,11,24,云南,0.19932694094444559,0.08999730138824323,0.08999730138824324,VALIDATED_SAME_S_AND_NEXT_ALLOCATION_PAYOFF,0.10932963955620235
STATIC_NO_FEEDBACK_COUNTERFACTUAL,A_EQUAL_SHARE,11,25,西藏,0.1582762675202269,0.08999536770895841,0.08999536770895843,VALIDATED_SAME_S_AND_NEXT_ALLOCATION_PAYOFF,0.06828089981126848
STATIC_NO_FEEDBACK_COUNTERFACTUAL,A_EQUAL_SHARE,11,26,陕西,0.21592924731298138,0.08999481981834982,0.08999481981834982,VALIDATED_SAME_S_AND_NEXT_ALLOCATION_PAYOFF,0.12593442749463157
STATIC_NO_FEEDBACK_COUNTERFACTUAL,A_EQUAL_SHARE,11,27,甘肃,0.21365097438381933,0.09,0.09,VALIDATED_SAME_S_AND_NEXT_ALLOCATION_PAYOFF,0.12365097438381933
STATIC_NO_FEEDBACK_COUNTERFACTUAL,A_EQUAL_SHARE,11,28,青海,0.11196367963986847,0.08818948497808371,0.08818948497808371,VALIDATED_SAME_S_AND_NEXT_ALLOCATION_PAYOFF,0.023774194661784764
STATIC_NO_FEEDBACK_COUNTERFACTUAL,A_EQUAL_SHARE,11,29,宁夏,0.12740491878107027,0.08999042486491118,0.08999042486491118,VALIDATED_SAME_S_AND_NEXT_ALLOCATION_PAYOFF,0.037414493916159086
STATIC_NO_FEEDBACK_COUNTERFACTUAL,A_EQUAL_SHARE,11,30,新疆,0.1699311890003966,0.08999438058978586,0.08999438058978586,VALIDATED_SAME_S_AND_NEXT_ALLOCATION_PAYOFF,0.07993680841061075
STATIC_NO_FEEDBACK_COUNTERFACTUAL,A_EQUAL_SHARE,12,0,北京,0.3814605112956267,0.08999011040350105,0.08999011040350095,VALIDATED_SAME_S_AND_NEXT_ALLOCATION_PAYOFF,0.2914704008921256
STATIC_NO_FEEDBACK_COUNTERFACTUAL,A_EQUAL_SHARE,12,1,天津,0.15788497900872914,0.08997836945167732,0.0899783694516774,VALIDATED_SAME_S_AND_NEXT_ALLOCATION_PAYOFF,0.06790660955705181
STATIC_NO_FEEDBACK_COUNTERFACTUAL,A_EQUAL_SHARE,12,2,河北,0.18634949943513296,0.0899968753195583,0.08999687531955841,VALIDATED_SAME_S_AND_NEXT_ALLOCATION_PAYOFF,0.09635262411557466
STATIC_NO_FEEDBACK_COUNTERFACTUAL,A_EQUAL_SHARE,12,3,山西,0.1954336752598199,0.08999689940753461,0.08999689940753461,VALIDATED_SAME_S_AND_NEXT_ALLOCATION_PAYOFF,0.10543677585228528
STATIC_NO_FEEDBACK_COUNTERFACTUAL,A_EQUAL_SHARE,12,4,内蒙古,0.13989060004685716,0.08998590343654311,0.08998590343654302,VALIDATED_SAME_S_AND_NEXT_ALLOCATION_PAYOFF,0.04990469661031405
STATIC_NO_FEEDBACK_COUNTERFACTUAL,A_EQUAL_SHARE,12,5,辽宁,0.17217312188177417,0.08999352909615474,0.08999352909615481,VALIDATED_SAME_S_AND_NEXT_ALLOCATION_PAYOFF,0.08217959278561943
STATIC_NO_FEEDBACK_COUNTERFACTUAL,A_EQUAL_SHARE,12,6,吉林,0.1155840723106852,0.08999016550395533,0.0899901655039554,VALIDATED_SAME_S_AND_NEXT_ALLOCATION_PAYOFF,0.025593906806729863
STATIC_NO_FEEDBACK_COUNTERFACTUAL,A_EQUAL_SHARE,12,7,黑龙江,0.140463023120802,0.08999554955024368,0.08999554955024361,VALIDATED_SAME_S_AND_NEXT_ALLOCATION_PAYOFF,0.05046747357055832
STATIC_NO_FEEDBACK_COUNTERFACTUAL,A_EQUAL_SHARE,12,8,上海,0.3678416136948545,0.08999015201710592,0.08999015201710585,VALIDATED_SAME_S_AND_NEXT_ALLOCATION_PAYOFF,0.2778514616777486
STATIC_NO_FEEDBACK_COUNTERFACTUAL,A_EQUAL_SHARE,12,9,江苏,0.30889591964125646,0.08999169578660376,0.0899916957866037,VALIDATED_SAME_S_AND_NEXT_ALLOCATION_PAYOFF,0.2189042238546527
STATIC_NO_FEEDBACK_COUNTERFACTUAL,A_EQUAL_SHARE,12,10,浙江,0.3186895499663619,0.089994225449548,0.089994225449548,VALIDATED_SAME_S_AND_NEXT_ALLOCATION_PAYOFF,0.2286953245168139
STATIC_NO_FEEDBACK_COUNTERFACTUAL,A_EQUAL_SHARE,12,11,安徽,0.33959927799733336,0.089999092353012,0.08999909235301196,VALIDATED_SAME_S_AND_NEXT_ALLOCATION_PAYOFF,0.24960018564432135
STATIC_NO_FEEDBACK_COUNTERFACTUAL,A_EQUAL_SHARE,12,12,福建,0.2983759705404415,0.08999329076133795,0.08999329076133795,VALIDATED_SAME_S_AND_NEXT_ALLOCATION_PAYOFF,0.20838267977910357
STATIC_NO_FEEDBACK_COUNTERFACTUAL,A_EQUAL_SHARE,12,13,江西,0.30897017021773593,0.08999923322998479,0.08999923322998471,VALIDATED_SAME_S_AND_NEXT_ALLOCATION_PAYOFF,0.21897093698775114
STATIC_NO_FEEDBACK_COUNTERFACTUAL,A_EQUAL_SHARE,12,14,山东,0.21055669364616586,0.08999361583201372,0.08999361583201372,VALIDATED_SAME_S_AND_NEXT_ALLOCATION_PAYOFF,0.12056307781415214
STATIC_NO_FEEDBACK_COUNTERFACTUAL,A_EQUAL_SHARE,12,15,河南,0.19487735750599883,0.08999584234507325,0.08999584234507317,VALIDATED_SAME_S_AND_NEXT_ALLOCATION_PAYOFF,0.10488151516092557
STATIC_NO_FEEDBACK_COUNTERFACTUAL,A_EQUAL_SHARE,12,16,湖北,0.28008265246890685,0.08999575898828613,0.08999575898828613,VALIDATED_SAME_S_AND_NEXT_ALLOCATION_PAYOFF,0.19008689348062072
STATIC_NO_FEEDBACK_COUNTERFACTUAL,A_EQUAL_SHARE,12,17,湖南,0.2620017305672013,0.08999756846132029,0.08999756846132029,VALIDATED_SAME_S_AND_NEXT_ALLOCATION_PAYOFF,0.172004162105881
STATIC_NO_FEEDBACK_COUNTERFACTUAL,A_EQUAL_SHARE,12,18,广东,0.3655265235510505,0.08999677078940398,0.08999677078940391,VALIDATED_SAME_S_AND_NEXT_ALLOCATION_PAYOFF,0.2755297527616465
STATIC_NO_FEEDBACK_COUNTERFACTUAL,A_EQUAL_SHARE,12,19,广西,0.19150612355776703,0.08999788109453856,0.0899978810945386,VALIDATED_SAME_S_AND_NEXT_ALLOCATION_PAYOFF,0.10150824246322847
STATIC_NO_FEEDBACK_COUNTERFACTUAL,A_EQUAL_SHARE,12,20,海南,0.22229915341191833,0.08999709312090583,0.0899970931209058,VALIDATED_SAME_S_AND_NEXT_ALLOCATION_PAYOFF,0.1323020602910125
STATIC_NO_FEEDBACK_COUNTERFACTUAL,A_EQUAL_SHARE,12,21,重庆,0.2909564409362243,0.08999645921933422,0.08999645921933422,VALIDATED_SAME_S_AND_NEXT_ALLOCATION_PAYOFF,0.20095998171689008
STATIC_NO_FEEDBACK_COUNTERFACTUAL,A_EQUAL_SHARE,12,22,四川,0.3139817966053606,0.08999918330364319,0.08999918330364318,VALIDATED_SAME_S_AND_NEXT_ALLOCATION_PAYOFF,0.22398261330171737
STATIC_NO_FEEDBACK_COUNTERFACTUAL,A_EQUAL_SHARE,12,23,贵州,0.2643114719102219,0.08999981724754812,0.08999981724754809,VALIDATED_SAME_S_AND_NEXT_ALLOCATION_PAYOFF,0.1743116546626738
STATIC_NO_FEEDBACK_COUNTERFACTUAL,A_EQUAL_SHARE,12,24,云南,0.19932692547656042,0.08999730138892613,0.08999730138892613,VALIDATED_SAME_S_AND_NEXT_ALLOCATION_PAYOFF,0.10932962408763429
STATIC_NO_FEEDBACK_COUNTERFACTUAL,A_EQUAL_SHARE,12,25,西藏,0.1582762693831673,0.08999536771013063,0.08999536771013064,VALIDATED_SAME_S_AND_NEXT_ALLOCATION_PAYOFF,0.06828090167303667
STATIC_NO_FEEDBACK_COUNTERFACTUAL,A_EQUAL_SHARE,12,26,陕西,0.21592923618545173,0.08999481981966069,0.08999481981966069,VALIDATED_SAME_S_AND_NEXT_ALLOCATION_PAYOFF,0.12593441636579106
STATIC_NO_FEEDBACK_COUNTERFACTUAL,A_EQUAL_SHARE,12,27,甘肃,0.21365097540810127,0.09,0.09,VALIDATED_SAME_S_AND_NEXT_ALLOCATION_PAYOFF,0.12365097540810127
STATIC_NO_FEEDBACK_COUNTERFACTUAL,A_EQUAL_SHARE,12,28,青海,0.11196368132410929,0.08818948543623989,0.08818948543623989,VALIDATED_SAME_S_AND_NEXT_ALLOCATION_PAYOFF,0.0237741958878694
STATIC_NO_FEEDBACK_COUNTERFACTUAL,A_EQUAL_SHARE,12,29,宁夏,0.12740492034770026,0.0899904248673342,0.0899904248673342,VALIDATED_SAME_S_AND_NEXT_ALLOCATION_PAYOFF,0.03741449548036606
STATIC_NO_FEEDBACK_COUNTERFACTUAL,A_EQUAL_SHARE,12,30,新疆,0.1699311894739787,0.08999438059120787,0.08999438059120787,VALIDATED_SAME_S_AND_NEXT_ALLOCATION_PAYOFF,0.07993680888277083
STATIC_NO_FEEDBACK_COUNTERFACTUAL,A_EQUAL_SHARE,13,0,北京,0.38146051447810125,0.08999011040322138,0.08999011040322129,VALIDATED_SAME_S_AND_NEXT_ALLOCATION_PAYOFF,0.2914704040748799
STATIC_NO_FEEDBACK_COUNTERFACTUAL,A_EQUAL_SHARE,13,1,天津,0.1578849788888958,0.08997836945106565,0.08997836945106573,VALIDATED_SAME_S_AND_NEXT_ALLOCATION_PAYOFF,0.06790660943783015
STATIC_NO_FEEDBACK_COUNTERFACTUAL,A_EQUAL_SHARE,13,2,河北,0.1863494994275511,0.08999687531946994,0.08999687531947004,VALIDATED_SAME_S_AND_NEXT_ALLOCATION_PAYOFF,0.09635262410808117
STATIC_NO_FEEDBACK_COUNTERFACTUAL,A_EQUAL_SHARE,13,3,山西,0.19543367513178775,0.08999689940744693,0.08999689940744693,VALIDATED_SAME_S_AND_NEXT_ALLOCATION_PAYOFF,0.10543677572434082
STATIC_NO_FEEDBACK_COUNTERFACTUAL,A_EQUAL_SHARE,13,4,内蒙古,0.13989060007341875,0.08998590343614449,0.08998590343614439,VALIDATED_SAME_S_AND_NEXT_ALLOCATION_PAYOFF,0.04990469663727426
STATIC_NO_FEEDBACK_COUNTERFACTUAL,A_EQUAL_SHARE,13,5,辽宁,0.1721731238621786,0.08999352909597175,0.08999352909597182,VALIDATED_SAME_S_AND_NEXT_ALLOCATION_PAYOFF,0.08217959476620684
STATIC_NO_FEEDBACK_COUNTERFACTUAL,A_EQUAL_SHARE,13,6,吉林,0.1155840723110451,0.08999016550367722,0.0899901655036773,VALIDATED_SAME_S_AND_NEXT_ALLOCATION_PAYOFF,0.02559390680736788
STATIC_NO_FEEDBACK_COUNTERFACTUAL,A_EQUAL_SHARE,13,7,黑龙江,0.14046302307105174,0.08999554955011782,0.08999554955011776,VALIDATED_SAME_S_AND_NEXT_ALLOCATION_PAYOFF,0.05046747352093392
STATIC_NO_FEEDBACK_COUNTERFACTUAL,A_EQUAL_SHARE,13,8,上海,0.3678416162502113,0.08999015201682743,0.08999015201682736,VALIDATED_SAME_S_AND_NEXT_ALLOCATION_PAYOFF,0.27785146423338386
STATIC_NO_FEEDBACK_COUNTERFACTUAL,A_EQUAL_SHARE,13,9,江苏,0.30889592033920044,0.08999169578636894,0.08999169578636887,VALIDATED_SAME_S_AND_NEXT_ALLOCATION_PAYOFF,0.21890422455283148
STATIC_NO_FEEDBACK_COUNTERFACTUAL,A_EQUAL_SHARE,13,10,浙江,0.3186895508264569,0.0899942254493847,0.0899942254493847,VALIDATED_SAME_S_AND_NEXT_ALLOCATION_PAYOFF,0.2286953253770722
STATIC_NO_FEEDBACK_COUNTERFACTUAL,A_EQUAL_SHARE,13,11,安徽,0.33959927913855886,0.08999909235298634,0.0899990923529863,VALIDATED_SAME_S_AND_NEXT_ALLOCATION_PAYOFF,0.24960018678557253
STATIC_NO_FEEDBACK_COUNTERFACTUAL,A_EQUAL_SHARE,13,12,福建,0.29837597121239534,0.08999329076114822,0.08999329076114822,VALIDATED_SAME_S_AND_NEXT_ALLOCATION_PAYOFF,0.20838268045124714
STATIC_NO_FEEDBACK_COUNTERFACTUAL,A_EQUAL_SHARE,13,13,江西,0.30897017054552783,0.08999923322996312,0.08999923322996303,VALIDATED_SAME_S_AND_NEXT_ALLOCATION_PAYOFF,0.21897093731556472
STATIC_NO_FEEDBACK_COUNTERFACTUAL,A_EQUAL_SHARE,13,14,山东,0.21055669369326177,0.08999361583183318,0.08999361583183318,VALIDATED_SAME_S_AND_NEXT_ALLOCATION_PAYOFF,0.12056307786142859
STATIC_NO_FEEDBACK_COUNTERFACTUAL,A_EQUAL_SHARE,13,15,河南,0.1948773575131259,0.08999584234495568,0.0899958423449556,VALIDATED_SAME_S_AND_NEXT_ALLOCATION_PAYOFF,0.10488151516817022
STATIC_NO_FEEDBACK_COUNTERFACTUAL,A_EQUAL_SHARE,13,16,湖北,0.28008265287363554,0.0899957589881662,0.0899957589881662,VALIDATED_SAME_S_AND_NEXT_ALLOCATION_PAYOFF,0.19008689388546934
STATIC_NO_FEEDBACK_COUNTERFACTUAL,A_EQUAL_SHARE,13,17,湖南,0.2620017308142574,0.08999756846125152,0.08999756846125152,VALIDATED_SAME_S_AND_NEXT_ALLOCATION_PAYOFF,0.17200416235300592
STATIC_NO_FEEDBACK_COUNTERFACTUAL,A_EQUAL_SHARE,13,18,广东,0.36552652498554755,0.08999677078931266,0.08999677078931259,VALIDATED_SAME_S_AND_NEXT_ALLOCATION_PAYOFF,0.2755297541962349
STATIC_NO_FEEDBACK_COUNTERFACTUAL,A_EQUAL_SHARE,13,19,广西,0.1915061149056926,0.08999788109447865,0.08999788109447868,VALIDATED_SAME_S_AND_NEXT_ALLOCATION_PAYOFF,0.10150823381121396
STATIC_NO_FEEDBACK_COUNTERFACTUAL,A_EQUAL_SHARE,13,20,海南,0.22229915352458773,0.08999709312082363,0.08999709312082359,VALIDATED_SAME_S_AND_NEXT_ALLOCATION_PAYOFF,0.1323020604037641
STATIC_NO_FEEDBACK_COUNTERFACTUAL,A_EQUAL_SHARE,13,21,重庆,0.2909564439196911,0.08999645921923409,0.08999645921923409,VALIDATED_SAME_S_AND_NEXT_ALLOCATION_PAYOFF,0.200959984700457
STATIC_NO_FEEDBACK_COUNTERFACTUAL,A_EQUAL_SHARE,13,22,四川,0.31398179728169706,0.0899991833036201,0.08999918330362008,VALIDATED_SAME_S_AND_NEXT_ALLOCATION_PAYOFF,0.22398261397807695
STATIC_NO_FEEDBACK_COUNTERFACTUAL,A_EQUAL_SHARE,13,23,贵州,0.26431147154436835,0.08999981724754295,0.08999981724754293,VALIDATED_SAME_S_AND_NEXT_ALLOCATION_PAYOFF,0.17431165429682538
STATIC_NO_FEEDBACK_COUNTERFACTUAL,A_EQUAL_SHARE,13,24,云南,0.19932692782015968,0.08999730138884982,0.08999730138884982,VALIDATED_SAME_S_AND_NEXT_ALLOCATION_PAYOFF,0.10932962643130986
STATIC_NO_FEEDBACK_COUNTERFACTUAL,A_EQUAL_SHARE,13,25,西藏,0.15827626937101746,0.08999536770999964,0.08999536770999965,VALIDATED_SAME_S_AND_NEXT_ALLOCATION_PAYOFF,0.06828090166101783
STATIC_NO_FEEDBACK_COUNTERFACTUAL,A_EQUAL_SHARE,13,26,陕西,0.21592923813248038,0.0899948198195142,0.0899948198195142,VALIDATED_SAME_S_AND_NEXT_ALLOCATION_PAYOFF,0.1259344183129662
STATIC_NO_FEEDBACK_COUNTERFACTUAL,A_EQUAL_SHARE,13,27,甘肃,0.21365097532451938,0.09,0.09,VALIDATED_SAME_S_AND_NEXT_ALLOCATION_PAYOFF,0.12365097532451938
STATIC_NO_FEEDBACK_COUNTERFACTUAL,A_EQUAL_SHARE,13,28,青海,0.1119636813416789,0.08818948538504137,0.08818948538504137,VALIDATED_SAME_S_AND_NEXT_ALLOCATION_PAYOFF,0.02377419595663753
STATIC_NO_FEEDBACK_COUNTERFACTUAL,A_EQUAL_SHARE,13,29,宁夏,0.12740492033959197,0.08999042486706343,0.08999042486706343,VALIDATED_SAME_S_AND_NEXT_ALLOCATION_PAYOFF,0.037414495472528536
STATIC_NO_FEEDBACK_COUNTERFACTUAL,A_EQUAL_SHARE,13,30,新疆,0.16993118940649973,0.08999438059104896,0.08999438059104896,VALIDATED_SAME_S_AND_NEXT_ALLOCATION_PAYOFF,0.07993680881545077
STATIC_NO_FEEDBACK_COUNTERFACTUAL,A_EQUAL_SHARE,14,0,北京,0.38146051475578713,0.08999011040323837,0.08999011040323827,VALIDATED_SAME_S_AND_NEXT_ALLOCATION_PAYOFF,0.2914704043525488
STATIC_NO_FEEDBACK_COUNTERFACTUAL,A_EQUAL_SHARE,14,1,天津,0.15788497889892406,0.0899783694511028,0.08997836945110288,VALIDATED_SAME_S_AND_NEXT_ALLOCATION_PAYOFF,0.06790660944782126
STATIC_NO_FEEDBACK_COUNTERFACTUAL,A_EQUAL_SHARE,14,2,河北,0.18634949943491097,0.08999687531947531,0.08999687531947541,VALIDATED_SAME_S_AND_NEXT_ALLOCATION_PAYOFF,0.09635262411543566
STATIC_NO_FEEDBACK_COUNTERFACTUAL,A_EQUAL_SHARE,14,3,山西,0.1954336751344561,0.08999689940745224,0.08999689940745224,VALIDATED_SAME_S_AND_NEXT_ALLOCATION_PAYOFF,0.10543677572700384
STATIC_NO_FEEDBACK_COUNTERFACTUAL,A_EQUAL_SHARE,14,4,内蒙古,0.13989060008474055,0.08998590343616869,0.08998590343616861,VALIDATED_SAME_S_AND_NEXT_ALLOCATION_PAYOFF,0.04990469664857186
STATIC_NO_FEEDBACK_COUNTERFACTUAL,A_EQUAL_SHARE,14,5,辽宁,0.17217312360507425,0.08999352909598286,0.08999352909598293,VALIDATED_SAME_S_AND_NEXT_ALLOCATION_PAYOFF,0.08217959450909139
STATIC_NO_FEEDBACK_COUNTERFACTUAL,A_EQUAL_SHARE,14,6,吉林,0.11558407232091392,0.08999016550369413,0.0899901655036942,VALIDATED_SAME_S_AND_NEXT_ALLOCATION_PAYOFF,0.02559390681721979
STATIC_NO_FEEDBACK_COUNTERFACTUAL,A_EQUAL_SHARE,14,7,黑龙江,0.14046302307635877,0.08999554955012547,0.08999554955012541,VALIDATED_SAME_S_AND_NEXT_ALLOCATION_PAYOFF,0.050467473526233306
STATIC_NO_FEEDBACK_COUNTERFACTUAL,A_EQUAL_SHARE,14,8,上海,0.3678416164686658,0.08999015201684435,0.08999015201684427,VALIDATED_SAME_S_AND_NEXT_ALLOCATION_PAYOFF,0.27785146445182146
STATIC_NO_FEEDBACK_COUNTERFACTUAL,A_EQUAL_SHARE,14,9,江苏,0.30889592039750624,0.0899916957863832,0.08999169578638312,VALIDATED_SAME_S_AND_NEXT_ALLOCATION_PAYOFF,0.21890422461112302
STATIC_NO_FEEDBACK_COUNTERFACTUAL,A_EQUAL_SHARE,14,10,浙江,0.31868955089717754,0.08999422544939462,0.08999422544939462,VALIDATED_SAME_S_AND_NEXT_ALLOCATION_PAYOFF,0.22869532544778293
STATIC_NO_FEEDBACK_COUNTERFACTUAL,A_EQUAL_SHARE,14,11,安徽,0.3395992792321367,0.08999909235298789,0.08999909235298785,VALIDATED_SAME_S_AND_NEXT_ALLOCATION_PAYOFF,0.24960018687914878
STATIC_NO_FEEDBACK_COUNTERFACTUAL,A_EQUAL_SHARE,14,12,福建,0.2983759712678719,0.08999329076115975,0.08999329076115975,VALIDATED_SAME_S_AND_NEXT_ALLOCATION_PAYOFF,0.20838268050671216
STATIC_NO_FEEDBACK_COUNTERFACTUAL,A_EQUAL_SHARE,14,13,江西,0.30897017071808636,0.08999923322996443,0.08999923322996434,VALIDATED_SAME_S_AND_NEXT_ALLOCATION_PAYOFF,0.2189709374881219
STATIC_NO_FEEDBACK_COUNTERFACTUAL,A_EQUAL_SHARE,14,14,山东,0.2105566937042809,0.08999361583184415,0.08999361583184415,VALIDATED_SAME_S_AND_NEXT_ALLOCATION_PAYOFF,0.12056307787243675
STATIC_NO_FEEDBACK_COUNTERFACTUAL,A_EQUAL_SHARE,14,15,河南,0.1948773575214865,0.08999584234496283,0.08999584234496273,VALIDATED_SAME_S_AND_NEXT_ALLOCATION_PAYOFF,0.10488151517652367
STATIC_NO_FEEDBACK_COUNTERFACTUAL,A_EQUAL_SHARE,14,16,湖北,0.2800826529089407,0.08999575898817348,0.08999575898817348,VALIDATED_SAME_S_AND_NEXT_ALLOCATION_PAYOFF,0.19008689392076722
STATIC_NO_FEEDBACK_COUNTERFACTUAL,A_EQUAL_SHARE,14,17,湖南,0.26200173083850337,0.0899975684612557,0.0899975684612557,VALIDATED_SAME_S_AND_NEXT_ALLOCATION_PAYOFF,0.17200416237724767
STATIC_NO_FEEDBACK_COUNTERFACTUAL,A_EQUAL_SHARE,14,18,广东,0.36552652510859385,0.0899967707893182,0.08999677078931814,VALIDATED_SAME_S_AND_NEXT_ALLOCATION_PAYOFF,0.2755297543192756
STATIC_NO_FEEDBACK_COUNTERFACTUAL,A_EQUAL_SHARE,14,19,广西,0.19150611609024087,0.08999788109448228,0.08999788109448231,VALIDATED_SAME_S_AND_NEXT_ALLOCATION_PAYOFF,0.10150823499575859
STATIC_NO_FEEDBACK_COUNTERFACTUAL,A_EQUAL_SHARE,14,20,海南,0.22229915354015134,0.08999709312082861,0.08999709312082858,VALIDATED_SAME_S_AND_NEXT_ALLOCATION_PAYOFF,0.13230206041932274
STATIC_NO_FEEDBACK_COUNTERFACTUAL,A_EQUAL_SHARE,14,21,重庆,0.29095644368256307,0.08999645921924017,0.08999645921924017,VALIDATED_SAME_S_AND_NEXT_ALLOCATION_PAYOFF,0.20095998446332292
STATIC_NO_FEEDBACK_COUNTERFACTUAL,A_EQUAL_SHARE,14,22,四川,0.313981797337895,0.0899991833036215,0.08999918330362149,VALIDATED_SAME_S_AND_NEXT_ALLOCATION_PAYOFF,0.2239826140342735
STATIC_NO_FEEDBACK_COUNTERFACTUAL,A_EQUAL_SHARE,14,23,贵州,0.26431147153404033,0.08999981724754327,0.08999981724754323,VALIDATED_SAME_S_AND_NEXT_ALLOCATION_PAYOFF,0.17431165428649706
STATIC_NO_FEEDBACK_COUNTERFACTUAL,A_EQUAL_SHARE,14,24,云南,0.19932692751347436,0.08999730138885445,0.08999730138885445,VALIDATED_SAME_S_AND_NEXT_ALLOCATION_PAYOFF,0.10932962612461991
STATIC_NO_FEEDBACK_COUNTERFACTUAL,A_EQUAL_SHARE,14,25,西藏,0.15827626937789954,0.08999536771000759,0.0899953677100076,VALIDATED_SAME_S_AND_NEXT_ALLOCATION_PAYOFF,0.06828090166789196
STATIC_NO_FEEDBACK_COUNTERFACTUAL,A_EQUAL_SHARE,14,26,陕西,0.21592923789359253,0.08999481981952309,0.08999481981952309,VALIDATED_SAME_S_AND_NEXT_ALLOCATION_PAYOFF,0.12593441807406944
STATIC_NO_FEEDBACK_COUNTERFACTUAL,A_EQUAL_SHARE,14,27,甘肃,0.21365097532885624,0.09,0.09,VALIDATED_SAME_S_AND_NEXT_ALLOCATION_PAYOFF,0.12365097532885624
STATIC_NO_FEEDBACK_COUNTERFACTUAL,A_EQUAL_SHARE,14,28,青海,0.11196368135240475,0.08818948538815101,0.08818948538815101,VALIDATED_SAME_S_AND_NEXT_ALLOCATION_PAYOFF,0.023774195964253744
STATIC_NO_FEEDBACK_COUNTERFACTUAL,A_EQUAL_SHARE,14,29,宁夏,0.12740492034971193,0.08999042486707988,0.08999042486707988,VALIDATED_SAME_S_AND_NEXT_ALLOCATION_PAYOFF,0.03741449548263205
STATIC_NO_FEEDBACK_COUNTERFACTUAL,A_EQUAL_SHARE,14,30,新疆,0.16993118941223964,0.08999438059105862,0.08999438059105862,VALIDATED_SAME_S_AND_NEXT_ALLOCATION_PAYOFF,0.07993680882118102
STATIC_NO_FEEDBACK_COUNTERFACTUAL,A_EQUAL_SHARE,15,0,北京,0.38146051477715026,0.08999011040323644,0.08999011040323636,VALIDATED_SAME_S_AND_NEXT_ALLOCATION_PAYOFF,0.2914704043739138
STATIC_NO_FEEDBACK_COUNTERFACTUAL,A_EQUAL_SHARE,15,1,天津,0.1578849788988667,0.08997836945109859,0.08997836945109867,VALIDATED_SAME_S_AND_NEXT_ALLOCATION_PAYOFF,0.06790660944776812
STATIC_NO_FEEDBACK_COUNTERFACTUAL,A_EQUAL_SHARE,15,2,河北,0.18634949943444518,0.0899968753194747,0.0899968753194748,VALIDATED_SAME_S_AND_NEXT_ALLOCATION_PAYOFF,0.09635262411497048
STATIC_NO_FEEDBACK_COUNTERFACTUAL,A_EQUAL_SHARE,15,3,山西,0.1954336751336986,0.08999689940745165,0.08999689940745165,VALIDATED_SAME_S_AND_NEXT_ALLOCATION_PAYOFF,0.10543677572624696
STATIC_NO_FEEDBACK_COUNTERFACTUAL,A_EQUAL_SHARE,15,4,内蒙古,0.13989060008466686,0.08998590343616596,0.08998590343616586,VALIDATED_SAME_S_AND_NEXT_ALLOCATION_PAYOFF,0.049904696648500904
STATIC_NO_FEEDBACK_COUNTERFACTUAL,A_EQUAL_SHARE,15,5,辽宁,0.17217312364103227,0.0899935290959816,0.08999352909598168,VALIDATED_SAME_S_AND_NEXT_ALLOCATION_PAYOFF,0.08217959454505067
STATIC_NO_FEEDBACK_COUNTERFACTUAL,A_EQUAL_SHARE,15,6,吉林,0.1155840723207194,0.08999016550369221,0.08999016550369228,VALIDATED_SAME_S_AND_NEXT_ALLOCATION_PAYOFF,0.025593906817027195
STATIC_NO_FEEDBACK_COUNTERFACTUAL,A_EQUAL_SHARE,15,7,黑龙江,0.1404630230759526,0.08999554955012459,0.08999554955012454,VALIDATED_SAME_S_AND_NEXT_ALLOCATION_PAYOFF,0.050467473525828005
STATIC_NO_FEEDBACK_COUNTERFACTUAL,A_EQUAL_SHARE,15,8,上海,0.3678416164845167,0.08999015201684243,0.08999015201684235,VALIDATED_SAME_S_AND_NEXT_ALLOCATION_PAYOFF,0.2778514644676743
STATIC_NO_FEEDBACK_COUNTERFACTUAL,A_EQUAL_SHARE,15,9,江苏,0.3088959204002533,0.08999169578638158,0.08999169578638151,VALIDATED_SAME_S_AND_NEXT_ALLOCATION_PAYOFF,0.21890422461387174
STATIC_NO_FEEDBACK_COUNTERFACTUAL,A_EQUAL_SHARE,15,10,浙江,0.3186895509007456,0.08999422544939349,0.08999422544939349,VALIDATED_SAME_S_AND_NEXT_ALLOCATION_PAYOFF,0.22869532545135207
STATIC_NO_FEEDBACK_COUNTERFACTUAL,A_EQUAL_SHARE,15,11,安徽,0.3395992792373782,0.08999909235298773,0.08999909235298767,VALIDATED_SAME_S_AND_NEXT_ALLOCATION_PAYOFF,0.24960018688439048
STATIC_NO_FEEDBACK_COUNTERFACTUAL,A_EQUAL_SHARE,15,12,福建,0.29837597127014837,0.08999329076115845,0.08999329076115845,VALIDATED_SAME_S_AND_NEXT_ALLOCATION_PAYOFF,0.20838268050898992
STATIC_NO_FEEDBACK_COUNTERFACTUAL,A_EQUAL_SHARE,15,13,江西,0.308970170709707,0.08999923322996428,0.0899992332299642,VALIDATED_SAME_S_AND_NEXT_ALLOCATION_PAYOFF,0.21897093747974272
STATIC_NO_FEEDBACK_COUNTERFACTUAL,A_EQUAL_SHARE,15,14,山东,0.21055669370402114,0.08999361583184291,0.08999361583184291,VALIDATED_SAME_S_AND_NEXT_ALLOCATION_PAYOFF,0.12056307787217822
STATIC_NO_FEEDBACK_COUNTERFACTUAL,A_EQUAL_SHARE,15,15,河南,0.19487735752108543,0.08999584234496201,0.08999584234496193,VALIDATED_SAME_S_AND_NEXT_ALLOCATION_PAYOFF,0.10488151517612342
STATIC_NO_FEEDBACK_COUNTERFACTUAL,A_EQUAL_SHARE,15,16,湖北,0.280082652909903,0.08999575898817265,0.08999575898817265,VALIDATED_SAME_S_AND_NEXT_ALLOCATION_PAYOFF,0.19008689392173034
STATIC_NO_FEEDBACK_COUNTERFACTUAL,A_EQUAL_SHARE,15,17,湖南,0.2620017308387328,0.08999756846125523,0.08999756846125523,VALIDATED_SAME_S_AND_NEXT_ALLOCATION_PAYOFF,0.17200416237747757
STATIC_NO_FEEDBACK_COUNTERFACTUAL,A_EQUAL_SHARE,15,18,广东,0.36552652511662864,0.08999677078931757,0.08999677078931752,VALIDATED_SAME_S_AND_NEXT_ALLOCATION_PAYOFF,0.2755297543273111
STATIC_NO_FEEDBACK_COUNTERFACTUAL,A_EQUAL_SHARE,15,19,广西,0.19150611592235556,0.08999788109448187,0.08999788109448191,VALIDATED_SAME_S_AND_NEXT_ALLOCATION_PAYOFF,0.10150823482787369
STATIC_NO_FEEDBACK_COUNTERFACTUAL,A_EQUAL_SHARE,15,20,海南,0.22229915353981705,0.08999709312082806,0.08999709312082801,VALIDATED_SAME_S_AND_NEXT_ALLOCATION_PAYOFF,0.132302060418989
STATIC_NO_FEEDBACK_COUNTERFACTUAL,A_EQUAL_SHARE,15,21,重庆,0.29095644372998386,0.08999645921923949,0.08999645921923949,VALIDATED_SAME_S_AND_NEXT_ALLOCATION_PAYOFF,0.20095998451074437
STATIC_NO_FEEDBACK_COUNTERFACTUAL,A_EQUAL_SHARE,15,22,四川,0.31398179734033815,0.08999918330362135,0.08999918330362133,VALIDATED_SAME_S_AND_NEXT_ALLOCATION_PAYOFF,0.22398261403671682
STATIC_NO_FEEDBACK_COUNTERFACTUAL,A_EQUAL_SHARE,15,23,贵州,0.26431147153214735,0.08999981724754323,0.0899998172475432,VALIDATED_SAME_S_AND_NEXT_ALLOCATION_PAYOFF,0.1743116542846041
STATIC_NO_FEEDBACK_COUNTERFACTUAL,A_EQUAL_SHARE,15,24,云南,0.19932692755658768,0.08999730138885392,0.08999730138885392,VALIDATED_SAME_S_AND_NEXT_ALLOCATION_PAYOFF,0.10932962616773376
STATIC_NO_FEEDBACK_COUNTERFACTUAL,A_EQUAL_SHARE,15,25,西藏,0.15827626937756212,0.08999536771000669,0.0899953677100067,VALIDATED_SAME_S_AND_NEXT_ALLOCATION_PAYOFF,0.06828090166755543
STATIC_NO_FEEDBACK_COUNTERFACTUAL,A_EQUAL_SHARE,15,26,陕西,0.21592923792833474,0.08999481981952209,0.08999481981952209,VALIDATED_SAME_S_AND_NEXT_ALLOCATION_PAYOFF,0.12593441810881265
STATIC_NO_FEEDBACK_COUNTERFACTUAL,A_EQUAL_SHARE,15,27,甘肃,0.21365097532806115,0.09,0.09,VALIDATED_SAME_S_AND_NEXT_ALLOCATION_PAYOFF,0.12365097532806116
STATIC_NO_FEEDBACK_COUNTERFACTUAL,A_EQUAL_SHARE,15,28,青海,0.11196368135232092,0.08818948538779901,0.08818948538779901,VALIDATED_SAME_S_AND_NEXT_ALLOCATION_PAYOFF,0.023774195964521905
STATIC_NO_FEEDBACK_COUNTERFACTUAL,A_EQUAL_SHARE,15,29,宁夏,0.1274049203494822,0.08999042486707802,0.08999042486707802,VALIDATED_SAME_S_AND_NEXT_ALLOCATION_PAYOFF,0.03741449548240418
STATIC_NO_FEEDBACK_COUNTERFACTUAL,A_EQUAL_SHARE,15,30,新疆,0.1699311894117284,0.08999438059105752,0.08999438059105752,VALIDATED_SAME_S_AND_NEXT_ALLOCATION_PAYOFF,0.07993680882067089
STATIC_NO_FEEDBACK_COUNTERFACTUAL,A_EQUAL_SHARE,16,0,北京,0.3814605147790386,0.08999011040323655,0.08999011040323647,VALIDATED_SAME_S_AND_NEXT_ALLOCATION_PAYOFF,0.291470404375802
STATIC_NO_FEEDBACK_COUNTERFACTUAL,A_EQUAL_SHARE,16,1,天津,0.15788497889898537,0.08997836945109884,0.08997836945109892,VALIDATED_SAME_S_AND_NEXT_ALLOCATION_PAYOFF,0.06790660944788653
STATIC_NO_FEEDBACK_COUNTERFACTUAL,A_EQUAL_SHARE,16,2,河北,0.18634949943448473,0.08999687531947474,0.08999687531947484,VALIDATED_SAME_S_AND_NEXT_ALLOCATION_PAYOFF,0.09635262411500999
STATIC_NO_FEEDBACK_COUNTERFACTUAL,A_EQUAL_SHARE,16,3,山西,0.1954336751337352,0.08999689940745169,0.08999689940745169,VALIDATED_SAME_S_AND_NEXT_ALLOCATION_PAYOFF,0.1054367757262835
STATIC_NO_FEEDBACK_COUNTERFACTUAL,A_EQUAL_SHARE,16,4,内蒙古,0.1398906000847552,0.08998590343616612,0.08998590343616603,VALIDATED_SAME_S_AND_NEXT_ALLOCATION_PAYOFF,0.049904696648589084
STATIC_NO_FEEDBACK_COUNTERFACTUAL,A_EQUAL_SHARE,16,5,辽宁,0.17217312363613882,0.08999352909598168,0.08999352909598175,VALIDATED_SAME_S_AND_NEXT_ALLOCATION_PAYOFF,0.08217959454015714
STATIC_NO_FEEDBACK_COUNTERFACTUAL,A_EQUAL_SHARE,16,6,吉林,0.11558407232079537,0.08999016550369232,0.08999016550369239,VALIDATED_SAME_S_AND_NEXT_ALLOCATION_PAYOFF,0.02559390681710305
STATIC_NO_FEEDBACK_COUNTERFACTUAL,A_EQUAL_SHARE,16,7,黑龙江,0.1404630230759957,0.08999554955012465,0.08999554955012459,VALIDATED_SAME_S_AND_NEXT_ALLOCATION_PAYOFF,0.050467473525871054
STATIC_NO_FEEDBACK_COUNTERFACTUAL,A_EQUAL_SHARE,16,8,上海,0.3678416164859063,0.08999015201684255,0.08999015201684248,VALIDATED_SAME_S_AND_NEXT_ALLOCATION_PAYOFF,0.2778514644690637
STATIC_NO_FEEDBACK_COUNTERFACTUAL,A_EQUAL_SHARE,16,9,江苏,0.30889592040051744,0.08999169578638168,0.08999169578638161,VALIDATED_SAME_S_AND_NEXT_ALLOCATION_PAYOFF,0.21890422461413578
STATIC_NO_FEEDBACK_COUNTERFACTUAL,A_EQUAL_SHARE,16,10,浙江,0.3186895509010777,0.08999422544939356,0.08999422544939356,VALIDATED_SAME_S_AND_NEXT_ALLOCATION_PAYOFF,0.22869532545168414
STATIC_NO_FEEDBACK_COUNTERFACTUAL,A_EQUAL_SHARE,16,11,安徽,0.33959927923784566,0.08999909235298773,0.08999909235298768,VALIDATED_SAME_S_AND_NEXT_ALLOCATION_PAYOFF,0.24960018688485794
STATIC_NO_FEEDBACK_COUNTERFACTUAL,A_EQUAL_SHARE,16,12,福建,0.29837597127039733,0.08999329076115851,0.08999329076115851,VALIDATED_SAME_S_AND_NEXT_ALLOCATION_PAYOFF,0.2083826805092388
STATIC_NO_FEEDBACK_COUNTERFACTUAL,A_EQUAL_SHARE,16,13,江西,0.3089701707123821,0.0899992332299643,0.0899992332299642,VALIDATED_SAME_S_AND_NEXT_ALLOCATION_PAYOFF,0.2189709374824178
STATIC_NO_FEEDBACK_COUNTERFACTUAL,A_EQUAL_SHARE,16,14,山东,0.21055669370407196,0.08999361583184298,0.08999361583184298,VALIDATED_SAME_S_AND_NEXT_ALLOCATION_PAYOFF,0.12056307787222897
STATIC_NO_FEEDBACK_COUNTERFACTUAL,A_EQUAL_SHARE,16,15,河南,0.19487735752112723,0.08999584234496207,0.08999584234496198,VALIDATED_SAME_S_AND_NEXT_ALLOCATION_PAYOFF,0.10488151517616516
STATIC_NO_FEEDBACK_COUNTERFACTUAL,A_EQUAL_SHARE,16,16,湖北,0.28008265291004597,0.0899957589881727,0.0899957589881727,VALIDATED_SAME_S_AND_NEXT_ALLOCATION_PAYOFF,0.19008689392187328
STATIC_NO_FEEDBACK_COUNTERFACTUAL,A_EQUAL_SHARE,16,17,湖南,0.2620017308388286,0.08999756846125526,0.08999756846125526,VALIDATED_SAME_S_AND_NEXT_ALLOCATION_PAYOFF,0.17200416237757335
STATIC_NO_FEEDBACK_COUNTERFACTUAL,A_EQUAL_SHARE,16,18,广东,0.36552652511733297,0.08999677078931761,0.08999677078931755,VALIDATED_SAME_S_AND_NEXT_ALLOCATION_PAYOFF,0.27552975432801535
STATIC_NO_FEEDBACK_COUNTERFACTUAL,A_EQUAL_SHARE,16,19,广西,0.19150611594577233,0.0899978810944819,0.08999788109448192,VALIDATED_SAME_S_AND_NEXT_ALLOCATION_PAYOFF,0.10150823485129043
STATIC_NO_FEEDBACK_COUNTERFACTUAL,A_EQUAL_SHARE,16,20,海南,0.22229915353989183,0.08999709312082808,0.08999709312082806,VALIDATED_SAME_S_AND_NEXT_ALLOCATION_PAYOFF,0.13230206041906373
STATIC_NO_FEEDBACK_COUNTERFACTUAL,A_EQUAL_SHARE,16,21,重庆,0.29095644372436774,0.08999645921923953,0.08999645921923953,VALIDATED_SAME_S_AND_NEXT_ALLOCATION_PAYOFF,0.2009599845051282
STATIC_NO_FEEDBACK_COUNTERFACTUAL,A_EQUAL_SHARE,16,22,四川,0.31398179734058357,0.08999918330362135,0.08999918330362133,VALIDATED_SAME_S_AND_NEXT_ALLOCATION_PAYOFF,0.22398261403696224
STATIC_NO_FEEDBACK_COUNTERFACTUAL,A_EQUAL_SHARE,16,23,贵州,0.26431147153213547,0.08999981724754323,0.0899998172475432,VALIDATED_SAME_S_AND_NEXT_ALLOCATION_PAYOFF,0.17431165428459222
STATIC_NO_FEEDBACK_COUNTERFACTUAL,A_EQUAL_SHARE,16,24,云南,0.19932692755065815,0.08999730138885395,0.08999730138885396,VALIDATED_SAME_S_AND_NEXT_ALLOCATION_PAYOFF,0.1093296261618042
STATIC_NO_FEEDBACK_COUNTERFACTUAL,A_EQUAL_SHARE,16,25,西藏,0.1582762693776009,0.08999536771000674,0.08999536771000675,VALIDATED_SAME_S_AND_NEXT_ALLOCATION_PAYOFF,0.06828090166759415
STATIC_NO_FEEDBACK_COUNTERFACTUAL,A_EQUAL_SHARE,16,26,陕西,0.21592923792361207,0.08999481981952215,0.08999481981952215,VALIDATED_SAME_S_AND_NEXT_ALLOCATION_PAYOFF,0.12593441810408992
STATIC_NO_FEEDBACK_COUNTERFACTUAL,A_EQUAL_SHARE,16,27,甘肃,0.21365097532809257,0.09,0.09,VALIDATED_SAME_S_AND_NEXT_ALLOCATION_PAYOFF,0.12365097532809258
STATIC_NO_FEEDBACK_COUNTERFACTUAL,A_EQUAL_SHARE,16,28,青海,0.11196368135240009,0.08818948538782012,0.08818948538782012,VALIDATED_SAME_S_AND_NEXT_ALLOCATION_PAYOFF,0.02377419596457997
STATIC_NO_FEEDBACK_COUNTERFACTUAL,A_EQUAL_SHARE,16,29,宁夏,0.12740492034955722,0.08999042486707813,0.08999042486707813,VALIDATED_SAME_S_AND_NEXT_ALLOCATION_PAYOFF,0.03741449548247909
STATIC_NO_FEEDBACK_COUNTERFACTUAL,A_EQUAL_SHARE,16,30,新疆,0.16993118941178045,0.08999438059105759,0.08999438059105759,VALIDATED_SAME_S_AND_NEXT_ALLOCATION_PAYOFF,0.07993680882072286
STATIC_NO_FEEDBACK_COUNTERFACTUAL,A_EQUAL_SHARE,17,0,北京,0.3814605147791803,0.08999011040323654,0.08999011040323646,VALIDATED_SAME_S_AND_NEXT_ALLOCATION_PAYOFF,0.29147040437594374
STATIC_NO_FEEDBACK_COUNTERFACTUAL,A_EQUAL_SHARE,17,1,天津,0.15788497889898093,0.08997836945109881,0.0899783694510989,VALIDATED_SAME_S_AND_NEXT_ALLOCATION_PAYOFF,0.06790660944788211
STATIC_NO_FEEDBACK_COUNTERFACTUAL,A_EQUAL_SHARE,17,2,河北,0.1863494994344797,0.08999687531947473,0.08999687531947484,VALIDATED_SAME_S_AND_NEXT_ALLOCATION_PAYOFF,0.09635262411500498
STATIC_NO_FEEDBACK_COUNTERFACTUAL,A_EQUAL_SHARE,17,3,山西,0.19543367513372847,0.08999689940745167,0.08999689940745167,VALIDATED_SAME_S_AND_NEXT_ALLOCATION_PAYOFF,0.1054367757262768
STATIC_NO_FEEDBACK_COUNTERFACTUAL,A_EQUAL_SHARE,17,4,内蒙古,0.13989060008475107,0.0899859034361661,0.08998590343616601,VALIDATED_SAME_S_AND_NEXT_ALLOCATION_PAYOFF,0.049904696648584976
STATIC_NO_FEEDBACK_COUNTERFACTUAL,A_EQUAL_SHARE,17,5,辽宁,0.17217312363681647,0.08999352909598167,0.08999352909598174,VALIDATED_SAME_S_AND_NEXT_ALLOCATION_PAYOFF,0.0821795945408348
STATIC_NO_FEEDBACK_COUNTERFACTUAL,A_EQUAL_SHARE,17,6,吉林,0.11558407232079128,0.08999016550369231,0.08999016550369238,VALIDATED_SAME_S_AND_NEXT_ALLOCATION_PAYOFF,0.02559390681709897
STATIC_NO_FEEDBACK_COUNTERFACTUAL,A_EQUAL_SHARE,17,7,黑龙江,0.1404630230759913,0.08999554955012465,0.08999554955012459,VALIDATED_SAME_S_AND_NEXT_ALLOCATION_PAYOFF,0.05046747352586664
STATIC_NO_FEEDBACK_COUNTERFACTUAL,A_EQUAL_SHARE,17,8,上海,0.36784161648600205,0.08999015201684253,0.08999015201684246,VALIDATED_SAME_S_AND_NEXT_ALLOCATION_PAYOFF,0.27785146446915954
STATIC_NO_FEEDBACK_COUNTERFACTUAL,A_EQUAL_SHARE,17,9,江苏,0.3088959204005264,0.08999169578638166,0.0899916957863816,VALIDATED_SAME_S_AND_NEXT_ALLOCATION_PAYOFF,0.21890422461414472
STATIC_NO_FEEDBACK_COUNTERFACTUAL,A_EQUAL_SHARE,17,10,浙江,0.3186895509010902,0.08999422544939355,0.08999422544939355,VALIDATED_SAME_S_AND_NEXT_ALLOCATION_PAYOFF,0.22869532545169663
STATIC_NO_FEEDBACK_COUNTERFACTUAL,A_EQUAL_SHARE,17,11,安徽,0.33959927923786715,0.08999909235298773,0.08999909235298768,VALIDATED_SAME_S_AND_NEXT_ALLOCATION_PAYOFF,0.24960018688487942
STATIC_NO_FEEDBACK_COUNTERFACTUAL,A_EQUAL_SHARE,17,12,福建,0.2983759712704014,0.08999329076115851,0.08999329076115851,VALIDATED_SAME_S_AND_NEXT_ALLOCATION_PAYOFF,0.20838268050924286
STATIC_NO_FEEDBACK_COUNTERFACTUAL,A_EQUAL_SHARE,17,13,江西,0.3089701707121043,0.0899992332299643,0.0899992332299642,VALIDATED_SAME_S_AND_NEXT_ALLOCATION_PAYOFF,0.21897093748214003
STATIC_NO_FEEDBACK_COUNTERFACTUAL,A_EQUAL_SHARE,17,14,山东,0.210556693704068,0.08999361583184297,0.08999361583184297,VALIDATED_SAME_S_AND_NEXT_ALLOCATION_PAYOFF,0.12056307787222502
STATIC_NO_FEEDBACK_COUNTERFACTUAL,A_EQUAL_SHARE,17,15,河南,0.19487735752112265,0.08999584234496205,0.08999584234496197,VALIDATED_SAME_S_AND_NEXT_ALLOCATION_PAYOFF,0.1048815151761606
STATIC_NO_FEEDBACK_COUNTERFACTUAL,A_EQUAL_SHARE,17,16,湖北,0.28008265291004447,0.0899957589881727,0.0899957589881727,VALIDATED_SAME_S_AND_NEXT_ALLOCATION_PAYOFF,0.19008689392187178
STATIC_NO_FEEDBACK_COUNTERFACTUAL,A_EQUAL_SHARE,17,17,湖南,0.2620017308388238,0.08999756846125526,0.08999756846125526,VALIDATED_SAME_S_AND_NEXT_ALLOCATION_PAYOFF,0.17200416237756852
STATIC_NO_FEEDBACK_COUNTERFACTUAL,A_EQUAL_SHARE,17,18,广东,0.36552652511737704,0.0899967707893176,0.08999677078931755,VALIDATED_SAME_S_AND_NEXT_ALLOCATION_PAYOFF,0.27552975432805943
STATIC_NO_FEEDBACK_COUNTERFACTUAL,A_EQUAL_SHARE,17,19,广西,0.19150611594248815,0.0899978810944819,0.08999788109448192,VALIDATED_SAME_S_AND_NEXT_ALLOCATION_PAYOFF,0.10150823484800625
STATIC_NO_FEEDBACK_COUNTERFACTUAL,A_EQUAL_SHARE,17,20,海南,0.22229915353988444,0.08999709312082808,0.08999709312082804,VALIDATED_SAME_S_AND_NEXT_ALLOCATION_PAYOFF,0.13230206041905634
STATIC_NO_FEEDBACK_COUNTERFACTUAL,A_EQUAL_SHARE,17,21,重庆,0.2909564437252508,0.08999645921923952,0.08999645921923952,VALIDATED_SAME_S_AND_NEXT_ALLOCATION_PAYOFF,0.2009599845060113
STATIC_NO_FEEDBACK_COUNTERFACTUAL,A_EQUAL_SHARE,17,22,四川,0.31398179734058973,0.08999918330362135,0.08999918330362133,VALIDATED_SAME_S_AND_NEXT_ALLOCATION_PAYOFF,0.2239826140369684
STATIC_NO_FEEDBACK_COUNTERFACTUAL,A_EQUAL_SHARE,17,23,贵州,0.2643114715321222,0.08999981724754323,0.0899998172475432,VALIDATED_SAME_S_AND_NEXT_ALLOCATION_PAYOFF,0.17431165428457895
STATIC_NO_FEEDBACK_COUNTERFACTUAL,A_EQUAL_SHARE,17,24,云南,0.19932692755148398,0.08999730138885395,0.08999730138885395,VALIDATED_SAME_S_AND_NEXT_ALLOCATION_PAYOFF,0.10932962616263003
STATIC_NO_FEEDBACK_COUNTERFACTUAL,A_EQUAL_SHARE,17,25,西藏,0.1582762693775976,0.08999536771000674,0.08999536771000674,VALIDATED_SAME_S_AND_NEXT_ALLOCATION_PAYOFF,0.06828090166759085
STATIC_NO_FEEDBACK_COUNTERFACTUAL,A_EQUAL_SHARE,17,26,陕西,0.21592923792427685,0.08999481981952213,0.08999481981952213,VALIDATED_SAME_S_AND_NEXT_ALLOCATION_PAYOFF,0.1259344181047547
STATIC_NO_FEEDBACK_COUNTERFACTUAL,A_EQUAL_SHARE,17,27,甘肃,0.2136509753280851,0.09,0.09,VALIDATED_SAME_S_AND_NEXT_ALLOCATION_PAYOFF,0.12365097532808511
STATIC_NO_FEEDBACK_COUNTERFACTUAL,A_EQUAL_SHARE,17,28,青海,0.11196368135239695,0.08818948538781761,0.08818948538781761,VALIDATED_SAME_S_AND_NEXT_ALLOCATION_PAYOFF,0.023774195964579345
STATIC_NO_FEEDBACK_COUNTERFACTUAL,A_EQUAL_SHARE,17,29,宁夏,0.1274049203495533,0.08999042486707812,0.08999042486707812,VALIDATED_SAME_S_AND_NEXT_ALLOCATION_PAYOFF,0.03741449548247519
STATIC_NO_FEEDBACK_COUNTERFACTUAL,A_EQUAL_SHARE,17,30,新疆,0.1699311894117747,0.08999438059105758,0.08999438059105758,VALIDATED_SAME_S_AND_NEXT_ALLOCATION_PAYOFF,0.07993680882071713
STATIC_NO_FEEDBACK_COUNTERFACTUAL,A_EQUAL_SHARE,18,0,北京,0.3814605147791935,0.08999011040323655,0.08999011040323646,VALIDATED_SAME_S_AND_NEXT_ALLOCATION_PAYOFF,0.29147040437595695
STATIC_NO_FEEDBACK_COUNTERFACTUAL,A_EQUAL_SHARE,18,1,天津,0.15788497889898231,0.08997836945109881,0.0899783694510989,VALIDATED_SAME_S_AND_NEXT_ALLOCATION_PAYOFF,0.0679066094478835
STATIC_NO_FEEDBACK_COUNTERFACTUAL,A_EQUAL_SHARE,18,2,河北,0.18634949943448015,0.08999687531947473,0.08999687531947484,VALIDATED_SAME_S_AND_NEXT_ALLOCATION_PAYOFF,0.09635262411500542
STATIC_NO_FEEDBACK_COUNTERFACTUAL,A_EQUAL_SHARE,18,3,山西,0.19543367513372906,0.08999689940745167,0.08999689940745167,VALIDATED_SAME_S_AND_NEXT_ALLOCATION_PAYOFF,0.10543677572627738
STATIC_NO_FEEDBACK_COUNTERFACTUAL,A_EQUAL_SHARE,18,4,内蒙古,0.13989060008475218,0.0899859034361661,0.08998590343616601,VALIDATED_SAME_S_AND_NEXT_ALLOCATION_PAYOFF,0.049904696648586086
STATIC_NO_FEEDBACK_COUNTERFACTUAL,A_EQUAL_SHARE,18,5,辽宁,0.17217312363672327,0.08999352909598167,0.08999352909598174,VALIDATED_SAME_S_AND_NEXT_ALLOCATION_PAYOFF,0.0821795945407416
STATIC_NO_FEEDBACK_COUNTERFACTUAL,A_EQUAL_SHARE,18,6,吉林,0.1155840723207922,0.08999016550369231,0.08999016550369238,VALIDATED_SAME_S_AND_NEXT_ALLOCATION_PAYOFF,0.025593906817099887
STATIC_NO_FEEDBACK_COUNTERFACTUAL,A_EQUAL_SHARE,18,7,黑龙江,0.14046302307599176,0.08999554955012465,0.08999554955012459,VALIDATED_SAME_S_AND_NEXT_ALLOCATION_PAYOFF,0.05046747352586711
STATIC_NO_FEEDBACK_COUNTERFACTUAL,A_EQUAL_SHARE,18,8,上海,0.3678416164860115,0.08999015201684253,0.08999015201684246,VALIDATED_SAME_S_AND_NEXT_ALLOCATION_PAYOFF,0.277851464469169
STATIC_NO_FEEDBACK_COUNTERFACTUAL,A_EQUAL_SHARE,18,9,江苏,0.30889592040052793,0.08999169578638166,0.0899916957863816,VALIDATED_SAME_S_AND_NEXT_ALLOCATION_PAYOFF,0.21890422461414627
STATIC_NO_FEEDBACK_COUNTERFACTUAL,A_EQUAL_SHARE,18,10,浙江,0.318689550901092,0.08999422544939355,0.08999422544939355,VALIDATED_SAME_S_AND_NEXT_ALLOCATION_PAYOFF,0.22869532545169846
STATIC_NO_FEEDBACK_COUNTERFACTUAL,A_EQUAL_SHARE,18,11,安徽,0.33959927923786964,0.08999909235298773,0.08999909235298768,VALIDATED_SAME_S_AND_NEXT_ALLOCATION_PAYOFF,0.24960018688488192
STATIC_NO_FEEDBACK_COUNTERFACTUAL,A_EQUAL_SHARE,18,12,福建,0.2983759712704029,0.08999329076115851,0.08999329076115851,VALIDATED_SAME_S_AND_NEXT_ALLOCATION_PAYOFF,0.20838268050924436
STATIC_NO_FEEDBACK_COUNTERFACTUAL,A_EQUAL_SHARE,18,13,江西,0.30897017071215443,0.0899992332299643,0.0899992332299642,VALIDATED_SAME_S_AND_NEXT_ALLOCATION_PAYOFF,0.21897093748219015
STATIC_NO_FEEDBACK_COUNTERFACTUAL,A_EQUAL_SHARE,18,14,山东,0.21055669370406851,0.08999361583184297,0.08999361583184297,VALIDATED_SAME_S_AND_NEXT_ALLOCATION_PAYOFF,0.12056307787222555
STATIC_NO_FEEDBACK_COUNTERFACTUAL,A_EQUAL_SHARE,18,15,河南,0.1948773575211231,0.08999584234496207,0.08999584234496197,VALIDATED_SAME_S_AND_NEXT_ALLOCATION_PAYOFF,0.10488151517616102
STATIC_NO_FEEDBACK_COUNTERFACTUAL,A_EQUAL_SHARE,18,16,湖北,0.28008265291004547,0.0899957589881727,0.0899957589881727,VALIDATED_SAME_S_AND_NEXT_ALLOCATION_PAYOFF,0.19008689392187278
STATIC_NO_FEEDBACK_COUNTERFACTUAL,A_EQUAL_SHARE,18,17,湖南,0.2620017308388246,0.08999756846125526,0.08999756846125526,VALIDATED_SAME_S_AND_NEXT_ALLOCATION_PAYOFF,0.17200416237756935
STATIC_NO_FEEDBACK_COUNTERFACTUAL,A_EQUAL_SHARE,18,18,广东,0.36552652511738126,0.0899967707893176,0.08999677078931755,VALIDATED_SAME_S_AND_NEXT_ALLOCATION_PAYOFF,0.27552975432806365
STATIC_NO_FEEDBACK_COUNTERFACTUAL,A_EQUAL_SHARE,18,19,广西,0.19150611594294745,0.0899978810944819,0.08999788109448192,VALIDATED_SAME_S_AND_NEXT_ALLOCATION_PAYOFF,0.10150823484846555
STATIC_NO_FEEDBACK_COUNTERFACTUAL,A_EQUAL_SHARE,18,20,海南,0.22229915353988527,0.08999709312082808,0.08999709312082804,VALIDATED_SAME_S_AND_NEXT_ALLOCATION_PAYOFF,0.13230206041905718
STATIC_NO_FEEDBACK_COUNTERFACTUAL,A_EQUAL_SHARE,18,21,重庆,0.2909564437251319,0.08999645921923952,0.08999645921923952,VALIDATED_SAME_S_AND_NEXT_ALLOCATION_PAYOFF,0.2009599845058924
STATIC_NO_FEEDBACK_COUNTERFACTUAL,A_EQUAL_SHARE,18,22,四川,0.31398179734059084,0.08999918330362135,0.08999918330362133,VALIDATED_SAME_S_AND_NEXT_ALLOCATION_PAYOFF,0.2239826140369695
STATIC_NO_FEEDBACK_COUNTERFACTUAL,A_EQUAL_SHARE,18,23,贵州,0.26431147153212264,0.08999981724754323,0.0899998172475432,VALIDATED_SAME_S_AND_NEXT_ALLOCATION_PAYOFF,0.1743116542845794
STATIC_NO_FEEDBACK_COUNTERFACTUAL,A_EQUAL_SHARE,18,24,云南,0.19932692755136924,0.08999730138885395,0.08999730138885395,VALIDATED_SAME_S_AND_NEXT_ALLOCATION_PAYOFF,0.10932962616251529
STATIC_NO_FEEDBACK_COUNTERFACTUAL,A_EQUAL_SHARE,18,25,西藏,0.15827626937759792,0.08999536771000674,0.08999536771000674,VALIDATED_SAME_S_AND_NEXT_ALLOCATION_PAYOFF,0.06828090166759118
STATIC_NO_FEEDBACK_COUNTERFACTUAL,A_EQUAL_SHARE,18,26,陕西,0.21592923792418448,0.08999481981952213,0.08999481981952213,VALIDATED_SAME_S_AND_NEXT_ALLOCATION_PAYOFF,0.12593441810466233
STATIC_NO_FEEDBACK_COUNTERFACTUAL,A_EQUAL_SHARE,18,27,甘肃,0.21365097532808566,0.09,0.09,VALIDATED_SAME_S_AND_NEXT_ALLOCATION_PAYOFF,0.12365097532808567
STATIC_NO_FEEDBACK_COUNTERFACTUAL,A_EQUAL_SHARE,18,28,青海,0.1119636813523978,0.0881894853878178,0.0881894853878178,VALIDATED_SAME_S_AND_NEXT_ALLOCATION_PAYOFF,0.023774195964579997
STATIC_NO_FEEDBACK_COUNTERFACTUAL,A_EQUAL_SHARE,18,29,宁夏,0.1274049203495541,0.08999042486707812,0.08999042486707812,VALIDATED_SAME_S_AND_NEXT_ALLOCATION_PAYOFF,0.037414495482475996
STATIC_NO_FEEDBACK_COUNTERFACTUAL,A_EQUAL_SHARE,18,30,新疆,0.16993118941177543,0.08999438059105758,0.08999438059105758,VALIDATED_SAME_S_AND_NEXT_ALLOCATION_PAYOFF,0.07993680882071785
STATIC_NO_FEEDBACK_COUNTERFACTUAL,A_EQUAL_SHARE,19,0,北京,0.3814605147791977,0.08999011040323655,0.08999011040323647,VALIDATED_SAME_S_AND_NEXT_ALLOCATION_PAYOFF,0.2914704043759611
STATIC_NO_FEEDBACK_COUNTERFACTUAL,A_EQUAL_SHARE,19,1,天津,0.15788497889898384,0.08997836945109883,0.08997836945109891,VALIDATED_SAME_S_AND_NEXT_ALLOCATION_PAYOFF,0.06790660944788501
STATIC_NO_FEEDBACK_COUNTERFACTUAL,A_EQUAL_SHARE,19,2,河北,0.18634949943448195,0.08999687531947473,0.08999687531947484,VALIDATED_SAME_S_AND_NEXT_ALLOCATION_PAYOFF,0.09635262411500722
STATIC_NO_FEEDBACK_COUNTERFACTUAL,A_EQUAL_SHARE,19,3,山西,0.19543367513373083,0.08999689940745167,0.08999689940745167,VALIDATED_SAME_S_AND_NEXT_ALLOCATION_PAYOFF,0.10543677572627916
STATIC_NO_FEEDBACK_COUNTERFACTUAL,A_EQUAL_SHARE,19,4,内蒙古,0.1398906000847535,0.08998590343616611,0.08998590343616601,VALIDATED_SAME_S_AND_NEXT_ALLOCATION_PAYOFF,0.049904696648587404
STATIC_NO_FEEDBACK_COUNTERFACTUAL,A_EQUAL_SHARE,19,5,辽宁,0.17217312363673787,0.08999352909598167,0.08999352909598175,VALIDATED_SAME_S_AND_NEXT_ALLOCATION_PAYOFF,0.0821795945407562
STATIC_NO_FEEDBACK_COUNTERFACTUAL,A_EQUAL_SHARE,19,6,吉林,0.11558407232079332,0.08999016550369231,0.08999016550369239,VALIDATED_SAME_S_AND_NEXT_ALLOCATION_PAYOFF,0.02559390681710101
STATIC_NO_FEEDBACK_COUNTERFACTUAL,A_EQUAL_SHARE,19,7,黑龙江,0.1404630230759932,0.08999554955012465,0.08999554955012459,VALIDATED_SAME_S_AND_NEXT_ALLOCATION_PAYOFF,0.050467473525868556
STATIC_NO_FEEDBACK_COUNTERFACTUAL,A_EQUAL_SHARE,19,8,上海,0.36784161648601527,0.08999015201684253,0.08999015201684246,VALIDATED_SAME_S_AND_NEXT_ALLOCATION_PAYOFF,0.27785146446917275
STATIC_NO_FEEDBACK_COUNTERFACTUAL,A_EQUAL_SHARE,19,9,江苏,0.30889592040053054,0.08999169578638168,0.0899916957863816,VALIDATED_SAME_S_AND_NEXT_ALLOCATION_PAYOFF,0.21890422461414888
STATIC_NO_FEEDBACK_COUNTERFACTUAL,A_EQUAL_SHARE,19,10,浙江,0.3186895509010949,0.08999422544939355,0.08999422544939355,VALIDATED_SAME_S_AND_NEXT_ALLOCATION_PAYOFF,0.22869532545170135
STATIC_NO_FEEDBACK_COUNTERFACTUAL,A_EQUAL_SHARE,19,11,安徽,0.33959927923787286,0.08999909235298773,0.08999909235298768,VALIDATED_SAME_S_AND_NEXT_ALLOCATION_PAYOFF,0.24960018688488514
STATIC_NO_FEEDBACK_COUNTERFACTUAL,A_EQUAL_SHARE,19,12,福建,0.2983759712704056,0.08999329076115851,0.08999329076115851,VALIDATED_SAME_S_AND_NEXT_ALLOCATION_PAYOFF,0.20838268050924708
STATIC_NO_FEEDBACK_COUNTERFACTUAL,A_EQUAL_SHARE,19,13,江西,0.3089701707121506,0.0899992332299643,0.0899992332299642,VALIDATED_SAME_S_AND_NEXT_ALLOCATION_PAYOFF,0.21897093748218632
STATIC_NO_FEEDBACK_COUNTERFACTUAL,A_EQUAL_SHARE,19,14,山东,0.2105566937040704,0.08999361583184298,0.08999361583184298,VALIDATED_SAME_S_AND_NEXT_ALLOCATION_PAYOFF,0.12056307787222742
STATIC_NO_FEEDBACK_COUNTERFACTUAL,A_EQUAL_SHARE,19,15,河南,0.19487735752112495,0.08999584234496207,0.08999584234496197,VALIDATED_SAME_S_AND_NEXT_ALLOCATION_PAYOFF,0.10488151517616288
STATIC_NO_FEEDBACK_COUNTERFACTUAL,A_EQUAL_SHARE,19,16,湖北,0.2800826529100478,0.0899957589881727,0.0899957589881727,VALIDATED_SAME_S_AND_NEXT_ALLOCATION_PAYOFF,0.1900868939218751
STATIC_NO_FEEDBACK_COUNTERFACTUAL,A_EQUAL_SHARE,19,17,湖南,0.26200173083882694,0.08999756846125526,0.08999756846125526,VALIDATED_SAME_S_AND_NEXT_ALLOCATION_PAYOFF,0.17200416237757168
STATIC_NO_FEEDBACK_COUNTERFACTUAL,A_EQUAL_SHARE,19,18,广东,0.3655265251173847,0.08999677078931761,0.08999677078931755,VALIDATED_SAME_S_AND_NEXT_ALLOCATION_PAYOFF,0.2755297543280671
STATIC_NO_FEEDBACK_COUNTERFACTUAL,A_EQUAL_SHARE,19,19,广西,0.19150611594288494,0.0899978810944819,0.08999788109448192,VALIDATED_SAME_S_AND_NEXT_ALLOCATION_PAYOFF,0.10150823484840305
STATIC_NO_FEEDBACK_COUNTERFACTUAL,A_EQUAL_SHARE,19,20,海南,0.2222991535398872,0.08999709312082808,0.08999709312082806,VALIDATED_SAME_S_AND_NEXT_ALLOCATION_PAYOFF,0.13230206041905912
STATIC_NO_FEEDBACK_COUNTERFACTUAL,A_EQUAL_SHARE,19,21,重庆,0.290956443725152,0.08999645921923952,0.08999645921923952,VALIDATED_SAME_S_AND_NEXT_ALLOCATION_PAYOFF,0.2009599845059125
STATIC_NO_FEEDBACK_COUNTERFACTUAL,A_EQUAL_SHARE,19,22,四川,0.31398179734059367,0.08999918330362135,0.08999918330362133,VALIDATED_SAME_S_AND_NEXT_ALLOCATION_PAYOFF,0.22398261403697234
STATIC_NO_FEEDBACK_COUNTERFACTUAL,A_EQUAL_SHARE,19,23,贵州,0.26431147153212503,0.08999981724754323,0.0899998172475432,VALIDATED_SAME_S_AND_NEXT_ALLOCATION_PAYOFF,0.17431165428458179
STATIC_NO_FEEDBACK_COUNTERFACTUAL,A_EQUAL_SHARE,19,24,云南,0.19932692755138715,0.08999730138885395,0.08999730138885395,VALIDATED_SAME_S_AND_NEXT_ALLOCATION_PAYOFF,0.1093296261625332
STATIC_NO_FEEDBACK_COUNTERFACTUAL,A_EQUAL_SHARE,19,25,西藏,0.15827626937759945,0.08999536771000674,0.08999536771000675,VALIDATED_SAME_S_AND_NEXT_ALLOCATION_PAYOFF,0.06828090166759271
STATIC_NO_FEEDBACK_COUNTERFACTUAL,A_EQUAL_SHARE,19,26,陕西,0.21592923792419944,0.08999481981952215,0.08999481981952215,VALIDATED_SAME_S_AND_NEXT_ALLOCATION_PAYOFF,0.1259344181046773
STATIC_NO_FEEDBACK_COUNTERFACTUAL,A_EQUAL_SHARE,19,27,甘肃,0.21365097532808752,0.09,0.09,VALIDATED_SAME_S_AND_NEXT_ALLOCATION_PAYOFF,0.12365097532808753
STATIC_NO_FEEDBACK_COUNTERFACTUAL,A_EQUAL_SHARE,19,28,青海,0.11196368135239886,0.08818948538781857,0.08818948538781857,VALIDATED_SAME_S_AND_NEXT_ALLOCATION_PAYOFF,0.02377419596458029
STATIC_NO_FEEDBACK_COUNTERFACTUAL,A_EQUAL_SHARE,19,29,宁夏,0.1274049203495553,0.08999042486707812,0.08999042486707812,VALIDATED_SAME_S_AND_NEXT_ALLOCATION_PAYOFF,0.03741449548247719
STATIC_NO_FEEDBACK_COUNTERFACTUAL,A_EQUAL_SHARE,19,30,新疆,0.16993118941177696,0.08999438059105758,0.08999438059105758,VALIDATED_SAME_S_AND_NEXT_ALLOCATION_PAYOFF,0.07993680882071938
STATIC_NO_FEEDBACK_COUNTERFACTUAL,A_EQUAL_SHARE,20,0,北京,0.3814605147791986,0.08999011040323655,0.08999011040323647,VALIDATED_SAME_S_AND_NEXT_ALLOCATION_PAYOFF,0.29147040437596206
STATIC_NO_FEEDBACK_COUNTERFACTUAL,A_EQUAL_SHARE,20,1,天津,0.1578849788989841,0.08997836945109883,0.08997836945109891,VALIDATED_SAME_S_AND_NEXT_ALLOCATION_PAYOFF,0.06790660944788526
STATIC_NO_FEEDBACK_COUNTERFACTUAL,A_EQUAL_SHARE,20,2,河北,0.18634949943448229,0.08999687531947474,0.08999687531947484,VALIDATED_SAME_S_AND_NEXT_ALLOCATION_PAYOFF,0.09635262411500754
STATIC_NO_FEEDBACK_COUNTERFACTUAL,A_EQUAL_SHARE,20,3,山西,0.19543367513373125,0.08999689940745167,0.08999689940745167,VALIDATED_SAME_S_AND_NEXT_ALLOCATION_PAYOFF,0.10543677572627957
STATIC_NO_FEEDBACK_COUNTERFACTUAL,A_EQUAL_SHARE,20,4,内蒙古,0.1398906000847538,0.08998590343616611,0.08998590343616601,VALIDATED_SAME_S_AND_NEXT_ALLOCATION_PAYOFF,0.04990469664858768
STATIC_NO_FEEDBACK_COUNTERFACTUAL,A_EQUAL_SHARE,20,5,辽宁,0.17217312363673618,0.08999352909598168,0.08999352909598175,VALIDATED_SAME_S_AND_NEXT_ALLOCATION_PAYOFF,0.08217959454075449
STATIC_NO_FEEDBACK_COUNTERFACTUAL,A_EQUAL_SHARE,20,6,吉林,0.11558407232079351,0.08999016550369232,0.08999016550369239,VALIDATED_SAME_S_AND_NEXT_ALLOCATION_PAYOFF,0.025593906817101192
STATIC_NO_FEEDBACK_COUNTERFACTUAL,A_EQUAL_SHARE,20,7,黑龙江,0.14046302307599345,0.08999554955012465,0.08999554955012459,VALIDATED_SAME_S_AND_NEXT_ALLOCATION_PAYOFF,0.050467473525868806
STATIC_NO_FEEDBACK_COUNTERFACTUAL,A_EQUAL_SHARE,20,8,上海,0.367841616486016,0.08999015201684253,0.08999015201684246,VALIDATED_SAME_S_AND_NEXT_ALLOCATION_PAYOFF,0.27785146446917347
STATIC_NO_FEEDBACK_COUNTERFACTUAL,A_EQUAL_SHARE,20,9,江苏,0.30889592040053127,0.08999169578638168,0.08999169578638161,VALIDATED_SAME_S_AND_NEXT_ALLOCATION_PAYOFF,0.2189042246141496
STATIC_NO_FEEDBACK_COUNTERFACTUAL,A_EQUAL_SHARE,20,10,浙江,0.3186895509010956,0.08999422544939355,0.08999422544939355,VALIDATED_SAME_S_AND_NEXT_ALLOCATION_PAYOFF,0.22869532545170201
STATIC_NO_FEEDBACK_COUNTERFACTUAL,A_EQUAL_SHARE,20,11,安徽,0.3395992792378736,0.08999909235298773,0.08999909235298768,VALIDATED_SAME_S_AND_NEXT_ALLOCATION_PAYOFF,0.24960018688488586
STATIC_NO_FEEDBACK_COUNTERFACTUAL,A_EQUAL_SHARE,20,12,福建,0.2983759712704061,0.08999329076115851,0.08999329076115851,VALIDATED_SAME_S_AND_NEXT_ALLOCATION_PAYOFF,0.20838268050924758
STATIC_NO_FEEDBACK_COUNTERFACTUAL,A_EQUAL_SHARE,20,13,江西,0.3089701707121519,0.0899992332299643,0.0899992332299642,VALIDATED_SAME_S_AND_NEXT_ALLOCATION_PAYOFF,0.2189709374821876
STATIC_NO_FEEDBACK_COUNTERFACTUAL,A_EQUAL_SHARE,20,14,山东,0.2105566937040708,0.08999361583184298,0.08999361583184298,VALIDATED_SAME_S_AND_NEXT_ALLOCATION_PAYOFF,0.12056307787222781
STATIC_NO_FEEDBACK_COUNTERFACTUAL,A_EQUAL_SHARE,20,15,河南,0.1948773575211253,0.08999584234496207,0.08999584234496197,VALIDATED_SAME_S_AND_NEXT_ALLOCATION_PAYOFF,0.10488151517616325
STATIC_NO_FEEDBACK_COUNTERFACTUAL,A_EQUAL_SHARE,20,16,湖北,0.2800826529100484,0.0899957589881727,0.0899957589881727,VALIDATED_SAME_S_AND_NEXT_ALLOCATION_PAYOFF,0.19008689392187572
STATIC_NO_FEEDBACK_COUNTERFACTUAL,A_EQUAL_SHARE,20,17,湖南,0.2620017308388275,0.08999756846125526,0.08999756846125526,VALIDATED_SAME_S_AND_NEXT_ALLOCATION_PAYOFF,0.17200416237757224
STATIC_NO_FEEDBACK_COUNTERFACTUAL,A_EQUAL_SHARE,20,18,广东,0.3655265251173856,0.08999677078931761,0.08999677078931755,VALIDATED_SAME_S_AND_NEXT_ALLOCATION_PAYOFF,0.275529754328068
STATIC_NO_FEEDBACK_COUNTERFACTUAL,A_EQUAL_SHARE,20,19,广西,0.19150611594289407,0.0899978810944819,0.08999788109448192,VALIDATED_SAME_S_AND_NEXT_ALLOCATION_PAYOFF,0.10150823484841218
STATIC_NO_FEEDBACK_COUNTERFACTUAL,A_EQUAL_SHARE,20,20,海南,0.2222991535398877,0.08999709312082808,0.08999709312082806,VALIDATED_SAME_S_AND_NEXT_ALLOCATION_PAYOFF,0.13230206041905962
STATIC_NO_FEEDBACK_COUNTERFACTUAL,A_EQUAL_SHARE,20,21,重庆,0.2909564437251498,0.08999645921923952,0.08999645921923952,VALIDATED_SAME_S_AND_NEXT_ALLOCATION_PAYOFF,0.20095998450591027
STATIC_NO_FEEDBACK_COUNTERFACTUAL,A_EQUAL_SHARE,20,22,四川,0.3139817973405944,0.08999918330362135,0.08999918330362133,VALIDATED_SAME_S_AND_NEXT_ALLOCATION_PAYOFF,0.22398261403697306
STATIC_NO_FEEDBACK_COUNTERFACTUAL,A_EQUAL_SHARE,20,23,贵州,0.26431147153212553,0.08999981724754323,0.0899998172475432,VALIDATED_SAME_S_AND_NEXT_ALLOCATION_PAYOFF,0.17431165428458228
STATIC_NO_FEEDBACK_COUNTERFACTUAL,A_EQUAL_SHARE,20,24,云南,0.19932692755138506,0.08999730138885395,0.08999730138885395,VALIDATED_SAME_S_AND_NEXT_ALLOCATION_PAYOFF,0.10932962616253111
STATIC_NO_FEEDBACK_COUNTERFACTUAL,A_EQUAL_SHARE,20,25,西藏,0.1582762693775998,0.08999536771000674,0.08999536771000675,VALIDATED_SAME_S_AND_NEXT_ALLOCATION_PAYOFF,0.06828090166759307
STATIC_NO_FEEDBACK_COUNTERFACTUAL,A_EQUAL_SHARE,20,26,陕西,0.2159292379241978,0.08999481981952215,0.08999481981952215,VALIDATED_SAME_S_AND_NEXT_ALLOCATION_PAYOFF,0.12593441810467565
STATIC_NO_FEEDBACK_COUNTERFACTUAL,A_EQUAL_SHARE,20,27,甘肃,0.21365097532808805,0.09,0.09,VALIDATED_SAME_S_AND_NEXT_ALLOCATION_PAYOFF,0.12365097532808805
STATIC_NO_FEEDBACK_COUNTERFACTUAL,A_EQUAL_SHARE,20,28,青海,0.11196368135239908,0.08818948538781872,0.08818948538781872,VALIDATED_SAME_S_AND_NEXT_ALLOCATION_PAYOFF,0.023774195964580358
STATIC_NO_FEEDBACK_COUNTERFACTUAL,A_EQUAL_SHARE,20,29,宁夏,0.12740492034955556,0.08999042486707812,0.08999042486707812,VALIDATED_SAME_S_AND_NEXT_ALLOCATION_PAYOFF,0.03741449548247744
STATIC_NO_FEEDBACK_COUNTERFACTUAL,A_EQUAL_SHARE,20,30,新疆,0.16993118941177734,0.08999438059105759,0.08999438059105759,VALIDATED_SAME_S_AND_NEXT_ALLOCATION_PAYOFF,0.07993680882071975
STATIC_NO_FEEDBACK_COUNTERFACTUAL,A_EQUAL_SHARE,21,0,北京,0.38146051477919696,0.08999011040323655,0.08999011040323646,VALIDATED_SAME_S_AND_NEXT_ALLOCATION_PAYOFF,0.2914704043759604
STATIC_NO_FEEDBACK_COUNTERFACTUAL,A_EQUAL_SHARE,21,1,天津,0.15788497889898329,0.08997836945109881,0.08997836945109891,VALIDATED_SAME_S_AND_NEXT_ALLOCATION_PAYOFF,0.06790660944788447
STATIC_NO_FEEDBACK_COUNTERFACTUAL,A_EQUAL_SHARE,21,2,河北,0.1863494994344813,0.08999687531947473,0.08999687531947484,VALIDATED_SAME_S_AND_NEXT_ALLOCATION_PAYOFF,0.09635262411500659
STATIC_NO_FEEDBACK_COUNTERFACTUAL,A_EQUAL_SHARE,21,3,山西,0.19543367513373017,0.08999689940745167,0.08999689940745167,VALIDATED_SAME_S_AND_NEXT_ALLOCATION_PAYOFF,0.10543677572627849
STATIC_NO_FEEDBACK_COUNTERFACTUAL,A_EQUAL_SHARE,21,4,内蒙古,0.139890600084753,0.08998590343616611,0.08998590343616601,VALIDATED_SAME_S_AND_NEXT_ALLOCATION_PAYOFF,0.04990469664858688
STATIC_NO_FEEDBACK_COUNTERFACTUAL,A_EQUAL_SHARE,21,5,辽宁,0.1721731236367356,0.08999352909598167,0.08999352909598175,VALIDATED_SAME_S_AND_NEXT_ALLOCATION_PAYOFF,0.08217959454075392
STATIC_NO_FEEDBACK_COUNTERFACTUAL,A_EQUAL_SHARE,21,6,吉林,0.11558407232079279,0.08999016550369231,0.08999016550369239,VALIDATED_SAME_S_AND_NEXT_ALLOCATION_PAYOFF,0.025593906817100484
STATIC_NO_FEEDBACK_COUNTERFACTUAL,A_EQUAL_SHARE,21,7,黑龙江,0.14046302307599268,0.08999554955012465,0.08999554955012459,VALIDATED_SAME_S_AND_NEXT_ALLOCATION_PAYOFF,0.05046747352586803
STATIC_NO_FEEDBACK_COUNTERFACTUAL,A_EQUAL_SHARE,21,8,上海,0.3678416164860144,0.08999015201684253,0.08999015201684246,VALIDATED_SAME_S_AND_NEXT_ALLOCATION_PAYOFF,0.27785146446917186
STATIC_NO_FEEDBACK_COUNTERFACTUAL,A_EQUAL_SHARE,21,9,江苏,0.3088959204005298,0.08999169578638168,0.0899916957863816,VALIDATED_SAME_S_AND_NEXT_ALLOCATION_PAYOFF,0.21890422461414816
STATIC_NO_FEEDBACK_COUNTERFACTUAL,A_EQUAL_SHARE,21,10,浙江,0.318689550901094,0.08999422544939355,0.08999422544939355,VALIDATED_SAME_S_AND_NEXT_ALLOCATION_PAYOFF,0.22869532545170046
STATIC_NO_FEEDBACK_COUNTERFACTUAL,A_EQUAL_SHARE,21,11,安徽,0.339599279237872,0.08999909235298773,0.08999909235298768,VALIDATED_SAME_S_AND_NEXT_ALLOCATION_PAYOFF,0.24960018688488425
STATIC_NO_FEEDBACK_COUNTERFACTUAL,A_EQUAL_SHARE,21,12,福建,0.29837597127040477,0.08999329076115851,0.08999329076115851,VALIDATED_SAME_S_AND_NEXT_ALLOCATION_PAYOFF,0.20838268050924624
STATIC_NO_FEEDBACK_COUNTERFACTUAL,A_EQUAL_SHARE,21,13,江西,0.3089701707121502,0.0899992332299643,0.0899992332299642,VALIDATED_SAME_S_AND_NEXT_ALLOCATION_PAYOFF,0.21897093748218593
STATIC_NO_FEEDBACK_COUNTERFACTUAL,A_EQUAL_SHARE,21,14,山东,0.2105566937040697,0.08999361583184298,0.08999361583184297,VALIDATED_SAME_S_AND_NEXT_ALLOCATION_PAYOFF,0.12056307787222673
STATIC_NO_FEEDBACK_COUNTERFACTUAL,A_EQUAL_SHARE,21,15,河南,0.19487735752112434,0.08999584234496207,0.08999584234496197,VALIDATED_SAME_S_AND_NEXT_ALLOCATION_PAYOFF,0.10488151517616227
STATIC_NO_FEEDBACK_COUNTERFACTUAL,A_EQUAL_SHARE,21,16,湖北,0.280082652910047,0.0899957589881727,0.0899957589881727,VALIDATED_SAME_S_AND_NEXT_ALLOCATION_PAYOFF,0.19008689392187433
STATIC_NO_FEEDBACK_COUNTERFACTUAL,A_EQUAL_SHARE,21,17,湖南,0.2620017308388262,0.08999756846125526,0.08999756846125526,VALIDATED_SAME_S_AND_NEXT_ALLOCATION_PAYOFF,0.17200416237757096
STATIC_NO_FEEDBACK_COUNTERFACTUAL,A_EQUAL_SHARE,21,18,广东,0.36552652511738387,0.0899967707893176,0.08999677078931755,VALIDATED_SAME_S_AND_NEXT_ALLOCATION_PAYOFF,0.27552975432806626
STATIC_NO_FEEDBACK_COUNTERFACTUAL,A_EQUAL_SHARE,21,19,广西,0.19150611594289182,0.0899978810944819,0.08999788109448192,VALIDATED_SAME_S_AND_NEXT_ALLOCATION_PAYOFF,0.10150823484840993
STATIC_NO_FEEDBACK_COUNTERFACTUAL,A_EQUAL_SHARE,21,20,海南,0.22229915353988652,0.08999709312082808,0.08999709312082806,VALIDATED_SAME_S_AND_NEXT_ALLOCATION_PAYOFF,0.13230206041905845
STATIC_NO_FEEDBACK_COUNTERFACTUAL,A_EQUAL_SHARE,21,21,重庆,0.2909564437251488,0.08999645921923952,0.08999645921923952,VALIDATED_SAME_S_AND_NEXT_ALLOCATION_PAYOFF,0.20095998450590927
STATIC_NO_FEEDBACK_COUNTERFACTUAL,A_EQUAL_SHARE,21,22,四川,0.31398179734059295,0.08999918330362135,0.08999918330362133,VALIDATED_SAME_S_AND_NEXT_ALLOCATION_PAYOFF,0.22398261403697162
STATIC_NO_FEEDBACK_COUNTERFACTUAL,A_EQUAL_SHARE,21,23,贵州,0.26431147153212425,0.08999981724754323,0.0899998172475432,VALIDATED_SAME_S_AND_NEXT_ALLOCATION_PAYOFF,0.174311654284581
STATIC_NO_FEEDBACK_COUNTERFACTUAL,A_EQUAL_SHARE,21,24,云南,0.19932692755138431,0.08999730138885395,0.08999730138885395,VALIDATED_SAME_S_AND_NEXT_ALLOCATION_PAYOFF,0.10932962616253036
STATIC_NO_FEEDBACK_COUNTERFACTUAL,A_EQUAL_SHARE,21,25,西藏,0.1582762693775989,0.08999536771000674,0.08999536771000675,VALIDATED_SAME_S_AND_NEXT_ALLOCATION_PAYOFF,0.06828090166759215
STATIC_NO_FEEDBACK_COUNTERFACTUAL,A_EQUAL_SHARE,21,26,陕西,0.21592923792419694,0.08999481981952213,0.08999481981952213,VALIDATED_SAME_S_AND_NEXT_ALLOCATION_PAYOFF,0.12593441810467482
STATIC_NO_FEEDBACK_COUNTERFACTUAL,A_EQUAL_SHARE,21,27,甘肃,0.2136509753280869,0.09,0.09,VALIDATED_SAME_S_AND_NEXT_ALLOCATION_PAYOFF,0.12365097532808692
STATIC_NO_FEEDBACK_COUNTERFACTUAL,A_EQUAL_SHARE,21,28,青海,0.11196368135239844,0.08818948538781828,0.08818948538781828,VALIDATED_SAME_S_AND_NEXT_ALLOCATION_PAYOFF,0.023774195964580164
STATIC_NO_FEEDBACK_COUNTERFACTUAL,A_EQUAL_SHARE,21,29,宁夏,0.12740492034955486,0.08999042486707812,0.08999042486707812,VALIDATED_SAME_S_AND_NEXT_ALLOCATION_PAYOFF,0.037414495482476745
STATIC_NO_FEEDBACK_COUNTERFACTUAL,A_EQUAL_SHARE,21,30,新疆,0.16993118941177646,0.08999438059105758,0.08999438059105758,VALIDATED_SAME_S_AND_NEXT_ALLOCATION_PAYOFF,0.07993680882071888
STATIC_NO_FEEDBACK_COUNTERFACTUAL,A_EQUAL_SHARE,22,0,北京,0.38146051477919435,0.08999011040323654,0.08999011040323646,VALIDATED_SAME_S_AND_NEXT_ALLOCATION_PAYOFF,0.29147040437595784
STATIC_NO_FEEDBACK_COUNTERFACTUAL,A_EQUAL_SHARE,22,1,天津,0.1578849788989822,0.08997836945109881,0.0899783694510989,VALIDATED_SAME_S_AND_NEXT_ALLOCATION_PAYOFF,0.06790660944788339
STATIC_NO_FEEDBACK_COUNTERFACTUAL,A_EQUAL_SHARE,22,2,河北,0.18634949943447998,0.08999687531947473,0.08999687531947484,VALIDATED_SAME_S_AND_NEXT_ALLOCATION_PAYOFF,0.09635262411500525
STATIC_NO_FEEDBACK_COUNTERFACTUAL,A_EQUAL_SHARE,22,3,山西,0.19543367513372878,0.08999689940745167,0.08999689940745167,VALIDATED_SAME_S_AND_NEXT_ALLOCATION_PAYOFF,0.1054367757262771
STATIC_NO_FEEDBACK_COUNTERFACTUAL,A_EQUAL_SHARE,22,4,内蒙古,0.13989060008475201,0.0899859034361661,0.08998590343616601,VALIDATED_SAME_S_AND_NEXT_ALLOCATION_PAYOFF,0.04990469664858592
STATIC_NO_FEEDBACK_COUNTERFACTUAL,A_EQUAL_SHARE,22,5,辽宁,0.17217312363673434,0.08999352909598167,0.08999352909598174,VALIDATED_SAME_S_AND_NEXT_ALLOCATION_PAYOFF,0.08217959454075267
STATIC_NO_FEEDBACK_COUNTERFACTUAL,A_EQUAL_SHARE,22,6,吉林,0.115584072320792,0.08999016550369231,0.08999016550369238,VALIDATED_SAME_S_AND_NEXT_ALLOCATION_PAYOFF,0.025593906817099693
STATIC_NO_FEEDBACK_COUNTERFACTUAL,A_EQUAL_SHARE,22,7,黑龙江,0.1404630230759916,0.08999554955012465,0.08999554955012459,VALIDATED_SAME_S_AND_NEXT_ALLOCATION_PAYOFF,0.050467473525866946
STATIC_NO_FEEDBACK_COUNTERFACTUAL,A_EQUAL_SHARE,22,8,上海,0.36784161648601194,0.08999015201684253,0.08999015201684246,VALIDATED_SAME_S_AND_NEXT_ALLOCATION_PAYOFF,0.2778514644691694
STATIC_NO_FEEDBACK_COUNTERFACTUAL,A_EQUAL_SHARE,22,9,江苏,0.30889592040052777,0.08999169578638166,0.0899916957863816,VALIDATED_SAME_S_AND_NEXT_ALLOCATION_PAYOFF,0.2189042246141461
STATIC_NO_FEEDBACK_COUNTERFACTUAL,A_EQUAL_SHARE,22,10,浙江,0.3186895509010919,0.08999422544939355,0.08999422544939355,VALIDATED_SAME_S_AND_NEXT_ALLOCATION_PAYOFF,0.22869532545169835
STATIC_NO_FEEDBACK_COUNTERFACTUAL,A_EQUAL_SHARE,22,11,安徽,0.33959927923786964,0.08999909235298773,0.08999909235298768,VALIDATED_SAME_S_AND_NEXT_ALLOCATION_PAYOFF,0.24960018688488192
STATIC_NO_FEEDBACK_COUNTERFACTUAL,A_EQUAL_SHARE,22,12,福建,0.29837597127040266,0.08999329076115851,0.08999329076115851,VALIDATED_SAME_S_AND_NEXT_ALLOCATION_PAYOFF,0.20838268050924413
STATIC_NO_FEEDBACK_COUNTERFACTUAL,A_EQUAL_SHARE,22,13,江西,0.3089701707121484,0.0899992332299643,0.0899992332299642,VALIDATED_SAME_S_AND_NEXT_ALLOCATION_PAYOFF,0.2189709374821841
STATIC_NO_FEEDBACK_COUNTERFACTUAL,A_EQUAL_SHARE,22,14,山东,0.2105566937040683,0.08999361583184297,0.08999361583184297,VALIDATED_SAME_S_AND_NEXT_ALLOCATION_PAYOFF,0.12056307787222532
STATIC_NO_FEEDBACK_COUNTERFACTUAL,A_EQUAL_SHARE,22,15,河南,0.1948773575211229,0.08999584234496207,0.08999584234496197,VALIDATED_SAME_S_AND_NEXT_ALLOCATION_PAYOFF,0.10488151517616083
STATIC_NO_FEEDBACK_COUNTERFACTUAL,A_EQUAL_SHARE,22,16,湖北,0.2800826529100452,0.0899957589881727,0.0899957589881727,VALIDATED_SAME_S_AND_NEXT_ALLOCATION_PAYOFF,0.1900868939218725
STATIC_NO_FEEDBACK_COUNTERFACTUAL,A_EQUAL_SHARE,22,17,湖南,0.2620017308388244,0.08999756846125526,0.08999756846125526,VALIDATED_SAME_S_AND_NEXT_ALLOCATION_PAYOFF,0.17200416237756913
STATIC_NO_FEEDBACK_COUNTERFACTUAL,A_EQUAL_SHARE,22,18,广东,0.36552652511738143,0.0899967707893176,0.08999677078931755,VALIDATED_SAME_S_AND_NEXT_ALLOCATION_PAYOFF,0.2755297543280638
STATIC_NO_FEEDBACK_COUNTERFACTUAL,A_EQUAL_SHARE,22,19,广西,0.1915061159428908,0.0899978810944819,0.08999788109448192,VALIDATED_SAME_S_AND_NEXT_ALLOCATION_PAYOFF,0.1015082348484089
STATIC_NO_FEEDBACK_COUNTERFACTUAL,A_EQUAL_SHARE,22,20,海南,0.22229915353988508,0.08999709312082808,0.08999709312082804,VALIDATED_SAME_S_AND_NEXT_ALLOCATION_PAYOFF,0.132302060419057
STATIC_NO_FEEDBACK_COUNTERFACTUAL,A_EQUAL_SHARE,22,21,重庆,0.2909564437251469,0.08999645921923952,0.08999645921923952,VALIDATED_SAME_S_AND_NEXT_ALLOCATION_PAYOFF,0.20095998450590738
STATIC_NO_FEEDBACK_COUNTERFACTUAL,A_EQUAL_SHARE,22,22,四川,0.3139817973405907,0.08999918330362135,0.08999918330362133,VALIDATED_SAME_S_AND_NEXT_ALLOCATION_PAYOFF,0.22398261403696934
STATIC_NO_FEEDBACK_COUNTERFACTUAL,A_EQUAL_SHARE,22,23,贵州,0.2643114715321224,0.08999981724754323,0.0899998172475432,VALIDATED_SAME_S_AND_NEXT_ALLOCATION_PAYOFF,0.17431165428457918
STATIC_NO_FEEDBACK_COUNTERFACTUAL,A_EQUAL_SHARE,22,24,云南,0.19932692755138298,0.08999730138885395,0.08999730138885395,VALIDATED_SAME_S_AND_NEXT_ALLOCATION_PAYOFF,0.10932962616252903
STATIC_NO_FEEDBACK_COUNTERFACTUAL,A_EQUAL_SHARE,22,25,西藏,0.1582762693775978,0.08999536771000674,0.08999536771000674,VALIDATED_SAME_S_AND_NEXT_ALLOCATION_PAYOFF,0.06828090166759107
STATIC_NO_FEEDBACK_COUNTERFACTUAL,A_EQUAL_SHARE,22,26,陕西,0.21592923792419558,0.08999481981952213,0.08999481981952213,VALIDATED_SAME_S_AND_NEXT_ALLOCATION_PAYOFF,0.12593441810467343
STATIC_NO_FEEDBACK_COUNTERFACTUAL,A_EQUAL_SHARE,22,27,甘肃,0.2136509753280854,0.09,0.09,VALIDATED_SAME_S_AND_NEXT_ALLOCATION_PAYOFF,0.12365097532808542
STATIC_NO_FEEDBACK_COUNTERFACTUAL,A_EQUAL_SHARE,22,28,青海,0.11196368135239762,0.08818948538781768,0.08818948538781768,VALIDATED_SAME_S_AND_NEXT_ALLOCATION_PAYOFF,0.02377419596457994
STATIC_NO_FEEDBACK_COUNTERFACTUAL,A_EQUAL_SHARE,22,29,宁夏,0.12740492034955395,0.08999042486707812,0.08999042486707812,VALIDATED_SAME_S_AND_NEXT_ALLOCATION_PAYOFF,0.03741449548247583
STATIC_NO_FEEDBACK_COUNTERFACTUAL,A_EQUAL_SHARE,22,30,新疆,0.1699311894117752,0.08999438059105758,0.08999438059105758,VALIDATED_SAME_S_AND_NEXT_ALLOCATION_PAYOFF,0.07993680882071763
STATIC_NO_FEEDBACK_COUNTERFACTUAL,A_EQUAL_SHARE,23,0,北京,0.3814605147791964,0.08999011040323655,0.08999011040323646,VALIDATED_SAME_S_AND_NEXT_ALLOCATION_PAYOFF,0.29147040437595984
STATIC_NO_FEEDBACK_COUNTERFACTUAL,A_EQUAL_SHARE,23,1,天津,0.1578849788989831,0.08997836945109881,0.0899783694510989,VALIDATED_SAME_S_AND_NEXT_ALLOCATION_PAYOFF,0.06790660944788428
STATIC_NO_FEEDBACK_COUNTERFACTUAL,A_EQUAL_SHARE,23,2,河北,0.18634949943448104,0.08999687531947473,0.08999687531947484,VALIDATED_SAME_S_AND_NEXT_ALLOCATION_PAYOFF,0.09635262411500631
STATIC_NO_FEEDBACK_COUNTERFACTUAL,A_EQUAL_SHARE,23,3,山西,0.19543367513372997,0.08999689940745167,0.08999689940745167,VALIDATED_SAME_S_AND_NEXT_ALLOCATION_PAYOFF,0.1054367757262783
STATIC_NO_FEEDBACK_COUNTERFACTUAL,A_EQUAL_SHARE,23,4,内蒙古,0.13989060008475285,0.0899859034361661,0.08998590343616601,VALIDATED_SAME_S_AND_NEXT_ALLOCATION_PAYOFF,0.04990469664858675
STATIC_NO_FEEDBACK_COUNTERFACTUAL,A_EQUAL_SHARE,23,5,辽宁,0.17217312363673554,0.08999352909598167,0.08999352909598175,VALIDATED_SAME_S_AND_NEXT_ALLOCATION_PAYOFF,0.08217959454075387
STATIC_NO_FEEDBACK_COUNTERFACTUAL,A_EQUAL_SHARE,23,6,吉林,0.11558407232079272,0.08999016550369231,0.08999016550369239,VALIDATED_SAME_S_AND_NEXT_ALLOCATION_PAYOFF,0.025593906817100415
STATIC_NO_FEEDBACK_COUNTERFACTUAL,A_EQUAL_SHARE,23,7,黑龙江,0.1404630230759925,0.08999554955012465,0.08999554955012459,VALIDATED_SAME_S_AND_NEXT_ALLOCATION_PAYOFF,0.05046747352586786
STATIC_NO_FEEDBACK_COUNTERFACTUAL,A_EQUAL_SHARE,23,8,上海,0.3678416164860139,0.08999015201684253,0.08999015201684246,VALIDATED_SAME_S_AND_NEXT_ALLOCATION_PAYOFF,0.27785146446917136
STATIC_NO_FEEDBACK_COUNTERFACTUAL,A_EQUAL_SHARE,23,9,江苏,0.3088959204005293,0.08999169578638168,0.0899916957863816,VALIDATED_SAME_S_AND_NEXT_ALLOCATION_PAYOFF,0.21890422461414766
STATIC_NO_FEEDBACK_COUNTERFACTUAL,A_EQUAL_SHARE,23,10,浙江,0.3186895509010935,0.08999422544939355,0.08999422544939355,VALIDATED_SAME_S_AND_NEXT_ALLOCATION_PAYOFF,0.22869532545169996
STATIC_NO_FEEDBACK_COUNTERFACTUAL,A_EQUAL_SHARE,23,11,安徽,0.3395992792378715,0.08999909235298773,0.08999909235298768,VALIDATED_SAME_S_AND_NEXT_ALLOCATION_PAYOFF,0.24960018688488375
STATIC_NO_FEEDBACK_COUNTERFACTUAL,A_EQUAL_SHARE,23,12,福建,0.2983759712704043,0.08999329076115851,0.08999329076115851,VALIDATED_SAME_S_AND_NEXT_ALLOCATION_PAYOFF,0.2083826805092458
STATIC_NO_FEEDBACK_COUNTERFACTUAL,A_EQUAL_SHARE,23,13,江西,0.3089701707121503,0.0899992332299643,0.0899992332299642,VALIDATED_SAME_S_AND_NEXT_ALLOCATION_PAYOFF,0.21897093748218605
STATIC_NO_FEEDBACK_COUNTERFACTUAL,A_EQUAL_SHARE,23,14,山东,0.21055669370406946,0.08999361583184298,0.08999361583184297,VALIDATED_SAME_S_AND_NEXT_ALLOCATION_PAYOFF,0.12056307787222648
STATIC_NO_FEEDBACK_COUNTERFACTUAL,A_EQUAL_SHARE,23,15,河南,0.19487735752112406,0.08999584234496207,0.08999584234496197,VALIDATED_SAME_S_AND_NEXT_ALLOCATION_PAYOFF,0.104881515176162
STATIC_NO_FEEDBACK_COUNTERFACTUAL,A_EQUAL_SHARE,23,16,湖北,0.28008265291004664,0.0899957589881727,0.0899957589881727,VALIDATED_SAME_S_AND_NEXT_ALLOCATION_PAYOFF,0.19008689392187395
STATIC_NO_FEEDBACK_COUNTERFACTUAL,A_EQUAL_SHARE,23,17,湖南,0.26200173083882566,0.08999756846125526,0.08999756846125526,VALIDATED_SAME_S_AND_NEXT_ALLOCATION_PAYOFF,0.1720041623775704
STATIC_NO_FEEDBACK_COUNTERFACTUAL,A_EQUAL_SHARE,23,18,广东,0.3655265251173833,0.0899967707893176,0.08999677078931755,VALIDATED_SAME_S_AND_NEXT_ALLOCATION_PAYOFF,0.2755297543280657
STATIC_NO_FEEDBACK_COUNTERFACTUAL,A_EQUAL_SHARE,23,19,广西,0.19150611594289205,0.0899978810944819,0.08999788109448192,VALIDATED_SAME_S_AND_NEXT_ALLOCATION_PAYOFF,0.10150823484841015
STATIC_NO_FEEDBACK_COUNTERFACTUAL,A_EQUAL_SHARE,23,20,海南,0.22229915353988627,0.08999709312082808,0.08999709312082806,VALIDATED_SAME_S_AND_NEXT_ALLOCATION_PAYOFF,0.13230206041905818
STATIC_NO_FEEDBACK_COUNTERFACTUAL,A_EQUAL_SHARE,23,21,重庆,0.29095644372514873,0.08999645921923952,0.08999645921923952,VALIDATED_SAME_S_AND_NEXT_ALLOCATION_PAYOFF,0.2009599845059092
STATIC_NO_FEEDBACK_COUNTERFACTUAL,A_EQUAL_SHARE,23,22,四川,0.31398179734059234,0.08999918330362135,0.08999918330362133,VALIDATED_SAME_S_AND_NEXT_ALLOCATION_PAYOFF,0.223982614036971
STATIC_NO_FEEDBACK_COUNTERFACTUAL,A_EQUAL_SHARE,23,23,贵州,0.26431147153212387,0.08999981724754323,0.0899998172475432,VALIDATED_SAME_S_AND_NEXT_ALLOCATION_PAYOFF,0.17431165428458062
STATIC_NO_FEEDBACK_COUNTERFACTUAL,A_EQUAL_SHARE,23,24,云南,0.19932692755138437,0.08999730138885395,0.08999730138885395,VALIDATED_SAME_S_AND_NEXT_ALLOCATION_PAYOFF,0.10932962616253042
STATIC_NO_FEEDBACK_COUNTERFACTUAL,A_EQUAL_SHARE,23,25,西藏,0.1582762693775988,0.08999536771000674,0.08999536771000675,VALIDATED_SAME_S_AND_NEXT_ALLOCATION_PAYOFF,0.06828090166759207
STATIC_NO_FEEDBACK_COUNTERFACTUAL,A_EQUAL_SHARE,23,26,陕西,0.21592923792419697,0.08999481981952213,0.08999481981952213,VALIDATED_SAME_S_AND_NEXT_ALLOCATION_PAYOFF,0.12593441810467482
STATIC_NO_FEEDBACK_COUNTERFACTUAL,A_EQUAL_SHARE,23,27,甘肃,0.21365097532808663,0.09,0.09,VALIDATED_SAME_S_AND_NEXT_ALLOCATION_PAYOFF,0.12365097532808664
STATIC_NO_FEEDBACK_COUNTERFACTUAL,A_EQUAL_SHARE,23,28,青海,0.11196368135239836,0.08818948538781822,0.08818948538781822,VALIDATED_SAME_S_AND_NEXT_ALLOCATION_PAYOFF,0.023774195964580136
STATIC_NO_FEEDBACK_COUNTERFACTUAL,A_EQUAL_SHARE,23,29,宁夏,0.12740492034955475,0.08999042486707812,0.08999042486707812,VALIDATED_SAME_S_AND_NEXT_ALLOCATION_PAYOFF,0.037414495482476634
STATIC_NO_FEEDBACK_COUNTERFACTUAL,A_EQUAL_SHARE,23,30,新疆,0.16993118941177626,0.08999438059105758,0.08999438059105758,VALIDATED_SAME_S_AND_NEXT_ALLOCATION_PAYOFF,0.07993680882071869
STATIC_NO_FEEDBACK_COUNTERFACTUAL,A_EQUAL_SHARE,24,0,北京,0.38146051477919773,0.08999011040323655,0.08999011040323647,VALIDATED_SAME_S_AND_NEXT_ALLOCATION_PAYOFF,0.29147040437596117
STATIC_NO_FEEDBACK_COUNTERFACTUAL,A_EQUAL_SHARE,24,1,天津,0.15788497889898367,0.08997836945109883,0.08997836945109891,VALIDATED_SAME_S_AND_NEXT_ALLOCATION_PAYOFF,0.06790660944788485
STATIC_NO_FEEDBACK_COUNTERFACTUAL,A_EQUAL_SHARE,24,2,河北,0.18634949943448179,0.08999687531947473,0.08999687531947484,VALIDATED_SAME_S_AND_NEXT_ALLOCATION_PAYOFF,0.09635262411500706
STATIC_NO_FEEDBACK_COUNTERFACTUAL,A_EQUAL_SHARE,24,3,山西,0.19543367513373072,0.08999689940745167,0.08999689940745167,VALIDATED_SAME_S_AND_NEXT_ALLOCATION_PAYOFF,0.10543677572627905
STATIC_NO_FEEDBACK_COUNTERFACTUAL,A_EQUAL_SHARE,24,4,内蒙古,0.1398906000847534,0.08998590343616611,0.08998590343616601,VALIDATED_SAME_S_AND_NEXT_ALLOCATION_PAYOFF,0.04990469664858729
STATIC_NO_FEEDBACK_COUNTERFACTUAL,A_EQUAL_SHARE,24,5,辽宁,0.1721731236367361,0.08999352909598167,0.08999352909598175,VALIDATED_SAME_S_AND_NEXT_ALLOCATION_PAYOFF,0.08217959454075442
STATIC_NO_FEEDBACK_COUNTERFACTUAL,A_EQUAL_SHARE,24,6,吉林,0.11558407232079321,0.08999016550369231,0.08999016550369239,VALIDATED_SAME_S_AND_NEXT_ALLOCATION_PAYOFF,0.0255939068171009
STATIC_NO_FEEDBACK_COUNTERFACTUAL,A_EQUAL_SHARE,24,7,黑龙江,0.14046302307599304,0.08999554955012465,0.08999554955012459,VALIDATED_SAME_S_AND_NEXT_ALLOCATION_PAYOFF,0.05046747352586839
STATIC_NO_FEEDBACK_COUNTERFACTUAL,A_EQUAL_SHARE,24,8,上海,0.36784161648601515,0.08999015201684253,0.08999015201684246,VALIDATED_SAME_S_AND_NEXT_ALLOCATION_PAYOFF,0.27785146446917264
STATIC_NO_FEEDBACK_COUNTERFACTUAL,A_EQUAL_SHARE,24,9,江苏,0.30889592040053043,0.08999169578638168,0.0899916957863816,VALIDATED_SAME_S_AND_NEXT_ALLOCATION_PAYOFF,0.21890422461414877
STATIC_NO_FEEDBACK_COUNTERFACTUAL,A_EQUAL_SHARE,24,10,浙江,0.3186895509010947,0.08999422544939355,0.08999422544939355,VALIDATED_SAME_S_AND_NEXT_ALLOCATION_PAYOFF,0.22869532545170113
STATIC_NO_FEEDBACK_COUNTERFACTUAL,A_EQUAL_SHARE,24,11,安徽,0.3395992792378727,0.08999909235298773,0.08999909235298768,VALIDATED_SAME_S_AND_NEXT_ALLOCATION_PAYOFF,0.24960018688488497
STATIC_NO_FEEDBACK_COUNTERFACTUAL,A_EQUAL_SHARE,24,12,福建,0.2983759712704054,0.08999329076115851,0.08999329076115851,VALIDATED_SAME_S_AND_NEXT_ALLOCATION_PAYOFF,0.20838268050924685
STATIC_NO_FEEDBACK_COUNTERFACTUAL,A_EQUAL_SHARE,24,13,江西,0.30897017071215116,0.0899992332299643,0.0899992332299642,VALIDATED_SAME_S_AND_NEXT_ALLOCATION_PAYOFF,0.21897093748218688
STATIC_NO_FEEDBACK_COUNTERFACTUAL,A_EQUAL_SHARE,24,14,山东,0.2105566937040702,0.08999361583184298,0.08999361583184298,VALIDATED_SAME_S_AND_NEXT_ALLOCATION_PAYOFF,0.12056307787222723
STATIC_NO_FEEDBACK_COUNTERFACTUAL,A_EQUAL_SHARE,24,15,河南,0.19487735752112478,0.08999584234496207,0.08999584234496197,VALIDATED_SAME_S_AND_NEXT_ALLOCATION_PAYOFF,0.10488151517616272
STATIC_NO_FEEDBACK_COUNTERFACTUAL,A_EQUAL_SHARE,24,16,湖北,0.2800826529100477,0.0899957589881727,0.0899957589881727,VALIDATED_SAME_S_AND_NEXT_ALLOCATION_PAYOFF,0.190086893921875
STATIC_NO_FEEDBACK_COUNTERFACTUAL,A_EQUAL_SHARE,24,17,湖南,0.26200173083882683,0.08999756846125526,0.08999756846125526,VALIDATED_SAME_S_AND_NEXT_ALLOCATION_PAYOFF,0.17200416237757157
STATIC_NO_FEEDBACK_COUNTERFACTUAL,A_EQUAL_SHARE,24,18,广东,0.36552652511738465,0.08999677078931761,0.08999677078931755,VALIDATED_SAME_S_AND_NEXT_ALLOCATION_PAYOFF,0.27552975432806703
STATIC_NO_FEEDBACK_COUNTERFACTUAL,A_EQUAL_SHARE,24,19,广西,0.19150611594289257,0.0899978810944819,0.08999788109448192,VALIDATED_SAME_S_AND_NEXT_ALLOCATION_PAYOFF,0.10150823484841068
STATIC_NO_FEEDBACK_COUNTERFACTUAL,A_EQUAL_SHARE,24,20,海南,0.2222991535398871,0.08999709312082808,0.08999709312082806,VALIDATED_SAME_S_AND_NEXT_ALLOCATION_PAYOFF,0.132302060419059
STATIC_NO_FEEDBACK_COUNTERFACTUAL,A_EQUAL_SHARE,24,21,重庆,0.2909564437251495,0.08999645921923952,0.08999645921923952,VALIDATED_SAME_S_AND_NEXT_ALLOCATION_PAYOFF,0.20095998450591
STATIC_NO_FEEDBACK_COUNTERFACTUAL,A_EQUAL_SHARE,24,22,四川,0.3139817973405936,0.08999918330362135,0.08999918330362133,VALIDATED_SAME_S_AND_NEXT_ALLOCATION_PAYOFF,0.22398261403697228
STATIC_NO_FEEDBACK_COUNTERFACTUAL,A_EQUAL_SHARE,24,23,贵州,0.26431147153212486,0.08999981724754323,0.0899998172475432,VALIDATED_SAME_S_AND_NEXT_ALLOCATION_PAYOFF,0.17431165428458162
STATIC_NO_FEEDBACK_COUNTERFACTUAL,A_EQUAL_SHARE,24,24,云南,0.1993269275513849,0.08999730138885395,0.08999730138885395,VALIDATED_SAME_S_AND_NEXT_ALLOCATION_PAYOFF,0.10932962616253095
STATIC_NO_FEEDBACK_COUNTERFACTUAL,A_EQUAL_SHARE,24,25,西藏,0.1582762693775994,0.08999536771000674,0.08999536771000675,VALIDATED_SAME_S_AND_NEXT_ALLOCATION_PAYOFF,0.06828090166759265
STATIC_NO_FEEDBACK_COUNTERFACTUAL,A_EQUAL_SHARE,24,26,陕西,0.2159292379241976,0.08999481981952215,0.08999481981952215,VALIDATED_SAME_S_AND_NEXT_ALLOCATION_PAYOFF,0.12593441810467546
STATIC_NO_FEEDBACK_COUNTERFACTUAL,A_EQUAL_SHARE,24,27,甘肃,0.21365097532808747,0.09,0.09,VALIDATED_SAME_S_AND_NEXT_ALLOCATION_PAYOFF,0.12365097532808747
STATIC_NO_FEEDBACK_COUNTERFACTUAL,A_EQUAL_SHARE,24,28,青海,0.11196368135239877,0.08818948538781851,0.08818948538781851,VALIDATED_SAME_S_AND_NEXT_ALLOCATION_PAYOFF,0.02377419596458026
STATIC_NO_FEEDBACK_COUNTERFACTUAL,A_EQUAL_SHARE,24,29,宁夏,0.12740492034955522,0.08999042486707812,0.08999042486707812,VALIDATED_SAME_S_AND_NEXT_ALLOCATION_PAYOFF,0.037414495482477106
STATIC_NO_FEEDBACK_COUNTERFACTUAL,A_EQUAL_SHARE,24,30,新疆,0.16993118941177687,0.08999438059105758,0.08999438059105758,VALIDATED_SAME_S_AND_NEXT_ALLOCATION_PAYOFF,0.0799368088207193
STATIC_NO_FEEDBACK_COUNTERFACTUAL,A_EQUAL_SHARE,25,0,北京,0.3814605147791969,0.08999011040323655,,NOT_AVAILABLE_AUTHORIZED_CEILING,0.29147040437596033
STATIC_NO_FEEDBACK_COUNTERFACTUAL,A_EQUAL_SHARE,25,1,天津,0.15788497889898326,0.08997836945109881,,NOT_AVAILABLE_AUTHORIZED_CEILING,0.06790660944788444
STATIC_NO_FEEDBACK_COUNTERFACTUAL,A_EQUAL_SHARE,25,2,河北,0.1863494994344812,0.08999687531947473,,NOT_AVAILABLE_AUTHORIZED_CEILING,0.09635262411500647
STATIC_NO_FEEDBACK_COUNTERFACTUAL,A_EQUAL_SHARE,25,3,山西,0.1954336751337301,0.08999689940745167,,NOT_AVAILABLE_AUTHORIZED_CEILING,0.10543677572627844
STATIC_NO_FEEDBACK_COUNTERFACTUAL,A_EQUAL_SHARE,25,4,内蒙古,0.139890600084753,0.08998590343616611,,NOT_AVAILABLE_AUTHORIZED_CEILING,0.04990469664858688
STATIC_NO_FEEDBACK_COUNTERFACTUAL,A_EQUAL_SHARE,25,5,辽宁,0.1721731236367355,0.08999352909598167,,NOT_AVAILABLE_AUTHORIZED_CEILING,0.08217959454075384
STATIC_NO_FEEDBACK_COUNTERFACTUAL,A_EQUAL_SHARE,25,6,吉林,0.11558407232079278,0.08999016550369231,,NOT_AVAILABLE_AUTHORIZED_CEILING,0.02559390681710047
STATIC_NO_FEEDBACK_COUNTERFACTUAL,A_EQUAL_SHARE,25,7,黑龙江,0.14046302307599265,0.08999554955012465,,NOT_AVAILABLE_AUTHORIZED_CEILING,0.050467473525868
STATIC_NO_FEEDBACK_COUNTERFACTUAL,A_EQUAL_SHARE,25,8,上海,0.36784161648601427,0.08999015201684253,,NOT_AVAILABLE_AUTHORIZED_CEILING,0.27785146446917175
STATIC_NO_FEEDBACK_COUNTERFACTUAL,A_EQUAL_SHARE,25,9,江苏,0.30889592040052977,0.08999169578638168,,NOT_AVAILABLE_AUTHORIZED_CEILING,0.2189042246141481
STATIC_NO_FEEDBACK_COUNTERFACTUAL,A_EQUAL_SHARE,25,10,浙江,0.31868955090109397,0.08999422544939355,,NOT_AVAILABLE_AUTHORIZED_CEILING,0.2286953254517004
STATIC_NO_FEEDBACK_COUNTERFACTUAL,A_EQUAL_SHARE,25,11,安徽,0.3395992792378719,0.08999909235298773,,NOT_AVAILABLE_AUTHORIZED_CEILING,0.2496001868848842
STATIC_NO_FEEDBACK_COUNTERFACTUAL,A_EQUAL_SHARE,25,12,福建,0.2983759712704047,0.08999329076115851,,NOT_AVAILABLE_AUTHORIZED_CEILING,0.2083826805092462
STATIC_NO_FEEDBACK_COUNTERFACTUAL,A_EQUAL_SHARE,25,13,江西,0.3089701707121503,0.0899992332299643,,NOT_AVAILABLE_AUTHORIZED_CEILING,0.21897093748218605
STATIC_NO_FEEDBACK_COUNTERFACTUAL,A_EQUAL_SHARE,25,14,山东,0.2105566937040697,0.08999361583184298,,NOT_AVAILABLE_AUTHORIZED_CEILING,0.12056307787222673
STATIC_NO_FEEDBACK_COUNTERFACTUAL,A_EQUAL_SHARE,25,15,河南,0.19487735752112428,0.08999584234496207,,NOT_AVAILABLE_AUTHORIZED_CEILING,0.10488151517616222
STATIC_NO_FEEDBACK_COUNTERFACTUAL,A_EQUAL_SHARE,25,16,湖北,0.280082652910047,0.0899957589881727,,NOT_AVAILABLE_AUTHORIZED_CEILING,0.19008689392187433
STATIC_NO_FEEDBACK_COUNTERFACTUAL,A_EQUAL_SHARE,25,17,湖南,0.26200173083882616,0.08999756846125526,,NOT_AVAILABLE_AUTHORIZED_CEILING,0.1720041623775709
STATIC_NO_FEEDBACK_COUNTERFACTUAL,A_EQUAL_SHARE,25,18,广东,0.36552652511738387,0.0899967707893176,,NOT_AVAILABLE_AUTHORIZED_CEILING,0.27552975432806626
STATIC_NO_FEEDBACK_COUNTERFACTUAL,A_EQUAL_SHARE,25,19,广西,0.19150611594289207,0.0899978810944819,,NOT_AVAILABLE_AUTHORIZED_CEILING,0.10150823484841018
STATIC_NO_FEEDBACK_COUNTERFACTUAL,A_EQUAL_SHARE,25,20,海南,0.22229915353988655,0.08999709312082808,,NOT_AVAILABLE_AUTHORIZED_CEILING,0.13230206041905845
STATIC_NO_FEEDBACK_COUNTERFACTUAL,A_EQUAL_SHARE,25,21,重庆,0.29095644372514873,0.08999645921923952,,NOT_AVAILABLE_AUTHORIZED_CEILING,0.2009599845059092
STATIC_NO_FEEDBACK_COUNTERFACTUAL,A_EQUAL_SHARE,25,22,四川,0.31398179734059284,0.08999918330362135,,NOT_AVAILABLE_AUTHORIZED_CEILING,0.2239826140369715
STATIC_NO_FEEDBACK_COUNTERFACTUAL,A_EQUAL_SHARE,25,23,贵州,0.26431147153212425,0.08999981724754323,,NOT_AVAILABLE_AUTHORIZED_CEILING,0.174311654284581
STATIC_NO_FEEDBACK_COUNTERFACTUAL,A_EQUAL_SHARE,25,24,云南,0.19932692755138431,0.08999730138885395,,NOT_AVAILABLE_AUTHORIZED_CEILING,0.10932962616253036
STATIC_NO_FEEDBACK_COUNTERFACTUAL,A_EQUAL_SHARE,25,25,西藏,0.1582762693775989,0.08999536771000674,,NOT_AVAILABLE_AUTHORIZED_CEILING,0.06828090166759215
STATIC_NO_FEEDBACK_COUNTERFACTUAL,A_EQUAL_SHARE,25,26,陕西,0.21592923792419694,0.08999481981952213,,NOT_AVAILABLE_AUTHORIZED_CEILING,0.12593441810467482
STATIC_NO_FEEDBACK_COUNTERFACTUAL,A_EQUAL_SHARE,25,27,甘肃,0.2136509753280869,0.09,,NOT_AVAILABLE_AUTHORIZED_CEILING,0.12365097532808692
STATIC_NO_FEEDBACK_COUNTERFACTUAL,A_EQUAL_SHARE,25,28,青海,0.11196368135239843,0.08818948538781825,,NOT_AVAILABLE_AUTHORIZED_CEILING,0.023774195964580178
STATIC_NO_FEEDBACK_COUNTERFACTUAL,A_EQUAL_SHARE,25,29,宁夏,0.12740492034955486,0.08999042486707812,,NOT_AVAILABLE_AUTHORIZED_CEILING,0.037414495482476745
STATIC_NO_FEEDBACK_COUNTERFACTUAL,A_EQUAL_SHARE,25,30,新疆,0.16993118941177637,0.08999438059105758,,NOT_AVAILABLE_AUTHORIZED_CEILING,0.0799368088207188
STATIC_NO_FEEDBACK_COUNTERFACTUAL,B_GEOGRAPHIC_BETA2,1,0,北京,0.8951047990241244,0.08999999999999997,0.09,VALIDATED_SAME_S_AND_NEXT_ALLOCATION_PAYOFF,0.8051047990241245
STATIC_NO_FEEDBACK_COUNTERFACTUAL,B_GEOGRAPHIC_BETA2,1,1,天津,0.40511685922852797,0.08999999999999997,0.09000000000000001,VALIDATED_SAME_S_AND_NEXT_ALLOCATION_PAYOFF,0.315116859228528
STATIC_NO_FEEDBACK_COUNTERFACTUAL,B_GEOGRAPHIC_BETA2,1,2,河北,0.33682681151169935,0.09,0.09,VALIDATED_SAME_S_AND_NEXT_ALLOCATION_PAYOFF,0.24682681151169936
STATIC_NO_FEEDBACK_COUNTERFACTUAL,B_GEOGRAPHIC_BETA2,1,3,山西,0.4291478483179544,0.09,0.09,VALIDATED_SAME_S_AND_NEXT_ALLOCATION_PAYOFF,0.3391478483179544
STATIC_NO_FEEDBACK_COUNTERFACTUAL,B_GEOGRAPHIC_BETA2,1,4,内蒙古,0.3343835179213208,0.09000000000000002,0.09,VALIDATED_SAME_S_AND_NEXT_ALLOCATION_PAYOFF,0.2443835179213208
STATIC_NO_FEEDBACK_COUNTERFACTUAL,B_GEOGRAPHIC_BETA2,1,5,辽宁,0.35788915914936925,0.09000000000000001,0.09000000000000002,VALIDATED_SAME_S_AND_NEXT_ALLOCATION_PAYOFF,0.2678891591493692
STATIC_NO_FEEDBACK_COUNTERFACTUAL,B_GEOGRAPHIC_BETA2,1,6,吉林,0.2826739400149174,0.09000000000000001,0.09,VALIDATED_SAME_S_AND_NEXT_ALLOCATION_PAYOFF,0.1926739400149174
STATIC_NO_FEEDBACK_COUNTERFACTUAL,B_GEOGRAPHIC_BETA2,1,7,黑龙江,0.315792897526093,0.08999999999999998,0.08999999999999998,VALIDATED_SAME_S_AND_NEXT_ALLOCATION_PAYOFF,0.22579289752609305
STATIC_NO_FEEDBACK_COUNTERFACTUAL,B_GEOGRAPHIC_BETA2,1,8,上海,0.8436338107969247,0.09000000000000001,0.08999999999999998,VALIDATED_SAME_S_AND_NEXT_ALLOCATION_PAYOFF,0.7536338107969247
STATIC_NO_FEEDBACK_COUNTERFACTUAL,B_GEOGRAPHIC_BETA2,1,9,江苏,0.5309391086970456,0.09000000000000002,0.09,VALIDATED_SAME_S_AND_NEXT_ALLOCATION_PAYOFF,0.4409391086970456
STATIC_NO_FEEDBACK_COUNTERFACTUAL,B_GEOGRAPHIC_BETA2,1,10,浙江,0.585387220964732,0.09000000000000002,0.09,VALIDATED_SAME_S_AND_NEXT_ALLOCATION_PAYOFF,0.4953872209647319
STATIC_NO_FEEDBACK_COUNTERFACTUAL,B_GEOGRAPHIC_BETA2,1,11,安徽,0.6239080240565922,0.09,0.08999999999999998,VALIDATED_SAME_S_AND_NEXT_ALLOCATION_PAYOFF,0.5339080240565922
STATIC_NO_FEEDBACK_COUNTERFACTUAL,B_GEOGRAPHIC_BETA2,1,12,福建,0.612400758531959,0.09,0.09,VALIDATED_SAME_S_AND_NEXT_ALLOCATION_PAYOFF,0.522400758531959
STATIC_NO_FEEDBACK_COUNTERFACTUAL,B_GEOGRAPHIC_BETA2,1,13,江西,0.6163318073667522,0.08999999999999998,0.09,VALIDATED_SAME_S_AND_NEXT_ALLOCATION_PAYOFF,0.5263318073667522
STATIC_NO_FEEDBACK_COUNTERFACTUAL,B_GEOGRAPHIC_BETA2,1,14,山东,0.35334433320183295,0.08999999999999998,0.08999999999999997,VALIDATED_SAME_S_AND_NEXT_ALLOCATION_PAYOFF,0.263344333201833
STATIC_NO_FEEDBACK_COUNTERFACTUAL,B_GEOGRAPHIC_BETA2,1,15,河南,0.32804592118083026,0.08999999999999998,0.09,VALIDATED_SAME_S_AND_NEXT_ALLOCATION_PAYOFF,0.2380459211808303
STATIC_NO_FEEDBACK_COUNTERFACTUAL,B_GEOGRAPHIC_BETA2,1,16,湖北,0.5255285778404981,0.08999999999999997,0.09,VALIDATED_SAME_S_AND_NEXT_ALLOCATION_PAYOFF,0.43552857784049814
STATIC_NO_FEEDBACK_COUNTERFACTUAL,B_GEOGRAPHIC_BETA2,1,17,湖南,0.4775623850053351,0.09000000000000001,0.09,VALIDATED_SAME_S_AND_NEXT_ALLOCATION_PAYOFF,0.3875623850053351
STATIC_NO_FEEDBACK_COUNTERFACTUAL,B_GEOGRAPHIC_BETA2,1,18,广东,0.5549881090546146,0.09,0.09,VALIDATED_SAME_S_AND_NEXT_ALLOCATION_PAYOFF,0.46498810905461463
STATIC_NO_FEEDBACK_COUNTERFACTUAL,B_GEOGRAPHIC_BETA2,1,19,广西,0.38090963566299624,0.08999999999999997,0.08999999999999998,VALIDATED_SAME_S_AND_NEXT_ALLOCATION_PAYOFF,0.29090963566299627
STATIC_NO_FEEDBACK_COUNTERFACTUAL,B_GEOGRAPHIC_BETA2,1,20,海南,0.6734489815056439,0.08999999999999998,0.08999999999999998,VALIDATED_SAME_S_AND_NEXT_ALLOCATION_PAYOFF,0.583448981505644
STATIC_NO_FEEDBACK_COUNTERFACTUAL,B_GEOGRAPHIC_BETA2,1,21,重庆,0.6385985431144864,0.09000000000000001,0.08999999999999998,VALIDATED_SAME_S_AND_NEXT_ALLOCATION_PAYOFF,0.5485985431144864
STATIC_NO_FEEDBACK_COUNTERFACTUAL,B_GEOGRAPHIC_BETA2,1,22,四川,0.5301703013356037,0.09,0.09000000000000001,VALIDATED_SAME_S_AND_NEXT_ALLOCATION_PAYOFF,0.44017030133560375
STATIC_NO_FEEDBACK_COUNTERFACTUAL,B_GEOGRAPHIC_BETA2,1,23,贵州,0.5570443031272924,0.09000000000000001,0.09,VALIDATED_SAME_S_AND_NEXT_ALLOCATION_PAYOFF,0.46704430312729234
STATIC_NO_FEEDBACK_COUNTERFACTUAL,B_GEOGRAPHIC_BETA2,1,24,云南,0.4037818827188449,0.08999999999999998,0.09000000000000001,VALIDATED_SAME_S_AND_NEXT_ALLOCATION_PAYOFF,0.31378188271884494
STATIC_NO_FEEDBACK_COUNTERFACTUAL,B_GEOGRAPHIC_BETA2,1,25,西藏,0.6268193076948068,0.09,0.09,VALIDATED_SAME_S_AND_NEXT_ALLOCATION_PAYOFF,0.5368193076948068
STATIC_NO_FEEDBACK_COUNTERFACTUAL,B_GEOGRAPHIC_BETA2,1,26,陕西,0.4544982462398813,0.09,0.09,VALIDATED_SAME_S_AND_NEXT_ALLOCATION_PAYOFF,0.36449824623988125
STATIC_NO_FEEDBACK_COUNTERFACTUAL,B_GEOGRAPHIC_BETA2,1,27,甘肃,0.5077975242704716,0.09,0.09,VALIDATED_SAME_S_AND_NEXT_ALLOCATION_PAYOFF,0.4177975242704717
STATIC_NO_FEEDBACK_COUNTERFACTUAL,B_GEOGRAPHIC_BETA2,1,28,青海,0.36949073815753725,0.09,0.09,VALIDATED_SAME_S_AND_NEXT_ALLOCATION_PAYOFF,0.2794907381575372
STATIC_NO_FEEDBACK_COUNTERFACTUAL,B_GEOGRAPHIC_BETA2,1,29,宁夏,0.41304347656460016,0.09,0.09,VALIDATED_SAME_S_AND_NEXT_ALLOCATION_PAYOFF,0.3230434765646002
STATIC_NO_FEEDBACK_COUNTERFACTUAL,B_GEOGRAPHIC_BETA2,1,30,新疆,0.4009777871328596,0.09,0.09,VALIDATED_SAME_S_AND_NEXT_ALLOCATION_PAYOFF,0.3109777871328596
STATIC_NO_FEEDBACK_COUNTERFACTUAL,B_GEOGRAPHIC_BETA2,2,0,北京,1.0098558562250008,0.08999999999999997,0.09,VALIDATED_SAME_S_AND_NEXT_ALLOCATION_PAYOFF,0.9198558562250009
STATIC_NO_FEEDBACK_COUNTERFACTUAL,B_GEOGRAPHIC_BETA2,2,1,天津,0.4338067715366341,0.08999999999999997,0.09000000000000001,VALIDATED_SAME_S_AND_NEXT_ALLOCATION_PAYOFF,0.34380677153663414
STATIC_NO_FEEDBACK_COUNTERFACTUAL,B_GEOGRAPHIC_BETA2,2,2,河北,0.3509056233523299,0.09,0.09,VALIDATED_SAME_S_AND_NEXT_ALLOCATION_PAYOFF,0.2609056233523299
STATIC_NO_FEEDBACK_COUNTERFACTUAL,B_GEOGRAPHIC_BETA2,2,3,山西,0.45615537148135366,0.09,0.09,VALIDATED_SAME_S_AND_NEXT_ALLOCATION_PAYOFF,0.3661553714813537
STATIC_NO_FEEDBACK_COUNTERFACTUAL,B_GEOGRAPHIC_BETA2,2,4,内蒙古,0.35372659021222586,0.09000000000000002,0.09,VALIDATED_SAME_S_AND_NEXT_ALLOCATION_PAYOFF,0.26372659021222583
STATIC_NO_FEEDBACK_COUNTERFACTUAL,B_GEOGRAPHIC_BETA2,2,5,辽宁,0.37678184023971806,0.09000000000000001,0.09000000000000002,VALIDATED_SAME_S_AND_NEXT_ALLOCATION_PAYOFF,0.28678184023971803
STATIC_NO_FEEDBACK_COUNTERFACTUAL,B_GEOGRAPHIC_BETA2,2,6,吉林,0.2953984972969346,0.09000000000000001,0.09,VALIDATED_SAME_S_AND_NEXT_ALLOCATION_PAYOFF,0.2053984972969346
STATIC_NO_FEEDBACK_COUNTERFACTUAL,B_GEOGRAPHIC_BETA2,2,7,黑龙江,0.33173024443267857,0.08999999999999998,0.08999999999999998,VALIDATED_SAME_S_AND_NEXT_ALLOCATION_PAYOFF,0.2417302444326786
STATIC_NO_FEEDBACK_COUNTERFACTUAL,B_GEOGRAPHIC_BETA2,2,8,上海,0.9431471922259792,0.09000000000000001,0.08999999999999998,VALIDATED_SAME_S_AND_NEXT_ALLOCATION_PAYOFF,0.8531471922259792
STATIC_NO_FEEDBACK_COUNTERFACTUAL,B_GEOGRAPHIC_BETA2,2,9,江苏,0.561549371920359,0.09000000000000002,0.09,VALIDATED_SAME_S_AND_NEXT_ALLOCATION_PAYOFF,0.471549371920359
STATIC_NO_FEEDBACK_COUNTERFACTUAL,B_GEOGRAPHIC_BETA2,2,10,浙江,0.6251311041498201,0.09000000000000002,0.09,VALIDATED_SAME_S_AND_NEXT_ALLOCATION_PAYOFF,0.5351311041498201
STATIC_NO_FEEDBACK_COUNTERFACTUAL,B_GEOGRAPHIC_BETA2,2,11,安徽,0.6686888187969536,0.09,0.08999999999999998,VALIDATED_SAME_S_AND_NEXT_ALLOCATION_PAYOFF,0.5786888187969537
STATIC_NO_FEEDBACK_COUNTERFACTUAL,B_GEOGRAPHIC_BETA2,2,12,福建,0.6609726609930858,0.09,0.09,VALIDATED_SAME_S_AND_NEXT_ALLOCATION_PAYOFF,0.5709726609930859
STATIC_NO_FEEDBACK_COUNTERFACTUAL,B_GEOGRAPHIC_BETA2,2,13,江西,0.6642760681240621,0.08999999999999998,0.09,VALIDATED_SAME_S_AND_NEXT_ALLOCATION_PAYOFF,0.5742760681240622
STATIC_NO_FEEDBACK_COUNTERFACTUAL,B_GEOGRAPHIC_BETA2,2,14,山东,0.3674893407093587,0.08999999999999998,0.08999999999999997,VALIDATED_SAME_S_AND_NEXT_ALLOCATION_PAYOFF,0.2774893407093587
STATIC_NO_FEEDBACK_COUNTERFACTUAL,B_GEOGRAPHIC_BETA2,2,15,河南,0.34025405926641644,0.08999999999999998,0.09,VALIDATED_SAME_S_AND_NEXT_ALLOCATION_PAYOFF,0.2502540592664165
STATIC_NO_FEEDBACK_COUNTERFACTUAL,B_GEOGRAPHIC_BETA2,2,16,湖北,0.5587403559823888,0.08999999999999997,0.09,VALIDATED_SAME_S_AND_NEXT_ALLOCATION_PAYOFF,0.46874035598238883
STATIC_NO_FEEDBACK_COUNTERFACTUAL,B_GEOGRAPHIC_BETA2,2,17,湖南,0.5043194311663686,0.09000000000000001,0.09,VALIDATED_SAME_S_AND_NEXT_ALLOCATION_PAYOFF,0.41431943116636855
STATIC_NO_FEEDBACK_COUNTERFACTUAL,B_GEOGRAPHIC_BETA2,2,18,广东,0.5825555104830276,0.09,0.09,VALIDATED_SAME_S_AND_NEXT_ALLOCATION_PAYOFF,0.4925555104830276
STATIC_NO_FEEDBACK_COUNTERFACTUAL,B_GEOGRAPHIC_BETA2,2,19,广西,0.40062977931976546,0.08999999999999997,0.08999999999999998,VALIDATED_SAME_S_AND_NEXT_ALLOCATION_PAYOFF,0.3106297793197655
STATIC_NO_FEEDBACK_COUNTERFACTUAL,B_GEOGRAPHIC_BETA2,2,20,海南,0.7317580393423203,0.08999999999999998,0.08999999999999998,VALIDATED_SAME_S_AND_NEXT_ALLOCATION_PAYOFF,0.6417580393423203
STATIC_NO_FEEDBACK_COUNTERFACTUAL,B_GEOGRAPHIC_BETA2,2,21,重庆,0.6947194957344379,0.09000000000000001,0.08999999999999998,VALIDATED_SAME_S_AND_NEXT_ALLOCATION_PAYOFF,0.604719495734438
STATIC_NO_FEEDBACK_COUNTERFACTUAL,B_GEOGRAPHIC_BETA2,2,22,四川,0.5596266933512466,0.09,0.09000000000000001,VALIDATED_SAME_S_AND_NEXT_ALLOCATION_PAYOFF,0.4696266933512466
STATIC_NO_FEEDBACK_COUNTERFACTUAL,B_GEOGRAPHIC_BETA2,2,23,贵州,0.5987517047814547,0.09000000000000001,0.09,VALIDATED_SAME_S_AND_NEXT_ALLOCATION_PAYOFF,0.5087517047814547
STATIC_NO_FEEDBACK_COUNTERFACTUAL,B_GEOGRAPHIC_BETA2,2,24,云南,0.42594388161070723,0.08999999999999998,0.09000000000000001,VALIDATED_SAME_S_AND_NEXT_ALLOCATION_PAYOFF,0.33594388161070726
STATIC_NO_FEEDBACK_COUNTERFACTUAL,B_GEOGRAPHIC_BETA2,2,25,西藏,0.6858239969292305,0.09,0.09,VALIDATED_SAME_S_AND_NEXT_ALLOCATION_PAYOFF,0.5958239969292305
STATIC_NO_FEEDBACK_COUNTERFACTUAL,B_GEOGRAPHIC_BETA2,2,26,陕西,0.48343006895648044,0.09,0.09,VALIDATED_SAME_S_AND_NEXT_ALLOCATION_PAYOFF,0.39343006895648047
STATIC_NO_FEEDBACK_COUNTERFACTUAL,B_GEOGRAPHIC_BETA2,2,27,甘肃,0.5345349410437978,0.09,0.09,VALIDATED_SAME_S_AND_NEXT_ALLOCATION_PAYOFF,0.44453494104379787
STATIC_NO_FEEDBACK_COUNTERFACTUAL,B_GEOGRAPHIC_BETA2,2,28,青海,0.38673567468559994,0.09,0.09,VALIDATED_SAME_S_AND_NEXT_ALLOCATION_PAYOFF,0.2967356746855999
STATIC_NO_FEEDBACK_COUNTERFACTUAL,B_GEOGRAPHIC_BETA2,2,29,宁夏,0.43558066691676534,0.09,0.09,VALIDATED_SAME_S_AND_NEXT_ALLOCATION_PAYOFF,0.34558066691676537
STATIC_NO_FEEDBACK_COUNTERFACTUAL,B_GEOGRAPHIC_BETA2,2,30,新疆,0.42659419611664817,0.09,0.09,VALIDATED_SAME_S_AND_NEXT_ALLOCATION_PAYOFF,0.3365941961166482
STATIC_NO_FEEDBACK_COUNTERFACTUAL,B_GEOGRAPHIC_BETA2,3,0,北京,1.0316611431753064,0.08999999999999997,0.09,VALIDATED_SAME_S_AND_NEXT_ALLOCATION_PAYOFF,0.9416611431753065
STATIC_NO_FEEDBACK_COUNTERFACTUAL,B_GEOGRAPHIC_BETA2,3,1,天津,0.4366488278698275,0.08999999999999997,0.09000000000000001,VALIDATED_SAME_S_AND_NEXT_ALLOCATION_PAYOFF,0.34664882786982754
STATIC_NO_FEEDBACK_COUNTERFACTUAL,B_GEOGRAPHIC_BETA2,3,2,河北,0.3519023276074429,0.09,0.09,VALIDATED_SAME_S_AND_NEXT_ALLOCATION_PAYOFF,0.2619023276074429
STATIC_NO_FEEDBACK_COUNTERFACTUAL,B_GEOGRAPHIC_BETA2,3,3,山西,0.45858915393691885,0.09,0.09,VALIDATED_SAME_S_AND_NEXT_ALLOCATION_PAYOFF,0.3685891539369188
STATIC_NO_FEEDBACK_COUNTERFACTUAL,B_GEOGRAPHIC_BETA2,3,4,内蒙古,0.3554168621872993,0.09000000000000002,0.09,VALIDATED_SAME_S_AND_NEXT_ALLOCATION_PAYOFF,0.26541686218729926
STATIC_NO_FEEDBACK_COUNTERFACTUAL,B_GEOGRAPHIC_BETA2,3,5,辽宁,0.3783023200063817,0.09000000000000001,0.09000000000000002,VALIDATED_SAME_S_AND_NEXT_ALLOCATION_PAYOFF,0.2883023200063817
STATIC_NO_FEEDBACK_COUNTERFACTUAL,B_GEOGRAPHIC_BETA2,3,6,吉林,0.29667995240835865,0.09000000000000001,0.09,VALIDATED_SAME_S_AND_NEXT_ALLOCATION_PAYOFF,0.20667995240835862
STATIC_NO_FEEDBACK_COUNTERFACTUAL,B_GEOGRAPHIC_BETA2,3,7,黑龙江,0.3331176249885357,0.08999999999999998,0.08999999999999998,VALIDATED_SAME_S_AND_NEXT_ALLOCATION_PAYOFF,0.24311762498853573
STATIC_NO_FEEDBACK_COUNTERFACTUAL,B_GEOGRAPHIC_BETA2,3,8,上海,0.960820480934495,0.09000000000000001,0.08999999999999998,VALIDATED_SAME_S_AND_NEXT_ALLOCATION_PAYOFF,0.870820480934495
STATIC_NO_FEEDBACK_COUNTERFACTUAL,B_GEOGRAPHIC_BETA2,3,9,江苏,0.5648786799921701,0.09000000000000002,0.09,VALIDATED_SAME_S_AND_NEXT_ALLOCATION_PAYOFF,0.4748786799921701
STATIC_NO_FEEDBACK_COUNTERFACTUAL,B_GEOGRAPHIC_BETA2,3,10,浙江,0.629860122479662,0.09000000000000002,0.09,VALIDATED_SAME_S_AND_NEXT_ALLOCATION_PAYOFF,0.539860122479662
STATIC_NO_FEEDBACK_COUNTERFACTUAL,B_GEOGRAPHIC_BETA2,3,11,安徽,0.6742657677794436,0.09,0.08999999999999998,VALIDATED_SAME_S_AND_NEXT_ALLOCATION_PAYOFF,0.5842657677794436
STATIC_NO_FEEDBACK_COUNTERFACTUAL,B_GEOGRAPHIC_BETA2,3,12,福建,0.6671142871308223,0.09,0.09,VALIDATED_SAME_S_AND_NEXT_ALLOCATION_PAYOFF,0.5771142871308224
STATIC_NO_FEEDBACK_COUNTERFACTUAL,B_GEOGRAPHIC_BETA2,3,13,江西,0.6702568976845973,0.08999999999999998,0.09,VALIDATED_SAME_S_AND_NEXT_ALLOCATION_PAYOFF,0.5802568976845973
STATIC_NO_FEEDBACK_COUNTERFACTUAL,B_GEOGRAPHIC_BETA2,3,14,山东,0.3686015945377834,0.08999999999999998,0.08999999999999997,VALIDATED_SAME_S_AND_NEXT_ALLOCATION_PAYOFF,0.27860159453778344
STATIC_NO_FEEDBACK_COUNTERFACTUAL,B_GEOGRAPHIC_BETA2,3,15,河南,0.34111547909780043,0.08999999999999998,0.09,VALIDATED_SAME_S_AND_NEXT_ALLOCATION_PAYOFF,0.25111547909780046
STATIC_NO_FEEDBACK_COUNTERFACTUAL,B_GEOGRAPHIC_BETA2,3,16,湖北,0.5622964800710267,0.08999999999999997,0.09,VALIDATED_SAME_S_AND_NEXT_ALLOCATION_PAYOFF,0.47229648007102676
STATIC_NO_FEEDBACK_COUNTERFACTUAL,B_GEOGRAPHIC_BETA2,3,17,湖南,0.5069079086473176,0.09000000000000001,0.09,VALIDATED_SAME_S_AND_NEXT_ALLOCATION_PAYOFF,0.4169079086473176
STATIC_NO_FEEDBACK_COUNTERFACTUAL,B_GEOGRAPHIC_BETA2,3,18,广东,0.585571021184611,0.09,0.09,VALIDATED_SAME_S_AND_NEXT_ALLOCATION_PAYOFF,0.49557102118461105
STATIC_NO_FEEDBACK_COUNTERFACTUAL,B_GEOGRAPHIC_BETA2,3,19,广西,0.4022065119980028,0.08999999999999997,0.08999999999999998,VALIDATED_SAME_S_AND_NEXT_ALLOCATION_PAYOFF,0.3122065119980028
STATIC_NO_FEEDBACK_COUNTERFACTUAL,B_GEOGRAPHIC_BETA2,3,20,海南,0.7395420888410743,0.08999999999999998,0.08999999999999998,VALIDATED_SAME_S_AND_NEXT_ALLOCATION_PAYOFF,0.6495420888410743
STATIC_NO_FEEDBACK_COUNTERFACTUAL,B_GEOGRAPHIC_BETA2,3,21,重庆,0.7021049246117297,0.09000000000000001,0.08999999999999998,VALIDATED_SAME_S_AND_NEXT_ALLOCATION_PAYOFF,0.6121049246117297
STATIC_NO_FEEDBACK_COUNTERFACTUAL,B_GEOGRAPHIC_BETA2,3,22,四川,0.5627085337035518,0.09,0.09000000000000001,VALIDATED_SAME_S_AND_NEXT_ALLOCATION_PAYOFF,0.4727085337035518
STATIC_NO_FEEDBACK_COUNTERFACTUAL,B_GEOGRAPHIC_BETA2,3,23,贵州,0.6035063651397452,0.09000000000000001,0.09,VALIDATED_SAME_S_AND_NEXT_ALLOCATION_PAYOFF,0.5135063651397452
STATIC_NO_FEEDBACK_COUNTERFACTUAL,B_GEOGRAPHIC_BETA2,3,24,云南,0.427816318263458,0.08999999999999998,0.09000000000000001,VALIDATED_SAME_S_AND_NEXT_ALLOCATION_PAYOFF,0.33781631826345804
STATIC_NO_FEEDBACK_COUNTERFACTUAL,B_GEOGRAPHIC_BETA2,3,25,西藏,0.6934038459510927,0.09,0.09,VALIDATED_SAME_S_AND_NEXT_ALLOCATION_PAYOFF,0.6034038459510928
STATIC_NO_FEEDBACK_COUNTERFACTUAL,B_GEOGRAPHIC_BETA2,3,26,陕西,0.4861937266713058,0.09,0.09,VALIDATED_SAME_S_AND_NEXT_ALLOCATION_PAYOFF,0.3961937266713058
STATIC_NO_FEEDBACK_COUNTERFACTUAL,B_GEOGRAPHIC_BETA2,3,27,甘肃,0.5398566361040003,0.09,0.09,VALIDATED_SAME_S_AND_NEXT_ALLOCATION_PAYOFF,0.4498566361040003
STATIC_NO_FEEDBACK_COUNTERFACTUAL,B_GEOGRAPHIC_BETA2,3,28,青海,0.3883242007224637,0.09,0.09,VALIDATED_SAME_S_AND_NEXT_ALLOCATION_PAYOFF,0.2983242007224637
STATIC_NO_FEEDBACK_COUNTERFACTUAL,B_GEOGRAPHIC_BETA2,3,29,宁夏,0.43759157870040266,0.09,0.09,VALIDATED_SAME_S_AND_NEXT_ALLOCATION_PAYOFF,0.3475915787004027
STATIC_NO_FEEDBACK_COUNTERFACTUAL,B_GEOGRAPHIC_BETA2,3,30,新疆,0.42882108059550395,0.09,0.09,VALIDATED_SAME_S_AND_NEXT_ALLOCATION_PAYOFF,0.338821080595504
STATIC_NO_FEEDBACK_COUNTERFACTUAL,B_GEOGRAPHIC_BETA2,4,0,北京,1.037811238406538,0.08999999999999997,0.09,VALIDATED_SAME_S_AND_NEXT_ALLOCATION_PAYOFF,0.9478112384065381
STATIC_NO_FEEDBACK_COUNTERFACTUAL,B_GEOGRAPHIC_BETA2,4,1,天津,0.4378189405539856,0.08999999999999997,0.09000000000000001,VALIDATED_SAME_S_AND_NEXT_ALLOCATION_PAYOFF,0.34781894055398566
STATIC_NO_FEEDBACK_COUNTERFACTUAL,B_GEOGRAPHIC_BETA2,4,2,河北,0.3526798678765202,0.09,0.09,VALIDATED_SAME_S_AND_NEXT_ALLOCATION_PAYOFF,0.2626798678765202
STATIC_NO_FEEDBACK_COUNTERFACTUAL,B_GEOGRAPHIC_BETA2,4,3,山西,0.4597091268117276,0.09,0.09,VALIDATED_SAME_S_AND_NEXT_ALLOCATION_PAYOFF,0.36970912681172763
STATIC_NO_FEEDBACK_COUNTERFACTUAL,B_GEOGRAPHIC_BETA2,4,4,内蒙古,0.3562940505661208,0.09000000000000002,0.09,VALIDATED_SAME_S_AND_NEXT_ALLOCATION_PAYOFF,0.26629405056612077
STATIC_NO_FEEDBACK_COUNTERFACTUAL,B_GEOGRAPHIC_BETA2,4,5,辽宁,0.37918421627310667,0.09000000000000001,0.09000000000000002,VALIDATED_SAME_S_AND_NEXT_ALLOCATION_PAYOFF,0.28918421627310664
STATIC_NO_FEEDBACK_COUNTERFACTUAL,B_GEOGRAPHIC_BETA2,4,6,吉林,0.29740437921350826,0.09000000000000001,0.09,VALIDATED_SAME_S_AND_NEXT_ALLOCATION_PAYOFF,0.20740437921350824
STATIC_NO_FEEDBACK_COUNTERFACTUAL,B_GEOGRAPHIC_BETA2,4,7,黑龙江,0.33391419408886697,0.08999999999999998,0.08999999999999998,VALIDATED_SAME_S_AND_NEXT_ALLOCATION_PAYOFF,0.243914194088867
STATIC_NO_FEEDBACK_COUNTERFACTUAL,B_GEOGRAPHIC_BETA2,4,8,上海,0.9658158297220468,0.09000000000000001,0.08999999999999998,VALIDATED_SAME_S_AND_NEXT_ALLOCATION_PAYOFF,0.8758158297220469
STATIC_NO_FEEDBACK_COUNTERFACTUAL,B_GEOGRAPHIC_BETA2,4,9,江苏,0.5663426817355297,0.09000000000000002,0.09,VALIDATED_SAME_S_AND_NEXT_ALLOCATION_PAYOFF,0.4763426817355297
STATIC_NO_FEEDBACK_COUNTERFACTUAL,B_GEOGRAPHIC_BETA2,4,10,浙江,0.6316402777696725,0.09000000000000002,0.09,VALIDATED_SAME_S_AND_NEXT_ALLOCATION_PAYOFF,0.5416402777696725
STATIC_NO_FEEDBACK_COUNTERFACTUAL,B_GEOGRAPHIC_BETA2,4,11,安徽,0.6762578419442214,0.09,0.08999999999999998,VALIDATED_SAME_S_AND_NEXT_ALLOCATION_PAYOFF,0.5862578419442215
STATIC_NO_FEEDBACK_COUNTERFACTUAL,B_GEOGRAPHIC_BETA2,4,12,福建,0.6691709608085048,0.09,0.09,VALIDATED_SAME_S_AND_NEXT_ALLOCATION_PAYOFF,0.5791709608085048
STATIC_NO_FEEDBACK_COUNTERFACTUAL,B_GEOGRAPHIC_BETA2,4,13,江西,0.6722889602949683,0.08999999999999998,0.09,VALIDATED_SAME_S_AND_NEXT_ALLOCATION_PAYOFF,0.5822889602949683
STATIC_NO_FEEDBACK_COUNTERFACTUAL,B_GEOGRAPHIC_BETA2,4,14,山东,0.36943602779098295,0.08999999999999998,0.08999999999999997,VALIDATED_SAME_S_AND_NEXT_ALLOCATION_PAYOFF,0.279436027790983
STATIC_NO_FEEDBACK_COUNTERFACTUAL,B_GEOGRAPHIC_BETA2,4,15,河南,0.3418635114057113,0.08999999999999998,0.09,VALIDATED_SAME_S_AND_NEXT_ALLOCATION_PAYOFF,0.25186351140571134
STATIC_NO_FEEDBACK_COUNTERFACTUAL,B_GEOGRAPHIC_BETA2,4,16,湖北,0.5637684799734367,0.08999999999999997,0.09,VALIDATED_SAME_S_AND_NEXT_ALLOCATION_PAYOFF,0.47376847997343674
STATIC_NO_FEEDBACK_COUNTERFACTUAL,B_GEOGRAPHIC_BETA2,4,17,湖南,0.5081457877910067,0.09000000000000001,0.09,VALIDATED_SAME_S_AND_NEXT_ALLOCATION_PAYOFF,0.4181457877910067
STATIC_NO_FEEDBACK_COUNTERFACTUAL,B_GEOGRAPHIC_BETA2,4,18,广东,0.5870324896323488,0.09,0.09,VALIDATED_SAME_S_AND_NEXT_ALLOCATION_PAYOFF,0.4970324896323488
STATIC_NO_FEEDBACK_COUNTERFACTUAL,B_GEOGRAPHIC_BETA2,4,19,广西,0.40312648915362465,0.08999999999999997,0.08999999999999998,VALIDATED_SAME_S_AND_NEXT_ALLOCATION_PAYOFF,0.3131264891536247
STATIC_NO_FEEDBACK_COUNTERFACTUAL,B_GEOGRAPHIC_BETA2,4,20,海南,0.7420230994037315,0.08999999999999998,0.08999999999999998,VALIDATED_SAME_S_AND_NEXT_ALLOCATION_PAYOFF,0.6520230994037315
STATIC_NO_FEEDBACK_COUNTERFACTUAL,B_GEOGRAPHIC_BETA2,4,21,重庆,0.7044377961957944,0.09000000000000001,0.08999999999999998,VALIDATED_SAME_S_AND_NEXT_ALLOCATION_PAYOFF,0.6144377961957944
STATIC_NO_FEEDBACK_COUNTERFACTUAL,B_GEOGRAPHIC_BETA2,4,22,四川,0.5641324302312101,0.09,0.09000000000000001,VALIDATED_SAME_S_AND_NEXT_ALLOCATION_PAYOFF,0.4741324302312101
STATIC_NO_FEEDBACK_COUNTERFACTUAL,B_GEOGRAPHIC_BETA2,4,23,贵州,0.6052225029785189,0.09000000000000001,0.09,VALIDATED_SAME_S_AND_NEXT_ALLOCATION_PAYOFF,0.5152225029785189
STATIC_NO_FEEDBACK_COUNTERFACTUAL,B_GEOGRAPHIC_BETA2,4,24,云南,0.42882004299453963,0.08999999999999998,0.09000000000000001,VALIDATED_SAME_S_AND_NEXT_ALLOCATION_PAYOFF,0.33882004299453966
STATIC_NO_FEEDBACK_COUNTERFACTUAL,B_GEOGRAPHIC_BETA2,4,25,西藏,0.6957276599326756,0.09,0.09,VALIDATED_SAME_S_AND_NEXT_ALLOCATION_PAYOFF,0.6057276599326756
STATIC_NO_FEEDBACK_COUNTERFACTUAL,B_GEOGRAPHIC_BETA2,4,26,陕西,0.4874126122371153,0.09,0.09,VALIDATED_SAME_S_AND_NEXT_ALLOCATION_PAYOFF,0.3974126122371153
STATIC_NO_FEEDBACK_COUNTERFACTUAL,B_GEOGRAPHIC_BETA2,4,27,甘肃,0.5412823806568701,0.09,0.09,VALIDATED_SAME_S_AND_NEXT_ALLOCATION_PAYOFF,0.4512823806568701
STATIC_NO_FEEDBACK_COUNTERFACTUAL,B_GEOGRAPHIC_BETA2,4,28,青海,0.38923978032825424,0.09,0.09,VALIDATED_SAME_S_AND_NEXT_ALLOCATION_PAYOFF,0.29923978032825427
STATIC_NO_FEEDBACK_COUNTERFACTUAL,B_GEOGRAPHIC_BETA2,4,29,宁夏,0.43863828044715103,0.09,0.09,VALIDATED_SAME_S_AND_NEXT_ALLOCATION_PAYOFF,0.34863828044715106
STATIC_NO_FEEDBACK_COUNTERFACTUAL,B_GEOGRAPHIC_BETA2,4,30,新疆,0.4298607619145218,0.09,0.09,VALIDATED_SAME_S_AND_NEXT_ALLOCATION_PAYOFF,0.33986076191452186
STATIC_NO_FEEDBACK_COUNTERFACTUAL,B_GEOGRAPHIC_BETA2,5,0,北京,0.3592172757750451,0.08999546980109556,0.08999546980109559,VALIDATED_SAME_S_AND_NEXT_ALLOCATION_PAYOFF,0.2692218059739495
STATIC_NO_FEEDBACK_COUNTERFACTUAL,B_GEOGRAPHIC_BETA2,5,1,天津,0.15643434304662784,0.0899905467179407,0.08999054671794074,VALIDATED_SAME_S_AND_NEXT_ALLOCATION_PAYOFF,0.06644379632868715
STATIC_NO_FEEDBACK_COUNTERFACTUAL,B_GEOGRAPHIC_BETA2,5,2,河北,0.18359645495207927,0.08999857659247291,0.08999857659247291,VALIDATED_SAME_S_AND_NEXT_ALLOCATION_PAYOFF,0.09359787835960635
STATIC_NO_FEEDBACK_COUNTERFACTUAL,B_GEOGRAPHIC_BETA2,5,3,山西,0.19240683738943876,0.08999837317560494,0.08999837317560495,VALIDATED_SAME_S_AND_NEXT_ALLOCATION_PAYOFF,0.10240846421383382
STATIC_NO_FEEDBACK_COUNTERFACTUAL,B_GEOGRAPHIC_BETA2,5,4,内蒙古,0.13812560470007726,0.08999160517249276,0.08999160517249273,VALIDATED_SAME_S_AND_NEXT_ALLOCATION_PAYOFF,0.0481339995275845
STATIC_NO_FEEDBACK_COUNTERFACTUAL,B_GEOGRAPHIC_BETA2,5,5,辽宁,0.16918906691789906,0.08999742384365612,0.08999742384365612,VALIDATED_SAME_S_AND_NEXT_ALLOCATION_PAYOFF,0.07919164307424294
STATIC_NO_FEEDBACK_COUNTERFACTUAL,B_GEOGRAPHIC_BETA2,5,6,吉林,0.1151811054591008,0.08999604811922732,0.0899960481192273,VALIDATED_SAME_S_AND_NEXT_ALLOCATION_PAYOFF,0.025185057339873487
STATIC_NO_FEEDBACK_COUNTERFACTUAL,B_GEOGRAPHIC_BETA2,5,7,黑龙江,0.13936279098698384,0.08999809520077909,0.08999809520077907,VALIDATED_SAME_S_AND_NEXT_ALLOCATION_PAYOFF,0.049364695786204754
STATIC_NO_FEEDBACK_COUNTERFACTUAL,B_GEOGRAPHIC_BETA2,5,8,上海,0.3502297544553925,0.08999663020293326,0.08999663020293323,VALIDATED_SAME_S_AND_NEXT_ALLOCATION_PAYOFF,0.26023312425245926
STATIC_NO_FEEDBACK_COUNTERFACTUAL,B_GEOGRAPHIC_BETA2,5,9,江苏,0.29780373411431543,0.08999703537397592,0.0899970353739759,VALIDATED_SAME_S_AND_NEXT_ALLOCATION_PAYOFF,0.20780669874033952
STATIC_NO_FEEDBACK_COUNTERFACTUAL,B_GEOGRAPHIC_BETA2,5,10,浙江,0.30639496967704044,0.08999799609125993,0.08999799609125989,VALIDATED_SAME_S_AND_NEXT_ALLOCATION_PAYOFF,0.21639697358578053
STATIC_NO_FEEDBACK_COUNTERFACTUAL,B_GEOGRAPHIC_BETA2,5,11,安徽,0.3239547730467054,0.0899996529013833,0.08999965290138329,VALIDATED_SAME_S_AND_NEXT_ALLOCATION_PAYOFF,0.2339551201453221
STATIC_NO_FEEDBACK_COUNTERFACTUAL,B_GEOGRAPHIC_BETA2,5,12,福建,0.2887098934085144,0.08999759279669593,0.08999759279669593,VALIDATED_SAME_S_AND_NEXT_ALLOCATION_PAYOFF,0.19871230061181844
STATIC_NO_FEEDBACK_COUNTERFACTUAL,B_GEOGRAPHIC_BETA2,5,13,江西,0.2960221760752484,0.0899997035119973,0.08999970351199732,VALIDATED_SAME_S_AND_NEXT_ALLOCATION_PAYOFF,0.20602247256325107
STATIC_NO_FEEDBACK_COUNTERFACTUAL,B_GEOGRAPHIC_BETA2,5,14,山东,0.20655982942323858,0.08999732035824237,0.08999732035824236,VALIDATED_SAME_S_AND_NEXT_ALLOCATION_PAYOFF,0.11656250906499621
STATIC_NO_FEEDBACK_COUNTERFACTUAL,B_GEOGRAPHIC_BETA2,5,15,河南,0.1918652584523531,0.0899980540893193,0.08999805408931931,VALIDATED_SAME_S_AND_NEXT_ALLOCATION_PAYOFF,0.10186720436303381
STATIC_NO_FEEDBACK_COUNTERFACTUAL,B_GEOGRAPHIC_BETA2,5,16,湖北,0.2711409607036148,0.08999821176131494,0.08999821176131495,VALIDATED_SAME_S_AND_NEXT_ALLOCATION_PAYOFF,0.18114274894229987
STATIC_NO_FEEDBACK_COUNTERFACTUAL,B_GEOGRAPHIC_BETA2,5,17,湖南,0.2544005708020725,0.08999894824174084,0.08999894824174082,VALIDATED_SAME_S_AND_NEXT_ALLOCATION_PAYOFF,0.16440162256033167
STATIC_NO_FEEDBACK_COUNTERFACTUAL,B_GEOGRAPHIC_BETA2,5,18,广东,0.3469965113237944,0.08999866510674709,0.0899986651067471,VALIDATED_SAME_S_AND_NEXT_ALLOCATION_PAYOFF,0.2569978462170473
STATIC_NO_FEEDBACK_COUNTERFACTUAL,B_GEOGRAPHIC_BETA2,5,19,广西,0.1875351947186635,0.08999894562055061,0.08999894562055062,VALIDATED_SAME_S_AND_NEXT_ALLOCATION_PAYOFF,0.0975362490981129
STATIC_NO_FEEDBACK_COUNTERFACTUAL,B_GEOGRAPHIC_BETA2,5,20,海南,0.21849068020397686,0.08999868153875298,0.089998681538753,VALIDATED_SAME_S_AND_NEXT_ALLOCATION_PAYOFF,0.12849199866522387
STATIC_NO_FEEDBACK_COUNTERFACTUAL,B_GEOGRAPHIC_BETA2,5,21,重庆,0.28048637119501274,0.08999779207138267,0.08999779207138266,VALIDATED_SAME_S_AND_NEXT_ALLOCATION_PAYOFF,0.19048857912363007
STATIC_NO_FEEDBACK_COUNTERFACTUAL,B_GEOGRAPHIC_BETA2,5,22,四川,0.3009208700510909,0.08999938995401907,0.0899993899540191,VALIDATED_SAME_S_AND_NEXT_ALLOCATION_PAYOFF,0.21092148009707185
STATIC_NO_FEEDBACK_COUNTERFACTUAL,B_GEOGRAPHIC_BETA2,5,23,贵州,0.2564055137180756,0.08999989584007025,0.08999989584007023,VALIDATED_SAME_S_AND_NEXT_ALLOCATION_PAYOFF,0.16640561787800534
STATIC_NO_FEEDBACK_COUNTERFACTUAL,B_GEOGRAPHIC_BETA2,5,24,云南,0.1965492658587101,0.08999816711962645,0.08999816711962647,VALIDATED_SAME_S_AND_NEXT_ALLOCATION_PAYOFF,0.10655109873908365
STATIC_NO_FEEDBACK_COUNTERFACTUAL,B_GEOGRAPHIC_BETA2,5,25,西藏,0.15727853895503707,0.08999404704334286,0.08999404704334286,VALIDATED_SAME_S_AND_NEXT_ALLOCATION_PAYOFF,0.06728449191169421
STATIC_NO_FEEDBACK_COUNTERFACTUAL,B_GEOGRAPHIC_BETA2,5,26,陕西,0.21069933732994656,0.0899968696695184,0.0899968696695184,VALIDATED_SAME_S_AND_NEXT_ALLOCATION_PAYOFF,0.12070246766042815
STATIC_NO_FEEDBACK_COUNTERFACTUAL,B_GEOGRAPHIC_BETA2,5,27,甘肃,0.20793835266330807,0.09,0.09,VALIDATED_SAME_S_AND_NEXT_ALLOCATION_PAYOFF,0.11793835266330807
STATIC_NO_FEEDBACK_COUNTERFACTUAL,B_GEOGRAPHIC_BETA2,5,28,青海,0.11048158315647279,0.08882462637030578,0.08882462637030578,VALIDATED_SAME_S_AND_NEXT_ALLOCATION_PAYOFF,0.02165695678616701
STATIC_NO_FEEDBACK_COUNTERFACTUAL,B_GEOGRAPHIC_BETA2,5,29,宁夏,0.1269055909813774,0.0899926508976432,0.0899926508976432,VALIDATED_SAME_S_AND_NEXT_ALLOCATION_PAYOFF,0.036912940083734205
STATIC_NO_FEEDBACK_COUNTERFACTUAL,B_GEOGRAPHIC_BETA2,5,30,新疆,0.1671011464281865,0.08999230639822449,0.08999230639822449,VALIDATED_SAME_S_AND_NEXT_ALLOCATION_PAYOFF,0.077108840029962
STATIC_NO_FEEDBACK_COUNTERFACTUAL,B_GEOGRAPHIC_BETA2,6,0,北京,0.38407240312512114,0.08999999999999997,0.09,VALIDATED_SAME_S_AND_NEXT_ALLOCATION_PAYOFF,0.2940724031251212
STATIC_NO_FEEDBACK_COUNTERFACTUAL,B_GEOGRAPHIC_BETA2,6,1,天津,0.15794230585971752,0.08999999999999997,0.09000000000000001,VALIDATED_SAME_S_AND_NEXT_ALLOCATION_PAYOFF,0.06794230585971756
STATIC_NO_FEEDBACK_COUNTERFACTUAL,B_GEOGRAPHIC_BETA2,6,2,河北,0.18889843395368783,0.09,0.09,VALIDATED_SAME_S_AND_NEXT_ALLOCATION_PAYOFF,0.09889843395368783
STATIC_NO_FEEDBACK_COUNTERFACTUAL,B_GEOGRAPHIC_BETA2,6,3,山西,0.19255265080974426,0.09,0.09,VALIDATED_SAME_S_AND_NEXT_ALLOCATION_PAYOFF,0.10255265080974427
STATIC_NO_FEEDBACK_COUNTERFACTUAL,B_GEOGRAPHIC_BETA2,6,4,内蒙古,0.13848567725063154,0.09000000000000002,0.09,VALIDATED_SAME_S_AND_NEXT_ALLOCATION_PAYOFF,0.04848567725063152
STATIC_NO_FEEDBACK_COUNTERFACTUAL,B_GEOGRAPHIC_BETA2,6,5,辽宁,0.1702307281584457,0.09000000000000001,0.09000000000000002,VALIDATED_SAME_S_AND_NEXT_ALLOCATION_PAYOFF,0.08023072815844569
STATIC_NO_FEEDBACK_COUNTERFACTUAL,B_GEOGRAPHIC_BETA2,6,6,吉林,0.11555564439788775,0.09000000000000001,0.09,VALIDATED_SAME_S_AND_NEXT_ALLOCATION_PAYOFF,0.02555564439788774
STATIC_NO_FEEDBACK_COUNTERFACTUAL,B_GEOGRAPHIC_BETA2,6,7,黑龙江,0.13831277967215314,0.08999999999999998,0.08999999999999998,VALIDATED_SAME_S_AND_NEXT_ALLOCATION_PAYOFF,0.04831277967215315
STATIC_NO_FEEDBACK_COUNTERFACTUAL,B_GEOGRAPHIC_BETA2,6,8,上海,0.3734536232052941,0.09000000000000001,0.08999999999999998,VALIDATED_SAME_S_AND_NEXT_ALLOCATION_PAYOFF,0.2834536232052941
STATIC_NO_FEEDBACK_COUNTERFACTUAL,B_GEOGRAPHIC_BETA2,6,9,江苏,0.314474322829222,0.09000000000000002,0.09,VALIDATED_SAME_S_AND_NEXT_ALLOCATION_PAYOFF,0.22447432282922197
STATIC_NO_FEEDBACK_COUNTERFACTUAL,B_GEOGRAPHIC_BETA2,6,10,浙江,0.3238605075652261,0.09000000000000002,0.09,VALIDATED_SAME_S_AND_NEXT_ALLOCATION_PAYOFF,0.23386050756522608
STATIC_NO_FEEDBACK_COUNTERFACTUAL,B_GEOGRAPHIC_BETA2,6,11,安徽,0.3436599274053675,0.09,0.08999999999999998,VALIDATED_SAME_S_AND_NEXT_ALLOCATION_PAYOFF,0.25365992740536747
STATIC_NO_FEEDBACK_COUNTERFACTUAL,B_GEOGRAPHIC_BETA2,6,12,福建,0.3034836821358193,0.09,0.09,VALIDATED_SAME_S_AND_NEXT_ALLOCATION_PAYOFF,0.21348368213581928
STATIC_NO_FEEDBACK_COUNTERFACTUAL,B_GEOGRAPHIC_BETA2,6,13,江西,0.30602490174045366,0.08999999999999998,0.09,VALIDATED_SAME_S_AND_NEXT_ALLOCATION_PAYOFF,0.2160249017404537
STATIC_NO_FEEDBACK_COUNTERFACTUAL,B_GEOGRAPHIC_BETA2,6,14,山东,0.21375292849529207,0.08999999999999998,0.08999999999999997,VALIDATED_SAME_S_AND_NEXT_ALLOCATION_PAYOFF,0.12375292849529208
STATIC_NO_FEEDBACK_COUNTERFACTUAL,B_GEOGRAPHIC_BETA2,6,15,河南,0.1978957569930047,0.08999999999999998,0.09,VALIDATED_SAME_S_AND_NEXT_ALLOCATION_PAYOFF,0.10789575699300473
STATIC_NO_FEEDBACK_COUNTERFACTUAL,B_GEOGRAPHIC_BETA2,6,16,湖北,0.2841710772167218,0.08999999999999997,0.09,VALIDATED_SAME_S_AND_NEXT_ALLOCATION_PAYOFF,0.19417107721672183
STATIC_NO_FEEDBACK_COUNTERFACTUAL,B_GEOGRAPHIC_BETA2,6,17,湖南,0.265706476387296,0.09000000000000001,0.09,VALIDATED_SAME_S_AND_NEXT_ALLOCATION_PAYOFF,0.17570647638729597
STATIC_NO_FEEDBACK_COUNTERFACTUAL,B_GEOGRAPHIC_BETA2,6,18,广东,0.37099711522394285,0.09,0.09,VALIDATED_SAME_S_AND_NEXT_ALLOCATION_PAYOFF,0.2809971152239429
STATIC_NO_FEEDBACK_COUNTERFACTUAL,B_GEOGRAPHIC_BETA2,6,19,广西,0.18761044686478062,0.08999999999999997,0.08999999999999998,VALIDATED_SAME_S_AND_NEXT_ALLOCATION_PAYOFF,0.09761044686478065
STATIC_NO_FEEDBACK_COUNTERFACTUAL,B_GEOGRAPHIC_BETA2,6,20,海南,0.22452438282348106,0.08999999999999998,0.08999999999999998,VALIDATED_SAME_S_AND_NEXT_ALLOCATION_PAYOFF,0.13452438282348106
STATIC_NO_FEEDBACK_COUNTERFACTUAL,B_GEOGRAPHIC_BETA2,6,21,重庆,0.28754659072683747,0.09000000000000001,0.08999999999999998,VALIDATED_SAME_S_AND_NEXT_ALLOCATION_PAYOFF,0.19754659072683745
STATIC_NO_FEEDBACK_COUNTERFACTUAL,B_GEOGRAPHIC_BETA2,6,22,四川,0.31782836233370065,0.09,0.09000000000000001,VALIDATED_SAME_S_AND_NEXT_ALLOCATION_PAYOFF,0.22782836233370066
STATIC_NO_FEEDBACK_COUNTERFACTUAL,B_GEOGRAPHIC_BETA2,6,23,贵州,0.2600673463190446,0.09000000000000001,0.09,VALIDATED_SAME_S_AND_NEXT_ALLOCATION_PAYOFF,0.17006734631904458
STATIC_NO_FEEDBACK_COUNTERFACTUAL,B_GEOGRAPHIC_BETA2,6,24,云南,0.19751027300379043,0.08999999999999998,0.09000000000000001,VALIDATED_SAME_S_AND_NEXT_ALLOCATION_PAYOFF,0.10751027300379044
STATIC_NO_FEEDBACK_COUNTERFACTUAL,B_GEOGRAPHIC_BETA2,6,25,西藏,0.15973295268489557,0.09,0.09,VALIDATED_SAME_S_AND_NEXT_ALLOCATION_PAYOFF,0.06973295268489557
STATIC_NO_FEEDBACK_COUNTERFACTUAL,B_GEOGRAPHIC_BETA2,6,26,陕西,0.2137838037133225,0.09,0.09,VALIDATED_SAME_S_AND_NEXT_ALLOCATION_PAYOFF,0.12378380371332251
STATIC_NO_FEEDBACK_COUNTERFACTUAL,B_GEOGRAPHIC_BETA2,6,27,甘肃,0.21234507104286945,0.09,0.09,VALIDATED_SAME_S_AND_NEXT_ALLOCATION_PAYOFF,0.12234507104286946
STATIC_NO_FEEDBACK_COUNTERFACTUAL,B_GEOGRAPHIC_BETA2,6,28,青海,0.11286632025410749,0.09,0.09,VALIDATED_SAME_S_AND_NEXT_ALLOCATION_PAYOFF,0.022866320254107494
STATIC_NO_FEEDBACK_COUNTERFACTUAL,B_GEOGRAPHIC_BETA2,6,29,宁夏,0.12952109483305735,0.09,0.09,VALIDATED_SAME_S_AND_NEXT_ALLOCATION_PAYOFF,0.03952109483305735
STATIC_NO_FEEDBACK_COUNTERFACTUAL,B_GEOGRAPHIC_BETA2,6,30,新疆,0.16635498712489255,0.09,0.09,VALIDATED_SAME_S_AND_NEXT_ALLOCATION_PAYOFF,0.07635498712489255
STATIC_NO_FEEDBACK_COUNTERFACTUAL,B_GEOGRAPHIC_BETA2,7,0,北京,0.3795916354056014,0.08999301965203844,0.08999301965203846,VALIDATED_SAME_S_AND_NEXT_ALLOCATION_PAYOFF,0.289598615753563
STATIC_NO_FEEDBACK_COUNTERFACTUAL,B_GEOGRAPHIC_BETA2,7,1,天津,0.15736440664215778,0.08998543392916188,0.08998543392916192,VALIDATED_SAME_S_AND_NEXT_ALLOCATION_PAYOFF,0.06737897271299591
STATIC_NO_FEEDBACK_COUNTERFACTUAL,B_GEOGRAPHIC_BETA2,7,2,河北,0.1859157211617592,0.08999780674534612,0.08999780674534612,VALIDATED_SAME_S_AND_NEXT_ALLOCATION_PAYOFF,0.09591791441641308
STATIC_NO_FEEDBACK_COUNTERFACTUAL,B_GEOGRAPHIC_BETA2,7,3,山西,0.19329628597712678,0.08999749331087013,0.08999749331087015,VALIDATED_SAME_S_AND_NEXT_ALLOCATION_PAYOFF,0.10329879266625665
STATIC_NO_FEEDBACK_COUNTERFACTUAL,B_GEOGRAPHIC_BETA2,7,4,内蒙古,0.1379315309010047,0.08998706484675086,0.08998706484675083,VALIDATED_SAME_S_AND_NEXT_ALLOCATION_PAYOFF,0.047944466054253856
STATIC_NO_FEEDBACK_COUNTERFACTUAL,B_GEOGRAPHIC_BETA2,7,5,辽宁,0.1720946725259909,0.08999603053462706,0.08999603053462706,VALIDATED_SAME_S_AND_NEXT_ALLOCATION_PAYOFF,0.08209864199136384
STATIC_NO_FEEDBACK_COUNTERFACTUAL,B_GEOGRAPHIC_BETA2,7,6,吉林,0.11507399249485686,0.08999391075238022,0.08999391075238021,VALIDATED_SAME_S_AND_NEXT_ALLOCATION_PAYOFF,0.02508008174247664
STATIC_NO_FEEDBACK_COUNTERFACTUAL,B_GEOGRAPHIC_BETA2,7,7,黑龙江,0.13839946779644746,0.0899970649939132,0.08999706499391319,VALIDATED_SAME_S_AND_NEXT_ALLOCATION_PAYOFF,0.04840240280253426
STATIC_NO_FEEDBACK_COUNTERFACTUAL,B_GEOGRAPHIC_BETA2,7,8,上海,0.3690562009270759,0.08999480765489949,0.08999480765489946,VALIDATED_SAME_S_AND_NEXT_ALLOCATION_PAYOFF,0.27906139327217644
STATIC_NO_FEEDBACK_COUNTERFACTUAL,B_GEOGRAPHIC_BETA2,7,9,江苏,0.31008042743393166,0.08999543196189382,0.08999543196189379,VALIDATED_SAME_S_AND_NEXT_ALLOCATION_PAYOFF,0.22008499547203786
STATIC_NO_FEEDBACK_COUNTERFACTUAL,B_GEOGRAPHIC_BETA2,7,10,浙江,0.31946714832195383,0.08999691228120793,0.0899969122812079,VALIDATED_SAME_S_AND_NEXT_ALLOCATION_PAYOFF,0.2294702360407459
STATIC_NO_FEEDBACK_COUNTERFACTUAL,B_GEOGRAPHIC_BETA2,7,11,安徽,0.3389787105739811,0.08999946517378758,0.08999946517378757,VALIDATED_SAME_S_AND_NEXT_ALLOCATION_PAYOFF,0.2489792454001935
STATIC_NO_FEEDBACK_COUNTERFACTUAL,B_GEOGRAPHIC_BETA2,7,12,福建,0.2995743226076766,0.08999629086558204,0.08999629086558204,VALIDATED_SAME_S_AND_NEXT_ALLOCATION_PAYOFF,0.20957803174209455
STATIC_NO_FEEDBACK_COUNTERFACTUAL,B_GEOGRAPHIC_BETA2,7,13,江西,0.3094428596944492,0.08999954315705141,0.08999954315705141,VALIDATED_SAME_S_AND_NEXT_ALLOCATION_PAYOFF,0.21944331653739776
STATIC_NO_FEEDBACK_COUNTERFACTUAL,B_GEOGRAPHIC_BETA2,7,14,山东,0.210477877469165,0.08999587107933335,0.08999587107933334,VALIDATED_SAME_S_AND_NEXT_ALLOCATION_PAYOFF,0.12048200638983164
STATIC_NO_FEEDBACK_COUNTERFACTUAL,B_GEOGRAPHIC_BETA2,7,15,河南,0.1947780860378944,0.08999700164740226,0.08999700164740228,VALIDATED_SAME_S_AND_NEXT_ALLOCATION_PAYOFF,0.10478108439049214
STATIC_NO_FEEDBACK_COUNTERFACTUAL,B_GEOGRAPHIC_BETA2,7,16,湖北,0.28024408275304014,0.0899972445959828,0.08999724459598281,VALIDATED_SAME_S_AND_NEXT_ALLOCATION_PAYOFF,0.19024683815705734
STATIC_NO_FEEDBACK_COUNTERFACTUAL,B_GEOGRAPHIC_BETA2,7,17,湖南,0.2618967892559399,0.08999837940038058,0.08999837940038057,VALIDATED_SAME_S_AND_NEXT_ALLOCATION_PAYOFF,0.17189840985555932
STATIC_NO_FEEDBACK_COUNTERFACTUAL,B_GEOGRAPHIC_BETA2,7,18,广东,0.3655556829160827,0.08999794313238924,0.08999794313238925,VALIDATED_SAME_S_AND_NEXT_ALLOCATION_PAYOFF,0.27555773978369347
STATIC_NO_FEEDBACK_COUNTERFACTUAL,B_GEOGRAPHIC_BETA2,7,19,广西,0.19216260481570174,0.08999837536152486,0.08999837536152487,VALIDATED_SAME_S_AND_NEXT_ALLOCATION_PAYOFF,0.10216422945417689
STATIC_NO_FEEDBACK_COUNTERFACTUAL,B_GEOGRAPHIC_BETA2,7,20,海南,0.22224849831390273,0.08999796845161281,0.08999796845161281,VALIDATED_SAME_S_AND_NEXT_ALLOCATION_PAYOFF,0.1322505298622899
STATIC_NO_FEEDBACK_COUNTERFACTUAL,B_GEOGRAPHIC_BETA2,7,21,重庆,0.29152410195444667,0.08999659791758632,0.0899965979175863,VALIDATED_SAME_S_AND_NEXT_ALLOCATION_PAYOFF,0.20152750403686034
STATIC_NO_FEEDBACK_COUNTERFACTUAL,B_GEOGRAPHIC_BETA2,7,22,四川,0.31329643046101796,0.089999060011865,0.08999906001186501,VALIDATED_SAME_S_AND_NEXT_ALLOCATION_PAYOFF,0.22329737044915296
STATIC_NO_FEEDBACK_COUNTERFACTUAL,B_GEOGRAPHIC_BETA2,7,23,贵州,0.2612906112558075,0.08999983950537963,0.08999983950537963,VALIDATED_SAME_S_AND_NEXT_ALLOCATION_PAYOFF,0.17129077175042787
STATIC_NO_FEEDBACK_COUNTERFACTUAL,B_GEOGRAPHIC_BETA2,7,24,云南,0.19989694753260573,0.08999717580992597,0.089997175809926,VALIDATED_SAME_S_AND_NEXT_ALLOCATION_PAYOFF,0.10989977172267976
STATIC_NO_FEEDBACK_COUNTERFACTUAL,B_GEOGRAPHIC_BETA2,7,25,西藏,0.1572818983041715,0.08999082739858812,0.08999082739858812,VALIDATED_SAME_S_AND_NEXT_ALLOCATION_PAYOFF,0.06729107090558338
STATIC_NO_FEEDBACK_COUNTERFACTUAL,B_GEOGRAPHIC_BETA2,7,26,陕西,0.21640023676383552,0.08999517663651042,0.08999517663651041,VALIDATED_SAME_S_AND_NEXT_ALLOCATION_PAYOFF,0.1264050601273251
STATIC_NO_FEEDBACK_COUNTERFACTUAL,B_GEOGRAPHIC_BETA2,7,27,甘肃,0.2138620131786104,0.09,0.09,VALIDATED_SAME_S_AND_NEXT_ALLOCATION_PAYOFF,0.1238620131786104
STATIC_NO_FEEDBACK_COUNTERFACTUAL,B_GEOGRAPHIC_BETA2,7,28,青海,0.11084749249579705,0.0881889278830362,0.0881889278830362,VALIDATED_SAME_S_AND_NEXT_ALLOCATION_PAYOFF,0.022658564612760848
STATIC_NO_FEEDBACK_COUNTERFACTUAL,B_GEOGRAPHIC_BETA2,7,29,宁夏,0.12705510478328386,0.08998867615026673,0.08998867615026673,VALIDATED_SAME_S_AND_NEXT_ALLOCATION_PAYOFF,0.03706642863301712
STATIC_NO_FEEDBACK_COUNTERFACTUAL,B_GEOGRAPHIC_BETA2,7,30,新疆,0.1670054280739804,0.08998814532902336,0.08998814532902336,VALIDATED_SAME_S_AND_NEXT_ALLOCATION_PAYOFF,0.07701728274495703
STATIC_NO_FEEDBACK_COUNTERFACTUAL,B_GEOGRAPHIC_BETA2,8,0,北京,0.3806199102144368,0.0899930446783239,0.08999304467832392,VALIDATED_SAME_S_AND_NEXT_ALLOCATION_PAYOFF,0.2906268655361129
STATIC_NO_FEEDBACK_COUNTERFACTUAL,B_GEOGRAPHIC_BETA2,8,1,天津,0.15898137638968146,0.0899854861521526,0.08998548615215264,VALIDATED_SAME_S_AND_NEXT_ALLOCATION_PAYOFF,0.06899589023752886
STATIC_NO_FEEDBACK_COUNTERFACTUAL,B_GEOGRAPHIC_BETA2,8,2,河北,0.1864421156827909,0.08999781460871015,0.08999781460871015,VALIDATED_SAME_S_AND_NEXT_ALLOCATION_PAYOFF,0.09644430107408075
STATIC_NO_FEEDBACK_COUNTERFACTUAL,B_GEOGRAPHIC_BETA2,8,3,山西,0.19646931054726,0.0899975022979748,0.0899975022979748,VALIDATED_SAME_S_AND_NEXT_ALLOCATION_PAYOFF,0.10647180824928519
STATIC_NO_FEEDBACK_COUNTERFACTUAL,B_GEOGRAPHIC_BETA2,8,4,内蒙古,0.1397140431088278,0.08998711122249595,0.0899871112224959,VALIDATED_SAME_S_AND_NEXT_ALLOCATION_PAYOFF,0.04972693188633184
STATIC_NO_FEEDBACK_COUNTERFACTUAL,B_GEOGRAPHIC_BETA2,8,5,辽宁,0.17218884613003219,0.08999604476614877,0.08999604476614877,VALIDATED_SAME_S_AND_NEXT_ALLOCATION_PAYOFF,0.08219280136388342
STATIC_NO_FEEDBACK_COUNTERFACTUAL,B_GEOGRAPHIC_BETA2,8,6,吉林,0.11520957908717641,0.08999393258384908,0.08999393258384907,VALIDATED_SAME_S_AND_NEXT_ALLOCATION_PAYOFF,0.025215646503327332
STATIC_NO_FEEDBACK_COUNTERFACTUAL,B_GEOGRAPHIC_BETA2,8,7,黑龙江,0.14067904965234768,0.08999707551664081,0.0899970755166408,VALIDATED_SAME_S_AND_NEXT_ALLOCATION_PAYOFF,0.05068197413570687
STATIC_NO_FEEDBACK_COUNTERFACTUAL,B_GEOGRAPHIC_BETA2,8,8,上海,0.3700383247407476,0.0899948262707495,0.08999482627074948,VALIDATED_SAME_S_AND_NEXT_ALLOCATION_PAYOFF,0.2800434984699981
STATIC_NO_FEEDBACK_COUNTERFACTUAL,B_GEOGRAPHIC_BETA2,8,9,江苏,0.3108002346406326,0.08999544833944781,0.08999544833944778,VALIDATED_SAME_S_AND_NEXT_ALLOCATION_PAYOFF,0.2208047863011848
STATIC_NO_FEEDBACK_COUNTERFACTUAL,B_GEOGRAPHIC_BETA2,8,10,浙江,0.3202267935927009,0.0899969233514486,0.08999692335144857,VALIDATED_SAME_S_AND_NEXT_ALLOCATION_PAYOFF,0.2302298702412523
STATIC_NO_FEEDBACK_COUNTERFACTUAL,B_GEOGRAPHIC_BETA2,8,11,安徽,0.3397533808513325,0.08999946709127271,0.0899994670912727,VALIDATED_SAME_S_AND_NEXT_ALLOCATION_PAYOFF,0.2497539137600598
STATIC_NO_FEEDBACK_COUNTERFACTUAL,B_GEOGRAPHIC_BETA2,8,12,福建,0.30037011579528083,0.08999630416375246,0.08999630416375246,VALIDATED_SAME_S_AND_NEXT_ALLOCATION_PAYOFF,0.21037381163152838
STATIC_NO_FEEDBACK_COUNTERFACTUAL,B_GEOGRAPHIC_BETA2,8,13,江西,0.30967724746957126,0.08999954479494714,0.08999954479494714,VALIDATED_SAME_S_AND_NEXT_ALLOCATION_PAYOFF,0.2196777026746241
STATIC_NO_FEEDBACK_COUNTERFACTUAL,B_GEOGRAPHIC_BETA2,8,14,山东,0.21103889657070607,0.089995885882542,0.08999588588254197,VALIDATED_SAME_S_AND_NEXT_ALLOCATION_PAYOFF,0.12104301068816407
STATIC_NO_FEEDBACK_COUNTERFACTUAL,B_GEOGRAPHIC_BETA2,8,15,河南,0.19530110622760646,0.08999701239724288,0.08999701239724289,VALIDATED_SAME_S_AND_NEXT_ALLOCATION_PAYOFF,0.10530409383036358
STATIC_NO_FEEDBACK_COUNTERFACTUAL,B_GEOGRAPHIC_BETA2,8,16,湖北,0.28095525470783556,0.08999725447479226,0.08999725447479227,VALIDATED_SAME_S_AND_NEXT_ALLOCATION_PAYOFF,0.1909580002330433
STATIC_NO_FEEDBACK_COUNTERFACTUAL,B_GEOGRAPHIC_BETA2,8,17,湖南,0.26255851186336365,0.08999838521063372,0.0899983852106337,VALIDATED_SAME_S_AND_NEXT_ALLOCATION_PAYOFF,0.17256012665272993
STATIC_NO_FEEDBACK_COUNTERFACTUAL,B_GEOGRAPHIC_BETA2,8,18,广东,0.36624993490992,0.08999795050677176,0.08999795050677177,VALIDATED_SAME_S_AND_NEXT_ALLOCATION_PAYOFF,0.27625198440314824
STATIC_NO_FEEDBACK_COUNTERFACTUAL,B_GEOGRAPHIC_BETA2,8,19,广西,0.19202733057854637,0.0899983811862583,0.08999838118625832,VALIDATED_SAME_S_AND_NEXT_ALLOCATION_PAYOFF,0.10202894939228807
STATIC_NO_FEEDBACK_COUNTERFACTUAL,B_GEOGRAPHIC_BETA2,8,20,海南,0.2230121558306847,0.08999797573521962,0.08999797573521962,VALIDATED_SAME_S_AND_NEXT_ALLOCATION_PAYOFF,0.1330141800954651
STATIC_NO_FEEDBACK_COUNTERFACTUAL,B_GEOGRAPHIC_BETA2,8,21,重庆,0.2917641084102476,0.08999661011489885,0.08999661011489883,VALIDATED_SAME_S_AND_NEXT_ALLOCATION_PAYOFF,0.20176749829534874
STATIC_NO_FEEDBACK_COUNTERFACTUAL,B_GEOGRAPHIC_BETA2,8,22,四川,0.31398801315612834,0.08999906338195651,0.08999906338195653,VALIDATED_SAME_S_AND_NEXT_ALLOCATION_PAYOFF,0.22398894977417183
STATIC_NO_FEEDBACK_COUNTERFACTUAL,B_GEOGRAPHIC_BETA2,8,23,贵州,0.26570379232649144,0.0899998400807928,0.0899998400807928,VALIDATED_SAME_S_AND_NEXT_ALLOCATION_PAYOFF,0.17570395224569862
STATIC_NO_FEEDBACK_COUNTERFACTUAL,B_GEOGRAPHIC_BETA2,8,24,云南,0.19996048315703555,0.08999718593535058,0.0899971859353506,VALIDATED_SAME_S_AND_NEXT_ALLOCATION_PAYOFF,0.10996329722168496
STATIC_NO_FEEDBACK_COUNTERFACTUAL,B_GEOGRAPHIC_BETA2,8,25,西藏,0.1578852050120472,0.08999086028464803,0.08999086028464803,VALIDATED_SAME_S_AND_NEXT_ALLOCATION_PAYOFF,0.06789434472739916
STATIC_NO_FEEDBACK_COUNTERFACTUAL,B_GEOGRAPHIC_BETA2,8,26,陕西,0.2165330336603292,0.08999519392946949,0.08999519392946949,VALIDATED_SAME_S_AND_NEXT_ALLOCATION_PAYOFF,0.1265378397308597
STATIC_NO_FEEDBACK_COUNTERFACTUAL,B_GEOGRAPHIC_BETA2,8,27,甘肃,0.213941791064652,0.09,0.09,VALIDATED_SAME_S_AND_NEXT_ALLOCATION_PAYOFF,0.123941791064652
STATIC_NO_FEEDBACK_COUNTERFACTUAL,B_GEOGRAPHIC_BETA2,8,28,青海,0.11100498491566746,0.08819542102750946,0.08819542102750946,VALIDATED_SAME_S_AND_NEXT_ALLOCATION_PAYOFF,0.022809563888157997
STATIC_NO_FEEDBACK_COUNTERFACTUAL,B_GEOGRAPHIC_BETA2,8,29,宁夏,0.12718639207370605,0.08998871674908752,0.08998871674908752,VALIDATED_SAME_S_AND_NEXT_ALLOCATION_PAYOFF,0.037197675324618526
STATIC_NO_FEEDBACK_COUNTERFACTUAL,B_GEOGRAPHIC_BETA2,8,30,新疆,0.16959971129075693,0.08998818783097047,0.08998818783097047,VALIDATED_SAME_S_AND_NEXT_ALLOCATION_PAYOFF,0.07961152345978646
STATIC_NO_FEEDBACK_COUNTERFACTUAL,B_GEOGRAPHIC_BETA2,9,0,北京,0.38068499908821996,0.0899930416248597,0.08999304162485973,VALIDATED_SAME_S_AND_NEXT_ALLOCATION_PAYOFF,0.29069195746336024
STATIC_NO_FEEDBACK_COUNTERFACTUAL,B_GEOGRAPHIC_BETA2,9,1,天津,0.15877764695585056,0.08998547978041069,0.08998547978041072,VALIDATED_SAME_S_AND_NEXT_ALLOCATION_PAYOFF,0.06879216717543987
STATIC_NO_FEEDBACK_COUNTERFACTUAL,B_GEOGRAPHIC_BETA2,9,2,河北,0.18645933104879883,0.08999781364929887,0.08999781364929887,VALIDATED_SAME_S_AND_NEXT_ALLOCATION_PAYOFF,0.09646151739949996
STATIC_NO_FEEDBACK_COUNTERFACTUAL,B_GEOGRAPHIC_BETA2,9,3,山西,0.19606800862639698,0.08999750120145561,0.08999750120145561,VALIDATED_SAME_S_AND_NEXT_ALLOCATION_PAYOFF,0.10607050742494137
STATIC_NO_FEEDBACK_COUNTERFACTUAL,B_GEOGRAPHIC_BETA2,9,4,内蒙古,0.13947140376832529,0.08998710556417812,0.08998710556417809,VALIDATED_SAME_S_AND_NEXT_ALLOCATION_PAYOFF,0.04948429820414717
STATIC_NO_FEEDBACK_COUNTERFACTUAL,B_GEOGRAPHIC_BETA2,9,5,辽宁,0.1721962500956652,0.08999604302975676,0.08999604302975676,VALIDATED_SAME_S_AND_NEXT_ALLOCATION_PAYOFF,0.08220020706590843
STATIC_NO_FEEDBACK_COUNTERFACTUAL,B_GEOGRAPHIC_BETA2,9,6,吉林,0.11520123545312998,0.08999392992018537,0.08999392992018536,VALIDATED_SAME_S_AND_NEXT_ALLOCATION_PAYOFF,0.025207305532944604
STATIC_NO_FEEDBACK_COUNTERFACTUAL,B_GEOGRAPHIC_BETA2,9,7,黑龙江,0.14036185278524418,0.08999707423275982,0.08999707423275981,VALIDATED_SAME_S_AND_NEXT_ALLOCATION_PAYOFF,0.05036477855248436
STATIC_NO_FEEDBACK_COUNTERFACTUAL,B_GEOGRAPHIC_BETA2,9,8,上海,0.3701013552376319,0.08999482399942436,0.08999482399942434,VALIDATED_SAME_S_AND_NEXT_ALLOCATION_PAYOFF,0.2801065312382075
STATIC_NO_FEEDBACK_COUNTERFACTUAL,B_GEOGRAPHIC_BETA2,9,9,江苏,0.31083514483681013,0.0899954463412178,0.08999544634121777,VALIDATED_SAME_S_AND_NEXT_ALLOCATION_PAYOFF,0.22083969849559232
STATIC_NO_FEEDBACK_COUNTERFACTUAL,B_GEOGRAPHIC_BETA2,9,10,浙江,0.3202692793876234,0.0899969220007654,0.08999692200076537,VALIDATED_SAME_S_AND_NEXT_ALLOCATION_PAYOFF,0.230272357386858
STATIC_NO_FEEDBACK_COUNTERFACTUAL,B_GEOGRAPHIC_BETA2,9,11,安徽,0.3398055178226022,0.08999946685731981,0.0899994668573198,VALIDATED_SAME_S_AND_NEXT_ALLOCATION_PAYOFF,0.2498060509652824
STATIC_NO_FEEDBACK_COUNTERFACTUAL,B_GEOGRAPHIC_BETA2,9,12,福建,0.30041225231618096,0.08999630254123892,0.08999630254123892,VALIDATED_SAME_S_AND_NEXT_ALLOCATION_PAYOFF,0.21041594977494205
STATIC_NO_FEEDBACK_COUNTERFACTUAL,B_GEOGRAPHIC_BETA2,9,13,江西,0.3097016730732376,0.089999544595107,0.08999954459510702,VALIDATED_SAME_S_AND_NEXT_ALLOCATION_PAYOFF,0.2197021284781306
STATIC_NO_FEEDBACK_COUNTERFACTUAL,B_GEOGRAPHIC_BETA2,9,14,山东,0.2110554174381919,0.0899958840763983,0.08999588407639829,VALIDATED_SAME_S_AND_NEXT_ALLOCATION_PAYOFF,0.12105953336179359
STATIC_NO_FEEDBACK_COUNTERFACTUAL,B_GEOGRAPHIC_BETA2,9,15,河南,0.1953176977229329,0.08999701108565177,0.08999701108565178,VALIDATED_SAME_S_AND_NEXT_ALLOCATION_PAYOFF,0.10532068663728113
STATIC_NO_FEEDBACK_COUNTERFACTUAL,B_GEOGRAPHIC_BETA2,9,16,湖北,0.2809915278500203,0.08999725326947591,0.08999725326947593,VALIDATED_SAME_S_AND_NEXT_ALLOCATION_PAYOFF,0.19099427458054438
STATIC_NO_FEEDBACK_COUNTERFACTUAL,B_GEOGRAPHIC_BETA2,9,17,湖南,0.26259186787790467,0.0899983845017231,0.08999838450172307,VALIDATED_SAME_S_AND_NEXT_ALLOCATION_PAYOFF,0.17259348337618158
STATIC_NO_FEEDBACK_COUNTERFACTUAL,B_GEOGRAPHIC_BETA2,9,18,广东,0.36629491490143556,0.08999794960702125,0.08999794960702126,VALIDATED_SAME_S_AND_NEXT_ALLOCATION_PAYOFF,0.27629696529441433
STATIC_NO_FEEDBACK_COUNTERFACTUAL,B_GEOGRAPHIC_BETA2,9,19,广西,0.1919970737909986,0.08999838047558092,0.08999838047558094,VALIDATED_SAME_S_AND_NEXT_ALLOCATION_PAYOFF,0.10199869331541767
STATIC_NO_FEEDBACK_COUNTERFACTUAL,B_GEOGRAPHIC_BETA2,9,20,海南,0.22304573262629307,0.08999797484654468,0.08999797484654468,VALIDATED_SAME_S_AND_NEXT_ALLOCATION_PAYOFF,0.1330477577797484
STATIC_NO_FEEDBACK_COUNTERFACTUAL,B_GEOGRAPHIC_BETA2,9,21,重庆,0.2917933407598496,0.08999660862670128,0.08999660862670127,VALIDATED_SAME_S_AND_NEXT_ALLOCATION_PAYOFF,0.2017967321331483
STATIC_NO_FEEDBACK_COUNTERFACTUAL,B_GEOGRAPHIC_BETA2,9,22,四川,0.31403066342876756,0.08999906297077069,0.0899990629707707,VALIDATED_SAME_S_AND_NEXT_ALLOCATION_PAYOFF,0.22403160045799686
STATIC_NO_FEEDBACK_COUNTERFACTUAL,B_GEOGRAPHIC_BETA2,9,23,贵州,0.2652126486325548,0.08999984001058647,0.08999984001058647,VALIDATED_SAME_S_AND_NEXT_ALLOCATION_PAYOFF,0.1752128086219683
STATIC_NO_FEEDBACK_COUNTERFACTUAL,B_GEOGRAPHIC_BETA2,9,24,云南,0.19997474961549572,0.08999718469994465,0.08999718469994467,VALIDATED_SAME_S_AND_NEXT_ALLOCATION_PAYOFF,0.10997756491555107
STATIC_NO_FEEDBACK_COUNTERFACTUAL,B_GEOGRAPHIC_BETA2,9,25,西藏,0.1578998885080541,0.08999085627221054,0.08999085627221053,VALIDATED_SAME_S_AND_NEXT_ALLOCATION_PAYOFF,0.06790903223584355
STATIC_NO_FEEDBACK_COUNTERFACTUAL,B_GEOGRAPHIC_BETA2,9,26,陕西,0.2165465789097292,0.08999519181955064,0.08999519181955064,VALIDATED_SAME_S_AND_NEXT_ALLOCATION_PAYOFF,0.12655138709017855
STATIC_NO_FEEDBACK_COUNTERFACTUAL,B_GEOGRAPHIC_BETA2,9,27,甘肃,0.21394461543801674,0.09,0.09,VALIDATED_SAME_S_AND_NEXT_ALLOCATION_PAYOFF,0.12394461543801674
STATIC_NO_FEEDBACK_COUNTERFACTUAL,B_GEOGRAPHIC_BETA2,9,28,青海,0.11099544371084308,0.08819462879710914,0.08819462879710914,VALIDATED_SAME_S_AND_NEXT_ALLOCATION_PAYOFF,0.02280081491373394
STATIC_NO_FEEDBACK_COUNTERFACTUAL,B_GEOGRAPHIC_BETA2,9,29,宁夏,0.12717880383002883,0.08998871179561388,0.08998871179561388,VALIDATED_SAME_S_AND_NEXT_ALLOCATION_PAYOFF,0.03719009203441495
STATIC_NO_FEEDBACK_COUNTERFACTUAL,B_GEOGRAPHIC_BETA2,9,30,新疆,0.16925816401635038,0.08998818264529584,0.08998818264529584,VALIDATED_SAME_S_AND_NEXT_ALLOCATION_PAYOFF,0.07926998137105454
STATIC_NO_FEEDBACK_COUNTERFACTUAL,B_GEOGRAPHIC_BETA2,10,0,北京,0.38069161235622495,0.08999304232577647,0.0899930423257765,VALIDATED_SAME_S_AND_NEXT_ALLOCATION_PAYOFF,0.29069857003044847
STATIC_NO_FEEDBACK_COUNTERFACTUAL,B_GEOGRAPHIC_BETA2,10,1,天津,0.15877168073794484,0.08998548124303166,0.0899854812430317,VALIDATED_SAME_S_AND_NEXT_ALLOCATION_PAYOFF,0.06878619949491319
STATIC_NO_FEEDBACK_COUNTERFACTUAL,B_GEOGRAPHIC_BETA2,10,2,河北,0.1864605090604581,0.08999781386952986,0.08999781386952986,VALIDATED_SAME_S_AND_NEXT_ALLOCATION_PAYOFF,0.09646269519092825
STATIC_NO_FEEDBACK_COUNTERFACTUAL,B_GEOGRAPHIC_BETA2,10,3,山西,0.19605045030255924,0.08999750145315946,0.08999750145315946,VALIDATED_SAME_S_AND_NEXT_ALLOCATION_PAYOFF,0.10605294884939978
STATIC_NO_FEEDBACK_COUNTERFACTUAL,B_GEOGRAPHIC_BETA2,10,4,内蒙古,0.13946448147939525,0.08998710686303397,0.08998710686303395,VALIDATED_SAME_S_AND_NEXT_ALLOCATION_PAYOFF,0.04947737461636127
STATIC_NO_FEEDBACK_COUNTERFACTUAL,B_GEOGRAPHIC_BETA2,10,5,辽宁,0.1721955076764801,0.08999604342834217,0.08999604342834218,VALIDATED_SAME_S_AND_NEXT_ALLOCATION_PAYOFF,0.08219946424813793
STATIC_NO_FEEDBACK_COUNTERFACTUAL,B_GEOGRAPHIC_BETA2,10,6,吉林,0.11520128590905666,0.0899939305316242,0.08999393053162417,VALIDATED_SAME_S_AND_NEXT_ALLOCATION_PAYOFF,0.02520735537743246
STATIC_NO_FEEDBACK_COUNTERFACTUAL,B_GEOGRAPHIC_BETA2,10,7,黑龙江,0.14035166132410856,0.0899970745274722,0.08999707452747219,VALIDATED_SAME_S_AND_NEXT_ALLOCATION_PAYOFF,0.05035458679663636
STATIC_NO_FEEDBACK_COUNTERFACTUAL,B_GEOGRAPHIC_BETA2,10,8,上海,0.3701074551841824,0.08999482452080262,0.08999482452080261,VALIDATED_SAME_S_AND_NEXT_ALLOCATION_PAYOFF,0.28011263066337977
STATIC_NO_FEEDBACK_COUNTERFACTUAL,B_GEOGRAPHIC_BETA2,10,9,江苏,0.31083830656933154,0.0899954467999076,0.08999544679990758,VALIDATED_SAME_S_AND_NEXT_ALLOCATION_PAYOFF,0.22084285976942392
STATIC_NO_FEEDBACK_COUNTERFACTUAL,B_GEOGRAPHIC_BETA2,10,10,浙江,0.3202729916987309,0.0899969223108121,0.08999692231081206,VALIDATED_SAME_S_AND_NEXT_ALLOCATION_PAYOFF,0.2302760693879188
STATIC_NO_FEEDBACK_COUNTERFACTUAL,B_GEOGRAPHIC_BETA2,10,11,安徽,0.3398100061884088,0.08999946691102324,0.08999946691102323,VALIDATED_SAME_S_AND_NEXT_ALLOCATION_PAYOFF,0.24981053927738556
STATIC_NO_FEEDBACK_COUNTERFACTUAL,B_GEOGRAPHIC_BETA2,10,12,福建,0.3004157551182993,0.08999630291368374,0.08999630291368374,VALIDATED_SAME_S_AND_NEXT_ALLOCATION_PAYOFF,0.21041945220461558
STATIC_NO_FEEDBACK_COUNTERFACTUAL,B_GEOGRAPHIC_BETA2,10,13,江西,0.3097035371183939,0.08999954464097992,0.08999954464097992,VALIDATED_SAME_S_AND_NEXT_ALLOCATION_PAYOFF,0.21970399247741396
STATIC_NO_FEEDBACK_COUNTERFACTUAL,B_GEOGRAPHIC_BETA2,10,14,山东,0.21105671785717647,0.08999588449099508,0.08999588449099506,VALIDATED_SAME_S_AND_NEXT_ALLOCATION_PAYOFF,0.1210608333661814
STATIC_NO_FEEDBACK_COUNTERFACTUAL,B_GEOGRAPHIC_BETA2,10,15,河南,0.19531888935581537,0.08999701138672496,0.08999701138672497,VALIDATED_SAME_S_AND_NEXT_ALLOCATION_PAYOFF,0.10532187796909041
STATIC_NO_FEEDBACK_COUNTERFACTUAL,B_GEOGRAPHIC_BETA2,10,16,湖北,0.2809944127092907,0.08999725354615394,0.08999725354615395,VALIDATED_SAME_S_AND_NEXT_ALLOCATION_PAYOFF,0.19099715916313675
STATIC_NO_FEEDBACK_COUNTERFACTUAL,B_GEOGRAPHIC_BETA2,10,17,湖南,0.2625943873919933,0.08999838466445215,0.08999838466445213,VALIDATED_SAME_S_AND_NEXT_ALLOCATION_PAYOFF,0.17259600272754116
STATIC_NO_FEEDBACK_COUNTERFACTUAL,B_GEOGRAPHIC_BETA2,10,18,广东,0.36629919560315305,0.08999794981355723,0.08999794981355724,VALIDATED_SAME_S_AND_NEXT_ALLOCATION_PAYOFF,0.2763012457895958
STATIC_NO_FEEDBACK_COUNTERFACTUAL,B_GEOGRAPHIC_BETA2,10,19,广西,0.19199870507972042,0.08999838063871554,0.08999838063871554,VALIDATED_SAME_S_AND_NEXT_ALLOCATION_PAYOFF,0.10200032444100487
STATIC_NO_FEEDBACK_COUNTERFACTUAL,B_GEOGRAPHIC_BETA2,10,20,海南,0.22304792739572807,0.08999797505053828,0.08999797505053829,VALIDATED_SAME_S_AND_NEXT_ALLOCATION_PAYOFF,0.1330499523451898
STATIC_NO_FEEDBACK_COUNTERFACTUAL,B_GEOGRAPHIC_BETA2,10,21,重庆,0.2917941422344843,0.08999660896831414,0.08999660896831412,VALIDATED_SAME_S_AND_NEXT_ALLOCATION_PAYOFF,0.20179753326617017
STATIC_NO_FEEDBACK_COUNTERFACTUAL,B_GEOGRAPHIC_BETA2,10,22,四川,0.314034192848203,0.08999906306515759,0.0899990630651576,VALIDATED_SAME_S_AND_NEXT_ALLOCATION_PAYOFF,0.2240351297830454
STATIC_NO_FEEDBACK_COUNTERFACTUAL,B_GEOGRAPHIC_BETA2,10,23,贵州,0.2651845352817879,0.08999984002670221,0.0899998400267022,VALIDATED_SAME_S_AND_NEXT_ALLOCATION_PAYOFF,0.17518469525508573
STATIC_NO_FEEDBACK_COUNTERFACTUAL,B_GEOGRAPHIC_BETA2,10,24,云南,0.19997410208478741,0.08999718498352968,0.0899971849835297,VALIDATED_SAME_S_AND_NEXT_ALLOCATION_PAYOFF,0.10997691710125773
STATIC_NO_FEEDBACK_COUNTERFACTUAL,B_GEOGRAPHIC_BETA2,10,25,西藏,0.15790076122885963,0.08999085719325776,0.08999085719325776,VALIDATED_SAME_S_AND_NEXT_ALLOCATION_PAYOFF,0.06790990403560186
STATIC_NO_FEEDBACK_COUNTERFACTUAL,B_GEOGRAPHIC_BETA2,10,26,陕西,0.2165462487636012,0.08999519230387841,0.08999519230387841,VALIDATED_SAME_S_AND_NEXT_ALLOCATION_PAYOFF,0.1265510564597228
STATIC_NO_FEEDBACK_COUNTERFACTUAL,B_GEOGRAPHIC_BETA2,10,27,甘肃,0.21394524190243938,0.09,0.09,VALIDATED_SAME_S_AND_NEXT_ALLOCATION_PAYOFF,0.12394524190243938
STATIC_NO_FEEDBACK_COUNTERFACTUAL,B_GEOGRAPHIC_BETA2,10,28,青海,0.1109953873771666,0.08819481065205749,0.08819481065205749,VALIDATED_SAME_S_AND_NEXT_ALLOCATION_PAYOFF,0.022800576725109115
STATIC_NO_FEEDBACK_COUNTERFACTUAL,B_GEOGRAPHIC_BETA2,10,29,宁夏,0.12717887151843438,0.08998871293267412,0.08998871293267412,VALIDATED_SAME_S_AND_NEXT_ALLOCATION_PAYOFF,0.03719015858576026
STATIC_NO_FEEDBACK_COUNTERFACTUAL,B_GEOGRAPHIC_BETA2,10,30,新疆,0.16924517788661536,0.08998818383565738,0.08998818383565738,VALIDATED_SAME_S_AND_NEXT_ALLOCATION_PAYOFF,0.07925699405095799
STATIC_NO_FEEDBACK_COUNTERFACTUAL,B_GEOGRAPHIC_BETA2,11,0,北京,0.38069213692265713,0.08999304228659336,0.08999304228659338,VALIDATED_SAME_S_AND_NEXT_ALLOCATION_PAYOFF,0.2906990946360638
STATIC_NO_FEEDBACK_COUNTERFACTUAL,B_GEOGRAPHIC_BETA2,11,1,天津,0.15877149619313324,0.08998548116126724,0.08998548116126728,VALIDATED_SAME_S_AND_NEXT_ALLOCATION_PAYOFF,0.068786015031866
STATIC_NO_FEEDBACK_COUNTERFACTUAL,B_GEOGRAPHIC_BETA2,11,2,河北,0.18646054061528858,0.08999781385721836,0.08999781385721836,VALIDATED_SAME_S_AND_NEXT_ALLOCATION_PAYOFF,0.09646272675807022
STATIC_NO_FEEDBACK_COUNTERFACTUAL,B_GEOGRAPHIC_BETA2,11,3,山西,0.19604965107787334,0.08999750143908854,0.08999750143908855,VALIDATED_SAME_S_AND_NEXT_ALLOCATION_PAYOFF,0.1060521496387848
STATIC_NO_FEEDBACK_COUNTERFACTUAL,B_GEOGRAPHIC_BETA2,11,4,内蒙古,0.13946427050514626,0.08998710679042447,0.08998710679042445,VALIDATED_SAME_S_AND_NEXT_ALLOCATION_PAYOFF,0.049477163714721786
STATIC_NO_FEEDBACK_COUNTERFACTUAL,B_GEOGRAPHIC_BETA2,11,5,辽宁,0.17219562620230155,0.08999604340606018,0.08999604340606018,VALIDATED_SAME_S_AND_NEXT_ALLOCATION_PAYOFF,0.08219958279624137
STATIC_NO_FEEDBACK_COUNTERFACTUAL,B_GEOGRAPHIC_BETA2,11,6,吉林,0.1152012757702271,0.08999393049744314,0.08999393049744313,VALIDATED_SAME_S_AND_NEXT_ALLOCATION_PAYOFF,0.025207345272783954
STATIC_NO_FEEDBACK_COUNTERFACTUAL,B_GEOGRAPHIC_BETA2,11,7,黑龙江,0.14035131363057748,0.089997074510997,0.08999707451099699,VALIDATED_SAME_S_AND_NEXT_ALLOCATION_PAYOFF,0.05035423911958048
STATIC_NO_FEEDBACK_COUNTERFACTUAL,B_GEOGRAPHIC_BETA2,11,8,上海,0.37010791507913166,0.08999482449165619,0.08999482449165618,VALIDATED_SAME_S_AND_NEXT_ALLOCATION_PAYOFF,0.28011309058747547
STATIC_NO_FEEDBACK_COUNTERFACTUAL,B_GEOGRAPHIC_BETA2,11,9,江苏,0.3108384926287838,0.08999544677426563,0.0899954467742656,VALIDATED_SAME_S_AND_NEXT_ALLOCATION_PAYOFF,0.2208430458545182
STATIC_NO_FEEDBACK_COUNTERFACTUAL,B_GEOGRAPHIC_BETA2,11,10,浙江,0.32027321699373373,0.08999692229347966,0.08999692229347964,VALIDATED_SAME_S_AND_NEXT_ALLOCATION_PAYOFF,0.23027629470025407
STATIC_NO_FEEDBACK_COUNTERFACTUAL,B_GEOGRAPHIC_BETA2,11,11,安徽,0.3398102915246588,0.08999946690802108,0.08999946690802106,VALIDATED_SAME_S_AND_NEXT_ALLOCATION_PAYOFF,0.24981082461663773
STATIC_NO_FEEDBACK_COUNTERFACTUAL,B_GEOGRAPHIC_BETA2,11,12,福建,0.30041595574243374,0.08999630289286309,0.08999630289286308,VALIDATED_SAME_S_AND_NEXT_ALLOCATION_PAYOFF,0.21041965284957065
STATIC_NO_FEEDBACK_COUNTERFACTUAL,B_GEOGRAPHIC_BETA2,11,13,江西,0.3097036688174011,0.0899995446384155,0.0899995446384155,VALIDATED_SAME_S_AND_NEXT_ALLOCATION_PAYOFF,0.21970412417898558
STATIC_NO_FEEDBACK_COUNTERFACTUAL,B_GEOGRAPHIC_BETA2,11,14,山东,0.2110567604088313,0.089995884467818,0.08999588446781799,VALIDATED_SAME_S_AND_NEXT_ALLOCATION_PAYOFF,0.12106087594101331
STATIC_NO_FEEDBACK_COUNTERFACTUAL,B_GEOGRAPHIC_BETA2,11,15,河南,0.19531892263943054,0.08999701136989417,0.08999701136989419,VALIDATED_SAME_S_AND_NEXT_ALLOCATION_PAYOFF,0.10532191126953637
STATIC_NO_FEEDBACK_COUNTERFACTUAL,B_GEOGRAPHIC_BETA2,11,16,湖北,0.28099456134238576,0.0899972535306869,0.08999725353068691,VALIDATED_SAME_S_AND_NEXT_ALLOCATION_PAYOFF,0.19099730781169888
STATIC_NO_FEEDBACK_COUNTERFACTUAL,B_GEOGRAPHIC_BETA2,11,17,湖南,0.2625945046573985,0.08999838465535516,0.08999838465535515,VALIDATED_SAME_S_AND_NEXT_ALLOCATION_PAYOFF,0.17259612000204333
STATIC_NO_FEEDBACK_COUNTERFACTUAL,B_GEOGRAPHIC_BETA2,11,18,广东,0.36629948585556144,0.08999794980201131,0.08999794980201133,VALIDATED_SAME_S_AND_NEXT_ALLOCATION_PAYOFF,0.2763015360535501
STATIC_NO_FEEDBACK_COUNTERFACTUAL,B_GEOGRAPHIC_BETA2,11,19,广西,0.19199830942577453,0.08999838062959588,0.08999838062959589,VALIDATED_SAME_S_AND_NEXT_ALLOCATION_PAYOFF,0.10199992879617865
STATIC_NO_FEEDBACK_COUNTERFACTUAL,B_GEOGRAPHIC_BETA2,11,20,海南,0.2230480121049166,0.0899979750391345,0.0899979750391345,VALIDATED_SAME_S_AND_NEXT_ALLOCATION_PAYOFF,0.1330500370657821
STATIC_NO_FEEDBACK_COUNTERFACTUAL,B_GEOGRAPHIC_BETA2,11,21,重庆,0.29179439740009316,0.08999660894921707,0.08999660894921706,VALIDATED_SAME_S_AND_NEXT_ALLOCATION_PAYOFF,0.2017977884508761
STATIC_NO_FEEDBACK_COUNTERFACTUAL,B_GEOGRAPHIC_BETA2,11,22,四川,0.3140343946141774,0.0899990630598811,0.08999906305988113,VALIDATED_SAME_S_AND_NEXT_ALLOCATION_PAYOFF,0.22403533155429634
STATIC_NO_FEEDBACK_COUNTERFACTUAL,B_GEOGRAPHIC_BETA2,11,23,贵州,0.26518288236987736,0.08999984002580129,0.08999984002580129,VALIDATED_SAME_S_AND_NEXT_ALLOCATION_PAYOFF,0.17518304234407606
STATIC_NO_FEEDBACK_COUNTERFACTUAL,B_GEOGRAPHIC_BETA2,11,24,云南,0.19997424822333607,0.08999718496767652,0.08999718496767654,VALIDATED_SAME_S_AND_NEXT_ALLOCATION_PAYOFF,0.10997706325565955
STATIC_NO_FEEDBACK_COUNTERFACTUAL,B_GEOGRAPHIC_BETA2,11,25,西藏,0.15790077511272105,0.08999085714176877,0.08999085714176877,VALIDATED_SAME_S_AND_NEXT_ALLOCATION_PAYOFF,0.06790991797095228
STATIC_NO_FEEDBACK_COUNTERFACTUAL,B_GEOGRAPHIC_BETA2,11,26,陕西,0.21654638165773157,0.0899951922768032,0.0899951922768032,VALIDATED_SAME_S_AND_NEXT_ALLOCATION_PAYOFF,0.12655118938092838
STATIC_NO_FEEDBACK_COUNTERFACTUAL,B_GEOGRAPHIC_BETA2,11,27,甘肃,0.21394524825608374,0.09,0.09,VALIDATED_SAME_S_AND_NEXT_ALLOCATION_PAYOFF,0.12394524825608375
STATIC_NO_FEEDBACK_COUNTERFACTUAL,B_GEOGRAPHIC_BETA2,11,28,青海,0.11099537121680164,0.0881948004858813,0.0881948004858813,VALIDATED_SAME_S_AND_NEXT_ALLOCATION_PAYOFF,0.022800570730920344
STATIC_NO_FEEDBACK_COUNTERFACTUAL,B_GEOGRAPHIC_BETA2,11,29,宁夏,0.12717885642822319,0.08998871286910942,0.08998871286910942,VALIDATED_SAME_S_AND_NEXT_ALLOCATION_PAYOFF,0.037190143559113764
STATIC_NO_FEEDBACK_COUNTERFACTUAL,B_GEOGRAPHIC_BETA2,11,30,新疆,0.169244658341032,0.089988183769113,0.089988183769113,VALIDATED_SAME_S_AND_NEXT_ALLOCATION_PAYOFF,0.079256474571919
STATIC_NO_FEEDBACK_COUNTERFACTUAL,B_GEOGRAPHIC_BETA2,12,0,北京,0.38069218390350473,0.08999304228946377,0.08999304228946378,VALIDATED_SAME_S_AND_NEXT_ALLOCATION_PAYOFF,0.290699141614041
STATIC_NO_FEEDBACK_COUNTERFACTUAL,B_GEOGRAPHIC_BETA2,12,1,天津,0.15877149266896165,0.08998548116725699,0.08998548116725703,VALIDATED_SAME_S_AND_NEXT_ALLOCATION_PAYOFF,0.06878601150170466
STATIC_NO_FEEDBACK_COUNTERFACTUAL,B_GEOGRAPHIC_BETA2,12,2,河北,0.18646054366283218,0.08999781385812025,0.08999781385812025,VALIDATED_SAME_S_AND_NEXT_ALLOCATION_PAYOFF,0.09646272980471193
STATIC_NO_FEEDBACK_COUNTERFACTUAL,B_GEOGRAPHIC_BETA2,12,3,山西,0.1960496175176964,0.08999750144011932,0.08999750144011934,VALIDATED_SAME_S_AND_NEXT_ALLOCATION_PAYOFF,0.10605211607757707
STATIC_NO_FEEDBACK_COUNTERFACTUAL,B_GEOGRAPHIC_BETA2,12,4,内蒙古,0.13946426591053585,0.08998710679574357,0.08998710679574354,VALIDATED_SAME_S_AND_NEXT_ALLOCATION_PAYOFF,0.04947715911479228
STATIC_NO_FEEDBACK_COUNTERFACTUAL,B_GEOGRAPHIC_BETA2,12,5,辽宁,0.17219561331418062,0.08999604340769247,0.08999604340769247,VALIDATED_SAME_S_AND_NEXT_ALLOCATION_PAYOFF,0.08219956990648815
STATIC_NO_FEEDBACK_COUNTERFACTUAL,B_GEOGRAPHIC_BETA2,12,6,吉林,0.11520127711204727,0.08999393049994711,0.0899939304999471,VALIDATED_SAME_S_AND_NEXT_ALLOCATION_PAYOFF,0.025207346612100154
STATIC_NO_FEEDBACK_COUNTERFACTUAL,B_GEOGRAPHIC_BETA2,12,7,黑龙江,0.14035130363081838,0.08999707451220391,0.0899970745122039,VALIDATED_SAME_S_AND_NEXT_ALLOCATION_PAYOFF,0.050354229118614466
STATIC_NO_FEEDBACK_COUNTERFACTUAL,B_GEOGRAPHIC_BETA2,12,8,上海,0.37010795526496953,0.08999482449379136,0.08999482449379133,VALIDATED_SAME_S_AND_NEXT_ALLOCATION_PAYOFF,0.28011313077117816
STATIC_NO_FEEDBACK_COUNTERFACTUAL,B_GEOGRAPHIC_BETA2,12,9,江苏,0.3108385080483899,0.08999544677614406,0.08999544677614403,VALIDATED_SAME_S_AND_NEXT_ALLOCATION_PAYOFF,0.22084306127224584
STATIC_NO_FEEDBACK_COUNTERFACTUAL,B_GEOGRAPHIC_BETA2,12,10,浙江,0.32027323534266916,0.08999692229474937,0.08999692229474934,VALIDATED_SAME_S_AND_NEXT_ALLOCATION_PAYOFF,0.2302763130479198
STATIC_NO_FEEDBACK_COUNTERFACTUAL,B_GEOGRAPHIC_BETA2,12,11,安徽,0.33981031473837486,0.08999946690824101,0.089999466908241,VALIDATED_SAME_S_AND_NEXT_ALLOCATION_PAYOFF,0.24981084783013385
STATIC_NO_FEEDBACK_COUNTERFACTUAL,B_GEOGRAPHIC_BETA2,12,12,福建,0.3004159715575526,0.08999630289438833,0.08999630289438833,VALIDATED_SAME_S_AND_NEXT_ALLOCATION_PAYOFF,0.2104196686631643
STATIC_NO_FEEDBACK_COUNTERFACTUAL,B_GEOGRAPHIC_BETA2,12,13,江西,0.3097036860908575,0.08999954463860337,0.08999954463860337,VALIDATED_SAME_S_AND_NEXT_ALLOCATION_PAYOFF,0.21970414145225414
STATIC_NO_FEEDBACK_COUNTERFACTUAL,B_GEOGRAPHIC_BETA2,12,14,山东,0.21105676442749663,0.08999588446951587,0.08999588446951585,VALIDATED_SAME_S_AND_NEXT_ALLOCATION_PAYOFF,0.12106087995798076
STATIC_NO_FEEDBACK_COUNTERFACTUAL,B_GEOGRAPHIC_BETA2,12,15,河南,0.1953189259127546,0.08999701137112713,0.08999701137112714,VALIDATED_SAME_S_AND_NEXT_ALLOCATION_PAYOFF,0.10532191454162747
STATIC_NO_FEEDBACK_COUNTERFACTUAL,B_GEOGRAPHIC_BETA2,12,16,湖北,0.28099457288317625,0.08999725353181996,0.08999725353181998,VALIDATED_SAME_S_AND_NEXT_ALLOCATION_PAYOFF,0.19099731935135628
STATIC_NO_FEEDBACK_COUNTERFACTUAL,B_GEOGRAPHIC_BETA2,12,17,湖南,0.26259451366691877,0.08999838465602157,0.08999838465602156,VALIDATED_SAME_S_AND_NEXT_ALLOCATION_PAYOFF,0.17259612901089721
STATIC_NO_FEEDBACK_COUNTERFACTUAL,B_GEOGRAPHIC_BETA2,12,18,广东,0.366299511418611,0.08999794980285712,0.08999794980285714,VALIDATED_SAME_S_AND_NEXT_ALLOCATION_PAYOFF,0.27630156161575387
STATIC_NO_FEEDBACK_COUNTERFACTUAL,B_GEOGRAPHIC_BETA2,12,19,广西,0.19199835764287845,0.08999838063026394,0.08999838063026395,VALIDATED_SAME_S_AND_NEXT_ALLOCATION_PAYOFF,0.10199997701261451
STATIC_NO_FEEDBACK_COUNTERFACTUAL,B_GEOGRAPHIC_BETA2,12,20,海南,0.22304801841536265,0.0899979750399699,0.0899979750399699,VALIDATED_SAME_S_AND_NEXT_ALLOCATION_PAYOFF,0.13305004337539275
STATIC_NO_FEEDBACK_COUNTERFACTUAL,B_GEOGRAPHIC_BETA2,12,21,重庆,0.29179439360239706,0.08999660895061605,0.08999660895061604,VALIDATED_SAME_S_AND_NEXT_ALLOCATION_PAYOFF,0.201797784651781
STATIC_NO_FEEDBACK_COUNTERFACTUAL,B_GEOGRAPHIC_BETA2,12,22,四川,0.31403441068119226,0.08999906306026764,0.08999906306026767,VALIDATED_SAME_S_AND_NEXT_ALLOCATION_PAYOFF,0.2240353476209246
STATIC_NO_FEEDBACK_COUNTERFACTUAL,B_GEOGRAPHIC_BETA2,12,23,贵州,0.26518278948020085,0.08999984002586729,0.08999984002586728,VALIDATED_SAME_S_AND_NEXT_ALLOCATION_PAYOFF,0.17518294945433355
STATIC_NO_FEEDBACK_COUNTERFACTUAL,B_GEOGRAPHIC_BETA2,12,24,云南,0.19997423335868714,0.08999718496883787,0.08999718496883788,VALIDATED_SAME_S_AND_NEXT_ALLOCATION_PAYOFF,0.10997704838984927
STATIC_NO_FEEDBACK_COUNTERFACTUAL,B_GEOGRAPHIC_BETA2,12,25,西藏,0.15790077711666095,0.08999085714554066,0.08999085714554066,VALIDATED_SAME_S_AND_NEXT_ALLOCATION_PAYOFF,0.0679099199711203
STATIC_NO_FEEDBACK_COUNTERFACTUAL,B_GEOGRAPHIC_BETA2,12,26,陕西,0.21654637121293535,0.08999519227878662,0.08999519227878662,VALIDATED_SAME_S_AND_NEXT_ALLOCATION_PAYOFF,0.12655117893414874
STATIC_NO_FEEDBACK_COUNTERFACTUAL,B_GEOGRAPHIC_BETA2,12,27,甘肃,0.21394525041040857,0.09,0.09,VALIDATED_SAME_S_AND_NEXT_ALLOCATION_PAYOFF,0.12394525041040858
STATIC_NO_FEEDBACK_COUNTERFACTUAL,B_GEOGRAPHIC_BETA2,12,28,青海,0.11099537220619532,0.0881948012306164,0.0881948012306164,VALIDATED_SAME_S_AND_NEXT_ALLOCATION_PAYOFF,0.022800570975578915
STATIC_NO_FEEDBACK_COUNTERFACTUAL,B_GEOGRAPHIC_BETA2,12,29,宁夏,0.12717885769336135,0.08998871287376593,0.08998871287376593,VALIDATED_SAME_S_AND_NEXT_ALLOCATION_PAYOFF,0.037190144819595414
STATIC_NO_FEEDBACK_COUNTERFACTUAL,B_GEOGRAPHIC_BETA2,12,30,新疆,0.16924463985283744,0.08998818377398778,0.08998818377398778,VALIDATED_SAME_S_AND_NEXT_ALLOCATION_PAYOFF,0.07925645607884967
STATIC_NO_FEEDBACK_COUNTERFACTUAL,B_GEOGRAPHIC_BETA2,13,0,北京,0.3806921875207899,0.08999304228916828,0.08999304228916831,VALIDATED_SAME_S_AND_NEXT_ALLOCATION_PAYOFF,0.29069914523162166
STATIC_NO_FEEDBACK_COUNTERFACTUAL,B_GEOGRAPHIC_BETA2,13,1,天津,0.15877149256511136,0.0899854811666404,0.08998548116664044,VALIDATED_SAME_S_AND_NEXT_ALLOCATION_PAYOFF,0.06878601139847096
STATIC_NO_FEEDBACK_COUNTERFACTUAL,B_GEOGRAPHIC_BETA2,13,2,河北,0.18646054364160564,0.08999781385802742,0.08999781385802742,VALIDATED_SAME_S_AND_NEXT_ALLOCATION_PAYOFF,0.09646272978357821
STATIC_NO_FEEDBACK_COUNTERFACTUAL,B_GEOGRAPHIC_BETA2,13,3,山西,0.1960496158771366,0.08999750144001321,0.08999750144001323,VALIDATED_SAME_S_AND_NEXT_ALLOCATION_PAYOFF,0.10605211443712338
STATIC_NO_FEEDBACK_COUNTERFACTUAL,B_GEOGRAPHIC_BETA2,13,4,内蒙古,0.13946426573653795,0.08998710679519602,0.08998710679519599,VALIDATED_SAME_S_AND_NEXT_ALLOCATION_PAYOFF,0.04947715894134193
STATIC_NO_FEEDBACK_COUNTERFACTUAL,B_GEOGRAPHIC_BETA2,13,5,辽宁,0.1721956151857571,0.08999604340752444,0.08999604340752446,VALIDATED_SAME_S_AND_NEXT_ALLOCATION_PAYOFF,0.08219957177823266
STATIC_NO_FEEDBACK_COUNTERFACTUAL,B_GEOGRAPHIC_BETA2,13,6,吉林,0.11520127709249427,0.08999393049968935,0.08999393049968933,VALIDATED_SAME_S_AND_NEXT_ALLOCATION_PAYOFF,0.025207346592804922
STATIC_NO_FEEDBACK_COUNTERFACTUAL,B_GEOGRAPHIC_BETA2,13,7,黑龙江,0.14035130320620742,0.08999707451207967,0.08999707451207965,VALIDATED_SAME_S_AND_NEXT_ALLOCATION_PAYOFF,0.050354228694127756
STATIC_NO_FEEDBACK_COUNTERFACTUAL,B_GEOGRAPHIC_BETA2,13,8,上海,0.3701079581873231,0.08999482449357156,0.08999482449357153,VALIDATED_SAME_S_AND_NEXT_ALLOCATION_PAYOFF,0.28011313369375157
STATIC_NO_FEEDBACK_COUNTERFACTUAL,B_GEOGRAPHIC_BETA2,13,9,江苏,0.3108385088451774,0.0899954467759507,0.08999544677595067,VALIDATED_SAME_S_AND_NEXT_ALLOCATION_PAYOFF,0.2208430620692267
STATIC_NO_FEEDBACK_COUNTERFACTUAL,B_GEOGRAPHIC_BETA2,13,10,浙江,0.3202732363423794,0.08999692229461867,0.08999692229461864,VALIDATED_SAME_S_AND_NEXT_ALLOCATION_PAYOFF,0.23027631404776075
STATIC_NO_FEEDBACK_COUNTERFACTUAL,B_GEOGRAPHIC_BETA2,13,11,安徽,0.3398103161063393,0.08999946690821836,0.08999946690821835,VALIDATED_SAME_S_AND_NEXT_ALLOCATION_PAYOFF,0.24981084919812097
STATIC_NO_FEEDBACK_COUNTERFACTUAL,B_GEOGRAPHIC_BETA2,13,12,福建,0.3004159723320948,0.08999630289423131,0.08999630289423131,VALIDATED_SAME_S_AND_NEXT_ALLOCATION_PAYOFF,0.2104196694378635
STATIC_NO_FEEDBACK_COUNTERFACTUAL,B_GEOGRAPHIC_BETA2,13,13,江西,0.3097036862712841,0.08999954463858402,0.08999954463858403,VALIDATED_SAME_S_AND_NEXT_ALLOCATION_PAYOFF,0.21970414163270008
STATIC_NO_FEEDBACK_COUNTERFACTUAL,B_GEOGRAPHIC_BETA2,13,14,山东,0.21105676446305582,0.08999588446934109,0.08999588446934108,VALIDATED_SAME_S_AND_NEXT_ALLOCATION_PAYOFF,0.12106087999371473
STATIC_NO_FEEDBACK_COUNTERFACTUAL,B_GEOGRAPHIC_BETA2,13,15,河南,0.1953189259023428,0.0899970113710002,0.08999701137100022,VALIDATED_SAME_S_AND_NEXT_ALLOCATION_PAYOFF,0.10532191453134258
STATIC_NO_FEEDBACK_COUNTERFACTUAL,B_GEOGRAPHIC_BETA2,13,16,湖北,0.2809945733528335,0.08999725353170332,0.08999725353170333,VALIDATED_SAME_S_AND_NEXT_ALLOCATION_PAYOFF,0.1909973198211302
STATIC_NO_FEEDBACK_COUNTERFACTUAL,B_GEOGRAPHIC_BETA2,13,17,湖南,0.26259451395579236,0.08999838465595297,0.08999838465595295,VALIDATED_SAME_S_AND_NEXT_ALLOCATION_PAYOFF,0.1725961292998394
STATIC_NO_FEEDBACK_COUNTERFACTUAL,B_GEOGRAPHIC_BETA2,13,18,广东,0.3662995130668693,0.08999794980277005,0.08999794980277007,VALIDATED_SAME_S_AND_NEXT_ALLOCATION_PAYOFF,0.27630156326409927
STATIC_NO_FEEDBACK_COUNTERFACTUAL,B_GEOGRAPHIC_BETA2,13,19,广西,0.191998350326417,0.08999838063019518,0.08999838063019519,VALIDATED_SAME_S_AND_NEXT_ALLOCATION_PAYOFF,0.10199996969622181
STATIC_NO_FEEDBACK_COUNTERFACTUAL,B_GEOGRAPHIC_BETA2,13,20,海南,0.22304801851950162,0.0899979750398839,0.0899979750398839,VALIDATED_SAME_S_AND_NEXT_ALLOCATION_PAYOFF,0.13305004347961774
STATIC_NO_FEEDBACK_COUNTERFACTUAL,B_GEOGRAPHIC_BETA2,13,21,重庆,0.29179439646692124,0.08999660895047204,0.08999660895047201,VALIDATED_SAME_S_AND_NEXT_ALLOCATION_PAYOFF,0.2017977875164492
STATIC_NO_FEEDBACK_COUNTERFACTUAL,B_GEOGRAPHIC_BETA2,13,22,四川,0.314034411484399,0.08999906306022785,0.08999906306022787,VALIDATED_SAME_S_AND_NEXT_ALLOCATION_PAYOFF,0.2240353484241711
STATIC_NO_FEEDBACK_COUNTERFACTUAL,B_GEOGRAPHIC_BETA2,13,23,贵州,0.2651827839041298,0.08999984002586049,0.08999984002586049,VALIDATED_SAME_S_AND_NEXT_ALLOCATION_PAYOFF,0.17518294387826933
STATIC_NO_FEEDBACK_COUNTERFACTUAL,B_GEOGRAPHIC_BETA2,13,24,云南,0.19997423557231017,0.08999718496871831,0.08999718496871834,VALIDATED_SAME_S_AND_NEXT_ALLOCATION_PAYOFF,0.10997705060359186
STATIC_NO_FEEDBACK_COUNTERFACTUAL,B_GEOGRAPHIC_BETA2,13,25,西藏,0.15790077705875508,0.08999085714515238,0.08999085714515237,VALIDATED_SAME_S_AND_NEXT_ALLOCATION_PAYOFF,0.06790991991360269
STATIC_NO_FEEDBACK_COUNTERFACTUAL,B_GEOGRAPHIC_BETA2,13,26,陕西,0.2165463730172936,0.08999519227858245,0.08999519227858245,VALIDATED_SAME_S_AND_NEXT_ALLOCATION_PAYOFF,0.12655118073871113
STATIC_NO_FEEDBACK_COUNTERFACTUAL,B_GEOGRAPHIC_BETA2,13,27,甘肃,0.21394525032051806,0.09,0.09,VALIDATED_SAME_S_AND_NEXT_ALLOCATION_PAYOFF,0.12394525032051806
STATIC_NO_FEEDBACK_COUNTERFACTUAL,B_GEOGRAPHIC_BETA2,13,28,青海,0.11099537215990174,0.08819480115395353,0.08819480115395353,VALIDATED_SAME_S_AND_NEXT_ALLOCATION_PAYOFF,0.022800571005948206
STATIC_NO_FEEDBACK_COUNTERFACTUAL,B_GEOGRAPHIC_BETA2,13,29,宁夏,0.12717885763502895,0.0899887128732866,0.0899887128732866,VALIDATED_SAME_S_AND_NEXT_ALLOCATION_PAYOFF,0.03719014476174236
STATIC_NO_FEEDBACK_COUNTERFACTUAL,B_GEOGRAPHIC_BETA2,13,30,新疆,0.16924463901209255,0.08998818377348597,0.08998818377348597,VALIDATED_SAME_S_AND_NEXT_ALLOCATION_PAYOFF,0.07925645523860658
STATIC_NO_FEEDBACK_COUNTERFACTUAL,B_GEOGRAPHIC_BETA2,14,0,北京,0.380692187840782,0.08999304228918804,0.08999304228918807,VALIDATED_SAME_S_AND_NEXT_ALLOCATION_PAYOFF,0.290699145551594
STATIC_NO_FEEDBACK_COUNTERFACTUAL,B_GEOGRAPHIC_BETA2,14,1,天津,0.15877149257528325,0.08998548116668163,0.08998548116668167,VALIDATED_SAME_S_AND_NEXT_ALLOCATION_PAYOFF,0.06878601140860162
STATIC_NO_FEEDBACK_COUNTERFACTUAL,B_GEOGRAPHIC_BETA2,14,2,河北,0.1864605436521205,0.08999781385803363,0.08999781385803363,VALIDATED_SAME_S_AND_NEXT_ALLOCATION_PAYOFF,0.09646272979408688
STATIC_NO_FEEDBACK_COUNTERFACTUAL,B_GEOGRAPHIC_BETA2,14,3,山西,0.1960496158168613,0.0899975014400203,0.08999750144002032,VALIDATED_SAME_S_AND_NEXT_ALLOCATION_PAYOFF,0.106052114376841
STATIC_NO_FEEDBACK_COUNTERFACTUAL,B_GEOGRAPHIC_BETA2,14,4,内蒙古,0.13946426574163898,0.08998710679523264,0.0899871067952326,VALIDATED_SAME_S_AND_NEXT_ALLOCATION_PAYOFF,0.049477158946406335
STATIC_NO_FEEDBACK_COUNTERFACTUAL,B_GEOGRAPHIC_BETA2,14,5,辽宁,0.1721956149466094,0.08999604340753568,0.08999604340753568,VALIDATED_SAME_S_AND_NEXT_ALLOCATION_PAYOFF,0.08219957153907372
STATIC_NO_FEEDBACK_COUNTERFACTUAL,B_GEOGRAPHIC_BETA2,14,6,吉林,0.11520127710217944,0.08999393049970658,0.08999393049970657,VALIDATED_SAME_S_AND_NEXT_ALLOCATION_PAYOFF,0.025207346602472855
STATIC_NO_FEEDBACK_COUNTERFACTUAL,B_GEOGRAPHIC_BETA2,14,7,黑龙江,0.14035130320114225,0.08999707451208798,0.08999707451208797,VALIDATED_SAME_S_AND_NEXT_ALLOCATION_PAYOFF,0.05035422868905427
STATIC_NO_FEEDBACK_COUNTERFACTUAL,B_GEOGRAPHIC_BETA2,14,8,上海,0.3701079584433619,0.08999482449358626,0.08999482449358624,VALIDATED_SAME_S_AND_NEXT_ALLOCATION_PAYOFF,0.28011313394977566
STATIC_NO_FEEDBACK_COUNTERFACTUAL,B_GEOGRAPHIC_BETA2,14,9,江苏,0.31083850891744114,0.08999544677596362,0.08999544677596359,VALIDATED_SAME_S_AND_NEXT_ALLOCATION_PAYOFF,0.22084306214147753
STATIC_NO_FEEDBACK_COUNTERFACTUAL,B_GEOGRAPHIC_BETA2,14,10,浙江,0.3202732364303014,0.08999692229462741,0.08999692229462737,VALIDATED_SAME_S_AND_NEXT_ALLOCATION_PAYOFF,0.230276314135674
STATIC_NO_FEEDBACK_COUNTERFACTUAL,B_GEOGRAPHIC_BETA2,14,11,安徽,0.3398103162234962,0.08999946690821987,0.08999946690821986,VALIDATED_SAME_S_AND_NEXT_ALLOCATION_PAYOFF,0.24981084931527636
STATIC_NO_FEEDBACK_COUNTERFACTUAL,B_GEOGRAPHIC_BETA2,14,12,福建,0.30041597240235635,0.08999630289424182,0.08999630289424182,VALIDATED_SAME_S_AND_NEXT_ALLOCATION_PAYOFF,0.21041966950811453
STATIC_NO_FEEDBACK_COUNTERFACTUAL,B_GEOGRAPHIC_BETA2,14,13,江西,0.30970368648781305,0.08999954463858532,0.08999954463858532,VALIDATED_SAME_S_AND_NEXT_ALLOCATION_PAYOFF,0.2197041418492277
STATIC_NO_FEEDBACK_COUNTERFACTUAL,B_GEOGRAPHIC_BETA2,14,14,山东,0.21105676447763322,0.08999588446935278,0.08999588446935276,VALIDATED_SAME_S_AND_NEXT_ALLOCATION_PAYOFF,0.12106088000828044
STATIC_NO_FEEDBACK_COUNTERFACTUAL,B_GEOGRAPHIC_BETA2,14,15,河南,0.19531892591395203,0.0899970113710087,0.08999701137100871,VALIDATED_SAME_S_AND_NEXT_ALLOCATION_PAYOFF,0.10532191454294333
STATIC_NO_FEEDBACK_COUNTERFACTUAL,B_GEOGRAPHIC_BETA2,14,16,湖北,0.280994573398529,0.08999725353171112,0.08999725353171113,VALIDATED_SAME_S_AND_NEXT_ALLOCATION_PAYOFF,0.1909973198668179
STATIC_NO_FEEDBACK_COUNTERFACTUAL,B_GEOGRAPHIC_BETA2,14,17,湖南,0.2625945139885673,0.08999838465595755,0.08999838465595754,VALIDATED_SAME_S_AND_NEXT_ALLOCATION_PAYOFF,0.17259612933260976
STATIC_NO_FEEDBACK_COUNTERFACTUAL,B_GEOGRAPHIC_BETA2,14,18,广东,0.3662995132164292,0.08999794980277588,0.0899979498027759,VALIDATED_SAME_S_AND_NEXT_ALLOCATION_PAYOFF,0.2763015634136533
STATIC_NO_FEEDBACK_COUNTERFACTUAL,B_GEOGRAPHIC_BETA2,14,19,广西,0.191998351332353,0.08999838063019977,0.08999838063019978,VALIDATED_SAME_S_AND_NEXT_ALLOCATION_PAYOFF,0.10199997070215322
STATIC_NO_FEEDBACK_COUNTERFACTUAL,B_GEOGRAPHIC_BETA2,14,20,海南,0.2230480185411827,0.08999797503988964,0.08999797503988965,VALIDATED_SAME_S_AND_NEXT_ALLOCATION_PAYOFF,0.13305004350129307
STATIC_NO_FEEDBACK_COUNTERFACTUAL,B_GEOGRAPHIC_BETA2,14,21,重庆,0.2917943962620633,0.08999660895048167,0.08999660895048164,VALIDATED_SAME_S_AND_NEXT_ALLOCATION_PAYOFF,0.20179778731158166
STATIC_NO_FEEDBACK_COUNTERFACTUAL,B_GEOGRAPHIC_BETA2,14,22,四川,0.31403441155587275,0.08999906306023052,0.08999906306023053,VALIDATED_SAME_S_AND_NEXT_ALLOCATION_PAYOFF,0.22403534849564222
STATIC_NO_FEEDBACK_COUNTERFACTUAL,B_GEOGRAPHIC_BETA2,14,23,贵州,0.2651827835999584,0.08999984002586095,0.08999984002586094,VALIDATED_SAME_S_AND_NEXT_ALLOCATION_PAYOFF,0.17518294357409744
STATIC_NO_FEEDBACK_COUNTERFACTUAL,B_GEOGRAPHIC_BETA2,14,24,云南,0.1999742352865728,0.0899971849687263,0.08999718496872633,VALIDATED_SAME_S_AND_NEXT_ALLOCATION_PAYOFF,0.10997705031784649
STATIC_NO_FEEDBACK_COUNTERFACTUAL,B_GEOGRAPHIC_BETA2,14,25,西藏,0.15790077706698283,0.08999085714517834,0.08999085714517834,VALIDATED_SAME_S_AND_NEXT_ALLOCATION_PAYOFF,0.06790991992180449
STATIC_NO_FEEDBACK_COUNTERFACTUAL,B_GEOGRAPHIC_BETA2,14,26,陕西,0.21654637280194752,0.0899951922785961,0.0899951922785961,VALIDATED_SAME_S_AND_NEXT_ALLOCATION_PAYOFF,0.1265511805233514
STATIC_NO_FEEDBACK_COUNTERFACTUAL,B_GEOGRAPHIC_BETA2,14,27,甘肃,0.21394525032926628,0.09,0.09,VALIDATED_SAME_S_AND_NEXT_ALLOCATION_PAYOFF,0.12394525032926629
STATIC_NO_FEEDBACK_COUNTERFACTUAL,B_GEOGRAPHIC_BETA2,14,28,青海,0.1109953721688648,0.08819480115907997,0.08819480115907997,VALIDATED_SAME_S_AND_NEXT_ALLOCATION_PAYOFF,0.02280057100978483
STATIC_NO_FEEDBACK_COUNTERFACTUAL,B_GEOGRAPHIC_BETA2,14,29,宁夏,0.12717885764506673,0.08998871287331864,0.08998871287331864,VALIDATED_SAME_S_AND_NEXT_ALLOCATION_PAYOFF,0.03719014477174809
STATIC_NO_FEEDBACK_COUNTERFACTUAL,B_GEOGRAPHIC_BETA2,14,30,新疆,0.16924463899026737,0.08998818377351953,0.08998818377351953,VALIDATED_SAME_S_AND_NEXT_ALLOCATION_PAYOFF,0.07925645521674785
STATIC_NO_FEEDBACK_COUNTERFACTUAL,B_GEOGRAPHIC_BETA2,15,0,北京,0.38069218786539116,0.089993042289186,0.08999304228918602,VALIDATED_SAME_S_AND_NEXT_ALLOCATION_PAYOFF,0.29069914557620513
STATIC_NO_FEEDBACK_COUNTERFACTUAL,B_GEOGRAPHIC_BETA2,15,1,天津,0.15877149257574844,0.08998548116667737,0.08998548116667741,VALIDATED_SAME_S_AND_NEXT_ALLOCATION_PAYOFF,0.06878601140907106
STATIC_NO_FEEDBACK_COUNTERFACTUAL,B_GEOGRAPHIC_BETA2,15,2,河北,0.18646054365151843,0.08999781385803299,0.08999781385803299,VALIDATED_SAME_S_AND_NEXT_ALLOCATION_PAYOFF,0.09646272979348544
STATIC_NO_FEEDBACK_COUNTERFACTUAL,B_GEOGRAPHIC_BETA2,15,3,山西,0.19604961581305314,0.08999750144001957,0.08999750144001958,VALIDATED_SAME_S_AND_NEXT_ALLOCATION_PAYOFF,0.10605211437303357
STATIC_NO_FEEDBACK_COUNTERFACTUAL,B_GEOGRAPHIC_BETA2,15,4,内蒙古,0.1394642657416313,0.08998710679522884,0.08998710679522881,VALIDATED_SAME_S_AND_NEXT_ALLOCATION_PAYOFF,0.04947715894640245
STATIC_NO_FEEDBACK_COUNTERFACTUAL,B_GEOGRAPHIC_BETA2,15,5,辽宁,0.17219561497996216,0.08999604340753452,0.08999604340753453,VALIDATED_SAME_S_AND_NEXT_ALLOCATION_PAYOFF,0.08219957157242765
STATIC_NO_FEEDBACK_COUNTERFACTUAL,B_GEOGRAPHIC_BETA2,15,6,吉林,0.11520127710220333,0.0899939304997048,0.08999393049970479,VALIDATED_SAME_S_AND_NEXT_ALLOCATION_PAYOFF,0.02520734660249853
STATIC_NO_FEEDBACK_COUNTERFACTUAL,B_GEOGRAPHIC_BETA2,15,7,黑龙江,0.14035130320034495,0.08999707451208712,0.0899970745120871,VALIDATED_SAME_S_AND_NEXT_ALLOCATION_PAYOFF,0.05035422868825783
STATIC_NO_FEEDBACK_COUNTERFACTUAL,B_GEOGRAPHIC_BETA2,15,8,上海,0.3701079584615967,0.08999482449358473,0.08999482449358472,VALIDATED_SAME_S_AND_NEXT_ALLOCATION_PAYOFF,0.28011313396801196
STATIC_NO_FEEDBACK_COUNTERFACTUAL,B_GEOGRAPHIC_BETA2,15,9,江苏,0.31083850892058074,0.08999544677596229,0.08999544677596226,VALIDATED_SAME_S_AND_NEXT_ALLOCATION_PAYOFF,0.22084306214461846
STATIC_NO_FEEDBACK_COUNTERFACTUAL,B_GEOGRAPHIC_BETA2,15,10,浙江,0.32027323643442734,0.08999692229462651,0.08999692229462647,VALIDATED_SAME_S_AND_NEXT_ALLOCATION_PAYOFF,0.23027631413980082
STATIC_NO_FEEDBACK_COUNTERFACTUAL,B_GEOGRAPHIC_BETA2,15,11,安徽,0.33981031622977836,0.08999946690821972,0.08999946690821971,VALIDATED_SAME_S_AND_NEXT_ALLOCATION_PAYOFF,0.24981084932155864
STATIC_NO_FEEDBACK_COUNTERFACTUAL,B_GEOGRAPHIC_BETA2,15,12,福建,0.3004159724048688,0.08999630289424072,0.08999630289424072,VALIDATED_SAME_S_AND_NEXT_ALLOCATION_PAYOFF,0.21041966951062807
STATIC_NO_FEEDBACK_COUNTERFACTUAL,B_GEOGRAPHIC_BETA2,15,13,江西,0.30970368647432406,0.08999954463858519,0.08999954463858519,VALIDATED_SAME_S_AND_NEXT_ALLOCATION_PAYOFF,0.2197041418357389
STATIC_NO_FEEDBACK_COUNTERFACTUAL,B_GEOGRAPHIC_BETA2,15,14,山东,0.21105676447729568,0.08999588446935157,0.08999588446935156,VALIDATED_SAME_S_AND_NEXT_ALLOCATION_PAYOFF,0.12106088000794411
STATIC_NO_FEEDBACK_COUNTERFACTUAL,B_GEOGRAPHIC_BETA2,15,15,河南,0.1953189259133912,0.08999701137100781,0.08999701137100782,VALIDATED_SAME_S_AND_NEXT_ALLOCATION_PAYOFF,0.10532191454238339
STATIC_NO_FEEDBACK_COUNTERFACTUAL,B_GEOGRAPHIC_BETA2,15,16,湖北,0.28099457339958284,0.08999725353171031,0.08999725353171033,VALIDATED_SAME_S_AND_NEXT_ALLOCATION_PAYOFF,0.19099731986787252
STATIC_NO_FEEDBACK_COUNTERFACTUAL,B_GEOGRAPHIC_BETA2,15,17,湖南,0.2625945139887421,0.08999838465595708,0.08999838465595707,VALIDATED_SAME_S_AND_NEXT_ALLOCATION_PAYOFF,0.17259612933278504
STATIC_NO_FEEDBACK_COUNTERFACTUAL,B_GEOGRAPHIC_BETA2,15,18,广东,0.36629951322556487,0.08999794980277528,0.0899979498027753,VALIDATED_SAME_S_AND_NEXT_ALLOCATION_PAYOFF,0.27630156342278955
STATIC_NO_FEEDBACK_COUNTERFACTUAL,B_GEOGRAPHIC_BETA2,15,19,广西,0.19199835118945702,0.0899983806301993,0.08999838063019931,VALIDATED_SAME_S_AND_NEXT_ALLOCATION_PAYOFF,0.10199997055925772
STATIC_NO_FEEDBACK_COUNTERFACTUAL,B_GEOGRAPHIC_BETA2,15,20,海南,0.2230480185405001,0.08999797503988906,0.08999797503988906,VALIDATED_SAME_S_AND_NEXT_ALLOCATION_PAYOFF,0.13305004350061106
STATIC_NO_FEEDBACK_COUNTERFACTUAL,B_GEOGRAPHIC_BETA2,15,21,重庆,0.29179439630552984,0.08999660895048067,0.08999660895048066,VALIDATED_SAME_S_AND_NEXT_ALLOCATION_PAYOFF,0.20179778735504916
STATIC_NO_FEEDBACK_COUNTERFACTUAL,B_GEOGRAPHIC_BETA2,15,22,四川,0.31403441155874207,0.08999906306023024,0.08999906306023026,VALIDATED_SAME_S_AND_NEXT_ALLOCATION_PAYOFF,0.2240353484985118
STATIC_NO_FEEDBACK_COUNTERFACTUAL,B_GEOGRAPHIC_BETA2,15,23,贵州,0.2651827835806933,0.08999984002586091,0.0899998400258609,VALIDATED_SAME_S_AND_NEXT_ALLOCATION_PAYOFF,0.17518294355483238
STATIC_NO_FEEDBACK_COUNTERFACTUAL,B_GEOGRAPHIC_BETA2,15,24,云南,0.1999742353264892,0.08999718496872548,0.0899971849687255,VALIDATED_SAME_S_AND_NEXT_ALLOCATION_PAYOFF,0.10997705035776371
STATIC_NO_FEEDBACK_COUNTERFACTUAL,B_GEOGRAPHIC_BETA2,15,25,西藏,0.1579007770663905,0.08999085714517566,0.08999085714517566,VALIDATED_SAME_S_AND_NEXT_ALLOCATION_PAYOFF,0.06790991992121484
STATIC_NO_FEEDBACK_COUNTERFACTUAL,B_GEOGRAPHIC_BETA2,15,26,陕西,0.21654637283318842,0.08999519227859469,0.08999519227859469,VALIDATED_SAME_S_AND_NEXT_ALLOCATION_PAYOFF,0.12655118055459375
STATIC_NO_FEEDBACK_COUNTERFACTUAL,B_GEOGRAPHIC_BETA2,15,27,甘肃,0.21394525032826942,0.09,0.09,VALIDATED_SAME_S_AND_NEXT_ALLOCATION_PAYOFF,0.12394525032826942
STATIC_NO_FEEDBACK_COUNTERFACTUAL,B_GEOGRAPHIC_BETA2,15,28,青海,0.11099537216867351,0.08819480115854932,0.08819480115854932,VALIDATED_SAME_S_AND_NEXT_ALLOCATION_PAYOFF,0.0228005710101242
STATIC_NO_FEEDBACK_COUNTERFACTUAL,B_GEOGRAPHIC_BETA2,15,29,宁夏,0.12717885764476727,0.08998871287331532,0.08998871287331532,VALIDATED_SAME_S_AND_NEXT_ALLOCATION_PAYOFF,0.03719014477145195
STATIC_NO_FEEDBACK_COUNTERFACTUAL,B_GEOGRAPHIC_BETA2,15,30,新疆,0.1692446389885235,0.08998818377351604,0.08998818377351604,VALIDATED_SAME_S_AND_NEXT_ALLOCATION_PAYOFF,0.07925645521500745
STATIC_NO_FEEDBACK_COUNTERFACTUAL,B_GEOGRAPHIC_BETA2,16,0,北京,0.38069218786755565,0.08999304228918614,0.08999304228918616,VALIDATED_SAME_S_AND_NEXT_ALLOCATION_PAYOFF,0.2906991455783695
STATIC_NO_FEEDBACK_COUNTERFACTUAL,B_GEOGRAPHIC_BETA2,16,1,天津,0.15877149257582882,0.08998548116667766,0.0899854811666777,VALIDATED_SAME_S_AND_NEXT_ALLOCATION_PAYOFF,0.06878601140915115
STATIC_NO_FEEDBACK_COUNTERFACTUAL,B_GEOGRAPHIC_BETA2,16,2,河北,0.1864605436515725,0.08999781385803303,0.08999781385803303,VALIDATED_SAME_S_AND_NEXT_ALLOCATION_PAYOFF,0.09646272979353947
STATIC_NO_FEEDBACK_COUNTERFACTUAL,B_GEOGRAPHIC_BETA2,16,3,山西,0.19604961581297448,0.08999750144001963,0.08999750144001964,VALIDATED_SAME_S_AND_NEXT_ALLOCATION_PAYOFF,0.10605211437295485
STATIC_NO_FEEDBACK_COUNTERFACTUAL,B_GEOGRAPHIC_BETA2,16,4,内蒙古,0.13946426574168272,0.0899871067952291,0.08998710679522907,VALIDATED_SAME_S_AND_NEXT_ALLOCATION_PAYOFF,0.04947715894645362
STATIC_NO_FEEDBACK_COUNTERFACTUAL,B_GEOGRAPHIC_BETA2,16,5,辽宁,0.17219561497546085,0.0899960434075346,0.0899960434075346,VALIDATED_SAME_S_AND_NEXT_ALLOCATION_PAYOFF,0.08219957156792625
STATIC_NO_FEEDBACK_COUNTERFACTUAL,B_GEOGRAPHIC_BETA2,16,6,吉林,0.1152012771022514,0.08999393049970493,0.08999393049970492,VALIDATED_SAME_S_AND_NEXT_ALLOCATION_PAYOFF,0.025207346602546477
STATIC_NO_FEEDBACK_COUNTERFACTUAL,B_GEOGRAPHIC_BETA2,16,7,黑龙江,0.1403513032003716,0.08999707451208717,0.08999707451208716,VALIDATED_SAME_S_AND_NEXT_ALLOCATION_PAYOFF,0.050354228688284416
STATIC_NO_FEEDBACK_COUNTERFACTUAL,B_GEOGRAPHIC_BETA2,16,8,上海,0.37010795846323197,0.08999482449358484,0.08999482449358481,VALIDATED_SAME_S_AND_NEXT_ALLOCATION_PAYOFF,0.2801131339696471
STATIC_NO_FEEDBACK_COUNTERFACTUAL,B_GEOGRAPHIC_BETA2,16,9,江苏,0.31083850892092213,0.08999544677596238,0.08999544677596236,VALIDATED_SAME_S_AND_NEXT_ALLOCATION_PAYOFF,0.22084306214495975
STATIC_NO_FEEDBACK_COUNTERFACTUAL,B_GEOGRAPHIC_BETA2,16,10,浙江,0.32027323643485556,0.08999692229462657,0.08999692229462654,VALIDATED_SAME_S_AND_NEXT_ALLOCATION_PAYOFF,0.23027631414022898
STATIC_NO_FEEDBACK_COUNTERFACTUAL,B_GEOGRAPHIC_BETA2,16,11,安徽,0.33981031623037417,0.08999946690821974,0.08999946690821972,VALIDATED_SAME_S_AND_NEXT_ALLOCATION_PAYOFF,0.24981084932215442
STATIC_NO_FEEDBACK_COUNTERFACTUAL,B_GEOGRAPHIC_BETA2,16,12,福建,0.30041597240520856,0.0899963028942408,0.0899963028942408,VALIDATED_SAME_S_AND_NEXT_ALLOCATION_PAYOFF,0.21041966951096774
STATIC_NO_FEEDBACK_COUNTERFACTUAL,B_GEOGRAPHIC_BETA2,16,13,江西,0.3097036864778928,0.0899995446385852,0.0899995446385852,VALIDATED_SAME_S_AND_NEXT_ALLOCATION_PAYOFF,0.21970414183930762
STATIC_NO_FEEDBACK_COUNTERFACTUAL,B_GEOGRAPHIC_BETA2,16,14,山东,0.2110567644773609,0.08999588446935165,0.08999588446935164,VALIDATED_SAME_S_AND_NEXT_ALLOCATION_PAYOFF,0.12106088000800926
STATIC_NO_FEEDBACK_COUNTERFACTUAL,B_GEOGRAPHIC_BETA2,16,15,河南,0.19531892591344965,0.08999701137100788,0.08999701137100789,VALIDATED_SAME_S_AND_NEXT_ALLOCATION_PAYOFF,0.10532191454244177
STATIC_NO_FEEDBACK_COUNTERFACTUAL,B_GEOGRAPHIC_BETA2,16,16,湖北,0.2809945733997802,0.08999725353171037,0.08999725353171038,VALIDATED_SAME_S_AND_NEXT_ALLOCATION_PAYOFF,0.1909973198680698
STATIC_NO_FEEDBACK_COUNTERFACTUAL,B_GEOGRAPHIC_BETA2,16,17,湖南,0.26259451398888356,0.08999838465595711,0.0899983846559571,VALIDATED_SAME_S_AND_NEXT_ALLOCATION_PAYOFF,0.17259612933292645
STATIC_NO_FEEDBACK_COUNTERFACTUAL,B_GEOGRAPHIC_BETA2,16,18,广东,0.3662995132264481,0.08999794980277533,0.08999794980277533,VALIDATED_SAME_S_AND_NEXT_ALLOCATION_PAYOFF,0.2763015634236728
STATIC_NO_FEEDBACK_COUNTERFACTUAL,B_GEOGRAPHIC_BETA2,16,19,广西,0.19199835120941894,0.08999838063019933,0.08999838063019934,VALIDATED_SAME_S_AND_NEXT_ALLOCATION_PAYOFF,0.10199997057921961
STATIC_NO_FEEDBACK_COUNTERFACTUAL,B_GEOGRAPHIC_BETA2,16,20,海南,0.2230480185406254,0.08999797503988909,0.0899979750398891,VALIDATED_SAME_S_AND_NEXT_ALLOCATION_PAYOFF,0.1330500435007363
STATIC_NO_FEEDBACK_COUNTERFACTUAL,B_GEOGRAPHIC_BETA2,16,21,重庆,0.2917943963005885,0.08999660895048074,0.08999660895048071,VALIDATED_SAME_S_AND_NEXT_ALLOCATION_PAYOFF,0.20179778735010778
STATIC_NO_FEEDBACK_COUNTERFACTUAL,B_GEOGRAPHIC_BETA2,16,22,四川,0.3140344115590649,0.08999906306023026,0.08999906306023028,VALIDATED_SAME_S_AND_NEXT_ALLOCATION_PAYOFF,0.22403534849883466
STATIC_NO_FEEDBACK_COUNTERFACTUAL,B_GEOGRAPHIC_BETA2,16,23,贵州,0.26518278357972247,0.08999984002586091,0.0899998400258609,VALIDATED_SAME_S_AND_NEXT_ALLOCATION_PAYOFF,0.17518294355386155
STATIC_NO_FEEDBACK_COUNTERFACTUAL,B_GEOGRAPHIC_BETA2,16,24,云南,0.19997423532102762,0.08999718496872554,0.08999718496872555,VALIDATED_SAME_S_AND_NEXT_ALLOCATION_PAYOFF,0.10997705035230208
STATIC_NO_FEEDBACK_COUNTERFACTUAL,B_GEOGRAPHIC_BETA2,16,25,西藏,0.15790077706643968,0.08999085714517584,0.08999085714517584,VALIDATED_SAME_S_AND_NEXT_ALLOCATION_PAYOFF,0.06790991992126384
STATIC_NO_FEEDBACK_COUNTERFACTUAL,B_GEOGRAPHIC_BETA2,16,26,陕西,0.21654637282898687,0.08999519227859479,0.08999519227859479,VALIDATED_SAME_S_AND_NEXT_ALLOCATION_PAYOFF,0.12655118055039208
STATIC_NO_FEEDBACK_COUNTERFACTUAL,B_GEOGRAPHIC_BETA2,16,27,甘肃,0.21394525032832476,0.09,0.09,VALIDATED_SAME_S_AND_NEXT_ALLOCATION_PAYOFF,0.12394525032832476
STATIC_NO_FEEDBACK_COUNTERFACTUAL,B_GEOGRAPHIC_BETA2,16,28,青海,0.11099537216873143,0.08819480115858556,0.08819480115858556,VALIDATED_SAME_S_AND_NEXT_ALLOCATION_PAYOFF,0.022800571010145862
STATIC_NO_FEEDBACK_COUNTERFACTUAL,B_GEOGRAPHIC_BETA2,16,29,宁夏,0.12717885764483033,0.08998871287331556,0.08998871287331556,VALIDATED_SAME_S_AND_NEXT_ALLOCATION_PAYOFF,0.03719014477151478
STATIC_NO_FEEDBACK_COUNTERFACTUAL,B_GEOGRAPHIC_BETA2,16,30,新疆,0.16924463898853037,0.08998818377351628,0.08998818377351628,VALIDATED_SAME_S_AND_NEXT_ALLOCATION_PAYOFF,0.0792564552150141
STATIC_NO_FEEDBACK_COUNTERFACTUAL,B_GEOGRAPHIC_BETA2,17,0,北京,0.38069218786772396,0.08999304228918613,0.08999304228918614,VALIDATED_SAME_S_AND_NEXT_ALLOCATION_PAYOFF,0.2906991455785378
STATIC_NO_FEEDBACK_COUNTERFACTUAL,B_GEOGRAPHIC_BETA2,17,1,天津,0.15877149257583514,0.08998548116667764,0.08998548116667768,VALIDATED_SAME_S_AND_NEXT_ALLOCATION_PAYOFF,0.06878601140915751
STATIC_NO_FEEDBACK_COUNTERFACTUAL,B_GEOGRAPHIC_BETA2,17,2,河北,0.1864605436515676,0.08999781385803302,0.08999781385803302,VALIDATED_SAME_S_AND_NEXT_ALLOCATION_PAYOFF,0.0964627297935346
STATIC_NO_FEEDBACK_COUNTERFACTUAL,B_GEOGRAPHIC_BETA2,17,3,山西,0.1960496158129623,0.08999750144001963,0.08999750144001963,VALIDATED_SAME_S_AND_NEXT_ALLOCATION_PAYOFF,0.10605211437294267
STATIC_NO_FEEDBACK_COUNTERFACTUAL,B_GEOGRAPHIC_BETA2,17,4,内蒙古,0.1394642657416855,0.08998710679522907,0.08998710679522905,VALIDATED_SAME_S_AND_NEXT_ALLOCATION_PAYOFF,0.04947715894645642
STATIC_NO_FEEDBACK_COUNTERFACTUAL,B_GEOGRAPHIC_BETA2,17,5,辽宁,0.1721956149760843,0.08999604340753459,0.0899960434075346,VALIDATED_SAME_S_AND_NEXT_ALLOCATION_PAYOFF,0.0821995715685497
STATIC_NO_FEEDBACK_COUNTERFACTUAL,B_GEOGRAPHIC_BETA2,17,6,吉林,0.11520127710225397,0.08999393049970492,0.0899939304997049,VALIDATED_SAME_S_AND_NEXT_ALLOCATION_PAYOFF,0.025207346602549058
STATIC_NO_FEEDBACK_COUNTERFACTUAL,B_GEOGRAPHIC_BETA2,17,7,黑龙江,0.1403513032003692,0.08999707451208717,0.08999707451208716,VALIDATED_SAME_S_AND_NEXT_ALLOCATION_PAYOFF,0.05035422868828203
STATIC_NO_FEEDBACK_COUNTERFACTUAL,B_GEOGRAPHIC_BETA2,17,8,上海,0.3701079584633444,0.08999482449358483,0.08999482449358481,VALIDATED_SAME_S_AND_NEXT_ALLOCATION_PAYOFF,0.28011313396975956
STATIC_NO_FEEDBACK_COUNTERFACTUAL,B_GEOGRAPHIC_BETA2,17,9,江苏,0.3108385089209331,0.08999544677596237,0.08999544677596234,VALIDATED_SAME_S_AND_NEXT_ALLOCATION_PAYOFF,0.22084306214497074
STATIC_NO_FEEDBACK_COUNTERFACTUAL,B_GEOGRAPHIC_BETA2,17,10,浙江,0.3202732364348703,0.08999692229462657,0.08999692229462652,VALIDATED_SAME_S_AND_NEXT_ALLOCATION_PAYOFF,0.23027631414024374
STATIC_NO_FEEDBACK_COUNTERFACTUAL,B_GEOGRAPHIC_BETA2,17,11,安徽,0.3398103162304012,0.08999946690821974,0.08999946690821972,VALIDATED_SAME_S_AND_NEXT_ALLOCATION_PAYOFF,0.24981084932218145
STATIC_NO_FEEDBACK_COUNTERFACTUAL,B_GEOGRAPHIC_BETA2,17,12,福建,0.3004159724052111,0.08999630289424079,0.08999630289424079,VALIDATED_SAME_S_AND_NEXT_ALLOCATION_PAYOFF,0.21041966951097033
STATIC_NO_FEEDBACK_COUNTERFACTUAL,B_GEOGRAPHIC_BETA2,17,13,江西,0.3097036864774958,0.08999954463858519,0.0899995446385852,VALIDATED_SAME_S_AND_NEXT_ALLOCATION_PAYOFF,0.21970414183891063
STATIC_NO_FEEDBACK_COUNTERFACTUAL,B_GEOGRAPHIC_BETA2,17,14,山东,0.21105676447735802,0.08999588446935165,0.08999588446935163,VALIDATED_SAME_S_AND_NEXT_ALLOCATION_PAYOFF,0.12106088000800637
STATIC_NO_FEEDBACK_COUNTERFACTUAL,B_GEOGRAPHIC_BETA2,17,15,河南,0.19531892591344502,0.08999701137100787,0.08999701137100788,VALIDATED_SAME_S_AND_NEXT_ALLOCATION_PAYOFF,0.10532191454243715
STATIC_NO_FEEDBACK_COUNTERFACTUAL,B_GEOGRAPHIC_BETA2,17,16,湖北,0.28099457339977824,0.08999725353171036,0.08999725353171038,VALIDATED_SAME_S_AND_NEXT_ALLOCATION_PAYOFF,0.1909973198680679
STATIC_NO_FEEDBACK_COUNTERFACTUAL,B_GEOGRAPHIC_BETA2,17,17,湖南,0.2625945139888776,0.08999838465595711,0.0899983846559571,VALIDATED_SAME_S_AND_NEXT_ALLOCATION_PAYOFF,0.1725961293329205
STATIC_NO_FEEDBACK_COUNTERFACTUAL,B_GEOGRAPHIC_BETA2,17,18,广东,0.3662995132264969,0.08999794980277531,0.08999794980277533,VALIDATED_SAME_S_AND_NEXT_ALLOCATION_PAYOFF,0.2763015634237216
STATIC_NO_FEEDBACK_COUNTERFACTUAL,B_GEOGRAPHIC_BETA2,17,19,广西,0.19199835120661735,0.08999838063019933,0.08999838063019934,VALIDATED_SAME_S_AND_NEXT_ALLOCATION_PAYOFF,0.10199997057641802
STATIC_NO_FEEDBACK_COUNTERFACTUAL,B_GEOGRAPHIC_BETA2,17,20,海南,0.22304801854061343,0.08999797503988909,0.08999797503988909,VALIDATED_SAME_S_AND_NEXT_ALLOCATION_PAYOFF,0.13305004350072436
STATIC_NO_FEEDBACK_COUNTERFACTUAL,B_GEOGRAPHIC_BETA2,17,21,重庆,0.2917943963013805,0.08999660895048073,0.08999660895048071,VALIDATED_SAME_S_AND_NEXT_ALLOCATION_PAYOFF,0.20179778735089976
STATIC_NO_FEEDBACK_COUNTERFACTUAL,B_GEOGRAPHIC_BETA2,17,22,四川,0.3140344115590728,0.08999906306023026,0.08999906306023028,VALIDATED_SAME_S_AND_NEXT_ALLOCATION_PAYOFF,0.22403534849884255
STATIC_NO_FEEDBACK_COUNTERFACTUAL,B_GEOGRAPHIC_BETA2,17,23,贵州,0.2651827835796514,0.08999984002586091,0.0899998400258609,VALIDATED_SAME_S_AND_NEXT_ALLOCATION_PAYOFF,0.1751829435537905
STATIC_NO_FEEDBACK_COUNTERFACTUAL,B_GEOGRAPHIC_BETA2,17,24,云南,0.19997423532178682,0.08999718496872552,0.08999718496872555,VALIDATED_SAME_S_AND_NEXT_ALLOCATION_PAYOFF,0.1099770503530613
STATIC_NO_FEEDBACK_COUNTERFACTUAL,B_GEOGRAPHIC_BETA2,17,25,西藏,0.15790077706643563,0.08999085714517582,0.08999085714517581,VALIDATED_SAME_S_AND_NEXT_ALLOCATION_PAYOFF,0.0679099199212598
STATIC_NO_FEEDBACK_COUNTERFACTUAL,B_GEOGRAPHIC_BETA2,17,26,陕西,0.21654637282957775,0.08999519227859477,0.08999519227859477,VALIDATED_SAME_S_AND_NEXT_ALLOCATION_PAYOFF,0.12655118055098297
STATIC_NO_FEEDBACK_COUNTERFACTUAL,B_GEOGRAPHIC_BETA2,17,27,甘肃,0.2139452503283162,0.09,0.09,VALIDATED_SAME_S_AND_NEXT_ALLOCATION_PAYOFF,0.12394525032831621
STATIC_NO_FEEDBACK_COUNTERFACTUAL,B_GEOGRAPHIC_BETA2,17,28,青海,0.11099537216873108,0.08819480115858194,0.08819480115858194,VALIDATED_SAME_S_AND_NEXT_ALLOCATION_PAYOFF,0.022800571010149137
STATIC_NO_FEEDBACK_COUNTERFACTUAL,B_GEOGRAPHIC_BETA2,17,29,宁夏,0.12717885764482934,0.08998871287331553,0.08998871287331553,VALIDATED_SAME_S_AND_NEXT_ALLOCATION_PAYOFF,0.037190144771513806
STATIC_NO_FEEDBACK_COUNTERFACTUAL,B_GEOGRAPHIC_BETA2,17,30,新疆,0.1692446389885243,0.08998818377351626,0.08998818377351626,VALIDATED_SAME_S_AND_NEXT_ALLOCATION_PAYOFF,0.07925645521500803
STATIC_NO_FEEDBACK_COUNTERFACTUAL,B_GEOGRAPHIC_BETA2,18,0,北京,0.38069218786773795,0.08999304228918613,0.08999304228918614,VALIDATED_SAME_S_AND_NEXT_ALLOCATION_PAYOFF,0.2906991455785518
STATIC_NO_FEEDBACK_COUNTERFACTUAL,B_GEOGRAPHIC_BETA2,18,1,天津,0.1587714925758351,0.08998548116667764,0.08998548116667768,VALIDATED_SAME_S_AND_NEXT_ALLOCATION_PAYOFF,0.06878601140915745
STATIC_NO_FEEDBACK_COUNTERFACTUAL,B_GEOGRAPHIC_BETA2,18,2,河北,0.18646054365156772,0.08999781385803302,0.08999781385803302,VALIDATED_SAME_S_AND_NEXT_ALLOCATION_PAYOFF,0.09646272979353471
STATIC_NO_FEEDBACK_COUNTERFACTUAL,B_GEOGRAPHIC_BETA2,18,3,山西,0.19604961581296224,0.08999750144001963,0.08999750144001963,VALIDATED_SAME_S_AND_NEXT_ALLOCATION_PAYOFF,0.10605211437294261
STATIC_NO_FEEDBACK_COUNTERFACTUAL,B_GEOGRAPHIC_BETA2,18,4,内蒙古,0.1394642657416854,0.08998710679522907,0.08998710679522905,VALIDATED_SAME_S_AND_NEXT_ALLOCATION_PAYOFF,0.04947715894645634
STATIC_NO_FEEDBACK_COUNTERFACTUAL,B_GEOGRAPHIC_BETA2,18,5,辽宁,0.17219561497599845,0.08999604340753459,0.0899960434075346,VALIDATED_SAME_S_AND_NEXT_ALLOCATION_PAYOFF,0.08219957156846386
STATIC_NO_FEEDBACK_COUNTERFACTUAL,B_GEOGRAPHIC_BETA2,18,6,吉林,0.11520127710225374,0.08999393049970492,0.0899939304997049,VALIDATED_SAME_S_AND_NEXT_ALLOCATION_PAYOFF,0.025207346602548822
STATIC_NO_FEEDBACK_COUNTERFACTUAL,B_GEOGRAPHIC_BETA2,18,7,黑龙江,0.14035130320036912,0.08999707451208717,0.08999707451208716,VALIDATED_SAME_S_AND_NEXT_ALLOCATION_PAYOFF,0.050354228688281946
STATIC_NO_FEEDBACK_COUNTERFACTUAL,B_GEOGRAPHIC_BETA2,18,8,上海,0.3701079584633544,0.08999482449358483,0.08999482449358481,VALIDATED_SAME_S_AND_NEXT_ALLOCATION_PAYOFF,0.2801131339697696
STATIC_NO_FEEDBACK_COUNTERFACTUAL,B_GEOGRAPHIC_BETA2,18,9,江苏,0.3108385089209343,0.08999544677596237,0.08999544677596234,VALIDATED_SAME_S_AND_NEXT_ALLOCATION_PAYOFF,0.2208430621449719
STATIC_NO_FEEDBACK_COUNTERFACTUAL,B_GEOGRAPHIC_BETA2,18,10,浙江,0.3202732364348721,0.08999692229462657,0.08999692229462652,VALIDATED_SAME_S_AND_NEXT_ALLOCATION_PAYOFF,0.23027631414024552
STATIC_NO_FEEDBACK_COUNTERFACTUAL,B_GEOGRAPHIC_BETA2,18,11,安徽,0.3398103162304037,0.08999946690821974,0.08999946690821972,VALIDATED_SAME_S_AND_NEXT_ALLOCATION_PAYOFF,0.24981084932218395
STATIC_NO_FEEDBACK_COUNTERFACTUAL,B_GEOGRAPHIC_BETA2,18,12,福建,0.30041597240521284,0.08999630289424079,0.08999630289424079,VALIDATED_SAME_S_AND_NEXT_ALLOCATION_PAYOFF,0.21041966951097205
STATIC_NO_FEEDBACK_COUNTERFACTUAL,B_GEOGRAPHIC_BETA2,18,13,江西,0.3097036864775634,0.08999954463858519,0.0899995446385852,VALIDATED_SAME_S_AND_NEXT_ALLOCATION_PAYOFF,0.21970414183897824
STATIC_NO_FEEDBACK_COUNTERFACTUAL,B_GEOGRAPHIC_BETA2,18,14,山东,0.211056764477358,0.08999588446935165,0.08999588446935163,VALIDATED_SAME_S_AND_NEXT_ALLOCATION_PAYOFF,0.12106088000800634
STATIC_NO_FEEDBACK_COUNTERFACTUAL,B_GEOGRAPHIC_BETA2,18,15,河南,0.19531892591344502,0.08999701137100787,0.08999701137100788,VALIDATED_SAME_S_AND_NEXT_ALLOCATION_PAYOFF,0.10532191454243715
STATIC_NO_FEEDBACK_COUNTERFACTUAL,B_GEOGRAPHIC_BETA2,18,16,湖北,0.28099457339977907,0.08999725353171036,0.08999725353171038,VALIDATED_SAME_S_AND_NEXT_ALLOCATION_PAYOFF,0.19099731986806873
STATIC_NO_FEEDBACK_COUNTERFACTUAL,B_GEOGRAPHIC_BETA2,18,17,湖南,0.2625945139888781,0.08999838465595711,0.0899983846559571,VALIDATED_SAME_S_AND_NEXT_ALLOCATION_PAYOFF,0.172596129332921
STATIC_NO_FEEDBACK_COUNTERFACTUAL,B_GEOGRAPHIC_BETA2,18,18,广东,0.3662995132265017,0.08999794980277531,0.08999794980277533,VALIDATED_SAME_S_AND_NEXT_ALLOCATION_PAYOFF,0.2763015634237264
STATIC_NO_FEEDBACK_COUNTERFACTUAL,B_GEOGRAPHIC_BETA2,18,19,广西,0.19199835120700898,0.08999838063019933,0.08999838063019934,VALIDATED_SAME_S_AND_NEXT_ALLOCATION_PAYOFF,0.10199997057680965
STATIC_NO_FEEDBACK_COUNTERFACTUAL,B_GEOGRAPHIC_BETA2,18,20,海南,0.22304801854061448,0.08999797503988909,0.08999797503988909,VALIDATED_SAME_S_AND_NEXT_ALLOCATION_PAYOFF,0.1330500435007254
STATIC_NO_FEEDBACK_COUNTERFACTUAL,B_GEOGRAPHIC_BETA2,18,21,重庆,0.2917943963012748,0.08999660895048073,0.08999660895048071,VALIDATED_SAME_S_AND_NEXT_ALLOCATION_PAYOFF,0.20179778735079407
STATIC_NO_FEEDBACK_COUNTERFACTUAL,B_GEOGRAPHIC_BETA2,18,22,四川,0.31403441155907386,0.08999906306023026,0.08999906306023028,VALIDATED_SAME_S_AND_NEXT_ALLOCATION_PAYOFF,0.2240353484988436
STATIC_NO_FEEDBACK_COUNTERFACTUAL,B_GEOGRAPHIC_BETA2,18,23,贵州,0.26518278357964825,0.08999984002586091,0.0899998400258609,VALIDATED_SAME_S_AND_NEXT_ALLOCATION_PAYOFF,0.17518294355378733
STATIC_NO_FEEDBACK_COUNTERFACTUAL,B_GEOGRAPHIC_BETA2,18,24,云南,0.19997423532168115,0.08999718496872554,0.08999718496872555,VALIDATED_SAME_S_AND_NEXT_ALLOCATION_PAYOFF,0.10997705035295562
STATIC_NO_FEEDBACK_COUNTERFACTUAL,B_GEOGRAPHIC_BETA2,18,25,西藏,0.15790077706643568,0.08999085714517582,0.08999085714517581,VALIDATED_SAME_S_AND_NEXT_ALLOCATION_PAYOFF,0.06790991992125986
STATIC_NO_FEEDBACK_COUNTERFACTUAL,B_GEOGRAPHIC_BETA2,18,26,陕西,0.2165463728294955,0.08999519227859477,0.08999519227859477,VALIDATED_SAME_S_AND_NEXT_ALLOCATION_PAYOFF,0.1265511805509007
STATIC_NO_FEEDBACK_COUNTERFACTUAL,B_GEOGRAPHIC_BETA2,18,27,甘肃,0.21394525032831638,0.09,0.09,VALIDATED_SAME_S_AND_NEXT_ALLOCATION_PAYOFF,0.12394525032831638
STATIC_NO_FEEDBACK_COUNTERFACTUAL,B_GEOGRAPHIC_BETA2,18,28,青海,0.11099537216873116,0.08819480115858207,0.08819480115858207,VALIDATED_SAME_S_AND_NEXT_ALLOCATION_PAYOFF,0.022800571010149095
STATIC_NO_FEEDBACK_COUNTERFACTUAL,B_GEOGRAPHIC_BETA2,18,29,宁夏,0.1271788576448294,0.08998871287331553,0.08998871287331553,VALIDATED_SAME_S_AND_NEXT_ALLOCATION_PAYOFF,0.03719014477151386
STATIC_NO_FEEDBACK_COUNTERFACTUAL,B_GEOGRAPHIC_BETA2,18,30,新疆,0.16924463898852438,0.08998818377351626,0.08998818377351626,VALIDATED_SAME_S_AND_NEXT_ALLOCATION_PAYOFF,0.07925645521500811
STATIC_NO_FEEDBACK_COUNTERFACTUAL,B_GEOGRAPHIC_BETA2,19,0,北京,0.3806921878677361,0.08999304228918613,0.08999304228918614,VALIDATED_SAME_S_AND_NEXT_ALLOCATION_PAYOFF,0.29069914557855
STATIC_NO_FEEDBACK_COUNTERFACTUAL,B_GEOGRAPHIC_BETA2,19,1,天津,0.1587714925758339,0.08998548116667762,0.08998548116667766,VALIDATED_SAME_S_AND_NEXT_ALLOCATION_PAYOFF,0.06878601140915627
STATIC_NO_FEEDBACK_COUNTERFACTUAL,B_GEOGRAPHIC_BETA2,19,2,河北,0.1864605436515661,0.08999781385803302,0.08999781385803302,VALIDATED_SAME_S_AND_NEXT_ALLOCATION_PAYOFF,0.0964627297935331
STATIC_NO_FEEDBACK_COUNTERFACTUAL,B_GEOGRAPHIC_BETA2,19,3,山西,0.19604961581296057,0.08999750144001961,0.08999750144001963,VALIDATED_SAME_S_AND_NEXT_ALLOCATION_PAYOFF,0.10605211437294096
STATIC_NO_FEEDBACK_COUNTERFACTUAL,B_GEOGRAPHIC_BETA2,19,4,内蒙古,0.13946426574168422,0.08998710679522907,0.08998710679522905,VALIDATED_SAME_S_AND_NEXT_ALLOCATION_PAYOFF,0.049477158946455144
STATIC_NO_FEEDBACK_COUNTERFACTUAL,B_GEOGRAPHIC_BETA2,19,5,辽宁,0.17219561497600888,0.08999604340753459,0.0899960434075346,VALIDATED_SAME_S_AND_NEXT_ALLOCATION_PAYOFF,0.0821995715684743
STATIC_NO_FEEDBACK_COUNTERFACTUAL,B_GEOGRAPHIC_BETA2,19,6,吉林,0.11520127710225281,0.08999393049970492,0.0899939304997049,VALIDATED_SAME_S_AND_NEXT_ALLOCATION_PAYOFF,0.025207346602547892
STATIC_NO_FEEDBACK_COUNTERFACTUAL,B_GEOGRAPHIC_BETA2,19,7,黑龙江,0.1403513032003679,0.08999707451208717,0.08999707451208716,VALIDATED_SAME_S_AND_NEXT_ALLOCATION_PAYOFF,0.050354228688280725
STATIC_NO_FEEDBACK_COUNTERFACTUAL,B_GEOGRAPHIC_BETA2,19,8,上海,0.3701079584633522,0.08999482449358483,0.08999482449358481,VALIDATED_SAME_S_AND_NEXT_ALLOCATION_PAYOFF,0.2801131339697674
STATIC_NO_FEEDBACK_COUNTERFACTUAL,B_GEOGRAPHIC_BETA2,19,9,江苏,0.3108385089209318,0.08999544677596237,0.08999544677596234,VALIDATED_SAME_S_AND_NEXT_ALLOCATION_PAYOFF,0.2208430621449694
STATIC_NO_FEEDBACK_COUNTERFACTUAL,B_GEOGRAPHIC_BETA2,19,10,浙江,0.32027323643486977,0.08999692229462655,0.08999692229462652,VALIDATED_SAME_S_AND_NEXT_ALLOCATION_PAYOFF,0.23027631414024322
STATIC_NO_FEEDBACK_COUNTERFACTUAL,B_GEOGRAPHIC_BETA2,19,11,安徽,0.33981031623040125,0.08999946690821974,0.08999946690821972,VALIDATED_SAME_S_AND_NEXT_ALLOCATION_PAYOFF,0.2498108493221815
STATIC_NO_FEEDBACK_COUNTERFACTUAL,B_GEOGRAPHIC_BETA2,19,12,福建,0.30041597240521034,0.08999630289424079,0.08999630289424079,VALIDATED_SAME_S_AND_NEXT_ALLOCATION_PAYOFF,0.21041966951096955
STATIC_NO_FEEDBACK_COUNTERFACTUAL,B_GEOGRAPHIC_BETA2,19,13,江西,0.30970368647755203,0.08999954463858519,0.0899995446385852,VALIDATED_SAME_S_AND_NEXT_ALLOCATION_PAYOFF,0.21970414183896686
STATIC_NO_FEEDBACK_COUNTERFACTUAL,B_GEOGRAPHIC_BETA2,19,14,山东,0.2110567644773563,0.08999588446935165,0.08999588446935163,VALIDATED_SAME_S_AND_NEXT_ALLOCATION_PAYOFF,0.12106088000800465
STATIC_NO_FEEDBACK_COUNTERFACTUAL,B_GEOGRAPHIC_BETA2,19,15,河南,0.19531892591344335,0.08999701137100787,0.08999701137100788,VALIDATED_SAME_S_AND_NEXT_ALLOCATION_PAYOFF,0.10532191454243549
STATIC_NO_FEEDBACK_COUNTERFACTUAL,B_GEOGRAPHIC_BETA2,19,16,湖北,0.2809945733997768,0.08999725353171036,0.08999725353171037,VALIDATED_SAME_S_AND_NEXT_ALLOCATION_PAYOFF,0.19099731986806645
STATIC_NO_FEEDBACK_COUNTERFACTUAL,B_GEOGRAPHIC_BETA2,19,17,湖南,0.26259451398887595,0.08999838465595711,0.0899983846559571,VALIDATED_SAME_S_AND_NEXT_ALLOCATION_PAYOFF,0.17259612933291885
STATIC_NO_FEEDBACK_COUNTERFACTUAL,B_GEOGRAPHIC_BETA2,19,18,广东,0.36629951322649923,0.08999794980277531,0.08999794980277533,VALIDATED_SAME_S_AND_NEXT_ALLOCATION_PAYOFF,0.2763015634237239
STATIC_NO_FEEDBACK_COUNTERFACTUAL,B_GEOGRAPHIC_BETA2,19,19,广西,0.1919983512069526,0.08999838063019933,0.08999838063019934,VALIDATED_SAME_S_AND_NEXT_ALLOCATION_PAYOFF,0.10199997057675328
STATIC_NO_FEEDBACK_COUNTERFACTUAL,B_GEOGRAPHIC_BETA2,19,20,海南,0.22304801854061257,0.08999797503988909,0.08999797503988909,VALIDATED_SAME_S_AND_NEXT_ALLOCATION_PAYOFF,0.13305004350072347
STATIC_NO_FEEDBACK_COUNTERFACTUAL,B_GEOGRAPHIC_BETA2,19,21,重庆,0.29179439630128806,0.08999660895048073,0.08999660895048071,VALIDATED_SAME_S_AND_NEXT_ALLOCATION_PAYOFF,0.20179778735080733
STATIC_NO_FEEDBACK_COUNTERFACTUAL,B_GEOGRAPHIC_BETA2,19,22,四川,0.3140344115590714,0.08999906306023026,0.08999906306023027,VALIDATED_SAME_S_AND_NEXT_ALLOCATION_PAYOFF,0.22403534849884116
STATIC_NO_FEEDBACK_COUNTERFACTUAL,B_GEOGRAPHIC_BETA2,19,23,贵州,0.26518278357964586,0.08999984002586091,0.0899998400258609,VALIDATED_SAME_S_AND_NEXT_ALLOCATION_PAYOFF,0.17518294355378494
STATIC_NO_FEEDBACK_COUNTERFACTUAL,B_GEOGRAPHIC_BETA2,19,24,云南,0.19997423532169425,0.08999718496872552,0.08999718496872555,VALIDATED_SAME_S_AND_NEXT_ALLOCATION_PAYOFF,0.10997705035296873
STATIC_NO_FEEDBACK_COUNTERFACTUAL,B_GEOGRAPHIC_BETA2,19,25,西藏,0.15790077706643432,0.08999085714517582,0.08999085714517581,VALIDATED_SAME_S_AND_NEXT_ALLOCATION_PAYOFF,0.0679099199212585
STATIC_NO_FEEDBACK_COUNTERFACTUAL,B_GEOGRAPHIC_BETA2,19,26,陕西,0.21654637282950526,0.08999519227859477,0.08999519227859477,VALIDATED_SAME_S_AND_NEXT_ALLOCATION_PAYOFF,0.12655118055091047
STATIC_NO_FEEDBACK_COUNTERFACTUAL,B_GEOGRAPHIC_BETA2,19,27,甘肃,0.21394525032831455,0.09,0.09,VALIDATED_SAME_S_AND_NEXT_ALLOCATION_PAYOFF,0.12394525032831455
STATIC_NO_FEEDBACK_COUNTERFACTUAL,B_GEOGRAPHIC_BETA2,19,28,青海,0.11099537216873022,0.08819480115858139,0.08819480115858139,VALIDATED_SAME_S_AND_NEXT_ALLOCATION_PAYOFF,0.022800571010148832
STATIC_NO_FEEDBACK_COUNTERFACTUAL,B_GEOGRAPHIC_BETA2,19,29,宁夏,0.12717885764482834,0.08998871287331553,0.08998871287331553,VALIDATED_SAME_S_AND_NEXT_ALLOCATION_PAYOFF,0.037190144771512806
STATIC_NO_FEEDBACK_COUNTERFACTUAL,B_GEOGRAPHIC_BETA2,19,30,新疆,0.16924463898852293,0.08998818377351625,0.08998818377351625,VALIDATED_SAME_S_AND_NEXT_ALLOCATION_PAYOFF,0.07925645521500668
STATIC_NO_FEEDBACK_COUNTERFACTUAL,B_GEOGRAPHIC_BETA2,20,0,北京,0.38069218786773645,0.08999304228918613,0.08999304228918614,VALIDATED_SAME_S_AND_NEXT_ALLOCATION_PAYOFF,0.2906991455785503
STATIC_NO_FEEDBACK_COUNTERFACTUAL,B_GEOGRAPHIC_BETA2,20,1,天津,0.1587714925758341,0.08998548116667762,0.08998548116667766,VALIDATED_SAME_S_AND_NEXT_ALLOCATION_PAYOFF,0.06878601140915647
STATIC_NO_FEEDBACK_COUNTERFACTUAL,B_GEOGRAPHIC_BETA2,20,2,河北,0.18646054365156634,0.08999781385803302,0.08999781385803302,VALIDATED_SAME_S_AND_NEXT_ALLOCATION_PAYOFF,0.09646272979353332
STATIC_NO_FEEDBACK_COUNTERFACTUAL,B_GEOGRAPHIC_BETA2,20,3,山西,0.1960496158129608,0.08999750144001961,0.08999750144001963,VALIDATED_SAME_S_AND_NEXT_ALLOCATION_PAYOFF,0.10605211437294118
STATIC_NO_FEEDBACK_COUNTERFACTUAL,B_GEOGRAPHIC_BETA2,20,4,内蒙古,0.13946426574168444,0.08998710679522907,0.08998710679522905,VALIDATED_SAME_S_AND_NEXT_ALLOCATION_PAYOFF,0.049477158946455366
STATIC_NO_FEEDBACK_COUNTERFACTUAL,B_GEOGRAPHIC_BETA2,20,5,辽宁,0.1721956149760076,0.08999604340753459,0.0899960434075346,VALIDATED_SAME_S_AND_NEXT_ALLOCATION_PAYOFF,0.08219957156847302
STATIC_NO_FEEDBACK_COUNTERFACTUAL,B_GEOGRAPHIC_BETA2,20,6,吉林,0.11520127710225296,0.08999393049970492,0.0899939304997049,VALIDATED_SAME_S_AND_NEXT_ALLOCATION_PAYOFF,0.025207346602548045
STATIC_NO_FEEDBACK_COUNTERFACTUAL,B_GEOGRAPHIC_BETA2,20,7,黑龙江,0.14035130320036812,0.08999707451208717,0.08999707451208716,VALIDATED_SAME_S_AND_NEXT_ALLOCATION_PAYOFF,0.05035422868828095
STATIC_NO_FEEDBACK_COUNTERFACTUAL,B_GEOGRAPHIC_BETA2,20,8,上海,0.37010795846335265,0.08999482449358483,0.08999482449358481,VALIDATED_SAME_S_AND_NEXT_ALLOCATION_PAYOFF,0.28011313396976784
STATIC_NO_FEEDBACK_COUNTERFACTUAL,B_GEOGRAPHIC_BETA2,20,9,江苏,0.31083850892093207,0.08999544677596237,0.08999544677596234,VALIDATED_SAME_S_AND_NEXT_ALLOCATION_PAYOFF,0.22084306214496968
STATIC_NO_FEEDBACK_COUNTERFACTUAL,B_GEOGRAPHIC_BETA2,20,10,浙江,0.3202732364348699,0.08999692229462655,0.08999692229462652,VALIDATED_SAME_S_AND_NEXT_ALLOCATION_PAYOFF,0.23027631414024333
STATIC_NO_FEEDBACK_COUNTERFACTUAL,B_GEOGRAPHIC_BETA2,20,11,安徽,0.3398103162304015,0.08999946690821974,0.08999946690821972,VALIDATED_SAME_S_AND_NEXT_ALLOCATION_PAYOFF,0.24981084932218173
STATIC_NO_FEEDBACK_COUNTERFACTUAL,B_GEOGRAPHIC_BETA2,20,12,福建,0.3004159724052106,0.08999630289424079,0.08999630289424079,VALIDATED_SAME_S_AND_NEXT_ALLOCATION_PAYOFF,0.21041966951096983
STATIC_NO_FEEDBACK_COUNTERFACTUAL,B_GEOGRAPHIC_BETA2,20,13,江西,0.309703686477554,0.08999954463858519,0.0899995446385852,VALIDATED_SAME_S_AND_NEXT_ALLOCATION_PAYOFF,0.2197041418389688
STATIC_NO_FEEDBACK_COUNTERFACTUAL,B_GEOGRAPHIC_BETA2,20,14,山东,0.2110567644773565,0.08999588446935165,0.08999588446935163,VALIDATED_SAME_S_AND_NEXT_ALLOCATION_PAYOFF,0.12106088000800484
STATIC_NO_FEEDBACK_COUNTERFACTUAL,B_GEOGRAPHIC_BETA2,20,15,河南,0.19531892591344366,0.08999701137100787,0.08999701137100788,VALIDATED_SAME_S_AND_NEXT_ALLOCATION_PAYOFF,0.1053219145424358
STATIC_NO_FEEDBACK_COUNTERFACTUAL,B_GEOGRAPHIC_BETA2,20,16,湖北,0.28099457339977707,0.08999725353171036,0.08999725353171037,VALIDATED_SAME_S_AND_NEXT_ALLOCATION_PAYOFF,0.19099731986806673
STATIC_NO_FEEDBACK_COUNTERFACTUAL,B_GEOGRAPHIC_BETA2,20,17,湖南,0.2625945139888761,0.08999838465595711,0.0899983846559571,VALIDATED_SAME_S_AND_NEXT_ALLOCATION_PAYOFF,0.172596129332919
STATIC_NO_FEEDBACK_COUNTERFACTUAL,B_GEOGRAPHIC_BETA2,20,18,广东,0.36629951322649945,0.08999794980277531,0.08999794980277533,VALIDATED_SAME_S_AND_NEXT_ALLOCATION_PAYOFF,0.27630156342372414
STATIC_NO_FEEDBACK_COUNTERFACTUAL,B_GEOGRAPHIC_BETA2,20,19,广西,0.1919983512069607,0.08999838063019933,0.08999838063019934,VALIDATED_SAME_S_AND_NEXT_ALLOCATION_PAYOFF,0.10199997057676138
STATIC_NO_FEEDBACK_COUNTERFACTUAL,B_GEOGRAPHIC_BETA2,20,20,海南,0.2230480185406128,0.08999797503988909,0.08999797503988909,VALIDATED_SAME_S_AND_NEXT_ALLOCATION_PAYOFF,0.1330500435007237
STATIC_NO_FEEDBACK_COUNTERFACTUAL,B_GEOGRAPHIC_BETA2,20,21,重庆,0.29179439630128645,0.08999660895048073,0.08999660895048071,VALIDATED_SAME_S_AND_NEXT_ALLOCATION_PAYOFF,0.20179778735080572
STATIC_NO_FEEDBACK_COUNTERFACTUAL,B_GEOGRAPHIC_BETA2,20,22,四川,0.3140344115590717,0.08999906306023026,0.08999906306023027,VALIDATED_SAME_S_AND_NEXT_ALLOCATION_PAYOFF,0.22403534849884144
STATIC_NO_FEEDBACK_COUNTERFACTUAL,B_GEOGRAPHIC_BETA2,20,23,贵州,0.26518278357964603,0.08999984002586091,0.0899998400258609,VALIDATED_SAME_S_AND_NEXT_ALLOCATION_PAYOFF,0.1751829435537851
STATIC_NO_FEEDBACK_COUNTERFACTUAL,B_GEOGRAPHIC_BETA2,20,24,云南,0.19997423532169264,0.08999718496872552,0.08999718496872555,VALIDATED_SAME_S_AND_NEXT_ALLOCATION_PAYOFF,0.10997705035296712
STATIC_NO_FEEDBACK_COUNTERFACTUAL,B_GEOGRAPHIC_BETA2,20,25,西藏,0.15790077706643454,0.08999085714517582,0.08999085714517581,VALIDATED_SAME_S_AND_NEXT_ALLOCATION_PAYOFF,0.06790991992125872
STATIC_NO_FEEDBACK_COUNTERFACTUAL,B_GEOGRAPHIC_BETA2,20,26,陕西,0.21654637282950415,0.08999519227859477,0.08999519227859477,VALIDATED_SAME_S_AND_NEXT_ALLOCATION_PAYOFF,0.12655118055090936
STATIC_NO_FEEDBACK_COUNTERFACTUAL,B_GEOGRAPHIC_BETA2,20,27,甘肃,0.21394525032831488,0.09,0.09,VALIDATED_SAME_S_AND_NEXT_ALLOCATION_PAYOFF,0.12394525032831488
STATIC_NO_FEEDBACK_COUNTERFACTUAL,B_GEOGRAPHIC_BETA2,20,28,青海,0.11099537216873036,0.08819480115858148,0.08819480115858148,VALIDATED_SAME_S_AND_NEXT_ALLOCATION_PAYOFF,0.022800571010148873
STATIC_NO_FEEDBACK_COUNTERFACTUAL,B_GEOGRAPHIC_BETA2,20,29,宁夏,0.12717885764482853,0.08998871287331553,0.08998871287331553,VALIDATED_SAME_S_AND_NEXT_ALLOCATION_PAYOFF,0.037190144771513
STATIC_NO_FEEDBACK_COUNTERFACTUAL,B_GEOGRAPHIC_BETA2,20,30,新疆,0.16924463898852313,0.08998818377351626,0.08998818377351626,VALIDATED_SAME_S_AND_NEXT_ALLOCATION_PAYOFF,0.07925645521500686
STATIC_NO_FEEDBACK_COUNTERFACTUAL,B_GEOGRAPHIC_BETA2,21,0,北京,0.3806921878677375,0.08999304228918613,0.08999304228918614,VALIDATED_SAME_S_AND_NEXT_ALLOCATION_PAYOFF,0.29069914557855137
STATIC_NO_FEEDBACK_COUNTERFACTUAL,B_GEOGRAPHIC_BETA2,21,1,天津,0.15877149257583448,0.08998548116667764,0.08998548116667766,VALIDATED_SAME_S_AND_NEXT_ALLOCATION_PAYOFF,0.06878601140915684
STATIC_NO_FEEDBACK_COUNTERFACTUAL,B_GEOGRAPHIC_BETA2,21,2,河北,0.18646054365156692,0.08999781385803302,0.08999781385803302,VALIDATED_SAME_S_AND_NEXT_ALLOCATION_PAYOFF,0.0964627297935339
STATIC_NO_FEEDBACK_COUNTERFACTUAL,B_GEOGRAPHIC_BETA2,21,3,山西,0.19604961581296135,0.08999750144001963,0.08999750144001963,VALIDATED_SAME_S_AND_NEXT_ALLOCATION_PAYOFF,0.10605211437294172
STATIC_NO_FEEDBACK_COUNTERFACTUAL,B_GEOGRAPHIC_BETA2,21,4,内蒙古,0.13946426574168475,0.08998710679522907,0.08998710679522905,VALIDATED_SAME_S_AND_NEXT_ALLOCATION_PAYOFF,0.04947715894645567
STATIC_NO_FEEDBACK_COUNTERFACTUAL,B_GEOGRAPHIC_BETA2,21,5,辽宁,0.17219561497600835,0.08999604340753459,0.0899960434075346,VALIDATED_SAME_S_AND_NEXT_ALLOCATION_PAYOFF,0.08219957156847377
STATIC_NO_FEEDBACK_COUNTERFACTUAL,B_GEOGRAPHIC_BETA2,21,6,吉林,0.11520127710225331,0.08999393049970492,0.0899939304997049,VALIDATED_SAME_S_AND_NEXT_ALLOCATION_PAYOFF,0.02520734660254839
STATIC_NO_FEEDBACK_COUNTERFACTUAL,B_GEOGRAPHIC_BETA2,21,7,黑龙江,0.14035130320036854,0.08999707451208717,0.08999707451208716,VALIDATED_SAME_S_AND_NEXT_ALLOCATION_PAYOFF,0.05035422868828136
STATIC_NO_FEEDBACK_COUNTERFACTUAL,B_GEOGRAPHIC_BETA2,21,8,上海,0.3701079584633536,0.08999482449358483,0.08999482449358481,VALIDATED_SAME_S_AND_NEXT_ALLOCATION_PAYOFF,0.2801131339697688
STATIC_NO_FEEDBACK_COUNTERFACTUAL,B_GEOGRAPHIC_BETA2,21,9,江苏,0.3108385089209329,0.08999544677596237,0.08999544677596234,VALIDATED_SAME_S_AND_NEXT_ALLOCATION_PAYOFF,0.22084306214497051
STATIC_NO_FEEDBACK_COUNTERFACTUAL,B_GEOGRAPHIC_BETA2,21,10,浙江,0.3202732364348708,0.08999692229462657,0.08999692229462652,VALIDATED_SAME_S_AND_NEXT_ALLOCATION_PAYOFF,0.23027631414024424
STATIC_NO_FEEDBACK_COUNTERFACTUAL,B_GEOGRAPHIC_BETA2,21,11,安徽,0.3398103162304025,0.08999946690821974,0.08999946690821972,VALIDATED_SAME_S_AND_NEXT_ALLOCATION_PAYOFF,0.24981084932218273
STATIC_NO_FEEDBACK_COUNTERFACTUAL,B_GEOGRAPHIC_BETA2,21,12,福建,0.30041597240521145,0.08999630289424079,0.08999630289424079,VALIDATED_SAME_S_AND_NEXT_ALLOCATION_PAYOFF,0.21041966951097066
STATIC_NO_FEEDBACK_COUNTERFACTUAL,B_GEOGRAPHIC_BETA2,21,13,江西,0.3097036864775546,0.08999954463858519,0.0899995446385852,VALIDATED_SAME_S_AND_NEXT_ALLOCATION_PAYOFF,0.2197041418389694
STATIC_NO_FEEDBACK_COUNTERFACTUAL,B_GEOGRAPHIC_BETA2,21,14,山东,0.21105676447735713,0.08999588446935165,0.08999588446935163,VALIDATED_SAME_S_AND_NEXT_ALLOCATION_PAYOFF,0.12106088000800548
STATIC_NO_FEEDBACK_COUNTERFACTUAL,B_GEOGRAPHIC_BETA2,21,15,河南,0.19531892591344419,0.08999701137100787,0.08999701137100788,VALIDATED_SAME_S_AND_NEXT_ALLOCATION_PAYOFF,0.10532191454243632
STATIC_NO_FEEDBACK_COUNTERFACTUAL,B_GEOGRAPHIC_BETA2,21,16,湖北,0.2809945733997778,0.08999725353171036,0.08999725353171038,VALIDATED_SAME_S_AND_NEXT_ALLOCATION_PAYOFF,0.19099731986806745
STATIC_NO_FEEDBACK_COUNTERFACTUAL,B_GEOGRAPHIC_BETA2,21,17,湖南,0.26259451398887684,0.08999838465595711,0.0899983846559571,VALIDATED_SAME_S_AND_NEXT_ALLOCATION_PAYOFF,0.17259612933291973
STATIC_NO_FEEDBACK_COUNTERFACTUAL,B_GEOGRAPHIC_BETA2,21,18,广东,0.3662995132265006,0.08999794980277531,0.08999794980277533,VALIDATED_SAME_S_AND_NEXT_ALLOCATION_PAYOFF,0.2763015634237253
STATIC_NO_FEEDBACK_COUNTERFACTUAL,B_GEOGRAPHIC_BETA2,21,19,广西,0.19199835120696018,0.08999838063019933,0.08999838063019934,VALIDATED_SAME_S_AND_NEXT_ALLOCATION_PAYOFF,0.10199997057676086
STATIC_NO_FEEDBACK_COUNTERFACTUAL,B_GEOGRAPHIC_BETA2,21,20,海南,0.22304801854061346,0.08999797503988909,0.08999797503988909,VALIDATED_SAME_S_AND_NEXT_ALLOCATION_PAYOFF,0.13305004350072436
STATIC_NO_FEEDBACK_COUNTERFACTUAL,B_GEOGRAPHIC_BETA2,21,21,重庆,0.29179439630128745,0.08999660895048073,0.08999660895048071,VALIDATED_SAME_S_AND_NEXT_ALLOCATION_PAYOFF,0.20179778735080672
STATIC_NO_FEEDBACK_COUNTERFACTUAL,B_GEOGRAPHIC_BETA2,21,22,四川,0.3140344115590726,0.08999906306023026,0.08999906306023028,VALIDATED_SAME_S_AND_NEXT_ALLOCATION_PAYOFF,0.22403534849884232
STATIC_NO_FEEDBACK_COUNTERFACTUAL,B_GEOGRAPHIC_BETA2,21,23,贵州,0.26518278357964686,0.08999984002586091,0.0899998400258609,VALIDATED_SAME_S_AND_NEXT_ALLOCATION_PAYOFF,0.17518294355378594
STATIC_NO_FEEDBACK_COUNTERFACTUAL,B_GEOGRAPHIC_BETA2,21,24,云南,0.19997423532169348,0.08999718496872552,0.08999718496872555,VALIDATED_SAME_S_AND_NEXT_ALLOCATION_PAYOFF,0.10997705035296795
STATIC_NO_FEEDBACK_COUNTERFACTUAL,B_GEOGRAPHIC_BETA2,21,25,西藏,0.15790077706643496,0.08999085714517582,0.08999085714517581,VALIDATED_SAME_S_AND_NEXT_ALLOCATION_PAYOFF,0.06790991992125914
STATIC_NO_FEEDBACK_COUNTERFACTUAL,B_GEOGRAPHIC_BETA2,21,26,陕西,0.2165463728295049,0.08999519227859477,0.08999519227859477,VALIDATED_SAME_S_AND_NEXT_ALLOCATION_PAYOFF,0.12655118055091014
STATIC_NO_FEEDBACK_COUNTERFACTUAL,B_GEOGRAPHIC_BETA2,21,27,甘肃,0.21394525032831543,0.09,0.09,VALIDATED_SAME_S_AND_NEXT_ALLOCATION_PAYOFF,0.12394525032831544
STATIC_NO_FEEDBACK_COUNTERFACTUAL,B_GEOGRAPHIC_BETA2,21,28,青海,0.11099537216873069,0.08819480115858169,0.08819480115858169,VALIDATED_SAME_S_AND_NEXT_ALLOCATION_PAYOFF,0.022800571010149
STATIC_NO_FEEDBACK_COUNTERFACTUAL,B_GEOGRAPHIC_BETA2,21,29,宁夏,0.12717885764482886,0.08998871287331553,0.08998871287331553,VALIDATED_SAME_S_AND_NEXT_ALLOCATION_PAYOFF,0.037190144771513334
STATIC_NO_FEEDBACK_COUNTERFACTUAL,B_GEOGRAPHIC_BETA2,21,30,新疆,0.1692446389885236,0.08998818377351626,0.08998818377351626,VALIDATED_SAME_S_AND_NEXT_ALLOCATION_PAYOFF,0.07925645521500733
STATIC_NO_FEEDBACK_COUNTERFACTUAL,B_GEOGRAPHIC_BETA2,22,0,北京,0.38069218786773956,0.08999304228918613,0.08999304228918614,VALIDATED_SAME_S_AND_NEXT_ALLOCATION_PAYOFF,0.2906991455785534
STATIC_NO_FEEDBACK_COUNTERFACTUAL,B_GEOGRAPHIC_BETA2,22,1,天津,0.15877149257583548,0.08998548116667764,0.08998548116667768,VALIDATED_SAME_S_AND_NEXT_ALLOCATION_PAYOFF,0.06878601140915784
STATIC_NO_FEEDBACK_COUNTERFACTUAL,B_GEOGRAPHIC_BETA2,22,2,河北,0.18646054365156786,0.08999781385803302,0.08999781385803302,VALIDATED_SAME_S_AND_NEXT_ALLOCATION_PAYOFF,0.09646272979353485
STATIC_NO_FEEDBACK_COUNTERFACTUAL,B_GEOGRAPHIC_BETA2,22,3,山西,0.19604961581296243,0.08999750144001963,0.08999750144001963,VALIDATED_SAME_S_AND_NEXT_ALLOCATION_PAYOFF,0.1060521143729428
STATIC_NO_FEEDBACK_COUNTERFACTUAL,B_GEOGRAPHIC_BETA2,22,4,内蒙古,0.1394642657416856,0.08998710679522907,0.08998710679522905,VALIDATED_SAME_S_AND_NEXT_ALLOCATION_PAYOFF,0.04947715894645653
STATIC_NO_FEEDBACK_COUNTERFACTUAL,B_GEOGRAPHIC_BETA2,22,5,辽宁,0.1721956149760092,0.08999604340753459,0.0899960434075346,VALIDATED_SAME_S_AND_NEXT_ALLOCATION_PAYOFF,0.0821995715684746
STATIC_NO_FEEDBACK_COUNTERFACTUAL,B_GEOGRAPHIC_BETA2,22,6,吉林,0.11520127710225396,0.08999393049970492,0.0899939304997049,VALIDATED_SAME_S_AND_NEXT_ALLOCATION_PAYOFF,0.025207346602549044
STATIC_NO_FEEDBACK_COUNTERFACTUAL,B_GEOGRAPHIC_BETA2,22,7,黑龙江,0.1403513032003693,0.08999707451208717,0.08999707451208716,VALIDATED_SAME_S_AND_NEXT_ALLOCATION_PAYOFF,0.05035422868828211
STATIC_NO_FEEDBACK_COUNTERFACTUAL,B_GEOGRAPHIC_BETA2,22,8,上海,0.37010795846335554,0.08999482449358483,0.08999482449358481,VALIDATED_SAME_S_AND_NEXT_ALLOCATION_PAYOFF,0.2801131339697707
STATIC_NO_FEEDBACK_COUNTERFACTUAL,B_GEOGRAPHIC_BETA2,22,9,江苏,0.31083850892093456,0.08999544677596237,0.08999544677596234,VALIDATED_SAME_S_AND_NEXT_ALLOCATION_PAYOFF,0.22084306214497218
STATIC_NO_FEEDBACK_COUNTERFACTUAL,B_GEOGRAPHIC_BETA2,22,10,浙江,0.3202732364348725,0.08999692229462657,0.08999692229462652,VALIDATED_SAME_S_AND_NEXT_ALLOCATION_PAYOFF,0.2302763141402459
STATIC_NO_FEEDBACK_COUNTERFACTUAL,B_GEOGRAPHIC_BETA2,22,11,安徽,0.3398103162304042,0.08999946690821974,0.08999946690821972,VALIDATED_SAME_S_AND_NEXT_ALLOCATION_PAYOFF,0.24981084932218445
STATIC_NO_FEEDBACK_COUNTERFACTUAL,B_GEOGRAPHIC_BETA2,22,12,福建,0.3004159724052131,0.08999630289424079,0.08999630289424079,VALIDATED_SAME_S_AND_NEXT_ALLOCATION_PAYOFF,0.21041966951097232
STATIC_NO_FEEDBACK_COUNTERFACTUAL,B_GEOGRAPHIC_BETA2,22,13,江西,0.3097036864775562,0.08999954463858519,0.0899995446385852,VALIDATED_SAME_S_AND_NEXT_ALLOCATION_PAYOFF,0.21970414183897102
STATIC_NO_FEEDBACK_COUNTERFACTUAL,B_GEOGRAPHIC_BETA2,22,14,山东,0.2110567644773583,0.08999588446935165,0.08999588446935163,VALIDATED_SAME_S_AND_NEXT_ALLOCATION_PAYOFF,0.12106088000800665
STATIC_NO_FEEDBACK_COUNTERFACTUAL,B_GEOGRAPHIC_BETA2,22,15,河南,0.1953189259134453,0.08999701137100787,0.08999701137100788,VALIDATED_SAME_S_AND_NEXT_ALLOCATION_PAYOFF,0.10532191454243743
STATIC_NO_FEEDBACK_COUNTERFACTUAL,B_GEOGRAPHIC_BETA2,22,16,湖北,0.28099457339977946,0.08999725353171036,0.08999725353171038,VALIDATED_SAME_S_AND_NEXT_ALLOCATION_PAYOFF,0.19099731986806912
STATIC_NO_FEEDBACK_COUNTERFACTUAL,B_GEOGRAPHIC_BETA2,22,17,湖南,0.26259451398887845,0.08999838465595711,0.0899983846559571,VALIDATED_SAME_S_AND_NEXT_ALLOCATION_PAYOFF,0.17259612933292134
STATIC_NO_FEEDBACK_COUNTERFACTUAL,B_GEOGRAPHIC_BETA2,22,18,广东,0.3662995132265026,0.08999794980277531,0.08999794980277533,VALIDATED_SAME_S_AND_NEXT_ALLOCATION_PAYOFF,0.2763015634237273
STATIC_NO_FEEDBACK_COUNTERFACTUAL,B_GEOGRAPHIC_BETA2,22,19,广西,0.19199835120696132,0.08999838063019933,0.08999838063019934,VALIDATED_SAME_S_AND_NEXT_ALLOCATION_PAYOFF,0.101999970576762
STATIC_NO_FEEDBACK_COUNTERFACTUAL,B_GEOGRAPHIC_BETA2,22,20,海南,0.2230480185406147,0.08999797503988909,0.08999797503988909,VALIDATED_SAME_S_AND_NEXT_ALLOCATION_PAYOFF,0.13305004350072563
STATIC_NO_FEEDBACK_COUNTERFACTUAL,B_GEOGRAPHIC_BETA2,22,21,重庆,0.29179439630128895,0.08999660895048074,0.08999660895048071,VALIDATED_SAME_S_AND_NEXT_ALLOCATION_PAYOFF,0.20179778735080822
STATIC_NO_FEEDBACK_COUNTERFACTUAL,B_GEOGRAPHIC_BETA2,22,22,四川,0.31403441155907436,0.08999906306023026,0.08999906306023028,VALIDATED_SAME_S_AND_NEXT_ALLOCATION_PAYOFF,0.2240353484988441
STATIC_NO_FEEDBACK_COUNTERFACTUAL,B_GEOGRAPHIC_BETA2,22,23,贵州,0.26518278357964825,0.08999984002586091,0.0899998400258609,VALIDATED_SAME_S_AND_NEXT_ALLOCATION_PAYOFF,0.17518294355378733
STATIC_NO_FEEDBACK_COUNTERFACTUAL,B_GEOGRAPHIC_BETA2,22,24,云南,0.19997423532169445,0.08999718496872554,0.08999718496872555,VALIDATED_SAME_S_AND_NEXT_ALLOCATION_PAYOFF,0.10997705035296891
STATIC_NO_FEEDBACK_COUNTERFACTUAL,B_GEOGRAPHIC_BETA2,22,25,西藏,0.1579007770664359,0.08999085714517582,0.08999085714517582,VALIDATED_SAME_S_AND_NEXT_ALLOCATION_PAYOFF,0.06790991992126008
STATIC_NO_FEEDBACK_COUNTERFACTUAL,B_GEOGRAPHIC_BETA2,22,26,陕西,0.21654637282950603,0.08999519227859477,0.08999519227859477,VALIDATED_SAME_S_AND_NEXT_ALLOCATION_PAYOFF,0.12655118055091125
STATIC_NO_FEEDBACK_COUNTERFACTUAL,B_GEOGRAPHIC_BETA2,22,27,甘肃,0.2139452503283166,0.09,0.09,VALIDATED_SAME_S_AND_NEXT_ALLOCATION_PAYOFF,0.1239452503283166
STATIC_NO_FEEDBACK_COUNTERFACTUAL,B_GEOGRAPHIC_BETA2,22,28,青海,0.11099537216873137,0.08819480115858218,0.08819480115858218,VALIDATED_SAME_S_AND_NEXT_ALLOCATION_PAYOFF,0.022800571010149193
STATIC_NO_FEEDBACK_COUNTERFACTUAL,B_GEOGRAPHIC_BETA2,22,29,宁夏,0.1271788576448296,0.08998871287331553,0.08998871287331553,VALIDATED_SAME_S_AND_NEXT_ALLOCATION_PAYOFF,0.03719014477151408
STATIC_NO_FEEDBACK_COUNTERFACTUAL,B_GEOGRAPHIC_BETA2,22,30,新疆,0.16924463898852454,0.08998818377351626,0.08998818377351626,VALIDATED_SAME_S_AND_NEXT_ALLOCATION_PAYOFF,0.07925645521500828
STATIC_NO_FEEDBACK_COUNTERFACTUAL,B_GEOGRAPHIC_BETA2,23,0,北京,0.38069218786773545,0.08999304228918613,0.08999304228918614,VALIDATED_SAME_S_AND_NEXT_ALLOCATION_PAYOFF,0.2906991455785493
STATIC_NO_FEEDBACK_COUNTERFACTUAL,B_GEOGRAPHIC_BETA2,23,1,天津,0.15877149257583345,0.08998548116667762,0.08998548116667766,VALIDATED_SAME_S_AND_NEXT_ALLOCATION_PAYOFF,0.06878601140915583
STATIC_NO_FEEDBACK_COUNTERFACTUAL,B_GEOGRAPHIC_BETA2,23,2,河北,0.18646054365156572,0.08999781385803302,0.08999781385803302,VALIDATED_SAME_S_AND_NEXT_ALLOCATION_PAYOFF,0.09646272979353271
STATIC_NO_FEEDBACK_COUNTERFACTUAL,B_GEOGRAPHIC_BETA2,23,3,山西,0.1960496158129602,0.08999750144001961,0.08999750144001963,VALIDATED_SAME_S_AND_NEXT_ALLOCATION_PAYOFF,0.1060521143729406
STATIC_NO_FEEDBACK_COUNTERFACTUAL,B_GEOGRAPHIC_BETA2,23,4,内蒙古,0.13946426574168388,0.08998710679522907,0.08998710679522905,VALIDATED_SAME_S_AND_NEXT_ALLOCATION_PAYOFF,0.04947715894645481
STATIC_NO_FEEDBACK_COUNTERFACTUAL,B_GEOGRAPHIC_BETA2,23,5,辽宁,0.17219561497600697,0.08999604340753459,0.0899960434075346,VALIDATED_SAME_S_AND_NEXT_ALLOCATION_PAYOFF,0.08219957156847238
STATIC_NO_FEEDBACK_COUNTERFACTUAL,B_GEOGRAPHIC_BETA2,23,6,吉林,0.11520127710225254,0.08999393049970492,0.0899939304997049,VALIDATED_SAME_S_AND_NEXT_ALLOCATION_PAYOFF,0.02520734660254763
STATIC_NO_FEEDBACK_COUNTERFACTUAL,B_GEOGRAPHIC_BETA2,23,7,黑龙江,0.14035130320036762,0.08999707451208717,0.08999707451208716,VALIDATED_SAME_S_AND_NEXT_ALLOCATION_PAYOFF,0.05035422868828045
STATIC_NO_FEEDBACK_COUNTERFACTUAL,B_GEOGRAPHIC_BETA2,23,8,上海,0.3701079584633515,0.08999482449358483,0.0899948244935848,VALIDATED_SAME_S_AND_NEXT_ALLOCATION_PAYOFF,0.28011313396976667
STATIC_NO_FEEDBACK_COUNTERFACTUAL,B_GEOGRAPHIC_BETA2,23,9,江苏,0.31083850892093123,0.08999544677596237,0.08999544677596234,VALIDATED_SAME_S_AND_NEXT_ALLOCATION_PAYOFF,0.22084306214496885
STATIC_NO_FEEDBACK_COUNTERFACTUAL,B_GEOGRAPHIC_BETA2,23,10,浙江,0.32027323643486894,0.08999692229462655,0.08999692229462652,VALIDATED_SAME_S_AND_NEXT_ALLOCATION_PAYOFF,0.23027631414024238
STATIC_NO_FEEDBACK_COUNTERFACTUAL,B_GEOGRAPHIC_BETA2,23,11,安徽,0.3398103162304004,0.08999946690821974,0.08999946690821972,VALIDATED_SAME_S_AND_NEXT_ALLOCATION_PAYOFF,0.24981084932218067
STATIC_NO_FEEDBACK_COUNTERFACTUAL,B_GEOGRAPHIC_BETA2,23,12,福建,0.3004159724052096,0.08999630289424079,0.08999630289424079,VALIDATED_SAME_S_AND_NEXT_ALLOCATION_PAYOFF,0.21041966951096883
STATIC_NO_FEEDBACK_COUNTERFACTUAL,B_GEOGRAPHIC_BETA2,23,13,江西,0.3097036864775524,0.08999954463858519,0.0899995446385852,VALIDATED_SAME_S_AND_NEXT_ALLOCATION_PAYOFF,0.21970414183896725
STATIC_NO_FEEDBACK_COUNTERFACTUAL,B_GEOGRAPHIC_BETA2,23,14,山东,0.21105676447735577,0.08999588446935165,0.08999588446935163,VALIDATED_SAME_S_AND_NEXT_ALLOCATION_PAYOFF,0.12106088000800412
STATIC_NO_FEEDBACK_COUNTERFACTUAL,B_GEOGRAPHIC_BETA2,23,15,河南,0.195318925913443,0.08999701137100787,0.08999701137100788,VALIDATED_SAME_S_AND_NEXT_ALLOCATION_PAYOFF,0.10532191454243513
STATIC_NO_FEEDBACK_COUNTERFACTUAL,B_GEOGRAPHIC_BETA2,23,16,湖北,0.2809945733997762,0.08999725353171036,0.08999725353171037,VALIDATED_SAME_S_AND_NEXT_ALLOCATION_PAYOFF,0.19099731986806584
STATIC_NO_FEEDBACK_COUNTERFACTUAL,B_GEOGRAPHIC_BETA2,23,17,湖南,0.26259451398887523,0.08999838465595711,0.0899983846559571,VALIDATED_SAME_S_AND_NEXT_ALLOCATION_PAYOFF,0.17259612933291812
STATIC_NO_FEEDBACK_COUNTERFACTUAL,B_GEOGRAPHIC_BETA2,23,18,广东,0.3662995132264984,0.08999794980277531,0.08999794980277533,VALIDATED_SAME_S_AND_NEXT_ALLOCATION_PAYOFF,0.2763015634237231
STATIC_NO_FEEDBACK_COUNTERFACTUAL,B_GEOGRAPHIC_BETA2,23,19,广西,0.1919983512069588,0.08999838063019933,0.08999838063019934,VALIDATED_SAME_S_AND_NEXT_ALLOCATION_PAYOFF,0.10199997057675947
STATIC_NO_FEEDBACK_COUNTERFACTUAL,B_GEOGRAPHIC_BETA2,23,20,海南,0.22304801854061204,0.08999797503988909,0.08999797503988909,VALIDATED_SAME_S_AND_NEXT_ALLOCATION_PAYOFF,0.13305004350072297
STATIC_NO_FEEDBACK_COUNTERFACTUAL,B_GEOGRAPHIC_BETA2,23,21,重庆,0.2917943963012855,0.08999660895048073,0.08999660895048071,VALIDATED_SAME_S_AND_NEXT_ALLOCATION_PAYOFF,0.20179778735080478
STATIC_NO_FEEDBACK_COUNTERFACTUAL,B_GEOGRAPHIC_BETA2,23,22,四川,0.3140344115590708,0.08999906306023026,0.08999906306023027,VALIDATED_SAME_S_AND_NEXT_ALLOCATION_PAYOFF,0.22403534849884055
STATIC_NO_FEEDBACK_COUNTERFACTUAL,B_GEOGRAPHIC_BETA2,23,23,贵州,0.2651827835796453,0.08999984002586091,0.0899998400258609,VALIDATED_SAME_S_AND_NEXT_ALLOCATION_PAYOFF,0.1751829435537844
STATIC_NO_FEEDBACK_COUNTERFACTUAL,B_GEOGRAPHIC_BETA2,23,24,云南,0.19997423532169195,0.08999718496872552,0.08999718496872555,VALIDATED_SAME_S_AND_NEXT_ALLOCATION_PAYOFF,0.10997705035296643
STATIC_NO_FEEDBACK_COUNTERFACTUAL,B_GEOGRAPHIC_BETA2,23,25,西藏,0.15790077706643393,0.08999085714517581,0.08999085714517581,VALIDATED_SAME_S_AND_NEXT_ALLOCATION_PAYOFF,0.06790991992125812
STATIC_NO_FEEDBACK_COUNTERFACTUAL,B_GEOGRAPHIC_BETA2,23,26,陕西,0.2165463728295033,0.08999519227859477,0.08999519227859477,VALIDATED_SAME_S_AND_NEXT_ALLOCATION_PAYOFF,0.12655118055090853
STATIC_NO_FEEDBACK_COUNTERFACTUAL,B_GEOGRAPHIC_BETA2,23,27,甘肃,0.21394525032831405,0.09,0.09,VALIDATED_SAME_S_AND_NEXT_ALLOCATION_PAYOFF,0.12394525032831405
STATIC_NO_FEEDBACK_COUNTERFACTUAL,B_GEOGRAPHIC_BETA2,23,28,青海,0.11099537216872994,0.08819480115858118,0.08819480115858118,VALIDATED_SAME_S_AND_NEXT_ALLOCATION_PAYOFF,0.022800571010148762
STATIC_NO_FEEDBACK_COUNTERFACTUAL,B_GEOGRAPHIC_BETA2,23,29,宁夏,0.127178857644828,0.08998871287331553,0.08998871287331553,VALIDATED_SAME_S_AND_NEXT_ALLOCATION_PAYOFF,0.03719014477151247
STATIC_NO_FEEDBACK_COUNTERFACTUAL,B_GEOGRAPHIC_BETA2,23,30,新疆,0.16924463898852254,0.08998818377351625,0.08998818377351625,VALIDATED_SAME_S_AND_NEXT_ALLOCATION_PAYOFF,0.0792564552150063
STATIC_NO_FEEDBACK_COUNTERFACTUAL,B_GEOGRAPHIC_BETA2,24,0,北京,0.3806921878677377,0.08999304228918613,0.08999304228918614,VALIDATED_SAME_S_AND_NEXT_ALLOCATION_PAYOFF,0.29069914557855153
STATIC_NO_FEEDBACK_COUNTERFACTUAL,B_GEOGRAPHIC_BETA2,24,1,天津,0.15877149257583462,0.08998548116667764,0.08998548116667768,VALIDATED_SAME_S_AND_NEXT_ALLOCATION_PAYOFF,0.06878601140915698
STATIC_NO_FEEDBACK_COUNTERFACTUAL,B_GEOGRAPHIC_BETA2,24,2,河北,0.186460543651567,0.08999781385803302,0.08999781385803302,VALIDATED_SAME_S_AND_NEXT_ALLOCATION_PAYOFF,0.09646272979353399
STATIC_NO_FEEDBACK_COUNTERFACTUAL,B_GEOGRAPHIC_BETA2,24,3,山西,0.19604961581296143,0.08999750144001963,0.08999750144001963,VALIDATED_SAME_S_AND_NEXT_ALLOCATION_PAYOFF,0.1060521143729418
STATIC_NO_FEEDBACK_COUNTERFACTUAL,B_GEOGRAPHIC_BETA2,24,4,内蒙古,0.1394642657416849,0.08998710679522907,0.08998710679522905,VALIDATED_SAME_S_AND_NEXT_ALLOCATION_PAYOFF,0.04947715894645584
STATIC_NO_FEEDBACK_COUNTERFACTUAL,B_GEOGRAPHIC_BETA2,24,5,辽宁,0.17219561497600858,0.08999604340753459,0.0899960434075346,VALIDATED_SAME_S_AND_NEXT_ALLOCATION_PAYOFF,0.08219957156847399
STATIC_NO_FEEDBACK_COUNTERFACTUAL,B_GEOGRAPHIC_BETA2,24,6,吉林,0.11520127710225342,0.08999393049970492,0.0899939304997049,VALIDATED_SAME_S_AND_NEXT_ALLOCATION_PAYOFF,0.025207346602548503
STATIC_NO_FEEDBACK_COUNTERFACTUAL,B_GEOGRAPHIC_BETA2,24,7,黑龙江,0.14035130320036865,0.08999707451208717,0.08999707451208716,VALIDATED_SAME_S_AND_NEXT_ALLOCATION_PAYOFF,0.050354228688281474
STATIC_NO_FEEDBACK_COUNTERFACTUAL,B_GEOGRAPHIC_BETA2,24,8,上海,0.3701079584633537,0.08999482449358483,0.08999482449358481,VALIDATED_SAME_S_AND_NEXT_ALLOCATION_PAYOFF,0.2801131339697689
STATIC_NO_FEEDBACK_COUNTERFACTUAL,B_GEOGRAPHIC_BETA2,24,9,江苏,0.3108385089209331,0.08999544677596237,0.08999544677596234,VALIDATED_SAME_S_AND_NEXT_ALLOCATION_PAYOFF,0.22084306214497074
STATIC_NO_FEEDBACK_COUNTERFACTUAL,B_GEOGRAPHIC_BETA2,24,10,浙江,0.3202732364348709,0.08999692229462657,0.08999692229462652,VALIDATED_SAME_S_AND_NEXT_ALLOCATION_PAYOFF,0.2302763141402443
STATIC_NO_FEEDBACK_COUNTERFACTUAL,B_GEOGRAPHIC_BETA2,24,11,安徽,0.3398103162304026,0.08999946690821974,0.08999946690821972,VALIDATED_SAME_S_AND_NEXT_ALLOCATION_PAYOFF,0.24981084932218284
STATIC_NO_FEEDBACK_COUNTERFACTUAL,B_GEOGRAPHIC_BETA2,24,12,福建,0.3004159724052117,0.08999630289424079,0.08999630289424079,VALIDATED_SAME_S_AND_NEXT_ALLOCATION_PAYOFF,0.21041966951097088
STATIC_NO_FEEDBACK_COUNTERFACTUAL,B_GEOGRAPHIC_BETA2,24,13,江西,0.30970368647755503,0.08999954463858519,0.0899995446385852,VALIDATED_SAME_S_AND_NEXT_ALLOCATION_PAYOFF,0.21970414183896986
STATIC_NO_FEEDBACK_COUNTERFACTUAL,B_GEOGRAPHIC_BETA2,24,14,山东,0.21105676447735722,0.08999588446935165,0.08999588446935163,VALIDATED_SAME_S_AND_NEXT_ALLOCATION_PAYOFF,0.12106088000800556
STATIC_NO_FEEDBACK_COUNTERFACTUAL,B_GEOGRAPHIC_BETA2,24,15,河南,0.19531892591344432,0.08999701137100787,0.08999701137100788,VALIDATED_SAME_S_AND_NEXT_ALLOCATION_PAYOFF,0.10532191454243646
STATIC_NO_FEEDBACK_COUNTERFACTUAL,B_GEOGRAPHIC_BETA2,24,16,湖北,0.2809945733997779,0.08999725353171036,0.08999725353171038,VALIDATED_SAME_S_AND_NEXT_ALLOCATION_PAYOFF,0.19099731986806756
STATIC_NO_FEEDBACK_COUNTERFACTUAL,B_GEOGRAPHIC_BETA2,24,17,湖南,0.26259451398887707,0.08999838465595711,0.0899983846559571,VALIDATED_SAME_S_AND_NEXT_ALLOCATION_PAYOFF,0.17259612933291996
STATIC_NO_FEEDBACK_COUNTERFACTUAL,B_GEOGRAPHIC_BETA2,24,18,广东,0.3662995132265007,0.08999794980277531,0.08999794980277533,VALIDATED_SAME_S_AND_NEXT_ALLOCATION_PAYOFF,0.27630156342372536
STATIC_NO_FEEDBACK_COUNTERFACTUAL,B_GEOGRAPHIC_BETA2,24,19,广西,0.1919983512069605,0.08999838063019933,0.08999838063019934,VALIDATED_SAME_S_AND_NEXT_ALLOCATION_PAYOFF,0.10199997057676116
STATIC_NO_FEEDBACK_COUNTERFACTUAL,B_GEOGRAPHIC_BETA2,24,20,海南,0.22304801854061346,0.08999797503988909,0.08999797503988909,VALIDATED_SAME_S_AND_NEXT_ALLOCATION_PAYOFF,0.13305004350072436
STATIC_NO_FEEDBACK_COUNTERFACTUAL,B_GEOGRAPHIC_BETA2,24,21,重庆,0.2917943963012879,0.08999660895048073,0.08999660895048071,VALIDATED_SAME_S_AND_NEXT_ALLOCATION_PAYOFF,0.20179778735080717
STATIC_NO_FEEDBACK_COUNTERFACTUAL,B_GEOGRAPHIC_BETA2,24,22,四川,0.3140344115590727,0.08999906306023026,0.08999906306023028,VALIDATED_SAME_S_AND_NEXT_ALLOCATION_PAYOFF,0.22403534849884243
STATIC_NO_FEEDBACK_COUNTERFACTUAL,B_GEOGRAPHIC_BETA2,24,23,贵州,0.2651827835796469,0.08999984002586091,0.0899998400258609,VALIDATED_SAME_S_AND_NEXT_ALLOCATION_PAYOFF,0.175182943553786
STATIC_NO_FEEDBACK_COUNTERFACTUAL,B_GEOGRAPHIC_BETA2,24,24,云南,0.1999742353216936,0.08999718496872552,0.08999718496872555,VALIDATED_SAME_S_AND_NEXT_ALLOCATION_PAYOFF,0.10997705035296806
STATIC_NO_FEEDBACK_COUNTERFACTUAL,B_GEOGRAPHIC_BETA2,24,25,西藏,0.1579007770664351,0.08999085714517582,0.08999085714517581,VALIDATED_SAME_S_AND_NEXT_ALLOCATION_PAYOFF,0.06790991992125928
STATIC_NO_FEEDBACK_COUNTERFACTUAL,B_GEOGRAPHIC_BETA2,24,26,陕西,0.21654637282950515,0.08999519227859477,0.08999519227859477,VALIDATED_SAME_S_AND_NEXT_ALLOCATION_PAYOFF,0.12655118055091036
STATIC_NO_FEEDBACK_COUNTERFACTUAL,B_GEOGRAPHIC_BETA2,24,27,甘肃,0.21394525032831552,0.09,0.09,VALIDATED_SAME_S_AND_NEXT_ALLOCATION_PAYOFF,0.12394525032831552
STATIC_NO_FEEDBACK_COUNTERFACTUAL,B_GEOGRAPHIC_BETA2,24,28,青海,0.11099537216873077,0.08819480115858178,0.08819480115858178,VALIDATED_SAME_S_AND_NEXT_ALLOCATION_PAYOFF,0.022800571010149
STATIC_NO_FEEDBACK_COUNTERFACTUAL,B_GEOGRAPHIC_BETA2,24,29,宁夏,0.127178857644829,0.08998871287331553,0.08998871287331553,VALIDATED_SAME_S_AND_NEXT_ALLOCATION_PAYOFF,0.03719014477151347
STATIC_NO_FEEDBACK_COUNTERFACTUAL,B_GEOGRAPHIC_BETA2,24,30,新疆,0.16924463898852374,0.08998818377351626,0.08998818377351626,VALIDATED_SAME_S_AND_NEXT_ALLOCATION_PAYOFF,0.07925645521500747
STATIC_NO_FEEDBACK_COUNTERFACTUAL,B_GEOGRAPHIC_BETA2,25,0,北京,0.38069218786774,0.08999304228918613,,NOT_AVAILABLE_AUTHORIZED_CEILING,0.29069914557855386
STATIC_NO_FEEDBACK_COUNTERFACTUAL,B_GEOGRAPHIC_BETA2,25,1,天津,0.15877149257583562,0.08998548116667764,,NOT_AVAILABLE_AUTHORIZED_CEILING,0.06878601140915798
STATIC_NO_FEEDBACK_COUNTERFACTUAL,B_GEOGRAPHIC_BETA2,25,2,河北,0.18646054365156806,0.08999781385803302,,NOT_AVAILABLE_AUTHORIZED_CEILING,0.09646272979353504
STATIC_NO_FEEDBACK_COUNTERFACTUAL,B_GEOGRAPHIC_BETA2,25,3,山西,0.1960496158129627,0.08999750144001963,,NOT_AVAILABLE_AUTHORIZED_CEILING,0.10605211437294308
STATIC_NO_FEEDBACK_COUNTERFACTUAL,B_GEOGRAPHIC_BETA2,25,4,内蒙古,0.13946426574168574,0.08998710679522907,,NOT_AVAILABLE_AUTHORIZED_CEILING,0.04947715894645667
STATIC_NO_FEEDBACK_COUNTERFACTUAL,B_GEOGRAPHIC_BETA2,25,5,辽宁,0.17219561497600938,0.08999604340753459,,NOT_AVAILABLE_AUTHORIZED_CEILING,0.0821995715684748
STATIC_NO_FEEDBACK_COUNTERFACTUAL,B_GEOGRAPHIC_BETA2,25,6,吉林,0.11520127710225411,0.08999393049970492,,NOT_AVAILABLE_AUTHORIZED_CEILING,0.025207346602549197
STATIC_NO_FEEDBACK_COUNTERFACTUAL,B_GEOGRAPHIC_BETA2,25,7,黑龙江,0.1403513032003695,0.08999707451208717,,NOT_AVAILABLE_AUTHORIZED_CEILING,0.050354228688282335
STATIC_NO_FEEDBACK_COUNTERFACTUAL,B_GEOGRAPHIC_BETA2,25,8,上海,0.3701079584633559,0.08999482449358483,,NOT_AVAILABLE_AUTHORIZED_CEILING,0.2801131339697711
STATIC_NO_FEEDBACK_COUNTERFACTUAL,B_GEOGRAPHIC_BETA2,25,9,江苏,0.31083850892093495,0.08999544677596237,,NOT_AVAILABLE_AUTHORIZED_CEILING,0.22084306214497257
STATIC_NO_FEEDBACK_COUNTERFACTUAL,B_GEOGRAPHIC_BETA2,25,10,浙江,0.3202732364348728,0.08999692229462657,,NOT_AVAILABLE_AUTHORIZED_CEILING,0.23027631414024624
STATIC_NO_FEEDBACK_COUNTERFACTUAL,B_GEOGRAPHIC_BETA2,25,11,安徽,0.33981031623040464,0.08999946690821974,,NOT_AVAILABLE_AUTHORIZED_CEILING,0.2498108493221849
STATIC_NO_FEEDBACK_COUNTERFACTUAL,B_GEOGRAPHIC_BETA2,25,12,福建,0.3004159724052135,0.08999630289424079,,NOT_AVAILABLE_AUTHORIZED_CEILING,0.2104196695109727
STATIC_NO_FEEDBACK_COUNTERFACTUAL,B_GEOGRAPHIC_BETA2,25,13,江西,0.3097036864775565,0.08999954463858519,,NOT_AVAILABLE_AUTHORIZED_CEILING,0.2197041418389713
STATIC_NO_FEEDBACK_COUNTERFACTUAL,B_GEOGRAPHIC_BETA2,25,14,山东,0.21105676447735855,0.08999588446935165,,NOT_AVAILABLE_AUTHORIZED_CEILING,0.1210608800080069
STATIC_NO_FEEDBACK_COUNTERFACTUAL,B_GEOGRAPHIC_BETA2,25,15,河南,0.19531892591344557,0.08999701137100787,,NOT_AVAILABLE_AUTHORIZED_CEILING,0.10532191454243771
STATIC_NO_FEEDBACK_COUNTERFACTUAL,B_GEOGRAPHIC_BETA2,25,16,湖北,0.2809945733997798,0.08999725353171036,,NOT_AVAILABLE_AUTHORIZED_CEILING,0.19099731986806945
STATIC_NO_FEEDBACK_COUNTERFACTUAL,B_GEOGRAPHIC_BETA2,25,17,湖南,0.2625945139888788,0.08999838465595711,,NOT_AVAILABLE_AUTHORIZED_CEILING,0.17259612933292168
STATIC_NO_FEEDBACK_COUNTERFACTUAL,B_GEOGRAPHIC_BETA2,25,18,广东,0.36629951322650295,0.08999794980277531,,NOT_AVAILABLE_AUTHORIZED_CEILING,0.27630156342372764
STATIC_NO_FEEDBACK_COUNTERFACTUAL,B_GEOGRAPHIC_BETA2,25,19,广西,0.19199835120696152,0.08999838063019933,,NOT_AVAILABLE_AUTHORIZED_CEILING,0.10199997057676219
STATIC_NO_FEEDBACK_COUNTERFACTUAL,B_GEOGRAPHIC_BETA2,25,20,海南,0.22304801854061498,0.08999797503988909,,NOT_AVAILABLE_AUTHORIZED_CEILING,0.1330500435007259
STATIC_NO_FEEDBACK_COUNTERFACTUAL,B_GEOGRAPHIC_BETA2,25,21,重庆,0.29179439630128945,0.08999660895048074,,NOT_AVAILABLE_AUTHORIZED_CEILING,0.20179778735080872
STATIC_NO_FEEDBACK_COUNTERFACTUAL,B_GEOGRAPHIC_BETA2,25,22,四川,0.3140344115590747,0.08999906306023026,,NOT_AVAILABLE_AUTHORIZED_CEILING,0.22403534849884443
STATIC_NO_FEEDBACK_COUNTERFACTUAL,B_GEOGRAPHIC_BETA2,25,23,贵州,0.2651827835796487,0.08999984002586091,,NOT_AVAILABLE_AUTHORIZED_CEILING,0.17518294355378777
STATIC_NO_FEEDBACK_COUNTERFACTUAL,B_GEOGRAPHIC_BETA2,25,24,云南,0.19997423532169473,0.08999718496872554,,NOT_AVAILABLE_AUTHORIZED_CEILING,0.10997705035296919
STATIC_NO_FEEDBACK_COUNTERFACTUAL,B_GEOGRAPHIC_BETA2,25,25,西藏,0.15790077706643615,0.08999085714517582,,NOT_AVAILABLE_AUTHORIZED_CEILING,0.06790991992126033
STATIC_NO_FEEDBACK_COUNTERFACTUAL,B_GEOGRAPHIC_BETA2,25,26,陕西,0.21654637282950628,0.08999519227859477,,NOT_AVAILABLE_AUTHORIZED_CEILING,0.12655118055091152
STATIC_NO_FEEDBACK_COUNTERFACTUAL,B_GEOGRAPHIC_BETA2,25,27,甘肃,0.2139452503283169,0.09,,NOT_AVAILABLE_AUTHORIZED_CEILING,0.12394525032831691
STATIC_NO_FEEDBACK_COUNTERFACTUAL,B_GEOGRAPHIC_BETA2,25,28,青海,0.11099537216873154,0.0881948011585823,,NOT_AVAILABLE_AUTHORIZED_CEILING,0.022800571010149234
STATIC_NO_FEEDBACK_COUNTERFACTUAL,B_GEOGRAPHIC_BETA2,25,29,宁夏,0.12717885764482983,0.08998871287331553,,NOT_AVAILABLE_AUTHORIZED_CEILING,0.037190144771514305
STATIC_NO_FEEDBACK_COUNTERFACTUAL,B_GEOGRAPHIC_BETA2,25,30,新疆,0.16924463898852485,0.08998818377351626,,NOT_AVAILABLE_AUTHORIZED_CEILING,0.07925645521500858
