A,A_plus_B,B,C,CAP,GDP,GovInv,L,POP,adaptation_gate_open,alpha,destination_lt_supply,entering_Lt_prev,entering_Yt,entering_firm_ra,firm_ra0,firm_ra_used,firm_rk,firm_source_Lt_prev,firm_wage_raw,firm_wage_used,govinv_action,govinv_after,hjb_converged,hjb_iterations,hjb_statistic,household_Lt_return,household_composite_wage,household_rah,household_rb,kfe_density_max,kfe_density_min,kfe_diagnostic_status,kfe_negative_entry_count,kfe_normalized_mass,kfe_raw_residual_inf,kfe_returned,kfe_source_free_normwise_ratio,kfe_source_free_residual_inf,kfe_source_free_residual_scale,kfe_upper_b_face_mass,kfe_weighted_negative_mass,nk_gap,province,province_index,ra_clipped_lower,ra_clipped_upper,rah_source,rah_source_value,ramax,ramin,same_year_Zt,turn,wage_clipped_lower,wage_clipped_upper,wjtmax,wjtmin,yt_gap,zt_adjusted,zt_after
7.274097868486394,11.972375335433068,4.6982774669466725,11.400731651949162,537317983065.375,30319980.0,537317983065.375,0.647623598114104,219200.0,False,0.772866243094144,4438031.940787546,219200.0,30319980.0,0.09,-0.024915403395398186,0.02,8.337528617566764e-05,0.647623598114104,2.966578718527173,1.3,NONE,537317983065.375,True,64,3.5073277615538245e-11,0.647623598114104,20.0,0.09,0.02,0.9652556342238118,-7.188357446776189e-17,DIAGNOSTIC_ONLY,53,0.9999999999999999,2.8456122435781354e-17,True,0.10168074107838548,4.686593832556137,46.09126352593409,0.6788488413365447,-7.276860876773986e-17,40356.098885869586,北京,0,True,False,canonical_initial_state.scalars.rah,0.09,0.09,0.02,0.0015949382639870576,1,False,True,1.3,0.8,0.9802332168936243,False,0.0015949382639870576
7.274097868486394,11.972375335433068,4.6982774669466725,11.400731651949162,679051452789.948,13362920.0,679051452789.948,0.647623598114104,138300.0,False,0.772866243094144,4483826.504912463,138300.0,13362920.0,0.09,-0.024967167975220465,0.02,3.235802929187647e-05,0.647623598114104,1.4401690728067909,1.3,NONE,679051452789.948,True,64,3.5073277615538245e-11,0.647623598114104,20.0,0.09,0.02,0.9652556342238118,-7.188357446776189e-17,DIAGNOSTIC_ONLY,53,0.9999999999999999,2.8456122435781354e-17,True,0.10168074107838548,4.686593832556137,46.09126352593409,0.6788488413365447,-7.276860876773986e-17,50480.56569762514,天津,1,True,False,canonical_initial_state.scalars.rah,0.09,0.09,0.02,0.0006512817940029328,1,False,True,1.3,0.8,1.203737548786156,False,0.0006512817940029328
7.274097868486394,11.972375335433068,4.6982774669466725,11.400731651949162,1692566739665.9175,32494600.0,1692566739665.9175,0.647623598114104,755600.0,False,0.772866243094144,4605981.220656944,755600.0,32494600.0,0.09,-0.024978086510754612,0.02,2.1597123625892055e-05,0.647623598114104,2.3323674575551907,1.3,NONE,1692566739665.9175,True,64,3.5073277615538245e-11,0.647623598114104,20.0,0.09,0.02,0.9652556342238118,-7.188357446776189e-17,DIAGNOSTIC_ONLY,53,0.9999999999999999,2.8456122435781354e-17,True,0.10168074107838548,4.686593832556137,46.09126352593409,0.6788488413365447,-7.276860876773986e-17,122489.51445656223,河北,2,True,False,canonical_initial_state.scalars.rah,0.09,0.09,0.02,0.000531645825183819,1,False,True,1.3,0.8,0.5076721720073598,False,0.000531645825183819
7.274097868486394,11.972375335433068,4.6982774669466725,11.400731651949162,663511099837.9441,15958130.0,663511099837.9441,0.647623598114104,350200.0,False,0.772866243094144,4597049.9688845305,350200.0,15958130.0,0.09,-0.02496732273943252,0.02,3.22054995025825e-05,0.647623598114104,1.3660813077251024,1.3,NONE,663511099837.9441,True,64,3.5073277615538245e-11,0.647623598114104,20.0,0.09,0.02,0.9652556342238118,-7.188357446776189e-17,DIAGNOSTIC_ONLY,53,0.9999999999999999,2.8456122435781354e-17,True,0.10168074107838548,4.686593832556137,46.09126352593409,0.6788488413365447,-7.276860876773986e-17,48110.3905239026,山西,3,True,False,canonical_initial_state.scalars.rah,0.09,0.09,0.02,0.0006411700755120038,1,False,True,1.3,0.8,0.7946209492260017,False,0.0006411700755120038
7.274097868486394,11.972375335433068,4.6982774669466725,11.400731651949162,892802329669.4608,16140760.0,892802329669.4608,0.647623598114104,242200.0,False,0.772866243094144,4496926.330784098,242200.0,16140760.0,0.09,-0.024973424466956922,0.02,2.6191862010195765e-05,0.647623598114104,1.528211289573283,1.3,NONE,892802329669.4608,True,64,3.5073277615538245e-11,0.647623598114104,20.0,0.09,0.02,0.9652556342238118,-7.188357446776189e-17,DIAGNOSTIC_ONLY,53,0.9999999999999999,2.8456122435781354e-17,True,0.10168074107838548,4.686593832556137,46.09126352593409,0.6788488413365447,-7.276860876773986e-17,66177.73011039507,内蒙古,4,True,False,canonical_initial_state.scalars.rah,0.09,0.09,0.02,0.0005606100998367917,1,False,True,1.3,0.8,0.9416643811659808,False,0.0005606100998367917
7.274097868486394,11.972375335433068,4.6982774669466725,11.400731651949162,1105264754694.1694,23510500.0,1105264754694.1694,0.647623598114104,429100.0,False,0.772866243094144,4487423.150537921,429100.0,23510500.0,0.09,-0.024972553705813198,0.02,2.7050051708520854e-05,0.647623598114104,1.9580097821581877,1.3,NONE,1105264754694.1694,True,64,3.5073277615538245e-11,0.647623598114104,20.0,0.09,0.02,0.9652556342238118,-7.188357446776189e-17,DIAGNOSTIC_ONLY,53,0.9999999999999999,2.8456122435781354e-17,True,0.10168074107838548,4.686593832556137,46.09126352593409,0.6788488413365447,-7.276860876773986e-17,82099.9452358542,辽宁,5,True,False,canonical_initial_state.scalars.rah,0.09,0.09,0.02,0.0006080357566442692,1,False,True,1.3,0.8,0.7043115507736155,False,0.0006080357566442692
7.274097868486394,11.972375335433068,4.6982774669466725,11.400731651949162,740712965919.6627,11253810.0,740712965919.6627,0.647623598114104,248400.0,False,0.772866243094144,4470836.859874487,248400.0,11253810.0,0.09,-0.024977823365531643,0.02,2.1856470586156372e-05,0.647623598114104,1.0641887797324172,1.0641887797324172,NONE,740712965919.6627,True,64,3.5073277615538245e-11,0.647623598114104,20.0,0.09,0.02,0.9652556342238118,-7.188357446776189e-17,DIAGNOSTIC_ONLY,53,0.9999999999999999,2.8456122435781354e-17,True,0.10168074107838548,4.686593832556137,46.09126352593409,0.6788488413365447,-7.276860876773986e-17,55224.54907598369,吉林,6,True,False,canonical_initial_state.scalars.rah,0.09,0.09,0.02,0.0004489797639331647,1,False,False,1.3,0.8,0.9279993448212815,False,0.0004489797639331647
7.274097868486394,11.972375335433068,4.6982774669466725,11.400731651949162,654911264062.3204,12846500.0,654911264062.3204,0.647623598114104,332700.0,False,0.772866243094144,4418143.962002142,332700.0,12846500.0,0.09,-0.024973278839785427,0.02,2.6335387286928928e-05,0.647623598114104,1.1472547128230868,1.1472547128230868,NONE,654911264062.3204,True,64,3.5073277615538245e-11,0.647623598114104,20.0,0.09,0.02,0.9652556342238118,-7.188357446776189e-17,DIAGNOSTIC_ONLY,53,0.9999999999999999,2.8456122435781354e-17,True,0.10168074107838548,4.686593832556137,46.09126352593409,0.6788488413365447,-7.276860876773986e-17,49409.76076028184,黑龙江,7,True,False,canonical_initial_state.scalars.rah,0.09,0.09,0.02,0.0005274868982764897,1,False,False,1.3,0.8,0.7993425509240843,False,0.0005274868982764897
7.274097868486394,11.972375335433068,4.6982774669466725,11.400731651949162,492773836983.48627,36011820.0,492773836983.48627,0.647623598114104,247539.0,False,0.772866243094144,4442235.9411315145,247539.0,36011820.0,0.09,-0.024893401067352623,0.02,0.00010505996819823816,0.647623598114104,3.4250025183909516,1.3,NONE,492773836983.48627,True,64,3.5073277615538245e-11,0.647623598114104,20.0,0.09,0.02,0.9652556342238118,-7.188357446776189e-17,DIAGNOSTIC_ONLY,53,0.9999999999999999,2.8456122435781354e-17,True,0.10168074107838548,4.686593832556137,46.09126352593409,0.6788488413365447,-7.276860876773986e-17,36975.43436191792,上海,8,True,False,canonical_initial_state.scalars.rah,0.09,0.09,0.02,0.001970216149288438,1,False,True,1.3,0.8,0.9267101867522218,False,0.001970216149288438
7.274097868486394,11.972375335433068,4.6982774669466725,11.400731651949162,2690386204893.7324,92595400.0,2690386204893.7324,0.647623598114104,844600.0,False,0.772866243094144,4490403.245411582,844600.0,92595400.0,0.09,-0.024961917091547176,0.02,3.753310409151023e-05,0.647623598114104,6.608777901336723,1.3,NONE,2690386204893.7324,True,64,3.5073277615538245e-11,0.647623598114104,20.0,0.09,0.02,0.9652556342238118,-7.188357446776189e-17,DIAGNOSTIC_ONLY,53,0.9999999999999999,2.8456122435781354e-17,True,0.10168074107838548,4.686593832556137,46.09126352593409,0.6788488413365447,-7.276860876773986e-17,199712.79916574285,江苏,9,True,False,canonical_initial_state.scalars.rah,0.09,0.09,0.02,0.0010324350826082535,1,False,True,1.3,0.8,0.4615580549729106,False,0.0010324350826082535
7.274097868486394,11.972375335433068,4.6982774669466725,11.400731651949162,1591617942417.3977,58002840.0,1591617942417.3977,0.647623598114104,627300.0,False,0.772866243094144,4501542.137641846,627300.0,58002840.0,0.09,-0.024956833153643436,0.02,4.254364552382846e-05,0.647623598114104,4.420685631358207,1.3,NONE,1591617942417.3977,True,64,3.5073277615538245e-11,0.647623598114104,20.0,0.09,0.02,0.9652556342238118,-7.188357446776189e-17,DIAGNOSTIC_ONLY,53,0.9999999999999999,2.8456122435781354e-17,True,0.10168074107838548,4.686593832556137,46.09126352593409,0.6788488413365447,-7.276860876773986e-17,117856.25728814882,浙江,10,True,False,canonical_initial_state.scalars.rah,0.09,0.09,0.02,0.001038143964242912,1,False,True,1.3,0.8,0.5645904338807888,False,0.001038143964242912
7.274097868486394,11.972375335433068,4.6982774669466725,11.400731651949162,1357314108201.3684,34010900.0,1357314108201.3684,0.647623598114104,607600.0,False,0.772866243094144,4589731.278825722,607600.0,34010900.0,0.09,-0.02496997113112164,0.02,2.959534151368577e-05,0.647623598114104,2.5721358283733027,1.3,NONE,1357314108201.3684,True,64,3.5073277615538245e-11,0.647623598114104,20.0,0.09,0.02,0.9652556342238118,-7.188357446776189e-17,DIAGNOSTIC_ONLY,53,0.9999999999999999,2.8456122435781354e-17,True,0.10168074107838548,4.686593832556137,46.09126352593409,0.6788488413365447,-7.276860876773986e-17,98575.17052447716,安徽,11,True,False,canonical_initial_state.scalars.rah,0.09,0.09,0.02,0.0006934644495858679,1,False,True,1.3,0.8,0.5829310876093212,False,0.0006934644495858679
7.274097868486394,11.972375335433068,4.6982774669466725,11.400731651949162,1141016390611.534,35804040.0,1141016390611.534,0.647623598114104,394100.0,False,0.772866243094144,4484731.679844467,394100.0,35804040.0,0.09,-0.024958727364295292,0.02,4.0676782107423606e-05,0.647623598114104,3.041441475411804,1.3,NONE,1141016390611.534,True,64,3.5073277615538245e-11,0.647623598114104,20.0,0.09,0.02,0.9652556342238118,-7.188357446776189e-17,DIAGNOSTIC_ONLY,53,0.9999999999999999,2.8456122435781354e-17,True,0.10168074107838548,4.686593832556137,46.09126352593409,0.6788488413365447,-7.276860876773986e-17,84806.5026479374,福建,12,True,False,canonical_initial_state.scalars.rah,0.09,0.09,0.02,0.0009211005515816159,1,False,True,1.3,0.8,0.7373321917609794,False,0.0009211005515816159
7.274097868486394,11.972375335433068,4.6982774669466725,11.400731651949162,1005097857179.3013,22717000.0,1005097857179.3013,0.647623598114104,451300.0,False,0.772866243094144,4595774.559519397,451300.0,22717000.0,0.09,-0.024971012650281066,0.02,2.8568859135695967e-05,0.647623598114104,1.8362000759967394,1.3,NONE,1005097857179.3013,True,64,3.5073277615538245e-11,0.647623598114104,20.0,0.09,0.02,0.9652556342238118,-7.188357446776189e-17,DIAGNOSTIC_ONLY,53,0.9999999999999999,2.8456122435781354e-17,True,0.10168074107838548,4.686593832556137,46.09126352593409,0.6788488413365447,-7.276860876773986e-17,72899.16361046587,江西,13,True,False,canonical_initial_state.scalars.rah,0.09,0.09,0.02,0.0006250709986865693,1,False,True,1.3,0.8,0.6940518906637905,False,0.0006250709986865693
7.274097868486394,11.972375335433068,4.6982774669466725,11.400731651949162,2791796128048.5977,66648869.99999999,2791796128048.5977,0.647623598114104,1007700.0,False,0.772866243094144,4555118.17011488,1007700.0,66648869.99999999,0.09,-0.02497453995100578,0.02,2.509248131334317e-05,0.647623598114104,4.519652554449441,1.3,NONE,2791796128048.5977,True,64,3.5073277615538245e-11,0.647623598114104,20.0,0.09,0.02,0.9652556342238118,-7.188357446776189e-17,DIAGNOSTIC_ONLY,53,0.9999999999999999,2.8456122435781354e-17,True,0.10168074107838548,4.686593832556137,46.09126352593409,0.6788488413365447,-7.276860876773986e-17,204296.40029802968,山东,14,True,False,canonical_initial_state.scalars.rah,0.09,0.09,0.02,0.0006937935055420465,1,False,True,1.3,0.8,0.4086752702161691,False,0.0006937935055420465
7.274097868486394,11.972375335433068,4.6982774669466725,11.400731651949162,2007934973521.9033,49935900.0,2007934973521.9033,0.647623598114104,986400.0,False,0.772866243094144,4606187.6795182405,986400.0,49935900.0,0.09,-0.024973280978659775,0.02,2.633327801631331e-05,0.647623598114104,3.373574822771648,1.3,NONE,2007934973521.9033,True,64,3.5073277615538245e-11,0.647623598114104,20.0,0.09,0.02,0.9652556342238118,-7.188357446776189e-17,DIAGNOSTIC_ONLY,53,0.9999999999999999,2.8456122435781354e-17,True,0.10168074107838548,4.686593832556137,46.09126352593409,0.6788488413365447,-7.276860876773986e-17,145306.09562105578,河南,15,True,False,canonical_initial_state.scalars.rah,0.09,0.09,0.02,0.0006738778676648355,1,False,True,1.3,0.8,0.4191165810887849,False,0.0006738778676648355
7.274097868486394,11.972375335433068,4.6982774669466725,11.400731651949162,1502025322195.634,42021950.0,1502025322195.634,0.647623598114104,591700.0,False,0.772866243094144,4561918.84198244,591700.0,42021950.0,0.09,-0.02496631656974253,0.02,3.319714180012156e-05,0.647623598114104,3.2122387892038615,1.3,NONE,1502025322195.634,True,64,3.5073277615538245e-11,0.647623598114104,20.0,0.09,0.02,0.9652556342238118,-7.188357446776189e-17,DIAGNOSTIC_ONLY,53,0.9999999999999999,2.8456122435781354e-17,True,0.10168074107838548,4.686593832556137,46.09126352593409,0.6788488413365447,-7.276860876773986e-17,109750.01066564454,湖北,16,True,False,canonical_initial_state.scalars.rah,0.09,0.09,0.02,0.0007970659999681263,1,False,True,1.3,0.8,0.590296677656355,False,0.0007970659999681263
7.274097868486394,11.972375335433068,4.6982774669466725,11.400731651949162,1332351833795.125,36425780.0,1332351833795.125,0.647623598114104,663500.0,False,0.772866243094144,4583351.891931295,663500.0,36425780.0,0.09,-0.024967895036831826,0.02,3.1641463215700807e-05,0.647623598114104,2.7031473617202555,1.3,NONE,1332351833795.125,True,64,3.5073277615538245e-11,0.647623598114104,20.0,0.09,0.02,0.9652556342238118,-7.188357446776189e-17,DIAGNOSTIC_ONLY,53,0.9999999999999999,2.8456122435781354e-17,True,0.10168074107838548,4.686593832556137,46.09126352593409,0.6788488413365447,-7.276860876773986e-17,96896.9441501185,湖南,17,True,False,canonical_initial_state.scalars.rah,0.09,0.09,0.02,0.0007385222456866581,1,False,True,1.3,0.8,0.5511115725515159,False,0.0007385222456866581
7.274097868486394,11.972375335433068,4.6982774669466725,11.400731651949162,1838097009407.5686,97277770.0,1838097009407.5686,0.647623598114104,1134600.0,False,0.772866243094144,4474158.89622557,1134600.0,97277770.0,0.09,-0.024945282488424567,0.02,5.3927553326922774e-05,0.647623598114104,6.5109619418730045,1.3,NONE,1838097009407.5686,True,64,3.5073277615538245e-11,0.647623598114104,20.0,0.09,0.02,0.9652556342238118,-7.188357446776189e-17,DIAGNOSTIC_ONLY,53,0.9999999999999999,2.8456122435781354e-17,True,0.10168074107838548,4.686593832556137,46.09126352593409,0.6788488413365447,-7.276860876773986e-17,136940.73928585005,广东,18,True,False,canonical_initial_state.scalars.rah,0.09,0.09,0.02,0.0013615640220957625,1,False,True,1.3,0.8,0.36565793649881795,False,0.0013615640220957625
7.274097868486394,11.972375335433068,4.6982774669466725,11.400731651949162,642931505730.4277,19627810.0,642931505730.4277,0.647623598114104,494700.0,False,0.772866243094144,4554561.069288786,494700.0,19627810.0,0.09,-0.024961732764178107,0.02,3.771477249300236e-05,0.647623598114104,1.5646140320777393,1.3,NONE,642931505730.4277,True,64,3.5073277615538245e-11,0.647623598114104,20.0,0.09,0.02,0.9652556342238118,-7.188357446776189e-17,DIAGNOSTIC_ONLY,53,0.9999999999999999,2.8456122435781354e-17,True,0.10168074107838548,4.686593832556137,46.09126352593409,0.6788488413365447,-7.276860876773986e-17,47053.06285175163,广西,19,True,False,canonical_initial_state.scalars.rah,0.09,0.09,0.02,0.0007470723763426308,1,False,True,1.3,0.8,0.6556970014787571,False,0.0007470723763426308
7.274097868486394,11.972375335433068,4.6982774669466725,11.400731651949162,113223172885.52222,4910690.0,113223172885.52222,0.647623598114104,98200.0,False,0.772866243094144,4489297.619191355,98200.0,4910690.0,0.09,-0.024921764570827194,0.02,7.71059723674638e-05,0.647623598114104,0.5715094995099423,0.8,NONE,113223172885.52222,True,64,3.5073277615538245e-11,0.647623598114104,20.0,0.09,0.02,0.9652556342238118,-7.188357446776189e-17,DIAGNOSTIC_ONLY,53,0.9999999999999999,2.8456122435781354e-17,True,0.10168074107838548,4.686593832556137,46.09126352593409,0.6788488413365447,-7.276860876773986e-17,8405.918454615658,海南,20,True,False,canonical_initial_state.scalars.rah,0.09,0.09,0.02,0.0010328851152404494,1,True,False,1.3,0.8,1.3826383932286443,False,0.0010328851152404494
7.274097868486394,11.972375335433068,4.6982774669466725,11.400731651949162,851864893184.6962,20363190.0,851864893184.6962,0.647623598114104,310179.0,False,0.772866243094144,4533839.590163884,310179.0,20363190.0,0.09,-0.02496671933720393,0.02,3.2800189884996064e-05,0.647623598114104,1.8111666964383497,1.3,NONE,851864893184.6962,True,64,3.5073277615538245e-11,0.647623598114104,20.0,0.09,0.02,0.9652556342238118,-7.188357446776189e-17,DIAGNOSTIC_ONLY,53,0.9999999999999999,2.8456122435781354e-17,True,0.10168074107838548,4.686593832556137,46.09126352593409,0.6788488413365447,-7.276860876773986e-17,62629.1519788622,重庆,21,True,False,canonical_initial_state.scalars.rah,0.09,0.09,0.02,0.0006933211712193597,1,False,True,1.3,0.8,0.8389830510142788,False,0.0006933211712193597
7.274097868486394,11.972375335433068,4.6982774669466725,11.400731651949162,1543482549535.284,42902100.0,1543482549535.284,0.647623598114104,834100.0,False,0.772866243094144,4548284.331258113,834100.0,42902100.0,0.09,-0.024969066466770336,0.02,3.0486945088084136e-05,0.647623598114104,3.0405031240248723,1.3,NONE,1543482549535.284,True,64,3.5073277615538245e-11,0.647623598114104,20.0,0.09,0.02,0.9652556342238118,-7.188357446776189e-17,DIAGNOSTIC_ONLY,53,0.9999999999999999,2.8456122435781354e-17,True,0.10168074107838548,4.686593832556137,46.09126352593409,0.6788488413365447,-7.276860876773986e-17,113117.31964031263,四川,22,True,False,canonical_initial_state.scalars.rah,0.09,0.09,0.02,0.0007370356540343972,1,False,True,1.3,0.8,0.46998697312951165,False,0.0007370356540343972
7.274097868486394,11.972375335433068,4.6982774669466725,11.400731651949162,599616319886.5338,15353210.0,599616319886.5338,0.647623598114104,382200.0,False,0.772866243094144,4583201.944063444,382200.0,15353210.0,0.09,-0.024965918815697177,0.02,3.3589155081542165e-05,0.647623598114104,1.2914604011554789,1.2914604011554789,NONE,599616319886.5338,True,64,3.5073277615538245e-11,0.647623598114104,20.0,0.09,0.02,0.9652556342238118,-7.188357446776189e-17,DIAGNOSTIC_ONLY,53,0.9999999999999999,2.8456122435781354e-17,True,0.10168074107838548,4.686593832556137,46.09126352593409,0.6788488413365447,-7.276860876773986e-17,43608.73167164668,贵州,23,True,False,canonical_initial_state.scalars.rah,0.09,0.09,0.02,0.0006539608272221906,1,False,False,1.3,0.8,0.7581254168531228,False,0.0006539608272221906
7.274097868486394,11.972375335433068,4.6982774669466725,11.400731651949162,772812440013.2318,20880630.0,772812440013.2318,0.647623598114104,470300.0,False,0.772866243094144,4516889.516807365,470300.0,20880630.0,0.09,-0.024965805236585096,0.02,3.3701093852749955e-05,0.647623598114104,1.6945568668829927,1.3,NONE,772812440013.2318,True,64,3.5073277615538245e-11,0.647623598114104,20.0,0.09,0.02,0.9652556342238118,-7.188357446776189e-17,DIAGNOSTIC_ONLY,53,0.9999999999999999,2.8456122435781354e-17,True,0.10168074107838548,4.686593832556137,46.09126352593409,0.6788488413365447,-7.276860876773986e-17,57030.33663089448,云南,24,True,False,canonical_initial_state.scalars.rah,0.09,0.09,0.02,0.0006973721309635479,1,False,True,1.3,0.8,0.6716716626748866,False,0.0006973721309635479
7.274097868486394,11.972375335433068,4.6982774669466725,11.400731651949162,76591375387.66502,1477630.0,76591375387.66502,0.647623598114104,35400.0,False,0.772866243094144,4389188.049587524,35400.0,1477630.0,0.09,-0.02495634819364926,0.02,4.3021629416937014e-05,0.647623598114104,0.22062849449174698,0.8,NONE,76591375387.66502,True,64,3.5073277615538245e-11,0.647623598114104,20.0,0.09,0.02,0.9652556342238118,-7.188357446776189e-17,DIAGNOSTIC_ONLY,53,0.9999999999999999,2.8456122435781354e-17,True,0.10168074107838548,4.686593832556137,46.09126352593409,0.6788488413365447,-7.276860876773986e-17,5815.693046131667,西藏,25,True,False,canonical_initial_state.scalars.rah,0.09,0.09,0.02,0.0005300517769194888,1,True,False,1.3,0.8,1.988675780079428,False,0.0005300517769194888
7.274097868486394,11.972375335433068,4.6982774669466725,11.400731651949162,1111158134119.995,23941880.0,1111158134119.995,0.647623598114104,393100.0,False,0.772866243094144,4563816.3419769285,393100.0,23941880.0,0.09,-0.02497153053012658,0.02,2.805845578885765e-05,0.647623598114104,2.007654312126893,1.3,NONE,1111158134119.995,True,64,3.5073277615538245e-11,0.647623598114104,20.0,0.09,0.02,0.9652556342238118,-7.188357446776189e-17,DIAGNOSTIC_ONLY,53,0.9999999999999999,2.8456122435781354e-17,True,0.10168074107838548,4.686593832556137,46.09126352593409,0.6788488413365447,-7.276860876773986e-17,81156.10933158822,陕西,26,True,False,canonical_initial_state.scalars.rah,0.09,0.09,0.02,0.0006290486196572157,1,False,True,1.3,0.8,0.7452506840829198,False,0.0006290486196572157
7.274097868486394,11.972375335433068,4.6982774669466725,11.400731651949162,423982918938.0812,8246100.0,423982918938.0812,0.647623598114104,251500.0,False,0.772866243094144,4596727.5794365015,251500.0,8246100.0,0.09,-0.02497151199738777,0.02,2.807672293090373e-05,0.647623598114104,0.7610683554594357,0.8,NONE,423982918938.0812,True,64,3.5073277615538245e-11,0.647623598114104,20.0,0.09,0.02,0.9652556342238118,-7.188357446776189e-17,DIAGNOSTIC_ONLY,53,0.9999999999999999,2.8456122435781354e-17,True,0.10168074107838548,4.686593832556137,46.09126352593409,0.6788488413365447,-7.276860876773986e-17,30744.293845111886,甘肃,27,True,False,canonical_initial_state.scalars.rah,0.09,0.09,0.02,0.000504915926518092,1,True,False,1.3,0.8,0.9347407295716605,False,0.000504915926518092
7.274097868486394,11.972375335433068,4.6982774669466725,11.400731651949162,169435440053.7927,2748000.0,169435440053.7927,0.647623598114104,58700.0,False,0.772866243094144,4462710.700151264,58700.0,2748000.0,0.09,-0.024967161655614637,0.02,3.2364264453302664e-05,0.647623598114104,0.36111820421848395,0.8,NONE,169435440053.7927,True,64,3.5073277615538245e-11,0.647623598114104,20.0,0.09,0.02,0.9652556342238118,-7.188357446776189e-17,DIAGNOSTIC_ONLY,53,0.9999999999999999,2.8456122435781354e-17,True,0.10168074107838548,4.686593832556137,46.09126352593409,0.6788488413365447,-7.276860876773986e-17,12654.667044211987,青海,28,True,False,canonical_initial_state.scalars.rah,0.09,0.09,0.02,0.0004757509990231093,1,True,False,1.3,0.8,1.6744239556396332,False,0.0004757509990231093
7.274097868486394,11.972375335433068,4.6982774669466725,11.400731651949162,191566336875.56973,3510210.0,191566336875.56973,0.647623598114104,71000.0,False,0.772866243094144,4554447.820993361,71000.0,3510210.0,0.09,-0.02496430363143367,0.02,3.518102684349167e-05,0.647623598114104,0.43488057113569667,0.8,NONE,191566336875.56973,True,64,3.5073277615538245e-11,0.647623598114104,20.0,0.09,0.02,0.9652556342238118,-7.188357446776189e-17,DIAGNOSTIC_ONLY,53,0.9999999999999999,2.8456122435781354e-17,True,0.10168074107838548,4.686593832556137,46.09126352593409,0.6788488413365447,-7.276860876773986e-17,14019.48037467376,宁夏,29,True,False,canonical_initial_state.scalars.rah,0.09,0.09,0.02,0.0005293280580503247,1,True,False,1.3,0.8,1.5731879996076512,False,0.0005293280580503247
7.274097868486394,11.972375335433068,4.6982774669466725,11.400731651949162,547982296720.294,12199080.0,547982296720.294,0.647623598114104,252000.0,False,0.772866243094144,4291213.801922861,252000.0,12199080.0,0.09,-0.024967912029779632,0.02,3.162471718342674e-05,0.647623598114104,1.1868357188404386,1.1868357188404386,NONE,547982296720.294,True,64,3.5073277615538245e-11,0.647623598114104,20.0,0.09,0.02,0.9652556342238118,-7.188357446776189e-17,DIAGNOSTIC_ONLY,53,0.9999999999999999,2.8456122435781354e-17,True,0.10168074107838548,4.686593832556137,46.09126352593409,0.6788488413365447,-7.276860876773986e-17,42565.246688690364,新疆,30,True,False,canonical_initial_state.scalars.rah,0.09,0.09,0.02,0.0006123367103671743,1,False,False,1.3,0.8,0.9038934246750148,False,0.0006123367103671743
7.293529647693443,11.97929664235878,4.685766994665335,10.149595729204586,537317983065.375,30319980.0,537317983065.375,0.6696231284660173,219200.0,False,0.772866243094144,5600793.016481017,4438031.940787546,60040631.53155035,0.02,-0.02491086574058326,0.02,8.608102907972323e-05,0.6696231284660173,2.4269838745316887,1.3,NONE,537317983065.375,True,16,1.4311463125693535e-10,0.6696231284660173,17.083436595308335,0.0815739158719744,0.02,0.7908719605101817,-3.523719306302541e-17,DIAGNOSTIC_ONLY,89,0.9999999999999999,1.8492590416102438e-17,True,0.12585550235019324,4.012338838895388,31.880519834016035,0.6672618657432947,-9.844812170137849e-17,0.320634008031923,北京,0,True,False,turn_1.one_turn.capital.household_illiquid_return_rah -> steady_state._post_turn_states.rah,0.0815739158719744,0.09,0.02,0.0015949382639870576,2,False,True,1.3,0.8,0.05427506158386475,False,0.0015949382639870576
7.289083444340513,11.981881664273851,4.692798219933339,10.480109235367816,679051452789.948,13362920.0,679051452789.948,0.6812165135561992,138300.0,False,0.772866243094144,5724488.235430581,4483826.504912463,29448368.5654255,0.02,-0.02496531581738158,0.02,3.349574956717304e-05,0.6812165135561992,1.1677052982096947,1.1677052982096947,NONE,679051452789.948,True,22,3.698760853154681e-09,0.6812165135561992,17.016519144206068,0.06543968660646214,0.02,0.6033285622573465,-3.877328119296101e-17,DIAGNOSTIC_ONLY,139,1.0,1.7753810574450135e-17,True,0.1516180561059464,3.2945722318293975,21.729418754236264,0.677292646733282,-8.780452925719967e-17,0.3054346851429879,天津,1,True,False,turn_1.one_turn.capital.household_illiquid_return_rah -> steady_state._post_turn_states.rah,0.06543968660646214,0.09,0.02,0.0006512817940029328,2,False,False,1.3,0.8,0.05705147451783721,False,0.0006512817940029328
7.295230819829491,11.979130156792696,4.683899336963206,10.043005996937685,1692566739665.9175,32494600.0,1692566739665.9175,0.669708681644789,755600.0,False,0.772866243094144,5667770.987002901,4605981.220656944,48991204.160510354,0.02,-0.02497704318266025,0.02,2.2170166511252418e-05,0.669708681644789,1.9457179407918515,1.3,NONE,1692566739665.9175,True,16,2.1858210352831975e-08,0.669708681644789,16.93009382152756,0.08294928069010261,0.02,0.8066307276233748,-2.7988357250170364e-17,DIAGNOSTIC_ONLY,46,0.9999999999999999,1.2289989925336089e-17,True,0.12466971414622943,4.05610381865723,32.53479681440262,0.665176932256403,-8.252518008827501e-17,0.35442903554603133,河北,2,True,False,turn_1.one_turn.capital.household_illiquid_return_rah -> steady_state._post_turn_states.rah,0.08294928069010261,0.09,0.02,0.000531645825183819,2,False,True,1.3,0.8,0.04824430128165891,False,0.000531645825183819
7.295359619748593,11.978072974471413,4.68271335472282,10.016878862009634,663511099837.9441,15958130.0,663511099837.9441,0.6680026580253674,350200.0,False,0.772866243094144,5752937.519177172,4597049.9688845305,28638794.408471934,0.02,-0.02496563562103093,0.02,3.3186902765626065e-05,0.6680026580253674,1.1248712064038608,1.1248712064038608,NONE,663511099837.9441,True,14,1.021329487649325e-08,0.6680026580253674,16.973532868083186,0.08519427624991778,0.02,0.8384664077114192,-1.2547681845821406e-16,DIAGNOSTIC_ONLY,111,1.0,2.438099635376778e-17,True,0.1212260482524426,4.1586754128655254,34.30513056241386,0.6636517795500054,-1.8121116234111526e-16,0.33177942034169683,山西,3,True,False,turn_1.one_turn.capital.household_illiquid_return_rah -> steady_state._post_turn_states.rah,0.08519427624991778,0.09,0.02,0.0006411700755120038,2,False,False,1.3,0.8,0.05226517633053507,False,0.0006411700755120038
7.305399482246041,11.993622167835014,4.688222685588974,10.007071996269657,892802329669.4608,16140760.0,892802329669.4608,0.6803417269065484,242200.0,False,0.772866243094144,5673489.496036054,4496926.330784098,31339938.776948616,0.02,-0.024972000823523712,0.02,2.703976694979772e-05,0.6803417269065484,1.250505171603616,1.250505171603616,NONE,892802329669.4608,True,26,1.3481793903480366e-08,0.6803417269065484,16.413036657305124,0.07349902250201926,0.02,0.6622152180095773,-7.711161020870235e-17,DIAGNOSTIC_ONLY,179,1.0,2.1123203833028206e-17,True,0.14484172104932805,3.5642358686491575,24.607798380380352,0.6712368102002269,-2.803585104646814e-16,0.32102152138347195,内蒙古,4,True,False,turn_1.one_turn.capital.household_illiquid_return_rah -> steady_state._post_turn_states.rah,0.07349902250201926,0.09,0.02,0.0005606100998367917,2,False,False,1.3,0.8,0.05420635158737408,False,0.0005606100998367917
7.309528319918075,11.986951494896688,4.677423174978613,9.44980430955325,1105264754694.1694,23510500.0,1105264754694.1694,0.6800242559267637,429100.0,False,0.772866243094144,5589735.843454769,4487423.150537921,40069216.714463085,0.02,-0.02497116708054334,0.02,2.7844946105996637e-05,0.6800242559267637,1.6180758610295618,1.3,NONE,1105264754694.1694,True,15,1.1194440929784832e-09,0.6800242559267637,15.64969034598594,0.08076246052399545,0.02,0.747687996136309,-3.4272064665654745e-17,DIAGNOSTIC_ONLY,115,1.0,1.3091741232762466e-17,True,0.1362287245031654,3.8115807929549357,27.97927387822214,0.6590960114192637,-1.18889560787918e-16,0.3379841320499848,辽宁,5,True,False,turn_1.one_turn.capital.household_illiquid_return_rah -> steady_state._post_turn_states.rah,0.08076246052399545,0.09,0.02,0.0006080357566442692,2,False,True,1.3,0.8,0.05115620207743632,False,0.0006080357566442692
7.319989877222728,11.995174252896447,4.67518437567372,9.151916498545996,740712965919.6627,11253810.0,740712965919.6627,0.6873049123989564,248400.0,False,0.772866243094144,5411129.702093534,4470836.859874487,21697338.306743186,0.02,-0.024976854718831393,0.02,2.2352173520367964e-05,0.6873049123989564,0.899206179077575,0.899206179077575,NONE,740712965919.6627,True,25,4.104170336916013e-10,0.6873049123989564,14.944079938873706,0.0781112207882239,0.02,0.694305506130883,-2.0208992167680045e-17,DIAGNOSTIC_ONLY,64,1.0,2.4377608221978764e-17,True,0.14635724712521428,3.6079442632457193,24.651626988849983,0.6574315531509771,-2.4912461231739486e-17,0.37703312183356297,吉林,6,True,False,turn_1.one_turn.capital.household_illiquid_return_rah -> steady_state._post_turn_states.rah,0.0781112207882239,0.09,0.02,0.0004489797639331647,2,False,False,1.3,0.8,0.0443094049924031,False,0.0004489797639331647
7.3325405683171745,11.993675454646485,4.661134886329311,8.434937892441477,654911264062.3204,12846500.0,654911264062.3204,0.6915136631682827,332700.0,False,0.772866243094144,5391917.48100008,4418143.962002142,23115254.08044625,0.02,-0.024972059074141444,0.02,2.698351311353526e-05,0.6915136631682827,0.9631973064231268,0.9631973064231268,NONE,654911264062.3204,True,13,1.5186178092818636e-08,0.6915136631682827,13.806576371869681,0.08471486717519144,0.02,0.7578701689476802,-8.458461185238617e-17,DIAGNOSTIC_ONLY,87,0.9999999999999999,1.6723818510588906e-17,True,0.14310220462754777,3.7504643543242437,26.208291927336692,0.6422348947423763,-1.220902556567209e-16,0.36565033805043745,黑龙江,7,True,False,turn_1.one_turn.capital.household_illiquid_return_rah -> steady_state._post_turn_states.rah,0.08471486717519144,0.09,0.02,0.0005274868982764897,2,False,False,1.3,0.8,0.04627979075037869,False,0.0005274868982764897
7.295576922081819,11.978422418990904,4.682845496909085,10.00903012088391,492773836983.48627,36011820.0,492773836983.48627,0.6686634490820503,247539.0,False,0.772866243094144,5590459.903325764,4442235.9411315145,69384340.4374874,0.02,-0.024887754461979526,0.02,0.00010840113040642159,0.6686634490820503,2.8080932577201185,1.3,NONE,492773836983.48627,True,14,5.9160756293863415e-09,0.6686634490820503,16.931408926774836,0.08457051873275336,0.02,0.8289978141221782,-2.042004905518394e-16,DIAGNOSTIC_ONLY,99,1.0,2.0186607088224926e-17,True,0.12232597060855957,4.12696886171098,33.73747080182335,0.6638752837550164,-2.3247062502080566e-16,0.3243263038879165,上海,8,True,False,turn_1.one_turn.capital.household_illiquid_return_rah -> steady_state._post_turn_states.rah,0.08457051873275336,0.09,0.02,0.001970216149288438,2,False,True,1.3,0.8,0.05360634791263874,False,0.001970216149288438
7.293840696644136,11.983465663083583,4.689624966439448,10.297318457176319,2690386204893.7324,92595400.0,2690386204893.7324,0.6726159153308952,844600.0,False,0.772866243094144,5524058.659789032,4490403.245411582,135333552.72343865,0.02,-0.0249601063589115,0.02,3.852674997687208e-05,0.6726159153308952,5.514372628290547,1.3,NONE,2690386204893.7324,True,15,1.5074452353047718e-08,0.6726159153308952,17.15504032126003,0.07678075015569345,0.02,0.7250273027588061,-6.856821844552377e-17,DIAGNOSTIC_ONLY,122,0.9999999999999999,1.654763565756001e-17,True,0.13339338070772108,3.801594349842489,28.499122892553277,0.6719322405063989,-1.1549978709808103e-16,0.3547974216437084,江苏,9,True,False,turn_1.one_turn.capital.household_illiquid_return_rah -> steady_state._post_turn_states.rah,0.07678075015569345,0.09,0.02,0.0010324350826082535,2,False,True,1.3,0.8,0.048180055207012185,False,0.0010324350826082535
7.295437074137606,11.98047455111152,4.685037476973915,10.070276599635338,1591617942417.3977,58002840.0,1591617942417.3977,0.6712125634885412,627300.0,False,0.772866243094144,5565608.27043597,4501542.137641846,90750688.60191797,0.02,-0.02495472914623981,0.02,4.371976617093586e-05,0.6712125634885412,3.674357807312541,1.3,NONE,1591617942417.3977,True,16,2.953925992699169e-10,0.6712125634885412,16.899090357568387,0.0810135913349341,0.02,0.7790828556088715,-1.213722347957449e-16,DIAGNOSTIC_ONLY,50,1.0000000000000002,1.9165635199214723e-17,True,0.12781010209124785,3.9668027674511874,31.036691955845214,0.6666235808184017,-1.0481335133828788e-16,0.3480157838978859,浙江,10,True,False,turn_1.one_turn.capital.household_illiquid_return_rah -> steady_state._post_turn_states.rah,0.0810135913349341,0.09,0.02,0.001038143964242912,2,False,True,1.3,0.8,0.04937490651413334,False,0.001038143964242912
7.293035015032082,11.978258156033768,4.685223141001686,10.151127654132669,1357314108201.3684,34010900.0,1357314108201.3684,0.6682590433997112,607600.0,False,0.772866243094144,5676530.658660346,4589731.278825722,53836910.92757186,0.02,-0.024968505109415375,0.02,3.0415719473269044e-05,0.6682590433997112,2.137336530692252,1.3,NONE,1357314108201.3684,True,31,1.3493204331638253e-09,0.6682590433997112,17.14928118359844,0.0829892058879816,0.02,0.8119223555782977,-1.250857794825834e-16,DIAGNOSTIC_ONLY,80,0.9999999999999999,2.2801024024455253e-17,True,0.12336608307662686,4.082354719955454,33.09138636929702,0.6664978173907933,-2.2505382006518726e-16,0.34756612158493083,安徽,11,True,False,turn_1.one_turn.capital.household_illiquid_return_rah -> steady_state._post_turn_states.rah,0.0829892058879816,0.09,0.02,0.0006934644495858679,2,False,True,1.3,0.8,0.04945416591467944,False,0.0006934644495858679
7.300208437288729,11.984614981426018,4.684406544137289,9.927842695016842,1141016390611.534,35804040.0,1141016390611.534,0.6755188533125066,394100.0,False,0.772866243094144,5597523.938127824,4484731.679844467,62203511.287097774,0.02,-0.02495662258488022,0.02,4.1891185191681e-05,0.6755188533125066,2.5095510108746657,1.3,NONE,1141016390611.534,True,36,4.73220573837807e-10,0.6755188533125066,16.507446323567713,0.07867762591693221,0.02,0.7378081115295265,-3.1501860184749866e-17,DIAGNOSTIC_ONLY,61,1.0000000000000002,1.679158114636925e-17,True,0.13413767456086012,3.8172576119036874,28.457758973387783,0.6664052881191005,-2.5172018123730567e-17,0.3353214979100545,福建,12,True,False,turn_1.one_turn.capital.household_illiquid_return_rah -> steady_state._post_turn_states.rah,0.07867762591693221,0.09,0.02,0.0009211005515816159,2,False,True,1.3,0.8,0.05163197169581446,False,0.0009211005515816159
7.295313966458094,11.979114317115474,4.683800350657381,10.037765060053001,1005097857179.3013,22717000.0,1005097857179.3013,0.6696987353705948,451300.0,False,0.772866243094144,5720750.568844887,4595774.559519397,38483776.80020933,0.02,-0.024969552945360667,0.02,2.9403781382574522e-05,0.6696987353705948,1.5182244918961496,1.3,NONE,1005097857179.3013,True,39,2.7367958566060224e-08,0.6696987353705948,16.92322320707682,0.08303330274632327,0.02,0.8076430682580006,-3.362667659470146e-17,DIAGNOSTIC_ONLY,64,0.9999999999999999,2.1196152472091612e-17,True,0.1245851202285718,4.059024618520065,32.58033231475091,0.6650648291945398,-6.487627507810393e-17,0.3389072177311878,江西,13,True,False,turn_1.one_turn.capital.household_illiquid_return_rah -> steady_state._post_turn_states.rah,0.08303330274632327,0.09,0.02,0.0006250709986865693,2,False,True,1.3,0.8,0.050991309652745676,False,0.0006250709986865693
7.293007196743826,11.980590535147552,4.687583338403727,10.228203735608115,2791796128048.5977,66648869.99999999,2791796128048.5977,0.6706610093154868,1007700.0,False,0.772866243094144,5576594.639959026,4555118.17011488,93886614.95685232,0.02,-0.024973358725843522,0.02,2.572838819742378e-05,0.6706610093154868,3.785337364757839,1.3,NONE,2791796128048.5977,True,40,4.781395501751717e-09,0.6706610093154868,17.14612774022431,0.07949240553430469,0.02,0.7631300383570601,-2.709377934372748e-17,DIAGNOSTIC_ONLY,57,0.9999999999999999,1.5344526556945518e-17,True,0.12878598831242496,3.925578211424229,30.481407666034883,0.6694178424628647,-7.826427666945509e-17,0.3613754156040907,山东,14,True,False,turn_1.one_turn.capital.household_illiquid_return_rah -> steady_state._post_turn_states.rah,0.07949240553430469,0.09,0.02,0.0006937935055420465,2,False,True,1.3,0.8,0.047027560575969796,False,0.0006937935055420465
7.292181974004379,11.97732175107557,4.685139777071191,10.182851308280906,2007934973521.9033,49935900.0,2007934973521.9033,0.6666702528042787,986400.0,False,0.772866243094144,5637776.076944081,4606187.6795182405,70864863.68159145,0.02,-0.024972042852464713,0.02,2.6999178941215646e-05,0.6666702528042787,2.8259845746355934,1.3,NONE,2007934973521.9033,True,14,4.974960066128631e-08,0.6666702528042787,17.269157705351486,0.08427856743531324,0.02,0.8322773979458585,-3.7660448801978326e-17,DIAGNOSTIC_ONLY,50,0.9999999999999999,1.7035526635178488e-17,True,0.12087142776737848,4.152112547358214,34.351480941791365,0.6662232963553331,-7.804100700476632e-17,0.3616972620372474,河南,15,True,False,turn_1.one_turn.capital.household_illiquid_return_rah -> steady_state._post_turn_states.rah,0.08427856743531324,0.09,0.02,0.0006738778676648355,2,False,True,1.3,0.8,0.04697103130104319,False,0.0006738778676648355
7.291035215097766,11.97864808464864,4.687612869550873,10.283887854667265,1502025322195.634,42021950.0,1502025322195.634,0.6684334599888703,591700.0,False,0.772866243094144,5646672.741249467,4561918.84198244,66827367.47364146,0.02,-0.02496466567507131,0.02,3.4123621015485975e-05,0.6684334599888703,2.6675782949866913,1.3,NONE,1502025322195.634,True,16,1.8393724321441596e-09,0.6684334599888703,17.32766551729466,0.08100551049119661,0.02,0.7881850405097015,-1.0368055335775248e-16,DIAGNOSTIC_ONLY,77,1.0000000000000002,1.231736876717831e-17,True,0.12532637274549738,4.013830297581226,32.02702040800452,0.6691987514029162,-1.9051783976359622e-16,0.3464835380352167,湖北,16,True,False,turn_1.one_turn.capital.household_illiquid_return_rah -> steady_state._post_turn_states.rah,0.08100551049119661,0.09,0.02,0.0007970659999681263,2,False,True,1.3,0.8,0.04964591903957194,False,0.0007970659999681263
7.295133492080943,11.97831245537529,4.683178963294347,10.031975171185701,1332351833795.125,36425780.0,1332351833795.125,0.668464824452441,663500.0,False,0.772866243094144,5657999.465171086,4583351.891931295,56500448.89721555,0.02,-0.02496634202650765,0.02,3.250469810232268e-05,0.668464824452441,2.2494668642750355,1.3,NONE,1332351833795.125,True,14,7.400784651778736e-09,0.668464824452441,16.972801407519714,0.0844576250375959,0.02,0.8283468122236782,-2.3353893042450803e-16,DIAGNOSTIC_ONLY,79,0.9999999999999999,2.577072469564903e-17,True,0.12225304153692576,4.126745616352066,33.75577052703109,0.6642268040522339,-1.7293330994021808e-16,0.3501003873449189,湖南,17,True,False,turn_1.one_turn.capital.household_illiquid_return_rah -> steady_state._post_turn_states.rah,0.0844576250375959,0.09,0.02,0.0007385222456866581,2,False,True,1.3,0.8,0.04900637676358888,False,0.0007385222456866581
7.304132356085388,11.980425995264078,4.676293639178691,9.58151300959277,1838097009407.5686,97277770.0,1838097009407.5686,0.672257428526691,1134600.0,False,0.772866243094144,5471598.5343142,4474158.89622557,132848158.64540662,0.02,-0.02494275781693346,0.02,5.5281058455389646e-05,0.672257428526691,5.457678754456135,1.3,NONE,1838097009407.5686,True,14,8.745053570180517e-10,0.672257428526691,16.171344881650672,0.08697616193439975,0.02,0.8450481943679047,-6.080155511250474e-17,DIAGNOSTIC_ONLY,36,1.0,1.644322470945546e-17,True,0.12334660447834309,4.142014940399029,33.58029155254351,0.6569413868345609,-3.9539403847801287e-17,0.362836682722838,广东,18,True,False,turn_1.one_turn.capital.household_illiquid_return_rah -> steady_state._post_turn_states.rah,0.08697616193439975,0.09,0.02,0.0013615640220957625,2,False,True,1.3,0.8,0.0467720820193267,False,0.0013615640220957625
7.310470945404521,11.981811503792628,4.671340558388105,9.28659472380109,642931505730.4277,19627810.0,642931505730.4277,0.6745753588944112,494700.0,False,0.772866243094144,5655795.52990874,4554561.069288786,32497706.16259476,0.02,-0.024959827759376697,0.02,3.879580520959262e-05,0.6745753588944112,1.2960845352898815,1.2960845352898815,NONE,642931505730.4277,True,13,6.385704987010854e-08,0.6745753588944112,15.661146523324556,0.08905142207201248,0.02,0.861538029966127,-1.219705251817392e-16,DIAGNOSTIC_ONLY,22,1.0,1.3365069331701621e-17,True,0.12357694256285894,4.167305431573685,33.7223542284511,0.6516602223940428,-1.197756025442489e-16,0.34213260360099107,广西,19,True,False,turn_1.one_turn.capital.household_illiquid_return_rah -> steady_state._post_turn_states.rah,0.08905142207201248,0.09,0.02,0.0007470723763426308,2,False,False,1.3,0.8,0.05041590182237887,False,0.0007470723763426308
7.316806702396937,11.983584930085037,4.666778227688099,9.000068745264556,113223172885.52222,4910690.0,113223172885.52222,0.6779023402590942,98200.0,False,0.772866243094144,5224945.015859763,4489297.619191355,11700398.531243972,0.02,-0.024919069893285677,0.02,7.815780312319686e-05,0.6779023402590942,0.49774219226427413,0.8,NONE,113223172885.52222,True,14,8.577476506843595e-10,0.6779023402590942,15.123622700765742,0.09,0.02,0.861734636191252,-3.7470713657676844e-17,DIAGNOSTIC_ONLY,81,0.9999999999999999,2.5587171270657905e-17,True,0.12562150838053587,4.1393270200237735,32.95078265964471,0.6469412562608161,-3.658265106733289e-17,0.4318943945821849,海南,20,True,False,turn_1.one_turn.capital.household_illiquid_return_rah -> steady_state._post_turn_states.rah,0.09,0.09,0.02,0.0010328851152404494,2,True,False,1.3,0.8,0.035067978543202205,False,0.0010328851152404494
7.2968684130113335,11.982173391669113,4.685304978657779,10.042422450602654,851864893184.6962,20363190.0,851864893184.6962,0.6729536467504118,310179.0,False,0.772866243094144,5690743.182647966,4533839.590163884,37447561.27458345,0.02,-0.02496497740067069,0.02,3.382257370188679e-05,0.6729536467504118,1.4879415860527525,1.3,NONE,851864893184.6962,True,16,6.760132587046996e-08,0.6729536467504118,16.78132787350257,0.07964968804865434,0.02,0.7574617980062129,-6.665472394724362e-17,DIAGNOSTIC_ONLY,83,1.0,1.9814258950634417e-17,True,0.1307398762255311,3.892301003976105,29.771337684776007,0.6671216944816659,-1.1708990614398233e-16,0.32782637523337965,重庆,21,True,False,turn_1.one_turn.capital.household_illiquid_return_rah -> steady_state._post_turn_states.rah,0.07964968804865434,0.09,0.02,0.0006933211712193597,2,False,True,1.3,0.8,0.0529766638507001,False,0.0006933211712193597
7.300991059863068,11.979972325139315,4.6789812652762475,9.737492082064728,1543482549535.284,42902100.0,1543482549535.284,0.6714603823662173,834100.0,False,0.772866243094144,5586207.178552755,4548284.331258113,63065528.11989962,0.02,-0.02496760758807366,0.02,3.128249301127824e-05,0.6714603823662173,2.5401740188214346,1.3,NONE,1543482549535.284,True,14,4.2622483320542415e-10,0.6714603823662173,16.42367927931376,0.0854811749101935,0.02,0.8303020760318366,-6.315108645255421e-17,DIAGNOSTIC_ONLY,127,1.0,2.7647155398380363e-17,True,0.12394667535475015,4.108015927175085,33.14341361248661,0.659861272998915,-1.9957100726303686e-16,0.3569903464886466,四川,22,True,False,turn_1.one_turn.capital.household_illiquid_return_rah -> steady_state._post_turn_states.rah,0.0854811749101935,0.09,0.02,0.0007370356540343972,2,False,True,1.3,0.8,0.04779446931739373,False,0.0007370356540343972
7.303457116942786,11.98006930893684,4.676612191994054,9.615622065401727,599616319886.5338,15353210.0,599616319886.5338,0.6714955875411479,382200.0,False,0.772866243094144,5716222.505762835,4583201.944063444,26992868.731283534,0.02,-0.024964186762318086,0.02,3.458612697888462e-05,0.6714955875411479,1.0662126113547443,1.0662126113547443,NONE,599616319886.5338,True,14,2.7903901411718834e-10,0.6714955875411479,16.2532737054459,0.08730795384954682,0.02,0.8514310322071806,-6.375378994294871e-17,DIAGNOSTIC_ONLY,79,1.0000000000000002,2.382534274036896e-17,True,0.12242011347860625,4.165831346869582,34.02897798814399,0.6572112393394423,-1.2947704918970173e-16,0.3362938795137178,贵州,23,True,False,turn_1.one_turn.capital.household_illiquid_return_rah -> steady_state._post_turn_states.rah,0.08730795384954682,0.09,0.02,0.0006539608272221906,2,False,False,1.3,0.8,0.05145633798830862,False,0.0006539608272221906
7.311597505853234,11.983204849861274,4.671607344008039,9.236745360074975,772812440013.2318,20880630.0,772812440013.2318,0.677235046489739,470300.0,False,0.772866243094144,5615382.88428825,4516889.516807365,34905557.469799116,0.02,-0.02496409371510421,0.02,3.467598679804185e-05,0.677235046489739,1.4024942000234395,1.3,NONE,772812440013.2318,True,13,1.570463270539335e-08,0.677235046489739,15.475503387466604,0.08682578495114622,0.02,0.827053087316501,-4.1271953301013945e-17,DIAGNOSTIC_ONLY,160,0.9999999999999999,2.871462870124238e-17,True,0.12780425184635785,4.051910677592014,31.704036595457637,0.6522676462115704,-8.71192959781586e-17,0.3406140525983905,云南,24,True,False,turn_1.one_turn.capital.household_illiquid_return_rah -> steady_state._post_turn_states.rah,0.08682578495114622,0.09,0.02,0.0006973721309635479,2,False,True,1.3,0.8,0.05068662660354417,False,0.0006973721309635479
7.335870233109224,11.996622866494425,4.660752633385201,8.354964535981406,76591375387.66502,1477630.0,76591375387.66502,0.694124673951768,35400.0,False,0.772866243094144,5162747.646488524,4389188.049587524,4416156.992918765,0.02,-0.024954736088239952,0.02,4.371306637457727e-05,0.694124673951768,0.19058526281483096,0.8,NONE,76591375387.66502,True,15,5.850211870495059e-09,0.694124673951768,13.6012715479094,0.08344650606251809,0.02,0.7353579569107683,-2.3595459341460924e-17,DIAGNOSTIC_ONLY,115,1.0,3.40168431617327e-17,True,0.14706948561732502,3.669757824539454,24.95254409258062,0.6421179848667665,-8.073682389994155e-17,0.41677952971353904,西藏,25,True,False,turn_1.one_turn.capital.household_illiquid_return_rah -> steady_state._post_turn_states.rah,0.08344650606251809,0.09,0.02,0.0005300517769194888,2,True,False,1.3,0.8,0.03755753078528179,False,0.0005300517769194888
7.293101146228167,11.980931704654425,4.687830558426258,10.235491651396135,1111158134119.995,23941880.0,1111158134119.995,0.670940649438479,393100.0,False,0.772866243094144,5698749.917096723,4563816.3419769285,41784582.448231176,0.02,-0.024970075671839457,0.02,2.889896317871019e-05,0.670940649438479,1.655983451436366,1.3,NONE,1111158134119.995,True,24,1.0582117626611875e-08,0.670940649438479,17.143607756746768,0.07912557021614021,0.02,0.7579188774294818,-2.7687603829108062e-17,DIAGNOSTIC_ONLY,93,0.9999999999999999,1.6019087098473328e-17,True,0.00045593277095946384,3.908604587295343,8572.765188758169,0.669726670651046,-3.65114814793938e-17,0.3347309858081251,陕西,26,True,False,turn_1.one_turn.capital.household_illiquid_return_rah -> steady_state._post_turn_states.rah,0.07912557021614021,0.09,0.02,0.0006290486196572157,2,False,True,1.3,0.8,0.05173754621915627,False,0.0006290486196572157
7.303946576673364,11.98054301878755,4.676596442114187,9.590630677319185,423982918938.0812,8246100.0,423982918938.0812,0.6725114610422152,251500.0,False,0.772866243094144,5249207.071920536,4596727.5794365015,15954065.53012087,0.02,-0.02497065779401485,0.02,2.833678767233983e-05,0.6725114610422152,0.672640366661996,0.8,NONE,423982918938.0812,True,14,6.589653267496942e-10,0.6725114610422152,16.17241336446713,0.08654963234801187,0.02,0.8392490105399566,-4.289928077666422e-17,DIAGNOSTIC_ONLY,55,0.9999999999999999,1.83772268236293e-17,True,0.12392717189775669,4.124020978234395,33.277778513632384,0.6573091516277662,-3.588621560098059e-17,0.4594673876129056,甘肃,27,True,False,turn_1.one_turn.capital.household_illiquid_return_rah -> steady_state._post_turn_states.rah,0.08654963234801187,0.09,0.02,0.000504915926518092,2,True,False,1.3,0.8,0.030607057922174663,False,0.000504915926518092
7.318653987117237,11.993678869260176,4.675024882142939,9.170680493806467,169435440053.7927,2748000.0,169435440053.7927,0.6863178820778801,58700.0,False,0.772866243094144,5229657.967204419,4462710.700151264,7349317.030097712,0.02,-0.024965977780114695,0.02,3.2856468643504515e-05,0.6863178820778801,0.3128455459305234,0.8,NONE,169435440053.7927,True,25,8.384704530683962e-08,0.6863178820778801,15.008659439500633,0.0787349871083373,0.02,0.7045398890359943,-1.3486225034114845e-16,DIAGNOSTIC_ONLY,98,1.0000000000000002,1.6705071974317635e-17,True,0.14462348141837852,3.6439174695076337,25.19589096991943,0.657138598269176,-1.8011890931696178e-16,0.4221693795124477,青海,28,True,False,turn_1.one_turn.capital.household_illiquid_return_rah -> steady_state._post_turn_states.rah,0.0787349871083373,0.09,0.02,0.0004757509990231093,2,True,False,1.3,0.8,0.03667765508684928,False,0.0004757509990231093
7.2993472567433635,11.983019174930046,4.683671918186683,9.91907084913059,191566336875.56973,3510210.0,191566336875.56973,0.6742925974803501,71000.0,False,0.772866243094144,5327616.370669244,4554447.820993361,9032430.248102773,0.02,-0.0249630317511234,0.02,3.570157436337088e-05,0.6742925974803501,0.37726946013818524,0.8,NONE,191566336875.56973,True,16,4.533889264024538e-09,0.6742925974803501,16.549055802836143,0.07996452474178498,0.02,0.75678069242446,-9.839750645386291e-17,DIAGNOSTIC_ONLY,83,0.9999999999999998,3.537209587733958e-17,True,0.1316632147496176,3.880337846660741,29.4716930164582,0.6654421790042472,-9.296478232994194e-17,0.42472448500736837,宁夏,29,True,False,turn_1.one_turn.capital.household_illiquid_return_rah -> steady_state._post_turn_states.rah,0.07996452474178498,0.09,0.02,0.0005293280580503247,2,True,False,1.3,0.8,0.03625628551859306,False,0.0005293280580503247
7.3505650275308145,12.004051019352694,4.653485991821879,7.875213313693791,547982296720.294,12199080.0,547982296720.294,0.7024472779250185,252000.0,False,0.772866243094144,5304690.045846635,4291213.801922861,23225748.19908448,0.02,-0.024966349280867967,0.02,3.249769218128208e-05,0.7024472779250185,0.9865897960474383,0.9865897960474383,NONE,547982296720.294,True,41,1.0820828233448765e-08,0.7024472779250185,12.664376790055751,0.0833753841098771,0.02,0.7101803877246334,-4.366363302976194e-17,DIAGNOSTIC_ONLY,35,0.9999999999999999,1.554012949325961e-17,True,0.15566485268576682,3.5383243695992936,22.73040001355951,0.635023701309227,-6.521083672644009e-17,0.3482241077144115,新疆,30,True,False,turn_1.one_turn.capital.household_illiquid_return_rah -> steady_state._post_turn_states.rah,0.0833753841098771,0.09,0.02,0.0006123367103671743,2,False,False,1.3,0.8,0.049335691969877304,False,0.0006123367103671743
0.012401864225557658,1.8850859971606193,1.8726841329350616,11.026567396636295,537317983065.375,30319980.0,537317983065.375,0.7012969306706289,219200.0,False,0.772866243094144,5381487.404993335,5600793.016481017,63299340.505459376,0.02,-0.024911670740870757,0.02,8.530364332114453e-05,0.7012969306706289,2.503075641884507,1.3,NONE,537317983065.375,True,11,2.9448457450342858e-08,0.7012969306706289,16.389392820020035,0.018127536860438758,0.02,1.309101470580426,-3.126244778080644e-21,DIAGNOSTIC_ONLY,37,1.0,5.341273213652076e-14,True,4.6555548416267596e-05,0.0015367660250293939,33.00929915568156,0.26521506177641296,-3.4329519006562705e-21,0.15269550478830185,北京,0,True,False,turn_2.one_turn.capital.household_illiquid_return_rah -> steady_state._post_turn_states.rah,0.018127536860438758,0.09,0.02,0.0015949382639870576,3,False,True,1.3,0.8,0.00903188830758428,False,0.0015949382639870576
0.006467289410141887,1.8337977306549371,1.8273304412447953,10.919175010253493,679051452789.948,13362920.0,679051452789.948,0.7024930763671702,138300.0,False,0.772866243094144,5384858.829782257,5724488.235430581,31128441.41422775,0.02,-0.024965794314062654,0.02,3.303365371430795e-05,0.7024930763671702,1.2242280280559754,1.2242280280559754,NONE,679051452789.948,True,11,1.6702720539996108e-08,0.7024930763671702,16.202919081938845,0.014542152579213808,0.02,1.2412378430468953,0.0,DIAGNOSTIC_ONLY,0,1.0,1.8197975678452272e-13,True,2.6275146745526905e-05,0.000822800204741238,31.314771053802467,0.2511414678456883,0.0,0.1728347439153659,天津,1,True,False,turn_2.one_turn.capital.household_illiquid_return_rah -> steady_state._post_turn_states.rah,0.014542152579213808,0.09,0.02,0.0006512817940029328,3,False,False,1.3,0.8,0.013796250884120842,False,0.0006512817940029328
0.01317622291645849,1.8909378165346034,1.8777615936181449,11.160264137562333,1692566739665.9175,32494600.0,1692566739665.9175,0.6998811790739067,755600.0,False,0.772866243094144,5442805.096685438,5667770.987002901,51354750.57418127,0.02,-0.0249772533981998,0.02,2.1967156311029677e-05,0.6998811790739067,2.0075862182594384,1.3,NONE,1692566739665.9175,True,11,3.2817284445485484e-08,0.6998811790739067,16.62355978890673,0.01843317348668947,0.02,1.322623046848949,-3.3034642098514382e-21,DIAGNOSTIC_ONLY,38,0.9999999999999999,4.784822711656478e-14,True,4.862058282300603e-05,0.0016320720830871602,33.56751376322262,0.2679205506951126,-3.699738672524022e-21,0.1630745782708427,河北,2,True,False,turn_2.one_turn.capital.household_illiquid_return_rah -> steady_state._post_turn_states.rah,0.01843317348668947,0.09,0.02,0.000531645825183819,3,False,True,1.3,0.8,0.009157170048508356,False,0.000531645825183819
0.014222013316589491,1.8977882315388213,1.8835662182222317,11.060625287072568,663511099837.9441,15958130.0,663511099837.9441,0.7009199409514595,350200.0,False,0.772866243094144,5368911.9046788,5752937.519177172,30135606.04812466,0.02,-0.02496617064124538,0.02,3.2670218935023096e-05,0.7009199409514595,1.1865643758521398,1.1865643758521398,NONE,663511099837.9441,True,11,3.045278651470085e-08,0.7009199409514595,16.448770455375723,0.01893206138887062,0.02,1.3246382923959357,-1.387474197303541e-22,DIAGNOSTIC_ONLY,22,0.9999999999999999,5.537741489328174e-14,True,5.23954027199998e-05,0.00175135147102439,33.42567057616838,0.26845992402565416,-9.312514606434262e-23,0.19012285617516556,山西,3,True,False,turn_2.one_turn.capital.household_illiquid_return_rah -> steady_state._post_turn_states.rah,0.01893206138887062,0.09,0.02,0.0006411700755120038,3,False,False,1.3,0.8,0.015569483143454965,False,0.0006411700755120038
0.00885218038563735,1.855427835826199,1.8465756554405617,10.679537416431373,892802329669.4608,16140760.0,892802329669.4608,0.7050789197827374,242200.0,False,0.772866243094144,5409187.518644459,5673489.496036054,33038762.517018672,0.02,-0.024972302569256397,0.02,2.6748363975965235e-05,0.7050789197827374,1.297471561633911,1.297471561633911,NONE,892802329669.4608,True,11,1.6692099702453334e-08,0.7050789197827374,15.78425870746778,0.016333116111559836,0.02,1.256045037098949,0.0,DIAGNOSTIC_ONLY,0,1.0,6.028673654040473e-14,True,3.5467254021523106e-05,0.0011064531610832592,31.19647098734552,0.25445231257630835,0.0,0.16179221274404765,内蒙古,4,True,False,turn_2.one_turn.capital.household_illiquid_return_rah -> steady_state._post_turn_states.rah,0.016333116111559836,0.09,0.02,0.0005606100998367917,3,False,False,1.3,0.8,0.010777278165618465,False,0.0005606100998367917
0.011434502758779923,1.8751079696503157,1.8636734668915358,10.33873948347227,1105264754694.1694,23510500.0,1105264754694.1694,0.7088812799368106,429100.0,False,0.772866243094144,5369481.793983639,5589735.843454769,42119005.66179275,0.02,-0.024971429151485345,0.02,2.759185847533054e-05,0.7088812799368106,1.6691380081342229,1.3,NONE,1105264754694.1694,True,11,1.7810156460740245e-08,0.7088812799368106,15.191956264302911,0.017947213449776768,0.02,1.2602301790669108,0.0,DIAGNOSTIC_ONLY,0,0.9999999999999999,7.727133277853071e-14,True,4.5745968946349374e-05,0.001402142690227915,30.650628296284214,0.25569641138590526,0.0,0.15802991002724287,辽宁,5,True,False,turn_2.one_turn.capital.household_illiquid_return_rah -> steady_state._post_turn_states.rah,0.017947213449776768,0.09,0.02,0.0006080357566442692,3,False,True,1.3,0.8,0.009089562104865334,False,0.0006080357566442692
0.009932155994598743,1.8599709296264455,1.8500387736318467,9.861153631583733,740712965919.6627,11253810.0,740712965919.6627,0.7145068323887214,248400.0,False,0.772866243094144,5022758.54753058,5411129.702093534,22658734.45703385,0.02,-0.024977242963109325,0.02,2.197723383735298e-05,0.7145068323887214,0.9524847269100681,0.9524847269100681,NONE,740712965919.6627,True,11,1.8744547247706578e-08,0.7145068323887214,14.368598474616602,0.01735804906404976,0.02,1.215648601786893,0.0,DIAGNOSTIC_ONLY,0,0.9999999999999999,1.2109237224056102e-14,True,4.2054866777348126e-05,0.0012126308490263333,28.834495076310375,0.2468829547897885,0.0,0.2098220765801393,吉林,6,True,False,turn_2.one_turn.capital.household_illiquid_return_rah -> steady_state._post_turn_states.rah,0.01735804906404976,0.09,0.02,0.0004489797639331647,3,False,False,1.3,0.8,0.016774624104370583,False,0.0004489797639331647
0.012073912291728973,1.8725091359041728,1.8604352236124437,9.249699635913416,654911264062.3204,12846500.0,654911264062.3204,0.7221529183763198,332700.0,False,0.772866243094144,4999400.580977789,5391917.48100008,24185023.202431142,0.02,-0.024972534652077213,0.02,2.652423272439137e-05,0.7221529183763198,1.0211386146202472,1.0211386146202472,NONE,654911264062.3204,True,11,1.927237214260913e-08,0.7221529183763198,13.323385387707653,0.018825526038931433,0.02,1.193135747408551,0.0,DIAGNOSTIC_ONLY,0,0.9999999999999999,4.884981308350689e-15,True,5.275559271205257e-05,0.0014367483278507273,27.23404769031222,0.24289928496842303,0.0,0.20787479091634276,黑龙江,7,True,False,turn_2.one_turn.capital.household_illiquid_return_rah -> steady_state._post_turn_states.rah,0.018825526038931433,0.09,0.02,0.0005274868982764897,3,False,False,1.3,0.8,0.017021287735718427,False,0.0005274868982764897
0.013829470649453307,1.894958592110845,1.8811291214613917,10.987524532155879,492773836983.48627,36011820.0,492773836983.48627,0.7016994168100268,247539.0,False,0.772866243094144,5370959.670477549,5590459.903325764,73103781.53066832,0.02,-0.02488877100445504,0.02,0.00010741946774651257,0.7016994168100268,2.896383684945197,1.3,NONE,492773836983.48627,True,11,2.879012805934167e-08,0.7016994168100268,16.320857165939422,0.018793448607278523,0.02,1.3177085330500782,-3.488347015800852e-21,DIAGNOSTIC_ONLY,38,1.0,8.359464379395498e-14,True,5.140323335258697e-05,0.0017029928688626636,33.13007291158966,0.26707696843012313,-3.963101689044431e-21,0.15390328213990667,上海,8,True,False,turn_2.one_turn.capital.household_illiquid_return_rah -> steady_state._post_turn_states.rah,0.018793448607278523,0.09,0.02,0.001970216149288438,3,False,True,1.3,0.8,0.009057039409399281,False,0.001970216149288438
0.010532044047662678,1.8718347514409148,1.8613027073932522,11.312954183062239,2690386204893.7324,92595400.0,2690386204893.7324,0.6983191923924623,844600.0,False,0.772866243094144,5304806.714639866,5524058.659789032,141853930.765015,0.02,-0.024960471649019402,0.02,3.81739831074854e-05,0.6983191923924623,5.689706779622951,1.3,NONE,2690386204893.7324,True,11,3.701773598763225e-08,0.6983191923924623,16.89212812921255,0.017062388923487437,0.02,1.3091609333633332,-3.9448183084209534e-21,DIAGNOSTIC_ONLY,38,1.0000000000000002,6.378258381525836e-14,True,3.942325118570022e-05,0.0013224158242302734,33.54405799768097,0.2649257222680757,-4.334572275417706e-21,0.16317686022107658,江苏,9,True,False,turn_2.one_turn.capital.household_illiquid_return_rah -> steady_state._post_turn_states.rah,0.017062388923487437,0.09,0.02,0.0010324350826082535,3,False,True,1.3,0.8,0.009156705261768816,False,0.0010324350826082535
0.012229371486210176,1.8841378824991821,1.8719085110129718,11.130054796420733,1591617942417.3977,58002840.0,1591617942417.3977,0.7002061977161462,627300.0,False,0.772866243094144,5345082.415559552,5565608.27043597,95231495.36773089,0.02,-0.02495514295725815,0.02,4.332014250717859e-05,0.7002061977161462,3.7909813050797547,1.3,NONE,1591617942417.3977,True,11,3.189564301564474e-08,0.7002061977161462,16.570722166321982,0.018003020296652024,0.02,1.3135619547431114,0.0,DIAGNOSTIC_ONLY,0,0.9999999999999999,7.174973505955085e-14,True,4.5624769191717043e-05,0.0015194945581514763,33.304158795116344,0.266042081307009,0.0,0.16116857739089196,浙江,10,True,False,turn_2.one_turn.capital.household_illiquid_return_rah -> steady_state._post_turn_states.rah,0.018003020296652024,0.09,0.02,0.001038143964242912,3,False,True,1.3,0.8,0.009140967662862542,False,0.001038143964242912
0.013287859137578914,1.8919618910437164,1.8786740319061375,11.26469278859272,1357314108201.3684,34010900.0,1357314108201.3684,0.6987932857596493,607600.0,False,0.772866243094144,5451624.501825546,5676530.658660346,56499370.45291782,0.02,-0.024968792977977675,0.02,3.0137718748340196e-05,0.6987932857596493,2.205170377619017,1.3,NONE,1357314108201.3684,True,11,3.586314800685386e-08,0.6987932857596493,16.80687052505551,0.0184420457528848,0.02,1.3292470467933801,-1.3273584842093768e-20,DIAGNOSTIC_ONLY,38,0.9999999999999999,1.0700739339758458e-13,True,4.860500074854546e-05,0.0016484927208959606,33.91611347614871,0.2692043263478634,-2.3009353657042335e-20,0.16103719246632298,安徽,11,True,False,turn_2.one_turn.capital.household_illiquid_return_rah -> steady_state._post_turn_states.rah,0.0184420457528848,0.09,0.02,0.0006934644495858679,3,False,True,1.3,0.8,0.009140384098350829,False,0.0006934644495858679
0.010966980013503273,1.8736903909653906,1.8627234109518873,10.84185937756657,1141016390611.534,35804040.0,1141016390611.534,0.7032888701988886,394100.0,False,0.772866243094144,5376630.810500659,5597523.938127824,65415201.221253484,0.02,-0.024957017458223273,0.02,4.150984994939406e-05,0.7032888701988886,2.5888696008334993,1.3,NONE,1141016390611.534,True,11,1.7366418081365964e-08,0.7032888701988886,16.06676660406541,0.017483916870429383,0.02,1.2863662185260611,0.0,DIAGNOSTIC_ONLY,0,0.9999999999999999,1.482040401859508e-13,True,4.235428762788052e-05,0.0013619967417668028,32.1572340853218,0.26063227037407144,0.0,0.15733401379153844,福建,12,True,False,turn_2.one_turn.capital.household_illiquid_return_rah -> steady_state._post_turn_states.rah,0.017483916870429383,0.09,0.02,0.0009211005515816159,3,False,True,1.3,0.8,0.009103460407613229,False,0.0009211005515816159
0.013160786393630351,1.8906643307996338,1.8775035444060035,11.096554435187993,1005097857179.3013,22717000.0,1005097857179.3013,0.7005502265919568,451300.0,False,0.772866243094144,5494725.365441514,5720750.568844887,40446114.979635954,0.02,-0.024969830446588685,0.02,2.9135792399883358e-05,0.7005502265919568,1.5662696634429916,1.3,NONE,1005097857179.3013,True,11,3.117767732874199e-08,0.7005502265919568,16.51186062194979,0.018451845054738507,0.02,1.318939431602827,0.0,DIAGNOSTIC_ONLY,0,0.9999999999999999,7.899497028729385e-14,True,4.8802860430097076e-05,0.0016282398754039777,33.36361559659381,0.2672134500299389,0.0,0.1584237712102352,江西,13,True,False,turn_2.one_turn.capital.household_illiquid_return_rah -> steady_state._post_turn_states.rah,0.018451845054738507,0.09,0.02,0.0006250709986865693,3,False,True,1.3,0.8,0.009114517125151989,False,0.0006250709986865693
0.011703687313114611,1.8808273206977746,1.86912363338466,11.334154088298334,2791796128048.5977,66648869.99999999,2791796128048.5977,0.6980908345337822,1007700.0,False,0.772866243094144,5354787.691200952,5576594.639959026,98301873.42900844,0.02,-0.02497360319544418,0.02,2.5492298477815898e-05,0.6980908345337822,3.9059599386957977,1.3,NONE,2791796128048.5977,True,11,3.7911457972938933e-08,0.6980908345337822,16.929202577385126,0.017664979007623267,0.02,1.3205768592428002,-1.4590147156294944e-21,DIAGNOSTIC_ONLY,15,0.9999999999999999,9.029333270654805e-14,True,4.322241794736157e-05,0.0014628921080463804,33.84567956905983,0.2673016519635701,-1.5790827229381013e-21,0.1651355914461572,山东,14,True,False,turn_2.one_turn.capital.household_illiquid_return_rah -> steady_state._post_turn_states.rah,0.017664979007623267,0.09,0.02,0.0006937935055420465,3,False,True,1.3,0.8,0.009176448171329565,False,0.0006937935055420465
0.01406796872799575,1.8975256359036297,1.883457667175634,11.407190276498053,2007934973521.9033,49935900.0,2007934973521.9033,0.6973219019958592,986400.0,False,0.772866243094144,5413292.784237187,5637776.076944081,74193459.41172364,0.02,-0.024972299678972364,0.02,2.6751155785855626e-05,0.6973219019958592,2.9161376720126118,1.3,NONE,2007934973521.9033,True,11,4.0896242392562954e-08,0.6973219019958592,17.05739235851965,0.018728570541180725,0.02,1.3426733486463658,-1.6374957427896758e-22,DIAGNOSTIC_ONLY,1,0.9999999999999999,6.659386583840465e-15,True,5.058102834049111e-05,0.0017448909435830043,34.49694481964861,0.271886380003575,-3.175199501254219e-23,0.16527835166703042,河南,15,True,False,turn_2.one_turn.capital.household_illiquid_return_rah -> steady_state._post_turn_states.rah,0.018728570541180725,0.09,0.02,0.0006738778676648355,3,False,True,1.3,0.8,0.009186579924401861,False,0.0006738778676648355
0.012415094583735164,1.8860632476119892,1.873648153028254,11.3609107861284,1502025322195.634,42021950.0,1502025322195.634,0.6978099206499202,591700.0,False,0.772866243094144,5422964.615388715,5646672.741249467,70145073.54886559,0.02,-0.024964988614791326,0.02,3.381175196586295e-05,0.6978099206499202,2.7522349393760366,1.3,NONE,1502025322195.634,True,11,3.8952390646329604e-08,0.6978099206499202,16.9761588388956,0.01800122455359925,0.02,1.3278231869158217,-6.191502874237835e-21,DIAGNOSTIC_ONLY,3,1.0000000000000002,4.8324191870285915e-14,True,4.545016510287405e-05,0.0015481810427879776,34.063265541142734,0.2687993662372832,-3.0727107002664483e-21,0.16072511755407337,湖北,16,True,False,turn_2.one_turn.capital.household_illiquid_return_rah -> steady_state._post_turn_states.rah,0.01800122455359925,0.09,0.02,0.0007970659999681263,3,False,True,1.3,0.8,0.009139742043740462,False,0.0007970659999681263
0.013960028849940293,1.8963489043195119,1.8823888754695717,11.188006115100851,1332351833795.125,36425780.0,1332351833795.125,0.6995842818580091,663500.0,False,0.772866243094144,5433416.057824052,5657999.465171086,59269331.18318439,0.02,-0.024966650239574645,0.02,3.2207050384159456e-05,0.6995842818580091,2.320995297467802,1.3,NONE,1332351833795.125,True,11,3.368224055222413e-08,0.6995842818580091,16.67212852815315,0.018768361119465754,0.02,1.3299046853214758,-6.989650582087152e-21,DIAGNOSTIC_ONLY,18,0.9999999999999999,6.920722675496371e-14,True,5.1055900325385044e-05,0.0017250252725674732,33.78699154404665,0.2694292960888138,-7.703801287486541e-21,0.16184693817815932,湖南,17,True,False,turn_2.one_turn.capital.household_illiquid_return_rah -> steady_state._post_turn_states.rah,0.018768361119465754,0.09,0.02,0.0007385222456866581,3,False,True,1.3,0.8,0.009157430605071792,False,0.0007385222456866581
0.014936805907321944,1.90184490729586,1.886908101388538,10.825238045880473,1838097009407.5686,97277770.0,1838097009407.5686,0.703433771367818,1134600.0,False,0.772866243094144,5253502.761673543,5471598.5343142,139061743.6176861,0.02,-0.024943284230282442,0.02,5.4772693904515746e-05,0.703433771367818,5.631977495986647,1.3,NONE,1838097009407.5686,True,11,1.78133734429764e-08,0.703433771367818,16.03713919261752,0.019328035985422168,0.02,1.316121378347247,-3.7884079377519975e-21,DIAGNOSTIC_ONLY,38,1.0000000000000002,9.324463944027084e-14,True,5.5690989151236116e-05,0.001825905329319096,32.78636916217474,0.26693201429684815,-4.4057239713297035e-21,0.1656495008383012,广东,18,True,False,turn_2.one_turn.capital.household_illiquid_return_rah -> steady_state._post_turn_states.rah,0.019328035985422168,0.09,0.02,0.0013615640220957625,3,False,True,1.3,0.8,0.00919641467909027,False,0.0013615640220957625
0.015630013507742062,1.904917244822979,1.889287231315237,10.411717319503964,642931505730.4277,19627810.0,642931505730.4277,0.7080129825270206,494700.0,False,0.772866243094144,5428514.461706416,5655795.52990874,34136107.32594065,0.02,-0.024960200259720254,0.02,3.843607360408385e-05,0.7080129825270206,1.337827353290518,1.3,NONE,642931505730.4277,True,11,1.8139097335279075e-08,0.7080129825270206,15.317730677406962,0.019789204904891666,0.02,1.29618588672444,0.0,DIAGNOSTIC_ONLY,0,1.0,4.753475716344491e-14,True,5.9859017588056924e-05,0.0018889457244364988,31.55657744729478,0.26321066177674074,0.0,0.16016599129828113,广西,19,True,False,turn_2.one_turn.capital.household_illiquid_return_rah -> steady_state._post_turn_states.rah,0.019789204904891666,0.09,0.02,0.0007470723763426308,3,False,True,1.3,0.8,0.009273052266971504,False,0.0007470723763426308
0.015552035048017979,1.9020958236119883,1.8865437885639702,9.912477110418195,113223172885.52222,4910690.0,113223172885.52222,0.7138396949751515,98200.0,False,0.772866243094144,5012529.0790998405,5224945.015859763,12110707.85588455,0.02,-0.024919829179051698,0.02,7.742451058248712e-05,0.7138396949751515,0.5139658128906114,0.8,NONE,113223172885.52222,True,11,1.9309560617131183e-08,0.7138396949751515,14.455736023195696,0.02,0.02,1.2643093177927025,0.0,DIAGNOSTIC_ONLY,0,0.9999999999999999,6.31873026124552e-15,True,6.209058528451112e-05,0.0018578350234416988,29.921364324860814,0.25708753305272286,0.0,0.1853914193018933,海南,20,True,False,turn_2.one_turn.capital.household_illiquid_return_rah -> steady_state._post_turn_states.rah,0.02,0.09,0.02,0.0010328851152404494,3,True,False,1.3,0.8,0.009384653156928713,False,0.0010328851152404494
0.011469251189942893,1.8779396541592304,1.8664704029692876,10.949274735381355,851864893184.6962,20363190.0,851864893184.6962,0.7021286939679943,310179.0,False,0.772866243094144,5466853.904636539,5690743.182647966,39431408.140255556,0.02,-0.02496529523360032,0.02,3.3515636277751434e-05,0.7021286939679943,1.5348221816372456,1.3,NONE,851864893184.6962,True,11,2.7713965788933592e-08,0.7021286939679943,16.254326217523406,0.017699930677478746,0.02,1.296979153412999,0.0,DIAGNOSTIC_ONLY,0,1.0000000000000002,9.369859488989052e-14,True,4.3703176905262e-05,0.0014244138062793794,32.59291216670968,0.2627470232961587,0.0,0.15501834837555206,重庆,21,True,False,turn_2.one_turn.capital.household_illiquid_return_rah -> steady_state._post_turn_states.rah,0.017699930677478746,0.09,0.02,0.0006933211712193597,3,False,True,1.3,0.8,0.009075428849691147,False,0.0006933211712193597
0.014227523903350532,1.8974250315642371,1.8831975076608867,10.912624354097007,1543482549535.284,42902100.0,1543482549535.284,0.7024971522517952,834100.0,False,0.772866243094144,5363946.341711833,5586207.178552755,66079711.5686114,0.02,-0.02496790492866941,0.02,3.099534483889117e-05,0.7024971522517952,2.6211454269637806,1.3,NONE,1543482549535.284,True,11,1.765989132707091e-08,0.7024971522517952,16.18983810413109,0.018995816646709667,0.02,1.3162698950134735,-1.1382544401108055e-23,DIAGNOSTIC_ONLY,22,0.9999999999999999,3.284162221686704e-14,True,5.300425014393336e-05,0.001746797936985981,32.95580886895939,0.26685945442611564,-7.604157769867637e-24,0.16391464463171324,四川,22,True,False,turn_2.one_turn.capital.household_illiquid_return_rah -> steady_state._post_turn_states.rah,0.018995816646709667,0.09,0.02,0.0007370356540343972,3,False,True,1.3,0.8,0.00917952087099938,False,0.0007370356540343972
0.014981254908501518,1.901737791288382,1.8867565363798804,10.696726387134724,599616319886.5338,15353210.0,599616319886.5338,0.7048363304807481,382200.0,False,0.772866243094144,5283948.410708893,5716222.505762835,28381822.907994505,0.02,-0.02496482072443303,0.02,3.397389125901402e-05,0.7048363304807481,1.1330198386520762,1.1330198386520762,NONE,599616319886.5338,True,11,1.741533139920648e-08,0.7048363304807481,15.81308243871111,0.019401767522121516,0.02,1.3089295455323957,-7.636304293712864e-21,DIAGNOSTIC_ONLY,38,1.0,6.540227344073446e-14,True,5.639381146004473e-05,0.0018261018772949597,32.38124592072946,0.26556151684699547,-8.309233791925246e-21,0.20289763887096424,贵州,23,True,False,turn_2.one_turn.capital.household_illiquid_return_rah -> steady_state._post_turn_states.rah,0.019401767522121516,0.09,0.02,0.0006539608272221906,3,False,False,1.3,0.8,0.017702390995682715,False,0.0006539608272221906
0.014285191314161227,1.8955610626971486,1.8812758713829874,10.295242381137117,772812440013.2318,20880630.0,772812440013.2318,0.7093548488044059,470300.0,False,0.772866243094144,5393187.936119039,5615382.88428825,36674802.42765938,0.02,-0.02496442147083058,0.02,3.435946608017376e-05,0.7093548488044059,1.4469459296625784,1.3,NONE,772812440013.2318,True,11,1.8219928676899144e-08,0.7093548488044059,15.116171322332383,0.019294618878032497,0.02,1.2799052567643474,0.0,DIAGNOSTIC_ONLY,0,0.9999999999999999,5.774677611092294e-14,True,5.5841823489459257e-05,0.0017302348154630562,30.984568686043296,0.2599018295775323,0.0,0.15898563958951972,云南,24,True,False,turn_2.one_turn.capital.household_illiquid_return_rah -> steady_state._post_turn_states.rah,0.019294618878032497,0.09,0.02,0.0006973721309635479,3,False,True,1.3,0.8,0.009128476841034905,False,0.0006973721309635479
0.011217851828630842,1.863003945181877,1.8517860933532462,8.986700119667763,76591375387.66502,1477630.0,76591375387.66502,0.7256394071182952,35400.0,False,0.772866243094144,4955803.168435934,5162747.646488524,4582016.945132949,0.02,-0.024955154691325334,0.02,4.3308784330445636e-05,0.7256394071182952,0.19670670389690653,0.8,NONE,76591375387.66502,True,11,1.8949995794770302e-08,0.7256394071182952,12.877768279378135,0.01854366801389291,0.02,1.1663890640912784,0.0,DIAGNOSTIC_ONLY,0,0.9999999999999999,7.87572589609764e-15,True,5.0709650004220375e-05,0.0013299171164938152,26.22611507638351,0.23760923717001076,0.0,0.18068449016746801,西藏,25,True,False,turn_2.one_turn.capital.household_illiquid_return_rah -> steady_state._post_turn_states.rah,0.01854366801389291,0.09,0.02,0.0005300517769194888,3,True,False,1.3,0.8,0.009251971200010645,False,0.0005300517769194888
0.01142435276067464,1.878330585077433,1.8669062323167585,11.181750396071543,1111158134119.995,23941880.0,1111158134119.995,0.6996720614157974,393100.0,False,0.772866243094144,5474117.9771936685,5698749.917096723,43946414.21389468,0.02,-0.02497034776427452,0.02,2.863619779635179e-05,0.6996720614157974,1.7082617480768192,1.3,NONE,1111158134119.995,True,11,3.31632126204795e-08,0.6996720614157974,16.66152726637067,0.017583460048031158,0.02,1.3097741152223958,0.0,DIAGNOSTIC_ONLY,0,0.9999999999999999,5.358674658520468e-14,True,4.279005092254897e-05,0.0014255315546013486,33.31455616123466,0.2651896768923994,0.0,0.1571094437686975,陕西,26,True,False,turn_2.one_turn.capital.household_illiquid_return_rah -> steady_state._post_turn_states.rah,0.017583460048031158,0.09,0.02,0.0006290486196572157,3,False,True,1.3,0.8,0.009092947283446007,False,0.0006290486196572157
0.014458700766576155,1.8979224612331613,1.8834637604665851,10.589471458520386,423982918938.0812,8246100.0,423982918938.0812,0.7060269798752783,251500.0,False,0.772866243094144,5033801.486252748,5249207.071920536,16442372.53789545,0.02,-0.024970935722119173,0.02,2.8068381144230878e-05,0.7060269798752783,0.6947794862501037,0.8,NONE,423982918938.0812,True,11,1.7876708557906795e-08,0.7060269798752783,15.626508757851674,0.019233251632891524,0.02,1.299000866245676,0.0,DIAGNOSTIC_ONLY,0,1.0000000000000002,3.252910094064809e-14,True,5.5124043403717736e-05,0.0017616697550974863,31.958282562753258,0.2635861562833624,0.0,0.19302573531348854,甘肃,27,True,False,turn_2.one_turn.capital.household_illiquid_return_rah -> steady_state._post_turn_states.rah,0.019233251632891524,0.09,0.02,0.000504915926518092,3,True,False,1.3,0.8,0.009472660596154259,False,0.000504915926518092
0.010103045121215917,1.8608371995765025,1.8507341544552867,9.780177060710846,169435440053.7927,2748000.0,169435440053.7927,0.7154882770277309,58700.0,False,0.772866243094144,5019028.379180446,5229657.967204419,7618872.745251544,0.02,-0.024966293965740707,0.02,3.255111093975465e-05,0.7154882770277309,0.32294440568999566,0.8,NONE,169435440053.7927,True,11,1.892651679824553e-08,0.7154882770277309,14.229557689798186,0.017496663801852736,0.02,1.2119394119597877,0.0,DIAGNOSTIC_ONLY,0,0.9999999999999999,1.2112544040682183e-14,True,4.2996696879567764e-05,0.001230054336497168,28.60811238459798,0.24619875123846077,0.0,0.18235686873451362,青海,28,True,False,turn_2.one_turn.capital.household_illiquid_return_rah -> steady_state._post_turn_states.rah,0.017496663801852736,0.09,0.02,0.0004757509990231093,3,True,False,1.3,0.8,0.009295268092805453,False,0.0004757509990231093
0.011347990249144624,1.875822325071195,1.8644743348220503,10.63664863321964,191566336875.56973,3510210.0,191566336875.56973,0.705531084014895,71000.0,False,0.772866243094144,5112558.457634344,5327616.370669244,9359912.618104763,0.02,-0.02496337610313733,0.02,3.5369016038375766e-05,0.705531084014895,0.3894764767279582,0.8,NONE,191566336875.56973,True,11,1.7562369336587835e-08,0.705531084014895,15.709069944106425,0.017769894387063327,0.02,1.2776114215282486,0.0,DIAGNOSTIC_ONLY,0,0.9999999999999999,9.231710448170949e-14,True,4.436293317746689e-05,0.0014010771787434115,31.582158310827285,0.2590162158710534,0.0,0.1831460100736031,宁夏,29,True,False,turn_2.one_turn.capital.household_illiquid_return_rah -> steady_state._post_turn_states.rah,0.017769894387063327,0.09,0.02,0.0005293280580503247,3,True,False,1.3,0.8,0.009316364858601767,False,0.0005293280580503247
0.010708014012512536,1.853676238361273,1.8429682243487604,8.574974895473325,547982296720.294,12199080.0,547982296720.294,0.7313340416102043,252000.0,False,0.772866243094144,4909845.203773561,5304690.045846635,24371606.558004443,0.02,-0.02496693530817349,0.02,3.193174776290423e-05,0.7313340416102043,1.0473667058925256,1.0473667058925256,NONE,547982296720.294,True,11,1.692437301414884e-08,0.7313340416102043,12.18444435021526,0.018527863135528243,0.02,1.129939147934645,-0.0,DIAGNOSTIC_ONLY,0,0.9999999999999999,2.0131194888167725e-14,True,5.072019079362376e-05,0.0012565480863303887,24.774119865660175,0.2304887250848736,0.0,0.20490083504295087,新疆,30,True,False,turn_2.one_turn.capital.household_illiquid_return_rah -> steady_state._post_turn_states.rah,0.018527863135528243,0.09,0.02,0.0006123367103671743,3,False,False,1.3,0.8,0.017415540846431266,False,0.0006123367103671743
0.012489837514544314,1.886016304775885,1.8735264672613408,11.129875904040116,537317983065.375,30319980.0,537317983065.375,0.7002057743017911,219200.0,True,0.772866243094144,5362955.808038751,5381487.404993335,62727627.93207032,0.02,-0.024911739920251266,0.02,8.523682751882727e-05,0.7002057743017911,2.5097576152427146,1.3,LOW_RA_DECREASE_0P9,483586184758.8375,True,11,3.192620923186951e-08,0.7002057743017911,16.57036805237621,0.018127536860438758,0.02,1.3156306632915995,-3.1361604639752715e-21,DIAGNOSTIC_ONLY,15,0.9999999999999999,1.8505219600596645e-13,True,4.648314916953706e-05,0.0015502535198684345,33.350871177299666,0.26647830984972615,-3.386751571197426e-21,0.0596008511899222,北京,0,True,False,turn_3.one_turn.capital.household_illiquid_return_rah -> steady_state._post_turn_states.rah,0.018127536860438758,0.09,0.02,0.0015949382639870576,4,False,True,1.3,0.8,0.0007831968187376193,True,0.0007715324453904953
0.0065144416979700075,1.8347711414194003,1.8282566997214302,11.01869425786499,679051452789.948,13362920.0,679051452789.948,0.701430233716181,138300.0,True,0.772866243094144,5414941.127026213,5384858.829782257,30698985.62684541,0.02,-0.024965751004786464,0.02,3.30754781700565e-05,0.701430233716181,1.218968325912977,1.218968325912977,LOW_RA_DECREASE_0P9,611146307510.9532,True,11,2.8401924367926767e-08,0.701430233716181,16.37694365959035,0.014542152579213808,0.02,1.2477023912489715,0.0,DIAGNOSTIC_ONLY,0,1.0000000000000002,1.1950732287449584e-13,True,2.6240800639583592e-05,0.0008301245549956883,31.63487907238113,0.2523927428952452,0.0,0.056734850543476156,天津,1,True,False,turn_3.one_turn.capital.household_illiquid_return_rah -> steady_state._post_turn_states.rah,0.014542152579213808,0.09,0.02,0.0006512817940029328,4,False,False,1.3,0.8,0.0012661433729679317,True,0.00028313708053337325
0.013269431228857067,1.8918384233957783,1.8785689921669213,11.266182609573534,1692566739665.9175,32494600.0,1692566739665.9175,0.6987780289071,755600.0,True,0.772866243094144,5424044.162378361,5442805.096685438,50884486.390374765,0.02,-0.024977271230583704,0.02,2.1949934658518983e-05,0.6987780289071,2.0129508133455487,1.3,LOW_RA_DECREASE_0P9,1523310065699.3257,True,11,3.5907193218776e-08,0.6987780289071,16.809490510899078,0.01843317348668947,0.02,1.3291917413704029,-6.612197066458758e-21,DIAGNOSTIC_ONLY,24,1.0000000000000002,7.796617084582236e-14,True,4.854016688165319e-05,0.001646367503337229,33.917631708009424,0.26919099432030064,-4.555977156785429e-21,0.0630806200400027,河北,2,True,False,turn_3.one_turn.capital.household_illiquid_return_rah -> steady_state._post_turn_states.rah,0.01843317348668947,0.09,0.02,0.000531645825183819,4,False,True,1.3,0.8,0.0007839577194430625,True,0.00033977295709646893
0.014319982504796417,1.8986843342865336,1.8843643517817372,11.16274378832081,663511099837.9441,15958130.0,663511099837.9441,0.6998449932770022,350200.0,True,0.772866243094144,5404624.470315625,5368911.9046788,29666410.237740584,0.02,-0.02496611966163156,0.02,3.2719450641453884e-05,0.6998449932770022,1.1805000736782252,1.1805000736782252,LOW_RA_DECREASE_0P9,597159989854.1497,True,11,3.303273876653634e-08,0.6998449932770022,16.627759151350922,0.01893206138887062,0.02,1.3310366901825263,-7.17515213299089e-21,DIAGNOSTIC_ONLY,16,1.0000000000000004,6.894045881042365e-14,True,5.2311597341312496e-05,0.0017663208127449697,33.765377134642335,0.2696979265654292,-7.921452389803518e-21,0.061203376830014644,山西,3,True,False,turn_3.one_turn.capital.household_illiquid_return_rah -> steady_state._post_turn_states.rah,0.01893206138887062,0.09,0.02,0.0006411700755120038,4,False,False,1.3,0.8,0.0015069646647687396,True,0.0003443786916444307
0.008919901498802722,1.8565045574379648,1.8475846559391622,10.781869489550498,892802329669.4608,16140760.0,892802329669.4608,0.7039576105882515,242200.0,True,0.772866243094144,5429660.217075962,5409187.518644459,32682694.583124954,0.02,-0.024972278793744723,0.02,2.677132459933996e-05,0.7039576105882515,1.2936889476244016,1.2936889476244016,LOW_RA_DECREASE_0P9,803522096702.5148,True,11,1.694978868371777e-08,0.7039576105882515,15.962546654629204,0.016333116111559836,0.02,1.2628643802600035,0.0,DIAGNOSTIC_ONLY,0,1.0000000000000002,8.301492089232698e-14,True,3.541948914013634e-05,0.0011168610876421407,31.532388375882757,0.2557730762404745,0.0,0.05499741980083184,内蒙古,4,True,False,turn_3.one_turn.capital.household_illiquid_return_rah -> steady_state._post_turn_states.rah,0.016333116111559836,0.09,0.02,0.0005606100998367917,4,False,False,1.3,0.8,0.0008584015729116157,True,0.0002766268955784063
0.011525002119222496,1.8763050345389725,1.8647800324197499,10.440380758136588,1105264754694.1694,23510500.0,1105264754694.1694,0.7077247584913848,429100.0,True,0.772866243094144,5351034.94221153,5369481.793983639,41736162.34403471,0.02,-0.02497145147549617,0.02,2.7570299130264136e-05,0.7077247584913848,1.6735833949891377,1.3,LOW_RA_DECREASE_0P9,994738279224.7526,True,11,1.765562052113978e-08,0.7077247584913848,15.36808376063355,0.017947213449776768,0.02,1.2672755953351102,0.0,DIAGNOSTIC_ONLY,0,1.0,1.020956322955735e-13,True,4.568619427032891e-05,0.0014158787736212295,30.99139239402083,0.2570625775923043,0.0,0.0613838038822474,辽宁,5,True,False,turn_3.one_turn.capital.household_illiquid_return_rah -> steady_state._post_turn_states.rah,0.017947213449776768,0.09,0.02,0.0006080357566442692,4,False,True,1.3,0.8,0.000781355946633755,True,0.0003427819484636371
0.01002056443350397,1.86144637464511,1.851425810211606,9.964814919589328,740712965919.6627,11253810.0,740712965919.6627,0.7132614328191555,248400.0,True,0.772866243094144,5059956.985778916,5022758.54753058,22278642.70383636,0.02,-0.024977204791503442,0.02,2.2014097138976855e-05,0.7132614328191555,0.9470684004628098,0.9470684004628098,LOW_RA_DECREASE_0P9,666641669327.6964,True,11,1.8520967870472305e-08,0.7132614328191555,14.546796741232525,0.01735804906404976,0.02,1.2233474899845411,0.0,DIAGNOSTIC_ONLY,0,0.9999999999999999,6.439293542825908e-15,True,4.200723864982676e-05,0.0012259593662374815,29.18447880988096,0.24837847217337689,0.0,0.06664467043194033,吉林,6,True,False,turn_3.one_turn.capital.household_illiquid_return_rah -> steady_state._post_turn_states.rah,0.01735804906404976,0.09,0.02,0.0004489797639331647,4,False,False,1.3,0.8,0.0016773543610988373,True,0.00022641738065878834
0.012189346052041862,1.874300848377495,1.862111502325453,9.350016016017548,654911264062.3204,12846500.0,654911264062.3204,0.7208549092322251,332700.0,True,0.772866243094144,5037110.0677425265,4999400.580977789,23773362.963607535,0.02,-0.024972487734322955,0.02,2.6569542239042207e-05,0.7208549092322251,1.0152253120664618,1.0152253120664618,LOW_RA_DECREASE_0P9,589420137656.0884,True,11,1.9423521457895276e-08,0.7208549092322251,13.493980674287457,0.018825526038931433,0.02,1.2012475670299632,0.0,DIAGNOSTIC_ONLY,0,0.9999999999999999,1.0798436797521127e-14,True,5.270826979262357e-05,0.0014538054006097481,27.582111997408152,0.24447910027761513,0.0,0.06588932486296639,黑龙江,7,True,False,turn_3.one_turn.capital.household_illiquid_return_rah -> steady_state._post_turn_states.rah,0.018825526038931433,0.09,0.02,0.0005274868982764897,4,False,False,1.3,0.8,0.0017082533273520273,True,0.00028455395433000835
0.013915926824518301,1.8957863074724646,1.8818703806479462,11.078781400739175,492773836983.48627,36011820.0,492773836983.48627,0.7007308838717312,247539.0,True,0.772866243094144,5352437.911436725,5370959.670477549,72441677.70036894,0.02,-0.024888858243577464,0.02,0.0001073352052593149,0.7007308838717312,2.9041265729526353,1.3,LOW_RA_DECREASE_0P9,443496453285.13763,True,11,3.0843461118479354e-08,0.7007308838717312,16.480615037055344,0.018793448607278523,0.02,1.3234893151161273,-1.686325720505183e-22,DIAGNOSTIC_ONLY,24,0.9999999999999999,5.186161829845437e-14,True,5.1331245263618456e-05,0.0017161979712181034,33.43378798632957,0.2681956964770611,-1.1860704797839032e-22,0.06001263437046256,上海,8,True,False,turn_3.one_turn.capital.household_illiquid_return_rah -> steady_state._post_turn_states.rah,0.018793448607278523,0.09,0.02,0.001970216149288438,4,False,True,1.3,0.8,0.0007843168814994916,True,0.000980192112949396
0.010600778200577785,1.8726406649766183,1.8620398867760406,11.411260492889244,2690386204893.7324,92595400.0,2690386204893.7324,0.6973110799238262,844600.0,True,0.772866243094144,5286335.0835828185,5304806.714639866,140555016.1307764,0.02,-0.024960502953908,0.02,3.814374867005296e-05,0.6973110799238262,5.70506579140221,1.3,LOW_RA_DECREASE_0P9,2421347584404.3594,True,11,4.0528175926368704e-08,0.6973110799238262,17.065071917448066,0.017062388923487437,0.02,1.3151846243533116,-2.6373978995901335e-21,DIAGNOSTIC_ONLY,16,0.9999999999999999,5.289442928796406e-14,True,3.9364384028408755e-05,0.0013330443906404725,33.86422583618816,0.26609006707455685,-2.8323291606174134e-21,0.06315216013631475,江苏,9,True,False,turn_3.one_turn.capital.household_illiquid_return_rah -> steady_state._post_turn_states.rah,0.017062388923487437,0.09,0.02,0.0010324350826082535,4,False,True,1.3,0.8,0.0007919587373127479,True,0.0006806908237485495
0.012307229302752501,1.8849555728770178,1.8726483435742654,11.224234221992765,1591617942417.3977,58002840.0,1591617942417.3977,0.6992216971336946,627300.0,True,0.772866243094144,5326557.318966344,5345082.415559552,94360987.34808841,0.02,-0.024955178316400376,0.02,4.3285992534316376e-05,0.6992216971336946,3.801166975571592,1.3,LOW_RA_DECREASE_0P9,1432456148175.658,True,11,3.4500490908584425e-08,0.6992216971336946,16.735952684853043,0.018003020296652024,0.02,1.3194427952988257,0.0,DIAGNOSTIC_ONLY,0,0.9999999999999996,1.1511592460516917e-13,True,4.555923912687955e-05,0.0015314541404428605,33.61456797331183,0.2671795317614333,0.0,0.06246535757539795,浙江,10,True,False,turn_3.one_turn.capital.household_illiquid_return_rah -> steady_state._post_turn_states.rah,0.018003020296652024,0.09,0.02,0.001038143964242912,4,False,True,1.3,0.8,0.000788261319853989,True,0.0006386410611386371
0.013372100749846821,1.8927517068346027,1.8793796060847558,11.361297328122625,1357314108201.3684,34010900.0,1357314108201.3684,0.6977974380844862,607600.0,True,0.772866243094144,5432838.086177623,5451624.501825546,55982944.50566314,0.02,-0.024968817436572574,0.02,3.0114097530956222e-05,0.6977974380844862,2.2110613834748234,1.3,LOW_RA_DECREASE_0P9,1221582697381.2317,True,11,3.9104566695868925e-08,0.6977974380844862,16.97670592776679,0.0184420457528848,0.02,1.3351623321335218,-7.898757823790708e-24,DIAGNOSTIC_ONLY,1,0.9999999999999999,5.5414874078341114e-14,True,4.85303879331314e-05,0.0016614287588309871,34.23481306434684,0.27034806758400404,-1.5316150904857328e-24,0.062400400123944655,安徽,11,True,False,turn_3.one_turn.capital.household_illiquid_return_rah -> steady_state._post_turn_states.rah,0.0184420457528848,0.09,0.02,0.0006934644495858679,4,False,True,1.3,0.8,0.0007837522505911299,True,0.0004216257259618334
0.011035198455945486,1.874540547847757,1.8635053493918114,10.928711483349279,1141016390611.534,35804040.0,1141016390611.534,0.7023527147113732,394100.0,True,0.772866243094144,5358101.953224361,5376630.810500659,64819696.52687975,0.02,-0.024957051147521715,0.02,4.14773133636358e-05,0.7023527147113732,2.5957859272290476,1.3,LOW_RA_DECREASE_0P9,1026914751550.3806,True,11,2.7258373780369993e-08,0.7023527147113732,16.21845768109796,0.017483916870429383,0.02,1.2920118236471756,0.0,DIAGNOSTIC_ONLY,0,0.9999999999999999,8.692103026924913e-14,True,4.230224928280391e-05,0.0013724562995223837,32.44405020515764,0.26172515266102264,0.0,0.06116205990778756,福建,12,True,False,turn_3.one_turn.capital.household_illiquid_return_rah -> steady_state._post_turn_states.rah,0.017483916870429383,0.09,0.02,0.0009211005515816159,4,False,True,1.3,0.8,0.0007837891650493978,True,0.0005091814944347369
0.01324151339698551,1.8914578623626126,1.8782163489656272,11.187345906324303,1005097857179.3013,22717000.0,1005097857179.3013,0.6995975981091394,451300.0,True,0.772866243094144,5475873.7183556305,5494725.365441514,40077468.172008194,0.02,-0.02496985398789666,0.02,2.911305749046919e-05,0.6995975981091394,1.5704354377762457,1.3,LOW_RA_DECREASE_0P9,904588071461.3712,True,11,3.356910127649826e-08,0.6995975981091394,16.671065445073452,0.018451845054738507,0.02,1.3246210317408162,-3.316378214254209e-21,DIAGNOSTIC_ONLY,37,1.0,6.946900736951034e-14,True,4.87344772317363e-05,0.001640608339052505,33.664223610141185,0.2683125551452309,-3.656934874685299e-21,0.06151072688271286,江西,13,True,False,turn_3.one_turn.capital.household_illiquid_return_rah -> steady_state._post_turn_states.rah,0.018451845054738507,0.09,0.02,0.0006250709986865693,4,False,True,1.3,0.8,0.0007802999295587476,True,0.0003545839403615526
0.011785240095994845,1.881682278960199,1.8698970388642042,11.440430757796879,2791796128048.5977,66648869.99999999,2791796128048.5977,0.6970036978205634,1007700.0,True,0.772866243094144,5336190.850642019,5354787.691200952,97399811.38234255,0.02,-0.02497362404583217,0.02,2.547216170341833e-05,0.6970036978205634,3.916476233868005,1.3,LOW_RA_DECREASE_0P9,2512616515243.738,True,11,4.184846158494793e-08,0.6970036978205634,17.11624259780526,0.017664979007623267,0.02,1.3270499895589702,-3.2825293777631866e-21,DIAGNOSTIC_ONLY,38,0.9999999999999999,3.4716045142768603e-14,True,4.315078161746496e-05,0.001475472769545511,34.19341931336707,0.26855284099706567,-3.87889697417087e-21,0.06379398653869517,山东,14,True,False,turn_3.one_turn.capital.household_illiquid_return_rah -> steady_state._post_turn_states.rah,0.017664979007623267,0.09,0.02,0.0006937935055420465,4,False,True,1.3,0.8,0.0007898820601757173,True,0.0004751252179777516
0.014161351530223288,1.8983251055849892,1.884163754054766,11.511301281566933,2007934973521.9033,49935900.0,2007934973521.9033,0.6962645188559651,986400.0,True,0.772866243094144,5394552.964813509,5413292.784237187,73511875.26696998,0.02,-0.024972321488819036,0.02,2.673009251016932e-05,0.6962645188559651,2.923963791312278,1.3,LOW_RA_DECREASE_0P9,1807141476169.7131,True,11,4.5165129858304454e-08,0.6962645188559651,17.24082519245366,0.018728570541180725,0.02,1.3489219014629472,-2.18936861362835e-21,DIAGNOSTIC_ONLY,34,0.9999999999999999,2.125903619809577e-14,True,5.04943459944692e-05,0.0017592354476914452,34.8402462304223,0.2730941406464896,-2.6803283689189598e-21,0.06382954702522259,河南,15,True,False,turn_3.one_turn.capital.household_illiquid_return_rah -> steady_state._post_turn_states.rah,0.018728570541180725,0.09,0.02,0.0006738778676648355,4,False,True,1.3,0.8,0.0007873491297192281,True,0.00045811936390399266
0.012492695297110001,1.8868262529238626,1.8743335576267526,11.457088920158524,1502025322195.634,42021950.0,1502025322195.634,0.6968282141696154,591700.0,True,0.772866243094144,5404237.987657151,5422964.615388715,69503965.67098975,0.02,-0.024965016112383432,0.02,3.378519541967957e-05,0.6968282141696154,2.759602753050505,1.3,LOW_RA_DECREASE_0P9,1351822789976.0706,True,11,4.262613595429343e-08,0.6968282141696154,17.145483095582275,0.01800122455359925,0.02,1.3336553351749252,-6.2414281506873266e-21,DIAGNOSTIC_ONLY,3,0.9999999999999999,1.5958154936379643e-14,True,4.538085666048601e-05,0.0015601364690296716,34.37873552501957,0.26992663989722315,-3.096730101239853e-21,0.06230388278601917,湖北,16,True,False,turn_3.one_turn.capital.household_illiquid_return_rah -> steady_state._post_turn_states.rah,0.01800122455359925,0.09,0.02,0.0007970659999681263,4,False,True,1.3,0.8,0.000785389019204441,True,0.00048228319032499997
0.014046270206709286,1.897131542094627,1.8830852718879179,11.28135436848225,1332351833795.125,36425780.0,1332351833795.125,0.6986141601206266,663500.0,True,0.772866243094144,5414684.869902815,5433416.057824052,58726576.395865366,0.02,-0.024966676388060546,0.02,3.218179701855354e-05,0.6986141601206266,2.3271982139364575,1.3,LOW_RA_DECREASE_0P9,1199116650415.6125,True,11,3.64928776086515e-08,0.6986141601206266,16.836048991897496,0.018768361119465754,0.02,1.3356672794395283,-3.504137998020596e-21,DIAGNOSTIC_ONLY,32,0.9999999999999998,3.365656277981577e-14,True,5.098013576354671e-05,0.0017382343396753618,34.096306603370884,0.27054383954101724,-4.0484925402146454e-21,0.06267202348737588,湖南,17,True,False,turn_3.one_turn.capital.household_illiquid_return_rah -> steady_state._post_turn_states.rah,0.018768361119465754,0.09,0.02,0.0007385222456866581,4,False,True,1.3,0.8,0.0007840674065837661,True,0.00045843567669023774
0.015029419674836272,1.90269498663632,1.887665566961484,10.913887735603897,1838097009407.5686,97277770.0,1838097009407.5686,0.7024763704084858,1134600.0,True,0.772866243094144,5235218.929402218,5253502.761673543,137782874.15738052,0.02,-0.024943329124452743,0.02,5.472933347727547e-05,0.7024763704084858,5.647172907132654,1.3,LOW_RA_DECREASE_0P9,1654287308466.8118,True,11,1.773991886722115e-08,0.7024763704084858,16.191944804280695,0.019328035985422168,0.02,1.3218413270141562,-3.79898748793385e-21,DIAGNOSTIC_ONLY,38,0.9999999999999999,9.127475251308192e-14,True,5.561586051629617e-05,0.0018399815646469191,33.08375610061415,0.2680396562242899,-4.355544576030749e-21,0.06397257803236012,广东,18,True,False,turn_3.one_turn.capital.household_illiquid_return_rah -> steady_state._post_turn_states.rah,0.019328035985422168,0.09,0.02,0.0013615640220957625,4,False,True,1.3,0.8,0.0007915618296349125,True,0.0009620559735145608
0.015728054823137418,1.9058565888627663,1.890128534039629,10.495459968008348,642931505730.4277,19627810.0,642931505730.4277,0.7070666118995603,494700.0,True,0.772866243094144,5413107.23783719,5428514.461706416,33819561.418516256,0.02,-0.02496022594487342,0.02,3.8411268544156356e-05,0.7070666118995603,1.3407693496435518,1.3,LOW_RA_DECREASE_0P9,578638355157.385,True,11,1.8043705640735652e-08,0.7070666118995603,15.463006584130154,0.019789204904891666,0.02,1.30188577813433,0.0,DIAGNOSTIC_ONLY,0,0.9999999999999999,5.00043799769867e-14,True,5.978801570418934e-05,0.0019037171595322185,31.841116269038935,0.264316015232619,0.0,0.0614620744098322,广西,19,True,False,turn_3.one_turn.capital.household_illiquid_return_rah -> steady_state._post_turn_states.rah,0.019789204904891666,0.09,0.02,0.0007470723763426308,4,False,True,1.3,0.8,0.0006453598420285145,True,0.00043385730981775083
0.015658535757172805,1.9032320799545719,1.887573544197399,9.995879226025002,113223172885.52222,4910690.0,113223172885.52222,0.7128420858626401,98200.0,True,0.772866243094144,4995274.396280506,5012529.0790998405,11997053.063172182,0.02,-0.024919891944709536,0.02,7.736391641105889e-05,0.7128420858626401,0.5153375235536958,0.8,LOW_RA_DECREASE_0P9,101900855596.97,True,11,1.9115664162683288e-08,0.7128420858626401,14.599225159103248,0.02,0.02,1.2703930744892258,0.0,DIAGNOSTIC_ONLY,0,0.9999999999999996,1.812628823080753e-14,True,6.202625915011831e-05,0.0018737196000893704,30.208489529483362,0.25826944995593,0.0,0.07041819117691439,海南,20,True,False,turn_3.one_turn.capital.household_illiquid_return_rah -> steady_state._post_turn_states.rah,0.02,0.09,0.02,0.0010328851152404494,4,True,False,1.3,0.8,0.0007829071290589296,True,0.0004231166383958684
0.011542626790380064,1.8787941429766994,1.8672515161863195,11.040591357985845,851864893184.6962,20363190.0,851864893184.6962,0.7011557713877558,310179.0,True,0.772866243094144,5448124.001435953,5466853.904636539,39073551.20123553,0.02,-0.024965322275972018,0.02,3.3489520220180665e-05,0.7011557713877558,1.5388986139687597,1.3,LOW_RA_DECREASE_0P9,766678403866.2266,True,11,2.9646995969301315e-08,0.7011557713877558,16.41408702533585,0.017699930677478746,0.02,1.302825102022744,0.0,DIAGNOSTIC_ONLY,0,1.0000000000000002,3.330940124418591e-14,True,4.3645016781403395e-05,0.0014356718276445852,32.89428973839477,0.2638783143700652,0.0,0.0603636500463407,重庆,21,True,False,turn_3.one_turn.capital.household_illiquid_return_rah -> steady_state._post_turn_states.rah,0.017699930677478746,0.09,0.02,0.0006933211712193597,4,False,True,1.3,0.8,0.0007792117950953248,True,0.0003616062522338598
0.014322074690592497,1.898318455187349,1.8839963804967566,11.008677129775997,1543482549535.284,42902100.0,1543482549535.284,0.7014698533674844,834100.0,True,0.772866243094144,5345415.701237567,5363946.341711833,65473131.47711771,0.02,-0.024967930146462893,0.02,3.0970990231374644e-05,0.7014698533674844,2.628165292671168,1.3,LOW_RA_DECREASE_0P9,1389134294581.7556,True,11,2.9299448645048187e-08,0.7014698533674844,16.35780589261478,0.018995816646709667,0.02,1.3224053504660347,-1.4096675504827163e-23,DIAGNOSTIC_ONLY,1,0.9999999999999999,3.164460880833442e-14,True,5.292652178516639e-05,0.0017612103778308773,33.276518433986496,0.2680471327470926,-2.7334273832074833e-24,0.06336851610938887,四川,22,True,False,turn_3.one_turn.capital.household_illiquid_return_rah -> steady_state._post_turn_states.rah,0.018995816646709667,0.09,0.02,0.0007370356540343972,4,False,True,1.3,0.8,0.0007857208341313093,True,0.00048333172623156337
0.015076410746931808,1.9026328296302735,1.8875564188833416,10.785569630337633,599616319886.5338,15353210.0,599616319886.5338,0.7038635012628821,382200.0,True,0.772866243094144,5325930.906015817,5283948.410708893,27879396.781706963,0.02,-0.024964757432450527,0.02,3.403501304071349e-05,0.7038635012628821,1.1261109565086858,1.1261109565086858,LOW_RA_DECREASE_0P9,539654687897.88043,True,11,1.7660373607952806e-08,0.7038635012628821,15.967914494704669,0.019401767522121516,0.02,1.3147582386639032,0.0,DIAGNOSTIC_ONLY,0,1.0,2.914048126065327e-14,True,5.631933714752543e-05,0.0018405317854565545,32.680281386042985,0.266690686299715,0.0,0.06389815340837712,贵州,23,True,False,turn_3.one_turn.capital.household_illiquid_return_rah -> steady_state._post_turn_states.rah,0.019401767522121516,0.09,0.02,0.0006539608272221906,4,False,False,1.3,0.8,0.0017991283003220282,True,0.00035949007317422776
0.014379043045291685,1.8965681404430514,1.8821890973977597,10.38045006410755,772812440013.2318,20880630.0,772812440013.2318,0.7083794880197773,470300.0,True,0.772866243094144,5374699.055145881,5393187.936119039,36340017.34304896,0.02,-0.024964449211116138,0.02,3.4332676172461856e-05,0.7083794880197773,1.4507913435360262,1.3,LOW_RA_DECREASE_0P9,695531196011.9087,True,11,1.8062680684494126e-08,0.7083794880197773,15.263706026647377,0.019294618878032497,0.02,1.2858147200834003,0.0,DIAGNOSTIC_ONLY,0,1.0,2.606882808578459e-14,True,5.5777901232977974e-05,0.00174438069452932,31.27368825232845,0.26104813395161724,0.0,0.06169589187759872,云南,24,True,False,turn_3.one_turn.capital.household_illiquid_return_rah -> steady_state._post_turn_states.rah,0.019294618878032497,0.09,0.02,0.0006973721309635479,4,False,True,1.3,0.8,0.0007796916436008106,True,0.00040101609458700893
0.011311170291085804,1.8646427972248354,1.8533316269337496,9.06886921823095,76591375387.66502,1477630.0,76591375387.66502,0.7245390866223489,35400.0,True,0.772866243094144,4938640.380882432,4955803.168435934,4539624.256318619,0.02,-0.024955190013353223,0.02,4.327469621332235e-05,0.7245390866223489,0.197234935148587,0.8,LOW_RA_DECREASE_0P9,68932237848.89853,True,11,1.8743667062892655e-08,0.7245390866223489,13.016796245585306,0.01854366801389291,0.02,1.1733276623832156,0.0,DIAGNOSTIC_ONLY,0,0.9999999999999999,7.557864924179203e-15,True,5.0678352829782025e-05,0.001343625334090593,26.51280594307296,0.23896223641469316,0.0,0.06890669417422135,西藏,25,True,False,turn_3.one_turn.capital.household_illiquid_return_rah -> steady_state._post_turn_states.rah,0.01854366801389291,0.09,0.02,0.0005300517769194888,4,True,False,1.3,0.8,0.0007876575756753379,True,0.00017266578876480804
0.0114998557475115,1.8791698589040067,1.8676700031564952,11.279820171224156,1111158134119.995,23941880.0,1111158134119.995,0.698652635560298,393100.0,True,0.772866243094144,5455324.633646907,5474117.9771936685,43546811.78615125,0.02,-0.02497037091721658,0.02,2.8613837841471242e-05,0.698652635560298,1.7128081773031372,1.3,LOW_RA_DECREASE_0P9,1000042320707.9956,True,11,3.608617227257582e-08,0.698652635560298,16.83371950867156,0.017583460048031158,0.02,1.315868786309285,-4.309955307972228e-21,DIAGNOSTIC_ONLY,37,1.0,7.640123343005678e-14,True,4.272649297512064e-05,0.001437159897668303,33.63627102521969,0.2663682425500559,-4.716870830710886e-21,0.06107288990015913,陕西,26,True,False,turn_3.one_turn.capital.household_illiquid_return_rah -> steady_state._post_turn_states.rah,0.017583460048031158,0.09,0.02,0.0006290486196572157,4,False,True,1.3,0.8,0.0007808157023977413,True,0.00034611891651983314
0.014570177230754511,1.89903119374907,1.8844610165183155,10.695067777324576,423982918938.0812,8246100.0,423982918938.0812,0.7048582588867374,251500.0,True,0.772866243094144,5016421.057012758,5033801.486252748,16286619.52344844,0.02,-0.024970958545761365,0.02,2.804634118756596e-05,0.7048582588867374,0.6966392461378166,0.8,LOW_RA_DECREASE_0P9,381584627044.2731,True,11,1.7371146743272448e-08,0.7048582588867374,15.810247441338737,0.019233251632891524,0.02,1.3060280324712101,-3.714458995433714e-21,DIAGNOSTIC_ONLY,38,0.9999999999999999,3.175736583427291e-14,True,5.504004280468404e-05,0.0017785626280187197,32.31397610518137,0.26494787294405087,-4.18134552789567e-21,0.07290074663763169,甘肃,27,True,False,turn_3.one_turn.capital.household_illiquid_return_rah -> steady_state._post_turn_states.rah,0.019233251632891524,0.09,0.02,0.000504915926518092,4,True,False,1.3,0.8,0.0007852832807239141,True,0.00025584556578307354
0.010185887869033983,1.8622201626263024,1.8520342747572685,9.874292827792777,169435440053.7927,2748000.0,169435440053.7927,0.7143460970416002,58700.0,True,0.772866243094144,5001709.812340256,5019028.379180446,7548053.280519462,0.02,-0.024966320417705915,0.02,3.2525572526957705e-05,0.7143460970416002,0.32380836247929756,0.8,LOW_RA_DECREASE_0P9,152491896048.41342,True,11,1.8750712094117716e-08,0.7143460970416002,14.391109004305296,0.017496663801852736,0.02,1.2190123168773852,0.0,DIAGNOSTIC_ONLY,0,0.9999999999999999,1.1435297153639112e-14,True,4.295357336571648e-05,0.0012425141745457896,28.92691054983346,0.24757313590128954,0.0,0.06943907722023268,青海,28,True,False,turn_3.one_turn.capital.household_illiquid_return_rah -> steady_state._post_turn_states.rah,0.017496663801852736,0.09,0.02,0.0004757509990231093,4,True,False,1.3,0.8,0.0007847907353689676,True,0.00017334145765511927
0.011434028619811683,1.8769013805086947,1.8654673518888831,10.739204242365842,191566336875.56973,3510210.0,191566336875.56973,0.7044018937494949,71000.0,True,0.772866243094144,5094931.325251715,5112558.457634344,9272712.25710987,0.02,-0.024963404821923153,0.02,3.534128772137922e-05,0.7044018937494949,0.3905175686430813,0.8,LOW_RA_DECREASE_0P9,172409703188.01276,True,11,1.712605213199936e-08,0.7044018937494949,15.887635570987543,0.017769894387063327,0.02,1.2844448456049158,0.0,DIAGNOSTIC_ONLY,0,0.9999999999999999,4.22484313158944e-14,True,4.4300540995062665e-05,0.0014142123553095795,31.92313961735128,0.26033991109529947,0.0,0.06969334549791162,宁夏,29,True,False,turn_3.one_turn.capital.household_illiquid_return_rah -> steady_state._post_turn_states.rah,0.017769894387063327,0.09,0.02,0.0005293280580503247,4,True,False,1.3,0.8,0.0007841596343658441,True,0.000200535802729013
0.010813802587091501,1.8557716242102729,1.8449578216231814,8.66409254381191,547982296720.294,12199080.0,547982296720.294,0.7300750568782686,252000.0,True,0.772866243094144,4948039.940982867,4909845.203773561,23947161.848500364,0.02,-0.0249668770602906,0.02,3.198799887285745e-05,0.7300750568782686,1.0411127130482092,1.0411127130482092,LOW_RA_DECREASE_0P9,493184067048.2646,True,11,1.743961330902266e-08,0.7300750568782686,12.334043105903111,0.018527863135528243,0.02,1.1379757978854501,-0.0,DIAGNOSTIC_ONLY,0,0.9999999999999999,1.6471470454942905e-14,True,5.0696164150349045e-05,0.0012719076281106027,25.088833631249113,0.2320590421966156,0.0,0.06470467980034211,新疆,30,True,False,turn_3.one_turn.capital.household_illiquid_return_rah -> steady_state._post_turn_states.rah,0.018527863135528243,0.09,0.02,0.0006123367103671743,4,False,False,1.3,0.8,0.0017616347986011416,True,0.0003113858916065369
0.012480144750551756,1.885915137766911,1.8734349930163592,11.118438633652744,537317983065.375,30319980.0,483586184758.8375,0.7003259960563532,219200.0,True,0.772866243094144,5364694.52966926,5362955.808038751,62678499.85342697,0.02,-0.024956572767579694,0.02,3.193191160476027e-05,0.7003259960563532,0.8459236205327155,0.8459236205327155,LOW_RA_DECREASE_0P9,435227566282.9538,True,11,3.163315165366498e-08,0.7003259960563532,16.55031826042855,0.018127536860438758,0.02,1.3149120856542962,-3.1350770525238338e-21,DIAGNOSTIC_ONLY,38,0.9999999999999999,4.8141612224439356e-14,True,4.6491226852014684e-05,0.0015487665476597895,33.31309265272001,0.2663393009624233,-3.6437161949878165e-21,0.07958289870627955,北京,0,True,False,turn_4.one_turn.capital.household_illiquid_return_rah -> steady_state._post_turn_states.rah,0.018127536860438758,0.09,0.02,0.0007715324453904953,5,False,False,1.3,0.8,0.554058517828937,True,0.0008369251874279276
0.006510657241692622,1.8346939903194937,1.828183333077801,11.0106706433732,679051452789.948,13362920.0,611146307510.9532,0.7015155103684572,138300.0,True,0.772866243094144,5413044.509922476,5414941.127026213,30737854.94405368,0.02,-0.024984879008358506,0.02,1.0408197705330171e-05,0.7015155103684572,0.3453476245181931,0.8,LOW_RA_DECREASE_0P9,550031676759.8579,True,11,2.8228836601584817e-08,0.7015155103684572,16.36290325673289,0.014542152579213808,0.02,1.247184229132542,0.0,DIAGNOSTIC_ONLY,0,1.0,2.0712609145184802e-13,True,2.6243591799345036e-05,0.0008295362751526801,31.609098384672443,0.2522924628645088,0.0,0.07992557355119767,天津,1,True,False,turn_4.one_turn.capital.household_illiquid_return_rah -> steady_state._post_turn_states.rah,0.014542152579213808,0.09,0.02,0.00028313708053337325,5,True,False,1.3,0.8,0.5992912411744484,True,0.0003071819732365361
0.013259602585700277,1.8917447406347958,1.8784851380490954,11.254958032654294,1692566739665.9175,32494600.0,1523310065699.3257,0.6988943622079253,755600.0,True,0.772866243094144,5425788.304321625,5424044.162378361,50844595.104469135,0.02,-0.02498517973561835,0.02,1.2391380474323077e-05,0.6988943622079253,1.0224039168022414,1.0224039168022414,LOW_RA_DECREASE_0P9,1370979059129.393,True,11,3.555737126959002e-08,0.6988943622079253,16.7897726707266,0.01843317348668947,0.02,1.328499826627538,0.0,DIAGNOSTIC_ONLY,0,0.9999999999999999,5.4408734462274566e-14,True,4.854875263984304e-05,0.0016448591553805305,33.88056470951688,0.2690571903407986,0.0,0.07841547438128926,河北,2,True,False,turn_4.one_turn.capital.household_illiquid_return_rah -> steady_state._post_turn_states.rah,0.01843317348668947,0.09,0.02,0.00033977295709646893,5,False,False,1.3,0.8,0.41083939899853594,True,0.00036857130086518703
0.014313532990945994,1.8986261470455277,1.8843126140545816,11.155986910476935,663511099837.9441,15958130.0,597159989854.1497,0.6999157660248585,350200.0,True,0.772866243094144,5401964.086768963,5404624.470315625,29711116.46969939,0.02,-0.0249814706403393,0.02,1.4389449423499317e-05,0.6999157660248585,0.46747730581378055,0.8,LOW_RA_DECREASE_0P9,537443990868.7347,True,11,3.284998850716647e-08,0.6999157660248585,16.615907406772248,0.01893206138887062,0.02,1.330615925472259,0.0,DIAGNOSTIC_ONLY,0,1.0000000000000002,3.8667419960392024e-14,True,5.231718625453147e-05,0.00176533472877818,33.742921880193336,0.26961652571263656,0.0,0.07829352636691933,山西,3,True,False,turn_4.one_turn.capital.household_illiquid_return_rah -> steady_state._post_turn_states.rah,0.01893206138887062,0.09,0.02,0.0003443786916444307,5,True,False,1.3,0.8,0.5049488896996204,True,0.0003736364694342196
0.008913195184130172,1.8563992863171197,1.8474860911329896,10.7716878274054,892802329669.4608,16140760.0,803522096702.5148,0.7040686223449466,242200.0,True,0.772866243094144,5429060.080950393,5429660.217075962,32710749.459562097,0.02,-0.02498608453672527,0.02,1.0345623143814791e-05,0.7040686223449466,0.4499944700730741,0.8,LOW_RA_DECREASE_0P9,723169887032.2633,True,11,1.6913676681440393e-08,0.7040686223449466,15.944794778748646,0.016333116111559836,0.02,1.2621899824035618,0.0,DIAGNOSTIC_ONLY,0,0.9999999999999999,7.596706467008496e-14,True,3.54242857507212e-05,0.0011158296343389009,31.499001622529082,0.25564247984920885,0.0,0.08073179103856298,内蒙古,4,True,False,turn_4.one_turn.capital.household_illiquid_return_rah -> steady_state._post_turn_states.rah,0.016333116111559836,0.09,0.02,0.0002766268955784063,5,True,False,1.3,0.8,0.5451605120403344,True,0.00030010257804618064
0.011515184503455973,1.8761768107034398,1.8646616261999838,10.429301068690908,1105264754694.1694,23510500.0,994738279224.7526,0.7078501927850749,429100.0,True,0.772866243094144,5352744.249672097,5351034.94221153,41703551.54539753,0.02,-0.02498360035475686,0.02,1.3025078637372076e-05,0.7078501927850749,0.7113609759873797,0.8,LOW_RA_DECREASE_0P9,895264451302.2773,True,11,1.7669263829844795e-08,0.7078501927850749,15.348870318220971,0.017947213449776768,0.02,1.2665123398652476,0.0,DIAGNOSTIC_ONLY,0,0.9999999999999999,5.73380318918959e-14,True,4.569278243100658e-05,0.0014143874498657395,30.954285876579778,0.256914599410547,0.0,0.07898100730329338,辽宁,5,True,False,turn_4.one_turn.capital.household_illiquid_return_rah -> steady_state._post_turn_states.rah,0.017947213449776768,0.09,0.02,0.0003427819484636371,5,True,False,1.3,0.8,0.4802961803432346,True,0.0003718355063491252
0.01001504948985672,1.8613555756334674,1.8513405261436107,9.958314684369359,740712965919.6627,11253810.0,666641669327.6964,0.7133390853276786,248400.0,True,0.772866243094144,5056907.577254482,5059956.985778916,22316011.882335003,0.02,-0.024988303785569415,0.02,8.798280658228606e-06,0.7133390853276786,0.3408651470007349,0.8,LOW_RA_DECREASE_0P9,599977502394.9268,True,11,1.8535772916550286e-08,0.7133390853276786,14.535613266520803,0.01735804906404976,0.02,1.2228680569019388,0.0,DIAGNOSTIC_ONLY,0,0.9999999999999999,1.3791918995753605e-14,True,4.201027272954043e-05,0.0012251270871203972,29.162559715041382,0.2482853596264064,0.0,0.0763737701876559,吉林,6,True,False,turn_4.one_turn.capital.household_illiquid_return_rah -> steady_state._post_turn_states.rah,0.01735804906404976,0.09,0.02,0.00022641738065878834,5,True,False,1.3,0.8,0.5352075024754375,True,0.0002456595473423771
0.012182123568676057,1.8741902344619537,1.8620081108932776,9.343705975564982,654911264062.3204,12846500.0,589420137656.0884,0.7209360796641225,332700.0,True,0.772866243094144,5033999.571850135,5037110.0677425265,23813973.889992464,0.02,-0.024984887443784482,0.02,1.1760550368253651e-05,0.7209360796641225,0.4046847020981888,0.8,LOW_RA_DECREASE_0P9,530478123890.47955,True,11,1.94162503852624e-08,0.7209360796641225,13.483240769672951,0.018825526038931433,0.02,1.2007409838765868,0.0,DIAGNOSTIC_ONLY,0,0.9999999999999999,1.9130476282963604e-14,True,5.271131863289192e-05,0.0014527369229299144,27.560246273623004,0.2443804613297555,0.0,0.07661171655135535,黑龙江,7,True,False,turn_4.one_turn.capital.household_illiquid_return_rah -> steady_state._post_turn_states.rah,0.018825526038931433,0.09,0.02,0.00028455395433000835,5,True,False,1.3,0.8,0.5028040344912102,True,0.00030873792245563115
0.013906437770654654,1.895696512039444,1.8817900742687894,11.0687221027722,492773836983.48627,36011820.0,443496453285.13763,0.7008371908075796,247539.0,True,0.772866243094144,5354185.338503009,5352437.911436725,72384860.4696244,0.02,-0.024943738213664753,0.02,4.201685278514041e-05,0.7008371908075796,1.022816241670334,1.022816241670334,LOW_RA_DECREASE_0P9,399146807956.6239,True,11,3.060332920412634e-08,0.7008371908075796,16.46299387069959,0.018793448607278523,0.02,1.3228554483502366,-2.9669570232528545e-22,DIAGNOSTIC_ONLY,24,0.9999999999999999,8.107937606895155e-14,True,5.133923615930447e-05,0.0017147478288272104,33.40033777492106,0.2680730420746984,-2.0716364219821394e-22,0.07944687716005361,上海,8,True,False,turn_4.one_turn.capital.household_illiquid_return_rah -> steady_state._post_turn_states.rah,0.018793448607278523,0.09,0.02,0.000980192112949396,5,False,False,1.3,0.8,0.5413672026854465,True,0.0010632696669029135
0.010593756709162967,1.872559363900266,1.861965607191103,11.401172940091643,2690386204893.7324,92595400.0,2421347584404.3594,0.6974140606225239,844600.0,True,0.772866243094144,5288101.556598934,5286335.0835828185,140443702.3576785,0.02,-0.02497342379220585,0.02,2.2475632056628303e-05,0.6974140606225239,3.024451393401385,1.3,LOW_RA_DECREASE_0P9,2179212825963.9236,True,11,4.0145914592670806e-08,0.6974140606225239,17.047313912682093,0.017062388923487437,0.02,1.3145699136940499,-2.636635862990834e-21,DIAGNOSTIC_ONLY,15,0.9999999999999999,3.214919649940917e-14,True,3.9370463945846934e-05,0.0013319580255613597,33.83140283521764,0.26597126239748875,-2.8253753138809765e-21,0.07840318200725649,江苏,9,True,False,turn_4.one_turn.capital.household_illiquid_return_rah -> steady_state._post_turn_states.rah,0.017062388923487437,0.09,0.02,0.0006806908237485495,5,False,True,1.3,0.8,0.39220702038262434,True,0.0007383824384672782
0.012299079045566073,1.8848709994426305,1.8725719203970643,11.214332030037502,1591617942417.3977,58002840.0,1432456148175.658,0.699324757236286,627300.0,True,0.772866243094144,5328312.874114489,5326557.318966344,94286606.23165868,0.02,-0.024971878306819247,0.02,2.3170593969681426e-05,0.699324757236286,1.8306534151021272,1.3,LOW_RA_DECREASE_0P9,1289210533358.0923,True,11,3.4209849175681484e-08,0.699324757236286,16.7185689809178,0.018003020296652024,0.02,1.318827792602745,0.0,DIAGNOSTIC_ONLY,0,0.9999999999999996,1.2754771197553971e-13,True,4.556617593070694e-05,0.0015302014938247464,33.58195992026505,0.26706059510056784,0.0,0.07862850976760682,浙江,10,True,False,turn_4.one_turn.capital.household_illiquid_return_rah -> steady_state._post_turn_states.rah,0.018003020296652024,0.09,0.02,0.0006386410611386371,5,False,True,1.3,0.8,0.4328899539540104,True,0.0006927694883111223
0.013363133742819647,1.8926686768743746,1.8793055431315548,11.350967796388458,1357314108201.3684,34010900.0,1221582697381.2317,0.6979034496496044,607600.0,True,0.772866243094144,5434593.349797668,5432838.086177623,55939067.74691211,0.02,-0.0249806661862832,0.02,1.5855587010723006e-05,0.6979034496496044,1.0474070450803297,1.0474070450803297,LOW_RA_DECREASE_0P9,1099424427643.1085,True,11,3.8736941654349266e-08,0.6979034496496044,16.958534411522677,0.0184420457528848,0.02,1.334533278561644,-6.652946155343719e-21,DIAGNOSTIC_ONLY,32,0.9999999999999999,1.1851647050906133e-13,True,4.8538417798023095e-05,0.0016600510595069244,34.20076580194042,0.2702264528246853,-7.35295679060741e-21,0.07864424109556656,安徽,11,True,False,turn_4.one_turn.capital.household_illiquid_return_rah -> steady_state._post_turn_states.rah,0.0184420457528848,0.09,0.02,0.0004216257259618334,5,False,False,1.3,0.8,0.4395068038016402,True,0.0004573615562458746
0.01102781005590556,1.8744494892316073,1.8634216791757017,10.919268527043261,1141016390611.534,35804040.0,1026914751550.3806,0.7024540786726576,394100.0,True,0.772866243094144,5359844.118030634,5358101.953224361,64768891.55106019,0.02,-0.024975812728342216,0.02,1.9039748552530008e-05,0.7024540786726576,1.072064185536928,1.072064185536928,LOW_RA_DECREASE_0P9,924223276395.3425,True,11,1.7304962351971653e-08,0.7024540786726576,16.201955214374113,0.017483916870429383,0.02,1.291401103946316,0.0,DIAGNOSTIC_ONLY,0,0.9999999999999999,6.010247638119082e-14,True,4.2307948114949195e-05,0.0013713230108342057,32.4128933671841,0.26160694328067785,0.0,0.07906050815682575,福建,12,True,False,turn_4.one_turn.capital.household_illiquid_return_rah -> steady_state._post_turn_states.rah,0.017483916870429383,0.09,0.02,0.0005091814944347369,5,False,False,1.3,0.8,0.4903955434132006,True,0.0005523380508889612
0.01323275336895225,1.8913727454038707,1.8781399920349184,11.177451706965826,1005097857179.3013,22717000.0,904588071461.3712,0.6997009763023394,451300.0,True,0.772866243094144,5477624.409719459,5475873.7183556305,40046195.726416685,0.02,-0.024982573483204474,0.02,1.3879084437512906e-05,0.6997009763023394,0.6735917666600296,0.8,LOW_RA_DECREASE_0P9,814129264315.2341,True,11,3.329306386135045e-08,0.6997009763023394,16.65370509899007,0.018451845054738507,0.02,1.3240050754900645,-6.056120759472147e-23,DIAGNOSTIC_ONLY,22,0.9999999999999999,4.9815240907996605e-14,True,4.874197882796437e-05,0.0016392654628367876,33.631491832176174,0.2681934126958008,-4.0571860189073375e-23,0.07893877345894573,江西,13,True,False,turn_4.one_turn.capital.household_illiquid_return_rah -> steady_state._post_turn_states.rah,0.018451845054738507,0.09,0.02,0.0003545839403615526,5,True,False,1.3,0.8,0.4770540250168027,True,0.0003846377890210748
0.01177687599056499,1.8815957868004882,1.8698189108099232,11.429477639726926,2791796128048.5977,66648869.99999999,2512616515243.738,0.697115197437903,1007700.0,True,0.772866243094144,5337949.818590022,5336190.850642019,97322877.01866713,0.02,-0.02498155937226919,0.02,1.5803547856619054e-05,0.697115197437903,2.186168663909092,1.3,LOW_RA_DECREASE_0P9,2261354863719.3643,True,11,4.141601772644776e-08,0.697115197437903,17.09695219049113,0.017664979007623267,0.02,1.326386824220954,-2.9259091811450186e-21,DIAGNOSTIC_ONLY,38,0.9999999999999999,4.215182890232594e-14,True,4.315821523005049e-05,0.0014741817323769518,34.15761575215693,0.2684246755437264,-3.2177278051034073e-21,0.07818466558003412,山东,14,True,False,turn_4.one_turn.capital.household_illiquid_return_rah -> steady_state._post_turn_states.rah,0.017664979007623267,0.09,0.02,0.0004751252179777516,5,False,True,1.3,0.8,0.36868524145079273,True,0.0005153947512075112
0.014151693104786128,1.8982435383577416,1.8840918452529556,11.500480419998857,2007934973521.9033,49935900.0,1807141476169.7131,0.6963739005542089,986400.0,True,0.772866243094144,5396312.010158734,5394552.964813509,73453995.7559545,0.02,-0.024980791155832936,0.02,1.6420722439112245e-05,0.6963739005542089,1.616086890475968,1.3,LOW_RA_DECREASE_0P9,1626427328552.742,True,11,4.469326508882432e-08,0.6963739005542089,17.22174683838279,0.018728570541180725,0.02,1.3482762349042379,-1.0485752363950267e-21,DIAGNOSTIC_ONLY,33,0.9999999999999999,2.0342180630933404e-14,True,5.0503414124863315e-05,0.0017577510240812237,34.80459795718773,0.2729693579995334,-1.1912116409238413e-21,0.07816952133925414,河南,15,True,False,turn_4.one_turn.capital.household_illiquid_return_rah -> steady_state._post_turn_states.rah,0.018728570541180725,0.09,0.02,0.00045811936390399266,5,False,True,1.3,0.8,0.37329206096745304,True,0.0004969479561720349
0.012484462496923927,1.8867463041320047,1.8742618416350807,11.4468401736573,1502025322195.634,42021950.0,1351822789976.0706,0.6969323684064861,591700.0,True,0.772866243094144,5405997.868630039,5404237.987657151,69449378.01956059,0.02,-0.024978414704057508,0.02,1.7667659460348107e-05,0.6969323684064861,1.298375342512064,1.298375342512064,LOW_RA_DECREASE_0P9,1216640510978.4636,True,11,4.2211618200838075e-08,0.6969323684064861,17.12742841244043,0.01800122455359925,0.02,1.333037196344569,-3.6280738292730295e-21,DIAGNOSTIC_ONLY,34,0.9999999999999999,1.2800307688798362e-14,True,4.5388286604908534e-05,0.0015588674444521338,34.345148518638936,0.26980717673259796,-4.167966007319446e-21,0.07867887774755189,湖北,16,True,False,turn_4.one_turn.capital.household_illiquid_return_rah -> steady_state._post_turn_states.rah,0.01800122455359925,0.09,0.02,0.00048228319032499997,5,False,False,1.3,0.8,0.4422038158703382,True,0.0005231598749078842
0.014037130203625126,1.8970495907128284,1.8830124605092033,11.27141745252684,1332351833795.125,36425780.0,1199116650415.6125,0.6987169854009208,663500.0,True,0.772866243094144,5416437.116207116,5414684.869902815,58680530.80141312,0.02,-0.024978901148576985,0.02,1.744576032294498e-05,0.6987169854009208,1.1350499541213603,1.1350499541213603,LOW_RA_DECREASE_0P9,1079204985374.0513,True,11,3.617579702464013e-08,0.6987169854009208,16.818588715421605,0.018768361119465754,0.02,1.3350571086467753,0.0,DIAGNOSTIC_ONLY,0,1.0000000000000004,7.015845153099387e-14,True,5.0988253386369734e-05,0.0017368336816638529,34.063408065830046,0.27042584051806323,0.0,0.07855391528335243,湖南,17,True,False,turn_4.one_turn.capital.household_illiquid_return_rah -> steady_state._post_turn_states.rah,0.018768361119465754,0.09,0.02,0.00045843567669023774,5,False,False,1.3,0.8,0.42775458259947996,True,0.0004972913571940546
0.015020069086431567,1.9026101345764248,1.8875900654899933,10.904898749456564,1838097009407.5686,97277770.0,1654287308466.8118,0.7025730379288487,1134600.0,True,0.772866243094144,5236967.083733691,5235218.929402218,137673810.49342015,0.02,-0.024959108719977908,0.02,3.5411155802712905e-05,0.7025730379288487,3.2873696521139713,1.3,LOW_RA_DECREASE_0P9,1488858577620.1306,True,11,1.77456649375074e-08,0.7025730379288487,16.17623793987341,0.019328035985422168,0.02,1.3212643763340322,-3.1563603019128057e-22,DIAGNOSTIC_ONLY,22,0.9999999999999999,5.023358031625014e-14,True,5.562353515433643e-05,0.0018385595670576665,33.053626705966956,0.2679279459275942,-2.1171861678789563e-22,0.07812900681846702,广东,18,True,False,turn_4.one_turn.capital.household_illiquid_return_rah -> steady_state._post_turn_states.rah,0.019328035985422168,0.09,0.02,0.0009620559735145608,5,False,True,1.3,0.8,0.3486254485158934,True,0.0010435946086121608
0.015717558289850823,1.90575708591454,1.8900395276246893,10.486457167275761,642931505730.4277,19627810.0,578638355157.385,0.7071679310525152,494700.0,True,0.772866243094144,5414899.167710171,5413107.23783719,33797735.63170173,0.02,-0.0249764557892986,0.02,1.894449917471175e-05,0.7071679310525152,0.5949456838448811,0.8,LOW_RA_DECREASE_0P9,520774519641.64655,True,11,1.8051248051875746e-08,0.7071679310525152,15.447379152155127,0.019789204904891666,0.02,1.3012761527492405,0.0,DIAGNOSTIC_ONLY,0,0.9999999999999999,2.763609653622101e-14,True,5.9795715278822824e-05,0.001902134711476291,31.81055202043797,0.2641978079824635,0.0,0.0789654866966446,广西,19,True,False,turn_4.one_turn.capital.household_illiquid_return_rah -> steady_state._post_turn_states.rah,0.019789204904891666,0.09,0.02,0.00043385730981775083,5,True,False,1.3,0.8,0.4646319249774731,True,0.0004706290056210861
0.01564822464717132,1.9031232409375984,1.887475016290427,9.987770048780348,113223172885.52222,4910690.0,101900855596.97,0.7129386590833697,98200.0,True,0.772866243094144,4996859.764848466,4995274.396280506,11987660.484801326,0.02,-0.02496669713421254,0.02,2.1975725097195064e-05,0.7129386590833697,0.13170468704082858,0.8,LOW_RA_DECREASE_0P9,91710770037.27301,True,11,1.91351503531223e-08,0.7129386590833697,14.585264770548472,0.02,0.02,1.2698047622370092,0.0,DIAGNOSTIC_ONLY,0,1.0000000000000002,1.1883072650875626e-14,True,6.203258773167757e-05,0.0018721805513889007,30.180597325506266,0.25815517191189324,0.0,0.0759703775197419,海南,20,True,False,turn_4.one_turn.capital.household_illiquid_return_rah -> steady_state._post_turn_states.rah,0.02,0.09,0.02,0.0004231166383958684,5,True,False,1.3,0.8,0.6223626279517117,True,0.0004589794292529264
0.011534504932306313,1.8787006391856074,1.867166134253301,11.030440845697553,851864893184.6962,20363190.0,766678403866.2266,0.701263456565046,310179.0,True,0.772866243094144,5449862.975793518,5448124.001435953,39043104.62926327,0.02,-0.024981586551037435,0.02,1.4094137415530607e-05,0.701263456565046,0.5826979555450685,0.8,LOW_RA_DECREASE_0P9,690010563479.6039,True,11,2.941891885654968e-08,0.701263456565046,16.396317352673197,0.017699930677478746,0.02,1.3021786896678806,0.0,DIAGNOSTIC_ONLY,0,1.0000000000000002,4.616039538454797e-14,True,4.365152814531374e-05,0.0014344249624054478,32.86081893010296,0.2637532383021601,0.0,0.07932249991747187,重庆,21,True,False,turn_4.one_turn.capital.household_illiquid_return_rah -> steady_state._post_turn_states.rah,0.017699930677478746,0.09,0.02,0.0003616062522338598,5,True,False,1.3,0.8,0.5191954933826589,True,0.00039225534496885127
0.014312164927694111,1.898225960200903,1.883913795273209,10.99856334237677,1543482549535.284,42902100.0,1389134294581.7556,0.7015775308139056,834100.0,True,0.772866243094144,5347150.8897568965,5345415.701237567,65421687.87364032,0.02,-0.024978537881284353,0.02,1.8115576329741603e-05,0.7015775308139056,1.383092717831103,1.3,LOW_RA_DECREASE_0P9,1250220865123.58,True,11,2.908159801862098e-08,0.7015775308139056,16.340108149040443,0.018995816646709667,0.02,1.321762946810072,0.0,DIAGNOSTIC_ONLY,0,1.0,4.174175653563761e-14,True,5.293476899636868e-05,0.0017596988848711955,33.242780090188184,0.26792279484630244,0.0,0.07832211499686326,四川,22,True,False,turn_4.one_turn.capital.household_illiquid_return_rah -> steady_state._post_turn_states.rah,0.018995816646709667,0.09,0.02,0.00048333172623156337,5,False,True,1.3,0.8,0.3954608906306738,True,0.0005242974044709074
0.015071989581590523,1.902591744324725,1.8875197547431346,10.781422723185344,599616319886.5338,15353210.0,539654687897.88043,0.7039087024937003,382200.0,True,0.772866243094144,5322389.035946346,5325930.906015817,27929555.393452838,0.02,-0.024980269051034103,0.02,1.5491600706731185e-05,0.7039087024937003,0.4616182591773111,0.8,LOW_RA_DECREASE_0P9,485689219108.0924,True,11,1.764487533861825e-08,0.7039087024937003,15.960682624914817,0.019401767522121516,0.02,1.3144877114943696,-4.321019952142969e-22,DIAGNOSTIC_ONLY,24,0.9999999999999999,3.686542173961249e-14,True,5.6322842749656465e-05,0.0018398609095599209,32.666336067902805,0.26663828509199394,-2.948612834397542e-22,0.0772323612813498,贵州,23,True,False,turn_4.one_turn.capital.household_illiquid_return_rah -> steady_state._post_turn_states.rah,0.019401767522121516,0.09,0.02,0.00035949007317422776,5,True,False,1.3,0.8,0.4933534071365715,True,0.00039004700180821805
0.014368846233623216,1.896459892943562,1.882091046709939,10.371153761327744,772812440013.2318,20880630.0,695531196011.9087,0.7084854494474344,470300.0,True,0.772866243094144,5376411.342575635,5374699.055145881,36311683.335198276,0.02,-0.024979164679225865,0.02,1.6693480033030616e-05,0.7084854494474344,0.6346705593874041,0.8,LOW_RA_DECREASE_0P9,625978076410.7179,True,11,1.807804261844126e-08,0.7084854494474344,15.24759972113834,0.019294618878032497,0.02,1.2851733745129563,0.0,DIAGNOSTIC_ONLY,0,0.9999999999999999,3.7470677602402525e-14,True,5.5784941597682555e-05,0.0017428427469174804,31.24217211674705,0.26092374341296154,0.0,0.07887576345360992,云南,24,True,False,turn_4.one_turn.capital.household_illiquid_return_rah -> steady_state._post_turn_states.rah,0.019294618878032497,0.09,0.02,0.00040101609458700893,5,True,False,1.3,0.8,0.46989217297608166,True,0.00043500555410483013
0.011301952685800634,1.8644826269153307,1.85318067422953,9.060718679157564,76591375387.66502,1477630.0,68932237848.89853,0.7246477134999441,35400.0,True,0.772866243094144,4940254.487834633,4938640.380882432,4536048.58688241,0.02,-0.024985243199163443,0.02,7.8547110136764e-06,0.7246477134999441,0.03220925032327442,0.8,LOW_RA_DECREASE_0P9,62039014064.008675,True,11,1.8717960958980484e-08,0.7246477134999441,13.002996119820892,0.01854366801389291,0.02,1.1726434043090785,0.0,DIAGNOSTIC_ONLY,0,0.9999999999999999,1.7964904737433063e-14,True,5.068153351278662e-05,0.0013422699377851018,26.484398650772,0.2388288322568269,0.0,0.07648030326228883,西藏,25,True,False,turn_4.one_turn.capital.household_illiquid_return_rah -> steady_state._post_turn_states.rah,0.01854366801389291,0.09,0.02,0.00017266578876480804,5,True,False,1.3,0.8,0.6996996647791534,True,0.00018730030391151984
0.011491616341008964,1.8790794028179614,1.8675877864769523,11.269069829603112,1111158134119.995,23941880.0,1000042320707.9956,0.6987638811209351,393100.0,True,0.772866243094144,5457070.775440389,5455324.633646907,43512809.751719266,0.02,-0.02498339242318498,0.02,1.3044954902050059e-05,0.6987638811209351,0.7025523983895855,0.8,LOW_RA_DECREASE_0P9,900038088637.196,True,11,3.574569307218667e-08,0.6987638811209351,16.81483150932226,0.017583460048031158,0.02,1.315204382776653,0.0,DIAGNOSTIC_ONLY,0,0.9999999999999998,8.314052571400943e-14,True,4.273350802357609e-05,0.001435890200822293,33.60103738804013,0.2662397792377834,0.0,0.07908570528420056,陕西,26,True,False,turn_4.one_turn.capital.household_illiquid_return_rah -> steady_state._post_turn_states.rah,0.017583460048031158,0.09,0.02,0.00034611891651983314,5,True,False,1.3,0.8,0.49276610051031744,True,0.00037545525457041235
0.014559582023907919,1.8989272384296085,1.8843676564057006,10.684979266729854,423982918938.0812,8246100.0,381584627044.2731,0.7049693370147667,251500.0,True,0.772866243094144,5018001.6178518,5016421.057012758,16273829.913437163,0.02,-0.024985023460890026,0.02,1.129433682468626e-05,0.7049693370147667,0.2524051165963905,0.8,LOW_RA_DECREASE_0P9,343426164339.84576,True,11,1.7354155446014374e-08,0.7049693370147667,15.792679990315028,0.019233251632891524,0.02,1.3053609776692177,-3.713205749389199e-21,DIAGNOSTIC_ONLY,38,1.0000000000000002,3.203199424456349e-14,True,5.504814893585061e-05,0.0017769558506469314,32.28002911991965,0.26481863162968944,-4.189749767708095e-21,0.07514696042711999,甘肃,27,True,False,turn_4.one_turn.capital.household_illiquid_return_rah -> steady_state._post_turn_states.rah,0.019233251632891524,0.09,0.02,0.00025584556578307354,5,True,False,1.3,0.8,0.532883207630952,True,0.00027753083278608554
0.0101776943803227,1.862084993159695,1.8519072987793723,9.864941692443224,169435440053.7927,2748000.0,152491896048.41342,0.7144590159139999,58700.0,True,0.772866243094144,5003313.42392255,5001709.812340256,7542129.638234839,0.02,-0.024987569678861635,0.02,7.4383318864239665e-06,0.7144590159139999,0.06662572593921562,0.8,LOW_RA_DECREASE_0P9,137242706443.57208,True,11,1.8769706233712213e-08,0.7144590159139999,14.37504587463106,0.017496663801852736,0.02,1.218313848085024,0.0,DIAGNOSTIC_ONLY,0,0.9999999999999999,7.473676625485703e-15,True,4.295792102933567e-05,0.001241280727576693,28.89527001851488,0.24743743472566085,0.0,0.07629793101375482,青海,28,True,False,turn_4.one_turn.capital.household_illiquid_return_rah -> steady_state._post_turn_states.rah,0.017496663801852736,0.09,0.02,0.00017334145765511927,5,True,False,1.3,0.8,0.6641155202931257,True,0.0001880335056059854
0.011425561250065622,1.8767965555533943,1.8653709943033288,10.72906216215452,191566336875.56973,3510210.0,172409703188.01276,0.7045130046498835,71000.0,True,0.772866243094144,5096556.0487294365,5094931.325251715,9265440.970456755,0.02,-0.024985947218583507,0.02,8.708509585312277e-06,0.7045130046498835,0.08657770724108747,0.8,LOW_RA_DECREASE_0P9,155168732869.2115,True,11,1.7099933025122027e-08,0.7045130046498835,15.869963674481474,0.017769894387063327,0.02,1.2837732104414479,0.0,DIAGNOSTIC_ONLY,0,0.9999999999999999,1.0766951566432148e-13,True,4.4306770351861076e-05,0.0014129187137034616,31.8894539701902,0.2602098292637513,0.0,0.07621201907325281,宁夏,29,True,False,turn_4.one_turn.capital.household_illiquid_return_rah -> steady_state._post_turn_states.rah,0.017769894387063327,0.09,0.02,0.000200535802729013,5,True,False,1.3,0.8,0.6507519120759155,True,0.00021753286978118698
0.010807451774772424,1.8556473591546474,1.844839907379875,8.658716512134305,547982296720.294,12199080.0,493184067048.2646,0.7301505800902237,252000.0,True,0.772866243094144,4944834.51617025,4948039.940982867,23989348.002140414,0.02,-0.02498286060988645,0.02,1.2949653297017794e-05,0.7301505800902237,0.37957077170303993,0.8,LOW_RA_DECREASE_0P9,443865660343.4381,True,11,1.740955735130001e-08,0.7301505800902237,12.325011067741155,0.018527863135528243,0.02,1.1374943128246782,-0.0,DIAGNOSTIC_ONLY,0,1.0000000000000002,4.282284162687722e-14,True,5.069767863217959e-05,0.0012709843677696042,25.069873060477093,0.2319649833644512,0.0,0.07697889617260156,新疆,30,True,False,turn_4.one_turn.capital.household_illiquid_return_rah -> steady_state._post_turn_states.rah,0.018527863135528243,0.09,0.02,0.0003113858916065369,5,True,False,1.3,0.8,0.5313158230946251,True,0.0003378526070892258
