turn,province_index,province_name,Ktarget_2018_MU,Kt_supply_private_MU,GovInv_before_MU,GovInv_after_MU,firm_K_total_MU,firm_K_total_over_Ktarget,private_K_over_Ktarget,GovInv_before_over_Ktarget,GovInv_after_over_Ktarget,Ltarget_proxy_NU,firm_Lt_supply,firm_Lt_over_population_proxy,net_destination_labor_gain_loss_NU,top_origin_index,top_origin_province,top_origin_contribution,top_origin_share_of_destination_supply,A,B,L,C,firm_ra0,firm_ra_used,household_rah,firm_wage_raw,firm_wage_used,household_composite_wage,Y,Zt,nk_gap,yt_gap,GDP_level_gap,govinv_action,kfe_diagnostic_status,hjb_converged,hjb_iterations,hjb_statistic,hjb_acceptance_classification,downstream_kfe_attempted,downstream_kfe_returned,continuation_status
1,0,北京,58719043.066994764,213805.18523752742,58719043.066994764,58719043.066994764,58932848.25223229,1.003641155817093,0.003641155817093086,1.0,1.0,219200.0,5368701.505097189,24.492251391866738,5149501.505097189,18,广东,470062.4365967846,0.08755607592459644,7.2814135433904825,4.6948401791657695,0.6639444000102773,10.832654252332844,0.9641033833582643,0.09,0.07859282907432666,3.8526878644166622,1.3,18.319859030118984,76712623.46399735,2.437920774687262,2.659037987508393,1.3171818843713328,1.3171818843713328,NONE,DIAGNOSTIC_ONLY,True,17,8.547302199346518e-09,HJB_CONVERGED,True,True,CONTINUED_TO_HOUSEHOLD_BATCH
1,1,天津,64593598.72309723,211034.53168273813,64593598.72309723,64593598.72309723,64804633.254779965,1.0032671121574663,0.003267112157466416,1.0,1.0,138300.0,5434689.380967647,39.29638019499383,5296389.380967647,18,广东,477148.22484024696,0.08779677942795154,7.27985472108661,4.700013574015612,0.674477675724933,11.103693258342576,0.36644681000882495,0.09,0.06490365475420734,1.6562963807243418,1.3,18.198003011640164,35036193.70113499,1.034748432816036,2.974752355472031,1.621900463307739,1.621900463307739,NONE,DIAGNOSTIC_ONLY,True,27,3.770028733640629e-11,HJB_CONVERGED,True,True,CONTINUED_TO_HOUSEHOLD_BATCH
1,2,河北,113705229.18254791,213287.10621640403,113705229.18254791,113705229.18254791,113918516.28876431,1.0018757897745756,0.0018757897745756487,1.0,1.0,742600.0,5579817.062945651,7.513893163137155,4837217.062945651,18,广东,491522.1672775933,0.08808929786277132,7.285540421362414,4.689053727683108,0.6601134967866474,10.558430329101128,0.32948900655730984,0.09,0.08640803056619092,2.568095058516758,1.3,18.121763089356133,55183125.43565868,1.067338636199028,5.805391347879627,0.6982244876274422,0.6982244876274422,NONE,DIAGNOSTIC_ONLY,True,35,2.8269918406209626e-08,HJB_CONVERGED,True,True,CONTINUED_TO_HOUSEHOLD_BATCH
1,3,山西,53478727.38884524,217445.6554917545,53478727.38884524,53478727.38884524,53696173.044337,1.0040660215025443,0.004066021502544393,1.0,1.0,350200.0,5572056.408280555,15.91106912701472,5221856.408280555,18,广东,491500.78451992443,0.08820814947054592,7.284866502416373,4.689527842212533,0.6596120927891331,10.597839877871897,0.4261827187065441,0.09,0.08643576394514026,1.5428164167345995,1.3,18.203099062044032,33038040.3348269,1.1136984900932783,2.21222956779714,1.0702991167386409,1.0702991167386409,NONE,DIAGNOSTIC_ONLY,True,49,2.10115258525434e-10,HJB_CONVERGED,True,True,CONTINUED_TO_HOUSEHOLD_BATCH
1,4,内蒙古,82165502.99427319,209594.86340788676,82165502.99427319,82165502.99427319,82375097.85768107,1.0025508863911232,0.0025508863911232337,1.0,1.0,242200.0,5450885.927139339,22.505722242524108,5208685.927139339,18,广东,477377.26783548103,0.08757792296820488,7.290695301981074,4.694635423943938,0.6719414867687957,10.616873173331285,0.29596763924320724,0.09,0.07370607384987489,1.7201638107523831,1.3,17.638053822269907,36552362.82533013,0.9036347315500086,4.037413425925552,1.2645942472077052,1.2645942472077052,NONE,DIAGNOSTIC_ONLY,True,26,4.778821782736031e-11,HJB_CONVERGED,True,True,CONTINUED_TO_HOUSEHOLD_BATCH
1,5,辽宁,90061052.78222083,211735.20840679316,90061052.78222083,90061052.78222083,90272787.99062762,1.0023510185797937,0.002351018579793821,1.0,1.0,429100.0,5439446.864518635,12.676408446792438,5010346.864518635,18,广东,476273.9478325569,0.08755926102326304,7.2972863401635415,4.682902434745981,0.6713203024088547,9.949935463621017,0.34507274161069207,0.09,0.08254889155973023,2.1793309108701604,1.3,16.72579387534917,45803221.37778715,1.0589248653382726,4.531983321041616,0.948202776537596,0.948202776537596,NONE,DIAGNOSTIC_ONLY,True,15,4.6158866284784494e-08,HJB_CONVERGED,True,True,CONTINUED_TO_HOUSEHOLD_BATCH
1,6,吉林,66308917.7271201,212851.0285043764,66308917.7271201,66308917.7271201,66521768.75562448,1.0032099909906587,0.003209990990658578,1.0,1.0,248400.0,5419451.9390971605,21.817439368346058,5171051.9390971605,18,广东,473108.60658222786,0.08729823825341353,7.306324473833281,4.681257646550685,0.6791781246847705,9.665849490645694,0.2500239810461801,0.09,0.0786566974876448,1.1927904288322437,1.1927904288322437,15.98491210464971,25291079.34885135,0.7331983987589327,3.091543419468999,1.2473368416758204,1.2473368416758204,NONE,DIAGNOSTIC_ONLY,True,15,3.5706573253690976e-09,HJB_CONVERGED,True,True,CONTINUED_TO_HOUSEHOLD_BATCH
1,7,黑龙江,58424879.89838116,216092.14282312893,58424879.89838116,58424879.89838116,58640972.04120429,1.0036986322128343,0.003698632212834321,1.0,1.0,332700.0,5355652.504028498,16.09754284348812,5022952.504028498,18,广东,464857.5858072694,0.08679756303412246,7.319571303590979,4.668183103556843,0.6836297374851197,8.926366475532,0.30491023268678946,0.09,0.08488059053640952,1.2817948451705385,1.2817948451705385,14.782111996765861,26670177.80702681,0.8512301435859188,2.6497869616630783,1.0760656838070144,1.0760656838070144,NONE,DIAGNOSTIC_ONLY,True,13,7.462075846120797e-09,HJB_CONVERGED,True,True,CONTINUED_TO_HOUSEHOLD_BATCH
1,8,上海,66125294.30800852,212894.61965239004,66125294.30800852,66125294.30800852,66338188.92766091,1.0032195640394541,0.0032195640394542045,1.0,1.0,247500.0,5384965.240367837,21.757435314617524,5137465.240367837,18,广东,482469.5213680828,0.08959566122197034,7.284165435653269,4.69322945058422,0.6656559065380905,10.689503573854708,0.8989398553008792,0.09,0.0786410648427616,4.038856029254091,1.3,18.0332764190634,80872859.66073647,2.353254580746131,3.1063829858710763,1.245732222791876,1.245732222791876,NONE,DIAGNOSTIC_ONLY,True,18,3.760773470418144e-09,HJB_CONVERGED,True,True,CONTINUED_TO_HOUSEHOLD_BATCH
1,9,江苏,203535217.25929242,197491.38772618957,203535217.25929242,203535217.25929242,203732708.6470186,1.0009703057307995,0.0009703057307993861,1.0,1.0,844600.0,5442273.339288691,6.443610394611285,4597673.339288691,18,广东,486635.4487825327,0.08941767868758616,7.281748896323775,4.693511506563083,0.6628712791095902,10.772692990875354,0.53356536374687,0.09,0.08042908909180554,7.419734668805801,1.3,18.287049574345293,151942086.80804557,1.9260565786278652,11.478407211206987,0.6301469709341896,0.6301469709341896,NONE,DIAGNOSTIC_ONLY,True,17,4.77480961436072e-08,HJB_CONVERGED,True,True,CONTINUED_TO_HOUSEHOLD_BATCH
1,10,浙江,124249656.20818298,208902.70510419522,124249656.20818298,124249656.20818298,124458558.91328718,1.0016813141499095,0.0016813141499093908,1.0,1.0,627300.0,5457070.248817265,8.699298977869066,4829770.248817265,18,广东,491307.3974749249,0.09003134925400826,7.284992506847101,4.690135987510018,0.6626729326407825,10.56692116715283,0.5916470722893815,0.09,0.08335304818599189,4.99040579776528,1.3,18.00489758044457,102339689.69976155,1.865111818631329,6.60228188622284,0.7643922310605964,0.7643922310605964,NONE,DIAGNOSTIC_ONLY,True,15,8.606957369039492e-10,HJB_CONVERGED,True,True,CONTINUED_TO_HOUSEHOLD_BATCH
1,11,安徽,70182433.35888097,218901.27196706057,70182433.35888097,70182433.35888097,70401334.63084802,1.003119032234857,0.0031190322348571085,1.0,1.0,607600.0,5563581.62615384,9.156651787613297,4955981.62615384,18,广东,498890.83104357653,0.08967080283289827,8.633994914935972,-1.7331237220247262,0.6370528935500427,11.708814550329276,0.6252174790117927,0.09,0.08895777765800762,2.919570942362542,1.3,18.29792118969518,60883704.3726967,1.681124916844091,3.217986383681237,0.7901232949641643,0.7901232949641643,NONE,DIAGNOSTIC_ONLY,False,100,0.18862667495966345,HJB_NONCONVERGED_DIAGNOSTIC_ONLY,True,True,CONTINUED_TO_HOUSEHOLD_BATCH
1,12,福建,87795538.11850408,211824.9156194794,87795538.11850408,87795538.11850408,88007363.03412355,1.0024127070709854,0.002412707070985359,1.0,1.0,410400.0,5432528.659324941,13.237155602643618,5022128.659324941,18,广东,498234.40582150663,0.0917131665686267,7.288281882052443,4.688533684457516,0.6657210993194854,10.401708463615293,0.6224021625128457,0.09,0.08227353131506258,3.721560577081822,1.3,17.622512150269692,76234463.39489044,1.7964378516260697,4.400024467001434,0.9705039675269838,0.9705039675269838,NONE,DIAGNOSTIC_ONLY,True,14,8.923409566818918e-09,HJB_CONVERGED,True,True,CONTINUED_TO_HOUSEHOLD_BATCH
1,13,江西,51050047.92908307,219936.6559413823,51050047.92908307,51050047.92908307,51269984.58502445,1.0043082556209724,0.004308255620972395,1.0,1.0,451300.0,5571902.1379387835,12.346337553598014,5120602.1379387835,18,广东,506784.9313064549,0.09095366694540154,7.287925034601637,4.687254136300972,0.6589285517404829,10.475618175445794,0.6171694754504232,0.09,0.08911960456738838,2.0967339605853548,1.3,18.066338850784597,44014923.11165806,1.5352442633792756,2.0671742680672653,0.9375750274759782,0.9375750274759782,NONE,DIAGNOSTIC_ONLY,False,100,0.05869183330034722,HJB_NONCONVERGED_DIAGNOSTIC_ONLY,True,True,CONTINUED_TO_HOUSEHOLD_BATCH
1,14,山东,210016973.07581103,199444.81695050414,210016973.07581103,210016973.07581103,210216417.89276153,1.0009496604680541,0.0009496604680542149,1.0,1.0,1007700.0,5521066.724211836,5.478879353192256,4513366.724211836,18,广东,487596.30630105454,0.08831559744836479,7.281911169574231,4.692388076927677,0.6612100534648971,10.738900858662145,0.33900208759951383,0.09,0.08264908560515918,4.917920166838642,1.3,18.321743106447045,104127422.07243168,1.2849276420428595,11.691775484309217,0.5623276914162378,0.5623276914162378,NONE,DIAGNOSTIC_ONLY,True,15,7.239737698228055e-10,HJB_CONVERGED,True,True,CONTINUED_TO_HOUSEHOLD_BATCH
1,15,河南,168320556.01470312,204370.7066231856,168320556.01470312,168320556.01470312,168524926.72132632,1.0012141755675126,0.0012141755675125826,1.0,1.0,986400.0,5583060.098225643,5.660036595930295,4596660.098225643,18,广东,496183.0545127093,0.08887295601034309,8.82491138826962,-1.940511925276471,0.6836078392830619,12.436299488955813,0.31721680170997013,0.09,0.08521809867670735,3.6654486252448906,1.3,18.484175006636022,78699104.2985543,1.139914115532732,9.06168204989025,0.5760025212032687,0.5760025212032687,NONE,DIAGNOSTIC_ONLY,False,100,0.3587512505611632,HJB_NONCONVERGED_DIAGNOSTIC_ONLY,True,True,CONTINUED_TO_HOUSEHOLD_BATCH
1,16,湖北,101805153.6623069,210492.1500976498,101805153.6623069,101805153.6623069,102015645.81240456,1.0020675981767668,0.002067598176766801,1.0,1.0,591700.0,5530308.277121804,9.346473343116113,4938608.277121804,18,广东,498828.6270296114,0.09019906342169084,9.14595562393632,-0.8492782582383565,0.6187037280202167,11.516436275522537,0.5265476183960305,0.09,0.0851220223749261,3.6102262563432066,1.3,18.519697907284154,75571381.43300213,1.5894323920714784,5.148882407058004,0.7983765987578442,0.7983765987578442,NONE,DIAGNOSTIC_ONLY,False,100,0.007907594369422455,HJB_NONCONVERGED_DIAGNOSTIC_ONLY,True,True,CONTINUED_TO_HOUSEHOLD_BATCH
1,17,湖南,93791807.14892803,215847.67203445273,93791807.14892803,93791807.14892803,94007654.82096249,1.0023013488981156,0.002301348898115561,1.0,1.0,663500.0,5557623.900438139,8.376222909477226,4894123.900438139,18,广东,507198.9130448891,0.09126182738002543,7.045466751003072,4.6221127766483505,0.6321945683965557,9.863298314431825,0.47619361443851616,0.09,0.0872058027276669,3.008247460238051,1.3,18.15409814981755,63496620.19314109,1.4167063570694212,4.638360116065148,0.7477881786290854,0.7477881786290854,NONE,DIAGNOSTIC_ONLY,False,100,0.2058091017317485,HJB_NONCONVERGED_DIAGNOSTIC_ONLY,True,True,CONTINUED_TO_HOUSEHOLD_BATCH
1,18,广东,191259406.86816654,207658.6888552844,191259406.86816654,191259406.86816654,191467065.55702183,1.0010857436622629,0.0010857436622629586,1.0,1.0,1234800.0,5434891.80439293,4.4014348917986155,4200091.80439293,18,广东,509754.727880851,0.09379298544063472,7.292882692827641,4.683996897785043,0.6653272537503436,10.148967800943874,0.5568094971895738,0.09,0.086287673370157,7.273073044007481,1.3,17.286415001574493,147458919.31488666,1.9575836150085797,10.743077412155182,0.4753977110945464,0.4753977110945464,NONE,DIAGNOSTIC_ONLY,False,100,0.04680647315474018,HJB_NONCONVERGED_DIAGNOSTIC_ONLY,True,True,CONTINUED_TO_HOUSEHOLD_BATCH
1,19,广西,67306708.83876626,216731.66526370766,67306708.83876626,67306708.83876626,67523440.50402997,1.0032200603625248,0.003220060362524782,1.0,1.0,494700.0,5523577.341518719,11.165509079277783,5028877.341518719,18,广东,513085.1659891195,0.09289001208192474,9.019562137869334,-0.5640414945816795,0.6456412582951425,10.330139136138044,0.3765297369460593,0.09,0.08756544677060778,1.741749931202089,1.3,16.822125649139746,37012457.34333489,1.0559578674063324,3.0748616539068427,0.8857160427217972,0.8857160427217972,NONE,DIAGNOSTIC_ONLY,False,100,0.09121637957767925,HJB_NONCONVERGED_DIAGNOSTIC_ONLY,True,True,CONTINUED_TO_HOUSEHOLD_BATCH
1,20,海南,14673330.466888333,220138.77286586814,14673330.466888333,14673330.466888333,14893469.2397542,1.0150026453341747,0.015002645334174865,1.0,1.0,98200.0,5444789.468952013,55.44592127242376,5346589.468952013,18,广东,510232.1270710133,0.09371016638577585,7.303231148085635,4.677009356382602,0.6719519175622154,9.624496213804226,0.6793179797161198,0.09,0.08665876897535335,0.6836243456111722,0.8,16.244721014420247,14211726.680509254,1.2419605594280527,0.08821272614967157,1.8940327612171899,1.8940327612171899,NONE,DIAGNOSTIC_ONLY,True,14,2.552571487512978e-10,HJB_CONVERGED,True,True,CONTINUED_TO_HOUSEHOLD_BATCH
1,21,重庆,50663834.63130832,216359.9804037753,50663834.63130832,50663834.63130832,50880194.61171209,1.0042705014726634,0.004270501472663364,1.0,1.0,316300.0,5490979.341466264,17.360035856674877,5174679.341466264,18,广东,496956.0526038305,0.0905040834612078,9.159777527916054,-1.3755606590391674,0.611896262914012,11.090223919296262,0.6456604922512077,0.09,0.08592885327235546,2.205137332708963,1.3,18.070548844406634,45734122.21097686,1.6103797622666287,2.0887140190991555,1.1184189121663484,1.1184189121663484,NONE,DIAGNOSTIC_ONLY,False,100,0.003659066625460339,HJB_NONCONVERGED_DIAGNOSTIC_ONLY,True,True,CONTINUED_TO_HOUSEHOLD_BATCH
1,22,四川,94830047.41899477,218811.9919490324,94830047.41899477,94830047.41899477,95048859.4109438,1.002307412027142,0.0023074120271419757,1.0,1.0,832100.0,5514254.106213979,6.626912758339118,4682154.106213979,18,广东,496924.3591353019,0.09011633297336095,7.2908242225365285,4.685103998700219,0.6610673011765601,10.305289953203566,0.53038743531216,0.09,0.08906225625677495,3.3969577810447222,1.3,17.717335154425694,70521859.5062391,1.5639154818692091,4.74564619742096,0.6437857239211857,0.6437857239211857,NONE,DIAGNOSTIC_ONLY,False,100,0.048200291036978093,HJB_NONCONVERGED_DIAGNOSTIC_ONLY,True,True,CONTINUED_TO_HOUSEHOLD_BATCH
1,23,贵州,39447014.665611394,220817.3900588127,39447014.665611394,39447014.665611394,39667832.05567021,1.0055978225964795,0.005597822596479374,1.0,1.0,382200.0,5557556.027761952,14.540962919314369,5175356.027761952,18,广东,508769.4318814927,0.09154553356547554,8.83148568101891,-1.6585838799270098,0.6989442113415443,11.529331410685097,0.5568032564595597,0.09,0.08979022758512188,1.4735494967216116,1.3,17.471672154406804,31079821.189676784,1.3109652918730739,1.379213204360298,1.0243220429406756,1.0243220429406756,NONE,DIAGNOSTIC_ONLY,False,100,0.3037203268799673,HJB_NONCONVERGED_DIAGNOSTIC_ONLY,True,True,CONTINUED_TO_HOUSEHOLD_BATCH
1,24,云南,68611984.86091176,216819.99749969383,68611984.86091176,68611984.86091176,68828804.85841145,1.003160089275062,0.0031600892750621497,1.0,1.0,470300.0,5477532.799242988,11.646890919079286,5007232.799242988,18,广东,501735.96164750465,0.09159889680931643,7.298893940387087,4.6797808922749695,0.6688141419340898,9.841130274913418,0.39943021811127416,0.09,0.08689848117056337,1.892454745747374,1.3,16.690391966376946,39810830.08270828,1.1223138132516461,3.188552728698329,0.9065941631326819,0.9065941631326819,NONE,DIAGNOSTIC_ONLY,True,60,1.4832668426834061e-10,HJB_CONVERGED,True,True,CONTINUED_TO_HOUSEHOLD_BATCH
1,25,西藏,6325734.326183821,220547.75222275045,6325734.326183821,6325734.326183821,6546282.078406571,1.034865162027094,0.03486516202709419,1.0,1.0,35400.0,5315038.756682897,150.14233775940386,5279638.756682897,18,广东,478017.2683040995,0.08993674179761371,7.31845662773239,4.6689918736931,0.6830850909393061,8.975804814394353,0.6340561567441068,0.09,0.08467093143392833,0.2880346033509874,0.8,14.871770683578495,5900763.469032733,0.9519473348738489,0.5894490847518554,2.8108779831004473,2.8108779831004473,NONE,DIAGNOSTIC_ONLY,True,13,7.219969511140789e-09,HJB_CONVERGED,True,True,CONTINUED_TO_HOUSEHOLD_BATCH
1,26,陕西,73897910.2910824,214247.64263451993,73897910.2910824,73897910.2910824,74112157.93371692,1.0028992381758917,0.002899238175891615,1.0,1.0,393100.0,5532406.706444514,14.07378963735567,5139306.706444514,18,广东,493166.07533174334,0.08914132700281611,7.281527789393527,4.692207800627235,0.6596879759364712,10.761561272316895,0.4510979008243736,0.09,0.08403899067870337,2.26310962082166,1.3,18.430975272573402,47958154.54420163,1.276834793819483,3.4653356044477697,1.0031056242070022,1.0031056242070022,NONE,DIAGNOSTIC_ONLY,True,77,7.931090162394128e-08,HJB_CONVERGED,True,True,CONTINUED_TO_HOUSEHOLD_BATCH
1,27,甘肃,25177704.67938732,221102.57076200092,25177704.67938732,25177704.67938732,25398807.25014932,1.008781680998229,0.008781680998229156,1.0,1.0,251500.0,5575605.388728504,22.169405124169003,5324105.388728504,18,广东,495335.39518278284,0.08883975113879826,9.106801584198516,1.6350134235841134,0.6285098446598826,9.866403756778285,0.5072646347947438,0.09,0.09,0.8603652657711464,0.8603652657711464,17.49933815729084,18364057.517595366,1.0755387353608545,0.5184484003294587,1.2660205966850566,1.2660205966850566,NONE,DIAGNOSTIC_ONLY,False,100,0.03481466673150879,HJB_NONCONVERGED_DIAGNOSTIC_ONLY,True,True,CONTINUED_TO_HOUSEHOLD_BATCH
1,28,青海,17578407.529567722,218773.0748187012,17578407.529567722,17578407.529567722,17797180.604386423,1.012445557110376,0.012445557110376149,1.0,1.0,58700.0,5410867.211674127,92.17831706429517,5352167.211674127,18,广东,480687.5533908698,0.0888374330003461,7.304725655419864,4.686549948212361,0.6796360768994074,9.934963489707254,0.3435945824084818,0.09,0.07491839929988998,0.42815703921223774,0.8,16.341381100330132,9068381.105795974,0.695994950573659,0.09638497910208121,2.299993124379903,2.299993124379903,NONE,DIAGNOSTIC_ONLY,True,24,2.1059358923380955e-08,HJB_CONVERGED,True,True,CONTINUED_TO_HOUSEHOLD_BATCH
1,29,宁夏,18640640.44456374,218812.72691434613,18640640.44456374,18640640.44456374,18859453.171478085,1.0117384768814721,0.011738476881472146,1.0,1.0,71000.0,5521129.416311342,77.76238614523017,5450129.416311342,18,广东,488647.94555216195,0.0885050700149367,7.285682600625785,4.6921345569783774,0.6664112088220404,10.603197572536327,0.39970537217955704,0.09,0.07895728546418417,0.5146042590858756,0.8,17.874582154052934,11073292.63588804,0.8099810971474289,0.1386229005826647,2.1546044772058686,2.1546044772058686,NONE,DIAGNOSTIC_ONLY,True,17,4.1642446380052434e-08,HJB_CONVERGED,True,True,CONTINUED_TO_HOUSEHOLD_BATCH
1,30,新疆,49250553.031937115,216302.2451244356,49250553.031937115,49250553.031937115,49466855.27706155,1.004391874442185,0.004391874442184879,1.0,1.0,252000.0,5195532.447166978,20.61719225066261,4943532.447166978,18,广东,454890.66899377154,0.08755419653702952,7.332415397221242,4.662450092298817,0.6920831016421801,8.473864689869005,0.39364490766640264,0.09,0.08353213126422437,1.4143731983832535,1.3,13.837477514705718,28388224.428112913,1.0354932829952574,2.173678911005862,1.2162025097282396,1.2162025097282396,NONE,DIAGNOSTIC_ONLY,True,15,6.1155787101085934e-09,HJB_CONVERGED,True,True,CONTINUED_TO_HOUSEHOLD_BATCH
2,0,北京,58719043.066994764,209643.7936077197,58719043.066994764,58719043.066994764,58928686.86060248,1.0035702862760985,0.0035702862760983558,1.0,1.0,219200.0,5606102.208017907,25.57528379570213,5386902.208017907,18,广东,497628.3801833705,0.08876548477329883,8.878102146190724,1.8154688098337486,0.6329021894320361,10.001717473730794,1.0926887388332076,0.09,0.07859282907432666,4.168891497214397,1.3,17.30638676358209,77582875.86736792,2.437920774687262,0.35000812810979887,0.011344318106641271,1.3434687327785877,NONE,DIAGNOSTIC_ONLY,True,91,4.2031300662159765e-09,HJB_CONVERGED,True,True,CONTINUED_TO_HOUSEHOLD_BATCH
2,1,天津,64593598.72309723,208463.9816961615,64593598.72309723,64593598.72309723,64802062.704793386,1.00322731641861,0.0032273164186100603,1.0,1.0,138300.0,5741664.8627987085,41.51601491539196,5603364.8627987085,18,广东,509806.13036433555,0.08879064566576539,7.2866149090694154,4.693864601687219,0.6803731416593248,10.5867747874173,0.39224803642466644,0.09,0.06490365475420734,1.6710107995734245,1.3,17.201325066753405,35543001.33040295,1.034748432816036,0.3509140163891633,0.014465259371241102,1.6598269335550628,NONE,DIAGNOSTIC_ONLY,True,21,7.353862407910583e-09,HJB_CONVERGED,True,True,CONTINUED_TO_HOUSEHOLD_BATCH
2,2,河北,113705229.18254791,210716.22294173195,113705229.18254791,113705229.18254791,113915945.40548964,1.0018531797038412,0.0018531797038413937,1.0,1.0,742600.0,5693304.294919857,7.66671733762437,4950704.294919857,18,广东,507233.5327661081,0.0890929952960205,7.294566523114763,4.682827873138589,0.6663458046647098,10.061724891651844,0.34279772597206004,0.09,0.08640803056619092,2.6113382277864137,1.3,17.11516069830844,55473974.30421777,1.067338636199028,0.4876726607002646,0.005270612461017787,0.7071751707735368,NONE,DIAGNOSTIC_ONLY,True,45,3.451128272047299e-11,HJB_CONVERGED,True,True,CONTINUED_TO_HOUSEHOLD_BATCH
2,3,山西,53478727.38884524,214168.68720401527,53478727.38884524,53478727.38884524,53692896.07604926,1.0040047453943097,0.004004745394309574,1.0,1.0,350200.0,5775446.988057625,16.491853192626,5425246.988057625,18,广东,514289.2134661334,0.08904751693324729,8.710732656576383,-0.08009419300610399,0.6570959934271989,10.85352146316913,0.4529569465734785,0.09,0.08643576394514026,1.5767177983907252,1.3,17.151039727677517,33348217.031225607,1.1136984900932783,0.33152878874005665,0.009388471387987707,1.0897360607607176,NONE,DIAGNOSTIC_ONLY,False,100,0.523618440634219,HJB_NONCONVERGED_DIAGNOSTIC_ONLY,True,True,CONTINUED_TO_HOUSEHOLD_BATCH
2,4,内蒙古,82165502.99427319,207014.4990875907,82165502.99427319,82165502.99427319,82372517.49336077,1.0025194819181233,0.002519481918123465,1.0,1.0,242200.0,5693636.79999275,23.50799669691474,5451436.79999275,18,广东,503947.9329885674,0.08851072709611703,7.302836426317273,4.689062748088885,0.6788671482124866,10.09561252631132,0.3117533684390291,0.09,0.07370607384987489,1.7287750751991755,1.3,16.59918923622369,36971015.19933829,0.9036347315500086,0.40907613459439074,0.01145349689180808,1.2905317703793049,NONE,DIAGNOSTIC_ONLY,True,26,1.6459769547338965e-08,HJB_CONVERGED,True,True,CONTINUED_TO_HOUSEHOLD_BATCH
2,5,辽宁,90061052.78222083,209161.58510506136,90061052.78222083,90061052.78222083,90270214.36732589,1.002322442150558,0.002322442150558032,1.0,1.0,429100.0,5612484.683253953,13.07966600618493,5183384.683253953,18,广东,496986.2654539725,0.08855013305191499,7.306963735805002,4.677258306864372,0.6773940447817506,9.507540046230034,0.3625512473583824,0.09,0.08254889155973023,2.2118333829386336,1.3,15.841377518571127,46179467.41831228,1.0589248653382726,0.4415167252411245,0.008214401284613482,0.964206095927874,NONE,DIAGNOSTIC_ONLY,True,40,9.16330693545575e-08,HJB_CONVERGED,True,True,CONTINUED_TO_HOUSEHOLD_BATCH
2,6,吉林,66308917.7271201,210277.8346156993,66308917.7271201,66308917.7271201,66519195.5617358,1.0031711848394367,0.003171184839436709,1.0,1.0,248400.0,5555757.3373536905,22.366172855691186,5307357.3373536905,18,广东,488900.75845504773,0.08799894033671388,7.316943884774787,4.675954751241759,0.6853674802483533,9.239794000598193,0.25947081967547936,0.09,0.0786566974876448,1.2085800154448576,1.2085800154448576,15.141457933948784,25455426.671397436,0.7331983987589327,0.39793700614394245,0.006498232846418706,1.2619405597573654,NONE,DIAGNOSTIC_ONLY,True,28,1.219184753153968e-10,HJB_CONVERGED,True,True,CONTINUED_TO_HOUSEHOLD_BATCH
2,7,黑龙江,58424879.89838116,213523.9618487326,58424879.89838116,58424879.89838116,58638403.860229895,1.003654675238017,0.003654675238017031,1.0,1.0,332700.0,5533712.525284858,16.63273978143931,5201012.525284858,18,广东,484411.44775422453,0.08753823866722973,7.329768637566667,4.662477092114119,0.689778652342403,8.532051883793716,0.3197954199495028,0.09,0.08488059053640952,1.2964656039607247,1.2964656039607247,14.003746534235484,26898746.348354086,0.8512301435859188,0.363847969971516,0.00857019188177488,1.0938579650764089,NONE,DIAGNOSTIC_ONLY,True,13,1.0546550299750379e-08,HJB_CONVERGED,True,True,CONTINUED_TO_HOUSEHOLD_BATCH
2,8,上海,66125294.30800852,210322.60733643707,66125294.30800852,66125294.30800852,66335616.91534496,1.0031806679960737,0.0031806679960736995,1.0,1.0,247500.0,5611133.497319086,22.67124645381449,5363633.497319086,18,广东,509521.5219905052,0.0908054535209235,7.293760276945228,4.687883684948946,0.6716214401824296,10.221722966764057,1.0093268012487768,0.09,0.0786410648427616,4.338982651789085,1.3,17.093256200170117,81746662.43318179,2.353254580746131,0.3760294021146653,0.010804647889427255,1.2699965687130828,NONE,DIAGNOSTIC_ONLY,True,15,8.856011479707604e-08,HJB_CONVERGED,True,True,CONTINUED_TO_HOUSEHOLD_BATCH
2,9,江苏,203535217.25929242,194899.8793978522,203535217.25929242,203535217.25929242,203730117.13869026,1.0009575732495941,0.0009575732495942494,1.0,1.0,844600.0,5549092.698161031,6.570083706086942,4704492.698161031,18,广东,500589.66694298584,0.09021108389645054,7.291095862451348,4.687968516464513,0.6688658310741346,10.294210089797176,0.5637360869559419,0.09,0.08042908909180554,7.669867767976931,1.3,17.322003750327582,152716134.71670136,1.9260565786278652,0.5516641232124766,0.005094361443341855,0.6384515288098971,NONE,DIAGNOSTIC_ONLY,True,16,6.087632620221939e-10,HJB_CONVERGED,True,True,CONTINUED_TO_HOUSEHOLD_BATCH
2,10,浙江,124249656.20818298,206326.37397699032,124249656.20818298,124249656.20818298,124455982.58215997,1.0016605790331627,0.0016605790331627641,1.0,1.0,627300.0,5591084.023950462,8.91293483811647,4963784.023950462,18,广东,508971.73136575957,0.09103274591930352,7.2940274782926435,4.684416695422175,0.6686219725276932,10.097253715545163,0.6320328723566686,0.09,0.08335304818599189,5.18968289494769,1.3,17.056731739139536,102990466.91575107,1.865111818631329,0.4955363178295835,0.006358991490972077,0.775611986244648,NONE,DIAGNOSTIC_ONLY,True,14,5.2678312822962425e-09,HJB_CONVERGED,True,True,CONTINUED_TO_HOUSEHOLD_BATCH
2,11,安徽,70182433.35888097,216208.5743633005,70182433.35888097,70182433.35888097,70398641.93324427,1.00308066511826,0.003080665118259842,1.0,1.0,607600.0,5702289.631168382,9.384940143463433,5094689.631168382,18,广东,517254.28418264055,0.09070992840408505,9.149755911167238,-0.9696515794481817,0.6196408117332461,10.975802632034135,0.6703966883993964,0.09,0.08895777765800762,3.04636257681302,1.3,17.311000688618247,61275920.39077438,1.681124916844091,0.4041347320375226,0.006442052469027626,0.8016553631563521,NONE,DIAGNOSTIC_ONLY,False,100,0.009406184163712084,HJB_NONCONVERGED_DIAGNOSTIC_ONLY,True,True,CONTINUED_TO_HOUSEHOLD_BATCH
2,12,福建,87795538.11850408,209251.49347332172,87795538.11850408,87795538.11850408,88004789.6119774,1.0023833955341885,0.0023833955341885328,1.0,1.0,410400.0,5611575.582891568,13.67342978287419,5201175.582891568,18,广东,521003.6832806268,0.09284445617538323,7.297882770688165,4.682728158304141,0.6718950464096565,9.926675164352245,0.6725986785597552,0.09,0.08227353131506258,3.8820498322189048,1.3,16.66713691747199,76883003.83192173,1.7964378516260697,0.43614107063806884,0.008507181767278604,0.9872674029518795,NONE,DIAGNOSTIC_ONLY,True,15,6.60716010791873e-08,HJB_CONVERGED,True,True,CONTINUED_TO_HOUSEHOLD_BATCH
2,13,江西,51050047.92908307,217051.76573566734,51050047.92908307,51050047.92908307,51267099.69481874,1.0042517446024182,0.0042517446024181605,1.0,1.0,451300.0,5745836.438601059,12.731744822958252,5294536.438601059,18,广东,528311.6108383009,0.09194685864864771,9.311250580877354,-0.7009044769475191,0.6124679563206026,10.536771749966348,0.6653975516243156,0.09,0.08911960456738838,2.1858416499148703,1.3,17.07479340687444,44368862.88850336,1.5352442633792756,0.32756921230945846,0.008041358517142383,0.9531557629257745,NONE,DIAGNOSTIC_ONLY,True,87,2.532176690550614e-10,HJB_CONVERGED,True,True,CONTINUED_TO_HOUSEHOLD_BATCH
2,14,山东,210016973.07581103,196855.81715657498,210016973.07581103,210016973.07581103,210213828.8929676,1.000937332893973,0.0009373328939728828,1.0,1.0,1007700.0,5603493.4381359825,5.560676231156081,4595793.4381359825,18,广东,499974.78667249344,0.08922555048780631,7.291257980108188,4.686500323606209,0.6673678226719221,10.244769310386534,0.3512678825412966,0.09,0.08264908560515918,5.008798132651262,1.3,17.322847925693786,104531398.95511524,1.2849276420428595,0.5601778064628193,0.003879639720673733,0.5683889599845646,NONE,DIAGNOSTIC_ONLY,True,14,7.131677914884449e-09,HJB_CONVERGED,True,True,CONTINUED_TO_HOUSEHOLD_BATCH
2,15,河南,168320556.01470312,204717.9102089005,168320556.01470312,168320556.01470312,168525273.92491204,1.0012162383196443,0.0012162383196442032,1.0,1.0,986400.0,5665606.752293336,5.743721362827794,4679206.752293336,18,广东,509106.90850289236,0.0898592032171691,7.290927522606175,4.685602591635108,0.6650107477816866,10.247101114161385,0.3282138294457578,0.09,0.08521809867670735,3.7281233957801976,1.3,17.439334658735277,79002324.87509389,1.139914115532732,0.5403280640756829,0.0038529101346476136,0.5820747172894429,NONE,DIAGNOSTIC_ONLY,False,100,0.008846181865201252,HJB_NONCONVERGED_DIAGNOSTIC_ONLY,True,True,CONTINUED_TO_HOUSEHOLD_BATCH
2,16,湖北,101805153.6623069,210083.5719353809,101805153.6623069,101805153.6623069,102015237.23424229,1.0020635848420036,0.0020635848420035713,1.0,1.0,591700.0,5672539.659711123,9.586850869885286,5080839.659711123,18,广东,517634.94798041764,0.09125276843049493,7.290441093499848,4.685954596547945,0.6647736009241898,10.272537789925687,0.5599216054419173,0.09,0.0851220223749261,3.7326659988728355,1.3,17.486607904100637,76075432.48735164,1.5894323920714784,0.46593309163473307,0.006669866883356912,0.8103715312777031,NONE,DIAGNOSTIC_ONLY,True,60,1.200452293126375e-08,HJB_CONVERGED,True,True,CONTINUED_TO_HOUSEHOLD_BATCH
2,17,湖南,93791807.14892803,211724.64365144906,93791807.14892803,93791807.14892803,94003531.79257949,1.002257389532065,0.002257389532064997,1.0,1.0,663500.0,5685657.378067333,8.569189718262749,5022157.378067333,18,广东,524871.1748134962,0.0923149496904631,9.13947578108494,-1.304106718776342,0.6346845777421901,10.34752108459574,0.5029144813238757,0.09,0.0872058027276669,3.0971413418487486,1.3,17.122435608469285,63874454.23947422,1.4167063570694212,0.4568137929400513,0.005950459176942813,0.7581883208359612,NONE,DIAGNOSTIC_ONLY,True,72,7.948841584948241e-11,HJB_CONVERGED,True,True,CONTINUED_TO_HOUSEHOLD_BATCH
2,18,广东,191259406.86816654,205079.39838219952,191259406.86816654,191259406.86816654,191464486.26654872,1.001072257839446,0.0010722578394460826,1.0,1.0,1234800.0,5500329.26009096,4.4544292679713,4265529.26009096,18,广东,520108.29251022474,0.09455948324475826,7.3026958541920015,4.677517919557623,0.6719113951723111,9.651406005678448,0.5844302031833246,0.09,0.086287673370157,7.527616426131876,1.3,16.283783911742614,147920395.7617682,1.9575836150085797,0.5583471548687573,0.003129525491069707,0.48001500584088275,NONE,DIAGNOSTIC_ONLY,True,14,2.8149260700160994e-10,HJB_CONVERGED,True,True,CONTINUED_TO_HOUSEHOLD_BATCH
2,19,广西,67306708.83876626,214999.7158126213,67306708.83876626,67306708.83876626,67521708.55457889,1.0031943281661218,0.003194328166121668,1.0,1.0,494700.0,5682579.148860749,11.486919645968767,5187879.148860749,18,广东,533183.5731300527,0.09382774250261802,7.308364609410821,4.6732974958856275,0.6745252004411657,9.381063987256676,0.3959234198423419,0.09,0.08756544677060778,1.7747410076126127,1.3,15.792915878524447,37287881.04405698,1.0559578674063324,0.39221745874474356,0.00744137840314707,0.8997483693565749,NONE,DIAGNOSTIC_ONLY,True,13,3.562171047022389e-08,HJB_CONVERGED,True,True,CONTINUED_TO_HOUSEHOLD_BATCH
2,20,海南,14673330.466888333,217576.12901944143,14673330.466888333,14673330.466888333,14890906.595907774,1.014827998967952,0.014827998967952177,1.0,1.0,98200.0,5242790.700384548,53.388907335891524,5144590.700384548,18,广东,492749.1138111029,0.09398603567656454,7.314167073548816,4.670115867811294,0.6790012170023729,9.125396834072184,0.7374113948767607,0.09,0.08665876897535335,0.7683904563855875,0.8,15.246999014607464,14069917.879213065,1.2419605594280527,0.00033565977771798927,0.00997829500131564,1.8651552485822926,NONE,DIAGNOSTIC_ONLY,True,13,1.769531143835934e-08,HJB_CONVERGED,True,True,CONTINUED_TO_HOUSEHOLD_BATCH
2,21,重庆,50663834.63130832,214763.84005236413,50663834.63130832,50663834.63130832,50878598.47136068,1.0042389969416103,0.004238996941610264,1.0,1.0,316300.0,5705045.118149599,18.036816687162815,5388745.118149599,18,广东,522221.1128617208,0.09153671917516762,7.295872586265313,4.682100055163707,0.6676879645456185,9.99092616876362,0.7030983495077296,0.09,0.08592885327235546,2.3040933326211905,1.3,16.952179950384433,46193446.026941635,1.6103797622666287,0.3193182884721697,0.010043350429813858,1.13969493565838,NONE,DIAGNOSTIC_ONLY,True,14,9.705120485037355e-09,HJB_CONVERGED,True,True,CONTINUED_TO_HOUSEHOLD_BATCH
2,22,四川,94830047.41899477,216520.55369854535,94830047.41899477,94830047.41899477,95046567.97269331,1.002283248396385,0.002283248396385127,1.0,1.0,832100.0,5614030.758828944,6.746822207461776,4781930.758828944,18,广东,511622.27067991067,0.09113278723585624,6.432180895902976,3.807663706851483,0.6360743754014937,9.106793054534528,0.5601269677749195,0.09,0.08906225625677495,3.51516512626845,1.3,16.580803537390157,70852594.0317312,1.5639154818692091,0.46681196122787094,0.00468981572249727,0.6514947760536478,NONE,DIAGNOSTIC_ONLY,False,100,0.37825878723068573,HJB_NONCONVERGED_DIAGNOSTIC_ONLY,True,True,CONTINUED_TO_HOUSEHOLD_BATCH
2,23,贵州,39447014.665611394,218246.4391292801,39447014.665611394,39447014.665611394,39665261.10474067,1.0055326478056534,0.005532647805653596,1.0,1.0,382200.0,5748552.5898117125,15.040692281035355,5366352.5898117125,18,广东,531023.2977491855,0.09237513086169376,9.13343277342126,-0.35550317879415266,0.6178410397100828,10.462173452774126,0.5985501070756042,0.09,0.08979022758512188,1.526712042679694,1.3,16.397056323976738,31354589.399048142,1.3109652918730739,0.2585385785886405,0.008840726839915769,1.0422185211583344,NONE,DIAGNOSTIC_ONLY,True,77,3.059095243784782e-08,HJB_CONVERGED,True,True,CONTINUED_TO_HOUSEHOLD_BATCH
2,24,云南,68611984.86091176,214252.22804873137,68611984.86091176,68611984.86091176,68826237.08896048,1.0031226647718041,0.0031226647718041872,1.0,1.0,470300.0,5641251.014572574,11.995005346741598,5170951.014572574,18,广东,522132.88573375123,0.09255622279259845,7.310089313693379,4.6725157736906775,0.676209941682279,9.303897120761174,0.42125708901273884,0.09,0.08689848117056337,1.9319580596928292,1.3,15.612380386920279,40117990.173609845,1.1223138132516461,0.3960379908935905,0.007715490741173614,0.9213044727455075,NONE,DIAGNOSTIC_ONLY,True,13,2.2948782429921266e-08,HJB_CONVERGED,True,True,CONTINUED_TO_HOUSEHOLD_BATCH
2,25,西藏,6325734.326183821,217985.42972864624,6325734.326183821,6325734.326183821,6543719.755912467,1.034460098778785,0.03446009877878513,1.0,1.0,35400.0,5175020.827177829,146.18702901632287,5139620.827177829,18,广东,463406.8758754173,0.0895468620032847,7.333254605355775,4.660795526085194,0.6919581131482008,8.410403365192675,0.6913351135767052,0.09,0.08467093143392833,0.32141252336497067,0.8,13.756751470664499,5857955.748640319,0.9519473348738489,0.3478662881205682,0.007254607071960906,2.7832315607338667,NONE,DIAGNOSTIC_ONLY,True,13,9.474815598764508e-09,HJB_CONVERGED,True,True,CONTINUED_TO_HOUSEHOLD_BATCH
2,26,陕西,73897910.2910824,211676.87630924044,73897910.2910824,73897910.2910824,74109587.16739164,1.0028644500971062,0.002864450097106257,1.0,1.0,393100.0,5722411.116340101,14.557138428746123,5329311.116340101,18,广东,515898.95702871843,0.0901541232428392,7.291688764659767,4.685558077326325,0.6665431305135819,10.209578246564645,0.4798043754673319,0.09,0.08403899067870337,2.3198099848700373,1.3,17.31273149552786,48382932.21568714,1.276834793819483,0.4019611962479883,0.008857256404518399,1.0208476443259364,NONE,DIAGNOSTIC_ONLY,True,14,5.923534107665773e-08,HJB_CONVERGED,True,True,CONTINUED_TO_HOUSEHOLD_BATCH
2,27,甘肃,25177704.67938732,218541.3701154045,25177704.67938732,25177704.67938732,25396246.049502723,1.0086799560523212,0.00867995605232123,1.0,1.0,251500.0,5348340.812813408,21.26576863941713,5096840.812813408,18,广东,477574.95443097263,0.08929403924424781,8.90658402214377,2.098916310472824,0.6451612432524709,9.160399694842072,0.5339421086665928,0.09,0.09,0.9417838646583736,0.9417838646583736,16.33735670810873,18163640.670356523,1.0755387353608545,0.20726784973113133,0.01091353841855558,1.2412902938458958,NONE,DIAGNOSTIC_ONLY,False,100,0.00994821972736748,HJB_NONCONVERGED_DIAGNOSTIC_ONLY,True,True,CONTINUED_TO_HOUSEHOLD_BATCH
2,28,青海,17578407.529567722,216206.97360130463,17578407.529567722,17578407.529567722,17794614.503169026,1.0122995768096532,0.012299576809653216,1.0,1.0,58700.0,5245389.292241406,89.35927244022838,5186689.292241406,18,广东,465503.55325379205,0.08874528225051488,7.3200926387163765,4.679705514787801,0.6881878060274915,9.343422016714156,0.3576541690969663,0.09,0.07491839929988998,0.46062899581654765,0.8,15.173725170557072,8993953.764415942,0.695994950573659,0.06898920384677543,0.008207345998335058,2.2729089390159904,NONE,DIAGNOSTIC_ONLY,True,27,3.0514043292129145e-08,HJB_CONVERGED,True,True,CONTINUED_TO_HOUSEHOLD_BATCH
2,29,宁夏,18640640.44456374,216247.75720080044,18640640.44456374,18640640.44456374,18856888.20176454,1.0116008759379223,0.011600875937922285,1.0,1.0,71000.0,5343239.885806359,75.25689980008957,5272239.885806359,18,广东,473176.9139091841,0.08855618014944804,7.297674783202411,4.685484977276448,0.6738380526881865,10.030096540965241,0.4207000468122886,0.09,0.07895728546418417,0.5581385221267601,0.8,16.724633199276276,10977615.647795938,0.8099810971474289,0.08604038844684392,0.00864033772412165,2.1273476291367834,NONE,DIAGNOSTIC_ONLY,False,100,0.029104115992007573,HJB_NONCONVERGED_DIAGNOSTIC_ONLY,True,True,CONTINUED_TO_HOUSEHOLD_BATCH
2,30,新疆,49250553.031937115,213731.18902096897,49250553.031937115,49250553.031937115,49464284.220958084,1.004339670843541,0.004339670843541034,1.0,1.0,252000.0,5414831.6157375155,21.48742704657744,5162831.6157375155,18,广东,478399.7474591867,0.08834988443016012,7.347469439208815,4.654797666938499,0.7006603399203779,7.9666384166672986,0.41865633814169795,0.09,0.08353213126422437,1.4380945081130652,1.3,12.847557579922247,28696178.48939951,1.0354932829952574,0.3214902440355911,0.010847950778549942,1.2402437654690703,NONE,DIAGNOSTIC_ONLY,True,24,1.9169332787782878e-10,HJB_CONVERGED,True,True,CONTINUED_TO_HOUSEHOLD_BATCH
3,0,北京,58719043.066994764,209516.56609469492,58719043.066994764,58719043.066994764,58928559.63308946,1.0035681195597084,0.0035681195597082466,1.0,1.0,219200.0,5603965.857963769,25.565537673192377,5384765.857963769,18,广东,494477.24325408443,0.0882370192443955,7.292853019165503,4.68841989235334,0.6710910647793004,10.265983670426737,1.1175754857616755,0.09,0.07859417868868851,4.263332566906659,1.3,17.179701277754127,77575007.91558002,2.437920774687262,0.11612762041750258,0.00010141351039050228,1.3432310733879063,NONE,DIAGNOSTIC_ONLY,True,34,5.067637420808069e-10,HJB_CONVERGED,True,True,CONTINUED_TO_HOUSEHOLD_BATCH
3,1,天津,64593598.72309723,206745.45022943142,64593598.72309723,64593598.72309723,64800344.173326656,1.0032007111279821,0.003200711127982158,1.0,1.0,138300.0,5740932.530848803,41.510719673527134,5602632.530848803,18,广东,506592.26411680493,0.08824215602511265,7.288478639419427,4.692222863948098,0.6819520214069749,10.453156239274572,0.39432676819272167,0.09,0.06490660663385923,1.6795054639339315,1.3,16.944972893569748,35541118.24991427,1.034748432816036,0.1160648363778336,5.298034544609642e-05,1.6596860150052963,NONE,DIAGNOSTIC_ONLY,True,21,7.139486779550452e-10,HJB_CONVERGED,True,True,CONTINUED_TO_HOUSEHOLD_BATCH
3,2,河北,113705229.18254791,206967.9787258962,113705229.18254791,113705229.18254791,113912197.1612738,1.0018202151318267,0.0018202151318266965,1.0,1.0,742600.0,5688456.37376517,7.660189030117384,4945856.37376517,18,广东,503756.5084604483,0.08855768162057884,9.189058265236117,-1.4356522349057594,0.6250710579423332,10.59601275078989,0.34367480595785677,0.09,0.08640845698536795,2.619710023726557,1.3,17.350584802753236,55460251.86714569,1.067338636199028,0.1518546947775936,0.0002473671166379754,0.7067528717739466,NONE,DIAGNOSTIC_ONLY,False,100,0.0031139951231156093,HJB_NONCONVERGED_DIAGNOSTIC_ONLY,True,True,CONTINUED_TO_HOUSEHOLD_BATCH
3,3,山西,53478727.38884524,213163.9157359683,53478727.38884524,53478727.38884524,53691891.30458121,1.0039859571486442,0.0039859571486443165,1.0,1.0,350200.0,5772329.952871034,16.482952463937846,5422129.952871034,18,广东,510876.1177236169,0.08850431660953789,7.29400054925487,4.683202611339292,0.6659338715742545,10.091749043559524,0.4553490336098447,0.09,0.08643618707707713,1.5854349956406353,1.3,17.17698183102949,33343041.710320935,1.1136984900932783,0.11118832629771402,0.0001551903329591875,1.0894117539256514,NONE,DIAGNOSTIC_ONLY,True,27,4.122475694146033e-10,HJB_CONVERGED,True,True,CONTINUED_TO_HOUSEHOLD_BATCH
3,4,内蒙古,82165502.99427319,205297.09106676406,82165502.99427319,82165502.99427319,82370800.08533995,1.00249858010461,0.0024985801046099963,1.0,1.0,242200.0,5691337.096016739,23.498501635081496,5449137.096016739,18,广东,500681.515025074,0.08797256366618869,7.30375766544174,4.688649422723322,0.679383445485231,10.057902753836059,0.31277831874527473,0.09,0.07370799758098931,1.7347013206896633,1.3,16.52446058170245,36966534.72596446,0.9036347315500086,0.131816612321481,0.00012118881100975365,1.2902541835574728,NONE,DIAGNOSTIC_ONLY,True,27,9.748083229510485e-09,HJB_CONVERGED,True,True,CONTINUED_TO_HOUSEHOLD_BATCH
3,5,辽宁,90061052.78222083,207446.77321621394,90061052.78222083,90061052.78222083,90268499.55543704,1.0023034016015542,0.0023034016015540796,1.0,1.0,429100.0,5609151.132752963,13.071897303083112,5180051.132752963,18,广东,493679.41317884624,0.0880132129612541,7.306074074032319,4.677764560013377,0.6768423245521763,9.54657495204528,0.36381313439757756,0.09,0.08254977463162953,2.220311834079151,1.3,15.919230941649959,46171634.78293825,1.0589248653382726,0.140275582316983,0.0001696129429792359,0.963872941151326,NONE,DIAGNOSTIC_ONLY,True,31,1.0303491393415243e-10,HJB_CONVERGED,True,True,CONTINUED_TO_HOUSEHOLD_BATCH
3,6,吉林,66308917.7271201,208561.17485421064,66308917.7271201,66308917.7271201,66517478.90197431,1.0031452960175358,0.003145296017535661,1.0,1.0,248400.0,5566309.922390696,22.408655082088146,5317909.922390696,18,广东,486836.1072481324,0.08746119314877086,7.317568865032364,4.675648459755735,0.6857257173486865,9.21576649670272,0.2602146511007552,0.09,0.07865803958255277,1.209411774626885,1.209411774626885,15.094130116845434,25467595.83213341,0.7331983987589327,0.12632657924979496,0.00047805762178199096,1.2630218976819747,NONE,DIAGNOSTIC_ONLY,True,25,6.999985657785146e-08,HJB_CONVERGED,True,True,CONTINUED_TO_HOUSEHOLD_BATCH
3,7,黑龙江,58424879.89838116,211808.26217187758,58424879.89838116,58424879.89838116,58636688.16055304,1.0036253093295233,0.0036253093295232665,1.0,1.0,332700.0,5543070.449991741,16.660866997270038,5210370.449991741,18,广东,482253.6313789091,0.08700117303752249,7.329397210836341,4.6626800773940085,0.6895575002335397,8.545813719331575,0.32095982570313636,0.09,0.08488119788079496,1.2986097788869784,1.2986097788869784,14.03084475200344,26910071.29257055,0.8512301435859188,0.11753742293422587,0.0004210212650730405,1.0947395238057487,NONE,DIAGNOSTIC_ONLY,True,13,1.0562871466390789e-08,HJB_CONVERGED,True,True,CONTINUED_TO_HOUSEHOLD_BATCH
3,8,上海,66125294.30800852,208605.35926359185,66125294.30800852,66125294.30800852,66333899.66727211,1.0031546983865496,0.003154698386549599,1.0,1.0,247500.0,5609319.490266638,22.663917132390456,5361819.490266638,18,广东,506273.5403953701,0.09025578615621063,7.294908769124316,4.687259851668918,0.6723235042463452,10.168331400688274,1.0293272646227272,0.09,0.0786424087781942,4.4242000325566675,1.3,16.98641883866499,81738178.22132881,2.353254580746131,0.12305723988688766,0.00010378664523358339,1.2697609733845243,NONE,DIAGNOSTIC_ONLY,True,13,2.3754017419719275e-08,HJB_CONVERGED,True,True,CONTINUED_TO_HOUSEHOLD_BATCH
3,9,江苏,203535217.25929242,193191.9671896479,203535217.25929242,203535217.25929242,203728409.22648206,1.0009491820127792,0.0009491820127793029,1.0,1.0,844600.0,5545060.941392914,6.565310136624336,4700460.941392914,18,广东,497158.22702364874,0.0896578472767448,7.288615775720679,4.689414914291117,0.6672914259730112,10.417145352682821,0.5669635876531325,0.09,0.08043022235196078,7.717457183732672,1.3,17.56936818671134,152686121.669502,1.9260565786278652,0.1666274118778579,0.000196528331829815,0.638129526664156,NONE,DIAGNOSTIC_ONLY,True,16,1.4232321987606156e-09,HJB_CONVERGED,True,True,CONTINUED_TO_HOUSEHOLD_BATCH
3,10,浙江,124249656.20818298,204613.17663297156,124249656.20818298,124249656.20818298,124454269.38481595,1.0016467906864075,0.0016467906864075163,1.0,1.0,627300.0,5587454.232148037,8.907148465085346,4960154.232148037,18,广东,505540.3553604354,0.09047776220729521,7.292381419909286,4.685440402657979,0.6675503056884508,10.179830343869265,0.6368567605545938,0.09,0.08335383622787247,5.23110930366611,1.3,17.223007287257506,102971904.78835544,1.865111818631329,0.15352048919544514,0.00018023151026991258,0.7752919650147139,NONE,DIAGNOSTIC_ONLY,True,14,1.659443205070943e-08,HJB_CONVERGED,True,True,CONTINUED_TO_HOUSEHOLD_BATCH
3,11,安徽,70182433.35888097,215056.31806861,70182433.35888097,70182433.35888097,70397489.67694958,1.0030642471025322,0.003064247102532197,1.0,1.0,607600.0,5698556.820464843,9.378796610376634,5090956.820464843,18,广东,513759.2803400861,0.0901560336285596,6.938805490546091,4.627794221651275,0.6311215626575029,9.376687096663806,0.6760865678329562,0.09,0.08895790152286001,3.073250074492751,1.3,17.478366873511785,61264672.08315778,1.681124916844091,0.13082750385260478,0.00018356815442122087,0.8013246366064344,NONE,DIAGNOSTIC_ONLY,False,100,0.2388886266642105,HJB_NONCONVERGED_DIAGNOSTIC_ONLY,True,True,CONTINUED_TO_HOUSEHOLD_BATCH
3,12,福建,87795538.11850408,207536.07175930188,87795538.11850408,87795538.11850408,88003074.19026338,1.0023638567085171,0.0023638567085171825,1.0,1.0,410400.0,5608808.37746701,13.666687079597978,5198408.37746701,18,广东,517579.8832182031,0.09227982993634505,7.297464677652518,4.682975088679207,0.6716293702608861,9.94648181935774,0.678985752471908,0.09,0.08227444691205953,3.9194495171217496,1.3,16.70687642006465,76871966.4160028,1.7964378516260697,0.13881199827995427,0.000143561195177333,0.986982108468375,NONE,DIAGNOSTIC_ONLY,True,15,5.991117268955293e-08,HJB_CONVERGED,True,True,CONTINUED_TO_HOUSEHOLD_BATCH
3,13,江西,51050047.92908307,215351.2611108139,51050047.92908307,51050047.92908307,51265399.190193884,1.0042184340631761,0.004218434063176049,1.0,1.0,451300.0,5742750.578690018,12.7249071098826,5291450.578690018,18,广东,524785.9965199631,0.09138234184631303,9.214679751970237,-0.9716442148527331,0.612109598140618,10.938382457124513,0.6714692074009475,0.09,0.08911970920702914,2.206176598938896,1.3,17.15268570649055,44361534.65685557,1.5352442633792756,0.11006470824291248,0.00016516609105365898,0.9528331678231932,NONE,DIAGNOSTIC_ONLY,False,100,0.006139570367608371,HJB_NONCONVERGED_DIAGNOSTIC_ONLY,True,True,CONTINUED_TO_HOUSEHOLD_BATCH
3,14,山东,210016973.07581103,195149.23561831954,210016973.07581103,210016973.07581103,210212122.31142935,1.0009292069719902,0.0009292069719901895,1.0,1.0,1007700.0,5598437.472867285,5.555658899342349,4590737.472867285,18,广东,496497.8256817566,0.0886850711628063,7.288106734246963,4.688455891158641,0.6653113988001329,10.40645919022883,0.35208012527227256,0.09,0.08264995684038133,5.024102972763193,1.3,17.648980183713164,104506062.20256385,1.2849276420428595,0.16874958339774104,0.0002423841334245891,0.5680088073856262,NONE,DIAGNOSTIC_ONLY,True,35,1.3525780495626805e-10,HJB_CONVERGED,True,True,CONTINUED_TO_HOUSEHOLD_BATCH
3,15,河南,168320556.01470312,203007.505572299,168320556.01470312,168320556.01470312,168523563.5202754,1.0012060767287065,0.0012060767287066585,1.0,1.0,986400.0,5660346.392480092,5.7383884757502965,4673946.392480092,18,广东,505563.7844500432,0.08931675720795056,7.288000651970725,4.687563370497487,0.6629978356532942,10.406493014547483,0.32888905264021334,0.09,0.08521866606394114,3.738683638541257,1.3,17.762247840441702,78982515.41824268,1.139914115532732,0.16428604334839503,0.00025074523923862557,0.5816780195859628,NONE,DIAGNOSTIC_ONLY,False,100,0.0061118030608948715,HJB_NONCONVERGED_DIAGNOSTIC_ONLY,True,True,CONTINUED_TO_HOUSEHOLD_BATCH
3,16,湖北,101805153.6623069,208369.28928850312,101805153.6623069,101805153.6623069,102013522.95159541,1.0020467459828182,0.0020467459828180713,1.0,1.0,591700.0,5668789.083889103,9.580512225602675,5077089.083889103,18,广东,514152.8893805238,0.09069889208645358,7.289000485222703,4.686915672308418,0.6637727449202296,10.351231135696352,0.5634951202616197,0.09,0.08512260113770154,3.757891854445426,1.3,17.646165073422992,76061312.08382402,1.5894323920714784,0.14639289775812458,0.00018561055870391918,0.810035507206321,NONE,DIAGNOSTIC_ONLY,True,25,8.375832361018354e-08,HJB_CONVERGED,True,True,CONTINUED_TO_HOUSEHOLD_BATCH
3,17,湖南,93791807.14892803,212303.460737013,93791807.14892803,93791807.14892803,94004110.60966505,1.0022635608289316,0.002263560828931522,1.0,1.0,663500.0,5681631.872349241,8.563122641068938,5018131.872349241,18,广东,521306.1729914704,0.09175289506673383,6.062778452923392,4.3265760588904865,0.6394361585590761,9.091972184678347,0.5054991623696494,0.09,0.08720613455511039,3.1145292982345456,1.3,17.314641403052313,63862896.99588368,1.4167063570694212,0.14423385538533662,0.00018093686635989314,0.7578701997507187,NONE,DIAGNOSTIC_ONLY,False,100,0.14034695335326774,HJB_NONCONVERGED_DIAGNOSTIC_ONLY,True,True,CONTINUED_TO_HOUSEHOLD_BATCH
3,18,广东,191259406.86816654,203369.89473690785,191259406.86816654,191259406.86816654,191462776.76290345,1.001063319697928,0.0010633196979277938,1.0,1.0,1234800.0,5495488.263613105,4.450508797872615,4260688.263613105,18,广东,516457.98508000193,0.09397854390838925,7.299196779077722,4.679785239567714,0.6695961984692034,9.822850616792348,0.5874408064177519,0.09,0.08628811405436472,7.571399335385956,1.3,16.62838564382218,147885312.8118918,1.9575836150085797,0.1683118307202931,0.0002371745268509029,0.47966398398214016,NONE,DIAGNOSTIC_ONLY,True,14,1.603722044052347e-09,HJB_CONVERGED,True,True,CONTINUED_TO_HOUSEHOLD_BATCH
3,19,广西,67306708.83876626,213284.29624531892,67306708.83876626,67306708.83876626,67519993.13501158,1.0031688415601518,0.0031688415601517986,1.0,1.0,494700.0,5678820.304470654,11.47932141595038,5184120.304470654,18,广东,529590.4637251861,0.09325712653881049,7.307261932536193,4.674015061533732,0.673787422360737,9.43337568788855,0.3974340111049401,0.09,0.08756573593359257,1.7822437666187985,1.3,15.897852593934038,37280720.53181527,1.0559578674063324,0.1277173276429313,0.00019203323013317064,0.8993835545407671,NONE,DIAGNOSTIC_ONLY,True,13,6.91078532177869e-08,HJB_CONVERGED,True,True,CONTINUED_TO_HOUSEHOLD_BATCH
3,20,海南,14673330.466888333,215859.79238470638,14673330.466888333,14673330.466888333,14889190.25927304,1.0147110291608175,0.014711029160817518,1.0,1.0,98200.0,5233798.561902775,53.29733769758427,5135598.561902775,18,广东,489058.96653403895,0.09344245116614479,7.3170670573225705,4.668349118939042,0.6808311638453236,9.001337398983399,0.7451970253306546,0.09,0.08665916567159612,0.777481166244926,0.8,15.000153318884701,14062397.122286124,1.2419605594280527,0.0014681253633572755,0.000534527421659825,1.863623744534613,NONE,DIAGNOSTIC_ONLY,True,13,4.759209204507897e-08,HJB_CONVERGED,True,True,CONTINUED_TO_HOUSEHOLD_BATCH
3,21,重庆,50663834.63130832,213047.8142619619,50663834.63130832,50663834.63130832,50876882.44557028,1.0042051261183123,0.004205126118312144,1.0,1.0,316300.0,5702115.298167221,18.02755389872659,5385815.298167221,18,广东,518813.1111616917,0.09098607868003811,7.296011381041566,4.682008178781323,0.6677825681267746,9.98371563018332,0.7107037577281109,0.09,0.08592933647593602,2.3292785943557406,1.3,16.937638305340922,46186081.9518979,1.6103797622666287,0.10772209618395467,0.00015941817892184407,1.139353829388289,NONE,DIAGNOSTIC_ONLY,True,14,8.903779491475916e-09,HJB_CONVERGED,True,True,CONTINUED_TO_HOUSEHOLD_BATCH
3,22,四川,94830047.41899477,214163.278382707,94830047.41899477,94830047.41899477,95044210.69737747,1.0022583905018676,0.0022583905018675483,1.0,1.0,832100.0,5608493.497048829,6.740167644572562,4776393.497048829,18,广东,508097.10268353415,0.09059422159460347,8.473482197092626,0.585074607191396,0.6467585989700384,10.399658868900367,0.5632512951992517,0.09,0.08906236770976826,3.537335921274307,1.3,16.85029527239681,70832987.72091532,1.5639154818692091,0.1469716716492342,0.0002767197317730119,0.6510377748621936,NONE,DIAGNOSTIC_ONLY,False,100,0.312390659416125,HJB_NONCONVERGED_DIAGNOSTIC_ONLY,True,True,CONTINUED_TO_HOUSEHOLD_BATCH
3,23,贵州,39447014.665611394,216589.59394932672,39447014.665611394,39447014.665611394,39663604.25956072,1.0054906460168238,0.005490646016823737,1.0,1.0,382200.0,5745224.368042582,15.031984217798486,5363024.368042582,18,广东,527475.9627617206,0.09181120335278282,7.302951071388558,4.676312229292713,0.6687973869947638,9.661436371820471,0.6033350805869225,0.09,0.08979025252500024,1.5392545799058799,1.3,16.442547961686373,31348867.388694134,1.3109652918730739,0.09011325374987877,0.00018249355082233798,1.041845829448853,NONE,DIAGNOSTIC_ONLY,False,100,0.27797930916365154,HJB_NONCONVERGED_DIAGNOSTIC_ONLY,True,True,CONTINUED_TO_HOUSEHOLD_BATCH
3,24,云南,68611984.86091176,212536.9200224828,68611984.86091176,68611984.86091176,68824521.78093424,1.0030976646493077,0.00309766464930772,1.0,1.0,470300.0,5637261.995956425,11.986523487043216,5166961.995956425,18,广东,518629.9523393903,0.09200032794491378,7.308988488189549,4.673211643373858,0.6755002140263923,9.353904248686788,0.4230558826287199,0.09,0.08689884944486685,1.9410697036167164,1.3,15.712311793382444,40109820.62750515,1.1223138132516461,0.12876963743581715,0.00020363797062961098,0.920913222201716,NONE,DIAGNOSTIC_ONLY,True,13,2.5686959670423448e-08,HJB_CONVERGED,True,True,CONTINUED_TO_HOUSEHOLD_BATCH
3,25,西藏,6325734.326183821,216269.14256906204,6325734.326183821,6325734.326183821,6542003.468752883,1.034188780530012,0.03418878053001201,1.0,1.0,35400.0,5167902.463433544,145.9859452947329,5132502.463433544,18,广东,460072.0530234092,0.08902491025686624,7.33765017479089,4.658454840911342,0.6945221820918187,8.255318745177279,0.698705848023592,0.09,0.08467156359368697,0.32508168951697913,0.8,13.452905064375633,5854710.644832815,0.9519473348738489,0.1749311139261842,0.0005539652306622012,2.7811357819896765,NONE,DIAGNOSTIC_ONLY,True,14,1.426678331029052e-09,HJB_CONVERGED,True,True,CONTINUED_TO_HOUSEHOLD_BATCH
3,26,陕西,73897910.2910824,209961.39810148897,73897910.2910824,73897910.2910824,74107871.68918389,1.0028412359331198,0.00284123593311983,1.0,1.0,393100.0,5719014.4747230355,14.548497773398717,5325914.4747230355,18,广东,512492.5020506487,0.0896120309392062,7.291183439492157,4.68588047786394,0.6662090461306873,10.235634073759654,0.4824959039307757,0.09,0.08403969760802892,2.3335099176452023,1.3,17.365329491983562,48374582.48791608,1.276834793819483,0.13018666755685993,0.0001725758937849431,1.0204988947375138,NONE,DIAGNOSTIC_ONLY,True,14,8.226059255989071e-08,HJB_CONVERGED,True,True,CONTINUED_TO_HOUSEHOLD_BATCH
3,27,甘肃,25177704.67938732,216825.41618774846,25177704.67938732,25177704.67938732,25394530.09557507,1.0086118023445267,0.008611802344526695,1.0,1.0,251500.0,5434939.973018508,21.610099296296255,5183439.973018508,18,广东,482584.2122959872,0.08879292406020171,7.3043471235883555,4.675293321828379,0.6695478202220442,9.593186125915848,0.5391394219643227,0.09,0.09,0.9353321076878811,0.9353321076878811,16.313035747537146,18239302.01912515,1.0755387353608545,0.05655704797886307,0.00416553873431913,1.2506264753797645,NONE,DIAGNOSTIC_ONLY,True,79,6.016029896471764e-10,HJB_CONVERGED,True,True,CONTINUED_TO_HOUSEHOLD_BATCH
3,28,青海,17578407.529567722,214490.27963446514,17578407.529567722,17578407.529567722,17792897.809202187,1.0122019175669743,0.01220191756697427,1.0,1.0,58700.0,5237081.064885303,89.21773534727944,5178381.064885303,18,广东,462103.80744637304,0.08823690176285127,7.322413219366039,4.676402008959502,0.6891495312066511,9.158985144001583,0.35868657224236233,0.09,0.07643437394951831,0.4625598709412272,0.8,14.882325577067935,8989580.402674552,0.695994950573659,0.02802807817829933,0.0004862557509126564,2.2713174682221804,NONE,DIAGNOSTIC_ONLY,True,25,1.5927348329114466e-10,HJB_CONVERGED,True,True,CONTINUED_TO_HOUSEHOLD_BATCH
3,29,宁夏,18640640.44456374,214530.70810585454,18640640.44456374,18640640.44456374,18855171.152669594,1.0115087627350496,0.011508762735049652,1.0,1.0,71000.0,5334543.7414084375,75.13441889307659,5263543.7414084375,18,广东,469693.39505745645,0.08804752905324327,7.30115931830581,4.683629534749696,0.6759470604067372,9.874752563819843,0.42233947542544836,0.09,0.07895859216426679,0.5610536435159192,0.8,16.414555455503614,10972196.107410058,0.8099810971474289,0.03431598289844273,0.0004936901199458221,2.1258036885106426,NONE,DIAGNOSTIC_ONLY,True,52,2.6987301282588305e-11,HJB_CONVERGED,True,True,CONTINUED_TO_HOUSEHOLD_BATCH
3,30,新疆,49250553.031937115,211143.09371429452,49250553.031937115,49250553.031937115,49461696.12565141,1.004287121275113,0.004287121275112916,1.0,1.0,252000.0,5411683.720032616,21.474935396954823,5159683.720032616,18,广东,475256.5883621904,0.08782046641102043,8.679650495015649,-0.10143138689519757,0.6568744157127745,8.196578998712177,0.4207364992029487,0.09,0.08353289813421869,1.445602066893754,1.3,12.832150916463084,28690700.266083058,1.0354932829952574,0.10838816274357987,0.0001909042808079242,1.239816093344189,NONE,DIAGNOSTIC_ONLY,False,100,0.05875201947849895,HJB_NONCONVERGED_DIAGNOSTIC_ONLY,True,True,CONTINUED_TO_HOUSEHOLD_BATCH
4,0,北京,58719043.066994764,210796.8233561536,58719043.066994764,64590947.37369425,58929839.890350915,1.0035899226613016,0.0035899226613016763,1.0,1.1,219200.0,5598199.244571682,25.539230130345263,5378999.244571682,18,广东,494464.1396525683,0.08832557007184544,7.2929217589840025,4.688382327763148,0.6711332781673358,10.262749656810284,1.1220992466865134,0.09,0.07859417868868851,4.284714299459724,1.3,17.173221323248715,77555336.537144,2.437920774687262,0.0445228283876713,0.0002535788131329264,1.34263687963342,HIGH_RA_INCREASE_1P1,DIAGNOSTIC_ONLY,True,61,2.4931652742310462e-08,HJB_CONVERGED,True,True,CONTINUED_TO_HOUSEHOLD_BATCH
4,1,天津,64593598.72309723,208025.67966636663,64593598.72309723,71052958.59540695,64801624.4027636,1.0032205308850826,0.0032205308850826,1.0,1.1,138300.0,5735029.751224162,41.468038692871744,5596729.751224162,18,广东,506579.8274052621,0.08833081071586958,7.288548570818314,4.692161411000655,0.6820112043055048,10.44819493853777,0.39438265807613165,0.09,0.06490660663385923,1.6814913977186245,1.3,16.935459775274566,35532061.88522301,1.034748432816036,0.04449792963416743,0.00025481372385594003,1.6590082905075252,HIGH_RA_INCREASE_1P1,DIAGNOSTIC_ONLY,True,21,3.80053322146523e-10,HJB_CONVERGED,True,True,CONTINUED_TO_HOUSEHOLD_BATCH
4,2,河北,113705229.18254791,210282.9472266198,113705229.18254791,125075752.10080272,113915512.12977453,1.0018493691867858,0.001849369186785784,1.0,1.1,742600.0,5682656.75225362,7.65237914389122,4940056.75225362,18,广东,503738.23765152285,0.08864484687584748,7.292373943053807,4.684313851043092,0.664849077453487,10.17822084975268,0.343639822010095,0.09,0.08640845698536795,2.622211120782339,1.3,17.35064951736503,55446627.98247971,1.067338636199028,0.05677780924938958,0.00024565133058929156,0.7063336056600082,HIGH_RA_INCREASE_1P1,DIAGNOSTIC_ONLY,True,30,8.111042770764243e-08,HJB_CONVERGED,True,True,CONTINUED_TO_HOUSEHOLD_BATCH
4,3,山西,53478727.38884524,214444.21887724806,53478727.38884524,58826600.12772977,53693171.60772249,1.0040098975676444,0.004009897567644392,1.0,1.1,350200.0,5766594.023617619,16.46657345407658,5416394.023617619,18,广东,510859.91039082344,0.08858953973498905,7.2940463885617675,4.6831716052990116,0.6659651034520148,10.089326125212558,0.4554430841893344,0.09,0.08643618707707713,1.5873605812685374,1.3,17.17208633420634,33334947.537024595,1.1136984900932783,0.04275483017688808,0.00024275449632527035,1.0889045398277108,HIGH_RA_INCREASE_1P1,DIAGNOSTIC_ONLY,False,100,0.014845889406699397,HJB_NONCONVERGED_DIAGNOSTIC_ONLY,True,True,CONTINUED_TO_HOUSEHOLD_BATCH
4,4,内蒙古,82165502.99427319,206577.2863377819,82165502.99427319,90382053.29370052,82372080.28061096,1.002514160795099,0.0025141607950988874,1.0,1.1,242200.0,5685625.681097042,23.47492023574336,5443425.681097042,18,广东,500666.98044988455,0.08805837888949468,7.3038405849815735,4.688612542542929,0.679429895544703,10.05453406434167,0.31275779543402316,0.09,0.07370799758098931,1.736365370488471,1.3,16.51777835167488,36957239.15373564,0.9036347315500086,0.04993207715882053,0.00025145911830060097,1.289678278259791,HIGH_RA_INCREASE_1P1,DIAGNOSTIC_ONLY,True,26,9.857376470634449e-09,HJB_CONVERGED,True,True,CONTINUED_TO_HOUSEHOLD_BATCH
4,5,辽宁,90061052.78222083,207332.09997404,90061052.78222083,99067158.06044291,90268384.88219486,1.0023021283181688,0.0023021283181687384,1.0,1.1,429100.0,5602965.629986201,13.057482241869497,5173865.629986201,18,广东,493663.75160085567,0.08810758162763734,8.392795142148099,-0.9558662472710423,0.6586962331135138,10.619163854569386,0.3637971620134809,0.09,0.08254977463162953,2.2226688561158614,1.3,15.916809142560968,46158250.897933416,1.0589248653382726,0.05291408011330412,0.00028987245237799275,0.9633036684857155,HIGH_RA_INCREASE_1P1,DIAGNOSTIC_ONLY,False,100,0.1519690820952273,HJB_NONCONVERGED_DIAGNOSTIC_ONLY,True,True,CONTINUED_TO_HOUSEHOLD_BATCH
4,6,吉林,66308917.7271201,209841.48872687208,66308917.7271201,72939809.49983212,66518759.21584697,1.0031646043385962,0.0031646043385963408,1.0,1.1,248400.0,5561162.550072904,22.387932971307986,5312762.550072904,18,广东,486903.95235202933,0.08755434641011281,7.317579737820339,4.675643167064367,0.6857319534577874,9.215350663639258,0.26018802194630053,0.09,0.07865803958255277,1.2104414737663234,1.2104414737663234,15.093310177475866,25461787.342462994,0.7331983987589327,0.047959699982495385,0.00022807373372424333,1.2625057618282707,HIGH_RA_INCREASE_1P1,DIAGNOSTIC_ONLY,True,25,6.90684673898545e-08,HJB_CONVERGED,True,True,CONTINUED_TO_HOUSEHOLD_BATCH
4,7,黑龙江,58424879.89838116,213088.568128187,58424879.89838116,64267367.88821928,58637968.46650934,1.003647223040917,0.0036472230409170473,1.0,1.1,332700.0,5538966.623099063,16.648532080249662,5206266.623099063,18,广东,482413.1465056084,0.08709443102505957,7.329426714151694,4.66266389581301,0.6895750469147552,8.544717827990265,0.32097216981662435,0.09,0.08488119788079496,1.299646666716114,1.299646666716114,14.028688455071872,26905285.522445235,0.8512301435859188,0.04471402987233297,0.0001778430860803759,1.0943669888643006,HIGH_RA_INCREASE_1P1,DIAGNOSTIC_ONLY,True,13,1.0562017926929457e-08,HJB_CONVERGED,True,True,CONTINUED_TO_HOUSEHOLD_BATCH
4,8,上海,66125294.30800852,209885.61561975436,66125294.30800852,72737823.73880938,66335179.92362828,1.0031740594551022,0.003174059455102264,1.0,1.1,247500.0,5603396.254396965,22.639984866250362,5355896.254396965,18,广东,506261.0840955929,0.09034897071545345,7.294970709656926,4.6872265028286915,0.6723613476771949,10.165473545356674,1.0326733454887085,0.09,0.0786424087781942,4.443018281915602,1.3,16.980697238620383,81716727.69546714,2.353254580746131,0.04696418517363865,0.00026242970333378857,1.2691653206856404,HIGH_RA_INCREASE_1P1,DIAGNOSTIC_ONLY,True,13,3.059637321278785e-08,HJB_CONVERGED,True,True,CONTINUED_TO_HOUSEHOLD_BATCH
4,9,江苏,203535217.25929242,194472.30738160288,203535217.25929242,223888738.98522168,203729689.56667402,1.0009554725221526,0.0009554725221525476,1.0,1.1,844600.0,5539168.13005974,6.5583330926589385,4694568.13005974,18,广东,497141.3491589811,0.08975018224507648,7.288611445781335,4.689417455518183,0.6672886680219668,10.417362478720264,0.5671559565328553,0.09,0.08043022235196078,7.728226513286153,1.3,17.569805378782398,152644315.73904425,1.9260565786278652,0.06172806166775735,0.0002738030804674274,0.6376810017535506,HIGH_RA_INCREASE_1P1,DIAGNOSTIC_ONLY,True,16,1.4258261238353498e-09,HJB_CONVERGED,True,True,CONTINUED_TO_HOUSEHOLD_BATCH
4,10,浙江,124249656.20818298,205893.48878662376,124249656.20818298,136674621.82900128,124455549.6969696,1.0016570950380872,0.0016570950380872264,1.0,1.1,627300.0,5581555.873824831,8.897745693965936,4954255.873824831,18,广东,505524.1848652977,0.09057047824890462,7.292389778877993,4.685435182290121,0.6675557588946209,10.179407715090846,0.6372630996464502,0.09,0.08335383622787247,5.239906200248476,1.3,17.22215594837217,102944205.7369839,1.865111818631329,0.05735588571283712,0.0002689962026872772,0.7748144182174637,HIGH_RA_INCREASE_1P1,DIAGNOSTIC_ONLY,True,14,1.654579806498191e-08,HJB_CONVERGED,True,True,CONTINUED_TO_HOUSEHOLD_BATCH
4,11,安徽,70182433.35888097,216246.3815565216,70182433.35888097,77200676.69476907,70398679.7404375,1.0030812038170682,0.0030812038170682427,1.0,1.1,607600.0,5692588.57298886,9.368973951594569,5084988.57298886,18,广东,513742.58643400617,0.09024762282517611,7.292836204166733,4.6836367600597,0.6626043362136288,10.189076573011022,0.6766249982836928,0.09,0.08895790152286001,3.07888690451075,1.3,17.47708693622781,61248624.830928236,1.681124916844091,0.04963921987901809,0.0002619332101828631,0.8008528098617866,HIGH_RA_INCREASE_1P1,DIAGNOSTIC_ONLY,False,100,0.37605318082114736,HJB_NONCONVERGED_DIAGNOSTIC_ONLY,True,True,CONTINUED_TO_HOUSEHOLD_BATCH
4,12,福建,87795538.11850408,208816.35216701345,87795538.11850408,96575091.93035449,88004354.47067109,1.002378439230991,0.0023784392309909724,1.0,1.1,410400.0,5603064.509111971,13.652691299005776,5192664.509111971,18,广东,517565.08141773316,0.0923717870062078,7.297500613209516,4.682953793696325,0.6716521635354035,9.944774930036631,0.6796207913154468,0.09,0.08227444691205953,3.9270638033757783,1.3,16.70345474465297,76852165.79500893,1.7964378516260697,0.052348826834715645,0.0002575792179779768,0.9864703031707394,HIGH_RA_INCREASE_1P1,DIAGNOSTIC_ONLY,True,15,5.962247540125531e-08,HJB_CONVERGED,True,True,CONTINUED_TO_HOUSEHOLD_BATCH
4,13,江西,51050047.92908307,216869.18174904914,51050047.92908307,56155052.72199138,51266917.11083212,1.0042481680340498,0.004248168034049962,1.0,1.1,451300.0,5736888.77425664,12.711918400745935,5285588.77425664,18,广东,524769.9582006404,0.09147291830991401,7.729519109650038,0.8813015590633366,0.670912992332805,10.528686924072918,0.6720588381216319,0.09,0.08911970920702914,2.210365915185612,1.3,17.14936231818295,44350639.99084337,1.5352442633792756,0.04239340930666402,0.00024558812260377927,0.9523535751917491,HIGH_RA_INCREASE_1P1,DIAGNOSTIC_ONLY,False,100,0.21878245791944817,HJB_NONCONVERGED_DIAGNOSTIC_ONLY,True,True,CONTINUED_TO_HOUSEHOLD_BATCH
4,14,山东,210016973.07581103,196429.61479063847,210016973.07581103,231018670.38339216,210213402.69060168,1.0009353035229194,0.0009353035229192269,1.0,1.1,1007700.0,5592624.780656396,5.549890622860372,4584924.780656396,18,广东,496479.0341635662,0.08877388590072645,7.288088907429836,4.688467039767654,0.6652997125480896,10.407387633553492,0.352037307499207,0.09,0.08264995684038133,5.028784317503719,1.3,17.65085480889102,104478102.73588853,1.2849276420428595,0.062403372958311554,0.00026753918467559146,0.5675893035877342,HIGH_RA_INCREASE_1P1,DIAGNOSTIC_ONLY,True,33,1.8558843351001997e-10,HJB_CONVERGED,True,True,CONTINUED_TO_HOUSEHOLD_BATCH
4,15,河南,168320556.01470312,204287.85959568873,168320556.01470312,185152611.61617345,168524843.8742988,1.001213683369593,0.0012136833695929794,1.0,1.1,986400.0,5654644.072581332,5.732607535058123,4668244.072581332,18,广东,505544.38817832776,0.0894033968697782,7.287985951754781,4.687573294169464,0.6629877653991134,10.407301234470742,0.32884254981276373,0.09,0.08521866606394114,3.7419904959681447,1.3,17.763885642302878,78962111.0595271,1.139914115532732,0.06089486817738665,0.00025834019855575097,0.5812694085723318,HIGH_RA_INCREASE_1P1,DIAGNOSTIC_ONLY,True,54,2.0658275090568168e-10,HJB_CONVERGED,True,True,CONTINUED_TO_HOUSEHOLD_BATCH
4,16,湖北,101805153.6623069,209649.59828591213,101805153.6623069,111985669.0285376,102014803.26059282,1.0020593220553582,0.00205932205535813,1.0,1.1,591700.0,5663036.966066764,9.5707908840067,5071336.966066764,18,广东,514136.24831272755,0.09078807915142721,7.289015272164782,4.68690576936252,0.663783040723154,10.350417391057851,0.56373232740835,0.09,0.08512260113770154,3.7632723361652145,1.3,17.644514450889638,76041795.15557627,1.5894323920714784,0.05491269056996173,0.00025659468280325726,0.8095710617194869,HIGH_RA_INCREASE_1P1,DIAGNOSTIC_ONLY,True,24,1.7351897696471497e-11,HJB_CONVERGED,True,True,CONTINUED_TO_HOUSEHOLD_BATCH
4,17,湖南,93791807.14892803,211464.8316813597,93791807.14892803,103170987.86382084,94003271.98060939,1.002254619439687,0.0022546194396871324,1.0,1.1,663500.0,5675898.369648043,8.55448134084106,5012398.369648043,18,广东,521288.43400411715,0.09184245383809467,8.903752035257975,1.411424802356539,0.6193283529075884,10.232389452511846,0.5056181653732015,0.09,0.08720613455511039,3.118346982427449,1.3,17.313603339358398,63845591.51701445,1.4167063570694212,0.054152772616067324,0.00027097860703606536,0.75739385453264,HIGH_RA_INCREASE_1P1,DIAGNOSTIC_ONLY,False,100,0.7491408133603334,HJB_NONCONVERGED_DIAGNOSTIC_ONLY,True,True,CONTINUED_TO_HOUSEHOLD_BATCH
4,18,广东,191259406.86816654,204650.2542828576,191259406.86816654,210385347.5549832,191464057.1224494,1.0010700140590938,0.0010700140590936857,1.0,1.1,1234800.0,5490082.7657862175,4.446131167627322,4255282.7657862175,18,广东,516438.70699207566,0.09406756309950058,7.299178663943795,4.679797131315533,0.669583883115217,9.823767332933869,0.5876263961791417,0.09,0.08628811405436472,7.581201423004713,1.3,16.630233275152634,147847930.90771273,1.9575836150085797,0.06220133250001125,0.0002527763134031469,0.47928995997519364,HIGH_RA_INCREASE_1P1,DIAGNOSTIC_ONLY,True,14,1.6198109520360049e-09,HJB_CONVERGED,True,True,CONTINUED_TO_HOUSEHOLD_BATCH
4,19,广西,67306708.83876626,214564.60703939473,67306708.83876626,74037379.7226429,67521273.44580565,1.0031878635984621,0.0031878635984621665,1.0,1.1,494700.0,5673566.36111259,11.46870095231977,5178866.36111259,18,广东,529572.8235361967,0.09334037708027217,7.30729362443433,4.673994382030852,0.6738086612568442,9.431864220841149,0.397455279812039,0.09,0.08756573593359257,1.7840178370606268,1.3,15.894819684587791,37272205.564992644,1.0559578674063324,0.04844062075512756,0.00022840134796642264,0.8989497327766047,HIGH_RA_INCREASE_1P1,DIAGNOSTIC_ONLY,True,13,6.734238100492007e-08,HJB_CONVERGED,True,True,CONTINUED_TO_HOUSEHOLD_BATCH
4,20,海南,14673330.466888333,217140.1312653601,14673330.466888333,16140663.513577167,14890470.598153694,1.0147982853487392,0.014798285348739061,1.0,1.1,98200.0,5228754.541060922,53.245972923227306,5130554.541060922,18,广东,489037.2537861065,0.09352843969739687,7.316970605708402,4.668407506030368,0.6807705550860453,9.00541141644316,0.7460911015493696,0.09,0.08665916567159612,0.7792015800201313,0.8,15.008252142627398,14059738.677204708,1.2419605594280527,0.0016380935907851502,0.00018904636658312324,1.8630823868704476,HIGH_RA_INCREASE_1P1,DIAGNOSTIC_ONLY,True,13,4.6332498282453116e-08,HJB_CONVERGED,True,True,CONTINUED_TO_HOUSEHOLD_BATCH
4,21,重庆,50663834.63130832,214328.11054923988,50663834.63130832,55730218.09443916,50878162.74185756,1.0042303965364832,0.004230396536483112,1.0,1.1,316300.0,5697041.913439023,18.01151411141013,5380741.913439023,18,广东,518797.5605383408,0.09106437488453868,7.296069061494219,4.681970082303712,0.6678220720198195,9.9807205674662,0.7115521830552587,0.09,0.08592933647593602,2.3341001746102736,1.3,16.931589944740345,46176173.43348974,1.6103797622666287,0.04142571888225732,0.00021453472538490725,1.1388948637020002,HIGH_RA_INCREASE_1P1,DIAGNOSTIC_ONLY,True,14,8.589022604255092e-09,HJB_CONVERGED,True,True,CONTINUED_TO_HOUSEHOLD_BATCH
4,22,四川,94830047.41899477,215986.80486977717,94830047.41899477,104313052.16089426,95046034.22386454,1.0022776199184575,0.0022776199184575577,1.0,1.1,832100.0,5603675.426484121,6.734377390318617,4771575.426484121,18,广东,508077.1446143791,0.09066855339499182,6.744496432551243,4.63222095638148,0.6373613188242824,9.109468560400138,0.5634631590483433,0.09,0.08906236770976826,3.541720390227387,1.3,16.85011861617296,70818048.45741309,1.5639154818692091,0.054951111887211024,0.0002109082785139993,0.6506895573273357,HIGH_RA_INCREASE_1P1,DIAGNOSTIC_ONLY,False,100,0.06306044436255953,HJB_NONCONVERGED_DIAGNOSTIC_ONLY,True,True,CONTINUED_TO_HOUSEHOLD_BATCH
4,23,贵州,39447014.665611394,217842.82760316462,39447014.665611394,43391716.13217254,39664857.493214555,1.0055224160674716,0.005522416067471712,1.0,1.1,382200.0,5740038.582432739,15.018415966595342,5357838.582432739,18,广东,527459.0053210802,0.09189119511066647,8.141952474483322,4.626418070725546,0.6536592058870065,9.4797477423929,0.6037457508252135,0.09,0.08979025252500024,1.5417008585979999,1.3,16.43787633211072,31342184.867832903,1.3109652918730739,0.03516341547977753,0.00021316626142742212,1.0414105768069786,HIGH_RA_INCREASE_1P1,DIAGNOSTIC_ONLY,False,100,0.13316775544810677,HJB_NONCONVERGED_DIAGNOSTIC_ONLY,True,True,CONTINUED_TO_HOUSEHOLD_BATCH
4,24,云南,68611984.86091176,213817.22355793015,68611984.86091176,75473183.34700294,68825802.08446969,1.0031163247061192,0.0031163247061191173,1.0,1.1,470300.0,5632343.179520441,11.976064596046015,5162043.179520441,18,广东,518612.3339234806,0.09207754524070694,7.309027034233258,4.673187213687083,0.6755250972200044,9.352144517844012,0.42310875113224083,0.09,0.08689884944486685,1.94303025280448,1.3,15.708794405490634,40101202.081877284,1.1223138132516461,0.048748266036507504,0.00021487370157824426,0.9205004684672511,HIGH_RA_INCREASE_1P1,DIAGNOSTIC_ONLY,True,13,2.5872619158207044e-08,HJB_CONVERGED,True,True,CONTINUED_TO_HOUSEHOLD_BATCH
4,25,西藏,6325734.326183821,217549.47075189112,6325734.326183821,6958307.758802203,6543283.796935712,1.0343911804596975,0.03439118045969756,1.0,1.1,35400.0,5163330.6976209,145.85679936782205,5127930.6976209,18,广东,460054.3506580636,0.08910030706924159,7.337623387481024,4.658468978419926,0.6945066485124768,8.256247289125517,0.6995191548872282,0.09,0.08467156359368697,0.3257989288091547,0.8,13.454721823833726,5854199.203202956,0.9519473348738489,0.0771811160396364,8.735557756556211e-05,2.780805478689587,HIGH_RA_INCREASE_1P1,DIAGNOSTIC_ONLY,True,14,1.427398199638219e-09,HJB_CONVERGED,True,True,CONTINUED_TO_HOUSEHOLD_BATCH
4,26,陕西,73897910.2910824,211241.6813595403,73897910.2910824,81287701.32019064,74109151.97244194,1.0028585609596736,0.0028585609596734674,1.0,1.1,393100.0,5713607.4608909795,14.534742968432916,5320507.4608909795,18,广东,512476.3193210262,0.08969400205192092,7.291229002904281,4.685851349224203,0.6662391390562385,10.233279143205202,0.48263006260578856,0.09,0.08403969760802892,2.336376030150991,1.3,17.36057762640001,48363216.58117945,1.276834793819483,0.04931189994747842,0.0002349561722723159,1.0200241660511256,HIGH_RA_INCREASE_1P1,DIAGNOSTIC_ONLY,True,14,7.989970796096202e-08,HJB_CONVERGED,True,True,CONTINUED_TO_HOUSEHOLD_BATCH
4,27,甘肃,25177704.67938732,218105.74233980838,25177704.67938732,27695475.147326056,25395810.42172713,1.0086626539280354,0.008662653928035342,1.0,1.1,251500.0,5424109.88330694,21.567037309371532,5172609.88330694,18,广东,481996.9586599115,0.08886194583618029,5.994037848670148,3.838623416458958,0.6771285933936427,9.566038404305628,0.5393973187625123,0.09,0.09,0.9376753599150269,0.9376753599150269,16.32369952484313,18230454.391751546,1.0755387353608545,0.023972295605946048,0.00048508585275497396,1.2495347283167217,HIGH_RA_INCREASE_1P1,DIAGNOSTIC_ONLY,False,100,0.275072156458271,HJB_NONCONVERGED_DIAGNOSTIC_ONLY,True,True,CONTINUED_TO_HOUSEHOLD_BATCH
4,28,青海,17578407.529567722,215770.62515456954,17578407.529567722,19336248.282524496,17794178.154722292,1.0122747538303247,0.012274753830324676,1.0,1.1,58700.0,5232235.406997752,89.13518580916103,5173535.406997752,18,广东,462084.6243059308,0.08831495304816075,7.322352485947745,4.676429184046774,0.6891159779300813,9.161180561299084,0.35867258063598356,0.09,0.07643437394951831,0.4630046862858418,0.8,14.886634423344939,8987878.537838869,0.695994950573659,0.012034958256779804,0.00018931526939536258,2.2706981578744063,HIGH_RA_INCREASE_1P1,DIAGNOSTIC_ONLY,True,25,1.7148948927570018e-10,HJB_CONVERGED,True,True,CONTINUED_TO_HOUSEHOLD_BATCH
4,29,宁夏,18640640.44456374,215265.91717259164,18640640.44456374,20504704.489020113,18855906.36173633,1.0115482039264039,0.011548203926403757,1.0,1.1,71000.0,5329377.3140205,75.06165231014788,5258377.3140205,18,广东,469673.40139283263,0.08812913286458779,9.035578924213747,-1.4217336090399058,0.6361848845098366,10.395355086356465,0.42237043662941615,0.09,0.07895859216426679,0.5616583112918367,0.8,16.420824783793986,10969727.689347845,0.8099810971474289,0.014471491635238865,0.00022497028289047982,2.1251004755705787,HIGH_RA_INCREASE_1P1,DIAGNOSTIC_ONLY,False,100,0.00345311953888805,HJB_NONCONVERGED_DIAGNOSTIC_ONLY,True,True,CONTINUED_TO_HOUSEHOLD_BATCH
4,30,新疆,49250553.031937115,212504.53034069244,49250553.031937115,54175608.33513083,49463057.56227781,1.004314764347984,0.004314764347983896,1.0,1.1,252000.0,5406527.091970591,21.454472587184885,5154527.091970591,18,广东,475241.3293360536,0.0879014053294674,8.555755631246853,-1.6739115537668907,0.6704871712639957,8.942981737330474,0.42080512726420355,0.09,0.08353289813421869,1.447243470303988,1.3,12.826685166100773,28684120.364615504,1.0354932829952574,0.04172918911775181,0.00022933917285150596,1.2393024157740022,HIGH_RA_INCREASE_1P1,DIAGNOSTIC_ONLY,False,100,0.2650892016681361,HJB_NONCONVERGED_DIAGNOSTIC_ONLY,True,True,CONTINUED_TO_HOUSEHOLD_BATCH
5,0,北京,58719043.066994764,212474.93819662332,64590947.37369425,64590947.37369425,64803422.31189087,1.103618501377044,0.003618501377043946,1.1,1.1,219200.0,5597000.373797989,25.53376082937039,5377800.373797989,18,广东,494446.2458298421,0.08834129226515003,7.29157287426092,4.689202393050621,0.6711595612302199,10.26430296230803,0.3716970975989288,0.09,0.07859417868868851,1.539733850870856,1.3,17.17528695594554,35508970.64998924,1.0406737791427376,0.11898502963423141,0.5421466499215984,0.0725841433573744,NONE,DIAGNOSTIC_ONLY,False,100,0.5031445674792121,HJB_NONCONVERGED_DIAGNOSTIC_ONLY,True,True,CONTINUED_TO_HOUSEHOLD_BATCH
5,1,天津,64593598.72309723,209702.46275693056,71052958.59540695,71052958.59540695,71262661.05816388,1.1032464898519727,0.003246489851972679,1.1,1.1,138300.0,5733667.4603266185,41.458188433308884,5595367.4603266185,18,广东,506561.6841101423,0.0883486333337661,7.288534041799464,4.692174176261373,0.6819989103141553,10.449225307543898,0.12111172009978406,0.09,0.06490660663385923,0.4699807641773459,0.8,16.937435415425597,14333074.771312524,0.38914825369669437,0.11903549900471289,0.5966157320784886,0.07260211266360783,NONE,DIAGNOSTIC_ONLY,True,21,4.3410741668026276e-10,HJB_CONVERGED,True,True,CONTINUED_TO_HOUSEHOLD_BATCH
5,2,河北,113705229.18254791,211469.04154990602,125075752.10080272,125075752.10080272,125287221.14235263,1.1018598004952826,0.0018598004952824405,1.1,1.1,742600.0,5681257.390900796,7.650494735928893,4938657.390900796,18,广东,503720.0864689803,0.08866348623383045,7.749773043833875,4.819640583291308,0.6216308832717383,9.80771823114542,0.17651115568655468,0.09,0.08640845698536795,1.4433715818211899,1.3,17.35282770898153,34856526.627244145,0.625515803391906,0.12425805269543289,0.37134992883141105,0.07268674263551933,NONE,DIAGNOSTIC_ONLY,False,100,0.42902639289448663,HJB_NONCONVERGED_DIAGNOSTIC_ONLY,True,True,CONTINUED_TO_HOUSEHOLD_BATCH
5,3,山西,53478727.38884524,216120.9917399107,58826600.12772977,58826600.12772977,59042721.11946969,1.1040412515834286,0.0040412515834284774,1.1,1.1,350200.0,5765152.794028404,16.462458006934334,5414952.794028404,18,广东,510841.8799291207,0.08860855872861778,7.294026735238146,4.683184898089925,0.6659517136050153,10.090364798397905,0.18515471001079303,0.09,0.08643618707707713,0.6563072770144774,0.8,17.17418494817068,17115797.390496116,0.5331495378841649,0.11824679207195499,0.48655094262602716,0.07254606691875076,NONE,DIAGNOSTIC_ONLY,True,51,9.610942908189202e-08,HJB_CONVERGED,True,True,CONTINUED_TO_HOUSEHOLD_BATCH
5,4,内蒙古,82165502.99427319,208254.0902937292,90382053.29370052,90382053.29370052,90590307.38399425,1.1025345684344956,0.0025345684344954865,1.1,1.1,242200.0,5684520.012281483,23.470355129155585,5442320.012281483,18,广东,500649.2830016216,0.08807239343338787,7.303814635441887,4.688624082705639,0.6794153601136707,10.05558806087184,0.11370868093733308,0.09,0.07370799758098931,0.6185272366100202,0.8,16.519869050725013,17313603.49381809,0.3946557645805121,0.12131421321741254,0.5315233526563894,0.07266080329463787,NONE,DIAGNOSTIC_ONLY,True,26,9.92183979420247e-09,HJB_CONVERGED,True,True,CONTINUED_TO_HOUSEHOLD_BATCH
5,5,辽宁,90061052.78222083,210403.85800816896,99067158.06044291,99067158.06044291,99277561.91845109,1.1023362358256787,0.002336235825678748,1.1,1.1,429100.0,5601877.911474638,13.054947358365505,5172777.911474638,18,广东,493645.50459176215,0.08812143220411867,7.306077468214825,4.677762621971878,0.676844430062884,9.546425363082284,0.15913786898052723,0.09,0.08254977463162953,1.0032580092957244,1.0032580092957244,15.918932645574575,25219382.585810237,0.5393586750413475,0.1225840287329083,0.4536321871992911,0.07268593121414835,NONE,DIAGNOSTIC_ONLY,True,49,5.681233261611851e-11,HJB_CONVERGED,True,True,CONTINUED_TO_HOUSEHOLD_BATCH
5,6,吉林,66308917.7271201,211518.27532587267,72939809.49983212,72939809.49983212,73151327.775158,1.1031898918362135,0.0031898918362131927,1.1,1.1,248400.0,5561087.043447445,22.38762899938585,5312687.043447445,18,广东,486970.1744262921,0.08756744331130055,7.317558839378039,4.675653340292462,0.6857199669543579,9.21614996252827,0.094777895107848,0.09,0.07865803958255277,0.43793710150458165,0.8,15.094886239702513,12071597.415229237,0.32406476532747236,0.12023156093737808,0.5258935575548831,0.07266855775198033,NONE,DIAGNOSTIC_ONLY,True,25,7.087120756921195e-08,HJB_CONVERGED,True,True,CONTINUED_TO_HOUSEHOLD_BATCH
5,7,黑龙江,58424879.89838116,214765.34618266777,64267367.88821928,64267367.88821928,64482133.23440195,1.1036759227670851,0.003675922767085029,1.1,1.1,332700.0,5538960.0728843715,16.648512392198292,5206260.0728843715,18,广东,482474.9360082744,0.08710568945427137,7.329404717066472,4.662675960290381,0.6895619645989257,8.54553487733131,0.12999129157692982,0.09,0.08488119788079496,0.531728043957483,0.8,14.030296093104496,13779669.352538507,0.40643791088758047,0.11882082690812257,0.4878452659034942,0.07263996828229535,NONE,DIAGNOSTIC_ONLY,True,13,1.05626600799269e-08,HJB_CONVERGED,True,True,CONTINUED_TO_HOUSEHOLD_BATCH
5,8,上海,66125294.30800852,211562.4004629326,72737823.73880938,72737823.73880938,72949386.1392723,1.1031994171470525,0.0031994171470524553,1.1,1.1,247500.0,5601584.083802991,22.632662964860568,5354084.083802991,18,广东,506242.4824838288,0.0903748787682455,7.2949513221535,4.687236940029248,0.6723495033513565,10.16636789344743,0.35834947766551906,0.09,0.0786424087781942,1.667750478869407,1.3,16.982487751528325,38625568.05463801,1.037057352892685,0.12016373634306365,0.527323607492171,0.07258087778555944,NONE,DIAGNOSTIC_ONLY,True,13,2.3547483518626677e-08,HJB_CONVERGED,True,True,CONTINUED_TO_HOUSEHOLD_BATCH
5,9,江苏,203535217.25929242,196149.13257223667,223888738.98522168,223888738.98522168,224084888.11779392,1.1009637110236425,0.000963711023642428,1.1,1.1,844600.0,5537469.34299582,6.556321741647904,4692869.34299582,18,广东,497123.15540387074,0.08977443026978868,7.288592265085169,4.689428713210888,0.6672764504574373,10.418324403207317,0.2978750372870712,0.09,0.08043022235196078,4.5242451427680495,1.3,17.571742269363074,99986808.44466524,1.1760877585839586,0.12644650332174878,0.34496867465671355,0.07273235706814929,NONE,DIAGNOSTIC_ONLY,True,16,1.4370411527409033e-09,HJB_CONVERGED,True,True,CONTINUED_TO_HOUSEHOLD_BATCH
5,10,浙江,124249656.20818298,207570.28252135357,136674621.82900128,136674621.82900128,136882192.11152264,1.1016705903972368,0.0016705903972367142,1.1,1.1,627300.0,5579725.9571812125,8.89482856238038,4952425.9571812125,18,广东,505505.6966334053,0.09059686811012822,7.292371424197578,4.685446645477498,0.6675437845146142,10.180335770230188,0.3039821104800769,0.09,0.08335383622787247,2.7547923160229915,1.3,17.224025419590138,62218432.35038846,1.0508770942398336,0.1246103742059006,0.3956101569295437,0.07267980770563587,NONE,DIAGNOSTIC_ONLY,True,14,1.665277293838585e-08,HJB_CONVERGED,True,True,CONTINUED_TO_HOUSEHOLD_BATCH
5,11,安徽,70182433.35888097,217499.2631330089,77200676.69476907,77200676.69476907,77418175.95790207,1.1030990556001503,0.003099055600150209,1.1,1.1,607600.0,5690644.147899305,9.365773778636118,5083044.147899305,18,广东,513723.8898304747,0.09027517386061036,8.955395615482185,-1.5869743107464647,0.6358364727077255,11.110687752005218,0.3160239919547026,0.09,0.08895790152286001,1.5881272172334917,1.3,17.479046853534133,36479310.14073658,0.9335160028837199,0.12129760766150244,0.4044060541533022,0.07257703091469447,NONE,DIAGNOSTIC_ONLY,False,100,0.21794176292490453,HJB_NONCONVERGED_DIAGNOSTIC_ONLY,True,True,CONTINUED_TO_HOUSEHOLD_BATCH
5,12,福建,87795538.11850408,210493.13803855854,96575091.93035449,96575091.93035449,96785585.06839305,1.1023975379905349,0.002397537990534787,1.1,1.1,410400.0,5601120.533356277,13.647954515975334,5190720.533356277,18,广东,517546.4905117032,0.09240052725692396,7.29748264351416,4.682964441892781,0.6716407659977729,9.945628396155607,0.2854945870264948,0.09,0.08227444691205953,1.7646169883370388,1.3,16.70516561425245,41497568.77538629,0.9043366260037486,0.12249884279411849,0.46003384099708355,0.07262673957646304,NONE,DIAGNOSTIC_ONLY,True,15,5.975580519290702e-08,HJB_CONVERGED,True,True,CONTINUED_TO_HOUSEHOLD_BATCH
5,13,江西,51050047.92908307,218253.8247036324,56155052.72199138,56155052.72199138,56373306.54669502,1.104275291278998,0.004275291278997875,1.1,1.1,451300.0,5734869.903160033,12.70744494385117,5283569.903160033,18,广东,524751.0851009585,0.09150182897990583,9.555509252398643,-1.9953027092011382,0.6957211678940808,11.567756868369617,0.2879453003619275,0.09,0.08911970920702914,1.0177366541830468,1.0177366541830468,17.15119266636936,24363386.29165647,0.7863556493492693,0.11818134777641509,0.45066438056617597,0.07249736058180045,NONE,DIAGNOSTIC_ONLY,False,100,0.15792562602803084,HJB_NONCONVERGED_DIAGNOSTIC_ONLY,True,True,CONTINUED_TO_HOUSEHOLD_BATCH
5,14,山东,210016973.07581103,198106.43864028354,231018670.38339216,231018670.38339216,231216776.82203245,1.1009432877530752,0.0009432877530749476,1.1,1.1,1007700.0,5591182.113329399,5.548458979189639,4583482.113329399,18,广东,496461.11912038253,0.08879358766312,7.288068447133576,4.68847983645973,0.6652862991175489,10.408453425758932,0.19886315911383715,0.09,0.08264995684038133,3.1069244735893644,1.3,17.653006786608213,71497428.69871514,0.8196838541204968,0.12666963580066892,0.31567068288506006,0.07274731764087838,NONE,DIAGNOSTIC_ONLY,False,100,0.029048161131411954,HJB_NONCONVERGED_DIAGNOSTIC_ONLY,True,True,CONTINUED_TO_HOUSEHOLD_BATCH
5,15,河南,168320556.01470312,203016.3212772839,185152611.61617345,185152611.61617345,185355627.93745074,1.101206129103207,0.0012061291032068003,1.1,1.1,986400.0,5652943.977339508,5.730883999735917,4666543.977339508,18,广东,505526.4903472981,0.08942711839596511,8.843012793826585,-1.374921342382507,0.6454283500888603,11.296058903104369,0.18424318484594718,0.09,0.08521866606394114,2.283984645179199,1.3,17.766042933305137,53566447.093618415,0.7208854540238765,0.12605605036741419,0.3216183511958498,0.07270414859086172,NONE,DIAGNOSTIC_ONLY,False,100,0.03312321764471293,HJB_NONCONVERGED_DIAGNOSTIC_ONLY,True,True,CONTINUED_TO_HOUSEHOLD_BATCH
5,16,湖北,101805153.6623069,211326.38151699075,111985669.0285376,111985669.0285376,112196995.4100546,1.1020757925695783,0.0020757925695782707,1.1,1.1,591700.0,5661198.524168654,9.567683833308525,5069498.524168654,18,广东,514117.9106403304,0.09081432287623732,7.288997830762261,4.6869174501023245,0.6637708966187748,10.351377227410355,0.2658774445515497,0.09,0.08512260113770154,1.9218562023925754,1.3,17.646461412089426,45075066.224593565,0.8783475961210229,0.12356256842140723,0.40723300742212776,0.07265399611140744,NONE,DIAGNOSTIC_ONLY,True,28,8.401359608001258e-10,HJB_CONVERGED,True,True,CONTINUED_TO_HOUSEHOLD_BATCH
5,17,湖南,93791807.14892803,213024.55497885786,103170987.86382084,103170987.86382084,103384012.4187997,1.1022712490723268,0.0022712490723268103,1.1,1.1,663500.0,5674104.510501383,8.551777709873976,5010604.510501383,18,广东,521270.15387930744,0.09186826800855775,9.060672149926916,2.6720025329766735,0.6392509507980335,9.426247524574393,0.24791464074395664,0.09,0.08720613455511039,1.6555846112994772,1.3,17.315502034465897,38968781.09488413,0.8061404979967789,0.12321965495232456,0.38964022152572286,0.07264252374459823,NONE,DIAGNOSTIC_ONLY,False,100,0.36642386322854814,HJB_NONCONVERGED_DIAGNOSTIC_ONLY,True,True,CONTINUED_TO_HOUSEHOLD_BATCH
5,18,广东,191259406.86816654,206327.0484624381,210385347.5549832,210385347.5549832,210591674.60344565,1.1010787811791378,0.0010787811791378062,1.1,1.1,1234800.0,5488335.808768829,4.444716398419849,4253535.808768829,18,广东,516420.7045042753,0.09409422500700104,7.299161748338042,4.679808236590145,0.669572382475272,9.824623499591532,0.3479329045172295,0.09,0.08628811405436472,5.0776783889289705,1.3,16.631958893605304,107213342.01353213,1.3233265066176794,0.12664193452001582,0.2748404299248859,0.0727212713920442,NONE,DIAGNOSTIC_ONLY,True,14,1.634986812604211e-09,HJB_CONVERGED,True,True,CONTINUED_TO_HOUSEHOLD_BATCH
5,19,广西,67306708.83876626,216241.3785229375,74037379.7226429,74037379.7226429,74253621.10116583,1.1032127759959405,0.0032127759959403954,1.1,1.1,494700.0,5671703.700841569,11.464935720318515,5177003.700841569,18,广东,529554.7812186662,0.09336785014705383,7.307276111924976,4.674005808855912,0.6737969252446766,9.432699377928843,0.18044848677874692,0.09,0.08756573593359257,0.8462227266233324,0.8462227266233324,15.896495501327955,21052350.272652574,0.5560746812725436,0.12078139717712744,0.435172940438339,0.07257819381961172,NONE,DIAGNOSTIC_ONLY,True,13,6.83088181574476e-08,HJB_CONVERGED,True,True,CONTINUED_TO_HOUSEHOLD_BATCH
5,20,海南,14673330.466888333,218816.89690661605,16140663.513577167,16140663.513577167,16359480.410483783,1.1149125583588808,0.014912558358880808,1.1,1.1,98200.0,5226968.875232866,53.227788953491505,5128768.875232866,18,广东,489019.9250303889,0.09355707613786061,7.316950568190693,4.668419638898493,0.6807579615396911,9.006258224057147,0.20861072755820562,0.09,0.08665916567159612,0.1970692069318369,0.8,15.009935596779165,5263369.60919204,0.4337844293700552,0.09974910432206507,0.6256424297753393,0.0718165657018428,NONE,DIAGNOSTIC_ONLY,True,13,4.6072509363170866e-08,HJB_CONVERGED,True,True,CONTINUED_TO_HOUSEHOLD_BATCH
5,21,重庆,50663834.63130832,216004.88293766615,55730218.09443916,55730218.09443916,55946222.977376826,1.1042634925782777,0.00426349257827759,1.1,1.1,316300.0,5695402.132613936,18.006329853347886,5379102.132613936,18,广东,518780.2112668714,0.09108754732104832,7.2960509228817045,4.681982061210915,0.6678096502872733,9.981662225103829,0.2748318366645249,0.09,0.08592933647593602,0.9426243648692068,0.9426243648692068,16.93349153929722,23154439.571552068,0.752902720744012,0.11771238834324871,0.49856304994819955,0.07252091693619223,NONE,DIAGNOSTIC_ONLY,True,14,8.686843910865605e-09,HJB_CONVERGED,True,True,CONTINUED_TO_HOUSEHOLD_BATCH
5,22,四川,94830047.41899477,217569.05233480793,104313052.16089426,104313052.16089426,104530621.21322908,1.1022943050041252,0.0022943050041249703,1.1,1.1,832100.0,5602228.607977988,6.7326386347530205,4770128.607977988,18,广东,508060.6642661856,0.09068902749571298,7.045335733727736,4.510084143662896,0.6487761633698098,9.341946873112397,0.29358422654522087,0.09,0.08906236770976826,2.0510090219956316,1.3,16.852191242340968,46019245.336207084,0.9474316202747267,0.12348174731783956,0.3501763132617095,0.07265717380284609,NONE,DIAGNOSTIC_ONLY,False,100,1.144916806642156,HJB_NONCONVERGED_DIAGNOSTIC_ONLY,True,True,CONTINUED_TO_HOUSEHOLD_BATCH
5,23,贵州,39447014.665611394,219476.61136659503,43391716.13217254,43391716.13217254,43611192.74353913,1.1055638332387656,0.005563833238765404,1.1,1.1,382200.0,5738255.98753412,15.013751929707274,5356055.98753412,18,广东,527441.0777292824,0.09191661697824287,9.472934834079048,-1.6152715476691488,0.6405834137311878,9.895017415716344,0.2485258074746935,0.09,0.08979025252500024,0.6637353315410632,0.8,16.439665318354848,16465206.865347348,0.6421859996060114,0.1149834668903944,0.47466307997417523,0.07242834492792039,NONE,DIAGNOSTIC_ONLY,False,100,0.002727302612400173,HJB_NONCONVERGED_DIAGNOSTIC_ONLY,True,True,CONTINUED_TO_HOUSEHOLD_BATCH
5,24,云南,68611984.86091176,215493.99780161315,75473183.34700294,75473183.34700294,75688677.34480456,1.1031407632097872,0.0031407632097869838,1.1,1.1,470300.0,5630706.835870049,11.972585234680096,5160406.835870049,18,广东,518595.1690969564,0.09210125552857411,7.309007866119591,4.673199361527897,0.6755127237262819,9.353019515454422,0.18941807402952887,0.09,0.08689884944486685,0.9076585144644762,0.9076585144644762,15.710543357277992,22396397.687401764,0.5843861179306888,0.12087361501653349,0.4415030840802838,0.07259358866132981,NONE,DIAGNOSTIC_ONLY,True,13,2.5777165735263452e-08,HJB_CONVERGED,True,True,CONTINUED_TO_HOUSEHOLD_BATCH
5,25,西藏,6325734.326183821,219226.2355398546,6958307.758802203,6958307.758802203,7177533.994342058,1.1346562508375386,0.03465625083753858,1.1,1.1,35400.0,5162503.8629734265,145.83344245687644,5127103.8629734265,18,广东,460038.1175189874,0.08911143308162507,7.337599762469086,4.658481448199191,0.6944929477540843,8.257066381005139,0.14323528076738798,0.09,0.08467156359368697,0.04660668068114572,0.8,13.456324459231332,1657758.2269121625,0.2517842666700193,0.06159213217242532,0.716825791304613,0.07062659965910778,NONE,DIAGNOSTIC_ONLY,True,14,1.4280665538990434e-09,HJB_CONVERGED,True,True,CONTINUED_TO_HOUSEHOLD_BATCH
5,26,陕西,73897910.2910824,212918.46320085978,81287701.32019064,81287701.32019064,81500619.7833915,1.1028812514773718,0.002881251477371663,1.1,1.1,393100.0,5712080.893836544,14.53085956203649,5318980.893836544,18,广东,512458.72547195584,0.08971489287291251,7.291208985781274,4.685864145387064,0.6662259190409744,10.234313595197092,0.20335667843580232,0.09,0.08403969760802892,1.016509654036255,1.016509654036255,17.362664961858933,25680497.194622584,0.6320888706571876,0.12110582006376802,0.4690076671902722,0.0726173442635123,NONE,DIAGNOSTIC_ONLY,True,14,8.09293112524756e-08,HJB_CONVERGED,True,True,CONTINUED_TO_HOUSEHOLD_BATCH
5,27,甘肃,25177704.67938732,219782.5053367392,27695475.147326056,27695475.147326056,27915257.652662795,1.108729251063012,0.008729251063011811,1.1,1.1,251500.0,5425645.338094034,21.573142497391785,5174145.338094034,18,广东,482215.6195048251,0.08887709930450814,6.673520436438516,4.674253215097188,0.6435948981728586,8.150267537381382,0.20075325043144193,0.09,0.09,0.3476457659608976,0.8,16.322296335851718,8690756.098787053,0.478116084104937,0.1092839376932393,0.5232836268349281,0.07239003699202295,NONE,DIAGNOSTIC_ONLY,False,100,0.2916079135927605,HJB_NONCONVERGED_DIAGNOSTIC_ONLY,True,True,CONTINUED_TO_HOUSEHOLD_BATCH
5,28,青海,17578407.529567722,217447.39709361858,19336248.282524496,19336248.282524496,19553695.679618116,1.1123701419897032,0.012370141989703086,1.1,1.1,58700.0,5231450.471861167,89.12181383068427,5172750.471861167,18,广东,462068.4950796634,0.08832512083695129,7.3223244456670304,4.676441732836621,0.6891004848900254,9.162194505371499,0.0846795113807836,0.0846795113807836,0.07643437394951831,0.08675961934091075,0.8,14.88862450264291,2945949.4215270695,0.21279705952015426,0.1042993791236475,0.6722308374412654,0.07203399618888984,NONE,DIAGNOSTIC_ONLY,True,25,1.780460223699265e-10,HJB_CONVERGED,True,True,CONTINUED_TO_HOUSEHOLD_BATCH
5,29,宁夏,18640640.44456374,217487.8277593094,20504704.489020113,20504704.489020113,20722192.316779424,1.11166740104269,0.011667401042689842,1.1,1.1,71000.0,5328319.601443512,75.04675494990863,5257319.601443512,18,广东,469656.9657206704,0.08814354258956879,7.3010622611008476,4.683680777917288,0.6758885846276671,9.879015538310286,0.10711689724866394,0.09,0.07895859216426679,0.11655959231798486,0.8,16.423056419238023,3763244.974113482,0.2591856177038734,0.1055023759203575,0.6569427172045682,0.07208847761195436,NONE,DIAGNOSTIC_ONLY,False,100,5.272883720763843e-07,HJB_NONCONVERGED_DIAGNOSTIC_ONLY,True,True,CONTINUED_TO_HOUSEHOLD_BATCH
5,30,新疆,49250553.031937115,214972.12094017304,54175608.33513083,54175608.33513083,54390580.456071004,1.104364867147802,0.004364867147801808,1.1,1.1,252000.0,5406165.215272016,21.453036568539744,5154165.215272016,18,广东,475224.8350196601,0.08790423823474451,7.347779979739901,4.654643313174417,0.7008333963261499,7.956750076338711,0.1582359707240738,0.09,0.08353289813421869,0.5371823740836288,0.8,12.828384917900644,13739223.414052775,0.4624177939080842,0.11760124817962647,0.5210163937604526,0.0725891465683619,NONE,DIAGNOSTIC_ONLY,True,30,5.051204343686777e-09,HJB_CONVERGED,True,True,CONTINUED_TO_HOUSEHOLD_BATCH
6,0,北京,58719043.066994764,208305.07665724482,64590947.37369425,71050042.11106367,64799252.45035149,1.1035474875913693,0.0035474875913693235,1.1,1.2100000000000002,219200.0,5937438.195238577,27.08685308046796,5718238.195238577,18,广东,526288.5790529755,0.0886389991351865,7.323391739800937,4.672932375961405,0.6890622747188703,9.00129010543819,0.39697217327217865,0.09,0.07859417868868851,1.634137780762908,1.3,14.669226208758557,36060663.59697807,1.0406737791427376,0.015525292244999656,0.015536720352353983,0.08924858324708729,HIGH_RA_INCREASE_1P1,DIAGNOSTIC_ONLY,True,28,7.487050979193555e-10,HJB_CONVERGED,True,True,CONTINUED_TO_HOUSEHOLD_BATCH
6,1,天津,64593598.72309723,205535.65174882268,71052958.59540695,78158254.45494765,71258494.24715577,1.1031819817414095,0.0031819817414094273,1.1,1.2100000000000002,138300.0,5533651.295767556,40.01193995493533,5395351.295767556,18,广东,488417.94282875495,0.08826323104282413,7.3093859071841285,4.6749641476197645,0.6986912344037578,9.156905072475569,0.11915444535705921,0.09,0.06490660663385923,0.654386643494328,0.8,14.483629956453072,14199787.475668283,0.38914825369669437,0.08212867739557828,0.009299281401295212,0.0626276837863251,HIGH_RA_INCREASE_1P1,DIAGNOSTIC_ONLY,True,24,3.6378589030050534e-10,HJB_CONVERGED,True,True,CONTINUED_TO_HOUSEHOLD_BATCH
6,2,河北,113705229.18254791,207793.4228413397,125075752.10080272,137583327.31088302,125283545.52364406,1.1018274746406584,0.001827474640658241,1.1,1.2100000000000004,742600.0,5973805.989384375,8.044446524891429,5231205.989384375,18,广东,531268.3765477049,0.08893298133414178,7.318768594541257,4.667495122231097,0.682078840834023,8.933368623301046,0.18083402986224234,0.09,0.08640845698536795,1.5317717750402677,1.3,14.855494519419926,35317178.316110834,0.625515803391906,0.0050115578814331485,0.013215650939432333,0.08686299619354698,HIGH_RA_INCREASE_1P1,DIAGNOSTIC_ONLY,True,13,7.775793786635177e-09,HJB_CONVERGED,True,True,CONTINUED_TO_HOUSEHOLD_BATCH
6,3,山西,53478727.38884524,211969.560631402,58826600.12772977,64709260.14050276,59038569.688361175,1.1039636238740345,0.0039636238740343565,1.1,1.2100000000000002,350200.0,5528543.709646652,15.78681813148673,5178343.709646652,18,广东,490384.540512602,0.08870049081043516,7.320836601839741,4.666246124150228,0.683344140074886,8.848035385585822,0.18419742201623346,0.09,0.08643618707707713,0.7927118907308117,0.8,14.687292775371,16928087.188586764,0.5331495378841649,0.08877661236248469,0.010967073144578232,0.06078337575192316,HIGH_RA_INCREASE_1P1,DIAGNOSTIC_ONLY,True,13,1.0107091164002213e-08,HJB_CONVERGED,True,True,CONTINUED_TO_HOUSEHOLD_BATCH
6,4,内蒙古,82165502.99427319,204074.18434434241,90382053.29370052,99420258.62307058,90586127.47804485,1.1024836966477107,0.002483696647710732,1.1,1.2100000000000004,242200.0,5465242.635119678,22.564998493475137,5223042.635119678,18,广东,481642.02175069373,0.08812820471238725,7.3303812863917255,4.671732657430605,0.6971680200545141,8.785693413842662,0.11184069983235644,0.09,0.07370799758098931,0.8000274572887486,0.8000274572887486,14.064372144776842,17135555.217853848,0.3946557645805121,0.0871200844515545,0.010283721469526275,0.06162985836227741,HIGH_RA_INCREASE_1P1,DIAGNOSTIC_ONLY,True,25,9.057507233123374e-08,HJB_CONVERGED,True,True,CONTINUED_TO_HOUSEHOLD_BATCH
6,5,辽宁,90061052.78222083,206226.42723188258,99067158.06044291,108973873.8664872,99273384.48767479,1.1022898513937047,0.0022898513937047184,1.1,1.21,429100.0,5613835.377964271,13.08281374496451,5184735.377964271,18,广东,495844.6010460684,0.08832546158948379,7.336815638599263,4.661336183802303,0.6950894125941645,8.353832703736845,0.1596553963208143,0.09,0.08254977463162953,1.158694975350194,1.158694975350194,13.564274452822506,25232686.705484018,0.5393586750413475,0.04340305916297149,0.0005275355028424578,0.07325181112626344,HIGH_RA_INCREASE_1P1,DIAGNOSTIC_ONLY,True,15,4.1250566518158394e-08,HJB_CONVERGED,True,True,CONTINUED_TO_HOUSEHOLD_BATCH
6,6,吉林,66308917.7271201,207341.47383975793,72939809.49983212,80233790.44981535,73147150.97367188,1.1031269017946128,0.0031269017946127034,1.1,1.2100000000000004,248400.0,5418509.068924525,21.813643594704207,5170109.068924525,18,广东,474306.5032239812,0.08753450389963495,7.351939613158769,4.659987964409759,0.704616972155717,8.056541989972235,0.09357572859207242,0.09,0.07865803958255277,0.5627801092397624,0.8,12.832500341774997,11989254.209899502,0.32406476532747236,0.07228893825276583,0.00682123521000233,0.06535163321718018,HIGH_RA_INCREASE_1P1,DIAGNOSTIC_ONLY,True,26,1.5372827455450988e-09,HJB_CONVERGED,True,True,CONTINUED_TO_HOUSEHOLD_BATCH
6,7,黑龙江,58424879.89838116,210604.22476011986,64267367.88821928,70694104.67704122,64477972.112979405,1.1036047010302192,0.003604701030219068,1.1,1.2100000000000002,332700.0,5311068.807958845,15.963537144450992,4978368.807958845,18,广东,462877.81643062417,0.08715342112250242,7.363221672904219,4.6452862108695845,0.7087740557210992,7.443180249642744,0.12789000420455202,0.09,0.08488119788079496,0.6573446515513187,0.8,11.883927387791108,13628224.894252494,0.40643791088758047,0.08910752651597464,0.010990427593831509,0.06085119637663916,HIGH_RA_INCREASE_1P1,DIAGNOSTIC_ONLY,True,42,2.457094083752054e-09,HJB_CONVERGED,True,True,CONTINUED_TO_HOUSEHOLD_BATCH
6,8,上海,66125294.30800852,207392.359019898,72737823.73880938,80011606.11269031,72945216.09782928,1.1031363544191408,0.003136354419140641,1.1,1.21,247500.0,5937531.301447665,23.99002546039461,5690031.301447665,18,广东,538476.9450654015,0.09069037580216414,7.323410645050367,4.672859480848523,0.6890562235132177,8.998143355185409,0.38156555969425854,0.09,0.0786424087781942,1.7723743416226196,1.3,14.665149919870471,39217642.518474795,1.037057352892685,0.014340196296314778,0.015328563271852946,0.08902200163487506,HIGH_RA_INCREASE_1P1,DIAGNOSTIC_ONLY,True,28,8.617208280270461e-08,HJB_CONVERGED,True,True,CONTINUED_TO_HOUSEHOLD_BATCH
6,9,江苏,203535217.25929242,191923.40848377475,223888738.98522168,246277612.88374388,224080662.39370546,1.1009429493876692,0.0009429493876692362,1.1,1.2100000000000002,844600.0,5823487.037846321,6.894964525037084,4978887.037846321,18,广东,523925.5834112416,0.08996767400808074,7.315654961474329,4.674545404197491,0.6838394546725957,9.212773499258507,0.3138491641946722,0.09,0.08043022235196078,4.626596763801357,1.3,15.165613071548103,101312962.0755166,1.1760877585839586,0.0044303415054025574,0.013263285942217928,0.08696031305941365,HIGH_RA_INCREASE_1P1,DIAGNOSTIC_ONLY,True,14,1.4525416425215099e-09,HJB_CONVERGED,True,True,CONTINUED_TO_HOUSEHOLD_BATCH
6,10,浙江,124249656.20818298,203388.69043298363,136674621.82900128,150342084.0119014,136878010.51943427,1.101636935639421,0.0016369356394210178,1.1,1.21,627300.0,5876643.916873672,9.368155454923755,5249343.916873672,18,广东,534089.3520299899,0.09088339528220407,7.318418073198996,4.670151823053542,0.6838915108486886,9.008154666923911,0.32041135960995115,0.09,0.08335383622787247,2.854794744701248,1.3,14.883014158989877,63067625.783910215,1.0508770942398336,0.006521892537981078,0.013648582926992558,0.08732036701521673,HIGH_RA_INCREASE_1P1,DIAGNOSTIC_ONLY,True,16,3.848605878431499e-10,HJB_CONVERGED,True,True,CONTINUED_TO_HOUSEHOLD_BATCH
6,11,安徽,70182433.35888097,213779.0460812953,77200676.69476907,84920744.36424598,77414455.74085036,1.103046047790736,0.003046047790735991,1.1,1.2100000000000002,607600.0,5993416.3679197775,9.864082238182649,5385816.3679197775,18,广东,542666.2592545517,0.09054372764075172,7.3168621776058345,4.66717929011232,0.6788546563184732,8.995850533922392,0.33395287593821094,0.09,0.08895790152286001,1.645201197877784,1.3,15.076642474260723,36976645.52899758,0.9335160028837199,0.007622480181673552,0.013633355081066112,0.08719985442895006,HIGH_RA_INCREASE_1P1,DIAGNOSTIC_ONLY,True,14,4.2789682908050963e-10,HJB_CONVERGED,True,True,CONTINUED_TO_HOUSEHOLD_BATCH
6,12,福建,87795538.11850408,206320.9222120726,96575091.93035449,106232601.12338994,96781412.85256657,1.1023500160330881,0.0023500160330879928,1.1,1.2100000000000002,410400.0,5915593.631756256,14.41421450233006,5505193.631756256,18,广东,548415.3582435823,0.09270673281199769,7.324383003050849,4.668018265458921,0.6880431161617643,8.809263462882717,0.29921611133670206,0.09,0.08227444691205953,1.8821844544110964,1.3,14.446578558579436,42094188.48802575,0.9043366260037486,0.009984491093442571,0.014377220888982079,0.08804813114278276,HIGH_RA_INCREASE_1P1,DIAGNOSTIC_ONLY,True,15,6.236347882548898e-09,HJB_CONVERGED,True,True,CONTINUED_TO_HOUSEHOLD_BATCH
6,13,江西,51050047.92908307,214473.47862921315,56155052.72199138,61770557.99419053,56369526.2006206,1.1042012395155272,0.00420123951552704,1.1,1.2100000000000002,451300.0,5762561.307977256,12.76880413910316,5311261.307977256,18,广东,528431.0660984581,0.09170072782860252,7.32004805847976,4.665060453456415,0.6807816958855044,8.857202171046483,0.29782344599473093,0.09,0.08911970920702914,1.1205412772077499,1.1205412772077499,14.806366329570213,24392935.03784675,0.7863556493492693,0.03905524688573392,0.0012128341206985027,0.07379812197507318,HIGH_RA_INCREASE_1P1,DIAGNOSTIC_ONLY,True,14,1.5705277078836843e-09,HJB_CONVERGED,True,True,CONTINUED_TO_HOUSEHOLD_BATCH
6,14,山东,210016973.07581103,193887.60386409645,231018670.38339216,254120537.42173138,231212557.98725626,1.100923199687266,0.0009231996872657894,1.1,1.2100000000000002,1007700.0,5870980.74165517,5.826119620576729,4863280.74165517,18,广东,522555.90441507543,0.0890065778460984,7.315256361572041,4.672536651975146,0.6824021489006667,9.154876632959976,0.20495443588013823,0.09,0.08264995684038133,3.213486789290747,1.3,15.144737239767885,72416715.18982933,0.8196838541204968,0.0028312547813790223,0.012857616110755643,0.08654029083494774,HIGH_RA_INCREASE_1P1,DIAGNOSTIC_ONLY,True,16,1.0571526765090766e-08,HJB_CONVERGED,True,True,CONTINUED_TO_HOUSEHOLD_BATCH
6,15,河南,168320556.01470312,201777.6201924459,185152611.61617345,203667872.7777908,185354389.23636588,1.1011987699243033,0.0011987699243033647,1.1,1.2100000000000002,986400.0,5934527.443684215,6.016349800977509,4948127.443684215,18,广东,532203.7119554994,0.0896792064753014,7.313845663650817,4.671255256972187,0.6798565795864808,9.15787010962166,0.18923139435322345,0.09,0.08521866606394114,2.37429026112074,1.3,15.255032269598544,54252520.50489074,0.7208854540238765,0.0028022892562502566,0.012807894652286267,0.08644323031908385,HIGH_RA_INCREASE_1P1,DIAGNOSTIC_ONLY,True,13,5.201735486792813e-09,HJB_CONVERGED,True,True,CONTINUED_TO_HOUSEHOLD_BATCH
6,16,湖北,101805153.6623069,207158.95076348417,111985669.0285376,123184235.93139137,112192827.97930108,1.102034857208218,0.002034857208217979,1.1,1.2100000000000002,591700.0,5963947.652374631,10.079343674792346,5372247.652374631,18,广东,543343.6315192526,0.09110469494193373,7.314389889014468,4.671002851963916,0.680264357285512,9.13627122747673,0.27771938216652803,0.09,0.08512260113770154,2.0207168606268584,1.3,15.208250271992412,45693056.16622744,0.8783475961210229,0.007122207439849038,0.013710239238576838,0.08736033901831042,HIGH_RA_INCREASE_1P1,DIAGNOSTIC_ONLY,True,13,4.964905819804244e-09,HJB_CONVERGED,True,True,CONTINUED_TO_HOUSEHOLD_BATCH
6,17,湖南,93791807.14892803,210186.29735592104,103170987.86382084,113488086.65020293,103381174.16117676,1.1022409878191406,0.0022409878191404836,1.1,1.2100000000000002,663500.0,5971815.506618417,9.00047551864117,5308315.506618417,18,广东,550318.4108951729,0.09215261427371098,7.318088497592612,4.667378145366532,0.6810650498973347,8.952244753947513,0.2579774532997929,0.09,0.08720613455511039,1.738284575494569,1.3,14.923503543806856,39493416.65563264,0.8061404979967789,0.006273159097975323,0.013462970768089555,0.08708347868638167,HIGH_RA_INCREASE_1P1,DIAGNOSTIC_ONLY,True,14,3.158864281260776e-10,HJB_CONVERGED,True,True,CONTINUED_TO_HOUSEHOLD_BATCH
6,18,广东,191259406.86816654,202141.35591431783,210385347.5549832,231423882.31048155,210587488.91089752,1.101056896281466,0.0010568962814657902,1.1,1.2100000000000002,1234800.0,5759361.741700984,4.664206140023472,4524561.741700984,18,广东,542598.9251888745,0.09421164176234258,7.325048166910758,4.663893766398619,0.6860393849108338,8.682158459312781,0.36580468570217395,0.09,0.08628811405436472,5.070513409514565,1.3,14.353326691371393,108573820.7409965,1.3233265066176794,0.0022142042396048334,0.01268945358771334,0.08633351817792656,HIGH_RA_INCREASE_1P1,DIAGNOSTIC_ONLY,True,13,1.4169943440833777e-08,HJB_CONVERGED,True,True,CONTINUED_TO_HOUSEHOLD_BATCH
6,19,广西,67306708.83876626,212090.27629529953,74037379.7226429,81441117.69490719,74249469.9989382,1.1031511015759718,0.0031511015759716227,1.1,1.2100000000000002,494700.0,5486969.000266322,11.091507985175504,4992269.000266322,18,广东,513391.0255119805,0.09356550501507517,7.334369121005702,4.6574709994642784,0.6908395092346288,8.306579759976652,0.1801374034031255,0.09,0.08756573593359257,0.9850078007087854,0.9850078007087854,13.660071407553797,20869699.121575218,0.5560746812725436,0.08017216071909017,0.008676045605920946,0.06327245649411628,HIGH_RA_INCREASE_1P1,DIAGNOSTIC_ONLY,True,14,2.846657132238306e-09,HJB_CONVERGED,True,True,CONTINUED_TO_HOUSEHOLD_BATCH
6,20,海南,14673330.466888333,214675.24488861085,16140663.513577167,17754729.864934884,16355338.758465778,1.1146303012375443,0.014630301237544163,1.1,1.2100000000000002,98200.0,5550197.423419465,56.51932203074812,5451997.423419465,18,广东,517291.895003702,0.0932024314704466,7.344829450205795,4.652506492226738,0.6975850711887572,7.958620554568386,0.21331050029545467,0.09,0.08665916567159612,0.24918864884685799,0.8,12.945775137909797,5345737.0232891245,0.4337844293700552,0.023030617712634927,0.015649179178531814,0.08858961518502961,HIGH_RA_INCREASE_1P1,DIAGNOSTIC_ONLY,True,15,4.893411009732063e-09,HJB_CONVERGED,True,True,CONTINUED_TO_HOUSEHOLD_BATCH
6,21,重庆,50663834.63130832,211852.95277590267,55730218.09443916,61303239.90388308,55942071.04721506,1.1041815420075802,0.004181542007580011,1.1,1.2100000000000002,316300.0,5649451.749195608,17.86105516660009,5333151.749195608,18,广东,515570.90122489963,0.09126034243912406,7.323007839237123,4.665360359338059,0.68503364327134,8.768913303750926,0.28180133688417097,0.09,0.08592933647593602,1.0780116367256267,1.0780116367256267,14.51119704637846,23104101.024474986,0.752902720744012,0.05239204254925345,0.0021740343540392892,0.07018921961734725,HIGH_RA_INCREASE_1P1,DIAGNOSTIC_ONLY,True,13,1.170216457069273e-08,HJB_CONVERGED,True,True,CONTINUED_TO_HOUSEHOLD_BATCH
6,22,四川,94830047.41899477,213343.34744207695,104313052.16089426,114744357.3769837,104526395.50833634,1.1022497441818147,0.0022497441818145033,1.1,1.2100000000000004,832100.0,5886256.976964131,7.073977859589149,5054156.976964131,18,广东,535510.1791440533,0.09097635071655426,7.324583359883751,4.662241818659657,0.6837352742610978,8.667277035846334,0.30890056743944005,0.09,0.08906236770976826,2.103961932826761,1.3,14.426677642640128,46617808.67737359,0.9474316202747267,0.0045263143978206966,0.01300680480076366,0.08660901628063877,HIGH_RA_INCREASE_1P1,DIAGNOSTIC_ONLY,True,14,1.7474555136232084e-10,HJB_CONVERGED,True,True,CONTINUED_TO_HOUSEHOLD_BATCH
6,23,贵州,39447014.665611394,215407.8710227017,43391716.13217254,47730887.7453898,43607124.00319524,1.1054606887960647,0.00546068879606464,1.1,1.2100000000000002,382200.0,5498692.790408526,14.386951309284473,5116492.790408526,18,广东,506004.273150822,0.09202264837080094,7.3289393628953885,4.659100054586977,0.6859073158813477,8.487330434958093,0.2510140881393265,0.09,0.08979025252500024,0.7767177006904605,0.8,14.096249243141115,16281209.41509159,0.6421859996060114,0.08836531992353569,0.011174924904405525,0.060444038707994974,HIGH_RA_INCREASE_1P1,DIAGNOSTIC_ONLY,True,13,2.089666484295094e-08,HJB_CONVERGED,True,True,CONTINUED_TO_HOUSEHOLD_BATCH
6,24,云南,68611984.86091176,211339.4102486693,75473183.34700294,83020501.68170324,75684522.7572516,1.1030802112878253,0.003080211287825159,1.1,1.2100000000000002,470300.0,5526010.683189298,11.749969558131614,5055710.683189298,18,广东,510103.0667680763,0.09230946084122912,7.337324660904285,4.656387388561153,0.6930386451636643,8.212052124756893,0.19025573060404752,0.09,0.08689884944486685,1.0461261138389226,1.0461261138389226,13.450256435389338,22285671.628880143,0.5843861179306888,0.06482175454595707,0.004943922681990287,0.06729076888978969,HIGH_RA_INCREASE_1P1,DIAGNOSTIC_ONLY,True,13,1.5119774321448176e-08,HJB_CONVERGED,True,True,CONTINUED_TO_HOUSEHOLD_BATCH
6,25,西藏,6325734.326183821,215024.63216309476,6958307.758802203,7654138.534682425,7173332.390965298,1.1339920428325694,0.03399204283256937,1.1,1.2100000000000002,35400.0,5475707.353157706,154.68099867677134,5440307.353157706,18,广东,485322.35093159456,0.08863190079939555,8.176931923121943,1.9597871253008279,0.6631250607161303,7.551259233850164,0.14471207149092097,0.09,0.08467156359368697,0.07817036054407438,0.8,11.492214320852154,1682801.956012585,0.2517842666700193,0.03536387591007062,0.015106985261095884,0.08680053992029513,HIGH_RA_INCREASE_1P1,DIAGNOSTIC_ONLY,True,16,2.7247497591531555e-09,HJB_CONVERGED,True,True,CONTINUED_TO_HOUSEHOLD_BATCH
6,26,陕西,73897910.2910824,208754.83461973042,81287701.32019064,89416471.45220971,81496456.15481037,1.1028249084960244,0.002824908496024438,1.1,1.2100000000000002,393100.0,5743553.959722847,14.610923326692564,5350453.959722847,18,广东,516470.4856584704,0.089921760861004,7.318461308456804,4.669519381986601,0.6834947199184466,8.98943904039131,0.2061681875433072,0.09,0.08403969760802892,1.1639117457096795,1.1639117457096795,14.873613212448753,25716511.34267521,0.6320888706571876,0.03938049770015373,0.0014023929435511562,0.07412157525823804,HIGH_RA_INCREASE_1P1,DIAGNOSTIC_ONLY,True,16,1.2736292021031659e-09,HJB_CONVERGED,True,True,CONTINUED_TO_HOUSEHOLD_BATCH
6,27,甘肃,25177704.67938732,215644.53245845836,27695475.147326056,30465022.662058663,27911119.679784514,1.1085649003832747,0.008564900383274569,1.1,1.2100000000000002,251500.0,5558185.478937957,22.100141069335816,5306685.478937957,18,广东,493570.1555788583,0.08880059102906517,7.33087102118753,4.657775131339925,0.6869533426568443,8.409957886067577,0.20404417326034865,0.09,0.09,0.40812898231676403,0.8,13.950586427399408,8744908.017972298,0.478116084104937,0.016048821290473025,0.006230979050580343,0.07907207684657114,HIGH_RA_INCREASE_1P1,DIAGNOSTIC_ONLY,True,13,2.1825961926680293e-08,HJB_CONVERGED,True,True,CONTINUED_TO_HOUSEHOLD_BATCH
6,28,青海,17578407.529567722,213300.65773835868,19336248.282524496,21269873.110776946,19549548.940262854,1.1121342423868361,0.012134242386836053,1.1,1.2100000000000002,58700.0,5553151.027923426,94.60223216223893,5494451.027923426,18,广东,488060.38545916916,0.08788890901850314,7.349813958787037,4.659348061604534,0.7068182087612581,8.019891094056385,0.08572617457007738,0.08572617457007738,0.07643437394951831,0.1362302046017023,0.8,12.70173589936081,2991887.2039404637,0.21279705952015426,0.02115063005986717,0.01559354077083297,0.08875080201618046,HIGH_RA_INCREASE_1P1,DIAGNOSTIC_ONLY,True,27,3.0985392029947434e-10,HJB_CONVERGED,True,True,CONTINUED_TO_HOUSEHOLD_BATCH
6,29,宁夏,18640640.44456374,213340.0787673858,20504704.489020113,22555174.937922128,20718044.5677875,1.1114448899651193,0.01144488996511937,1.1,1.2100000000000002,71000.0,5658237.44142429,79.69348509048295,5587237.44142429,18,广东,496395.85392320267,0.08772976727506332,7.332167290879017,4.6683194206287935,0.693851596191807,8.671839294828972,0.10847425520286316,0.09,0.07895859216426679,0.17148628144695283,0.8,14.039519587227975,3822360.887782608,0.2591856177038734,0.02112903751984374,0.01570876041176472,0.08892965864697411,HIGH_RA_INCREASE_1P1,DIAGNOSTIC_ONLY,True,25,7.466373297404516e-09,HJB_CONVERGED,True,True,CONTINUED_TO_HOUSEHOLD_BATCH
6,30,新疆,49250553.031937115,210282.38032904651,54175608.33513083,59593169.16864392,54385890.71545988,1.1042696450574412,0.0042696450574410075,1.1,1.2100000000000002,252000.0,5191919.691050664,20.602855916867714,4939919.691050664,18,广东,456554.4961460156,0.08793558516187774,8.1905957646414,1.964916060576393,0.6701077334911798,7.212155381299432,0.15624940180092078,0.09,0.08353289813421869,0.6737035346380924,0.8,10.838010123310791,13593619.886409702,0.4624177939080842,0.08692470866126323,0.010597653393869866,0.06122221855900367,HIGH_RA_INCREASE_1P1,DIAGNOSTIC_ONLY,True,16,2.6816491249803676e-09,HJB_CONVERGED,True,True,CONTINUED_TO_HOUSEHOLD_BATCH
7,0,北京,58719043.066994764,208163.71712944107,71050042.11106367,71050042.11106367,71258205.82819311,1.2135450802032306,0.0035450802032304793,1.2100000000000002,1.2100000000000002,219200.0,5888552.242954707,26.863833225158334,5669352.242954707,18,广东,521014.24205047794,0.0884791746008265,7.319400643533648,4.67484631408675,0.686799086886873,9.149565859260772,0.3538863940041331,0.09,0.07859021404863144,1.6269317146587299,1.3,14.960677855555895,35434285.58931582,0.9554052170905317,0.10185515967379932,0.017370118716138694,0.07032820604469925,NONE,DIAGNOSTIC_ONLY,True,25,9.253131594277875e-08,HJB_CONVERGED,True,True,CONTINUED_TO_HOUSEHOLD_BATCH
7,1,天津,64593598.72309723,205393.9063475889,78158254.45494765,78158254.45494765,78363648.36129524,1.2131797873227048,0.0031797873227048523,1.2100000000000002,1.2100000000000002,138300.0,5478770.562719076,39.61511614402803,5340470.562719076,18,广东,482942.39793752745,0.08814795078731066,7.306772763715758,4.67699514522859,0.6967144273757034,9.299961965513571,0.10721796037996453,0.09,0.0648979351639621,0.6710516543773053,0.8,14.752487579583383,14296642.493843421,0.36621317102345036,0.14550067271885236,0.006820878012512743,0.06987573759015042,NONE,DIAGNOSTIC_ONLY,True,22,2.3601921750326937e-08,HJB_CONVERGED,True,True,CONTINUED_TO_HOUSEHOLD_BATCH
7,2,河北,113705229.18254791,207653.25583283894,137583327.31088302,137583327.31088302,137790980.56671587,1.2118262419180346,0.0018262419180340623,1.2100000000000004,1.2100000000000004,742600.0,5923565.231687968,7.976791316574155,5180965.231687968,18,广东,525853.7720534469,0.0887731883562968,7.313928290757831,4.670416463594401,0.6790404076112481,9.13838354911691,0.1593712015838063,0.09,0.08640720433231527,1.5218248307116844,1.3,15.263072987982905,34781921.169235185,0.5755240592260582,0.10693110746462953,0.015155716634119631,0.07039080860312752,NONE,DIAGNOSTIC_ONLY,True,13,1.2575338548259651e-08,HJB_CONVERGED,True,True,CONTINUED_TO_HOUSEHOLD_BATCH
7,3,山西,53478727.38884524,211826.3310930642,64709260.14050276,64709260.14050276,64921086.471595824,1.2139609456214784,0.003960945621478038,1.2100000000000002,1.2100000000000002,350200.0,5472647.716808302,15.627206501451463,5122447.716808302,18,广东,484786.8860064818,0.08858360908514935,7.31659379028865,4.668782092318009,0.6806993763295703,9.024045805429516,0.16820239567441939,0.09,0.08643494408065255,0.8132700111380573,0.8132700111380573,15.036642824038566,17071499.21290265,0.5025998239331836,0.14832266883539935,0.00847183870913537,0.06977016141662551,NONE,DIAGNOSTIC_ONLY,True,13,3.348965993410502e-08,HJB_CONVERGED,True,True,CONTINUED_TO_HOUSEHOLD_BATCH
7,4,内蒙古,82165502.99427319,203933.41019940653,99420258.62307058,99420258.62307058,99624192.03326999,1.212481983347849,0.002481983347848797,1.2100000000000004,1.2100000000000004,242200.0,5410275.463444413,22.338048982016566,5168075.463444413,18,广东,476154.8136702505,0.08800934756233465,7.327476316628973,4.674225693939567,0.6948792275836915,8.946798019133565,0.10046505415366866,0.09,0.07370234641006904,0.8197891713876445,0.8197891713876445,14.369158128070591,17268747.93420169,0.37174516284736714,0.1477377657761516,0.007772885947055164,0.06988178616931573,NONE,DIAGNOSTIC_ONLY,True,25,8.148104413407964e-11,HJB_CONVERGED,True,True,CONTINUED_TO_HOUSEHOLD_BATCH
7,5,辽宁,90061052.78222083,206087.36652752286,108973873.8664872,108973873.8664872,109179961.23301473,1.2122883073222104,0.0022883073222102848,1.21,1.21,429100.0,5724000.398648305,13.339548819968083,5294900.398648305,18,广东,504726.84047675075,0.08817728953966172,7.331908896645574,4.663822734105949,0.6922820518428713,8.524832576136653,0.14432203002859859,0.09,0.08254718051117248,1.1460160806348547,1.1460160806348547,13.898767677840164,25349131.656077042,0.5025462519139362,0.09687506008263669,0.004614845495930275,0.07820470241283872,NONE,DIAGNOSTIC_ONLY,True,15,7.641838273286794e-09,HJB_CONVERGED,True,True,CONTINUED_TO_HOUSEHOLD_BATCH
7,6,吉林,66308917.7271201,207201.60418194855,80233790.44981535,80233790.44981535,80440992.0539973,1.2131247924304038,0.0031247924304034277,1.2100000000000004,1.2100000000000004,248400.0,5366072.939233219,21.60254806454597,5117672.939233219,18,广东,469082.0805723513,0.08741626993974115,7.347078742247097,4.66209066664282,0.702037938477132,8.20393696040602,0.08328021652376023,0.08328021652376023,0.07865409703171532,0.5737020731790361,0.8,13.117110668567568,12040974.066475594,0.3041857310049378,0.14123561482916736,0.004313851026145343,0.06994740145333966,NONE,DIAGNOSTIC_ONLY,True,25,4.4001397192516833e-08,HJB_CONVERGED,True,True,CONTINUED_TO_HOUSEHOLD_BATCH
7,7,黑龙江,58424879.89838116,210462.22521991667,70694104.67704122,70694104.67704122,70904566.90226114,1.2136022705666831,0.003602270566682811,1.2100000000000002,1.2100000000000002,332700.0,5257820.644986644,15.80348856323007,4925120.644986644,18,广东,457654.15923334326,0.0870425581499663,7.358313394133594,4.6476829825828005,0.7060905813684195,7.58627624485292,0.11579108066597343,0.09,0.08487941374011967,0.6737170653320513,0.8,12.159786469215659,13743410.803273696,0.3831243366419138,0.14839117589768258,0.008452011169097995,0.06981752253716556,NONE,DIAGNOSTIC_ONLY,True,20,1.6341956232679422e-08,HJB_CONVERGED,True,True,CONTINUED_TO_HOUSEHOLD_BATCH
7,8,上海,66125294.30800852,207251.6259136883,80011606.11269031,80011606.11269031,80218857.73860401,1.2131342261396725,0.0031342261396723613,1.21,1.21,247500.0,5888391.046014165,23.791478973794604,5640891.046014165,18,广东,533075.3113636657,0.09052987602182143,7.319305048737758,4.67483115905393,0.686726573940705,9.150779401348917,0.34003485139060335,0.09,0.078638460820614,1.7646075166181827,1.3,14.965196610858388,38544978.23878302,0.9522831966074338,0.10247528442883347,0.01715208351381392,0.07034300531445292,NONE,DIAGNOSTIC_ONLY,True,25,8.49650869660934e-08,HJB_CONVERGED,True,True,CONTINUED_TO_HOUSEHOLD_BATCH
7,9,江苏,203535217.25929242,191794.75333636254,246277612.88374388,246277612.88374388,246469407.63708025,1.210942317285033,0.0009423172850329229,1.2100000000000002,1.2100000000000002,844600.0,5773372.688540193,6.835629515202691,4928772.688540193,18,广东,518590.8685912816,0.08982459587628114,7.310503334078137,4.677237306486944,0.6807875705833856,9.421145359308236,0.2786051158456559,0.09,0.08042689327609032,4.5991383880115615,1.3,15.578171393126116,99768815.83694714,1.0819969638759692,0.1074899518069461,0.015241349250241787,0.07039357130692281,NONE,DIAGNOSTIC_ONLY,True,15,7.805867729970828e-09,HJB_CONVERGED,True,True,CONTINUED_TO_HOUSEHOLD_BATCH
7,10,浙江,124249656.20818298,203251.35568215244,150342084.0119014,150342084.0119014,150545335.36758357,1.211635830326497,0.0016358303264968428,1.21,1.21,627300.0,5826710.212286397,9.288554459248202,5199410.212286397,18,广东,528668.7320560918,0.09073194183251522,7.313626270143617,4.672827758537789,0.6809798092121723,9.203904123100024,0.28468697517044206,0.09,0.08335152126850726,2.8392313968270098,1.3,15.270941091009583,62084964.78582508,0.9664834083119189,0.10637069683514921,0.015581068509730178,0.07037875388472759,NONE,DIAGNOSTIC_ONLY,True,16,4.761234317918195e-08,HJB_CONVERGED,True,True,CONTINUED_TO_HOUSEHOLD_BATCH
7,11,安徽,70182433.35888097,213634.81421632346,84920744.36424598,84920744.36424598,85134379.17846231,1.213043992691503,0.0030439926915029067,1.2100000000000002,1.2100000000000002,607600.0,5943114.253808675,9.781294031943178,5335514.253808675,18,广东,537152.9930862668,0.09038241065987071,7.312439812322665,4.670068047818326,0.6759628464806218,9.194813825477098,0.2969490017572114,0.09,0.08895753765628499,1.6364846697513915,1.3,15.47389616747771,36402408.155466154,0.8586425017266467,0.10563300061220726,0.01552973141063052,0.07031593269999181,NONE,DIAGNOSTIC_ONLY,True,13,5.435163741296378e-08,HJB_CONVERGED,True,True,CONTINUED_TO_HOUSEHOLD_BATCH
7,12,福建,87795538.11850408,206181.50721696924,106232601.12338994,106232601.12338994,106438782.63060692,1.212348428082287,0.002348428082286721,1.2100000000000002,1.2100000000000002,410400.0,5866087.403690687,14.293585291643975,5455687.403690687,18,广东,542876.4497408668,0.09254489617718831,7.319713251670599,4.670487846405809,0.6852880992440681,8.988345323094949,0.26589220716295003,0.09,0.08227175724556457,1.8729122083907386,1.3,14.799636963561602,41410194.29984506,0.8311549830556846,0.10461081773148395,0.01624913587240806,0.07036828922412397,NONE,DIAGNOSTIC_ONLY,True,17,2.3636907986457345e-08,HJB_CONVERGED,True,True,CONTINUED_TO_HOUSEHOLD_BATCH
7,13,江西,51050047.92908307,214328.81154459712,61770557.99419053,61770557.99419053,61984886.805735126,1.2141984056869515,0.004198405686951267,1.2100000000000002,1.2100000000000002,451300.0,5819991.469773865,12.896059095443974,5368691.469773865,18,广东,532813.8633581514,0.0915489079537867,7.315720652277946,4.667848928589523,0.6779713879077505,9.046520608740158,0.27042047405630243,0.09,0.08911940181661968,1.1164467647657592,1.1164467647657592,15.183735320429795,24429210.990370136,0.7323123716242852,0.10538559112238532,0.001487149966459489,0.0753950208161529,NONE,DIAGNOSTIC_ONLY,True,14,1.8474288765446545e-10,HJB_CONVERGED,True,True,CONTINUED_TO_HOUSEHOLD_BATCH
7,14,山东,210016973.07581103,193755.71594553068,254120537.42173138,254120537.42173138,254314293.13767692,1.2109225717003151,0.0009225717003148577,1.2100000000000002,1.2100000000000002,1007700.0,5820668.079687804,5.7761914058626616,4812968.079687804,18,广东,517217.4856903386,0.08885878366699101,7.310726899444255,4.674785427559613,0.6791811841224346,9.373698517920158,0.18090895733680584,0.09,0.08264739749146027,3.1923252920792433,1.3,15.57937656063463,71341315.47723614,0.7543980292627841,0.10816445583055523,0.014850158692978566,0.07040499508973364,NONE,DIAGNOSTIC_ONLY,True,39,4.084527871484056e-08,HJB_CONVERGED,True,True,CONTINUED_TO_HOUSEHOLD_BATCH
7,15,河南,168320556.01470312,201642.04343461385,203667872.7777908,203667872.7777908,203869514.82122543,1.2111979644566826,0.0011979644566822844,1.2100000000000002,1.2100000000000002,986400.0,5883937.388394179,5.965062234787286,4897537.388394179,18,广东,526763.7977707664,0.0895257313257252,7.308686001753476,4.6743459528969,0.676609659538263,9.382983617910288,0.16684176188834912,0.09,0.08521699930177669,2.358638403817445,1.3,15.70353119390694,53451369.87769752,0.6635279542513745,0.10810167961483819,0.014767067405117129,0.0703996499051287,NONE,DIAGNOSTIC_ONLY,True,13,1.0102032099723601e-08,HJB_CONVERGED,True,True,CONTINUED_TO_HOUSEHOLD_BATCH
7,16,湖北,101805153.6623069,207019.06132892385,123184235.93139137,123184235.93139137,123391254.99272029,1.2120334831183068,0.002033483118306732,1.2100000000000002,1.2100000000000002,591700.0,5913675.498803354,9.994381441276582,5321975.498803354,18,广东,537829.0825356205,0.09094666804839927,7.309674914227191,4.67381008807738,0.6773064526268143,9.34035482295513,0.2464346691349528,0.09,0.08512090095863711,2.0096765893412067,1.3,15.614596990028112,44979163.88989484,0.807779688666971,0.10599018856445142,0.015623649110611315,0.07037180262469289,NONE,DIAGNOSTIC_ONLY,True,13,5.653273404959691e-09,HJB_CONVERGED,True,True,CONTINUED_TO_HOUSEHOLD_BATCH
7,17,湖南,93791807.14892803,210044.57889729293,113488086.65020293,113488086.65020293,113698131.22910023,1.2122394768293971,0.002239476829396965,1.2100000000000002,1.2100000000000002,663500.0,5921508.45820319,8.924654797593353,5258008.45820319,18,广东,544720.5677261322,0.09199016966217778,7.313206960898688,4.670392559019875,0.6779662486521494,9.1626399428417,0.22868598612543709,0.09,0.08720515977563877,1.728428481572183,1.3,15.342394618197883,38885850.15330155,0.741562643349993,0.10634515392197819,0.015383994442132787,0.07035979249213598,NONE,DIAGNOSTIC_ONLY,True,13,2.1865166122125856e-08,HJB_CONVERGED,True,True,CONTINUED_TO_HOUSEHOLD_BATCH
7,18,广东,191259406.86816654,202006.37349424604,231423882.31048155,231423882.31048155,231625888.6839758,1.2110561905257478,0.0010561905257475115,1.2100000000000002,1.2100000000000002,1234800.0,5709480.202408376,4.623809687729492,4474680.202408376,18,广东,537048.1307159942,0.09406252612794003,7.319418993570155,4.667193628662855,0.6825703882700869,8.908242022505235,0.3249912382834335,0.09,0.08628681949622141,5.0382726274895875,1.3,14.800957521904905,106978386.94246915,1.2181585898566896,0.10852882133919595,0.014694461221303579,0.07037043242165852,NONE,DIAGNOSTIC_ONLY,True,13,8.256917816140685e-09,HJB_CONVERGED,True,True,CONTINUED_TO_HOUSEHOLD_BATCH
7,19,广西,67306708.83876626,211947.46065596605,81441117.69490719,81441117.69490719,81653065.15556316,1.2131489797126125,0.0031489797126121235,1.2100000000000002,1.2100000000000002,494700.0,5599484.684295542,11.318950241147244,5104784.684295542,18,广东,523163.2692064105,0.09343060990481636,7.329119999320932,4.660521296611825,0.687653733539444,8.50381713264947,0.16521054586967535,0.09,0.08756488648564288,0.9842218167283662,0.9842218167283662,14.048658113370953,21166465.801952977,0.522984187050293,0.11058671195247793,0.014219978862606508,0.07839216835065455,NONE,DIAGNOSTIC_ONLY,True,13,1.8954964264850105e-08,HJB_CONVERGED,True,True,CONTINUED_TO_HOUSEHOLD_BATCH
7,20,海南,14673330.466888333,214530.46919845566,17754729.864934884,17754729.864934884,17969260.33413334,1.2246204346506449,0.014620434650644762,1.2100000000000002,1.2100000000000002,98200.0,5504195.342352345,56.05086906672449,5405995.342352345,18,广东,512034.7363190185,0.09302626532513082,7.340406518782926,4.654912504225793,0.6950052044252444,8.109039868656645,0.18979411526913045,0.09,0.08665800033291936,0.24882425102275205,0.8,13.239710019818377,5252464.219615583,0.398482975879137,0.09751204433402227,0.017448071849997637,0.06959582536411979,NONE,DIAGNOSTIC_ONLY,True,13,1.283394146511796e-08,HJB_CONVERGED,True,True,CONTINUED_TO_HOUSEHOLD_BATCH
7,21,重庆,50663834.63130832,211709.9511780862,61303239.90388308,61303239.90388308,61514949.855061166,1.2141787194498552,0.004178719449855016,1.2100000000000002,1.2100000000000002,316300.0,5747803.090602627,18.17199838951194,5431503.090602627,18,广东,523710.4488547197,0.09111489043717595,7.318454051903881,4.668022801279499,0.682224600941292,8.953428704128012,0.25775195226910114,0.09,0.0859279170124764,1.073787562918222,1.073787562918222,14.87675009210004,23261204.98652314,0.7035229910213607,0.10276291399435533,0.006799830120277184,0.07746632450729729,NONE,DIAGNOSTIC_ONLY,True,13,7.682580349666068e-09,HJB_CONVERGED,True,True,CONTINUED_TO_HOUSEHOLD_BATCH
7,22,四川,94830047.41899477,213199.6394128507,114744357.3769837,114744357.3769837,114957557.01639655,1.2122482287546572,0.0022482287546567873,1.2100000000000004,1.2100000000000004,832100.0,5836307.335298857,7.0139494475409885,5004207.335298857,18,广东,530046.11176318,0.09081874570884609,7.319327178208425,4.665548772983527,0.6803637317429702,8.888339169964683,0.2743239179353749,0.09,0.08906204030438919,2.092062997936823,1.3,14.866246032313361,45919909.580067694,0.8719158465274813,0.10719332068176013,0.014970654286558638,0.07034176835324368,NONE,DIAGNOSTIC_ONLY,True,14,1.3603536075379452e-09,HJB_CONVERGED,True,True,CONTINUED_TO_HOUSEHOLD_BATCH
7,23,贵州,39447014.665611394,215262.66258204592,47730887.7453898,47730887.7453898,47946150.407971844,1.2154570076951785,0.00545700769517813,1.2100000000000002,1.2100000000000002,382200.0,5443029.543251248,14.241312253404626,5060829.543251248,18,广东,500236.5579773086,0.09190406813013652,7.324265109957902,4.6620344747867986,0.6829210632743079,8.67811774611732,0.23005551700508584,0.09,0.08979017926137503,0.7972265222050376,0.8,14.47482596652234,16422843.079653323,0.6055821676252021,0.14803062055342253,0.008699210295179283,0.06966906440698506,NONE,DIAGNOSTIC_ONLY,True,14,2.4507036400223114e-09,HJB_CONVERGED,True,True,CONTINUED_TO_HOUSEHOLD_BATCH
7,24,云南,68611984.86091176,211197.211832564,83020501.68170324,83020501.68170324,83231698.89353581,1.2130781387866962,0.0030781387866958944,1.2100000000000002,1.2100000000000002,470300.0,5629751.129027474,11.970553112965073,5159451.129027474,18,广东,518879.8703439689,0.09216746148308055,7.331937355432919,4.659429972951619,0.689815801420078,8.408187026419727,0.17366951409989673,0.09,0.0868977675987508,1.0422328482666128,1.0422328482666128,13.835661534764435,22507552.553456955,0.5475416212383951,0.10639519080563731,0.009956214390652418,0.0779169446020207,NONE,DIAGNOSTIC_ONLY,True,14,3.2642293312790116e-09,HJB_CONVERGED,True,True,CONTINUED_TO_HOUSEHOLD_BATCH
7,25,西藏,6325734.326183821,214880.37832762275,7654138.534682425,7654138.534682425,7869018.913010048,1.2439692385496146,0.033969238549614436,1.2100000000000002,1.2100000000000002,35400.0,5428872.754027277,153.3579874019005,5393472.754027277,18,广东,480368.19802243635,0.08848396707513302,8.162349011358522,1.949226675684545,0.6608311061756453,7.686945077193922,0.12731718022973187,0.09,0.084669706555134,0.07834184268732051,0.8,11.750408452290555,1654158.8378455949,0.23167477142446477,0.09045536322073544,0.017021086803856722,0.06830201359183352,NONE,DIAGNOSTIC_ONLY,True,16,2.700363044283449e-09,HJB_CONVERGED,True,True,CONTINUED_TO_HOUSEHOLD_BATCH
7,26,陕西,73897910.2910824,208613.8181145304,89416471.45220971,89416471.45220971,89625085.27032425,1.212823000234957,0.0028230002349566414,1.2100000000000002,1.2100000000000002,393100.0,5846495.69374378,14.872794947198628,5453395.69374378,18,广东,524845.7102033073,0.08977099064058738,7.313848166914241,4.672140888873813,0.6806706637362793,9.179301916645313,0.18689020296588854,0.09,0.08403762092568115,1.1526004617045766,1.1526004617045766,15.250119799256703,25802140.16876106,0.5884705095000275,0.09700399552517625,0.0033297217085488384,0.0776981011849962,NONE,DIAGNOSTIC_ONLY,True,21,4.770721595548366e-10,HJB_CONVERGED,True,True,CONTINUED_TO_HOUSEHOLD_BATCH
7,27,甘肃,25177704.67938732,215499.17307980778,30465022.662058663,30465022.662058663,30680521.83513847,1.21855912704609,0.008559127046089882,1.2100000000000002,1.2100000000000002,251500.0,5509520.878443131,21.906643651861355,5258020.878443131,18,广东,488422.93627568847,0.08865070975349602,7.326603434690609,4.660441445895282,0.6842386878277809,8.581296173054755,0.1826859405635149,0.09,0.09,0.4103835756397092,0.8,14.290183638784006,8670206.956981732,0.4430807676000297,0.11598233246903611,0.008542235188414016,0.06985438938089761,NONE,DIAGNOSTIC_ONLY,True,14,2.297065648804164e-09,HJB_CONVERGED,True,True,CONTINUED_TO_HOUSEHOLD_BATCH
7,28,青海,17578407.529567722,213158.87555333175,21269873.110776946,21269873.110776946,21483031.98633028,1.222126176685504,0.01212617668550398,1.2100000000000002,1.2100000000000002,58700.0,5506417.838752116,93.80609606051306,5447717.838752116,18,广东,483086.4128123195,0.08773152110116625,7.3385967604433295,4.662505830225802,0.706734575504279,8.232569372831325,0.07399253957356268,0.07399253957356268,0.07198103232001518,0.13558545869802363,0.8,12.973976945193025,2939591.0377652324,0.19545065696033515,0.0987316910950169,0.01747932412236486,0.06972017385925477,NONE,DIAGNOSTIC_ONLY,True,25,1.12303766286459e-09,HJB_CONVERGED,True,True,CONTINUED_TO_HOUSEHOLD_BATCH
7,29,宁夏,18640640.44456374,213196.06552678047,22555174.937922128,22555174.937922128,22768371.003448907,1.2214371641983448,0.011437164198344691,1.2100000000000002,1.2100000000000002,71000.0,5610966.009855984,79.02769027966174,5539966.009855984,18,广东,491342.1246968699,0.0875681876942044,7.327884232650396,4.670324611335602,0.6914659425364365,8.821340613320546,0.09430911776730555,0.09,0.07895475358960681,0.17077384585703345,0.8,14.331826740628538,3755147.902636028,0.23801869629110745,0.09873536708081931,0.01758415469387331,0.06978175107857898,NONE,DIAGNOSTIC_ONLY,True,25,5.827266269520237e-08,HJB_CONVERGED,True,True,CONTINUED_TO_HOUSEHOLD_BATCH
7,30,新疆,49250553.031937115,210147.02938976337,59593169.16864392,59593169.16864392,59803316.19803368,1.2142668968458792,0.004266896845878888,1.2100000000000002,1.2100000000000002,252000.0,5139946.0261816,20.39661121500635,4887946.0261816,18,广东,451403.97694485664,0.08782270760150353,8.175308044503105,1.954167197430515,0.6677134922684217,7.346125012497222,0.14239347335325725,0.09,0.08353064536958907,0.6910972962517864,0.8,11.090389458632954,13703221.693609463,0.43574077683370127,0.14743538660971622,0.008062738852168128,0.0697785761713634,NONE,DIAGNOSTIC_ONLY,True,16,2.659289233264417e-09,HJB_CONVERGED,True,True,CONTINUED_TO_HOUSEHOLD_BATCH
8,0,北京,58719043.066994764,215268.11455050827,71050042.11106367,78155046.32217005,71265310.22561418,1.2136660698694444,0.003666069869444241,1.2100000000000002,1.3310000000000004,219200.0,5875112.756781937,26.80252170064752,5655912.756781937,18,广东,521144.20355624735,0.0887036938916048,7.319529669679012,4.6747831254370285,0.6868723767818614,9.144668139153358,0.3521338099638293,0.09,0.07859099398504396,1.6232724090109996,1.3,14.95106743521858,35415692.80078005,0.9554052170905317,0.04087471387400399,0.0005247118215182534,0.06976659218208336,HIGH_RA_INCREASE_1P1,DIAGNOSTIC_ONLY,True,26,8.56617119460168e-08,HJB_CONVERGED,True,True,CONTINUED_TO_HOUSEHOLD_BATCH
8,1,天津,64593598.72309723,212498.55894230938,78158254.45494765,85974079.90044242,78370753.01388995,1.2132897773640583,0.0032897773640582846,1.2100000000000002,1.3310000000000002,138300.0,5462708.639182673,39.49897786827674,5324408.639182673,18,广东,482840.6390956249,0.08838850302802663,7.306681755410965,4.677069751130238,0.6966409585136867,9.305208705593099,0.10686245391556298,0.09,0.0648996410426864,0.6704673324641571,0.8,14.762429646235216,14286609.282756539,0.36621317102345036,0.05672078061301189,0.0007017879261653759,0.06912491171501234,HIGH_RA_INCREASE_1P1,DIAGNOSTIC_ONLY,True,22,4.12554630457862e-08,HJB_CONVERGED,True,True,CONTINUED_TO_HOUSEHOLD_BATCH
8,2,河北,113705229.18254791,214757.68646926183,137583327.31088302,151341660.04197133,137798084.99735227,1.211888723043023,0.0018887230430227565,1.2100000000000004,1.3310000000000004,742600.0,5909750.687589085,7.958188375422953,5167150.687589085,18,广东,525951.4711183703,0.08899723506490848,7.314017868971414,4.670361687649237,0.6790968848153731,9.134505213212229,0.15919793305732238,0.09,0.08640745075814814,1.5240272744641719,1.3,15.255358788414496,34761980.89861493,0.5755240592260582,0.0426789689992062,0.0005732941122842394,0.06977715985471211,HIGH_RA_INCREASE_1P1,DIAGNOSTIC_ONLY,True,13,1.2965046369828315e-08,HJB_CONVERGED,True,True,CONTINUED_TO_HOUSEHOLD_BATCH
8,3,山西,53478727.38884524,218930.93411607185,64709260.14050276,71180186.15455304,64928191.07461883,1.2140937947629948,0.0040937947629946245,1.2100000000000002,1.3310000000000004,350200.0,5474348.533918474,15.632063203650697,5124148.533918474,18,广东,486243.0843833274,0.08882209113479304,7.316441809008554,4.668873623014603,0.6806037858544888,9.030471456813823,0.16735817310452641,0.09,0.08643518860680327,0.8095533376224284,0.8095533376224284,15.049427007857739,17074267.62070296,0.5025998239331836,0.054268384893464194,0.00016216547625869104,0.06994364120433882,HIGH_RA_INCREASE_1P1,DIAGNOSTIC_ONLY,True,13,3.195007991507737e-08,HJB_CONVERGED,True,True,CONTINUED_TO_HOUSEHOLD_BATCH
8,4,内蒙古,82165502.99427319,211038.119998045,99420258.62307058,109362284.48537765,99631296.74306862,1.2125684516288153,0.0025684516288150033,1.2100000000000004,1.3310000000000006,242200.0,5420527.422089857,22.38037746527604,5178327.422089857,18,广东,478348.5414429154,0.08824760105327362,7.32736033384383,4.674328191357342,0.6947844281179995,8.95347878248732,0.10044661237087549,0.09,0.07370345812611656,0.8160430557657975,0.8160430557657975,14.381855577835498,17278221.62737163,0.37174516284736714,0.052364346770771064,0.000548603361751443,0.07046872691388484,HIGH_RA_INCREASE_1P1,DIAGNOSTIC_ONLY,True,25,1.0972778241580272e-10,HJB_CONVERGED,True,True,CONTINUED_TO_HOUSEHOLD_BATCH
8,5,辽宁,90061052.78222083,213191.93388454322,108973873.8664872,119871261.25313593,109187065.80037175,1.2123671934459848,0.002367193445984566,1.21,1.3310000000000002,429100.0,5699105.367119204,13.281531967185282,5270005.367119204,18,广东,503801.8825067432,0.08840016986059095,7.331877247898025,4.663838316927635,0.6922635715768601,8.525938304025892,0.1438176732509753,0.09,0.0825476908346757,1.1476682935367402,1.1476682935367402,13.900954918868598,25321426.31367772,0.5025462519139362,0.04121735929579806,0.001092950353298594,0.07702627820240826,HIGH_RA_INCREASE_1P1,DIAGNOSTIC_ONLY,True,15,7.658929490617084e-09,HJB_CONVERGED,True,True,CONTINUED_TO_HOUSEHOLD_BATCH
8,6,吉林,66308917.7271201,214306.2413185973,80233790.44981535,88257169.49479689,80448096.69113395,1.2132319369500277,0.003231936950027264,1.2100000000000004,1.3310000000000004,248400.0,5350496.294659791,21.53984015563523,5102096.294659791,18,广东,469019.83977297856,0.08765912804034584,7.346980982936405,4.662131894379076,0.7019856078372085,8.206902374877195,0.08319927253795059,0.08319927253795059,0.07865487262266735,0.5736593331858023,0.8,13.122880711857853,12032594.291529624,0.3041857310049378,0.05523690814376003,0.0006959382936718717,0.06920278408445357,HIGH_RA_INCREASE_1P1,DIAGNOSTIC_ONLY,True,25,5.0817188235185995e-08,HJB_CONVERGED,True,True,CONTINUED_TO_HOUSEHOLD_BATCH
8,7,黑龙江,58424879.89838116,216067.4293449021,70694104.67704122,77763515.14474535,70910172.10638613,1.2136982092170447,0.0036982092170443456,1.2100000000000002,1.3310000000000004,332700.0,5241621.094155703,15.7547973975224,4908921.094155703,18,广东,457544.55986788915,0.08729065906309819,9.548625050163604,-1.997854364821776,0.7322528921786459,8.635769085321192,0.11516584186851667,0.09,0.0848797647218627,0.6728512604322884,0.8,12.168560736975806,13733109.27288744,0.3831243366419138,0.05784637290617689,0.0007495614104616743,0.06901562860603594,HIGH_RA_INCREASE_1P1,DIAGNOSTIC_ONLY,False,100,0.6293675726381389,HJB_NONCONVERGED_DIAGNOSTIC_ONLY,True,True,CONTINUED_TO_HOUSEHOLD_BATCH
8,8,上海,66125294.30800852,214355.98874370556,80011606.11269031,88012766.72395936,80225962.10143402,1.2132416640407717,0.00324166404077153,1.21,1.3310000000000002,247500.0,5875185.042294706,23.738121383008913,5627685.042294706,18,广东,533205.843274731,0.09075558291972938,7.3194505023698255,4.674759937319008,0.6868092951929379,9.145257164203894,0.3384388451780164,0.09,0.07863923747519741,1.7609973112409278,1.3,14.954355173808166,38524836.93254101,0.9522831966074338,0.04104256146777052,0.0005225403453915645,0.0697837079107686,HIGH_RA_INCREASE_1P1,DIAGNOSTIC_ONLY,True,28,6.936851093541918e-11,HJB_CONVERGED,True,True,CONTINUED_TO_HOUSEHOLD_BATCH
8,9,江苏,203535217.25929242,198898.9999728121,246277612.88374388,270905374.1721183,246476511.8837167,1.2109772215474606,0.0009772215474603883,1.2100000000000002,1.3310000000000004,844600.0,5759894.08265672,6.819670947971489,4915294.08265672,18,广东,518687.1544600751,0.09005150911053446,7.310589715713885,4.677191064654584,0.6808387965435775,9.417555611852107,0.2775027866012504,0.09,0.08042754818232495,4.593295503303564,1.3,15.571078103928796,99709880.82087713,1.0819969638759692,0.042855659813667346,0.0005907158020831416,0.06976127290990375,HIGH_RA_INCREASE_1P1,DIAGNOSTIC_ONLY,True,15,1.2096581514242644e-08,HJB_CONVERGED,True,True,CONTINUED_TO_HOUSEHOLD_BATCH
8,10,浙江,124249656.20818298,210355.70641780755,150342084.0119014,165376292.41309157,150552439.7183192,1.2116930083578288,0.0016930083578287898,1.21,1.3310000000000002,627300.0,5813325.211795724,9.26721698038534,5186025.211795724,18,广东,528774.1250259345,0.09095897885654282,7.313731363038178,4.672768125577616,0.6810438517545045,9.199514232807525,0.2835611009977154,0.09,0.08335197667456593,2.8355565867892385,1.3,15.262244251535583,62049741.126445346,0.9664834083119189,0.042439407917780114,0.0005673460474890923,0.06977147872939482,HIGH_RA_INCREASE_1P1,DIAGNOSTIC_ONLY,True,15,5.1189268601703475e-08,HJB_CONVERGED,True,True,CONTINUED_TO_HOUSEHOLD_BATCH
8,11,安徽,70182433.35888097,220739.31442002027,84920744.36424598,93412818.8006706,85141483.678666,1.2131452217293646,0.0031452217293643846,1.2100000000000002,1.3310000000000004,607600.0,5929589.552080705,9.75903481250939,5321989.552080705,18,广东,537258.5664638123,0.09060636689014792,7.312543855442952,4.669999367403802,0.6760313290654898,9.190034831128838,0.29569822000211227,0.09,0.08895760923725755,1.633981350787738,1.3,15.464342061617733,36382934.244971335,0.8586425017266467,0.042193293550904176,0.0005349621489778578,0.06974335418854949,HIGH_RA_INCREASE_1P1,DIAGNOSTIC_ONLY,True,13,5.718110607233484e-08,HJB_CONVERGED,True,True,CONTINUED_TO_HOUSEHOLD_BATCH
8,12,福建,87795538.11850408,213285.8628881091,106232601.12338994,116855861.23572895,106445886.98627806,1.2124293474071568,0.002429347407156632,1.2100000000000002,1.3310000000000002,410400.0,5853021.381337108,14.261748005207378,5442621.381337108,18,广东,542995.2754179421,0.09277179084794257,7.319847631196918,4.670415645070309,0.6853676386880216,8.983080904786584,0.26501733426002655,0.09,0.0822722863651837,1.8715726731192606,1.3,14.789261166707394,41388056.00846745,0.8311549830556846,0.041762799244659865,0.0005346096957988822,0.06979605995862914,HIGH_RA_INCREASE_1P1,DIAGNOSTIC_ONLY,True,17,2.2318688674971554e-08,HJB_CONVERGED,True,True,CONTINUED_TO_HOUSEHOLD_BATCH
8,13,江西,51050047.92908307,221433.34003439202,61770557.99419053,67947613.79360959,61991991.334224924,1.214337573597228,0.004337573597227556,1.2100000000000002,1.3310000000000004,451300.0,5802931.214558084,12.858256624325469,5351631.214558084,18,广东,532540.3560477742,0.09177092341052837,7.315709653583396,4.667856082340945,0.6779641553315636,9.047011725056251,0.2689994786361739,0.09,0.08911946228742403,1.114470787608546,1.114470787608546,15.184717593462116,24412500.665318698,0.7323123716242852,0.0428232946698508,0.0006840304853900081,0.07465941783807795,HIGH_RA_INCREASE_1P1,DIAGNOSTIC_ONLY,True,14,1.844737695932963e-10,HJB_CONVERGED,True,True,CONTINUED_TO_HOUSEHOLD_BATCH
8,14,山东,210016973.07581103,195256.25167538007,254120537.42173138,279532591.16390455,254315793.67340675,1.2109297165310773,0.0009297165310772159,1.2100000000000002,1.3310000000000004,1007700.0,5806869.895633117,5.762498655982055,4799169.895633117,18,广东,517307.8921107739,0.089085497248664,9.194937285021672,-1.233099929362972,0.6365614961706028,9.780069831385763,0.18059243612365103,0.09,0.082647900974598,3.1950108205308654,1.3,15.572744721794319,71297294.09991412,0.7543980292627841,0.04310789260624137,0.0006170530642383154,0.06974449840753749,HIGH_RA_INCREASE_1P1,DIAGNOSTIC_ONLY,False,100,0.08109463792040295,HJB_NONCONVERGED_DIAGNOSTIC_ONLY,True,True,CONTINUED_TO_HOUSEHOLD_BATCH
8,15,河南,168320556.01470312,208746.4074864794,203667872.7777908,224034660.05556992,203876619.18527728,1.2112401718033077,0.0012401718033075236,1.2100000000000002,1.3310000000000004,986400.0,5870259.364456237,5.951195624955634,4883859.364456237,18,广东,526855.116720288,0.08974988735767565,7.308771803441973,4.6742937679882255,0.6766638327554718,9.379150788353048,0.16660888070435778,0.09,0.08521732719245134,2.361346566588824,1.3,15.695893952350342,53420172.727592774,0.6635279542513745,0.04306788718929355,0.0005836548282323051,0.06977490598132352,HIGH_RA_INCREASE_1P1,DIAGNOSTIC_ONLY,True,13,9.670293454888679e-09,HJB_CONVERGED,True,True,CONTINUED_TO_HOUSEHOLD_BATCH
8,16,湖北,101805153.6623069,214123.45901228685,123184235.93139137,135502659.52453053,123398359.39040366,1.2121032673819496,0.0021032673819495005,1.2100000000000002,1.3310000000000004,591700.0,5900307.582701041,9.971789053069193,5308607.582701041,18,广东,537936.8469265618,0.09117098378120572,7.30978614987012,4.67374295597029,0.6773764576846825,9.335438347467386,0.24568528919381152,0.09,0.08512123542318902,2.0087845165504423,1.3,15.604804947379515,44954422.45061982,0.807779688666971,0.042277089359234576,0.0005500644550795464,0.06978302914234957,HIGH_RA_INCREASE_1P1,DIAGNOSTIC_ONLY,True,13,5.391703084001165e-09,HJB_CONVERGED,True,True,CONTINUED_TO_HOUSEHOLD_BATCH
8,17,湖南,93791807.14892803,217149.02038903057,113488086.65020293,124836895.31522323,113705235.67059197,1.212315223759835,0.002315223759834682,1.2100000000000002,1.3310000000000002,663500.0,5908236.741007381,8.904652209506226,5244736.741007381,18,广东,544825.4000138524,0.09221455129453009,7.313321243785951,4.6703211394659565,0.6780392045714295,9.157605100969956,0.22807180608034602,0.09,0.08720535153731024,1.728225077323625,1.3,15.332360344709972,38864797.47878543,0.741562643349993,0.04238789047171054,0.0005413967917152762,0.06978030313449968,HIGH_RA_INCREASE_1P1,DIAGNOSTIC_ONLY,True,13,2.265039977800143e-08,HJB_CONVERGED,True,True,CONTINUED_TO_HOUSEHOLD_BATCH
8,18,广东,191259406.86816654,209110.73357049894,231423882.31048155,254566270.54152972,231632993.04405203,1.2110933356795082,0.001093335679507974,1.2100000000000002,1.3310000000000002,1234800.0,5696518.760851407,4.613312893465668,4461718.760851407,18,广东,537137.8922467151,0.09429230637106406,7.3195093981087975,4.667139808288777,0.682626357852607,8.904520830815981,0.32331534635237474,0.09,0.08628707416575497,5.0257104170769376,1.3,14.793585535198488,106917147.93137714,1.2181585898566896,0.04315756767933476,0.0005724428348778954,0.06975770653695368,HIGH_RA_INCREASE_1P1,DIAGNOSTIC_ONLY,True,13,8.326408451608813e-09,HJB_CONVERGED,True,True,CONTINUED_TO_HOUSEHOLD_BATCH
8,19,广西,67306708.83876626,219052.03758021686,81441117.69490719,89585229.4643979,81660169.73248741,1.2132545349692403,0.0032545349692399564,1.2100000000000002,1.3310000000000002,494700.0,5586220.503524749,11.292137666312408,5091520.503524749,18,广东,523167.9877402798,0.09365330054733348,7.3290164216880935,4.660582027494719,0.6875902571306013,8.507795726858282,0.16438008822510963,0.09,0.08756505359170472,0.9823369562110759,0.9823369562110759,14.056517032081508,21154680.9171851,0.522984187050293,0.04404603072578017,0.0005567714930845291,0.07779175033295127,HIGH_RA_INCREASE_1P1,DIAGNOSTIC_ONLY,True,13,1.8937286405673603e-08,HJB_CONVERGED,True,True,CONTINUED_TO_HOUSEHOLD_BATCH
8,20,海南,14673330.466888333,221634.980062488,17754729.864934884,19530202.851428375,17976364.844997372,1.2251046131321468,0.01510461313214658,1.2100000000000002,1.3310000000000002,98200.0,5492393.739830559,55.930689814975146,5394193.739830559,18,广东,512132.67262202123,0.09324398374939168,7.340526745798888,4.6548463592375695,0.6950756383673355,8.104875314711562,0.1896111833981163,0.09,0.08665822958199465,0.24924503980108687,0.8,13.23156780344105,5251044.1676350515,0.398482975879137,0.03948760669731288,0.0002703591916397574,0.06930665030139327,HIGH_RA_INCREASE_1P1,DIAGNOSTIC_ONLY,True,13,1.2770658752714326e-08,HJB_CONVERGED,True,True,CONTINUED_TO_HOUSEHOLD_BATCH
8,21,重庆,50663834.63130832,218814.49927919038,61303239.90388308,67433563.89427139,61522054.40316227,1.214318948632127,0.004318948632126857,1.2100000000000002,1.3310000000000004,316300.0,5731101.408400667,18.119195094532618,5414801.408400667,18,广东,523436.7002746775,0.09133265370377538,7.318412776484134,4.668046963642931,0.6821987560018254,8.955130632524968,0.25637667408658504,0.09,0.0859281962537751,1.0718025666598299,1.0718025666598299,14.880138488316941,23245464.762600873,0.7035229910213607,0.04186527195703982,0.0006766727661523531,0.07673723238905694,HIGH_RA_INCREASE_1P1,DIAGNOSTIC_ONLY,True,13,7.692567915995596e-09,HJB_CONVERGED,True,True,CONTINUED_TO_HOUSEHOLD_BATCH
8,22,四川,94830047.41899477,220304.13297854963,114744357.3769837,126218793.11468208,114964661.50996225,1.2123231469241516,0.0023231469241511947,1.2100000000000004,1.3310000000000004,832100.0,5823145.444114197,6.998131767953608,4991045.444114197,18,广东,530141.6044379884,0.09104041956805911,7.3194327396504155,4.665481434780992,0.680432642724258,8.883760674967043,0.2732642977873216,0.09,0.08906210471260106,2.0894980171760924,1.3,14.857121085537466,45894858.04186503,0.8719158465274813,0.04270204217496576,0.0005455485089530532,0.0697578449974483,HIGH_RA_INCREASE_1P1,DIAGNOSTIC_ONLY,True,14,1.3861525260949747e-09,HJB_CONVERGED,True,True,CONTINUED_TO_HOUSEHOLD_BATCH
8,23,贵州,39447014.665611394,222367.19295087998,47730887.7453898,52503976.51992878,47953254.93834068,1.2156371108139836,0.005637110813983406,1.2100000000000002,1.3310000000000004,382200.0,5427352.504714026,14.200294360842559,5045152.504714026,18,广东,500093.6208780646,0.09214319881446785,7.324152429697936,4.662106089911978,0.6828489517517901,8.682803943292985,0.22847873300368085,0.09,0.08979019367402491,0.7947042830537298,0.8,14.484134158844371,16412236.1858372,0.6055821676252021,0.057584412027034126,0.0006458622154932314,0.06897820557520262,HIGH_RA_INCREASE_1P1,DIAGNOSTIC_ONLY,True,14,2.4671975573653526e-09,HJB_CONVERGED,True,True,CONTINUED_TO_HOUSEHOLD_BATCH
8,24,云南,68611984.86091176,218301.77709354574,83020501.68170324,91322551.84987357,83238803.45879678,1.2131816857876374,0.0031816857876372593,1.2100000000000002,1.3310000000000004,470300.0,5613498.776503364,11.935995697434326,5143198.776503364,18,广东,518608.73058483924,0.09238600581077877,7.331871686542538,4.6594672831498345,0.6897760546720101,8.41062885222903,0.17287009873855397,0.09,0.08689798042290797,1.0411332856642022,1.0411332856642022,13.840476674227855,22491933.642562848,0.5475416212383951,0.04310439528734311,0.0006939408830440863,0.0771689339656354,HIGH_RA_INCREASE_1P1,DIAGNOSTIC_ONLY,True,14,3.3318339198729063e-09,HJB_CONVERGED,True,True,CONTINUED_TO_HOUSEHOLD_BATCH
8,25,西藏,6325734.326183821,221984.88834818397,7654138.534682425,8419552.388150668,7876123.423030608,1.245092350848396,0.03509235084839592,1.2100000000000002,1.3310000000000004,35400.0,5416721.689504967,153.01473699166573,5381321.689504967,18,广东,480451.65338433126,0.08869786578018551,8.162569424005227,1.9493882820528556,0.6608643765670604,7.684938538946752,0.12738928724352422,0.09,0.08467007187757591,0.07862567615556536,0.8,11.746587957056375,1654289.8876235564,0.23167477142446477,0.03757567848117005,7.922442208285752e-05,0.0683866492014702,HIGH_RA_INCREASE_1P1,DIAGNOSTIC_ONLY,True,16,2.7007880376572757e-09,HJB_CONVERGED,True,True,CONTINUED_TO_HOUSEHOLD_BATCH
8,26,陕西,73897910.2910824,215718.36131061232,89416471.45220971,98358118.59743069,89632189.81352033,1.2129191402092552,0.00291914020925493,1.2100000000000002,1.3310000000000002,393100.0,5823103.2198759,14.813287254835666,5430003.2198759,18,广东,524008.64883361815,0.08998786884715151,7.313830676355634,4.672150599289514,0.6806596063738056,9.18002768182602,0.18615230929492296,0.09,0.08403802945713847,1.1532921033807155,1.1532921033807155,15.251578199814167,25776569.740040466,0.5884705095000275,0.04091445359889523,0.0009910196810554162,0.07663008115648573,HIGH_RA_INCREASE_1P1,DIAGNOSTIC_ONLY,True,20,7.671226098793227e-09,HJB_CONVERGED,True,True,CONTINUED_TO_HOUSEHOLD_BATCH
8,27,甘肃,25177704.67938732,222603.69981004272,30465022.662058663,33511524.928264532,30687626.361868706,1.2188413023603495,0.00884130236034922,1.2100000000000002,1.3310000000000004,251500.0,5496269.951920275,21.853956071253577,5244769.951920275,18,广东,488469.18641505716,0.08887285207750702,7.326635307826277,4.660421304222923,0.6842589669826661,8.57999594419894,0.1821780675029715,0.09,0.09,0.4104620264149366,0.8,14.287604751732854,8666221.5613059,0.4430807676000297,0.046132182833620305,0.0004596655761052171,0.06936261414665412,HIGH_RA_INCREASE_1P1,DIAGNOSTIC_ONLY,True,14,2.2897044260616894e-09,HJB_CONVERGED,True,True,CONTINUED_TO_HOUSEHOLD_BATCH
8,28,青海,17578407.529567722,220262.8749592864,21269873.110776946,23396860.42185464,21490135.985736232,1.2225303088228439,0.012530308822843804,1.2100000000000002,1.3310000000000002,58700.0,5494063.364106138,93.59562800862246,5435363.364106138,18,广东,483173.87218865944,0.08794472145067257,7.3402503195362065,4.662365295357928,0.7063241604461955,8.216504126616949,0.07392202588799861,0.07392202588799861,0.07285710763687903,0.13616437451667737,0.8,12.969295526659051,2938579.2471868647,0.19545065696033515,0.03996032415397832,0.00034419433362298246,0.06935198223685024,HIGH_RA_INCREASE_1P1,DIAGNOSTIC_ONLY,True,24,1.786792935831727e-09,HJB_CONVERGED,True,True,CONTINUED_TO_HOUSEHOLD_BATCH
8,29,宁夏,18640640.44456374,220300.567989216,22555174.937922128,24810692.43171434,22775475.505911343,1.2218182939392228,0.011818293939222638,1.2100000000000002,1.3310000000000002,71000.0,5598329.334083828,78.84970893075814,5527329.334083828,18,广东,491433.10456955596,0.0877820998449673,7.327961446423764,4.670287236523011,0.6915089465080553,8.818568138776492,0.09422528840275717,0.09,0.07895550872603947,0.17142465555136624,0.8,14.326427927038894,3753795.392624284,0.23801869629110745,0.03995110167410787,0.0003601748977168917,0.0693964425458049,HIGH_RA_INCREASE_1P1,DIAGNOSTIC_ONLY,True,25,5.056245022672101e-08,HJB_CONVERGED,True,True,CONTINUED_TO_HOUSEHOLD_BATCH
8,30,新疆,49250553.031937115,217251.87870430847,59593169.16864392,65552486.08550832,59810421.04734823,1.2144111561257687,0.004411156125768352,1.2100000000000002,1.3310000000000004,252000.0,5124920.542115323,20.33698627823541,4872920.542115323,18,广东,451296.4333654286,0.08805920592461614,8.174815302480738,1.9538209944306155,0.6676340025989314,7.350596656461573,0.14160401560098032,0.09,0.0835310885405045,0.6899365500153251,0.8,11.09883464292923,13693919.51273229,0.43574077683370127,0.05739752338997639,0.0006788316707677655,0.06905237659314944,HIGH_RA_INCREASE_1P1,DIAGNOSTIC_ONLY,True,16,2.6587549939449673e-09,HJB_CONVERGED,True,True,CONTINUED_TO_HOUSEHOLD_BATCH
9,0,北京,58719043.066994764,208725.3328278744,78155046.32217005,78155046.32217005,78363771.65499793,1.3345546446591399,0.003554644659139486,1.3310000000000004,1.3310000000000004,219200.0,5889235.785195885,26.866951574798748,5670035.785195885,18,广东,521208.0399549158,0.08850181228354055,7.319636844295639,4.6747479969434025,0.6869382493911798,9.141279941005054,0.31877888411999383,0.09,0.07857805993406312,1.6231907164743329,1.3,14.943825109729465,35531758.32194528,0.8930968905485447,0.11447513895129813,0.003277234242405447,0.07327246788936392,NONE,DIAGNOSTIC_ONLY,True,26,7.397397583375209e-08,HJB_CONVERGED,True,True,CONTINUED_TO_HOUSEHOLD_BATCH
9,1,天津,64593598.72309723,205955.963324328,85974079.90044242,85974079.90044242,86180035.86376674,1.3341884887573339,0.0031884887573338247,1.3310000000000002,1.3310000000000002,138300.0,5475770.03654757,39.593420365492186,5337470.03654757,18,广东,482896.2464350729,0.08818782439949491,7.306624853787373,4.677067174148819,0.6966559602658909,9.305811717062994,0.09538269445357894,0.09,0.0648713516564839,0.6710909667983347,0.8,14.762595891497204,14342362.282192621,0.34253543904051204,0.12109279018059005,0.0039024654718720075,0.0732971347680984,NONE,DIAGNOSTIC_ONLY,True,22,1.867502952279665e-08,HJB_CONVERGED,True,True,CONTINUED_TO_HOUSEHOLD_BATCH
9,2,河北,113705229.18254791,208214.9311661556,151341660.04197133,151341660.04197133,151549874.97313747,1.3328311816673966,0.001831181667396116,1.3310000000000004,1.3310000000000004,742600.0,5923868.275801445,7.977199401833349,5181268.275801445,18,广东,526015.886049684,0.08879601327369468,7.314093367647476,4.670318218386608,0.6791477005924202,9.131286430906908,0.14294930974474232,0.09,0.08640336416309505,1.5246226846521889,1.3,15.248789503544312,34879883.22367541,0.5379849942806977,0.11543853304156948,0.0033917032922936574,0.07340552656981192,NONE,DIAGNOSTIC_ONLY,True,13,1.3246562513558047e-08,HJB_CONVERGED,True,True,CONTINUED_TO_HOUSEHOLD_BATCH
9,3,山西,53478727.38884524,212388.26497568283,71180186.15455304,71180186.15455304,71392574.41952872,1.334971453236563,0.003971453236562683,1.3310000000000004,1.3310000000000004,350200.0,5482591.262448013,15.655600406761886,5132391.262448013,18,广东,485874.8838825435,0.08862139463331016,7.31643150490134,4.668882509446099,0.6806003001810518,9.030957692756806,0.1502956995617336,0.09,0.08643113351506905,0.809976464418432,0.809976464418432,15.050236787260857,17122862.027109396,0.46974420387923643,0.1209900725186348,0.0028460609547618088,0.07298876602536608,NONE,DIAGNOSTIC_ONLY,True,13,3.1720134963109103e-08,HJB_CONVERGED,True,True,CONTINUED_TO_HOUSEHOLD_BATCH
9,4,内蒙古,82165502.99427319,204495.50892625147,109362284.48537765,109362284.48537765,109566779.99430391,1.3334888244028709,0.0024888244028701983,1.3310000000000006,1.3310000000000006,242200.0,5428985.954013698,22.41530121392939,5186785.954013698,18,广东,477997.41658024833,0.0880454325410182,7.327320267493622,4.674333411082426,0.694789816439086,8.954030023956362,0.08935512638715827,0.08935512638715827,0.07368502201798764,0.8161314698209041,0.8161314698209041,14.382339836240352,17321010.629370395,0.34727325843426776,0.12030714877394799,0.0024764702595885257,0.07311971087990643,NONE,DIAGNOSTIC_ONLY,True,25,9.157075098187306e-11,HJB_CONVERGED,True,True,CONTINUED_TO_HOUSEHOLD_BATCH
9,5,辽宁,90061052.78222083,206649.10490179222,119871261.25313593,119871261.25313593,120077910.35803773,1.3332945446285367,0.002294544628536558,1.3310000000000002,1.3310000000000002,429100.0,5714427.959831345,13.317240642813667,5285327.959831345,18,广东,503991.6118964746,0.08819633661307884,7.331997737524973,4.66378657248899,0.6923370410211853,8.521961574204319,0.12766686408782693,0.09,0.0825392279009014,1.1383324305828462,1.1383324305828462,13.892826429064174,25237398.609887764,0.466605376381997,0.11444239215682384,0.003318442758675433,0.0734522281486043,NONE,DIAGNOSTIC_ONLY,True,15,7.601044682559177e-09,HJB_CONVERGED,True,True,CONTINUED_TO_HOUSEHOLD_BATCH
9,6,吉林,66308917.7271201,207773.13187370688,88257169.49479689,88257169.49479689,88464942.6266706,1.3341334115982528,0.0031334115982521674,1.3310000000000004,1.3310000000000004,248400.0,5363618.637438748,21.592667622539242,5115218.637438748,18,广东,469074.43143977324,0.08745484404233615,7.338511774727697,4.663737174662948,0.7050608918225396,8.298534994277052,0.07377378821529618,0.07377378821529618,0.07284295482589696,0.574139340080322,0.8,13.122348308850079,12078922.473721148,0.28449769822233356,0.12042166433320856,0.003850223905923489,0.07331945420401542,NONE,DIAGNOSTIC_ONLY,True,28,2.5947728410358195e-09,HJB_CONVERGED,True,True,CONTINUED_TO_HOUSEHOLD_BATCH
9,7,黑龙江,58424879.89838116,211024.18892148242,77763515.14474535,77763515.14474535,77974539.33366683,1.3346118891350491,0.0036118891350486026,1.3310000000000004,1.3310000000000004,332700.0,5254670.407173776,15.794019859253911,4921970.407173776,18,广东,457596.4708491513,0.08708376270839592,7.358150822579171,4.647770243042144,0.706003473508043,7.591287250343473,0.10290713792022708,0.09,0.08487394422715978,0.6734873646060345,0.8,12.16927109561348,13788270.445427123,0.358389836771139,0.12142256201214408,0.004016655765536337,0.07330949639412476,NONE,DIAGNOSTIC_ONLY,True,67,6.457545165261536e-09,HJB_CONVERGED,True,True,CONTINUED_TO_HOUSEHOLD_BATCH
9,8,上海,66125294.30800852,207813.20214671802,88012766.72395936,88012766.72395936,88220579.92610608,1.33414271874812,0.0031427187481198023,1.3310000000000002,1.3310000000000002,247500.0,5889048.130776538,23.794133861723385,5641548.130776538,18,广东,533271.669479179,0.09055311786165705,7.319550149122526,4.674728223170546,0.6868709381184225,9.142141707290971,0.30629295978667276,0.09,0.0786263578483265,1.761047117951633,1.3,14.947652157565303,38651197.164084956,0.8901642355978601,0.1146402710557588,0.003279967979233911,0.07329256421742203,NONE,DIAGNOSTIC_ONLY,True,25,9.693154545686866e-08,HJB_CONVERGED,True,True,CONTINUED_TO_HOUSEHOLD_BATCH
9,9,江苏,203535217.25929242,192356.0814803875,270905374.1721183,270905374.1721183,271097730.2535987,1.3319450751770168,0.0009450751770163523,1.3310000000000004,1.3310000000000004,844600.0,5773468.538295748,6.8357430005869615,4928868.538295748,18,广东,518750.7729249049,0.0898508010365002,7.3106650212920155,4.677162340618416,0.6808894019867724,9.414845673743201,0.2507719376701522,0.09,0.08041668756536913,4.594868777495973,1.3,15.565227788770148,100055164.34969267,1.0114377770778549,0.11564548219231185,0.003462881772327231,0.0734657297226049,NONE,DIAGNOSTIC_ONLY,True,15,1.9138987727984613e-08,HJB_CONVERGED,True,True,CONTINUED_TO_HOUSEHOLD_BATCH
9,10,浙江,124249656.20818298,203812.90818356833,165376292.41309157,165376292.41309157,165580105.32127514,1.3326403498762371,0.001640349876236884,1.3310000000000002,1.3310000000000002,627300.0,5826965.495360886,9.288961414571792,5199665.495360886,18,广东,528839.2089844554,0.0907572233618834,7.313805361052424,4.672732793222554,0.6810939234303403,9.196614080359419,0.25629160808479134,0.09,0.08334442446250698,2.8363279747247367,1.3,15.256176341139895,62260676.903846964,0.9034484724343605,0.11540627214873678,0.0033994626500015723,0.07340812691537235,NONE,DIAGNOSTIC_ONLY,True,15,3.302392248549779e-08,HJB_CONVERGED,True,True,CONTINUED_TO_HOUSEHOLD_BATCH
9,11,安徽,70182433.35888097,214196.6222023538,93412818.8006706,93412818.8006706,93627015.42287295,1.3340519976574063,0.0030519976574059486,1.3310000000000004,1.3310000000000004,607600.0,5943499.840625827,9.781928638291355,5335899.840625827,18,广东,537324.609517729,0.09040542170876055,7.312614081907398,4.66995350801477,0.676078642550775,9.18680850598411,0.2673624597407068,0.09,0.08895642217644904,1.634234955702579,1.3,15.457845774930933,36503825.151730835,0.8026621510333826,0.11514898201970314,0.0033227365870363013,0.07329782957025066,NONE,DIAGNOSTIC_ONLY,True,13,5.931594548869157e-08,HJB_CONVERGED,True,True,CONTINUED_TO_HOUSEHOLD_BATCH
9,12,福建,87795538.11850408,206743.07991949696,116855861.23572895,116855861.23572895,117062604.31564845,1.33335482445179,0.002354824451789801,1.3310000000000002,1.3310000000000002,410400.0,5866576.746043744,14.294777646305418,5456176.746043744,18,广东,543062.7132431504,0.09256892677818913,7.319932988245773,4.67037902668666,0.6854230996214175,8.98003053019219,0.23939126909598765,0.09,0.08226351172661213,1.8720373066682268,1.3,14.782875849925574,41525276.740241244,0.7769284391343028,0.11507785767863399,0.0033154669488637545,0.07334293343744647,NONE,DIAGNOSTIC_ONLY,True,17,2.1187437138081577e-08,HJB_CONVERGED,True,True,CONTINUED_TO_HOUSEHOLD_BATCH
9,13,江西,51050047.92908307,214890.6533779932,67947613.79360959,67947613.79360959,68162504.44698758,1.3352094113932378,0.004209411393237314,1.3310000000000004,1.3310000000000004,451300.0,5814241.487430954,12.883318164039341,5362941.487430954,18,广东,532411.2545529866,0.09157019977652056,7.315786810419539,4.667806153453796,0.678015392317483,9.04356700223045,0.2415020632530883,0.09,0.08911845947174096,1.1086309876456926,1.1086309876456926,15.177806447757789,24376969.43971376,0.6814367040094417,0.1157251621151254,0.0014554521100500484,0.07309530252080032,NONE,DIAGNOSTIC_ONLY,True,14,1.8627988040975652e-10,HJB_CONVERGED,True,True,CONTINUED_TO_HOUSEHOLD_BATCH
9,14,山东,210016973.07581103,194319.26898621925,279532591.16390455,279532591.16390455,279726910.4328908,1.3319252550693421,0.0009252550693418227,1.3310000000000004,1.3310000000000004,1007700.0,5820754.704871509,5.776277369129215,4813054.704871509,18,广东,517371.1813908902,0.08888386603164906,7.310155104765236,4.675380091979367,0.6793022889795374,9.367616031715396,0.16245731298098914,0.09,0.08263955147780985,3.196622137860948,1.3,15.56664919402057,71547238.59456469,0.705213282597676,0.1157395938155723,0.0035056659275218838,0.07349466524675874,NONE,DIAGNOSTIC_ONLY,True,32,3.5545921761581667e-10,HJB_CONVERGED,True,True,CONTINUED_TO_HOUSEHOLD_BATCH
9,15,河南,168320556.01470312,202203.59921542575,224034660.05556992,224034660.05556992,224236863.65478534,1.332201300684854,0.0012013006848537436,1.3310000000000004,1.3310000000000004,986400.0,5884079.591395816,5.965206398414249,4897679.591395816,18,广东,526919.8036609176,0.08955008093898371,7.308842457171265,4.674254399793456,0.6767126638263574,9.376070910630354,0.14970249560075496,0.09,0.08521188962775503,2.3624441224824597,1.3,15.68952729043606,53603463.347415105,0.6202500643279798,0.11570909755822179,0.0034311124517885094,0.07344542398184672,NONE,DIAGNOSTIC_ONLY,True,13,9.328072980707702e-09,HJB_CONVERGED,True,True,CONTINUED_TO_HOUSEHOLD_BATCH
9,16,湖北,101805153.6623069,207580.6982350796,135502659.52453053,135502659.52453053,135710240.2227656,1.3330389999009644,0.002038999900964108,1.3310000000000004,1.3310000000000004,591700.0,5914025.925338816,9.994973678111908,5322325.925338816,18,广东,538003.3888831588,0.09097075252546115,7.309860680230179,4.673701754607247,0.6774275624202234,9.332227990719726,0.2217763991161498,0.09,0.08511568884080593,2.0094027051550007,1.3,15.598179058107347,45105191.90592942,0.7550874024563392,0.11531831252439773,0.0033538292139156933,0.07337089871803859,NONE,DIAGNOSTIC_ONLY,True,13,5.2072617329201876e-09,HJB_CONVERGED,True,True,CONTINUED_TO_HOUSEHOLD_BATCH
9,17,湖南,93791807.14892803,210606.29126942012,124836895.31522323,124836895.31522323,125047501.60649265,1.3332454657573132,0.0022454657573129744,1.3310000000000002,1.3310000000000002,663500.0,5921859.484918476,8.92518385066839,5258359.484918476,18,广东,544892.9586438066,0.09201382775655441,7.3133947254432705,4.67027707679321,0.6780887019839118,9.154394780599834,0.2057242770023081,0.09,0.08720217146365923,1.7287977126151752,1.3,15.325835201407717,38994471.02103018,0.6931915283700628,0.11536375573126745,0.003336529472861116,0.07334965664539417,NONE,DIAGNOSTIC_ONLY,True,13,2.311196700688356e-08,HJB_CONVERGED,True,True,CONTINUED_TO_HOUSEHOLD_BATCH
9,18,广东,191259406.86816654,202567.93260140537,254566270.54152972,254566270.54152972,254768838.4741311,1.3320591266381008,0.0010591266381006488,1.3310000000000002,1.3310000000000002,1234800.0,5709513.501451874,4.6238366548849,4474713.501451874,18,广东,537204.52816332,0.09408936996588485,7.319578105091891,4.6671020790474955,0.6826720124288727,8.901759751579505,0.29249813172105826,0.09,0.08628285086155024,5.027155758709731,1.3,14.787946334346728,107284817.01717721,1.1387238272862206,0.11584407115080841,0.0034388224238459664,0.07343641332627482,NONE,DIAGNOSTIC_ONLY,True,13,8.376635829421275e-09,HJB_CONVERGED,True,True,CONTINUED_TO_HOUSEHOLD_BATCH
9,19,广西,67306708.83876626,212509.32491132157,89585229.4643979,89585229.4643979,89797738.78930923,1.334157327532095,0.003157327532094747,1.3310000000000002,1.3310000000000002,494700.0,5596729.081022011,11.313379989937358,5102029.081022011,18,广东,523031.0760971351,0.09345299165376522,7.3290955709722265,4.660537638825176,0.687640598386245,8.504793853791758,0.14606936181005453,0.09,0.08756228239358112,0.9739514664103738,0.9739514664103738,14.050490503219628,21063743.098133337,0.4852367694303959,0.1164267394605849,0.004298709085131636,0.07315863714391502,NONE,DIAGNOSTIC_ONLY,True,13,1.8944072532889322e-08,HJB_CONVERGED,True,True,CONTINUED_TO_HOUSEHOLD_BATCH
9,20,海南,14673330.466888333,215092.29436324557,19530202.851428375,19530202.851428375,19745295.14579162,1.3456587235153343,0.014658723515334187,1.3310000000000002,1.3310000000000002,98200.0,5504816.780952934,56.057197362046175,5406616.780952934,18,广东,512195.5226726251,0.09304497189531517,7.34061302622709,4.654802833407132,0.6951285335070028,8.10197843667887,0.1707997144425468,0.09,0.08665442783716074,0.2492107542754824,0.8,13.225761773583134,5266067.130305589,0.3726554733077001,0.11283382530615849,0.0028609476879155604,0.07236588069024563,NONE,DIAGNOSTIC_ONLY,True,13,1.2714334918229042e-08,HJB_CONVERGED,True,True,CONTINUED_TO_HOUSEHOLD_BATCH
9,21,重庆,50663834.63130832,212271.7761642059,67433563.89427139,67433563.89427139,67645835.67043559,1.3351898087207368,0.0041898087207364685,1.3310000000000004,1.3310000000000004,316300.0,5742046.823622956,18.153799632067518,5425746.823622956,18,广东,523301.88301229785,0.09113507762761842,7.318507032145657,4.667994701229956,0.6822605986047731,8.95130612762411,0.2294610759512736,0.09,0.08592356546447572,1.0637257201875583,1.0637257201875583,14.872368770324423,23166613.490651425,0.6533841032508821,0.11536961778179688,0.0033921142362491885,0.0730848166943705,NONE,DIAGNOSTIC_ONLY,True,13,7.671128621211665e-09,HJB_CONVERGED,True,True,CONTINUED_TO_HOUSEHOLD_BATCH
9,22,四川,94830047.41899477,213761.43560630814,126218793.11468208,126218793.11468208,126432554.55028838,1.3332541529971178,0.0022541529971173567,1.3310000000000004,1.3310000000000004,832100.0,5836513.81110362,7.014197585751256,5004413.81110362,18,广东,530207.1928689237,0.09084313170993207,7.319506136561898,4.665435193071324,0.6804815581999845,8.880578960690794,0.24691003518908025,0.09,0.08906103660104404,2.0900881160458296,1.3,14.850738200516497,46048833.41261217,0.815059081459282,0.11550595240476969,0.0033549590807469,0.07334683879372261,NONE,DIAGNOSTIC_ONLY,True,14,1.402388427607093e-09,HJB_CONVERGED,True,True,CONTINUED_TO_HOUSEHOLD_BATCH
9,23,贵州,39447014.665611394,215824.51896185635,52503976.51992878,52503976.51992878,52719801.03889064,1.336471251013325,0.005471251013324591,1.3310000000000004,1.3310000000000004,382200.0,5439652.508735401,14.232476474974884,5057452.508735401,18,广东,500150.7339467614,0.09194534635136747,7.324142399054241,4.662112591090521,0.6828427321028301,8.683221841326075,0.20626548036601244,0.09,0.08978995466229879,0.7953300335942005,0.8,14.4849555977139,16475292.927360084,0.5665056260893052,0.12133616224142263,0.0038420566709427284,0.07308528042102513,NONE,DIAGNOSTIC_ONLY,True,14,2.468274473699239e-09,HJB_CONVERGED,True,True,CONTINUED_TO_HOUSEHOLD_BATCH
9,24,云南,68611984.86091176,211759.0486184447,91322551.84987357,91322551.84987357,91534310.89849202,1.334086327396704,0.0030863273967036016,1.3310000000000004,1.3310000000000004,470300.0,5624961.386413488,11.960368671940225,5154661.386413488,18,广东,518558.0188326977,0.09218872507911272,7.331963996455614,4.659417600240692,0.6898340477285057,8.407255358548932,0.153873605028233,0.09,0.08689445106018726,1.0328674596499674,1.0328674596499674,13.833705377242362,22409251.120112207,0.5083154591384299,0.1158626396967104,0.003676096673794871,0.07320915683036922,NONE,DIAGNOSTIC_ONLY,True,14,3.2258773430271503e-09,HJB_CONVERGED,True,True,CONTINUED_TO_HOUSEHOLD_BATCH
9,25,西藏,6325734.326183821,215442.20375015624,8419552.388150668,8419552.388150668,8634994.591900824,1.3650580543919444,0.03405805439194407,1.3310000000000004,1.3310000000000004,35400.0,5429052.374833923,153.3630614359865,5393652.374833923,18,广东,480510.46367916104,0.0885072440830634,8.162705091903835,1.949462543815401,0.6609111367215283,7.682466564595593,0.11420597869847071,0.09,0.08466401356434403,0.07856514041655954,0.8,11.74180237371158,1658167.2072157084,0.2168454384914135,0.10993929827884696,0.0023437969494706223,0.07089073057072359,NONE,DIAGNOSTIC_ONLY,True,16,2.700704548885824e-09,HJB_CONVERGED,True,True,CONTINUED_TO_HOUSEHOLD_BATCH
9,26,陕西,73897910.2910824,209175.583231799,98358118.59743069,98358118.59743069,98567294.18066248,1.3338306021429818,0.0028306021429815886,1.3310000000000002,1.3310000000000002,393100.0,5837173.091420735,14.849079347292635,5444073.091420735,18,广东,524120.8323537619,0.08979018167614314,7.313940899857959,4.672092763647396,0.6807320600212385,9.175543835611196,0.1660186953225942,0.09,0.08403125458855762,1.1445640526582244,1.1445640526582244,15.242395719781667,25697648.39341954,0.5465856098576674,0.11455932224846355,0.0030617474480451046,0.0733337117530164,NONE,DIAGNOSTIC_ONLY,True,22,7.149805192341319e-10,HJB_CONVERGED,True,True,CONTINUED_TO_HOUSEHOLD_BATCH
9,27,甘肃,25177704.67938732,216061.02549711597,33511524.928264532,33511524.928264532,33727585.953761645,1.3395814425202155,0.008581442520215216,1.3310000000000004,1.3310000000000004,251500.0,5509045.199356188,21.904752283722416,5257545.199356188,18,广东,488528.3919082226,0.08867750657869247,7.32669313876976,4.6603847663474145,0.6842957561872965,8.577637776004247,0.16398689286726625,0.09,0.09,0.41055804957716463,0.8,14.282927682744184,8694546.312721238,0.4143409931659205,0.11620157089142591,0.0032684084078586917,0.07285772790578071,NONE,DIAGNOSTIC_ONLY,True,14,2.2763289031502154e-09,HJB_CONVERGED,True,True,CONTINUED_TO_HOUSEHOLD_BATCH
9,28,青海,17578407.529567722,213718.65831755457,23396860.42185464,23396860.42185464,23610579.080172196,1.3431580215931433,0.012158021593143154,1.3310000000000002,1.3310000000000002,58700.0,5506800.11807859,93.81260848515487,5448100.11807859,18,广东,483233.3736376887,0.08775211797705425,7.345086682880863,1.6154281550874567,0.6699189523751332,8.513658493630182,0.06531019123055344,0.06531019123055344,0.06303087135953403,0.1361706788693683,0.8,12.963757795879093,2947434.40569974,0.18277485823844003,0.11323983057741782,0.0030134149083618222,0.07257438344240907,NONE,DIAGNOSTIC_ONLY,True,15,2.8337727719929262e-09,HJB_CONVERGED,True,True,CONTINUED_TO_HOUSEHOLD_BATCH
9,29,宁夏,18640640.44456374,213188.81332947288,24810692.43171434,24810692.43171434,25023881.245043814,1.342436775145333,0.011436775145332851,1.3310000000000002,1.3310000000000002,71000.0,5611450.851186856,79.03451903080078,5540450.851186856,18,广东,491493.5409582511,0.0875876050583776,9.138625865923053,-0.1237873516983759,0.6452717621851158,9.145911371423136,0.08384082899086469,0.08384082899086469,0.07894298594474504,0.1714278135766034,0.8,14.320189543010244,3765102.063738645,0.22257292695352549,0.11325820124503116,0.003012063773261797,0.07261753282965211,NONE,DIAGNOSTIC_ONLY,False,100,0.05203264993636458,HJB_NONCONVERGED_DIAGNOSTIC_ONLY,True,True,CONTINUED_TO_HOUSEHOLD_BATCH
9,30,新疆,49250553.031937115,210709.31762665612,65552486.08550832,65552486.08550832,65763195.40313497,1.3352783137377164,0.0042783137377161865,1.3310000000000004,1.3310000000000004,252000.0,5136902.078569528,20.384532057815587,4884902.078569528,18,广东,451348.23882691545,0.08786389771957699,8.174642337533696,1.9536722887682343,0.6676384809857088,7.35071806755033,0.1270145449497806,0.09,0.08352373922955875,0.6905589024018948,0.8,11.098978612134802,13747012.664252037,0.40759534927775715,0.12130950582015654,0.0038771333123714946,0.07319723517510868,NONE,DIAGNOSTIC_ONLY,True,16,2.658276265776749e-09,HJB_CONVERGED,True,True,CONTINUED_TO_HOUSEHOLD_BATCH
10,0,北京,58719043.066994764,208163.01950323206,78155046.32217005,85970550.95438705,78363209.34167328,1.334545068322482,0.003545068322481534,1.3310000000000004,1.4641000000000004,219200.0,5892365.403105586,26.88122902876636,5673165.403105586,18,广东,521476.71343617834,0.08850040310828869,7.319917333631464,4.674613145737436,0.6870980862511193,9.130749136681779,0.31678877552529006,0.09,0.07857795691183536,1.6129254845869827,1.3,14.923087207740055,35536514.46128934,0.8930968905485447,0.042285731431273677,0.0001338560085026863,0.07341613185795137,HIGH_RA_INCREASE_1P1,DIAGNOSTIC_ONLY,True,25,6.38161514743274e-08,HJB_CONVERGED,True,True,CONTINUED_TO_HOUSEHOLD_BATCH
10,1,天津,64593598.72309723,205393.6653628664,85974079.90044242,94571487.89048667,86179473.56580529,1.3341797835919216,0.0031797835919215043,1.3310000000000002,1.4641000000000004,138300.0,5478562.495730469,39.61361168279443,5340262.495730469,18,广东,483138.7602428477,0.08818714044411567,7.306817002316803,4.676915413425947,0.6968040065361734,9.295050437803958,0.09540266162887269,0.09,0.0648711263260292,0.6695598696224029,0.8,14.74231800478197,14344208.455661008,0.34253543904051204,0.04461671889359775,0.00012872171487954276,0.07343529141586091,HIGH_RA_INCREASE_1P1,DIAGNOSTIC_ONLY,True,23,1.1115790510274337e-08,HJB_CONVERGED,True,True,CONTINUED_TO_HOUSEHOLD_BATCH
10,2,河北,113705229.18254791,207652.63391860249,151341660.04197133,166475826.04616848,151549312.67588994,1.332826236448504,0.001826236448503409,1.3310000000000004,1.4641000000000006,742600.0,5926993.298610754,7.981407619998323,5184393.298610754,18,广东,526285.2448665574,0.08879464145672562,7.314340425081959,4.670167768809314,0.6793038756108672,9.120621981169505,0.14251565767605257,0.09,0.08640333161257187,1.5198786208184467,1.3,15.227553391937548,34884605.87934848,0.5379849942806977,0.04263044149575501,0.0001353976916376176,0.07355086320030035,HIGH_RA_INCREASE_1P1,DIAGNOSTIC_ONLY,True,13,1.4427513850279183e-08,HJB_CONVERGED,True,True,CONTINUED_TO_HOUSEHOLD_BATCH
10,3,山西,53478727.38884524,211826.10289168122,71180186.15455304,78298204.77000836,71392012.25744472,1.3349609413543353,0.00396094135433493,1.3310000000000004,1.4641000000000006,350200.0,5485987.194907084,15.665297529717545,5135787.194907084,18,广东,486170.8904107836,0.08862049311054176,7.316690204246022,4.668726500075577,0.6807627011165472,9.020020148622956,0.1498302688275661,0.09,0.08643110121547593,0.8073194645195477,0.8073194645195477,15.028491549853657,17125539.62187503,0.46974420387923643,0.04446537180086074,0.00015637542143331906,0.07315655509584662,HIGH_RA_INCREASE_1P1,DIAGNOSTIC_ONLY,True,13,3.4360480682948946e-08,HJB_CONVERGED,True,True,CONTINUED_TO_HOUSEHOLD_BATCH
10,4,内蒙古,82165502.99427319,203933.16911973144,109362284.48537765,120298512.93391544,109566217.65449739,1.3334819804137752,0.0024819804137746868,1.3310000000000006,1.4641000000000008,242200.0,5431963.028221228,22.427593014951395,5189763.028221228,18,广东,478252.81291535875,0.08804419515203683,7.327515138565369,4.674164024370595,0.6949455663756001,8.942971731160048,0.08937456983810349,0.08937456983810349,0.07368487517080624,0.8145250861145645,0.8145250861145645,14.361375001567703,17323432.154144377,0.34727325843426776,0.044304986587088147,0.00013980274164104856,0.07326973595759667,HIGH_RA_INCREASE_1P1,DIAGNOSTIC_ONLY,True,25,5.7836846423242605e-11,HJB_CONVERGED,True,True,CONTINUED_TO_HOUSEHOLD_BATCH
10,5,辽宁,90061052.78222083,206086.71982641882,119871261.25313593,131858387.37844954,120077347.97296235,1.3332883001415137,0.00228830014151359,1.3310000000000002,1.4641000000000004,429100.0,5709202.63284013,13.3050632319742,5280102.63284013,18,广东,503506.6772952993,0.0881921188782228,7.332272616009126,4.663646338684078,0.6924953358019991,8.512222831613464,0.12744214107707283,0.09,0.08253916049199045,1.1376918173573876,1.1376918173573876,13.873740664681348,25231265.258251715,0.466605376381997,0.04378519263631486,0.00024302630119910074,0.07319135102408358,HIGH_RA_INCREASE_1P1,DIAGNOSTIC_ONLY,True,15,7.602645180071477e-09,HJB_CONVERGED,True,True,CONTINUED_TO_HOUSEHOLD_BATCH
10,6,吉林,66308917.7271201,207211.01857945873,88257169.49479689,97082886.44427659,88464380.51337634,1.3341249344082529,0.003124934408252454,1.3310000000000004,1.4641000000000006,248400.0,5366371.43915059,21.603749755034585,5117971.43915059,18,广东,469311.0758626176,0.08745407976025266,7.338583561844918,4.663584013697348,0.7052456130434156,8.289958565990364,0.07378953963469032,0.07378953963469032,0.07277299913123965,0.5730807052813351,0.8,13.104266956051552,12080489.153626945,0.28449769822233356,0.04438020182029501,0.00012970361463993108,0.0734586676168889,HIGH_RA_INCREASE_1P1,DIAGNOSTIC_ONLY,True,25,3.270266724086923e-09,HJB_CONVERGED,True,True,CONTINUED_TO_HOUSEHOLD_BATCH
10,7,黑龙江,58424879.89838116,210461.95944044096,77763515.14474535,85539866.65921989,77973977.10418579,1.334602266017603,0.0036022660176024163,1.3310000000000004,1.4641000000000006,332700.0,5257347.003821586,15.802064934840956,4924647.003821586,18,广东,457826.15781905287,0.08708311577802592,7.358438994755981,4.647628585692677,0.7061620543089613,7.582740225992365,0.1029287021919851,0.09,0.08487389786578918,0.6718401727256947,0.8,12.152763408534973,13790036.17963843,0.358389836771139,0.04473118441578339,0.00012806060182057877,0.07344694505417282,HIGH_RA_INCREASE_1P1,DIAGNOSTIC_ONLY,True,20,1.6021237225771756e-08,HJB_CONVERGED,True,True,CONTINUED_TO_HOUSEHOLD_BATCH
10,8,上海,66125294.30800852,207250.85243569597,88012766.72395936,96814043.3963553,88220017.57639505,1.3341342144425148,0.0031342144425147087,1.3310000000000002,1.4641000000000004,247500.0,5892166.260438848,23.806732365409488,5644666.260438848,18,广东,533546.0114178996,0.09055175767870494,7.319831907233282,4.674592524329635,0.6870316222746908,9.131551221278789,0.3044472159210121,0.09,0.07862625525959735,1.7502978259043454,1.3,14.926794845403153,38656374.153948754,0.8901642355978601,0.0423463800349857,0.00013394125521704048,0.07343632237068842,HIGH_RA_INCREASE_1P1,DIAGNOSTIC_ONLY,True,26,8.475336255031607e-08,HJB_CONVERGED,True,True,CONTINUED_TO_HOUSEHOLD_BATCH
10,9,江苏,203535217.25929242,191793.18512690353,270905374.1721183,297995911.58933014,271097167.3572452,1.3319423095801777,0.0009423095801773204,1.3310000000000004,1.4641000000000004,844600.0,5776577.171873829,6.839423599187579,4931977.171873829,18,广东,519015.14826245426,0.08984821509691596,7.310931522242122,4.677022005143306,0.6810484085007813,9.40387207363255,0.2495029297551408,0.09,0.08041660105844603,4.57125394994177,1.3,15.543456806082128,100069117.88742678,1.0114377770778549,0.042693137979005646,0.00013945844599616564,0.07361543358510225,HIGH_RA_INCREASE_1P1,DIAGNOSTIC_ONLY,True,15,2.3544459493152203e-08,HJB_CONVERGED,True,True,CONTINUED_TO_HOUSEHOLD_BATCH
10,10,浙江,124249656.20818298,203250.44048094287,165376292.41309157,181913921.65440074,165579542.85357252,1.3326358229606723,0.0016358229606719585,1.3310000000000002,1.4641000000000004,627300.0,5830068.365042317,9.293907803351374,5202768.365042317,18,广东,529109.5690537266,0.0907552940933457,7.314065403861209,4.672586431384698,0.6812530098883531,9.18580511436545,0.254971624733348,0.09,0.08334436430767134,2.821506232189481,1.3,15.234717982084225,62269202.28606249,0.9034484724343605,0.04261430715101189,0.00013693044533846788,0.07355510916822094,HIGH_RA_INCREASE_1P1,DIAGNOSTIC_ONLY,True,15,2.953080202594549e-08,HJB_CONVERGED,True,True,CONTINUED_TO_HOUSEHOLD_BATCH
10,11,安徽,70182433.35888097,213634.52917296757,93412818.8006706,102754100.68073766,93626453.32984357,1.3340439886300404,0.003043988630039913,1.3310000000000004,1.4641000000000004,607600.0,5946635.848532705,9.78708994162723,5339035.848532705,18,广东,537600.1600593163,0.09040408287182505,7.312852589982883,4.669796311604178,0.6762356526859418,9.175878470617223,0.26593597698577065,0.09,0.08895641272127919,1.6253938838907203,1.3,15.43599195760647,36508706.901036315,0.8026621510333826,0.04252667631442031,0.00013373254132109658,0.07344136441659344,HIGH_RA_INCREASE_1P1,DIAGNOSTIC_ONLY,True,13,6.800505314430438e-08,HJB_CONVERGED,True,True,CONTINUED_TO_HOUSEHOLD_BATCH
10,12,福建,87795538.11850408,206180.6932409004,116855861.23572895,128541447.35930185,117062041.92896985,1.3333484188110176,0.0023484188110175167,1.3310000000000002,1.4641000000000004,410400.0,5869674.990428461,14.302326974728219,5459274.990428461,18,广东,543340.9963215287,0.0925674755770195,7.320211441561435,4.670230812414259,0.6855883993163805,8.96918634693051,0.2382354914780874,0.09,0.08226344183491194,1.8628609934607332,1.3,14.761459343865841,41530872.01971227,0.7769284391343028,0.04250254596057035,0.00013474394176893334,0.07348755989516764,HIGH_RA_INCREASE_1P1,DIAGNOSTIC_ONLY,True,15,7.104183907813422e-11,HJB_CONVERGED,True,True,CONTINUED_TO_HOUSEHOLD_BATCH
10,13,江西,51050047.92908307,214328.58175788794,67947613.79360959,74742375.17297055,68161942.37536748,1.3351984011857472,0.004198401185746694,1.3310000000000004,1.4641000000000004,451300.0,5811883.336997475,12.878092924878073,5360583.336997475,18,广东,532176.0339228854,0.0915668816913688,7.316033093147315,4.667645538473734,0.6781760569184165,9.032592042237619,0.24043646405826605,0.09,0.0891184514841193,1.1046370807512265,1.1046370807512265,15.155908887285463,24374231.27317179,0.6814367040094417,0.04369929723877597,0.00011232596195942524,0.07297476605867059,HIGH_RA_INCREASE_1P1,DIAGNOSTIC_ONLY,True,14,1.9272405893389077e-10,HJB_CONVERGED,True,True,CONTINUED_TO_HOUSEHOLD_BATCH
10,14,山东,210016973.07581103,193756.47318825824,279532591.16390455,307485850.280295,279726347.6370928,1.3319225753059416,0.0009225753059411863,1.3310000000000004,1.4641000000000004,1007700.0,5823863.994784003,5.779362900450534,4816163.994784003,18,广东,517634.72926776647,0.08888166511638544,7.310411839909646,4.6752359778400585,0.6794597685754631,9.35670033001048,0.1619004854836989,0.09,0.08263948497244651,3.185418841204927,1.3,15.544940292935852,71557140.04337339,0.705213282597676,0.042730544635038115,0.0001383903698199962,0.07364322657048206,HIGH_RA_INCREASE_1P1,DIAGNOSTIC_ONLY,False,100,0.022348375275327292,HJB_NONCONVERGED_DIAGNOSTIC_ONLY,True,True,CONTINUED_TO_HOUSEHOLD_BATCH
10,15,河南,168320556.01470312,201641.08943547678,224034660.05556992,246438126.06112692,224236301.1450054,1.3321979587889308,0.001197958788930468,1.3310000000000004,1.4641000000000004,986400.0,5887204.504484911,5.968374396274241,4900804.504484911,18,广东,527188.7726461459,0.08954823503150434,7.309094337284342,4.674102023484182,0.6768723131368447,9.364857550140124,0.1492274841313302,0.09,0.08521184631649628,2.354764222513307,1.3,15.667147124160824,53610818.485123724,0.6202500643279798,0.04272259071045137,0.0001372138524138311,0.0735927155638274,HIGH_RA_INCREASE_1P1,DIAGNOSTIC_ONLY,True,13,8.374449578241183e-09,HJB_CONVERGED,True,True,CONTINUED_TO_HOUSEHOLD_BATCH
10,16,湖北,101805153.6623069,207018.36681860595,135502659.52453053,149052925.4769836,135709677.89134914,1.3330334762963507,0.0020334762963503485,1.3310000000000004,1.4641000000000006,591700.0,5917155.310909043,10.000262482523311,5325455.310909043,18,广东,538278.6886126971,0.09096916682587501,7.310118581150574,4.673546844691283,0.677590328166632,9.32086810800698,0.22077596639568803,0.09,0.08511564466120015,2.0001898910922327,1.3,15.575525117488386,45111303.695714585,0.7550874024563392,0.0425862656661804,0.00013550080438440304,0.07351634133821783,HIGH_RA_INCREASE_1P1,DIAGNOSTIC_ONLY,True,13,4.706791845165981e-09,HJB_CONVERGED,True,True,CONTINUED_TO_HOUSEHOLD_BATCH
10,17,湖南,93791807.14892803,210044.06543112814,124836895.31522323,137320584.84674558,125046939.38065436,1.333239471354866,0.0022394713548658687,1.3310000000000002,1.4641000000000006,663500.0,5924980.8987341225,8.92988831760983,5261480.8987341225,18,广东,545171.665103093,0.09201239200949482,7.3136543176807445,4.670115306258247,0.6782546422106692,9.142989388304628,0.20485777958229887,0.09,0.08720214613375506,1.7213900310834196,1.3,15.30309111295388,38999723.768252835,0.6931915283700628,0.04260392223405396,0.00013470492316258742,0.07349424212841926,HIGH_RA_INCREASE_1P1,DIAGNOSTIC_ONLY,True,13,2.52503236097823e-08,HJB_CONVERGED,True,True,CONTINUED_TO_HOUSEHOLD_BATCH
10,18,广东,191259406.86816654,202005.3927599314,254566270.54152972,280022897.5956827,254768275.93428963,1.3320561853979773,0.0010561853979771671,1.3310000000000002,1.4641000000000002,1234800.0,5712588.696356496,4.626327094554985,4477788.696356496,18,广东,537477.4707160811,0.0940864990085643,7.319853473735878,4.666938918629613,0.6828429284284339,8.890462795600419,0.2907967889195334,0.09,0.08628281722211212,4.997514537815815,1.3,14.76553908747677,107299773.26646444,1.1387238272862206,0.04276223507717347,0.00013940695154324168,0.07358605782433214,HIGH_RA_INCREASE_1P1,DIAGNOSTIC_ONLY,True,13,8.583481925228398e-09,HJB_CONVERGED,True,True,CONTINUED_TO_HOUSEHOLD_BATCH
10,19,广西,67306708.83876626,211947.15085729546,89585229.4643979,98543752.41083771,89797176.6152552,1.334148975109822,0.0031489751098217637,1.3310000000000002,1.4641000000000004,494700.0,5591165.808738162,11.302134240424827,5096465.808738162,18,广东,522480.4899149626,0.09344750411415151,7.329388251837212,4.660365823674548,0.687819553633461,8.4935621656563,0.14576855541130823,0.09,0.08756226032044992,0.973200177164816,0.973200177164816,14.02832367737869,21058160.0352985,0.4852367694303959,0.044561655586030646,0.00026505558906719795,0.0728741904491843,HIGH_RA_INCREASE_1P1,DIAGNOSTIC_ONLY,True,13,1.898865731320143e-08,HJB_CONVERGED,True,True,CONTINUED_TO_HOUSEHOLD_BATCH
10,20,海南,14673330.466888333,214530.2221905544,19530202.851428375,21483223.136571214,19744733.07361893,1.3456204178168456,0.014620417816845385,1.3310000000000002,1.4641000000000004,98200.0,5507774.553217516,56.0873172425409,5409574.553217516,18,广东,512457.9240955379,0.0930426471062022,7.340915769580075,4.654637082977146,0.6953060994507445,8.091531024965327,0.17021250144573324,0.09,0.08665439755552487,0.24832286073006016,0.8,13.20531805055643,5266697.3845866695,0.3726554733077001,0.04168235021684907,0.00011968215852276032,0.07249422375357262,HIGH_RA_INCREASE_1P1,DIAGNOSTIC_ONLY,True,13,1.2552010542066228e-08,HJB_CONVERGED,True,True,CONTINUED_TO_HOUSEHOLD_BATCH
10,21,重庆,50663834.63130832,211709.59961175642,67433563.89427139,74176920.28369853,67645273.49388315,1.3351787125106584,0.0041787125106580066,1.3310000000000004,1.4641000000000004,316300.0,5737372.616432024,18.139021866683606,5421072.616432024,18,广东,522849.5714485354,0.09113048888459449,7.318785793879492,4.66783034514757,0.6824337159808538,8.939805989190068,0.22854800961782826,0.09,0.08592352857933967,1.0607635079977733,1.0607635079977733,14.849548324737322,23161530.814807467,0.6533841032508821,0.044001401035125065,0.00021939658319114486,0.07284938555211351,HIGH_RA_INCREASE_1P1,DIAGNOSTIC_ONLY,True,13,7.589521455741988e-09,HJB_CONVERGED,True,True,CONTINUED_TO_HOUSEHOLD_BATCH
10,22,四川,94830047.41899477,213199.32013496695,126218793.11468208,138840672.4261503,126431992.43481705,1.3332482253878142,0.002248225387813762,1.3310000000000004,1.4641000000000006,832100.0,5839608.997532016,7.017917314664122,5007508.997532016,18,广东,530478.0625609885,0.0908413667396539,7.319771122232866,4.665266451465112,0.6806545343888228,8.86911440161852,0.24568189694156958,0.09,0.08906102809332808,2.0795357402756047,1.3,14.827887277190056,46055076.86781642,0.815059081459282,0.042650347528076615,0.00013558335231445007,0.07349236675632231,HIGH_RA_INCREASE_1P1,DIAGNOSTIC_ONLY,True,14,1.4597993924780894e-09,HJB_CONVERGED,True,True,CONTINUED_TO_HOUSEHOLD_BATCH
10,23,贵州,39447014.665611394,215262.47795871814,52503976.51992878,57754374.17192166,52719238.9978875,1.3364570030148921,0.005457003014891691,1.3310000000000004,1.4641000000000006,382200.0,5442413.198884477,14.239699630780944,5060213.198884477,18,广东,500401.03276687575,0.09194469704531846,7.324414394168546,4.6619397604073205,0.6830167311131581,8.671917306732889,0.2053752019216444,0.09,0.08978995275852397,0.791858011125881,0.8,14.462503686473058,16477352.764750522,0.5665056260893052,0.04469951294822505,0.0001250258432137219,0.07321944381305023,HIGH_RA_INCREASE_1P1,DIAGNOSTIC_ONLY,True,14,2.4276212151619347e-09,HJB_CONVERGED,True,True,CONTINUED_TO_HOUSEHOLD_BATCH
10,24,云南,68611984.86091176,211196.83969302502,91322551.84987357,100454807.03486094,91533748.6895666,1.3340781333628693,0.003078133362868851,1.3310000000000004,1.4641000000000006,470300.0,5619986.698300397,11.949790980864123,5149686.698300397,18,广东,518071.8423114914,0.09218382002010206,7.332265159729772,4.659245847271709,0.6900155875985144,8.396060144407866,0.15351725259320792,0.09,0.08689442294812781,1.031715891716526,1.031715891716526,13.81166710061157,22403957.238030594,0.5083154591384299,0.04424979430191511,0.0002362364566864672,0.07295562570187619,HIGH_RA_INCREASE_1P1,DIAGNOSTIC_ONLY,True,14,2.8924747041969567e-09,HJB_CONVERGED,True,True,CONTINUED_TO_HOUSEHOLD_BATCH
10,25,西藏,6325734.326183821,214880.09642763934,8419552.388150668,9261507.626965735,8634432.484578308,1.3649691939856214,0.033969193985620934,1.3310000000000004,1.4641000000000004,35400.0,5432068.622936496,153.44826618464677,5396668.622936496,18,广东,480755.9928805933,0.08850329888150488,8.163695747661002,1.9501816824784888,0.6610677161184069,7.673128421508146,0.11395328720512421,0.09,0.08466396530870265,0.07837387863643394,0.8,11.724004804297818,1658328.752634846,0.2168454384914135,0.040608511027600214,9.742408270674296e-05,0.07099506111782872,HIGH_RA_INCREASE_1P1,DIAGNOSTIC_ONLY,True,16,2.7025093274346546e-09,HJB_CONVERGED,True,True,CONTINUED_TO_HOUSEHOLD_BATCH
10,26,陕西,73897910.2910824,208613.30030436357,98358118.59743069,108193930.45717376,98566731.89773506,1.3338229932278554,0.0028229932278550224,1.3310000000000002,1.4641000000000004,393100.0,5832424.1680483995,14.836998646777918,5439324.1680483995,18,广东,523669.90576969116,0.08978597761090437,7.314207209408314,4.67194020610771,0.6808961998447797,9.164388860130234,0.16557748948858628,0.09,0.08403120062541374,1.1428436575880545,1.1428436575880545,15.220236769342437,25692062.973583993,0.5465856098576674,0.043719766994289255,0.00021735139924239366,0.0731004211689128,HIGH_RA_INCREASE_1P1,DIAGNOSTIC_ONLY,True,22,7.708806926132183e-10,HJB_CONVERGED,True,True,CONTINUED_TO_HOUSEHOLD_BATCH
10,27,甘肃,25177704.67938732,215498.99327707052,33511524.928264532,36862677.42109099,33727023.9215416,1.3395591199047427,0.008559119904742426,1.3310000000000004,1.4641000000000006,251500.0,5511960.419869761,21.91634361777241,5260460.419869761,18,广东,488777.7990461309,0.08867585429027446,7.326950302705766,4.660222584127953,0.6844608681583603,8.567106598630092,0.16342903069527798,0.09,0.09,0.40912282441711234,0.8,14.262022742564126,8695644.125323389,0.4143409931659205,0.04288192212269615,0.00012626450681452184,0.07299319175767671,HIGH_RA_INCREASE_1P1,DIAGNOSTIC_ONLY,True,14,2.216234751273305e-09,HJB_CONVERGED,True,True,CONTINUED_TO_HOUSEHOLD_BATCH
10,28,青海,17578407.529567722,213157.43144451166,23396860.42185464,23396860.42185464,23610017.853299152,1.3431260945330783,0.012126094533078191,1.3310000000000002,1.3310000000000002,58700.0,5509802.809232432,93.86376165642986,5451102.809232432,18,广东,483479.8999384055,0.08774903870030855,7.342561312992183,1.6156339057334934,0.6701340862831988,8.504215102627189,0.06532529887943274,0.06532529887943274,0.06297179019619578,0.1359579079254945,0.8,12.944735056397194,2947803.5234062825,0.18277485823844003,0.04182129766114162,0.00012523356103488759,0.07270870575192223,NONE,DIAGNOSTIC_ONLY,True,15,2.8219986347721715e-09,HJB_CONVERGED,True,True,CONTINUED_TO_HOUSEHOLD_BATCH
10,29,宁夏,18640640.44456374,213195.73618565247,24810692.43171434,27291761.674885776,25023888.167899992,1.3424371465304366,0.011437146530436286,1.3310000000000002,1.4641000000000004,71000.0,5614500.538387146,79.07747237164995,5543500.538387146,18,广东,491744.588805618,0.08758474337004506,7.328360024592591,4.670117053787394,0.6917363085393072,8.805120781282946,0.08385893896583059,0.08385893896583059,0.0789428861983602,0.17110139623606627,0.8,14.2995491287507,3765638.6483020154,0.22257292695352549,0.041854658188937854,0.00014251527695297028,0.07277039721440803,HIGH_RA_INCREASE_1P1,DIAGNOSTIC_ONLY,True,32,3.1091484942180614e-10,HJB_CONVERGED,True,True,CONTINUED_TO_HOUSEHOLD_BATCH
10,30,新疆,49250553.031937115,210146.67173543075,65552486.08550832,72107734.69405915,65762632.757243745,1.335266889583944,0.004266889583943527,1.3310000000000004,1.4641000000000004,252000.0,5139530.5730899805,20.394962591626907,4887530.5730899805,18,广东,451574.65885059873,0.08786301636476183,8.175579709776361,1.954333722778373,0.6677863273851121,7.342364729462172,0.12665396947983873,0.09,0.08352368069086988,0.6885626865814605,0.8,11.083212172027487,13748767.791523034,0.40759534927775715,0.04468809161670073,0.00012767335812235991,0.07333425387005121,HIGH_RA_INCREASE_1P1,DIAGNOSTIC_ONLY,True,16,2.6593265367580443e-09,HJB_CONVERGED,True,True,CONTINUED_TO_HOUSEHOLD_BATCH
11,0,北京,58719043.066994764,208100.79339648664,85970550.95438705,85970550.95438705,86178651.74778354,1.4676440085963096,0.0035440085963093205,1.4641000000000004,1.4641000000000004,219200.0,5891652.947509877,26.877978775136302,5672452.947509877,18,广东,521553.6474034145,0.08852416326115246,7.320018876739535,4.674585625187164,0.6871619852831221,9.127771389848423,0.2850572728092681,0.09,0.07856134570365615,1.6093052428267518,1.3,14.916492952186069,35511334.69028413,0.8320136655694784,0.11800970083021789,0.0007085605154842911,0.07265555157023296,NONE,DIAGNOSTIC_ONLY,True,25,9.413834689553369e-08,HJB_CONVERGED,True,True,CONTINUED_TO_HOUSEHOLD_BATCH
11,1,天津,64593598.72309723,205331.55579292562,94571487.89048667,94571487.89048667,94776819.4462796,1.4672788220481905,0.0031788220481901042,1.4641000000000004,1.4641000000000004,138300.0,5477909.009085276,39.608886544362086,5339609.009085276,18,广东,483209.91443039995,0.0882106500179141,7.306806321941552,4.676863045003191,0.6968711339736583,9.292346005986637,0.08440569721256982,0.08440569721256982,0.06483479425310266,0.668249051524568,0.8,14.735979907185254,14334058.390923083,0.31910208447563504,0.1190097940061905,0.0007076071690745867,0.07267572090811747,NONE,DIAGNOSTIC_ONLY,True,22,9.792516575402033e-09,HJB_CONVERGED,True,True,CONTINUED_TO_HOUSEHOLD_BATCH
11,2,河北,113705229.18254791,207590.42660105295,166475826.04616848,166475826.04616848,166683416.47276953,1.4659256893556571,0.001825689355656433,1.4641000000000006,1.4641000000000006,742600.0,5926293.325131285,7.98046502172271,5183693.325131285,18,广东,526362.81466653,0.088818218368371,7.314417775536649,4.670123997008059,0.6793566710245452,9.117347119687041,0.12697720223429168,0.09,0.08639808319649005,1.5167767396471579,1.3,15.220828808000917,34858556.54101333,0.5011266934078388,0.11828193147306565,0.0007467287555216195,0.07274921190023353,NONE,DIAGNOSTIC_ONLY,True,13,1.4772413514663185e-08,HJB_CONVERGED,True,True,CONTINUED_TO_HOUSEHOLD_BATCH
11,3,山西,53478727.38884524,211763.9388994783,78298204.77000836,78298204.77000836,78509968.70890783,1.4680597789483614,0.003959778948360851,1.4641000000000006,1.4641000000000006,350200.0,5481761.173522726,15.65323007859145,5131561.173522726,18,广东,485923.78726506844,0.08864373544986107,7.316769192800368,4.668682349278216,0.6808160736855433,9.016750943534543,0.1336594919717029,0.09,0.08642589325912237,0.8063149600643162,0.8063149600643162,15.021791695782467,17114274.27390217,0.437721972296281,0.11961609449518296,0.0006578098104698116,0.07245062218573461,NONE,DIAGNOSTIC_ONLY,True,13,3.50093993795042e-08,HJB_CONVERGED,True,True,CONTINUED_TO_HOUSEHOLD_BATCH
11,4,内蒙古,82165502.99427319,203872.59749654445,120298512.93391544,120298512.93391544,120502385.53141198,1.466581243223337,0.0024812432233361254,1.4641000000000008,1.4641000000000008,242200.0,5429176.4390745,22.41608769229769,5186976.4390745,18,广东,478135.0308560166,0.08806769060125134,7.326531415971006,4.674147871495482,0.6952592093943352,8.948257588689907,0.07893210962017679,0.07893210962017679,0.07314322436558787,0.8133607317731155,0.8133607317731155,14.354883828253987,17312666.95352165,0.32356568605227876,0.11937373285982855,0.0006214242378148604,0.07260278012995958,NONE,DIAGNOSTIC_ONLY,True,24,5.141306758105202e-08,HJB_CONVERGED,True,True,CONTINUED_TO_HOUSEHOLD_BATCH
11,5,辽宁,90061052.78222083,206024.4402534157,131858387.37844954,131858387.37844954,132064411.81870297,1.466387608615365,0.002287608615364615,1.4641000000000004,1.4641000000000004,429100.0,5707664.736153591,13.301479226645517,5278564.736153591,18,广东,503512.0407378493,0.08821682141708401,7.332393543658197,4.663597339171227,0.6925700986766422,8.50833159311722,0.11335870850091584,0.09,0.08252829154188811,1.1359724801784397,1.1359724801784397,13.865686906984307,25219283.37893838,0.4347830197631977,0.11889862975848597,0.0004748822221436466,0.07268171153052383,NONE,DIAGNOSTIC_ONLY,True,15,7.754298092521594e-09,HJB_CONVERGED,True,True,CONTINUED_TO_HOUSEHOLD_BATCH
11,6,吉林,66308917.7271201,207049.03254846093,97082886.44427659,97082886.44427659,97289935.47682504,1.4672224915086167,0.003122491508616173,1.4641000000000006,1.4641000000000006,248400.0,5365665.160478878,21.600906443151683,5117265.160478878,18,广东,469380.2236055395,0.08747847835582195,7.4270060515543825,1.619929890267792,0.6671406552797179,8.566246317295487,0.06476428071434301,0.06476428071434301,0.06462245207744614,0.5719562401224034,0.8,13.09872799356333,12071663.268842617,0.2650290195652592,0.11892792091203153,0.000730590017679722,0.0726744094299363,NONE,DIAGNOSTIC_ONLY,True,15,5.195327146267914e-08,HJB_CONVERGED,True,True,CONTINUED_TO_HOUSEHOLD_BATCH
11,7,黑龙江,58424879.89838116,210399.7717868546,85539866.65921989,85539866.65921989,85750266.43100674,1.4677012016139843,0.0036012016139837094,1.4641000000000006,1.4641000000000006,332700.0,5256650.807474399,15.799972369926056,4923950.807474399,18,广东,457893.58446169784,0.08710747607785205,7.358531486201809,4.647593118978969,0.7062161341081129,7.58025520215505,0.09124358687346627,0.09,0.08486642260151511,0.6705023807299083,0.8,12.147701214062959,13779788.428093081,0.33386823486935585,0.11904005515289584,0.0007431272414266665,0.07264923738707685,NONE,DIAGNOSTIC_ONLY,True,20,5.516298529073538e-11,HJB_CONVERGED,True,True,CONTINUED_TO_HOUSEHOLD_BATCH
11,8,上海,66125294.30800852,207188.6157676008,96814043.3963553,96814043.3963553,97021232.0121229,1.467233273249455,0.003133273249454678,1.4641000000000004,1.4641000000000004,247500.0,5891490.055897265,23.804000225847535,5643990.055897265,18,广东,533624.6962792623,0.09057550657241874,7.319931592265985,4.674565646389134,0.6870945312692116,9.12863077506891,0.2738613170775095,0.09,0.0786097139483299,1.7464063697798118,1.3,14.920316462430531,38629117.970234826,0.8292659909550377,0.11805951790316072,0.0007050889875336308,0.07267945424096611,NONE,DIAGNOSTIC_ONLY,True,26,5.4085180778429276e-11,HJB_CONVERGED,True,True,CONTINUED_TO_HOUSEHOLD_BATCH
11,9,江苏,203535217.25929242,191730.7726340605,297995911.58933014,297995911.58933014,298187642.3619642,1.4650420029379483,0.0009420029379476196,1.4641000000000004,1.4641000000000004,844600.0,5775887.875315554,6.838607477285762,4931287.875315554,18,广东,519091.73775807495,0.08987219782719819,7.311020389034269,4.676989427584517,0.681108614192059,9.400729910808225,0.22398646758310467,0.09,0.0804026527626279,4.561215544306278,1.3,15.536616187225494,99992806.27719529,0.9420857277548453,0.11837709772335736,0.0007625890168966309,0.07279670624707957,NONE,DIAGNOSTIC_ONLY,True,16,1.0541167938526996e-10,HJB_CONVERGED,True,True,CONTINUED_TO_HOUSEHOLD_BATCH
11,10,浙江,124249656.20818298,203188.17936491084,181913921.65440074,181913921.65440074,182117109.83376566,1.4657353218637845,0.0016353218637841917,1.4641000000000004,1.4641000000000004,627300.0,5829394.749033573,9.292833969446155,5202094.749033573,18,广东,529187.59375521,0.09077916602627426,7.314147077368264,4.672548718632413,0.681309058198596,9.182649207900825,0.22896384258558353,0.09,0.08333466499792604,2.8153548278784366,1.3,15.228055920197576,62223096.92460834,0.8415482956756104,0.11828686443567071,0.000740419979082696,0.07276022751674649,NONE,DIAGNOSTIC_ONLY,True,15,2.672417021010176e-08,HJB_CONVERGED,True,True,CONTINUED_TO_HOUSEHOLD_BATCH
11,11,安徽,70182433.35888097,213572.38604509694,102754100.68073766,102754100.68073766,102967673.06678276,1.4671431031787259,0.0030431031787254387,1.4641000000000004,1.4641000000000004,607600.0,5945966.168075905,9.785987768393523,5338366.168075905,18,广东,537679.4209889115,0.09042759507710128,7.312926276758866,4.66974837944594,0.6762854897040326,9.17250299191373,0.23894248655265746,0.09,0.08895488817848585,1.6218912576945625,1.3,15.42918628054569,36482980.41277554,0.7477466190895513,0.11813945037666018,0.0007046671998137688,0.07268494549616555,NONE,DIAGNOSTIC_ONLY,True,13,7.11936709585359e-08,HJB_CONVERGED,True,True,CONTINUED_TO_HOUSEHOLD_BATCH
11,12,福建,87795538.11850408,206118.45637903817,128541447.35930185,128541447.35930185,128747565.81568089,1.4664477099269084,0.002347709926907959,1.4641000000000004,1.4641000000000004,410400.0,5869030.321283053,14.300756143477225,5458630.321283053,18,广东,543421.091899208,0.09259129057973729,7.320299835070353,4.67019525300528,0.6856469275571706,8.966110190439602,0.21380909986225627,0.09,0.08225217256218173,1.8589063444301623,1.3,14.754922388331325,41501304.21487958,0.7237423777972557,0.11817929286421003,0.0007119476041498318,0.07272329299881575,NONE,DIAGNOSTIC_ONLY,True,15,6.548139808160158e-11,HJB_CONVERGED,True,True,CONTINUED_TO_HOUSEHOLD_BATCH
11,13,江西,51050047.92908307,214266.4426385077,74742375.17297055,74742375.17297055,74956641.61560905,1.468297183966138,0.004197183966137683,1.4641000000000004,1.4641000000000004,451300.0,5806949.916863783,12.867161349133134,5355649.916863783,18,广东,531862.3759004149,0.0915906600736903,7.316125470786057,4.667585896127335,0.6782374048424132,9.028481087275834,0.21590737422720618,0.09,0.08911716356743321,1.1034333304932056,1.1034333304932056,15.14765972411422,24361532.543960407,0.6350910809510879,0.11936588048716357,0.0005209899368338045,0.07241575700307745,NONE,DIAGNOSTIC_ONLY,True,14,5.299880534437307e-10,HJB_CONVERGED,True,True,CONTINUED_TO_HOUSEHOLD_BATCH
11,14,山东,210016973.07581103,193670.2466275341,307485850.280295,307485850.280295,307679520.5269225,1.4650221647364554,0.0009221647364550094,1.4641000000000004,1.4641000000000004,1007700.0,5823160.691090677,5.778664970815399,4815460.691090677,18,广东,517711.0644577123,0.08890550886734075,7.318515645377127,4.669956572956063,0.6792702047788989,9.350572251285513,0.14454141165665202,0.09,0.08262876170952255,3.17870024090406,1.3,15.538096337440326,71500760.7899674,0.6568413651249171,0.11839577787568123,0.0007878913742473959,0.07279731233324793,NONE,DIAGNOSTIC_ONLY,True,37,1.223452450460627e-10,HJB_CONVERGED,True,True,CONTINUED_TO_HOUSEHOLD_BATCH
11,15,河南,168320556.01470312,201578.81736209316,246438126.06112692,246438126.06112692,246639704.87848902,1.46529758882774,0.0011975888277394049,1.4641000000000004,1.4641000000000004,986400.0,5886523.148726917,5.967683646316826,4900123.148726917,18,广东,527266.4890924098,0.0895718025344795,7.30917225604276,4.674059343553236,0.6769268250299659,9.361486015901946,0.1330571433540183,0.09,0.08520486284942226,2.349915407611958,1.3,15.660137777173352,53570428.36615716,0.5777331154880632,0.11836585490928564,0.0007533949323637046,0.07278387625249882,NONE,DIAGNOSTIC_ONLY,True,13,8.085845326633034e-09,HJB_CONVERGED,True,True,CONTINUED_TO_HOUSEHOLD_BATCH
11,16,湖北,101805153.6623069,206956.15103514137,149052925.4769836,149052925.4769836,149259881.62801874,1.466132865170281,0.0020328651702803367,1.4641000000000006,1.4641000000000006,591700.0,5916496.7119588265,9.999149420244763,5324796.7119588265,18,广东,538358.0401125273,0.09099270502835932,7.310197402685246,4.6735042097640225,0.6776452192153435,9.317503053974969,0.19796744466814808,0.09,0.0851085211826562,1.9959694350061938,1.3,15.568529042912544,45078676.513641484,0.7033776509774101,0.1182400171218776,0.0007232595691133437,0.07273991037174543,NONE,DIAGNOSTIC_ONLY,True,13,4.549088661320866e-09,HJB_CONVERGED,True,True,CONTINUED_TO_HOUSEHOLD_BATCH
11,17,湖南,93791807.14892803,209981.88298928447,137320584.84674558,137320584.84674558,137530566.72973487,1.4663388083711397,0.002238808371139103,1.4641000000000006,1.4641000000000006,663500.0,5924337.629862721,8.928918809137485,5260837.629862721,18,广东,545252.018242281,0.09203594600919388,7.313732216093234,4.670069091606292,0.6783076115257765,9.139602965841021,0.18353684554879202,0.09,0.08719806196356582,1.7178142293202605,1.3,15.296181628345051,38971942.53912436,0.6457338112924298,0.11822862071710705,0.0007123442538607971,0.07272954467348658,NONE,DIAGNOSTIC_ONLY,True,13,2.587038316903545e-08,HJB_CONVERGED,True,True,CONTINUED_TO_HOUSEHOLD_BATCH
11,18,广东,191259406.86816654,201943.1171994967,280022897.5956827,280022897.5956827,280224840.71288216,1.4651558597901473,0.0010558597901471813,1.4641000000000002,1.4641000000000002,1234800.0,5711954.014357147,4.625813098766721,4477154.014357147,18,广东,537556.7883241205,0.09411083964838605,7.319935505572918,4.6668942557218696,0.6828976361801716,8.887183643408708,0.26143150025705275,0.09,0.0862773932303981,4.986280098366084,1.3,14.758827887774805,107220496.65555038,1.0606730769155974,0.11838810188245019,0.0007388329770017243,0.07279285704116223,NONE,DIAGNOSTIC_ONLY,True,13,8.640917315005936e-09,HJB_CONVERGED,True,True,CONTINUED_TO_HOUSEHOLD_BATCH
11,19,广西,67306708.83876626,211884.97241608796,98543752.41083771,98543752.41083771,98755637.3832538,1.4672480513023403,0.003148051302339861,1.4641000000000004,1.4641000000000004,494700.0,5589555.423256898,11.298878963527185,5094855.423256898,18,广东,522464.6537257434,0.09347159374283759,7.329499890280987,4.660303079716847,0.6878902249815697,8.489338223903507,0.130046613748889,0.09,0.08755870126930616,0.9720327100302198,0.9720327100302198,14.019858553646444,21053366.80947227,0.4522774186852607,0.11917806275417209,0.0002276184537582937,0.07262998448487701,NONE,DIAGNOSTIC_ONLY,True,13,1.899339263644606e-08,HJB_CONVERGED,True,True,CONTINUED_TO_HOUSEHOLD_BATCH
11,20,海南,14673330.466888333,214468.0857100986,21483223.136571214,21483223.136571214,21697691.22228131,1.478716183162648,0.014616183162647688,1.4641000000000004,1.4641000000000004,98200.0,5507196.991674801,56.08143576043586,5408996.991674801,18,广东,512533.6211043556,0.09306614996324805,7.3410077577288915,4.65459160767784,0.6953629140001097,8.088472192611304,0.152333838849783,0.09,0.08664951497272279,0.2479182474560277,0.8,13.199157901292455,5264601.0767570585,0.3474661821519752,0.11690247838202761,0.00039803081068334745,0.07206733800823883,NONE,DIAGNOSTIC_ONLY,True,13,1.24894494746286e-08,HJB_CONVERGED,True,True,CONTINUED_TO_HOUSEHOLD_BATCH
11,21,重庆,50663834.63130832,211647.4195035735,74176920.28369853,74176920.28369853,74388567.7032021,1.4682774852030802,0.004177485203079821,1.4641000000000004,1.4641000000000004,316300.0,5733404.825118948,18.126477474293228,5417104.825118948,18,广东,522623.9040647269,0.09115419545730129,7.3188935020871595,4.667771251127538,0.682504751819595,8.935462216536814,0.20516586536433642,0.09,0.08591758125431366,1.0596647067204643,1.0596647067204643,14.840699483729482,23153146.47999573,0.6090175490147066,0.11931744091343544,0.00036199398385083903,0.07246102052896553,NONE,DIAGNOSTIC_ONLY,True,13,7.662722456558413e-09,HJB_CONVERGED,True,True,CONTINUED_TO_HOUSEHOLD_BATCH
11,22,四川,94830047.41899477,213137.17111114608,138840672.4261503,138840672.4261503,139053809.59726143,1.4663475700151183,0.002247570015117951,1.4641000000000006,1.4641000000000006,832100.0,5838967.626832868,7.017146529062454,5006867.626832868,18,广东,530556.2797315355,0.09086474076228371,7.319849687021024,4.66521715747661,0.680707035535129,8.865719992430504,0.2205599916470147,0.09,0.08905965631711825,2.0750969812034703,1.3,14.821070673267808,46022314.914555565,0.7592593172525989,0.11824879175325265,0.0007113646418370756,0.07272872224332994,NONE,DIAGNOSTIC_ONLY,True,14,1.4740937359647432e-09,HJB_CONVERGED,True,True,CONTINUED_TO_HOUSEHOLD_BATCH
11,23,贵州,39447014.665611394,215200.35107667002,57754374.17192166,57754374.17192166,57969574.52299833,1.4695554280698027,0.005455428069802063,1.4641000000000006,1.4641000000000006,382200.0,5441843.086451526,14.238207970830784,5059643.086451526,18,广东,500474.72578449635,0.0919678715159062,7.324493088537746,4.661889956607206,0.683067298831576,8.66865270306619,0.18407658085617765,0.09,0.08978964579564391,0.7903026744705935,0.8,14.45600961811271,16467183.581176892,0.5278562826597353,0.1188546553883234,0.000617161246640574,0.07255709436318769,NONE,DIAGNOSTIC_ONLY,True,14,2.4147785993022808e-09,HJB_CONVERGED,True,True,CONTINUED_TO_HOUSEHOLD_BATCH
11,24,云南,68611984.86091176,211134.64862975123,100454807.03486094,100454807.03486094,100665941.6834907,1.46717722694596,0.0030772269459593293,1.4641000000000006,1.4641000000000006,470300.0,5617989.101354861,11.945543485764109,5147689.101354861,18,广东,518021.0259068524,0.0922075526600655,7.3323788762972715,4.659184942695144,0.690087054471384,8.391923212327306,0.1370624792041952,0.09,0.0868898901858107,1.0304290907480005,1.0304290907480005,13.803358313100553,22396841.862242803,0.4737525457363758,0.11912874341356439,0.00031759459778435417,0.07261486079149071,NONE,DIAGNOSTIC_ONLY,True,14,2.77221445799114e-09,HJB_CONVERGED,True,True,CONTINUED_TO_HOUSEHOLD_BATCH
11,25,西藏,6325734.326183821,214817.96107392988,9261507.626965735,9261507.626965735,9476325.588039665,1.4980593713546815,0.03395937135468111,1.4641000000000004,1.4641000000000004,35400.0,5431441.541826451,153.4305520289958,5396041.541826451,18,广东,480827.0153020443,0.08852659309674808,8.163841014562761,1.9502558306868738,0.6611231949040024,7.670232407334174,0.10158954323254193,0.09,0.08465618461397223,0.07829708566598946,0.8,11.718391894132433,1658416.3994757554,0.20247099763941548,0.11503605612785228,5.285251236841759e-05,0.07105166589754286,NONE,DIAGNOSTIC_ONLY,True,16,2.7023521198543676e-09,HJB_CONVERGED,True,True,CONTINUED_TO_HOUSEHOLD_BATCH
11,26,陕西,73897910.2910824,208551.07301943956,108193930.45717376,108193930.45717376,108402481.53019321,1.4669221511568864,0.0028221511568860477,1.4641000000000004,1.4641000000000004,393100.0,5829860.446840945,14.830476842637864,5436760.446840945,18,广东,523577.8195436195,0.08980966599763691,7.314316559901798,4.671884573650927,0.6809692841889662,9.159999486230662,0.14797603386297573,0.09,0.0840224996582883,1.1413030155105202,1.1413030155105202,15.211166387151641,25680201.488827217,0.5093517802017816,0.11902096709657228,0.0004616789538843813,0.07260499328905468,NONE,DIAGNOSTIC_ONLY,True,22,9.977675796690733e-09,HJB_CONVERGED,True,True,CONTINUED_TO_HOUSEHOLD_BATCH
11,27,甘肃,25177704.67938732,215436.8689361708,36862677.42109099,36862677.42109099,37078114.290027164,1.4726566524700946,0.008556652470093762,1.4641000000000006,1.4641000000000006,251500.0,5511338.449926039,21.913870576246676,5259838.449926039,18,广东,488849.9506778005,0.08869895309811009,7.327031282596186,4.660171562934475,0.6845129216998805,8.563792218777445,0.1460660051432976,0.09,0.09,0.4083741420475455,0.8,14.255443179533463,8690742.003273334,0.386154354332096,0.11786939632892213,0.0005637445575513711,0.07238829768553368,NONE,DIAGNOSTIC_ONLY,True,14,2.197237503054339e-09,HJB_CONVERGED,True,True,CONTINUED_TO_HOUSEHOLD_BATCH
11,28,青海,17578407.529567722,213281.6608665598,23396860.42185464,23396860.42185464,23610142.0827212,1.343133161693277,0.012133161693276814,1.3310000000000002,1.3310000000000002,58700.0,5509152.506420739,93.85268324396489,5450452.506420739,18,广东,483551.2943337121,0.08777235586964577,6.758201800753135,1.6304290674927961,0.679521139863041,8.610349574280908,0.05922045768937142,0.05922045768937142,0.05575142159555093,0.12485269777281705,0.8,12.938658018332694,2747925.7224284834,0.17038629150522536,0.016444344248593534,0.06780567272910842,2.7029683957957573e-05,NONE,DIAGNOSTIC_ONLY,True,13,4.420764199153382e-09,HJB_CONVERGED,True,True,CONTINUED_TO_HOUSEHOLD_BATCH
11,29,宁夏,18640640.44456374,213133.73349472348,27291761.674885776,27291761.674885776,27504895.4083805,1.4755338203201,0.011433820320099609,1.4641000000000004,1.4641000000000004,71000.0,5613833.4407714065,79.06807663058319,5542833.4407714065,18,广东,491817.16222477204,0.08760807876002652,7.327972966288971,4.673615186987941,0.6955032465129882,8.908317022054147,0.07399203581552452,0.07399203581552452,0.07358919168017242,0.17081330928632707,0.8,14.292813062424921,3763751.5294548515,0.20747489633519517,0.11722924526878953,0.0005011417779066107,0.0722327871502626,NONE,DIAGNOSTIC_ONLY,True,25,2.2966490931253247e-09,HJB_CONVERGED,True,True,CONTINUED_TO_HOUSEHOLD_BATCH
11,30,新疆,49250553.031937115,210084.497428989,72107734.69405915,72107734.69405915,72317819.19148813,1.4683656271756536,0.004265627175653382,1.4641000000000004,1.4641000000000004,252000.0,5138932.12664988,20.39258780416619,4886932.12664988,18,广东,451641.1836251893,0.08788619356987278,8.175656031288137,1.954353434950873,0.6678390946823832,7.339865710953422,0.11262510196530892,0.09,0.0835142419671263,0.6872330824727606,0.8,11.078387036600406,13739591.529807378,0.3797468941367679,0.11895352527048053,0.0006674242997480873,0.07261788450726625,NONE,DIAGNOSTIC_ONLY,True,16,2.659049425091098e-09,HJB_CONVERGED,True,True,CONTINUED_TO_HOUSEHOLD_BATCH
12,0,北京,58719043.066994764,208082.2780352555,85970550.95438705,94567606.04982577,86178633.2324223,1.4676436932750738,0.003543693275073414,1.4641000000000004,1.6105100000000006,219200.0,5892219.3957823645,26.88056293696334,5673019.3957823645,18,广东,521607.2035143664,0.08852474228772464,7.320081777106331,4.674555339945753,0.6871977701648181,9.125411589021404,0.28352898579945557,0.09,0.07856139516004969,1.6012186089852853,1.3,14.911849976657255,35512223.229183346,0.8320136655694784,0.04398198014393806,2.5021275797287856e-05,0.07268239078062422,HIGH_RA_INCREASE_1P1,DIAGNOSTIC_ONLY,True,25,8.426677400308336e-08,HJB_CONVERGED,True,True,CONTINUED_TO_HOUSEHOLD_BATCH
12,1,天津,64593598.72309723,205313.04344385766,94571487.89048667,104028636.67953534,94776800.93393053,1.4672785354509201,0.0031785354509198806,1.4641000000000004,1.6105100000000003,138300.0,5478430.061340528,39.61265409501466,5340130.061340528,18,广东,483259.7216188007,0.0882113518303364,7.306849724817403,4.676829081840794,0.6969042072348773,9.289935588516942,0.08441009437325409,0.08441009437325409,0.06483490242424093,0.6675679847241927,0.8,14.731444241555133,14334413.404721797,0.31910208447563504,0.044331724631391234,2.4767151704851997e-05,0.07270228803042733,HIGH_RA_INCREASE_1P1,DIAGNOSTIC_ONLY,True,22,9.786254917543147e-09,HJB_CONVERGED,True,True,CONTINUED_TO_HOUSEHOLD_BATCH
12,2,河北,113705229.18254791,207571.91524844666,166475826.04616848,183123408.65078533,166683397.96141693,1.4659255265544144,0.0018255265544137869,1.4641000000000006,1.6105100000000008,742600.0,5926869.83587529,7.981241362611487,5184269.83587529,18,广东,526417.4279588549,0.08881879348394914,7.314472802768449,4.670090511594411,0.6793914120918307,9.114976647724465,0.12670312625036234,0.09,0.08639809882254978,1.5138939415216812,1.3,15.216110158365838,34859441.78722821,0.5011266934078388,0.04407584658890751,2.5395377856174406e-05,0.07277645477181482,HIGH_RA_INCREASE_1P1,DIAGNOSTIC_ONLY,True,13,1.5094296479389868e-08,HJB_CONVERGED,True,True,CONTINUED_TO_HOUSEHOLD_BATCH
12,3,山西,53478727.38884524,211745.4582609835,78298204.77000836,86128025.2470092,78509950.22826934,1.4680594333784611,0.003959433378460498,1.4641000000000006,1.610510000000001,350200.0,5480817.057864489,15.650534145815216,5130617.057864489,18,广东,485846.4799746,0.08864489999304997,7.31682559973923,4.668648358094896,0.6808514392258347,9.014371060424708,0.1333327463388482,0.09,0.08642590876472173,0.8047928423506896,0.8047928423506896,15.017061857174063,17113499.265960056,0.437721972296281,0.044822165800305624,4.528430067851641e-05,0.0724020570092967,HIGH_RA_INCREASE_1P1,DIAGNOSTIC_ONLY,True,13,3.560207106900748e-08,HJB_CONVERGED,True,True,CONTINUED_TO_HOUSEHOLD_BATCH
12,4,内蒙古,82165502.99427319,203854.03017011512,120298512.93391544,132328364.22730699,120502366.96408555,1.4665810172486182,0.0024810172486173843,1.4641000000000008,1.610510000000001,242200.0,5428071.971275549,22.411527544490294,5185871.971275549,18,广东,478043.1401170746,0.08806868122729379,7.326604276336079,4.674110173706704,0.6952853448348635,8.94560229801995,0.07892802805572702,0.07892802805572702,0.07315891216631772,0.8127736306395259,0.8127736306395259,14.350333891215547,17311742.495535288,0.32356568605227876,0.04477043495192268,5.339778029833653e-05,0.07254550552235872,HIGH_RA_INCREASE_1P1,DIAGNOSTIC_ONLY,True,24,5.1833510816834405e-08,HJB_CONVERGED,True,True,CONTINUED_TO_HOUSEHOLD_BATCH
12,5,辽宁,90061052.78222083,206005.91324560842,131858387.37844954,145044226.1162945,132064393.29169515,1.4663874028992732,0.002287402899272754,1.4641000000000004,1.6105100000000006,429100.0,5706425.681849258,13.298591661266041,5277325.681849258,18,广东,503407.1444452463,0.0882175940793308,7.332451724093753,4.663567645536185,0.6926035510975007,8.506273529504758,0.11312853893618402,0.09,0.0825283239019108,1.1343287969026223,1.1343287969026223,13.861656202902953,25217846.781408433,0.4347830197631977,0.04461915133640071,5.696424868073535e-05,0.07262060702275286,HIGH_RA_INCREASE_1P1,DIAGNOSTIC_ONLY,True,15,7.826868930749242e-09,HJB_CONVERGED,True,True,CONTINUED_TO_HOUSEHOLD_BATCH
12,6,吉林,66308917.7271201,207029.54237052114,97082886.44427659,97082886.44427659,97289915.98664711,1.4672221975786508,0.0031221975786500707,1.4641000000000006,1.4641000000000006,248400.0,5366174.7900400385,21.602958091948626,5117774.7900400385,18,广东,469428.71103007434,0.08747920621247073,7.4279250198525215,1.620110652007324,0.6671579239918386,8.563922203060809,0.06476727784758454,0.06476727784758454,0.06463609445819858,0.571613138638186,0.8,13.094667428299875,12071961.765309071,0.2650290195652592,0.04430333659722674,2.472703717848468e-05,0.07270093348993867,NONE,DIAGNOSTIC_ONLY,True,15,5.1990876492880034e-08,HJB_CONVERGED,True,True,CONTINUED_TO_HOUSEHOLD_BATCH
12,7,黑龙江,58424879.89838116,210381.27450814674,85539866.65921989,94093853.32514189,85750247.93372804,1.4677008850146394,0.0036008850146387037,1.4641000000000006,1.610510000000001,332700.0,5257153.793417321,15.801484200232403,4924453.793417321,18,广东,457940.9529019792,0.0871081522240008,7.3585971606937175,4.647560826687426,0.706252233676896,7.578310149060752,0.09124853869034094,0.09,0.08486644485754898,0.6697257509429286,0.8,12.14394637131775,13780131.552332291,0.33386823486935585,0.04434165504961851,2.4900544808748037e-05,0.07267594693747648,HIGH_RA_INCREASE_1P1,DIAGNOSTIC_ONLY,True,20,6.19060753770384e-08,HJB_CONVERGED,True,True,CONTINUED_TO_HOUSEHOLD_BATCH
12,8,上海,66125294.30800852,207170.09518664834,96814043.3963553,106495447.73599084,97021213.49154195,1.4672329931663017,0.0031329931663012303,1.4641000000000004,1.6105100000000006,247500.0,5892057.720676626,23.80629382091566,5644557.720676626,18,广东,533679.5128800538,0.09057608363326891,7.3199921680427735,4.674536427605358,0.6871290197885096,9.126355515717664,0.2724520527897078,0.09,0.07860976319662002,1.7380034912626896,1.3,14.915839470861485,38630087.31891167,0.8292659909550377,0.0439991633488368,2.509373052705932e-05,0.07270637177013284,HIGH_RA_INCREASE_1P1,DIAGNOSTIC_ONLY,True,26,4.800471131716222e-11,HJB_CONVERGED,True,True,CONTINUED_TO_HOUSEHOLD_BATCH
12,9,江苏,203535217.25929242,191712.13465954762,297995911.58933014,327795502.7482632,298187623.72398967,1.4650419113666968,0.0009419113666963941,1.4641000000000004,1.6105100000000008,844600.0,5776447.733231593,6.839270344815999,4931847.733231593,18,广东,519145.82924077695,0.08987285148520585,7.311077644466718,4.676959261759764,0.6811427142709039,9.398375448930889,0.2230543524090477,0.09,0.08040269429075757,4.5436992993021645,1.3,15.531948541680816,99995340.05128166,0.9420857277548453,0.0441094462556626,2.533956372174906e-05,0.07282389044757798,HIGH_RA_INCREASE_1P1,DIAGNOSTIC_ONLY,True,16,1.0941292316601903e-10,HJB_CONVERGED,True,True,CONTINUED_TO_HOUSEHOLD_BATCH
12,10,浙江,124249656.20818298,203169.63396727227,181913921.65440074,200105313.81984082,182117091.28836802,1.4657351726046381,0.0016351726046376915,1.4641000000000004,1.6105100000000003,627300.0,5829960.521040924,9.293735885606447,5202660.521040924,18,广东,529242.4421498852,0.09077976432941443,7.314202655754132,4.672517442911981,0.6813430051805368,9.180343095303076,0.22798792952163252,0.09,0.08333469387558952,2.804263741625453,1.3,15.223480247158266,62224673.85858517,0.8415482956756104,0.044077811426789015,2.5343225502627575e-05,0.07278741472110273,HIGH_RA_INCREASE_1P1,DIAGNOSTIC_ONLY,True,25,1.2135211724384476e-08,HJB_CONVERGED,True,True,CONTINUED_TO_HOUSEHOLD_BATCH
12,11,安徽,70182433.35888097,213553.92065144132,102754100.68073766,113029510.74881144,102967654.6013891,1.4671428400730915,0.003042840073090996,1.4641000000000004,1.6105100000000008,607600.0,5946539.421255562,9.786931239722783,5338939.421255562,18,广东,537734.6913626299,0.09042817229808117,7.312977543274047,4.669714623212695,0.6763192063794111,9.170158655016124,0.23787628176385514,0.09,0.08895489271749274,1.6151835617221033,1.3,15.424499959125033,36483896.76359687,0.7477466190895513,0.04402699475671912,2.5117213861447496e-05,0.07271188835334752,HIGH_RA_INCREASE_1P1,DIAGNOSTIC_ONLY,True,13,7.354552744587295e-08,HJB_CONVERGED,True,True,CONTINUED_TO_HOUSEHOLD_BATCH
12,12,福建,87795538.11850408,206099.9297593361,128541447.35930185,141395592.09523204,128747547.28906119,1.4664474989068486,0.0023474989068481807,1.4641000000000004,1.6105100000000003,410400.0,5869598.409042738,14.302140372911156,5459198.409042738,18,广东,543477.0779066144,0.09259186745541746,7.320358200691391,4.67016418070903,0.6856815198180262,8.963840753379525,0.21296192445479256,0.09,0.08225220611408121,1.852132331087821,1.3,14.75044320673442,41502351.867827214,0.7237423777972557,0.04404052655431867,2.52438560053303e-05,0.07275037267115758,HIGH_RA_INCREASE_1P1,DIAGNOSTIC_ONLY,True,15,6.336708935350543e-11,HJB_CONVERGED,True,True,CONTINUED_TO_HOUSEHOLD_BATCH
12,13,江西,51050047.92908307,214247.9823350702,74742375.17297055,82216612.69026761,74956623.15530562,1.4682968223542654,0.004196822354264896,1.4641000000000004,1.6105100000000006,451300.0,5806094.937594058,12.865266868145486,5354794.937594058,18,广东,531790.3193653537,0.09159173680093459,7.316175355757089,4.667553397337946,0.6782699155224795,9.026263242239562,0.21501239845153944,0.09,0.08911716740193543,1.0994956654915151,1.0994956654915151,15.143235601609264,24360588.649250332,0.6350910809510879,0.04470888031336995,3.874529274261462e-05,0.07237420594063049,HIGH_RA_INCREASE_1P1,DIAGNOSTIC_ONLY,True,14,5.263331992466647e-10,HJB_CONVERGED,True,True,CONTINUED_TO_HOUSEHOLD_BATCH
12,14,山东,210016973.07581103,193673.35159620538,307485850.280295,338234435.3083245,307679523.6318912,1.4650221795208254,0.0009221795208251764,1.4641000000000004,1.6105100000000006,1007700.0,5823729.936583426,5.779229866610525,4816029.936583426,18,广东,517765.39293838467,0.08890614753371258,7.311267512279988,4.67472033122737,0.6795294556488005,9.35081464665592,0.1441761830868676,0.09,0.08262879363579217,3.171542635249098,1.3,15.533323981415485,71502591.87177664,0.6568413651249171,0.04411517369466256,2.560926330019697e-05,0.0728247858820874,HIGH_RA_INCREASE_1P1,DIAGNOSTIC_ONLY,True,34,8.380035843025269e-08,HJB_CONVERGED,True,True,CONTINUED_TO_HOUSEHOLD_BATCH
12,15,河南,168320556.01470312,201560.26105472032,246438126.06112692,271081938.6672396,246639686.32218164,1.4652974785838824,0.0011974785838820164,1.4641000000000004,1.6105100000000006,986400.0,5887096.833068692,5.96826524033728,4900696.833068692,18,广东,527321.3382030844,0.08957239079898306,7.309227100729104,4.674026186723383,0.6769615371285429,9.3590493850335,0.13275265966884187,0.09,0.08520488364123295,2.3451597655521343,1.3,15.65527667556527,53571792.70827898,0.5777331154880632,0.04410496262908792,2.5468195111066905e-05,0.07281119812157133,HIGH_RA_INCREASE_1P1,DIAGNOSTIC_ONLY,True,13,7.919092048780385e-09,HJB_CONVERGED,True,True,CONTINUED_TO_HOUSEHOLD_BATCH
12,16,湖北,101805153.6623069,206937.63518060482,149052925.4769836,163958218.024682,149259863.1121642,1.4661326832948662,0.0020326832948656796,1.4641000000000006,1.610510000000001,591700.0,5917070.529115536,10.000119197423587,5325370.529115536,18,广东,538413.6455454626,0.09099327832854864,7.310252165604873,4.673471337092592,0.6776797307934281,9.315095821105983,0.19724646578565594,0.09,0.08510854239132172,1.9893221625082191,1.3,15.563730582699714,45079817.39824459,0.7033776509774101,0.04406152386898188,2.530874221129409e-05,0.07276706006959666,HIGH_RA_INCREASE_1P1,DIAGNOSTIC_ONLY,True,13,4.460896541047532e-09,HJB_CONVERGED,True,True,CONTINUED_TO_HOUSEHOLD_BATCH
12,17,湖南,93791807.14892803,209963.3901569007,137320584.84674558,151052643.33142015,137530548.23690248,1.466338611202187,0.0022386112021864422,1.4641000000000006,1.6105100000000008,663500.0,5924911.500432348,8.92978372333436,5261411.500432348,18,广东,545308.2263598517,0.09203651840539051,7.313786528897602,4.670035274784568,0.6783422892003471,9.137221840877375,0.18292205293917596,0.09,0.08719807412332722,1.712583776383007,1.3,15.291434780623813,38972927.3523778,0.6457338112924298,0.044057663342312425,2.5269801536165204e-05,0.07275665233618223,HIGH_RA_INCREASE_1P1,DIAGNOSTIC_ONLY,True,13,2.6387414919781804e-08,HJB_CONVERGED,True,True,CONTINUED_TO_HOUSEHOLD_BATCH
12,18,广东,191259406.86816654,201924.56111497444,280022897.5956827,308025187.35525095,280224822.15679765,1.465155762769641,0.0010557627696407073,1.4641000000000002,1.6105100000000003,1234800.0,5712506.611021658,4.626260617931372,4477706.611021658,18,广东,537612.5504934826,0.09411149729896467,7.319991792991399,4.666860928572444,0.6829325279649798,8.884879334809908,0.2601492259124966,0.09,0.08627740937919749,4.963477391183601,1.3,14.754259033249436,107223208.05098617,1.0606730769155974,0.04411347369911689,2.5288032795778292e-05,0.07281998586211413,HIGH_RA_INCREASE_1P1,DIAGNOSTIC_ONLY,True,13,8.682271790405593e-09,HJB_CONVERGED,True,True,CONTINUED_TO_HOUSEHOLD_BATCH
12,19,广西,67306708.83876626,211866.4934459053,98543752.41083771,108398127.6519215,98755618.90428361,1.4672477767536287,0.0031477767536284254,1.4641000000000004,1.6105100000000006,494700.0,5588651.815403776,11.297052386100214,5093951.815403776,18,广东,522385.9212145684,0.09347261888363435,7.3295548781790085,4.660270829836402,0.6879238061999633,8.487233127276253,0.1297315686821394,0.09,0.08755871186563559,0.9702142634556917,0.9702142634556917,14.01570529585923,21052472.454364743,0.4522774186852607,0.044658577632426644,4.2480384045973096e-05,0.07258441875119703,HIGH_RA_INCREASE_1P1,DIAGNOSTIC_ONLY,True,13,1.8999781303818963e-08,HJB_CONVERGED,True,True,CONTINUED_TO_HOUSEHOLD_BATCH
12,20,海南,14673330.466888333,214449.62535122054,21483223.136571214,23631545.450228337,21697672.761922434,1.4787149250734284,0.01461492507342795,1.4641000000000004,1.6105100000000006,98200.0,5507674.035574867,56.08629364129193,5409474.035574867,18,广东,512585.4854726726,0.09306750584036173,7.341068650861695,4.654558288271469,0.6953985876393671,8.08637512502283,0.15191456043684132,0.09,0.08664952950959055,0.2473104502022199,0.8,13.195055812006496,5264717.20383158,0.3474661821519752,0.04360479609498569,2.205809572797257e-05,0.07209098577220763,HIGH_RA_INCREASE_1P1,DIAGNOSTIC_ONLY,True,13,1.2456650821945914e-08,HJB_CONVERGED,True,True,CONTINUED_TO_HOUSEHOLD_BATCH
12,21,重庆,50663834.63130832,211628.93901096637,74176920.28369853,81594612.31206839,74388549.22270949,1.4682771204361267,0.004177120436126399,1.4641000000000004,1.6105100000000006,316300.0,5732622.520033103,18.1240041733579,5416322.520033103,18,广东,522558.937391271,0.09115530205680689,7.3189479087123726,4.667739198572121,0.6825384916783047,8.933222922975114,0.20435634952256002,0.09,0.0859175989612284,1.0560815990792176,1.0560815990792176,14.836257744975414,23152314.786047053,0.6090175490147066,0.044680732079587004,3.592142214436933e-05,0.07242249620391372,HIGH_RA_INCREASE_1P1,DIAGNOSTIC_ONLY,True,13,7.701289828077051e-09,HJB_CONVERGED,True,True,CONTINUED_TO_HOUSEHOLD_BATCH
12,22,四川,94830047.41899477,213118.70143842464,138840672.4261503,152724739.66876534,139053791.12758872,1.4663473752490794,0.0022473752490788724,1.4641000000000006,1.6105100000000008,832100.0,5839532.680238393,7.017825598171365,5007432.680238393,18,广东,530610.9194867215,0.09086530524649103,7.31990491086478,4.665182028681814,0.680743047454358,8.86333627779823,0.21965619399299327,0.09,0.08905966040129464,2.067259138452696,1.3,14.816320568301865,46023476.81454546,0.7592593172525989,0.04406479714680955,2.524644820778299e-05,0.07275580483345712,HIGH_RA_INCREASE_1P1,DIAGNOSTIC_ONLY,True,14,1.48467727001389e-09,HJB_CONVERGED,True,True,CONTINUED_TO_HOUSEHOLD_BATCH
12,23,贵州,39447014.665611394,215181.89694615713,57754374.17192166,63529811.58911383,57969556.06886782,1.4695549602490898,0.00545496024908941,1.4641000000000006,1.6105100000000006,382200.0,5442353.336060588,14.23954300382153,5060153.336060588,18,广东,500525.58341548155,0.09196859382485145,7.324549067044786,4.661854425604753,0.6831030787572531,8.666331419783743,0.1834556932960977,0.09,0.0897896467095616,0.787881613828126,0.8,14.451400152648516,16467584.088953983,0.5278562826597353,0.0442789517009361,2.4321571148844257e-05,0.0725831806368693,HIGH_RA_INCREASE_1P1,DIAGNOSTIC_ONLY,True,14,2.4058057768172603e-09,HJB_CONVERGED,True,True,CONTINUED_TO_HOUSEHOLD_BATCH
12,24,云南,68611984.86091176,211116.1626518149,100454807.03486094,110500287.73834704,100665923.19751276,1.4671769575181337,0.003076957518133071,1.4641000000000006,1.6105100000000006,470300.0,5617030.499843688,11.943505209108416,5146730.499843688,18,广东,517938.0380639856,0.09220851445944594,7.332436235411499,4.659152257921586,0.6901215866069623,8.389796029743104,0.1367118000176967,0.09,0.08688990368116122,1.0283746784044574,1.0283746784044574,13.799172391330927,22395837.866182838,0.4737525457363758,0.0446507682013535,4.482757283996719e-05,0.07256677807068934,HIGH_RA_INCREASE_1P1,DIAGNOSTIC_ONLY,True,14,2.7203435060130232e-09,HJB_CONVERGED,True,True,CONTINUED_TO_HOUSEHOLD_BATCH
12,25,西藏,6325734.326183821,214799.4931944125,9261507.626965735,10187658.389662309,9476307.120160148,1.4980564518707822,0.03395645187078168,1.4641000000000004,1.6105100000000006,35400.0,5431885.177354683,153.4430841060645,5396485.177354683,18,广东,480875.8732637579,0.08852835757068478,8.164046217687321,1.9504048304291541,0.6611554843641667,7.668307514363585,0.1015952593909977,0.09,0.08465620777936132,0.07817928853603534,0.8,11.714724457517725,1658449.4901245777,0.20247099763941548,0.04295626991245283,1.995316063729824e-05,0.07107303676348331,HIGH_RA_INCREASE_1P1,DIAGNOSTIC_ONLY,True,16,2.7027220461661727e-09,HJB_CONVERGED,True,True,CONTINUED_TO_HOUSEHOLD_BATCH
12,26,陕西,73897910.2910824,208532.5694800944,108193930.45717376,119013323.50289115,108402463.02665386,1.4669219007636172,0.002821900763616843,1.4641000000000004,1.6105100000000006,393100.0,5828756.636669897,14.827668879852192,5435656.636669897,18,广东,523483.6798327182,0.08981052263176946,7.314370963686931,4.671853422938987,0.6810027612027786,9.15772550943393,0.14756633429240804,0.09,0.0840225255635957,1.138815226698483,1.138815226698483,15.20665158963615,25678924.71944914,0.5093517802017816,0.044632767275621044,4.9718043631075126e-05,0.07255166546719938,HIGH_RA_INCREASE_1P1,DIAGNOSTIC_ONLY,True,24,3.5564884370842265e-11,HJB_CONVERGED,True,True,CONTINUED_TO_HOUSEHOLD_BATCH
12,27,甘肃,25177704.67938732,215418.41661328013,36862677.42109099,40548945.163200095,37078095.83770427,1.4726559195866515,0.008555919586650826,1.4641000000000006,1.610510000000001,251500.0,5511836.857445951,21.915852315888472,5260336.857445951,18,广东,488899.6662966009,0.08869995229197421,7.327086513165003,4.660136775774157,0.6845484151565968,8.561533167044123,0.1456867482089201,0.09,0.09,0.4074317198762796,0.8,14.2509588287646,8690944.644125843,0.386154354332096,0.0439387020190003,2.331686436352065e-05,0.07241330241801602,HIGH_RA_INCREASE_1P1,DIAGNOSTIC_ONLY,True,14,2.1842754271972353e-09,HJB_CONVERGED,True,True,CONTINUED_TO_HOUSEHOLD_BATCH
12,28,青海,17578407.529567722,213262.68136993155,23396860.42185464,23396860.42185464,23610123.10322457,1.343132081988156,0.01213208198815584,1.3310000000000002,1.3310000000000002,58700.0,5514230.038857097,93.93918294475463,5455530.038857097,18,广东,483748.2029146995,0.08772724378668889,6.7598548877811915,1.6303481979665226,0.6795322169924514,8.607904137998668,0.05922267124086638,0.05922267124086638,0.05576411235048676,0.12647508041522706,0.8,12.934627995712672,2748587.179079643,0.17038629150522536,0.005585860499832451,0.00024071125567948215,0.00021367506537228742,NONE,DIAGNOSTIC_ONLY,True,13,4.348390536534907e-09,HJB_CONVERGED,True,True,CONTINUED_TO_HOUSEHOLD_BATCH
12,29,宁夏,18640640.44456374,213115.2584539988,27291761.674885776,30020937.842374355,27504876.933339775,1.4755328292038998,0.011432829203899517,1.4641000000000004,1.6105100000000003,71000.0,5614321.340093393,79.07494845201961,5543321.340093393,18,广东,491867.5101791036,0.08760943315918598,7.328045248478842,4.673577768666072,0.6955289087317073,8.905708637196021,0.07399552645965891,0.07399552645965891,0.07360493388559657,0.17067078989527462,0.8,14.288350337449504,3763835.3323488683,0.20747489633519517,0.04371878543155283,2.2265788100162e-05,0.07225666125829533,HIGH_RA_INCREASE_1P1,DIAGNOSTIC_ONLY,True,25,2.669785725828433e-09,HJB_CONVERGED,True,True,CONTINUED_TO_HOUSEHOLD_BATCH
12,30,新疆,49250553.031937115,210065.90949654114,72107734.69405915,79318508.16346507,72317800.6035557,1.4683652497599438,0.00426524975994323,1.4641000000000004,1.6105100000000006,252000.0,5139415.894278262,20.394507516977228,4887415.894278262,18,广东,451687.4472605738,0.08788692266828216,8.175863172569896,1.954499729862969,0.6678715955848574,7.338029701371432,0.11242875364509976,0.09,0.08351427006894953,0.686121098997287,0.8,11.0749228407656,13739927.66453681,0.3797468941367679,0.04431307850851063,2.446468140648861e-05,0.07264412576208179,HIGH_RA_INCREASE_1P1,DIAGNOSTIC_ONLY,True,16,2.6592794633018e-09,HJB_CONVERGED,True,True,CONTINUED_TO_HOUSEHOLD_BATCH
13,0,北京,58719043.066994764,207078.39621995811,94567606.04982577,94567606.04982577,94774684.44604573,1.6140365969165016,0.0035265969165010846,1.6105100000000006,1.6105100000000006,219200.0,5891507.5578459855,26.877315501122197,5672307.5578459855,18,广东,521699.50426898507,0.08855110498402304,7.320209294565331,4.674536797520323,0.6872823904536699,9.122301970092943,0.25513907571820166,0.09,0.07852821936820818,1.5990924172222187,1.3,14.904266637718381,35511653.324039094,0.775638411444413,0.11873222796620908,1.6048140398683408e-05,0.07266517622301372,NONE,DIAGNOSTIC_ONLY,True,26,5.7208460191304766e-11,HJB_CONVERGED,True,True,CONTINUED_TO_HOUSEHOLD_BATCH
13,1,天津,64593598.72309723,204319.95189832756,104028636.67953534,104028636.67953534,104232956.63143367,1.6136731609933088,0.0031631609933085725,1.6105100000000003,1.6105100000000003,138300.0,5477777.352313722,39.60793457927492,5339477.352313722,18,广东,483345.2319221184,0.08823747312730071,7.299140055551133,4.6760115482928395,0.6993275761420841,9.360299616836521,0.0744845120937773,0.0744845120937773,0.06086311121280015,0.666835629091925,0.8,14.724146955501634,14334173.844993033,0.29747497328595585,0.11890284109338656,1.6712210119784743e-05,0.07268436080439367,NONE,DIAGNOSTIC_ONLY,True,22,3.3071323457534163e-10,HJB_CONVERGED,True,True,CONTINUED_TO_HOUSEHOLD_BATCH
13,2,河北,113705229.18254791,206568.06558007593,183123408.65078533,183123408.65078533,183329976.7163654,1.6123266980275686,0.001816698027567769,1.6105100000000008,1.6105100000000008,742600.0,5926167.707759104,7.9802958628590135,5183567.707759104,18,广东,526510.5903173259,0.0888450371777309,7.314561967491194,4.670042914052188,0.6794555495954274,9.111257968021548,0.11275615223090871,0.09,0.08638761672169659,1.5121835655226248,1.3,15.20829892998333,34858714.0756787,0.4671305854810461,0.11889347297467867,2.0875593876534815e-05,0.07275405992622463,NONE,DIAGNOSTIC_ONLY,True,13,1.5455651425355654e-08,HJB_CONVERGED,True,True,CONTINUED_TO_HOUSEHOLD_BATCH
13,3,山西,53478727.38884524,210741.66033766538,86128025.2470092,86128025.2470092,86338766.90734687,1.6144506633371325,0.003940663337131364,1.610510000000001,1.610510000000001,350200.0,5478073.521119848,15.642699946087516,5127873.521119848,18,广东,485747.0546852446,0.08867114557928504,7.316913062380425,4.668602612481673,0.6809138965234375,9.010815419453174,0.11882421776909821,0.09,0.08641550746976226,0.8043479704186441,0.8043479704186441,15.009592656519553,17115657.563275173,0.4081696500256586,0.11947821523197732,0.00012611665689021834,0.07253730477156894,NONE,DIAGNOSTIC_ONLY,True,13,3.616514332449583e-08,HJB_CONVERGED,True,True,CONTINUED_TO_HOUSEHOLD_BATCH
13,4,内蒙古,82165502.99427319,202875.8117159794,132328364.22730699,132328364.22730699,132531240.03902297,1.6129791117844212,0.002469111784420276,1.610510000000001,1.610510000000001,242200.0,5426592.326947135,22.405418360640525,5184392.326947135,18,广东,478056.6877229136,0.08809519103710824,7.31042624793446,4.673865077550884,0.6998484109611623,9.085428799991291,0.06950860736900591,0.06950860736900591,0.06472406442064642,0.8121508030078398,0.8121508030078398,14.343242431436138,17313866.630471278,0.3016801472630231,0.11930840823121014,0.0001226990833844699,0.07267710587277443,NONE,DIAGNOSTIC_ONLY,True,24,4.998934599598215e-11,HJB_CONVERGED,True,True,CONTINUED_TO_HOUSEHOLD_BATCH
13,5,辽宁,90061052.78222083,205002.02040300623,145044226.1162945,145044226.1162945,145249228.1366975,1.612786256095948,0.0022762560959477944,1.6105100000000006,1.6105100000000006,429100.0,5704038.506012397,13.29302844561267,5274938.506012397,18,广东,503347.7892580142,0.08824410787680616,7.3325598700072145,4.66353793625019,0.6926760463517561,8.503229332165468,0.10058857720597035,0.09,0.08250661650879161,1.1334753804389288,1.1334753804389288,13.85483424693044,25218443.977653652,0.40534651014212236,0.11942239638474561,2.3681492333338383e-05,0.0726460082794349,NONE,DIAGNOSTIC_ONLY,True,15,8.160113917909939e-09,HJB_CONVERGED,True,True,CONTINUED_TO_HOUSEHOLD_BATCH
13,6,吉林,66308917.7271201,206662.88832804424,97082886.44427659,97082886.44427659,97289549.33260463,1.4672166680955128,0.003116668095511984,1.4641000000000006,1.4641000000000006,248400.0,5365506.899678249,21.600269322376203,5117106.899678249,18,广东,469511.77416762005,0.08750557644344378,6.863805125773625,1.6203232300425703,0.6768115273584487,8.673343888005,0.05870080736928176,0.05870080736928176,0.056814462645289845,0.5249279547419139,0.8,13.0883213405216,11253401.833035015,0.24706701680869284,0.01738525691072712,0.06780670351577278,3.5380668306328467e-05,NONE,DIAGNOSTIC_ONLY,True,12,5.312562478820837e-08,HJB_CONVERGED,True,True,CONTINUED_TO_HOUSEHOLD_BATCH
13,7,黑龙江,58424879.89838116,209377.44499195364,94093853.32514189,94093853.32514189,94303230.77013384,1.6140937034728384,0.0035837034728376923,1.610510000000001,1.610510000000001,332700.0,5256493.241502437,15.799498772174442,4923793.241502437,18,广东,458021.98648111284,0.08713451448292907,7.35870745336677,4.647526655933933,0.7063192580971401,7.575557327856283,0.08070575342398141,0.08070575342398141,0.0848515153106526,0.6689963963928802,0.8,12.138104872680092,13779939.23839763,0.31124799229679767,0.1188838044889371,1.3955885249106181e-05,0.07266097679505146,NONE,DIAGNOSTIC_ONLY,True,21,3.5177505353090055e-10,HJB_CONVERGED,True,True,CONTINUED_TO_HOUSEHOLD_BATCH
13,8,上海,66125294.30800852,206166.19679127252,106495447.73599084,106495447.73599084,106701613.93278211,1.613627811405587,0.003117811405586492,1.6105100000000006,1.6105100000000006,247500.0,5891393.759812708,23.803611150758417,5643893.759812708,18,广东,533773.9517031204,0.09060232153284038,7.32012029597184,4.674517148067841,0.6872140934566522,9.123201146214681,0.2450792402370459,0.09,0.07857672700241464,1.735713757668804,1.3,14.908174655037225,38629443.66417607,0.7730596300892846,0.11876004609649171,1.6662005713041772e-05,0.07268849833043811,NONE,DIAGNOSTIC_ONLY,True,25,8.81420949561118e-08,HJB_CONVERGED,True,True,CONTINUED_TO_HOUSEHOLD_BATCH
13,9,江苏,203535217.25929242,190708.02463810428,327795502.7482632,327795502.7482632,327986210.7729013,1.6114469780188718,0.0009369780188710683,1.6105100000000008,1.6105100000000008,844600.0,5775777.060881086,6.838476273835053,4931177.060881086,18,广东,519237.7010769181,0.08989919375414902,7.31118743679537,4.6769300123899376,0.6812224998069276,9.394895776669028,0.20021137532675515,0.09,0.08037483684934729,4.538051823803039,1.3,15.523832534680476,99993113.24934186,0.8781364174895571,0.11896884476406289,2.2269057124657543e-05,0.07279999967107686,NONE,DIAGNOSTIC_ONLY,True,16,1.188369402882472e-10,HJB_CONVERGED,True,True,CONTINUED_TO_HOUSEHOLD_BATCH
13,10,浙江,124249656.20818298,202165.71493458468,200105313.81984082,200105313.81984082,200307479.5347754,1.6121370927510328,0.0016270927510322578,1.6105100000000003,1.6105100000000003,627300.0,5829301.205000199,9.29268484776056,5202001.205000199,18,广东,529336.1026879898,0.09080609906277295,7.314301192072745,4.672478572516186,0.6814153989695867,9.176729445179127,0.20469990813129624,0.09,0.08331532248022533,2.8007571671418714,1.3,15.215513425154768,62223389.68213625,0.7844501940716667,0.11890199348898922,2.063773691829418e-05,0.07276527481666828,NONE,DIAGNOSTIC_ONLY,True,15,2.511200136723346e-10,HJB_CONVERGED,True,True,CONTINUED_TO_HOUSEHOLD_BATCH
13,11,安徽,70182433.35888097,212550.14452575968,113029510.74881144,113029510.74881144,113242060.8933372,1.6135385376888962,0.0030285376888953843,1.6105100000000008,1.6105100000000008,607600.0,5945872.67341157,9.785833893040767,5338272.67341157,18,广东,537829.8483239766,0.09045431644189338,7.313064254141886,4.669658754966999,0.6763789354161529,9.166188949379587,0.21369760584225933,0.09,0.08895184791100909,1.6131479001668314,1.3,15.416449781892661,36483271.42937434,0.6970619298695105,0.11877788472092932,1.7140006359106508e-05,0.07269350206475966,NONE,DIAGNOSTIC_ONLY,True,13,7.689023240331494e-08,HJB_CONVERGED,True,True,CONTINUED_TO_HOUSEHOLD_BATCH
13,12,福建,87795538.11850408,205096.03651142647,141395592.09523204,141395592.09523204,141600688.13174346,1.6128460644618936,0.002336064461893192,1.6105100000000003,1.6105100000000003,410400.0,5868959.464869564,14.300583491397575,5458559.464869564,18,广东,543573.2547739301,0.09261833516275798,7.3204675759482445,4.670129038703975,0.6857584919065057,8.960318765519798,0.19107234183767485,0.09,0.08222969919933609,1.8498537629270584,1.3,14.74256491897271,41501559.42356498,0.6746605699097833,0.1188300005521905,1.909396037991229e-05,0.07272988961804439,NONE,DIAGNOSTIC_ONLY,True,15,2.0697843439165808e-10,HJB_CONVERGED,True,True,CONTINUED_TO_HOUSEHOLD_BATCH
13,13,江西,51050047.92908307,213244.21443034013,82216612.69026761,82216612.69026761,82429856.90469795,1.6146871599260124,0.004177159926011656,1.6105100000000006,1.6105100000000006,451300.0,5801284.962209107,12.854608823862414,5349984.962209107,18,广东,531502.1550034214,0.09161800505676718,7.316262158439725,4.667497987254864,0.6783287171313714,9.022404762472817,0.19298731324517857,0.09,0.0891145951835016,1.0990704470902728,1.0990704470902728,15.13544309624112,24361926.675817333,0.5922289788703181,0.11978122264499058,5.4925871712852015e-05,0.07243310702869432,NONE,DIAGNOSTIC_ONLY,True,14,5.19114085051342e-10,HJB_CONVERGED,True,True,CONTINUED_TO_HOUSEHOLD_BATCH
13,14,山东,210016973.07581103,192671.4381342714,338234435.3083245,338234435.3083245,338427106.74645877,1.6114274088899225,0.000917408889922062,1.6105100000000006,1.6105100000000006,1007700.0,5823035.568489837,5.778540804296752,4815335.568489837,18,广东,517857.029306976,0.0889324860231411,7.310648668479063,4.6751303973216665,0.6796249293127102,9.347474024864272,0.12861104498362436,0.09,0.08260737720811337,3.167904685979178,1.3,15.525248398152796,71500951.25588939,0.6122540919716498,0.11897621745662601,2.2944844995209657e-05,0.07280017008366824,NONE,DIAGNOSTIC_ONLY,True,35,5.39248867781339e-10,HJB_CONVERGED,True,True,CONTINUED_TO_HOUSEHOLD_BATCH
13,15,河南,168320556.01470312,200556.33343518744,271081938.6672396,271081938.6672396,271282495.0006748,1.6117015142047044,0.0011915142047039605,1.6105100000000006,1.6105100000000006,986400.0,5886414.376000503,5.967573373885344,4900014.376000503,18,广东,527414.6629641636,0.08959862987466286,7.309318663571473,4.673979762935608,0.6770297853192752,9.355170833187115,0.11824255897313501,0.09,0.08519093630835503,2.342485845310084,1.3,15.6469757747161,53570584.17946138,0.5385226370675841,0.11894832342408312,2.255905125625457e-05,0.07278699651876464,NONE,DIAGNOSTIC_ONLY,True,13,7.585500672036005e-09,HJB_CONVERGED,True,True,CONTINUED_TO_HOUSEHOLD_BATCH
13,16,湖北,101805153.6623069,205933.77244601195,163958218.024682,163958218.024682,164164151.797128,1.6125328226670055,0.00202282266700471,1.610510000000001,1.610510000000001,591700.0,5916411.355082666,9.999005163229112,5324711.355082666,18,广东,538508.9283187025,0.09101952112509566,7.310345876874106,4.673424522887706,0.6777491264892063,9.311184965735317,0.17680230510853157,0.09,0.08509431542848962,1.9869184951643346,1.3,15.55536128869525,45078906.32977479,0.6556667119624069,0.1188645166725999,2.0210118904295804e-05,0.07274537931975611,NONE,DIAGNOSTIC_ONLY,True,13,4.273960740874827e-09,HJB_CONVERGED,True,True,CONTINUED_TO_HOUSEHOLD_BATCH
13,17,湖南,93791807.14892803,208959.56659036723,151052643.33142015,151052643.33142015,151261602.89801052,1.6127379085235947,0.0022279085235938486,1.6105100000000008,1.6105100000000008,663500.0,5924264.437457673,8.928808496545098,5260764.437457673,18,广东,545404.7279281311,0.09206286007080822,7.313879775413399,4.669981856822348,0.6784082210688492,9.133199343733859,0.16380155538805416,0.09,0.08718991724644136,1.710542207913893,1.3,15.283100919040226,38972158.39720808,0.6019387620539953,0.11884560239736719,1.973049555070716e-05,0.07273548631582649,NONE,DIAGNOSTIC_ONLY,True,13,2.709210189522082e-08,HJB_CONVERGED,True,True,CONTINUED_TO_HOUSEHOLD_BATCH
13,18,广东,191259406.86816654,200920.62266184937,308025187.35525095,308025187.35525095,308226107.9779128,1.6115605136764353,0.00105051367643497,1.6105100000000003,1.6105100000000003,1234800.0,5711878.733116027,4.625752132423086,4477078.733116027,18,广东,537707.6881386418,0.09413849860312137,7.320091843172357,4.666809574234324,0.6830021812752771,8.880949809759514,0.23387662778221704,0.09,0.08626657661988743,4.956980963878942,1.3,14.746051373141,107220810.20631078,0.9886775888717663,0.11895547861201616,2.2363112603840385e-05,0.07279599426796657,NONE,DIAGNOSTIC_ONLY,True,13,8.748224811228056e-09,HJB_CONVERGED,True,True,CONTINUED_TO_HOUSEHOLD_BATCH
13,19,广西,67306708.83876626,210862.6908927364,108398127.6519215,108398127.6519215,108608990.34281424,1.613642862897782,0.003132862897781254,1.6105100000000006,1.6105100000000006,494700.0,5585940.743416189,11.29157215163976,5091240.743416189,18,广东,522280.6525222099,0.09349913944894431,7.329655032447122,4.660217620722056,0.687989872312423,8.483508001938848,0.11552376888322902,0.09,0.0875516037529309,0.9695120376904658,0.9695120376904658,14.008095551748404,21052449.555944137,0.42167069629059545,0.11945143502295852,1.0876831999517833e-06,0.07258325211914407,NONE,DIAGNOSTIC_ONLY,True,13,1.8991385353217538e-08,HJB_CONVERGED,True,True,CONTINUED_TO_HOUSEHOLD_BATCH
13,20,海南,14673330.466888333,213445.85754628453,23631545.450228337,23631545.450228337,23844991.307774622,1.6250565174404648,0.014546517440464111,1.6105100000000006,1.6105100000000006,98200.0,5507087.985341937,56.080325716313006,5408887.985341937,18,广东,512676.16743495263,0.09309387625538733,7.341173121171723,4.654510896047195,0.695465564648172,8.083002293328331,0.13578824459779915,0.09,0.08663977804847207,0.24703780033806613,0.8,13.188107020332817,5264793.609105485,0.32410139322429027,0.11776368107483437,1.451270238206348e-05,0.07210654470961053,NONE,DIAGNOSTIC_ONLY,True,13,1.2374434810169532e-08,HJB_CONVERGED,True,True,CONTINUED_TO_HOUSEHOLD_BATCH
13,21,重庆,50663834.63130832,210625.13526492572,81594612.31206839,81594612.31206839,81805237.44733332,1.6146673074126292,0.004157307412628562,1.6105100000000006,1.6105100000000006,316300.0,5728084.578128186,18.10965721823644,5411784.578128186,18,广东,522295.5294717915,0.091181532386253,7.319043952563231,4.667691412775334,0.68260642444952,8.929458768664295,0.18330271671313086,0.09,0.08590572100419192,1.0556029281665524,1.0556029281665524,14.828329588091156,23152786.603848815,0.567889568869046,0.11972944670979913,2.03788608665878e-05,0.07244435095275392,NONE,DIAGNOSTIC_ONLY,True,13,7.761013609552947e-09,HJB_CONVERGED,True,True,CONTINUED_TO_HOUSEHOLD_BATCH
13,22,四川,94830047.41899477,212114.91760030334,152724739.66876534,152724739.66876534,152936854.58636564,1.6127467901669728,0.0022367901669720774,1.6105100000000008,1.6105100000000008,832100.0,5838876.489437061,7.017037002087563,5006776.489437061,18,广东,530704.819166691,0.09089159877362939,7.319999826764478,4.6651230743676715,0.6808074256877698,8.859240656762946,0.19714693926822535,0.09,0.08905692069919115,2.064700978956904,1.3,14.808055692581853,46022551.062498964,0.7077652843560908,0.11885159190283678,2.0114778599311656e-05,0.07273422658795181,NONE,DIAGNOSTIC_ONLY,True,14,1.4994432362414045e-09,HJB_CONVERGED,True,True,CONTINUED_TO_HOUSEHOLD_BATCH
13,23,贵州,39447014.665611394,214178.1398241633,63529811.58911383,63529811.58911383,63743989.728938,1.6159395145434898,0.00542951454348906,1.6105100000000006,1.6105100000000006,382200.0,5441768.229225593,14.238012112050216,5059568.229225593,18,广东,500614.13957407686,0.09199475583790497,7.32464518774791,4.661793758923141,0.6831650127657029,8.662349826461575,0.1643282203822201,0.09,0.08978903364538819,0.7869524990661824,0.8,14.443472027234678,16467403.63543693,0.492135521224852,0.1187035843698998,1.095810509166295e-05,0.0725714271576563,NONE,DIAGNOSTIC_ONLY,True,14,2.389199504904127e-09,HJB_CONVERGED,True,True,CONTINUED_TO_HOUSEHOLD_BATCH
13,24,云南,68611984.86091176,210112.3477409308,110500287.73834704,110500287.73834704,110710400.08608797,1.6135723272037226,0.0030623272037219812,1.6105100000000006,1.6105100000000006,470300.0,5614155.436634744,11.937391955421527,5143855.436634744,18,广东,517820.7653307564,0.09223484657224779,7.332540016423681,4.659100977570395,0.6901899831674927,8.38611711175395,0.12186407761647211,0.09,0.08688085087913278,1.0276696580823468,1.0276696580823468,13.791599924314973,22396100.194800086,0.4416998134032754,0.11948322840670755,1.1713275422708946e-05,0.07257934134077026,NONE,DIAGNOSTIC_ONLY,True,14,2.6013959875115233e-09,HJB_CONVERGED,True,True,CONTINUED_TO_HOUSEHOLD_BATCH
13,25,西藏,6325734.326183821,213795.7395580077,10187658.389662309,10187658.389662309,10401454.129220316,1.6443077740660172,0.033797774066016785,1.6105100000000006,1.6105100000000006,35400.0,5431242.247558628,153.42492224741886,5395842.247558628,18,广东,480960.95814176917,0.08855450304356496,8.164041182517744,1.9503387308499947,0.661219720154804,7.665301381857891,0.09034466427817156,0.09,0.08464066822883771,0.07810378914851594,0.8,11.708808442813588,1658552.5523986258,0.1890356592779448,0.1161455984451103,6.214375213819956e-05,0.07113959726080199,NONE,DIAGNOSTIC_ONLY,True,16,2.701852963582496e-09,HJB_CONVERGED,True,True,CONTINUED_TO_HOUSEHOLD_BATCH
13,26,陕西,73897910.2910824,207528.72465345022,119013323.50289115,119013323.50289115,119220852.2275446,1.6133183165523362,0.002808316552335495,1.6105100000000006,1.6105100000000006,393100.0,5825515.440825841,14.819423660203107,5432415.440825841,18,广东,523345.35469418083,0.08983674663816356,7.314467423451486,4.671812233659243,0.6810735671769806,9.154067139670087,0.13172108402165253,0.09,0.08400514805131246,1.1380969401906156,1.1380969401906156,15.198681952771512,25679601.035941478,0.4748971975908591,0.11954363326463624,2.6337414814836535e-05,0.07257991370532313,NONE,DIAGNOSTIC_ONLY,True,47,2.7246822575932583e-09,HJB_CONVERGED,True,True,CONTINUED_TO_HOUSEHOLD_BATCH
13,27,甘肃,25177704.67938732,214414.66259515478,40548945.163200095,40548945.163200095,40763359.82579525,1.6190260528064624,0.008516052806461482,1.610510000000001,1.610510000000001,251500.0,5511194.686253131,21.913298951304697,5259694.686253131,18,广东,488986.1591700041,0.08872598175305048,7.327175235135595,4.6600809121435685,0.6846054171151736,8.55790670007127,0.13006438843263665,0.09,0.09,0.4069773641441229,0.8,14.243760452456115,8690924.65968207,0.3600797877659828,0.11834826640901142,2.2994558809275034e-06,0.07241083645094104,NONE,DIAGNOSTIC_ONLY,True,14,2.1634414260063295e-09,HJB_CONVERGED,True,True,CONTINUED_TO_HOUSEHOLD_BATCH
13,28,青海,17578407.529567722,212584.47224893593,23396860.42185464,23396860.42185464,23609444.894103575,1.3430935000449478,0.012093500044947683,1.3310000000000002,1.3310000000000002,58700.0,5513603.733436519,93.92851334644837,5454903.733436519,18,广东,483835.0543876819,0.08775296118100187,5.739026253632191,1.7382563105120188,0.6900277438785275,8.719284754700402,0.05922048808038075,0.05922048808038075,0.05062023822272056,0.12651232443201893,0.8,12.920540490102148,2748447.1386779165,0.17038629150522536,0.0023119338908543785,5.0949958143031715e-05,0.0001627142204936316,NONE,DIAGNOSTIC_ONLY,True,12,3.0952813201423623e-08,HJB_CONVERGED,True,True,CONTINUED_TO_HOUSEHOLD_BATCH
13,29,宁夏,18640640.44456374,212116.66677979473,30020937.842374355,30020937.842374355,30233054.50915415,1.6218892585298035,0.011379258529803107,1.6105100000000003,1.6105100000000003,71000.0,5613644.110968711,79.06541001364381,5542644.110968711,18,广东,491954.5340597278,0.08763550455549529,7.311620023970978,4.673420621120755,0.7001439539838659,9.047068490665193,0.06506461333047177,0.06506461333047177,0.06502203633036954,0.17049138757644572,0.8,14.281290570465423,3763859.217295773,0.19349368843437445,0.1180544820071725,6.345906447879912e-06,0.07226346569875597,NONE,DIAGNOSTIC_ONLY,True,23,3.9261749407160096e-10,HJB_CONVERGED,True,True,CONTINUED_TO_HOUSEHOLD_BATCH
13,30,新疆,49250553.031937115,209062.21857577036,79318508.16346507,79318508.16346507,79527570.38204084,1.6147548704777026,0.004244870477702076,1.6105100000000006,1.6105100000000006,252000.0,5138796.348470216,20.392049001865935,4886796.348470216,18,广东,451767.3657122393,0.08791307050856906,8.175766792438822,1.95436356041992,0.6679378280451965,7.335251882924286,0.09997041401417744,0.09,0.08349541911417317,0.6853618268828698,0.8,11.069463500190384,13739725.621005066,0.3540287827213606,0.11881803863853002,1.4704846828639262e-05,0.07262835269451062,NONE,DIAGNOSTIC_ONLY,True,16,2.6584632273340958e-09,HJB_CONVERGED,True,True,CONTINUED_TO_HOUSEHOLD_BATCH
14,0,北京,58719043.066994764,212146.54550935834,94567606.04982577,104024366.65480836,94779752.59533513,1.614122908767388,0.0036129087673876493,1.6105100000000006,1.7715610000000008,219200.0,5893966.29288179,26.888532358037363,5674766.29288179,18,广东,521725.33674627944,0.08851854775219416,7.320239468640044,4.67452231356344,0.6872995484208824,9.121172608544738,0.25391487148705827,0.09,0.0785282273889318,1.5915253425513396,1.3,14.90204420502993,35516936.039189436,0.775638411444413,0.043954696038181584,0.00014876004510799845,0.07282474594301447,HIGH_RA_INCREASE_1P1,DIAGNOSTIC_ONLY,True,26,5.3287152468328713e-11,HJB_CONVERGED,True,True,CONTINUED_TO_HOUSEHOLD_BATCH
14,1,天津,64593598.72309723,209388.09341764607,104028636.67953534,114431500.3474889,104238024.77295299,1.6137516229712683,0.003241622971267795,1.6105100000000003,1.7715610000000008,138300.0,5480009.906261666,39.624077413316456,5341709.906261666,18,广东,483369.26258646586,0.08820591036416739,7.299167539530964,4.675996412066498,0.6993416501930467,9.359080973916655,0.07449524116283657,0.07449524116283657,0.06086619357674229,0.6660823048525084,0.8,14.72197388863688,14336218.18452909,0.29747497328595585,0.04401926867108852,0.00014261997643982838,0.0728373470226591,HIGH_RA_INCREASE_1P1,DIAGNOSTIC_ONLY,True,22,3.306519502643823e-10,HJB_CONVERGED,True,True,CONTINUED_TO_HOUSEHOLD_BATCH
14,2,河北,113705229.18254791,211636.2168232409,183123408.65078533,201435749.51586387,183335044.86760858,1.6123712707466915,0.0018612707466907244,1.6105100000000008,1.7715610000000008,742600.0,5928641.325381895,7.983626885782244,5186041.325381895,18,广东,526536.7608963366,0.08881238246647004,7.314588336035334,4.670026884798702,0.6794721922237136,9.110123615455887,0.11254992448367596,0.09,0.08638761925589485,1.5092321488900513,1.3,15.206040932584036,34863235.636407204,0.4671305854810461,0.04398383555478125,0.00012971105929748816,0.07289320799170329,HIGH_RA_INCREASE_1P1,DIAGNOSTIC_ONLY,True,13,1.561625317947346e-08,HJB_CONVERGED,True,True,CONTINUED_TO_HOUSEHOLD_BATCH
14,3,山西,53478727.38884524,215809.82670691036,86128025.2470092,94740827.77171013,86343835.07371612,1.6145454331010498,0.004035433101048785,1.610510000000001,1.771561000000001,350200.0,5479620.4348413525,15.647117175446466,5129420.4348413525,18,广东,485712.7151860956,0.08863984667583241,7.316939278980605,4.668586830419208,0.6809303285836369,9.009710798465225,0.11856953938866316,0.09,0.08641550998442452,0.8027441132822288,0.8027441132822288,15.007397346347227,17117664.883158747,0.4081696500256586,0.04436085625363395,0.00011727974085440351,0.0726630916687292,HIGH_RA_INCREASE_1P1,DIAGNOSTIC_ONLY,True,13,3.644245305522986e-08,HJB_CONVERGED,True,True,CONTINUED_TO_HOUSEHOLD_BATCH
14,4,内蒙古,82165502.99427319,207943.96766961398,132328364.22730699,132328364.22730699,132536308.19497661,1.6130407940691873,0.0025307940691862785,1.610510000000001,1.610510000000001,242200.0,5427926.685053507,22.41092768395337,5185726.685053507,18,广东,478004.49649367057,0.08806391910375601,7.310441184500997,4.673848354257901,0.6998662657551669,9.0843585855912,0.06951495359967035,0.06951495359967035,0.0647207974723052,0.811378064094284,0.811378064094284,14.341124105764182,17315470.278420042,0.3016801472630231,0.04431845599081696,9.26221729085075e-05,0.07277645955714962,NONE,DIAGNOSTIC_ONLY,True,24,3.827826944302615e-11,HJB_CONVERGED,True,True,CONTINUED_TO_HOUSEHOLD_BATCH
14,5,辽宁,90061052.78222083,210070.16256152297,145044226.1162945,159548648.72792396,145254296.27885604,1.612842530611979,0.0023325306119782938,1.6105100000000006,1.7715610000000006,429100.0,5705478.713071112,13.296384789259173,5276378.713071112,18,广东,503293.1170627645,0.08821225043040337,7.332588982572942,4.663523108197927,0.6926927799574726,8.50220134822041,0.10059864384666097,0.09,0.08250662175686531,1.131663571068639,1.131663571068639,13.852820755834763,25220760.996475358,0.40534651014212236,0.04434776785959693,9.187794551324124e-05,0.0727445607909385,HIGH_RA_INCREASE_1P1,DIAGNOSTIC_ONLY,True,15,8.201529233531346e-09,HJB_CONVERGED,True,True,CONTINUED_TO_HOUSEHOLD_BATCH
14,6,吉林,66308917.7271201,211730.6588060335,97082886.44427659,97082886.44427659,97294617.10308263,1.4672930947761418,0.0031930947761410443,1.4641000000000006,1.4641000000000006,248400.0,5376982.071872,21.646465667761674,5128582.071872,18,广东,470017.75145687757,0.08741292888358852,6.864167320398446,1.62032673935781,0.6768223890177865,8.67223531566924,0.05872846780493147,0.05872846780493147,0.05681705709498125,0.5313032510710305,0.8,13.086374919473583,11260133.206252173,0.24706701680869284,0.004785831914675409,0.0005981634102318889,0.0005627615785044338,NONE,DIAGNOSTIC_ONLY,True,12,5.3079346695739105e-08,HJB_CONVERGED,True,True,CONTINUED_TO_HOUSEHOLD_BATCH
14,7,黑龙江,58424879.89838116,214445.60294007492,94093853.32514189,103503238.65765609,94308298.92808196,1.6141804500430827,0.0036704500430820193,1.610510000000001,1.771561000000001,332700.0,5258624.163573773,15.805903707766074,4925924.163573773,18,广东,458044.6872235643,0.08710352232365587,7.3587389811389485,4.647511176999493,0.7063365819033492,7.574625010079226,0.08071717447289344,0.08071717447289344,0.08485151892008475,0.6681570762424219,0.8,12.136305031055775,13781948.757394012,0.31124799229679767,0.04402025382299124,0.00014582930748940903,0.07281740220246857,HIGH_RA_INCREASE_1P1,DIAGNOSTIC_ONLY,True,21,3.5051028746124757e-10,HJB_CONVERGED,True,True,CONTINUED_TO_HOUSEHOLD_BATCH
14,8,上海,66125294.30800852,211234.3436883597,106495447.73599084,117144992.50958993,106706682.07967919,1.6137044560080818,0.003194456008081265,1.6105100000000006,1.7715610000000006,247500.0,5893830.902989717,23.813458193897848,5646330.902989717,18,广东,533800.5001032206,0.0905693612337001,7.3201492558273475,4.674503222187517,0.6872305737452679,9.122115968843215,0.24395097048081757,0.09,0.07857673498938851,1.727830058056229,1.3,14.906038980622963,38634982.74735752,0.7730596300892846,0.04396196503617689,0.0001433901877956334,0.07284231133565999,HIGH_RA_INCREASE_1P1,DIAGNOSTIC_ONLY,True,25,8.374130278099301e-08,HJB_CONVERGED,True,True,CONTINUED_TO_HOUSEHOLD_BATCH
14,9,江苏,203535217.25929242,195776.1152696476,327795502.7482632,360575053.0230895,327991278.86353284,1.6114718783319468,0.0009618783319460623,1.6105100000000008,1.7715610000000008,844600.0,5778219.100661985,6.841367630430955,4933619.100661985,18,广东,519263.54598565435,0.0898656726128929,7.311214853201443,4.67691560202001,0.681238822821696,9.393770638568078,0.19946727639605757,0.09,0.08037484358428339,4.521216377947696,1.3,15.521601696158303,100005324.89455846,0.8781364174895571,0.04399172609938673,0.00012212486260088085,0.07293101522363465,HIGH_RA_INCREASE_1P1,DIAGNOSTIC_ONLY,True,16,9.794498545545594e-11,HJB_CONVERGED,True,True,CONTINUED_TO_HOUSEHOLD_BATCH
14,10,浙江,124249656.20818298,207233.84996734007,200105313.81984082,220115845.2018249,200312547.66980815,1.6121778826830728,0.0016678826830725012,1.6105100000000003,1.7715610000000006,627300.0,5831736.218252237,9.296566584173819,5204436.218252237,18,广东,529362.4726761257,0.09077270522272951,7.314327762827267,4.672463644987773,0.6814316236908293,9.175628766788236,0.2039204891580793,0.09,0.08331532716353805,2.7901587424787224,1.3,15.213329392386656,62231358.22761693,0.7844501940716667,0.043984030334001556,0.00012806350668737032,0.07290265689961406,HIGH_RA_INCREASE_1P1,DIAGNOSTIC_ONLY,True,15,9.345568763308165e-10,HJB_CONVERGED,True,True,CONTINUED_TO_HOUSEHOLD_BATCH
14,11,安徽,70182433.35888097,217618.3178109954,113029510.74881144,124332461.82369259,113247129.06662244,1.613610751960227,0.003100751960226208,1.6105100000000008,1.7715610000000008,607600.0,5948327.208764567,9.789873615478221,5340727.208764567,18,广东,537856.6160899679,0.09042149115426311,7.313088746205452,4.669642639247264,0.6763950369280295,9.165070365286175,0.21284541752943,0.09,0.08895184864713473,1.6067973380146063,1.3,15.414213896357607,36488420.63385652,0.6970619298695105,0.04396621980488047,0.0001411387817058518,0.0728449007187848,HIGH_RA_INCREASE_1P1,DIAGNOSTIC_ONLY,True,13,7.723931583214494e-08,HJB_CONVERGED,True,True,CONTINUED_TO_HOUSEHOLD_BATCH
14,12,福建,87795538.11850408,210164.1804910251,141395592.09523204,155535151.30475527,141605756.27572307,1.6129037911310184,0.002393791131017969,1.6105100000000003,1.7715610000000008,410400.0,5871366.971457245,14.306449735519603,5460966.971457245,18,广东,543600.3813895817,0.0925849779160819,7.320495503143579,4.670114200438508,0.6857750382886116,8.959234854238302,0.1903964606898312,0.09,0.08222970464070561,1.8433771921146953,1.3,14.740425435172105,41507114.02104796,0.6746605699097833,0.043977736845983495,0.00013384069322053271,0.07287346453010923,HIGH_RA_INCREASE_1P1,DIAGNOSTIC_ONLY,True,15,2.0229373731694977e-10,HJB_CONVERGED,True,True,CONTINUED_TO_HOUSEHOLD_BATCH
14,13,江西,51050047.92908307,218312.39006501198,82216612.69026761,90438273.95929438,82434925.08033262,1.6147864384936195,0.00427643849361873,1.6105100000000006,1.7715610000000008,451300.0,5803056.885046448,12.858535087627848,5351756.885046448,18,广东,531478.2260148643,0.09158590662524763,7.316286505330524,4.667482136281075,0.6783445781514691,9.021323641725253,0.19228034901198796,0.09,0.0891145958053723,1.0952388346361819,1.0952388346361819,15.133286649420166,24364980.963575598,0.5922289788703181,0.044445181203638384,0.0001253713550208868,0.07256755942049153,HIGH_RA_INCREASE_1P1,DIAGNOSTIC_ONLY,True,14,5.173590444940146e-10,HJB_CONVERGED,True,True,CONTINUED_TO_HOUSEHOLD_BATCH
14,14,山东,210016973.07581103,192672.86777083026,338234435.3083245,372057878.839157,338427108.17609537,1.6114274156971655,0.0009174156971650097,1.6105100000000006,1.7715610000000006,1007700.0,5825520.799751988,5.781007045501625,4817820.799751988,18,广东,517882.76570198155,0.08889896431646585,9.014224346786284,0.9936523317590248,0.6353594977932192,9.2238217226559,0.1283225540665723,0.09,0.08260738238584199,3.1606062561390895,1.3,15.522964577043593,71508942.57546566,0.6122540919716498,0.04397400749593294,0.00011176522040501347,0.07292007183112803,HIGH_RA_INCREASE_1P1,DIAGNOSTIC_ONLY,False,100,0.007099899438037349,HJB_NONCONVERGED_DIAGNOSTIC_ONLY,True,True,CONTINUED_TO_HOUSEHOLD_BATCH
14,15,河南,168320556.01470312,205624.4631592548,271081938.6672396,298190132.5339636,271287563.13039887,1.61173162419153,0.0012216241915294834,1.6105100000000006,1.7715610000000008,986400.0,5888880.297135433,5.970073293932921,4902480.297135433,18,广东,527440.9250537626,0.08956557077757706,7.309344932608856,4.673963901175837,0.6770464067724764,9.354005475170458,0.11800299626146243,0.09,0.08519093968032283,2.3376326234413596,1.3,15.644650861564683,53577199.647200435,0.5385226370675841,0.04399200892286936,0.00012349067758710142,0.0729194757118714,HIGH_RA_INCREASE_1P1,DIAGNOSTIC_ONLY,True,13,7.514319388945978e-09,HJB_CONVERGED,True,True,CONTINUED_TO_HOUSEHOLD_BATCH
14,16,湖北,101805153.6623069,211001.921590754,163958218.024682,180354039.8271502,164169219.94627273,1.6125826055017878,0.0020726055017868603,1.610510000000001,1.771561000000001,591700.0,5918854.943672166,10.003134939449327,5327154.943672166,18,广东,538535.7797354748,0.09098648046971014,7.310372068025589,4.673408820773274,0.6777656274543326,9.310035392501614,0.1762279820971777,0.09,0.08509431886806199,1.9805069676662619,1.3,15.553069767825592,45084809.17668856,0.6556667119624069,0.04398169550893605,0.00013094476761676965,0.07288584971416312,HIGH_RA_INCREASE_1P1,DIAGNOSTIC_ONLY,True,13,4.236262007850655e-09,HJB_CONVERGED,True,True,CONTINUED_TO_HOUSEHOLD_BATCH
14,17,湖南,93791807.14892803,214027.72671588996,151052643.33142015,166157907.6645622,151266671.05813605,1.6127919448011714,0.00228194480117058,1.6105100000000008,1.771561000000001,663500.0,5926687.458976984,8.932460375247903,5263187.458976984,18,广东,545431.9508802466,0.09202981507892682,7.313905791370944,4.66996567362888,0.6784248262936552,9.13206033725071,0.16331266476552503,0.09,0.08718991921848336,1.7054724859768982,1.3,15.280830360106693,38977296.345029324,0.6019387620539953,0.04398204942678641,0.0001318363681293011,0.07287691186630574,HIGH_RA_INCREASE_1P1,DIAGNOSTIC_ONLY,True,13,2.7352732079322095e-08,HJB_CONVERGED,True,True,CONTINUED_TO_HOUSEHOLD_BATCH
14,18,广东,191259406.86816654,205988.7521694226,308025187.35525095,338827706.0907761,308231176.1074204,1.611587012396632,0.0010770123966316013,1.6105100000000003,1.7715610000000006,1234800.0,5714248.092754963,4.627670952992357,4479448.092754963,18,广东,537734.5548778689,0.09410416666361704,7.3201189785810605,4.666793525673233,0.6830189965044862,8.87984055790091,0.23285114178100288,0.09,0.0862665792388624,4.935378839779235,1.3,14.743852053257065,107233758.51586364,0.9886775888717663,0.043996447178753284,0.00012076302657981763,0.07292554835913734,HIGH_RA_INCREASE_1P1,DIAGNOSTIC_ONLY,True,13,8.767842007983973e-09,HJB_CONVERGED,True,True,CONTINUED_TO_HOUSEHOLD_BATCH
14,19,广西,67306708.83876626,215930.8568708166,108398127.6519215,119237940.41711366,108614058.50879231,1.6137181624639845,0.0032081624639838007,1.6105100000000006,1.771561000000001,494700.0,5587297.850086434,11.294315443877974,5092597.850086434,18,广东,522226.7955124272,0.09346679012366389,7.329682996753278,4.660201235321799,0.68800694416021,8.482438904275627,0.11528629293355985,0.09,0.08755160547141912,0.9676836919695269,0.9676836919695269,14.005986356250595,21054514.151366174,0.42167069629059545,0.0443801323368358,9.806913046150889e-05,0.07268843942602699,HIGH_RA_INCREASE_1P1,DIAGNOSTIC_ONLY,True,13,1.8994088968327105e-08,HJB_CONVERGED,True,True,CONTINUED_TO_HOUSEHOLD_BATCH
14,20,海南,14673330.466888333,218514.03318696137,23631545.450228337,25994699.99525117,23850059.4834153,1.6254019179377897,0.01489191793778908,1.6105100000000006,1.7715610000000006,98200.0,5509238.720180923,56.10222729308476,5411038.720180923,18,广东,512701.65362235473,0.09306215970353117,7.341202590173874,4.654494789164581,0.6954828225842367,8.081988865469786,0.13545850661104838,0.09,0.08663978040602768,0.24648732166724907,0.8,13.186124693934135,5266158.038567804,0.32410139322429027,0.04381099029657598,0.0002591610542832523,0.07238439297204136,HIGH_RA_INCREASE_1P1,DIAGNOSTIC_ONLY,True,13,1.2358524870137444e-08,HJB_CONVERGED,True,True,CONTINUED_TO_HOUSEHOLD_BATCH
14,21,重庆,50663834.63130832,215693.30065152113,81594612.31206839,89754073.54327524,81810305.61271991,1.6147673425841371,0.004257342584136553,1.6105100000000006,1.7715610000000008,316300.0,5729754.178265784,18.11493575170972,5413454.178265784,18,广东,522266.05817411724,0.09114981933346933,7.319071268299817,4.667675339177734,0.6826233590912743,8.928336119275507,0.18266748765160531,0.09,0.08590572387585842,1.0521423417487692,1.0521423417487692,14.826102768838139,23155612.683798447,0.567889568869046,0.044442225082033326,0.00012206219484456327,0.07257525586407976,HIGH_RA_INCREASE_1P1,DIAGNOSTIC_ONLY,True,13,7.780099231524673e-09,HJB_CONVERGED,True,True,CONTINUED_TO_HOUSEHOLD_BATCH
14,22,四川,94830047.41899477,217183.0887780124,152724739.66876534,167997213.63564187,152941922.75754336,1.6128002349486181,0.002290234948617245,1.6105100000000008,1.7715610000000008,832100.0,5841270.048605967,7.019913530352082,5009170.048605967,18,广东,530731.2648605037,0.09085888179183976,7.3200264107112805,4.665106176432021,0.6808247534656012,8.858094716772433,0.19642557764978208,0.09,0.08905692136155342,2.057221298575271,1.3,14.80577232901787,46028617.313390404,0.7077652843560908,0.04398277697358033,0.00013181040058385385,0.0728756241160784,HIGH_RA_INCREASE_1P1,DIAGNOSTIC_ONLY,True,14,1.5041563550255432e-09,HJB_CONVERGED,True,True,CONTINUED_TO_HOUSEHOLD_BATCH
14,23,贵州,39447014.665611394,219246.31848156799,63529811.58911383,69882792.74802522,63749057.907595396,1.6160679952080055,0.005557995208004921,1.6105100000000006,1.771561000000001,382200.0,5443929.079719861,14.243665828675722,5061729.079719861,18,广东,500639.0703787869,0.09196282006020351,7.324672199861914,4.661776624691351,0.6831822704041293,8.66123114709848,0.16383489265204126,0.09,0.08978903379360526,0.7846527884859827,0.8,14.441250825271085,16470082.456145942,0.492135521224852,0.04399302176900832,0.00016267413906390082,0.07274590679115378,HIGH_RA_INCREASE_1P1,DIAGNOSTIC_ONLY,True,14,2.3847199770443694e-09,HJB_CONVERGED,True,True,CONTINUED_TO_HOUSEHOLD_BATCH
14,24,云南,68611984.86091176,215180.51025908635,110500287.73834704,121550316.51218176,110715468.24860613,1.61364619421877,0.003136194218769419,1.6105100000000006,1.771561000000001,470300.0,5615560.469490724,11.940379480099349,5145260.469490724,18,广东,517770.7508276033,0.09220286267784772,7.332569009549558,4.659084474170785,0.6902074318885839,8.385043424028398,0.1215968175529096,0.09,0.08688085306777753,1.0255898163717792,1.0255898163717792,13.789487154204535,22398324.82299744,0.4416998134032754,0.04438263961250977,9.93310521921753e-05,0.07268588177530533,HIGH_RA_INCREASE_1P1,DIAGNOSTIC_ONLY,True,14,2.576476365589997e-09,HJB_CONVERGED,True,True,CONTINUED_TO_HOUSEHOLD_BATCH
14,25,西藏,6325734.326183821,218863.9115617928,10187658.389662309,11206424.22862854,10406522.301224101,1.6451089730640223,0.03459897306402191,1.6105100000000006,1.7715610000000006,35400.0,5433426.415601403,153.48662190964416,5398026.415601403,18,广东,480984.8704248404,0.08852330622234114,8.164140454269454,1.9504107729054612,0.6612353772363402,7.664369104933644,0.09034421077191322,0.09,0.08464067198574698,0.07801952739218172,0.8,11.707032340438131,1659323.7217940693,0.1890356592779448,0.04352037334893333,0.000464965306241405,0.07163764001166961,HIGH_RA_INCREASE_1P1,DIAGNOSTIC_ONLY,True,16,2.702043477853522e-09,HJB_CONVERGED,True,True,CONTINUED_TO_HOUSEHOLD_BATCH
14,26,陕西,73897910.2910824,212596.87865219146,119013323.50289115,130914655.85318027,119225920.38154334,1.613386899736607,0.002876899736606578,1.6105100000000006,1.7715610000000006,393100.0,5827073.30491167,14.823386682553219,5433973.30491167,18,广东,523299.58615358843,0.0898048743805053,7.314494543227211,4.671796728844636,0.6810902507401813,9.152935380906978,0.13140474369290683,0.09,0.08400515225257534,1.1355443154603235,1.1355443154603235,15.196434837352312,25682205.23228521,0.4748971975908591,0.04438234761070947,0.00010141109046379881,0.07268868520398164,HIGH_RA_INCREASE_1P1,DIAGNOSTIC_ONLY,False,100,0.3598196312513091,HJB_NONCONVERGED_DIAGNOSTIC_ONLY,True,True,CONTINUED_TO_HOUSEHOLD_BATCH
14,27,甘肃,25177704.67938732,219482.8421248174,40548945.163200095,44603839.67952011,40768428.005324915,1.6192273491356632,0.008717349135662288,1.610510000000001,1.771561000000001,251500.0,5513377.464662962,21.9219779907076,5261877.464662962,18,广东,489010.4417013139,0.08869525891081133,7.327201786727448,4.660064198341481,0.6846224724772104,8.556822005099175,0.12976552837007121,0.09,0.09,0.40608265345364625,0.8,14.241607470612056,8692623.671029085,0.3600797877659828,0.043917034162251456,0.0001954925872151847,0.07262048481991656,HIGH_RA_INCREASE_1P1,DIAGNOSTIC_ONLY,True,14,2.157208189856874e-09,HJB_CONVERGED,True,True,CONTINUED_TO_HOUSEHOLD_BATCH
14,28,青海,17578407.529567722,217652.3494950715,23396860.42185464,23396860.42185464,23614512.771349713,1.3433818013166992,0.012381801316698901,1.3310000000000002,1.3310000000000002,58700.0,5515814.02300865,93.96616734256644,5457114.02300865,18,广东,483859.28032292397,0.08772218901952727,5.739974140337562,1.7381536273195402,0.6900358800724617,8.718084590473659,0.059224540007074854,0.059224540007074854,0.05062209857454282,0.12650008625163345,0.8,12.918531713570118,2749171.147459039,0.17038629150522536,0.0007371706005694367,0.00026342467021978067,0.0004261817536532764,NONE,DIAGNOSTIC_ONLY,True,12,3.088144939766835e-08,HJB_CONVERGED,True,True,CONTINUED_TO_HOUSEHOLD_BATCH
14,29,宁夏,18640640.44456374,217184.83769518932,30020937.842374355,30020937.842374355,30238122.680069543,1.6221611467693984,0.011651146769398043,1.6105100000000003,1.6105100000000003,71000.0,5615890.985083266,79.09705612793333,5544890.985083266,18,广东,491979.0071990128,0.08760480011200186,7.311647432312696,4.673404317755555,0.7001584393382905,9.04587094887891,0.0650710441098373,0.0650710441098373,0.06502506913014774,0.17035018215664785,0.8,14.279145662229817,3764719.465967713,0.19349368843437445,0.04385542245788132,0.00022855495444340512,0.07250853682630987,NONE,DIAGNOSTIC_ONLY,True,23,4.049081070434113e-10,HJB_CONVERGED,True,True,CONTINUED_TO_HOUSEHOLD_BATCH
14,30,新疆,49250553.031937115,214130.33285456095,79318508.16346507,87250358.97981158,79532638.49631962,1.6148577751958586,0.00434777519585832,1.6105100000000006,1.7715610000000006,252000.0,5140850.932094837,20.400202111487445,4888850.932094837,18,广东,451789.79871400923,0.0878822989971254,8.175866462030992,1.954433890478668,0.6679535043379023,7.334367382968242,0.09998422393216605,0.09,0.08349542367166192,0.6842350380298851,0.8,11.067794732042609,13741810.499954486,0.3540287827213606,0.0440135776604047,0.00015174094497449886,0.07279111433435492,HIGH_RA_INCREASE_1P1,DIAGNOSTIC_ONLY,True,16,2.6585738055473485e-09,HJB_CONVERGED,True,True,CONTINUED_TO_HOUSEHOLD_BATCH
15,0,北京,58719043.066994764,209467.38881171276,104024366.65480836,104024366.65480836,104233834.04362006,1.7751282820582714,0.0035672820582706628,1.7715610000000008,1.7715610000000008,219200.0,5892522.43667324,26.881945422779378,5673322.43667324,18,广东,521816.41326695104,0.08855569391120632,7.320364756124342,4.67450597841591,0.6873830027790028,9.118195974402928,0.22821208165369958,0.09,0.0784943632488033,1.5893730914309736,1.3,14.894692664300466,35510522.29134299,0.7229870623114923,0.11886079282163808,0.00018058280250776715,0.07263101224379231,NONE,DIAGNOSTIC_ONLY,True,25,2.746911365036908e-08,HJB_CONVERGED,True,True,CONTINUED_TO_HOUSEHOLD_BATCH
15,1,天津,64593598.72309723,207916.78333869882,114431500.3474889,114431500.3474889,114639417.13082759,1.7747798450163623,0.003218845016361543,1.7715610000000008,1.7715610000000008,138300.0,5478679.758936545,39.614459572932354,5340379.758936545,18,广东,483453.73041547753,0.08824274308548374,6.42590574893628,1.6458261802979135,0.6703887967189808,9.62361864524836,0.06545458806528988,0.06545458806528988,0.053873995002380604,0.665313186124999,0.8,14.714820523028484,14333826.359226622,0.27727872646446283,0.11892300476566064,0.0001668379534743858,0.07265835703527102,NONE,DIAGNOSTIC_ONLY,True,13,1.8391236977777226e-08,HJB_CONVERGED,True,True,CONTINUED_TO_HOUSEHOLD_BATCH
15,2,河北,113705229.18254791,208957.09271673678,201435749.51586387,201435749.51586387,201644706.6085806,1.7733987087335303,0.001837708733529457,1.7715610000000008,1.7715610000000008,742600.0,5927226.719297941,7.981721948960329,5184626.719297941,18,广东,526628.9409404014,0.08884913061040775,7.314675003330963,4.669981010897469,0.6795348764269772,9.106520522967658,0.10004257342880019,0.09,0.0863769196670552,1.5074677540363022,1.3,15.198452071456336,34857628.81858526,0.43539336627495767,0.11899000860445086,0.00016082322020871676,0.07272066185105408,NONE,DIAGNOSTIC_ONLY,True,13,1.597120347085479e-08,HJB_CONVERGED,True,True,CONTINUED_TO_HOUSEHOLD_BATCH
15,3,山西,53478727.38884524,213130.75192100307,94740827.77171013,94740827.77171013,94953958.52363113,1.7755463370176776,0.0039853370176766495,1.771561000000001,1.771561000000001,350200.0,5476114.205249851,15.63710509780083,5125914.205249851,18,广东,485602.76902246696,0.08867652331957,7.317026234388094,4.668541599974189,0.6809925875750384,9.00618467421815,0.10537765803625722,0.09,0.08640489287808059,0.8021477092881243,0.8021477092881243,14.999979176541103,17115050.261027787,0.3805198978093615,0.11944319261376979,0.00015274408915044724,0.072499248721827,NONE,DIAGNOSTIC_ONLY,True,13,3.6990000840120274e-08,HJB_CONVERGED,True,True,CONTINUED_TO_HOUSEHOLD_BATCH
15,4,内蒙古,82165502.99427319,206021.27499628035,132328364.22730699,132328364.22730699,132534385.50230327,1.6130173938269534,0.00250739382695241,1.610510000000001,1.610510000000001,242200.0,5425527.142511497,22.40102040673616,5183327.142511497,18,广东,477995.97306350904,0.0881012960599148,6.831263786086861,1.6044218363907912,0.6675299914033433,9.34427300060888,0.06311438661715116,0.06311438661715116,0.057106691070546854,0.7452170312962471,0.8,14.334093784676018,16138758.077780237,0.28121436164581665,0.017703344613957617,0.06795727645389571,0.0001265068782069223,NONE,DIAGNOSTIC_ONLY,True,13,5.071519604271657e-08,HJB_CONVERGED,True,True,CONTINUED_TO_HOUSEHOLD_BATCH
15,5,辽宁,90061052.78222083,207390.99803426358,159548648.72792396,159548648.72792396,159756039.72595823,1.7738637822974246,0.0023027822974239667,1.7715610000000006,1.7715610000000006,429100.0,5702202.080787861,13.288748731735868,5273102.080787861,18,广东,503218.7550391196,0.08824989853211077,7.33269289645995,4.663496207569886,0.6927629865552362,8.49933016894719,0.08918463062397876,0.08918463062397876,0.0824844639676579,1.1307871132531373,1.1307871132531373,13.846320538987452,25217422.222384878,0.37785930123314626,0.11948429053641596,0.00013238197257203765,0.07260254874991512,NONE,DIAGNOSTIC_ONLY,True,15,5.514926293415101e-09,HJB_CONVERGED,True,True,CONTINUED_TO_HOUSEHOLD_BATCH
15,6,吉林,66308917.7271201,209958.6686836123,97082886.44427659,97082886.44427659,97292845.1129602,1.467266371521063,0.0031663715210622414,1.4641000000000006,1.4641000000000006,248400.0,5375758.24900762,21.641538844636152,5127358.24900762,18,广东,470108.45748699404,0.08744970210923778,6.061028253233909,1.7013946439915058,0.6862954849476446,8.770851336495541,0.05872356939370439,0.05872356939370439,0.051548123532243945,0.5315072977533819,0.8,13.064154095180108,11259310.566273702,0.24706701680869284,0.0021186903793797285,7.305774837662593e-05,0.0004896627160337896,NONE,DIAGNOSTIC_ONLY,True,12,1.8760139219864413e-08,HJB_CONVERGED,True,True,CONTINUED_TO_HOUSEHOLD_BATCH
15,7,黑龙江,58424879.89838116,211768.3884033655,103503238.65765609,103503238.65765609,103715007.04605946,1.7751856268502693,0.0036246268502681716,1.771561000000001,1.771561000000001,332700.0,5257225.543703023,15.801699860844675,4924525.543703023,18,广东,458124.6882107244,0.08714191247880833,7.356085171251479,4.65391140280695,0.7119651828815108,7.718530888088587,0.07111330822663002,0.07111330822663002,0.0761168961601334,0.6673884454199951,0.8,12.130766502925384,13779444.500313226,0.29012205773117866,0.11890793001355449,0.0001817055864063999,0.07262246528729421,NONE,DIAGNOSTIC_ONLY,True,26,8.546076735171937e-09,HJB_CONVERGED,True,True,CONTINUED_TO_HOUSEHOLD_BATCH
15,8,上海,66125294.30800852,208555.17062502287,117144992.50958993,117144992.50958993,117353547.68021494,1.7747149393935038,0.0031539393935032284,1.7715610000000006,1.7715610000000006,247500.0,5892475.849196161,23.807983229075397,5644975.849196161,18,广东,533893.6980944187,0.09060600531222396,7.320275210160775,4.674486116880942,0.6873145142067426,9.119092198906928,0.21916585015848314,0.09,0.07854301334333925,1.7255092765598146,1.3,14.898601456998463,38628278.55453467,0.720571534065287,0.11887651015390999,0.00017352648677715354,0.0726561447785079,NONE,DIAGNOSTIC_ONLY,True,25,5.483975229481075e-08,HJB_CONVERGED,True,True,CONTINUED_TO_HOUSEHOLD_BATCH
15,9,江苏,203535217.25929242,193096.7313206937,360575053.0230895,360575053.0230895,360768149.7544102,1.7725097141042274,0.0009487141042264903,1.7715610000000008,1.7715610000000008,844600.0,5776857.766897202,6.839755821569028,4932257.766897202,18,广东,519354.6424379383,0.08990261893134475,7.311323661817327,4.676887657144347,0.68131820804328,9.39036521953426,0.17877122016879268,0.09,0.08034640814243936,4.515577753242858,1.3,15.513608341469265,99989970.04344365,0.8184462980656068,0.11905321064539276,0.00015354033528713895,0.07276627703581728,NONE,DIAGNOSTIC_ONLY,True,15,9.48058520577888e-10,HJB_CONVERGED,True,True,CONTINUED_TO_HOUSEHOLD_BATCH
15,10,浙江,124249656.20818298,204554.65711026287,220115845.2018249,220115845.2018249,220320399.85893518,1.773207319703031,0.001646319703030221,1.7715610000000006,1.7715610000000006,627300.0,5830394.6281608995,9.29442791034736,5203094.6281608995,18,广东,529455.1640903102,0.09080949024154099,7.314424332878021,4.672426345089729,0.6815030002157145,9.172114724952468,0.1828204717371254,0.09,0.08329555384056112,2.7866283498450866,1.3,15.205544496922824,62221493.45023713,0.7311475920271338,0.1189939636610855,0.0001585177900780277,0.07273258274147332,NONE,DIAGNOSTIC_ONLY,True,15,2.2008750377722208e-10,HJB_CONVERGED,True,True,CONTINUED_TO_HOUSEHOLD_BATCH
15,11,安徽,70182433.35888097,214939.2651099324,124332461.82369259,124332461.82369259,124547401.08880252,1.7746235792641143,0.0030625792641134427,1.7715610000000008,1.7715610000000008,607600.0,5946973.164928542,9.78764510356903,5339373.164928542,18,广东,537950.5500109931,0.0904578741305716,7.313173331880733,4.6695882331849505,0.6764533982750354,9.161202216159609,0.19093626332968114,0.09,0.0889487406654498,1.6047162008396239,1.3,15.406365039873869,36482200.058170386,0.6497322487178648,0.11888311259401574,0.00017048081495651957,0.07266200124578837,NONE,DIAGNOSTIC_ONLY,True,13,7.823208081347843e-08,HJB_CONVERGED,True,True,CONTINUED_TO_HOUSEHOLD_BATCH
15,12,福建,87795538.11850408,207485.0126319426,155535151.30475527,155535151.30475527,155742636.31738722,1.7739242751399276,0.0023632751399266425,1.7715610000000008,1.7715610000000008,410400.0,5870061.814227492,14.303269527844765,5459661.814227492,18,广东,543695.3728176551,0.09262174573696652,7.320602909720117,4.67008073235333,0.6858510100840803,8.955813908395605,0.17055403555121038,0.09,0.08220673074098893,1.8410500471155153,1.3,14.732728167060651,41500341.377732016,0.6288351722868524,0.1189312701195051,0.00016316825382045597,0.07269840564033148,NONE,DIAGNOSTIC_ONLY,True,15,1.684248296385249e-10,HJB_CONVERGED,True,True,CONTINUED_TO_HOUSEHOLD_BATCH
15,13,江西,51050047.92908307,215633.34524477785,90438273.95929438,90438273.95929438,90653907.30453916,1.7757849597021411,0.004223959702140302,1.7715610000000008,1.7715610000000008,451300.0,5797702.195992718,12.84667005537939,5346402.195992718,18,广东,531198.8643830754,0.0916223093953035,7.316372047158099,4.667427606829616,0.6784025792199415,9.0175255307191,0.1722976364377351,0.09,0.08911197021723562,1.094678203806971,1.094678203806971,15.12561324541375,24361355.40005092,0.5521600701687263,0.11977870912758526,0.0001488022309600323,0.07240795897479457,NONE,DIAGNOSTIC_ONLY,True,14,5.103157896257926e-10,HJB_CONVERGED,True,True,CONTINUED_TO_HOUSEHOLD_BATCH
15,14,山东,210016973.07581103,189650.43185018675,372057878.839157,372057878.839157,372247529.2710072,1.7724640243083347,0.0009030243083340104,1.7715610000000006,1.7715610000000006,1007700.0,5824132.052827927,5.779628910219239,4816432.052827927,18,广东,517973.84830662934,0.08893580083836275,9.129686142296274,0.4091598606234911,0.6406597542631511,9.150885069870723,0.11419823535961782,0.09,0.08258552159917465,3.1569543699463427,1.3,15.515065365031331,71498735.76772308,0.5706427795005548,0.11905096532069259,0.00014273470387016207,0.07276692890239889,NONE,DIAGNOSTIC_ONLY,True,90,3.5223108874049558e-09,HJB_CONVERGED,True,True,CONTINUED_TO_HOUSEHOLD_BATCH
15,15,河南,168320556.01470312,202945.26187077214,298190132.5339636,298190132.5339636,298393077.7958344,1.772766706936075,0.0012057069360740733,1.7715610000000008,1.7715610000000008,986400.0,5887506.876093882,5.9686809368348355,4901106.876093882,18,广东,527533.3714385539,0.08960216650966368,7.309434676728008,4.6739188491159,0.6771136666869395,9.350218478637366,0.10485641437012722,0.09,0.08517670296105316,2.3348980850979193,1.3,15.636521782316951,53568942.526515864,0.5019226971439582,0.11903254802237662,0.0001541163169956894,0.07275412131384162,NONE,DIAGNOSTIC_ONLY,True,13,6.539957908557881e-09,HJB_CONVERGED,True,True,CONTINUED_TO_HOUSEHOLD_BATCH
15,16,湖北,101805153.6623069,208322.78386163776,180354039.8271502,180354039.8271502,180562362.61101183,1.7736072891746402,0.0020462891746389923,1.771561000000001,1.771561000000001,591700.0,5917518.172450788,10.00087573508668,5325818.172450788,18,广东,538629.9669244626,0.0910229510459424,7.310463949580605,4.673363390543033,0.6778340320026881,9.30621628192988,0.1576907371067563,0.09,0.08507979671693292,1.9780538976383122,1.3,15.544872323187164,45077570.68493862,0.6111243914132046,0.11895978449461886,0.00016055278667315154,0.07271359490120921,NONE,DIAGNOSTIC_ONLY,True,13,4.066845527006535e-09,HJB_CONVERGED,True,True,CONTINUED_TO_HOUSEHOLD_BATCH
15,17,湖南,93791807.14892803,211348.62728703357,166157907.6645622,166157907.6645622,166369256.29184923,1.7738143804786546,0.002253380478653557,1.771561000000001,1.771561000000001,663500.0,5925371.231067307,8.93047661050084,5261871.231067307,18,广东,545527.2803201792,0.09206634640204917,7.313997355400245,4.669913460020685,0.6784897797542451,9.128118567563845,0.14596967110079964,0.09,0.08718159309854646,1.7033761078827256,1.3,15.272651718726399,38971026.0960269,0.561051091133001,0.11894111454873513,0.00016086926468483753,0.0727043189463965,NONE,DIAGNOSTIC_ONLY,True,13,2.806790844189777e-08,HJB_CONVERGED,True,True,CONTINUED_TO_HOUSEHOLD_BATCH
15,18,广东,191259406.86816654,203309.53799007862,338827706.0907761,338827706.0907761,339031015.6287662,1.7726240041226173,0.0010630041226166625,1.7715610000000006,1.7715610000000006,1234800.0,5712968.961318548,4.626635051278384,4478168.961318548,18,广东,537828.7836702223,0.0941417303877828,7.3202182741907595,4.666742858238654,0.6830882947624447,8.875951649701449,0.2090683630530355,0.09,0.08625552171592499,4.928948137801918,1.3,14.735717157400384,107217618.74887711,0.9214782800016139,0.11903423703577132,0.0001505101304841716,0.07276406219485376,NONE,DIAGNOSTIC_ONLY,True,13,8.831595454950047e-09,HJB_CONVERGED,True,True,CONTINUED_TO_HOUSEHOLD_BATCH
15,19,广西,67306708.83876626,213251.77698092195,119237940.41711366,119237940.41711366,119451192.19409458,1.7747293584097363,0.0031683584097354726,1.771561000000001,1.771561000000001,494700.0,5583968.256334976,11.28758491274505,5089268.256334976,18,广东,522119.5306056104,0.09350331281222259,7.329783603993198,4.66014793350165,0.688073352365829,8.4787038935638,0.10248017314707576,0.09,0.08754434987595873,0.9669540987336139,0.9669540987336139,13.998352483648427,21051855.568325955,0.39309708279901145,0.11946054692780472,0.0001262714029449663,0.07255298955185774,NONE,DIAGNOSTIC_ONLY,True,13,1.898343748862885e-08,HJB_CONVERGED,True,True,CONTINUED_TO_HOUSEHOLD_BATCH
15,20,海南,14673330.466888333,215834.98767055437,25994699.99525117,25994699.99525117,26210534.982921727,1.7862703386983696,0.014709338698368792,1.7715610000000006,1.7715610000000006,98200.0,5508018.629122003,56.08980274054993,5409818.629122003,18,广东,512790.8628215198,0.09309897031035648,7.341311563495796,4.65444520762779,0.6955525149760327,8.07847106501305,0.12077650792274658,0.09,0.08662982661660945,0.24615121963402153,0.8,13.178885801974078,5264656.4584212415,0.30222501870440793,0.1179845936808912,0.00028513769157045843,0.07207861576175323,NONE,DIAGNOSTIC_ONLY,True,13,1.2273455585187776e-08,HJB_CONVERGED,True,True,CONTINUED_TO_HOUSEHOLD_BATCH
15,21,重庆,50663834.63130832,213014.21968327183,89754073.54327524,89754073.54327524,89967087.76295851,1.7757654630303543,0.0042044630303533555,1.7715610000000008,1.7715610000000008,316300.0,5724700.488959066,18.098958232561067,5408400.488959066,18,广东,522013.2259137764,0.0911861200285598,7.319167514935273,4.667627696070712,0.6826915448786036,8.92457381217153,0.16357143167403332,0.09,0.0858935994688979,1.0515762179530002,1.0515762179530002,14.818169526180789,23152262.593777135,0.5294636117738397,0.11973277573374363,0.00014467723515065867,0.0724200786415703,NONE,DIAGNOSTIC_ONLY,True,13,7.838439675111886e-09,HJB_CONVERGED,True,True,CONTINUED_TO_HOUSEHOLD_BATCH
15,22,四川,94830047.41899477,214504.02810007814,167997213.63564187,167997213.63564187,168211717.66374195,1.7738229837692625,0.002261983769261643,1.7715610000000008,1.7715610000000008,832100.0,5839945.052717728,7.01832117860561,5007845.052717728,18,广东,530824.0257117847,0.09089538016539314,7.320120443652897,4.66504785638354,0.68088857630498,8.854042292469895,0.17602540117087617,0.09,0.08905412481471028,2.0546241411971535,1.3,14.797592169197639,46021200.85945374,0.6596899663362237,0.11894640847737303,0.00016112701987480715,0.07270275486406819,NONE,DIAGNOSTIC_ONLY,True,14,1.5174688172692186e-09,HJB_CONVERGED,True,True,CONTINUED_TO_HOUSEHOLD_BATCH
15,23,贵州,39447014.665611394,216567.2842307729,69882792.74802522,69882792.74802522,70099360.03225599,1.7770510804551782,0.005490080455177489,1.771561000000001,1.771561000000001,382200.0,5442731.178796711,14.240531603340427,5060531.178796711,18,广东,500726.2519887749,0.09199907831925595,7.324768679389106,4.661715773407292,0.6832444178336157,8.657239394287956,0.1464725296539937,0.09,0.089788408009263,0.7836564054955194,0.8,14.433302765295391,16466946.597743217,0.4587624321000209,0.1187127305086757,0.0001903972497451223,0.07254165892082542,NONE,DIAGNOSTIC_ONLY,True,14,2.367587015328354e-09,HJB_CONVERGED,True,True,CONTINUED_TO_HOUSEHOLD_BATCH
15,24,云南,68611984.86091176,212501.41775573007,121550316.51218176,121550316.51218176,121762817.92993748,1.7746581472139535,0.0030971472139525893,1.771561000000001,1.771561000000001,470300.0,5612044.730136614,11.932903955212874,5141744.730136614,18,广东,517650.1018926859,0.09223912616250383,7.332673600555195,4.659032963788428,0.6902763974119319,8.381343572146301,0.10811571950401541,0.09,0.08687161243358524,1.0248419045521322,1.0248419045521322,13.781867395081298,22395446.942695778,0.41176995139738204,0.11950037315905426,0.00012848640799723032,0.07254805621944671,NONE,DIAGNOSTIC_ONLY,True,14,2.461868486847152e-09,HJB_CONVERGED,True,True,CONTINUED_TO_HOUSEHOLD_BATCH
15,25,西藏,6325734.326183821,216184.87894322825,11206424.22862854,11206424.22862854,11422609.10757177,1.8057364597641556,0.03417545976415483,1.7715610000000006,1.7715610000000006,35400.0,5432107.203744839,153.4493560379898,5396707.203744839,18,广东,481068.69757328037,0.088560236300498,8.164160019074746,1.9503613069122248,0.6613048670906876,7.6610694021768975,0.08003470928041667,0.08003470928041667,0.08462481001268606,0.0778967506167593,0.8,11.700553944353755,1658511.922790609,0.1763988611634491,0.1165321285626264,0.0004892348568261706,0.07111335752428904,NONE,DIAGNOSTIC_ONLY,True,16,2.7011974879087575e-09,HJB_CONVERGED,True,True,CONTINUED_TO_HOUSEHOLD_BATCH
15,26,陕西,73897910.2910824,209917.75735917213,130914655.85318027,130914655.85318027,131124573.61053945,1.7744016453786362,0.00284064537863534,1.7715610000000006,1.7715610000000006,393100.0,5823097.207841016,14.813271960928558,5429997.207841016,18,广东,523154.7727819702,0.08984132569133878,7.314590311649187,4.671756335693839,0.68116080631239,9.14932133404035,0.11701787102203529,0.09,0.0839874141827847,1.1347678195486557,1.1347678195486557,15.18853937664849,25678765.759608503,0.44271670256366413,0.11958138420695241,0.00013392435133963154,0.07254502606762636,NONE,DIAGNOSTIC_ONLY,True,52,6.539968566698917e-11,HJB_CONVERGED,True,True,CONTINUED_TO_HOUSEHOLD_BATCH
15,27,甘肃,25177704.67938732,216803.81098947767,44603839.67952011,44603839.67952011,44820643.490509585,1.7801719442361916,0.008610944236190533,1.771561000000001,1.771561000000001,251500.0,5512062.7956515085,21.916750678534825,5260562.7956515085,18,广东,489095.6070811053,0.08873186413386927,7.3272940054405655,4.66000616372948,0.6846816965905761,8.553056756978265,0.11556184466537495,0.09,0.09,0.4055695522761625,0.8,14.23413425142826,8690670.262387991,0.33570101714628087,0.1184796740910321,0.00022472025881026259,0.0723794452669626,NONE,DIAGNOSTIC_ONLY,True,14,2.1355561763414244e-09,HJB_CONVERGED,True,True,CONTINUED_TO_HOUSEHOLD_BATCH
15,28,青海,17578407.529567722,214979.24584610236,23396860.42185464,23396860.42185464,23611839.667700745,1.3432297338643733,0.012229733864372924,1.3310000000000002,1.3310000000000002,58700.0,5514451.509649672,93.94295587137431,5455751.509649672,18,广东,483943.7481665259,0.08775918100280303,5.7213870026832865,1.7402820799493,0.6902314621597114,8.715687145403521,0.059221652568734,0.059221652568734,0.05058003399962011,0.12650646069831278,0.8,12.911600744942211,2748763.5883075213,0.17038629150522536,0.0004286323530091618,0.00014824800991175557,0.0002778705631445444,NONE,DIAGNOSTIC_ONLY,True,12,3.1614036277716195e-08,HJB_CONVERGED,True,True,CONTINUED_TO_HOUSEHOLD_BATCH
15,29,宁夏,18640640.44456374,214651.3851949711,30020937.842374355,30020937.842374355,30235589.227569327,1.6220252366053807,0.011515236605380206,1.6105100000000003,1.6105100000000003,71000.0,5614499.915182894,79.07746359412526,5543499.915182894,18,广东,492064.88437399315,0.0876418010165673,6.848454394056484,1.6037806371618486,0.6677332390036328,9.30763369000383,0.05899815930254196,0.05899815930254196,0.05725264529811815,0.15647053707023312,0.8,14.271612723138581,3509755.1966313217,0.18041225947436001,0.017259174140265676,0.06772463968197784,0.00012671738609715266,NONE,DIAGNOSTIC_ONLY,True,13,2.2071907856968664e-08,HJB_CONVERGED,True,True,CONTINUED_TO_HOUSEHOLD_BATCH
15,30,新疆,49250553.031937115,211451.36512203503,87250358.97981158,87250358.97981158,87461810.34493361,1.7758543805227516,0.004293380522751021,1.7715610000000006,1.7715610000000006,252000.0,5139591.027820914,20.395202491352833,4887591.027820914,18,广东,451868.61611237435,0.08791917755058379,8.17576961531618,1.9542961696392707,0.6680213970925409,7.33151782310291,0.08863475601672768,0.08863475601672768,0.08347618158764017,0.6834249484111592,0.8,11.062196247759536,13739290.661838643,0.3300071915127935,0.11883379776898706,0.0001833701691528189,0.07259439644625387,NONE,DIAGNOSTIC_ONLY,True,16,2.6577353651191515e-09,HJB_CONVERGED,True,True,CONTINUED_TO_HOUSEHOLD_BATCH
16,0,北京,58719043.066994764,204071.99035556384,104024366.65480836,114426803.32028921,104228438.64516392,1.7750363970721692,0.003475397072168401,1.7715610000000008,1.9487171000000012,219200.0,5889657.469531103,26.868875317203937,5670457.469531103,18,广东,521891.27206288365,0.08861148118762045,7.320470129453954,4.67445546108258,0.6874428614449384,9.114258176405055,0.2271845047033844,0.09,0.07849441103421517,1.5836111716546317,1.3,14.886945651668881,35504643.04336813,0.7229870623114923,0.0448332814131811,0.0001655635455491966,0.07245342365033913,HIGH_RA_INCREASE_1P1,DIAGNOSTIC_ONLY,True,27,9.762368691212941e-11,HJB_CONVERGED,True,True,CONTINUED_TO_HOUSEHOLD_BATCH
16,1,天津,64593598.72309723,202519.44229258783,114431500.3474889,114431500.3474889,114634019.78978148,1.7746962865654816,0.0031352865654808515,1.7715610000000008,1.7715610000000008,138300.0,5475963.2044170685,39.594817096291166,5337663.2044170685,18,广东,483522.95225769654,0.08829916020393876,6.427386728278979,1.645706847676565,0.6704220951664249,9.619341534579341,0.06544492038591171,0.06544492038591171,0.05388157767987823,0.6650888180955216,0.8,14.707342899677133,14331466.531434631,0.27727872646446283,0.0448699382358384,0.00016463348535489253,0.0724817615513571,NONE,DIAGNOSTIC_ONLY,True,13,1.696687679242359e-08,HJB_CONVERGED,True,True,CONTINUED_TO_HOUSEHOLD_BATCH
16,2,河北,113705229.18254791,203561.70334386732,201435749.51586387,221579324.46745026,201639311.21920773,1.773351258062953,0.0017902580629520516,1.7715610000000008,1.948717100000001,742600.0,5924342.688864184,7.977838255944228,5181742.688864184,18,广东,526704.3065569147,0.08890510461978265,7.314764979943739,4.669926360699426,0.6795916284027987,9.10265537180468,0.10003031528404992,0.09,0.08637693476515773,1.5058805661164387,1.3,15.190759376979477,34852497.56401874,0.43539336627495767,0.04490484701793096,0.0001472060705340894,0.0725627508576423,HIGH_RA_INCREASE_1P1,DIAGNOSTIC_ONLY,True,13,1.6543349801168006e-08,HJB_CONVERGED,True,True,CONTINUED_TO_HOUSEHOLD_BATCH
16,3,山西,53478727.38884524,207735.41310887187,94740827.77171013,104214910.54888114,94948563.184819,1.775445449448441,0.0038844494484399786,1.771561000000001,1.9487171000000012,350200.0,5472556.314587659,15.626945501392516,5122356.314587659,18,广东,485596.3740915557,0.0887330063278013,7.317117791267718,4.668486529922398,0.6810499365483591,9.00233249234105,0.10536062821152156,0.09,0.08640490785979274,0.8012696140009014,0.8012696140009014,14.99232450344791,17111419.54048728,0.3805198978093615,0.04520197459617292,0.00021213613078163718,0.0722717328809368,HIGH_RA_INCREASE_1P1,DIAGNOSTIC_ONLY,True,13,7.636197008054069e-08,HJB_CONVERGED,True,True,CONTINUED_TO_HOUSEHOLD_BATCH
16,4,内蒙古,82165502.99427319,200624.58882519457,132328364.22730699,132328364.22730699,132528988.81613219,1.6129517131462003,0.0024417131461992973,1.610510000000001,1.610510000000001,242200.0,5417701.921382589,22.36871148382572,5175501.921382589,18,广东,477334.70107430435,0.08810649016889605,6.832146522059656,1.6044629664009662,0.667576538894624,9.339825362551315,0.06306315835028241,0.06306315835028241,0.057111856582462095,0.7561404141612909,0.8,14.326042940049149,16132173.610929605,0.28121436164581665,0.00842034750983589,0.0004079909258754011,0.0005344461904239761,NONE,DIAGNOSTIC_ONLY,True,13,4.5258250036539494e-08,HJB_CONVERGED,True,True,CONTINUED_TO_HOUSEHOLD_BATCH
16,5,辽宁,90061052.78222083,201995.57373410842,159548648.72792396,175503513.60071638,159750644.30165806,1.7738038737783313,0.002242873778330791,1.7715610000000006,1.948717100000001,429100.0,5698462.2515073,13.280033212554882,5269362.2515073,18,广东,503208.62682347005,0.08830603847386484,7.332795296380613,4.663444101685505,0.6928217986880423,8.495719481807136,0.08916820355579234,0.08916820355579234,0.0824844952343335,1.1299612268511712,1.1299612268511712,13.8392497972678,25212460.998819627,0.37785930123314626,0.04524681641318673,0.00019673793465080358,0.07239152713977282,HIGH_RA_INCREASE_1P1,DIAGNOSTIC_ONLY,True,15,5.5059543591085e-09,HJB_CONVERGED,True,True,CONTINUED_TO_HOUSEHOLD_BATCH
16,6,吉林,66308917.7271201,204555.39183478695,97082886.44427659,97082886.44427659,97287441.83611137,1.4671848850930824,0.0030848850930819,1.4641000000000006,1.4641000000000006,248400.0,5373082.963526086,21.630768774259604,5124682.963526086,18,广东,470175.24414746213,0.0875056736214826,6.068097680005398,1.7006347889022269,0.6862869429991633,8.766248435051251,0.058713876179252854,0.058713876179252854,0.051572041524414775,0.5316793809981112,0.8,13.0571237480177,11257381.290978208,0.24706701680869284,0.0012891158350092358,0.0001713493276642719,0.0003182294849923828,NONE,DIAGNOSTIC_ONLY,True,12,1.8694978454192324e-08,HJB_CONVERGED,True,True,CONTINUED_TO_HOUSEHOLD_BATCH
16,7,黑龙江,58424879.89838116,206373.02767134263,103503238.65765609,113853562.5234217,103709611.68532743,1.775093279878544,0.0035322798785429907,1.771561000000001,1.9487171000000014,332700.0,5254615.932751604,15.793856124892107,4921915.932751604,18,广东,458190.21935373545,0.08719766110742218,7.356184335437824,4.653845807454411,0.7120174947111579,7.714934472295599,0.07110332908648985,0.07110332908648985,0.07612763230406341,0.6670824781486925,0.8,12.124361152415677,13777123.740146294,0.29012205773117866,0.04486008971466404,0.00016842189588117673,0.07244181217812584,HIGH_RA_INCREASE_1P1,DIAGNOSTIC_ONLY,True,26,7.772900545433004e-09,HJB_CONVERGED,True,True,CONTINUED_TO_HOUSEHOLD_BATCH
16,8,上海,66125294.30800852,203159.77550864284,117144992.50958993,128859491.76054893,117348152.28509857,1.7746333458796626,0.003072345879661936,1.7715610000000006,1.948717100000001,247500.0,5889675.8407904515,23.796670063799805,5642175.8407904515,18,广东,533970.4084644974,0.09066210482525187,7.320365965208293,4.6744425217694,0.6873661076935232,9.115696281588576,0.21821819341473916,0.09,0.07854306092767889,1.7195503071177287,1.3,14.891920126433886,38622159.61920273,0.720571534065287,0.044833288345602185,0.00015840559198887494,0.07248623004689381,HIGH_RA_INCREASE_1P1,DIAGNOSTIC_ONLY,True,25,4.6730394664962205e-08,HJB_CONVERGED,True,True,CONTINUED_TO_HOUSEHOLD_BATCH
16,9,江苏,203535217.25929242,187701.15757268897,360575053.0230895,396632558.3253985,360762754.1806622,1.7724832048159544,0.0009222048159536354,1.7715610000000008,1.9487171000000012,844600.0,5774196.652469119,6.836605082250911,4929596.652469119,18,广东,519428.8893982615,0.08995691014024387,7.311410290958258,4.6768421740257295,0.6813697336607111,9.386815446377094,0.17814057975791706,0.09,0.08034644826745937,4.503610005210954,1.3,15.506571907276488,99976800.8399087,0.8184462980656068,0.04491211192579381,0.0001317052453283507,0.07262498809012041,HIGH_RA_INCREASE_1P1,DIAGNOSTIC_ONLY,True,15,9.580092275029983e-10,HJB_CONVERGED,True,True,CONTINUED_TO_HOUSEHOLD_BATCH
16,10,浙江,124249656.20818298,199159.22622639086,220115845.2018249,242127429.72200742,220315004.4280513,1.7731638955918618,0.0016028955918613995,1.7715610000000006,1.9487171000000008,627300.0,5827680.428599534,9.290101113660981,5200380.428599534,18,广东,529531.0239418027,0.09086480125833801,7.314506757022071,4.6723800827379165,0.6815532880853116,9.16870532917853,0.18216103585500054,0.09,0.08329558174253586,2.7790117660845954,1.3,15.198780752064293,62212781.31724874,0.7311475920271338,0.044886592742766185,0.00014001806297625485,0.0725823808031465,HIGH_RA_INCREASE_1P1,DIAGNOSTIC_ONLY,True,15,4.6852123070095786e-08,HJB_CONVERGED,True,True,CONTINUED_TO_HOUSEHOLD_BATCH
16,11,安徽,70182433.35888097,209543.9526716561,124332461.82369259,136765708.00606185,124542005.77636425,1.7745467037244664,0.0029857037244654066,1.7715610000000008,1.948717100000001,607600.0,5944143.912037686,9.782988663656495,5336543.912037686,18,广东,538027.8265660987,0.09051393010127504,7.313250154969472,4.669537718124104,0.67650387566039,9.157698366869033,0.19021727004953515,0.09,0.0889487450510974,1.6000649912073612,1.3,15.399362163434839,36476487.208859764,0.6497322487178648,0.04483895432284646,0.0001565927850160076,0.07249403011563249,HIGH_RA_INCREASE_1P1,DIAGNOSTIC_ONLY,True,13,7.935687973414929e-08,HJB_CONVERGED,True,True,CONTINUED_TO_HOUSEHOLD_BATCH
16,12,福建,87795538.11850408,202089.61409393788,155535151.30475527,171088666.43523082,155737240.9188492,1.773862821008503,0.002301821008502308,1.7715610000000008,1.9487171000000012,410400.0,5867326.946269597,14.296605619565295,5456926.946269597,18,广东,543773.4566747282,0.09267822667023104,7.320685934117316,4.670036660835327,0.6859001567512637,8.952596193682925,0.16998162645474518,0.09,0.08220676315927139,1.836453094959638,1.3,14.726378363380473,41494215.50739614,0.6288351722868524,0.044854518154240575,0.00014761011915831457,0.07254006450085404,HIGH_RA_INCREASE_1P1,DIAGNOSTIC_ONLY,True,14,6.428614973685853e-09,HJB_CONVERGED,True,True,CONTINUED_TO_HOUSEHOLD_BATCH
16,13,江西,51050047.92908307,210238.04038172928,90438273.95929438,99482101.35522382,90648511.99967611,1.7756792731243236,0.004118273124322715,1.7715610000000008,1.948717100000001,451300.0,5794241.990142166,12.839002858724054,5342941.990142166,18,广东,531212.2973121094,0.09167934273643889,7.316447128074675,4.667378757777026,0.6784514655845794,9.014196007978194,0.17169961237062087,0.09,0.08911197392218162,1.0919468983221587,1.0919468983221587,15.118972790589597,24356476.60917127,0.5521600701687263,0.04526074511464184,0.00020026762877234372,0.07219319037577399,HIGH_RA_INCREASE_1P1,DIAGNOSTIC_ONLY,True,14,5.049973772486283e-10,HJB_CONVERGED,True,True,CONTINUED_TO_HOUSEHOLD_BATCH
16,14,山东,210016973.07581103,189664.82133454195,372057878.839157,409263666.7230727,372247543.6604915,1.7724640928241508,0.0009030928241503489,1.7715610000000006,1.9487171000000008,1007700.0,5821353.6230867375,5.77687171091271,4813653.6230867375,18,广东,518047.68090079806,0.08899093139545548,7.310807482510599,4.675064331439206,0.6797711982523689,9.339000536642093,0.11394656862609426,0.09,0.08258555244675239,3.15275083632678,1.3,15.507448097341749,71489802.92932746,0.5706427795005548,0.044944146353394165,0.0001249370118185933,0.07263290060792404,HIGH_RA_INCREASE_1P1,DIAGNOSTIC_ONLY,False,100,0.001943524116240436,HJB_NONCONVERGED_DIAGNOSTIC_ONLY,True,True,CONTINUED_TO_HOUSEHOLD_BATCH
16,15,河南,168320556.01470312,197549.80713394948,298190132.5339636,328009145.78736,298387682.3410976,1.7727346522966148,0.0011736522966136894,1.7715610000000008,1.948717100000001,986400.0,5884722.192938376,5.965857859832092,4898322.192938376,18,广东,527608.8374717762,0.08965739081190663,7.309520060043759,4.673867340113851,0.6771676520323097,9.346436312098248,0.10484406634676867,0.09,0.08517672305037159,2.3321955260700804,1.3,15.62897754199235,53561590.57521732,0.5019226971439582,0.04491453322469563,0.00013724279315208143,0.07260689354186711,HIGH_RA_INCREASE_1P1,DIAGNOSTIC_ONLY,True,13,6.290373111283998e-09,HJB_CONVERGED,True,True,CONTINUED_TO_HOUSEHOLD_BATCH
16,16,湖北,101805153.6623069,202927.3975654646,180354039.8271502,198389443.80986524,180556967.22471565,1.773554291992257,0.0019932919922559674,1.771561000000001,1.9487171000000014,591700.0,5914746.572764587,9.99619160514549,5323046.572764587,18,广东,538707.2341928295,0.09107866711878994,7.310544496734629,4.673315144160058,0.6778847399088733,9.302686140593028,0.1572023407382288,0.09,0.0850798172090219,1.9736313116718678,1.3,15.537836684457021,45071046.01966794,0.6111243914132046,0.044872018106519196,0.00014474305450662417,0.07255832705887255,HIGH_RA_INCREASE_1P1,DIAGNOSTIC_ONLY,True,13,3.96444121975037e-09,HJB_CONVERGED,True,True,CONTINUED_TO_HOUSEHOLD_BATCH
16,17,湖南,93791807.14892803,205953.27646101677,166157907.6645622,182773698.43101844,166363860.9410232,1.7737568557226016,0.0021958557226005072,1.771561000000001,1.9487171000000014,663500.0,5922608.058159702,8.926312069570011,5259108.058159702,18,广东,545605.5914528124,0.09212252205362806,7.314075084065163,4.6698651467616195,0.6785393601303875,9.124720355446305,0.14555289165283353,0.09,0.08718160484746638,1.6999613570150176,1.3,15.265878508289608,38965332.8580652,0.561051091133001,0.044860710158732386,0.00014608899308077294,0.07254760865256804,HIGH_RA_INCREASE_1P1,DIAGNOSTIC_ONLY,True,13,2.8887709557778862e-08,HJB_CONVERGED,True,True,CONTINUED_TO_HOUSEHOLD_BATCH
16,18,广东,191259406.86816654,197914.10164809678,338827706.0907761,372710476.6998537,339025620.1924242,1.7725957940783097,0.001034794078309138,1.7715610000000006,1.9487171000000008,1234800.0,5710426.649880742,4.624576166084177,4475626.649880742,18,广东,537905.8139060729,0.0941971321735315,7.320296113162113,4.666696859615984,0.6831364960489459,8.872774312703683,0.20820545977537083,0.09,0.0862555373191054,4.9128854716327615,1.3,14.729418478153717,107203861.21754472,0.9214782800016139,0.04488814259413654,0.00012831409140512395,0.07262641144892124,HIGH_RA_INCREASE_1P1,DIAGNOSTIC_ONLY,True,13,8.886912539196601e-09,HJB_CONVERGED,True,True,CONTINUED_TO_HOUSEHOLD_BATCH
16,19,广西,67306708.83876626,207856.4452846997,119237940.41711366,131161734.45882504,119445796.86239836,1.7746491980246974,0.003088198024696489,1.771561000000001,1.9487171000000012,494700.0,5580457.126912279,11.280487420481665,5085757.126912279,18,广东,522111.2218562957,0.09356065461705014,7.329863761471328,4.660101000636816,0.6881222573582613,8.475643691536769,0.10246370652098251,0.09,0.08754436011427029,0.9659469060096617,0.9659469060096617,13.992315962593544,21047686.160190333,0.39309708279901145,0.04519831962538157,0.00019805418681928533,0.07234056594169158,HIGH_RA_INCREASE_1P1,DIAGNOSTIC_ONLY,True,13,1.8989522398982217e-08,HJB_CONVERGED,True,True,CONTINUED_TO_HOUSEHOLD_BATCH
16,20,海南,14673330.466888333,210439.68397815907,25994699.99525117,28594169.99477629,26205139.67922933,1.7859026441450048,0.014341644145004082,1.7715610000000006,1.9487171000000008,98200.0,5505472.803566096,56.06387783672196,5407272.803566096,18,广东,512864.8404970218,0.09315545799532793,7.341393709607228,4.654400341299655,0.6956005907104105,8.07564998130992,0.12050221967193048,0.09,0.08662984066232049,0.24575108303834275,0.8,13.173368514450573,5263219.243536732,0.30222501870440793,0.04434159966442408,0.00027299309952322215,0.07178594569750385,HIGH_RA_INCREASE_1P1,DIAGNOSTIC_ONLY,True,13,1.2229065760038793e-08,HJB_CONVERGED,True,True,CONTINUED_TO_HOUSEHOLD_BATCH
16,21,重庆,50663834.63130832,207618.8836738865,89754073.54327524,98729480.89760277,89961692.42694913,1.7756589701829681,0.004097970182967279,1.7715610000000008,1.948717100000001,316300.0,5721279.102827182,18.088141330468485,5404979.102827182,18,广东,522024.2686497378,0.09124258042083254,7.319250869167767,4.667578688772055,0.682743184606262,8.921153019613158,0.16303271860615964,0.09,0.08589361657754965,1.0491361994649417,1.0491361994649417,14.811385371848402,23147613.14339587,0.5294636117738397,0.04524513636468286,0.00020082056181036645,0.0722047146388809,HIGH_RA_INCREASE_1P1,DIAGNOSTIC_ONLY,True,13,7.895762710319332e-09,HJB_CONVERGED,True,True,CONTINUED_TO_HOUSEHOLD_BATCH
16,22,四川,94830047.41899477,209108.7098514477,167997213.63564187,184796934.99920607,168206322.34549332,1.77376608916259,0.0022050891625892254,1.7715610000000008,1.948717100000001,832100.0,5837245.972267696,7.015077481393697,5005145.972267696,18,广东,530900.168133697,0.09095045345972444,7.320201281168869,4.664996510502861,0.6809412358622841,8.850562766291045,0.1754151708814499,0.09,0.08905412876089473,2.049268569788398,1.3,14.790659830291686,46014539.81774388,0.6596899663362237,0.04485858541570109,0.0001447385462669537,0.07254749342675249,HIGH_RA_INCREASE_1P1,DIAGNOSTIC_ONLY,True,14,1.5305547940158704e-09,HJB_CONVERGED,True,True,CONTINUED_TO_HOUSEHOLD_BATCH
16,23,贵州,39447014.665611394,211171.98884933128,69882792.74802522,76871072.02282776,70093964.73687455,1.776914307230964,0.0053533072309632605,1.771561000000001,1.9487171000000014,382200.0,5440172.467364188,14.233836910947641,5057972.467364188,18,广东,500798.3690855551,0.09205560523859574,7.324847021131777,4.661666114081197,0.6832944434899848,8.653999485712788,0.14605483576742828,0.09,0.08978840889230218,0.7820549665473924,0.8,14.426870431996164,16463983.379847039,0.4587624321000209,0.04473850195843587,0.00017994944470056673,0.07234865564488446,HIGH_RA_INCREASE_1P1,DIAGNOSTIC_ONLY,True,14,2.3541657512282654e-09,HJB_CONVERGED,True,True,CONTINUED_TO_HOUSEHOLD_BATCH
16,24,云南,68611984.86091176,207106.0752924327,121550316.51218176,133705348.16339995,121757422.5874742,1.7745795116450478,0.0030185116450467393,1.771561000000001,1.9487171000000012,470300.0,5608539.8254237585,11.925451468049667,5138239.8254237585,18,广东,517643.975922628,0.09229567624288322,7.332758154843237,4.658984871123675,0.6903272508479567,8.378216790556792,0.10802212738959824,0.09,0.08687162547296877,1.023651138227192,1.023651138227192,13.775715579782338,22391050.5693694,0.41176995139738204,0.04520864435407668,0.00019630656792091195,0.07233750799159999,HIGH_RA_INCREASE_1P1,DIAGNOSTIC_ONLY,True,14,2.39238984178769e-09,HJB_CONVERGED,True,True,CONTINUED_TO_HOUSEHOLD_BATCH
16,25,西藏,6325734.326183821,210789.56274398978,11206424.22862854,12327066.651491396,11417213.79137253,1.8048835443679294,0.033322544367928676,1.7715610000000006,1.948717100000001,35400.0,5429662.785860352,153.38030468532068,5394262.785860352,18,广东,481138.008410893,0.08861287107255496,8.164467990207081,1.9505848787674065,0.6613534370281001,7.658179550468161,0.0800369731452558,0.0800369731452558,0.08462483239538685,0.07781919175351362,0.8,11.695049346427238,1657738.251717867,0.1763988611634491,0.04354337325575508,0.0004664850834718015,0.07061369912029658,HIGH_RA_INCREASE_1P1,DIAGNOSTIC_ONLY,True,16,2.701755263956329e-09,HJB_CONVERGED,True,True,CONTINUED_TO_HOUSEHOLD_BATCH
16,26,陕西,73897910.2910824,204522.3808781721,130914655.85318027,144006121.43849832,131119178.23405844,1.7743286341600542,0.0027676341600535457,1.7715610000000006,1.948717100000001,393100.0,5819437.949574766,14.803963239823876,5426337.949574766,18,广东,523152.4782052201,0.0898974235550441,7.314679145435106,4.671705597122264,0.6812154116228023,9.145619712314312,0.11674439422127272,0.09,0.08398743921283028,1.1332481887035235,1.1332481887035235,15.181191149775453,25673758.74634238,0.44271670256366413,0.045244228794635966,0.00019498652361238378,0.07233589424157572,HIGH_RA_INCREASE_1P1,DIAGNOSTIC_ONLY,True,20,8.698040177002042e-08,HJB_CONVERGED,True,True,CONTINUED_TO_HOUSEHOLD_BATCH
16,27,甘肃,25177704.67938732,211408.51813779766,44603839.67952011,49064223.64747212,44815248.197657906,1.7799576557249717,0.008396655724970642,1.771561000000001,1.9487171000000014,251500.0,5509417.555712259,21.906232825893674,5257917.555712259,18,广东,489165.99271024764,0.08878724252858124,7.327381129938365,4.659951357209897,0.6847376314616007,8.549502500705705,0.11530811365213828,0.09,0.09,0.40498306958867947,0.8,14.227080262974022,8688805.683770861,0.33570101714628087,0.044622097198734334,0.00021454946060939228,0.07214936683541184,HIGH_RA_INCREASE_1P1,DIAGNOSTIC_ONLY,True,14,2.115108532763088e-09,HJB_CONVERGED,True,True,CONTINUED_TO_HOUSEHOLD_BATCH
16,28,青海,17578407.529567722,209583.33442732898,23396860.42185464,23396860.42185464,23606443.756281972,1.3429227713929606,0.011922771392960357,1.3310000000000002,1.3310000000000002,58700.0,5511881.924755276,93.89918100094167,5453181.924755276,18,广东,484013.0087056058,0.08781265914492456,5.723326676770012,1.7400773438414818,0.6902656945087993,8.711956841897752,0.05921643879237366,0.05921643879237366,0.05058347872622892,0.12652623645150582,0.8,12.905213265968076,2747964.4677821007,0.17038629150522536,0.0004090074938121191,0.00029071999091512257,1.2930210298134348e-05,NONE,DIAGNOSTIC_ONLY,True,12,3.140962423486826e-08,HJB_CONVERGED,True,True,CONTINUED_TO_HOUSEHOLD_BATCH
16,29,宁夏,18640640.44456374,209255.8151627897,30020937.842374355,30020937.842374355,30230193.657537144,1.6217357846389513,0.011225784638950857,1.6105100000000003,1.6105100000000003,71000.0,5617286.112329499,79.11670580745773,5546286.112329499,18,广东,492320.3615577417,0.08764381085683662,6.849336309719952,1.6038133667551877,0.6677739300507526,9.303623559983615,0.05899498703741036,0.05899498703741036,0.057258264554641065,0.15852525389254826,0.8,14.264386145475152,3509748.926127538,0.18041225947436001,0.006153936936708293,1.7865929194949004e-06,0.00012850375262429825,NONE,DIAGNOSTIC_ONLY,True,13,2.0364500308289735e-08,HJB_CONVERGED,True,True,CONTINUED_TO_HOUSEHOLD_BATCH
16,30,新疆,49250553.031937115,206055.84408945535,87250358.97981158,95975394.87779275,87456414.82390103,1.7757448280263748,0.0041838280263743624,1.7715610000000006,1.948717100000001,252000.0,5137112.5377113335,20.385367213140213,4885112.5377113335,18,广东,451933.4236128166,0.0879742112510076,8.176118157741913,1.9545420345833149,0.6680761646775435,7.328429597569393,0.0886243432262139,0.0886243432262139,0.08347620873998796,0.6828484728183019,0.8,11.056370750559651,13736929.559494998,0.3300071915127935,0.04480934700082684,0.0001718503816360295,0.07241007068988381,HIGH_RA_INCREASE_1P1,DIAGNOSTIC_ONLY,True,16,2.658121722731721e-09,HJB_CONVERGED,True,True,CONTINUED_TO_HOUSEHOLD_BATCH
17,0,北京,58719043.066994764,197550.67389997697,114426803.32028921,114426803.32028921,114624353.99418919,1.9520814374207351,0.003364337420733917,1.9487171000000012,1.9487171000000012,219200.0,5888251.622509891,26.862461781523226,5669051.622509891,18,广东,521941.9896246753,0.08864125093251286,7.320541542128868,4.674457931007689,0.6874935515874351,9.11302536381632,0.20405258188811215,0.09,0.0784661384207745,1.582193866753873,1.3,14.883272928240178,35510431.41140419,0.6741430875856981,0.1192141794541055,0.00016303129787820225,0.0726282671239109,NONE,DIAGNOSTIC_ONLY,True,26,8.609646329205134e-11,HJB_CONVERGED,True,True,CONTINUED_TO_HOUSEHOLD_BATCH
17,1,天津,64593598.72309723,200684.7908702443,114431500.3474889,114431500.3474889,114632185.13835914,1.7746678835741851,0.0031068835741843237,1.7715610000000008,1.7715610000000008,138300.0,5474652.400192253,39.585339119249845,5336352.400192253,18,广东,483569.87408046797,0.08832887254421604,3.038671280757094,2.025017337662276,0.6947560486274456,9.901209932765656,0.05934755952435493,0.05934755952435493,0.04751840454541832,0.6109696638530027,0.8,14.703901883622342,13361904.315000571,0.2585393396931767,0.017704776195077487,0.06765268678592118,7.45111464898196e-05,NONE,DIAGNOSTIC_ONLY,True,12,1.6614555509164575e-08,HJB_CONVERGED,True,True,CONTINUED_TO_HOUSEHOLD_BATCH
17,2,河北,113705229.18254791,197040.41230906404,221579324.46745026,221579324.46745026,221776364.8797593,1.950450005458489,0.00173290545848798,1.948717100000001,1.948717100000001,742600.0,5922956.101194618,7.975971049279044,5180356.101194618,18,广东,526755.2372730168,0.08893451652744379,7.314807999399575,4.669905938627772,0.6796254187120097,9.100912551326516,0.08869646122476485,0.08869646122476485,0.0863680018544714,1.5046919962439564,1.3,15.186942819897643,34857594.52584649,0.4059374296998554,0.11936611824223786,0.00014624380414596239,0.07271960651451281,NONE,DIAGNOSTIC_ONLY,True,13,1.6663694424323694e-08,HJB_CONVERGED,True,True,CONTINUED_TO_HOUSEHOLD_BATCH
17,3,山西,53478727.38884524,201214.14773056124,104214910.54888114,104214910.54888114,104416124.6966117,1.9524796081514673,0.0037625081514660558,1.9487171000000012,1.9487171000000012,350200.0,5470096.724398318,15.619922114215642,5119896.724398318,18,广东,485536.1452182206,0.08876189392640531,7.3171586130523405,4.668467936820065,0.6810819733752295,9.000730396837012,0.09357334933648163,0.09,0.08639604381238503,0.8009308467431554,0.8009308467431554,14.988798370611498,17115829.682093836,0.354872637355641,0.11957435485862233,0.0002577309028115593,0.0725480904427116,NONE,DIAGNOSTIC_ONLY,True,13,7.653206113289457e-08,HJB_CONVERGED,True,True,CONTINUED_TO_HOUSEHOLD_BATCH
17,4,内蒙古,82165502.99427319,195274.2366822871,132328364.22730699,132328364.22730699,132523638.46398927,1.6128865963764132,0.002376596376412342,1.610510000000001,1.610510000000001,242200.0,5416341.548119769,22.363094748636538,5174141.548119769,18,广东,477374.9216243249,0.08813604485301356,6.090328715919668,1.6931383014415489,0.677033800693557,9.450679181757335,0.06305796762921165,0.06305796762921165,0.051930514235083165,0.7564356019506274,0.8,14.302904491816161,16130631.922486788,0.28121436164581665,0.003562693953592655,9.556607063621048e-05,0.0006299611861377841,NONE,DIAGNOSTIC_ONLY,True,12,4.24974260226918e-08,HJB_CONVERGED,True,True,CONTINUED_TO_HOUSEHOLD_BATCH
17,5,辽宁,90061052.78222083,195473.78511323655,175503513.60071638,175503513.60071638,175698987.38582963,1.9508875585842007,0.0021704585841997343,1.948717100000001,1.948717100000001,429100.0,5696164.521013888,13.274678445616145,5267064.521013888,18,广东,503182.4160957002,0.08833705807467379,7.333218872085216,4.664147598896232,0.6934088148504527,8.509550279204499,0.07883173649235914,0.07883173649235914,0.08172402233889851,1.1294061557653552,1.1294061557653552,13.836068467459219,25218481.5740588,0.3523520017366727,0.11966365763844156,0.00023879363618872773,0.07264760741195642,NONE,DIAGNOSTIC_ONLY,True,46,4.098918848782773e-08,HJB_CONVERGED,True,True,CONTINUED_TO_HOUSEHOLD_BATCH
17,6,吉林,66308917.7271201,198044.15829237842,97082886.44427659,97082886.44427659,97280930.60256897,1.4670866896502133,0.0029866896502124493,1.4641000000000006,1.4641000000000006,248400.0,5371682.833916513,21.625132181628477,5123282.833916513,18,广东,470220.919967494,0.08753698505774478,6.0592331399763655,1.7016357632595451,0.686387625214747,8.765505426623886,0.058709634705298705,0.058709634705298705,0.05153969919010266,0.531753394840526,0.8,13.054200655730737,11256056.852458477,0.24706701680869284,0.0007090524652879626,0.0001176506760761642,0.0002005413690022717,NONE,DIAGNOSTIC_ONLY,True,12,1.8602507090292875e-08,HJB_CONVERGED,True,True,CONTINUED_TO_HOUSEHOLD_BATCH
17,7,黑龙江,58424879.89838116,199685.85515662847,113853562.5234217,113853562.5234217,114053248.37857834,1.9521349222617492,0.0034178222617477967,1.9487171000000014,1.9487171000000014,332700.0,5253195.703078682,15.789587325153837,4920495.703078682,18,广东,458234.70751215186,0.08722970424338072,7.598582614083332,1.665840399639249,0.6726139161186291,8.018189658906774,0.06240336093593097,0.06240336093593097,0.06710505657738908,0.6666083605607035,0.8,12.121695366203701,13779357.755745541,0.27052475429127637,0.11925552388710692,0.0001621539910203751,0.07261571289810775,NONE,DIAGNOSTIC_ONLY,True,15,3.548933591446257e-09,HJB_CONVERGED,True,True,CONTINUED_TO_HOUSEHOLD_BATCH
17,8,上海,66125294.30800852,196638.44633181056,128859491.76054893,128859491.76054893,129056130.20688075,1.9516908250834142,0.002973725083413283,1.948717100000001,1.948717100000001,247500.0,5888298.747666955,23.791106051179614,5640798.747666955,18,广东,534022.3537322882,0.09069212969941055,7.3204407690685205,4.674443011149789,0.68741880404163,9.114319267031851,0.19590285571759486,0.09,0.07851490728020058,1.7180037088945808,1.3,14.887969467923151,38628093.02867272,0.6718701964441821,0.11923890358132039,0.0001536270764888048,0.07265099297099065,NONE,DIAGNOSTIC_ONLY,True,25,3.267146286844991e-08,HJB_CONVERGED,True,True,CONTINUED_TO_HOUSEHOLD_BATCH
17,9,江苏,203535217.25929242,181179.70616251,396632558.3253985,396632558.3253985,396813738.031561,1.9496072639166058,0.0008901639166046495,1.9487171000000012,1.9487171000000012,844600.0,5772842.49754704,6.835001773084348,4928242.49754704,18,广东,519479.2282913142,0.08998673158189369,7.311473983458153,4.676833253283636,0.6814197601083655,9.38509513693795,0.15947895241444607,0.09,0.0803227079849003,4.499640105479807,1.3,15.502125266934819,99989847.5225291,0.7630311685381342,0.1194339842540133,0.0001304971004352229,0.07276496254092035,NONE,DIAGNOSTIC_ONLY,True,16,2.7382052181224026e-10,HJB_CONVERGED,True,True,CONTINUED_TO_HOUSEHOLD_BATCH
17,10,浙江,124249656.20818298,192637.89182177713,242127429.72200742,242127429.72200742,242320067.6138292,1.950267509857868,0.0015504098578671976,1.9487171000000008,1.9487171000000008,627300.0,5826331.493434957,9.287950730806564,5199031.493434957,18,广东,529582.3974710942,0.09089465610870605,7.314560211749253,4.672364289714841,0.6815962371150114,9.166902405470642,0.16313975299410435,0.09,0.08327907332050467,2.776570627145039,1.3,15.194525886042461,62221338.05015972,0.6816703361094302,0.11936914683586974,0.0001375397905352127,0.07272990355913378,NONE,DIAGNOSTIC_ONLY,True,16,1.227506984946558e-10,HJB_CONVERGED,True,True,CONTINUED_TO_HOUSEHOLD_BATCH
17,11,安徽,70182433.35888097,203022.69651027853,136765708.00606185,136765708.00606185,136968730.70257214,1.951609885085866,0.002892785085864906,1.948717100000001,1.948717100000001,607600.0,5942797.030547493,9.780771939676585,5335197.030547493,18,广东,538080.1329747004,0.09054324591750841,7.31329437852223,4.66950968559336,0.6765352321132355,9.155676914003525,0.17047697011916582,0.09,0.08894615024832299,1.5986746808782035,1.3,15.39522430432772,36482092.653228246,0.6058143266753783,0.11924140699474184,0.0001536728121978026,0.07265884328930561,NONE,DIAGNOSTIC_ONLY,True,13,7.981810590251825e-08,HJB_CONVERGED,True,True,CONTINUED_TO_HOUSEHOLD_BATCH
17,12,福建,87795538.11850408,195568.29228295715,171088666.43523082,171088666.43523082,171284234.7275138,1.9509446424978785,0.002227542497877105,1.9487171000000012,1.9487171000000012,410400.0,5866021.313533383,14.293424253248984,5455621.313533383,18,广东,543826.332893677,0.09270786855803369,7.320746364149895,4.670024356634452,0.6859461966944741,8.950881114205309,0.15209144152190912,0.09,0.08218758262837796,1.834869968805004,1.3,14.722204863406333,41500219.01423198,0.5863045988678325,0.11929319506629987,0.00014468298201153473,0.07269524279571282,NONE,DIAGNOSTIC_ONLY,True,14,5.184112694678333e-09,HJB_CONVERGED,True,True,CONTINUED_TO_HOUSEHOLD_BATCH
17,13,江西,51050047.92908307,203716.78851065834,99482101.35522382,99482101.35522382,99685818.14373448,1.9527076307982025,0.003990530798201297,1.948717100000001,1.948717100000001,451300.0,5790061.939269873,12.829740614380396,5338761.939269873,18,广东,530997.6616834955,0.09170845964222177,7.316490788839502,4.667351322336775,0.6784817933999739,9.012259775036885,0.1537012785168161,0.09,0.089109781861844,1.0917213212318915,1.0917213212318915,15.115029632381724,24362534.096151084,0.5149818849112532,0.11988689319468016,0.0002487012829077706,0.07245984619774548,NONE,DIAGNOSTIC_ONLY,True,14,5.011728809733995e-10,HJB_CONVERGED,True,True,CONTINUED_TO_HOUSEHOLD_BATCH
17,14,山东,210016973.07581103,183143.25696300107,409263666.7230727,409263666.7230727,409446809.9800357,1.9495891402655126,0.0008720402655117346,1.9487171000000008,1.9487171000000008,1007700.0,5819977.24787112,5.7755058528045256,4812277.24787112,18,广东,518097.5164952422,0.08902053984571094,7.310914901932295,4.675015655554772,0.679812756754415,9.337246270460481,0.10131205054100242,0.09,0.08256730123563026,3.150136915345105,1.3,15.503235207316832,71498647.25109342,0.5320019357761058,0.11945116235722608,0.00012371445162195904,0.07276560079901429,NONE,DIAGNOSTIC_ONLY,False,100,0.16567463632738022,HJB_NONCONVERGED_DIAGNOSTIC_ONLY,True,True,CONTINUED_TO_HOUSEHOLD_BATCH
17,15,河南,168320556.01470312,191028.4734631303,328009145.78736,328009145.78736,328200174.26082313,1.9498520087597275,0.0011349087597265516,1.948717100000001,1.948717100000001,986400.0,5883394.140769585,5.964511497130561,4896994.140769585,18,广东,527659.8690320553,0.08968630290729324,7.309566887809355,4.673846752068426,0.6772059909706153,9.344525396357326,0.09306799610969729,0.09,0.08516483704768416,2.330297266244763,1.3,15.624686662476098,53568962.51370783,0.46794655168265215,0.11940682277411208,0.00013763479410044965,0.0727545215708103,NONE,DIAGNOSTIC_ONLY,True,13,6.109861061531774e-09,HJB_CONVERGED,True,True,CONTINUED_TO_HOUSEHOLD_BATCH
17,16,湖北,101805153.6623069,196406.09605224122,198389443.80986524,198389443.80986524,198585849.90591747,1.9506463352988717,0.0019292352988703367,1.9487171000000014,1.9487171000000014,591700.0,5913444.737084519,9.99399144344181,5321744.737084519,18,广东,538759.536055248,0.09110756251370168,7.3105933079602154,4.67329400128875,0.6779242355795917,9.300726491138864,0.1404831007003573,0.09,0.08506769290397115,1.9719476058294683,1.3,15.533442960061112,45077527.83505028,0.569781965227948,0.11932132027372044,0.00014381328934565119,0.07271257519990182,NONE,DIAGNOSTIC_ONLY,True,13,3.87123222367336e-09,HJB_CONVERGED,True,True,CONTINUED_TO_HOUSEHOLD_BATCH
17,17,湖南,93791807.14892803,199431.99536411592,182773698.43101844,182773698.43101844,182973130.42638257,1.9508434263970125,0.0021263263970108426,1.9487171000000014,1.9487171000000014,663500.0,5921336.171287931,8.924395133817528,5257836.171287931,18,广东,545658.6177306001,0.09215126484060364,7.31412363320665,4.669838944951869,0.678575759421547,9.122653981639585,0.1299068486212283,0.09,0.08717465350691726,1.698525939852136,1.3,15.261491894499427,38971001.732150316,0.5231013398443397,0.11929586872426823,0.00014548506760525548,0.07270364831392273,NONE,DIAGNOSTIC_ONLY,True,13,2.9216969288370365e-08,HJB_CONVERGED,True,True,CONTINUED_TO_HOUSEHOLD_BATCH
17,18,广东,191259406.86816654,191392.75288420444,372710476.6998537,372710476.6998537,372901869.4527379,1.949717797199779,0.0010006971997781517,1.9487171000000008,1.9487171000000008,1234800.0,5709207.76546154,4.623589055281454,4474407.76546154,18,广东,537958.1433862813,0.09422640854668425,7.320352463503962,4.666670311077579,0.6831778679656504,8.87061673873552,0.18677469074599237,0.09,0.08624630557512979,4.908250658090254,1.3,14.724786977378173,107217760.40189219,0.8590859503047907,0.11939275153033813,0.00012965190049696318,0.07276547950168877,NONE,DIAGNOSTIC_ONLY,True,13,8.919954552766285e-09,HJB_CONVERGED,True,True,CONTINUED_TO_HOUSEHOLD_BATCH
17,19,广西,67306708.83876626,201335.1751793087,131161734.45882504,131161734.45882504,131363069.63400434,1.9517084091674366,0.002991309167435428,1.9487171000000012,1.9487171000000012,494700.0,5578151.316485694,11.275826392734372,5083451.316485694,18,广东,522051.9468193385,0.09358870299492661,7.329915802281372,4.660075256171396,0.6881581710524544,8.473749722902939,0.09093041379836748,0.09,0.0875383025369937,0.9654825263797541,0.9654825263797541,13.98835847754696,21052790.94360517,0.36657858080171335,0.11959214896464987,0.000242534185277421,0.07260064518719211,NONE,DIAGNOSTIC_ONLY,True,13,1.8976592741637432e-08,HJB_CONVERGED,True,True,CONTINUED_TO_HOUSEHOLD_BATCH
17,20,海南,14673330.466888333,203918.4315294952,28594169.99477629,28594169.99477629,28798088.426305786,1.9626143152225202,0.013897215222519193,1.9487171000000008,1.9487171000000008,98200.0,5504349.337540209,56.05243724582698,5406149.337540209,18,广东,512915.2302337604,0.09318362603471178,7.341451014087924,4.654377393252746,0.6956390280003799,8.07387393869666,0.10728893151268229,0.09,0.08662153040730076,0.24559252555088765,0.8,13.169596185210489,5264597.80827314,0.2819826290106127,0.11816278618157106,0.00026192424685733684,0.07206667242412301,NONE,DIAGNOSTIC_ONLY,True,13,1.2176363028970627e-08,HJB_CONVERGED,True,True,CONTINUED_TO_HOUSEHOLD_BATCH
17,21,重庆,50663834.63130832,201097.61372476362,98729480.89760277,98729480.89760277,98930578.51132753,1.9526863537129937,0.003969253712992601,1.948717100000001,1.948717100000001,316300.0,5717438.514186152,18.07599909638366,5401138.514186152,18,广东,521831.6406861992,0.09127017971272039,7.319299275244042,4.667557760563685,0.6827802744620429,8.919328444573239,0.14582912439392914,0.09,0.08588349410965614,1.048877876638377,1.048877876638377,14.807373939718428,23153434.535170577,0.4938083227438181,0.1198248020346584,0.00025148993715440326,0.07247436333518209,NONE,DIAGNOSTIC_ONLY,True,13,7.921314271186475e-09,HJB_CONVERGED,True,True,CONTINUED_TO_HOUSEHOLD_BATCH
17,22,四川,94830047.41899477,202587.44934513958,184796934.99920607,184796934.99920607,184999522.4485512,1.9508534212911846,0.0021363212911835014,1.948717100000001,1.948717100000001,832100.0,5836062.906188847,7.0136556978594475,5003962.906188847,18,广东,530951.8047404356,0.09097773846429727,7.320250999161003,4.664966143812052,0.6809757378125315,8.848423177466882,0.15702446334521417,0.09,0.08905179396994581,2.047455006160095,1.3,14.786308980207677,46021381.980413355,0.6150683026898295,0.11928137104570191,0.0001486956665561756,0.07270697659120073,NONE,DIAGNOSTIC_ONLY,True,14,1.535931382079525e-09,HJB_CONVERGED,True,True,CONTINUED_TO_HOUSEHOLD_BATCH
17,23,贵州,39447014.665611394,204650.7423524345,76871072.02282776,76871072.02282776,77075722.7651802,1.9539050906271058,0.005187990627104217,1.9487171000000014,1.9487171000000014,382200.0,5439075.925335906,14.230967884186045,5056875.925335906,18,广东,500847.3319240968,0.09208316611119295,7.324896899191827,4.661634783268608,0.6833267210675579,8.651939292801545,0.13040351579458398,0.09,0.0897878864352506,0.7814249777882771,0.8,14.422761601683682,16466933.908165019,0.42781088938292405,0.1189947206717914,0.00017921108457819024,0.07254083241050857,NONE,DIAGNOSTIC_ONLY,True,14,2.344754612693123e-09,HJB_CONVERGED,True,True,CONTINUED_TO_HOUSEHOLD_BATCH
17,24,云南,68611984.86091176,200584.79887414182,133705348.16339995,133705348.16339995,133905932.96227409,1.9516405659116896,0.002923465911688192,1.9487171000000012,1.9487171000000012,470300.0,5606127.977572267,11.920323150270608,5135827.977572267,18,广东,517572.73125087935,0.0923226749944824,7.332811895640934,4.658961020080234,0.6903645940584727,8.376374335825194,0.09598556854518207,0.09,0.08686391061951394,1.0231753600087985,1.0231753600087985,13.771807274018146,22396520.7274144,0.3839928644933753,0.11962036130937892,0.0002443010893147246,0.07259948121291537,NONE,DIAGNOSTIC_ONLY,True,14,2.3285253725191524e-09,HJB_CONVERGED,True,True,CONTINUED_TO_HOUSEHOLD_BATCH
17,25,西藏,6325734.326183821,204329.28004138914,12327066.651491396,12327066.651491396,12531395.931532785,1.9810183743667757,0.03230127436677484,1.948717100000001,1.948717100000001,35400.0,5428664.998454469,153.35211860040874,5393264.998454469,18,广东,481185.24242641067,0.08863785895121604,7.36033282613804,4.649671877432751,0.7164008753205403,7.493637914646028,0.0707423256440172,0.0707423256440172,0.07528790489236419,0.07779244801647943,0.8,11.691642770805506,1658480.1319231682,0.1647642481208608,0.1164234157341173,0.0004475255394102984,0.07109282609349532,NONE,DIAGNOSTIC_ONLY,True,27,2.8258013706761176e-09,HJB_CONVERGED,True,True,CONTINUED_TO_HOUSEHOLD_BATCH
17,26,陕西,73897910.2910824,198001.0911686715,144006121.43849832,144006121.43849832,144204122.529667,1.951396486878314,0.0026793868783129204,1.948717100000001,1.948717100000001,393100.0,5816609.385837471,14.796767707548897,5423509.385837471,18,广东,523061.77965589525,0.0899255468193323,7.314726758133597,4.671690435310387,0.681254376525488,9.143956701141754,0.10381235482750394,0.09,0.08397262999019915,1.13277875045788,1.13277875045788,15.177288930302575,25680001.722760104,0.412852637817166,0.11971622561450257,0.0002431656571757479,0.07259664950401201,NONE,DIAGNOSTIC_ONLY,True,16,1.9747528057223462e-09,HJB_CONVERGED,True,True,CONTINUED_TO_HOUSEHOLD_BATCH
17,27,甘肃,25177704.67938732,204887.27325153135,49064223.64747212,49064223.64747212,49269110.920723654,1.9568547470119337,0.008137647011932349,1.9487171000000014,1.9487171000000014,251500.0,5508271.204232701,21.90167476832088,5256771.204232701,18,广东,489213.869249635,0.0888144122013655,7.327424863610867,4.659923854250332,0.6847657024848127,8.547719476036564,0.10259112210414638,0.09,0.09,0.4046918126664606,0.8,14.223541733241625,8690662.58773404,0.3131103067636425,0.11872656820960614,0.00021371222130639467,0.07237849825817055,NONE,DIAGNOSTIC_ONLY,True,14,2.10485451290765e-09,HJB_CONVERGED,True,True,CONTINUED_TO_HOUSEHOLD_BATCH
17,28,青海,17578407.529567722,203067.30586483082,23396860.42185464,23396860.42185464,23599927.72771947,1.3425520877259935,0.01155208772599349,1.3310000000000002,1.3310000000000002,58700.0,5510786.72213589,93.88052337539847,5452086.72213589,18,广东,484060.3847191492,0.08783870781548507,5.706969569918023,1.7419426702367844,0.6904165696383264,8.711341924032618,0.05921815644393516,0.05921815644393516,0.0505474694301961,0.1265179207151971,0.8,12.901805444705033,2747261.6067075552,0.17038629150522536,8.620579178719723e-05,0.0002557751684150178,0.00026870207148643743,NONE,DIAGNOSTIC_ONLY,True,12,3.184919306065126e-08,HJB_CONVERGED,True,True,CONTINUED_TO_HOUSEHOLD_BATCH
17,29,宁夏,18640640.44456374,202969.4565220477,30020937.842374355,30020937.842374355,30223907.298896402,1.6213985452259903,0.010888545225989844,1.6105100000000003,1.6105100000000003,71000.0,5616117.071333796,79.10024044132106,5545117.071333796,18,广东,492370.3430819198,0.0876709542960052,6.10198987651432,1.691931968609716,0.6772780228814692,9.420903935031467,0.05899467668081271,0.05899467668081271,0.051968056091915835,0.1585615838841575,0.8,14.251188755368961,3509018.923116788,0.18041225947436001,0.0024526848708510407,0.00020799294368778476,0.0003364699684382799,NONE,DIAGNOSTIC_ONLY,True,12,4.1602665312723275e-08,HJB_CONVERGED,True,True,CONTINUED_TO_HOUSEHOLD_BATCH
17,30,新疆,49250553.031937115,200055.12329112526,95975394.87779275,95975394.87779275,96175450.00108387,1.9527790873478665,0.004061987347865862,1.948717100000001,1.948717100000001,252000.0,5136165.81813621,20.381610389429405,4884165.81813621,18,广东,451977.43749050377,0.08799899642930832,7.381026506638024,4.640805269704191,0.7192915522719304,7.056262730705131,0.0783446505703302,0.0783446505703302,0.08220157946659118,0.6823181989950374,0.8,11.05378340477185,13739497.421558132,0.30772481584446437,0.11909661628326584,0.00018693129727509472,0.07261053769560899,NONE,DIAGNOSTIC_ONLY,True,28,4.447109347438527e-11,HJB_CONVERGED,True,True,CONTINUED_TO_HOUSEHOLD_BATCH
18,0,北京,58719043.066994764,197522.0443913114,114426803.32028921,125869483.65231813,114624325.36468051,1.9520809498530367,0.0033638498530357704,1.9487171000000012,2.143588810000001,219200.0,5888322.989441735,26.862787360591856,5669122.989441735,18,广东,521956.2099992478,0.08864259160632998,7.320558426320785,4.674449965708937,0.6875031690809328,9.112399839454568,0.2032475000141586,0.09,0.0784660549104959,1.576613214764829,1.3,14.882038419377372,35510537.587361485,0.6741430875856981,0.04448955574855251,2.9899934490540403e-06,0.07263147427540284,HIGH_RA_INCREASE_1P1,DIAGNOSTIC_ONLY,True,26,8.322231792590173e-11,HJB_CONVERGED,True,True,CONTINUED_TO_HOUSEHOLD_BATCH
18,1,天津,64593598.72309723,200665.90245315264,114431500.3474889,114431500.3474889,114632166.24994205,1.7746675911548515,0.0031065911548507513,1.7715610000000008,1.7715610000000008,138300.0,5484569.533140188,39.6570465158365,5346269.533140188,18,广东,484136.0943448319,0.08827239611412857,3.031640065756351,2.0256844088140893,0.694804021753439,9.900933710652872,0.0593694509940261,0.0593694509940261,0.04751148351901734,0.6184770838775254,0.8,14.702697231008415,13368237.788187478,0.2585393396931767,0.005186446575791592,0.0004739948017586926,0.00039944833737259877,NONE,DIAGNOSTIC_ONLY,True,12,1.6521604528918488e-08,HJB_CONVERGED,True,True,CONTINUED_TO_HOUSEHOLD_BATCH
18,2,河北,113705229.18254791,197011.78397776032,221579324.46745026,243737256.9141953,221776336.251428,1.9504497536817544,0.00173265368175344,1.948717100000001,2.143588810000001,742600.0,5923031.18405061,7.976072157353367,5180431.18405061,18,广东,526769.8883320169,0.08893586273030094,7.314822675759709,4.669897048660849,0.6796346935209682,9.100283052305107,0.08869904807707044,0.08869904807707044,0.08636797546887172,1.5028611688239257,1.3,15.185688920043402,34857706.933952674,0.4059374296998554,0.0445420278649824,3.2247809327312638e-06,0.07272306580024601,HIGH_RA_INCREASE_1P1,DIAGNOSTIC_ONLY,True,13,1.6758818777162787e-08,HJB_CONVERGED,True,True,CONTINUED_TO_HOUSEHOLD_BATCH
18,3,山西,53478727.38884524,201185.52780099763,104214910.54888114,114636401.60376927,104416096.07668214,1.9524790729867212,0.003761972986719978,1.9487171000000012,2.1435888100000016,350200.0,5469635.228781609,15.618604308342686,5119435.228781609,18,广东,485505.7477675632,0.08876382564102218,7.317173239151948,4.6684591642406845,0.681091152088847,9.000115976026889,0.09357329693837955,0.09,0.08639601763019036,0.7999058582209514,0.8,14.987576442347596,17115448.012434945,0.354872637355641,0.044715781691531786,2.2299220428179112e-05,0.07252417345642304,HIGH_RA_INCREASE_1P1,DIAGNOSTIC_ONLY,True,13,7.680802971421485e-08,HJB_CONVERGED,True,True,CONTINUED_TO_HOUSEHOLD_BATCH
18,4,内蒙古,82165502.99427319,195261.1697833759,132328364.22730699,132328364.22730699,132523625.39709036,1.6128864373449654,0.0023764373449644107,1.610510000000001,1.610510000000001,242200.0,5416420.313908297,22.363419958333182,5174220.313908297,18,广东,477390.2813946069,0.08813759895419546,6.08047976209955,1.6943400698321744,0.6771353377649121,9.451342804134342,0.0630582921384653,0.0630582921384653,0.051889247796902224,0.7564345051428119,0.8,14.30191453537098,16130692.185017835,0.28121436164581665,0.0014073763537898465,3.7359064006814435e-06,0.0006262276332129613,NONE,DIAGNOSTIC_ONLY,True,12,4.152242150112784e-08,HJB_CONVERGED,True,True,CONTINUED_TO_HOUSEHOLD_BATCH
18,5,辽宁,90061052.78222083,195445.14094594016,175503513.60071638,193053864.96078804,175698958.74166232,1.9508872405314308,0.0021701405314298464,1.948717100000001,2.143588810000001,429100.0,5695623.829009838,13.273418385014772,5266523.829009838,18,广东,503144.0275749233,0.0883387040085463,7.3332434731696035,4.664153902808089,0.693429338359662,8.509284800474896,0.07883087148883619,0.07883087148883619,0.08170901931491378,1.1283234288251773,1.1283234288251773,13.834948252581867,25217851.568985425,0.3523520017366727,0.04475802597709855,2.4981879718888322e-05,0.07262081065844739,HIGH_RA_INCREASE_1P1,DIAGNOSTIC_ONLY,True,41,1.1279643885586665e-10,HJB_CONVERGED,True,True,CONTINUED_TO_HOUSEHOLD_BATCH
18,6,吉林,66308917.7271201,198018.17022708815,97082886.44427659,97082886.44427659,97280904.61450368,1.4670862977260772,0.002986297726076435,1.4641000000000006,1.4641000000000006,248400.0,5371753.187950394,21.625415410428317,5123353.187950394,18,广东,470235.79252028535,0.08753860724187609,6.056909257991737,1.701899499559779,0.6864163144856738,8.765137364954576,0.05870991538991343,0.05870991538991343,0.05153125107028395,0.5317530554975473,0.8,13.053124599056867,11256093.24377234,0.24706701680869284,0.0002701324124325666,3.233042826567001e-06,0.00020377506018753877,NONE,DIAGNOSTIC_ONLY,True,12,1.8584236372021223e-08,HJB_CONVERGED,True,True,CONTINUED_TO_HOUSEHOLD_BATCH
18,7,黑龙江,58424879.89838116,199657.49842719562,113853562.5234217,113853562.5234217,114053220.0218489,1.9521344369080869,0.0034173369080854154,1.9487171000000014,1.9487171000000014,332700.0,5253229.649439723,15.789689358099558,4920529.649439723,18,广东,458247.21046309976,0.08723152061550812,7.598208839441154,1.6657803002920772,0.6726315820774587,8.01775015053282,0.0624044410249124,0.0624044410249124,0.06709565708134035,0.666162582319993,0.8,12.1207037744396,13779378.547874616,0.27052475429127637,0.044509869937557456,1.5089331044659815e-06,0.07261733140346527,NONE,DIAGNOSTIC_ONLY,True,15,3.5350868898831322e-09,HJB_CONVERGED,True,True,CONTINUED_TO_HOUSEHOLD_BATCH
18,8,上海,66125294.30800852,196609.81512531012,128859491.76054893,141745440.93660384,129056101.57567425,1.9516903920992317,0.0029732920992307545,1.948717100000001,2.143588810000001,247500.0,5888378.730976153,23.791429216065264,5640878.730976153,18,广东,534037.0830754886,0.09069339923163501,7.320457292599379,4.674435203126867,0.6874282245025592,9.113706390195873,0.19516183633716733,0.09,0.07851482412131788,1.71221702196653,1.3,14.88675974012646,38628224.12540976,0.6718701964441821,0.044496669762816854,3.3938185077797556e-06,0.07265463335378297,HIGH_RA_INCREASE_1P1,DIAGNOSTIC_ONLY,True,25,3.1673983880153855e-08,HJB_CONVERGED,True,True,CONTINUED_TO_HOUSEHOLD_BATCH
18,9,江苏,203535217.25929242,181151.04313282704,396632558.3253985,436295814.15793836,396813709.36853135,1.9496071230907082,0.0008900230907069551,1.9487171000000012,2.143588810000001,844600.0,5772958.16122183,6.835138717998852,4928358.16122183,18,广东,519493.83133272873,0.0899874582189557,7.311489539974891,4.676825174967897,0.6814290467716342,9.384461361001664,0.15899288394600547,0.09,0.08032263786200151,4.487694133808684,1.3,15.500865733616205,99990366.88492396,0.7630311685381342,0.0445580380945807,5.1941512837494486e-06,0.07277053464442784,HIGH_RA_INCREASE_1P1,DIAGNOSTIC_ONLY,True,16,2.7518298750806025e-10,HJB_CONVERGED,True,True,CONTINUED_TO_HOUSEHOLD_BATCH
18,10,浙江,124249656.20818298,192609.25395485817,242127429.72200742,266340172.69420817,242320038.97596228,1.9502672793713798,0.0015501793713790018,1.9487171000000008,2.143588810000001,627300.0,5826432.521964522,9.288111783778929,5199132.521964522,18,广东,529597.2216923909,0.0908956243285942,7.314575307065601,4.672355871008937,0.6816054761027786,9.166280011317616,0.16263021713198195,0.09,0.08327902455872586,2.769002543917573,1.3,15.193289042745556,62221615.19582296,0.6816703361094302,0.0445382231171263,4.454190024150151e-06,0.07273468170196895,HIGH_RA_INCREASE_1P1,DIAGNOSTIC_ONLY,True,16,1.2719425512841553e-10,HJB_CONVERGED,True,True,CONTINUED_TO_HOUSEHOLD_BATCH
18,11,安徽,70182433.35888097,202994.08038169498,136765708.00606185,150442278.80666804,136968702.08644354,1.9516094773466752,0.0028923773466741427,1.948717100000001,2.143588810000001,607600.0,5942876.490514473,9.7809027164491,5335276.490514473,18,广东,538095.091022401,0.09054455226879841,7.313308267702359,4.669500560466195,0.6765443625201925,9.155043993592711,0.16991889367148144,0.09,0.08894614258392002,1.5940889016203699,1.3,15.393959103538732,36482214.78326662,0.6058143266753783,0.04449777745303929,3.347670856967966e-06,0.07266243419805463,HIGH_RA_INCREASE_1P1,DIAGNOSTIC_ONLY,True,13,8.002412199559217e-08,HJB_CONVERGED,True,True,CONTINUED_TO_HOUSEHOLD_BATCH
18,12,福建,87795538.11850408,195539.65931861926,171088666.43523082,188197533.07875392,171284206.09454945,1.9509443163655378,0.0022272163655365383,1.9487171000000012,2.1435888100000016,410400.0,5866108.732077105,14.293637261396455,5455708.732077105,18,广东,543841.6199143674,0.09270909298706452,7.3207623717067944,4.6700159325491395,0.6859557010821102,8.950263470694843,0.15165060398169286,0.09,0.08218752597385318,1.8302748057800238,1.3,14.720983539067904,41500375.87079192,0.5863045988678325,0.044514261764946106,3.77965619624554e-06,0.07269929721493384,HIGH_RA_INCREASE_1P1,DIAGNOSTIC_ONLY,True,14,5.0566884013392155e-09,HJB_CONVERGED,True,True,CONTINUED_TO_HOUSEHOLD_BATCH
18,13,江西,51050047.92908307,203688.1736902252,99482101.35522382,109430311.49074621,99685789.52891405,1.9527070702733529,0.003989970273351783,1.948717100000001,2.1435888100000016,451300.0,5789792.565924671,12.829143731275582,5338492.565924671,18,广东,530983.621319711,0.09171030140954785,7.31650474689474,4.667342248205167,0.6784908849369442,9.011641331647642,0.1532402421653046,0.09,0.08910977538704216,1.0889551086389693,1.0889551086389693,15.113796015046082,24362232.07778464,0.5149818849112532,0.0447850545350319,1.2396837096417812e-05,0.07244655108773967,HIGH_RA_INCREASE_1P1,DIAGNOSTIC_ONLY,True,14,5.001923319980506e-10,HJB_CONVERGED,True,True,CONTINUED_TO_HOUSEHOLD_BATCH
18,14,山东,210016973.07581103,183114.59936269996,409263666.7230727,450190033.39538,409446781.3224354,1.9495890038117778,0.0008719038117771558,1.9487171000000008,2.143588810000001,1007700.0,5820082.797941424,5.775610596349533,4812382.797941424,18,广东,518112.15454137186,0.08902144050676208,7.310930036450667,4.675007243872578,0.6798220457154037,9.33660825472859,0.10131563964715574,0.09,0.0825672473260853,3.1454723188165907,1.3,15.501964883359676,71498983.16533089,0.5320019357761058,0.044566007925194606,4.698190110952183e-06,0.07277064085575158,HIGH_RA_INCREASE_1P1,DIAGNOSTIC_ONLY,False,100,0.03776767727515207,HJB_NONCONVERGED_DIAGNOSTIC_ONLY,True,True,CONTINUED_TO_HOUSEHOLD_BATCH
18,15,河南,168320556.01470312,190999.8328644071,328009145.78736,360810060.366096,328200145.6202244,1.9498518386046413,0.0011347386046403204,1.948717100000001,2.143588810000001,986400.0,5883490.4329223335,5.964609116912341,4897090.4329223335,18,广东,527674.7385438309,0.08968736238459973,7.309581661842323,4.673837870858801,0.6772153563838872,9.343872173291338,0.09307096737516576,0.09,0.08516480193938411,2.327247272878352,1.3,15.623382237957772,53569188.68829515,0.46794655168265215,0.04455239471269978,4.2221199871850246e-06,0.07275905086911716,HIGH_RA_INCREASE_1P1,DIAGNOSTIC_ONLY,True,13,6.0697087356231805e-09,HJB_CONVERGED,True,True,CONTINUED_TO_HOUSEHOLD_BATCH
18,16,湖北,101805153.6623069,196377.4661899305,198389443.80986524,218228388.19085178,198585821.27605516,1.95064605407674,0.0019289540767388356,1.9487171000000014,2.1435888100000016,591700.0,5913535.739273809,9.994145241294252,5321835.739273809,18,广东,538774.7226964477,0.09110872859332886,7.310608198531232,4.67328511516968,0.6779336343403641,9.300075143608167,0.14010948832959888,0.09,0.0850676570917851,1.9674649646941553,1.3,15.53214332409306,45077704.721420966,0.569781965227948,0.044523574704315116,3.924047728087743e-06,0.07271678457524544,HIGH_RA_INCREASE_1P1,DIAGNOSTIC_ONLY,True,13,3.8537466551247235e-09,HJB_CONVERGED,True,True,CONTINUED_TO_HOUSEHOLD_BATCH
18,17,湖南,93791807.14892803,199403.3716888584,182773698.43101844,201051068.2741203,182973101.8027073,1.950843121213904,0.002126021213902343,1.9487171000000014,2.143588810000002,663500.0,5921422.818674047,8.924525725205797,5257922.818674047,18,广东,545674.0673869951,0.09215252551568089,7.31413849911941,4.66982972336251,0.6785852560967817,9.122004869580172,0.12958993908794,0.09,0.08717463297438365,1.6950260147778096,1.3,15.260197323625821,38971146.58762649,0.5231013398443397,0.0445154857599348,3.717006741732476e-06,0.07270763556061532,HIGH_RA_INCREASE_1P1,DIAGNOSTIC_ONLY,True,13,2.9377934751551038e-08,HJB_CONVERGED,True,True,CONTINUED_TO_HOUSEHOLD_BATCH
18,18,广东,191259406.86816654,191364.11142868252,372710476.6998537,409981524.36983913,372901840.8112824,1.9497176474479,0.0010005474478993243,1.9487171000000008,2.143588810000001,1234800.0,5709328.259208101,4.62368663687083,4474528.259208101,18,广东,537973.6234031445,0.09422713128037288,7.320368123530841,4.666661085332384,0.6831875826332109,8.86997862969403,0.18610285186916473,0.09,0.08624627830685079,4.892575976950463,1.3,14.723520941001699,107218346.97266196,0.8590859503047907,0.04454255523391182,5.4708358725452655e-06,0.07277134842555677,HIGH_RA_INCREASE_1P1,DIAGNOSTIC_ONLY,True,13,8.930924000338791e-09,HJB_CONVERGED,True,True,CONTINUED_TO_HOUSEHOLD_BATCH
18,19,广西,67306708.83876626,201306.5547616971,131161734.45882504,144277907.90470755,131363041.01358673,1.9517079839435902,0.0029908839435891675,1.9487171000000012,2.1435888100000016,494700.0,5577633.144874239,11.27477894658225,5082933.144874239,18,广东,522013.3533482997,0.09359047821709501,7.32993196020109,4.660065816467049,0.6881680393085574,8.47313373694225,0.09092998898225017,0.09,0.08753828464441482,0.9643107854875161,0.9643107854875161,13.987142751542002,21052275.341776412,0.36657858080171335,0.044730945697982305,2.4490901474272242e-05,0.07257437623046958,HIGH_RA_INCREASE_1P1,DIAGNOSTIC_ONLY,True,13,1.8977542204368092e-08,HJB_CONVERGED,True,True,CONTINUED_TO_HOUSEHOLD_BATCH
18,20,海南,14673330.466888333,203889.81665979515,28594169.99477629,31453586.994253922,28798059.811436087,1.9626123650947176,0.013895265094716605,1.9487171000000008,2.143588810000001,98200.0,5504396.202850913,56.05291448931683,5406196.202850913,18,广东,512929.51136021945,0.0931854271490406,7.341468308055212,4.654367981124418,0.6956491615647467,8.073281221700391,0.10723567000965968,0.09,0.08662150586087128,0.24519575628397106,0.8,13.168436092060466,5264605.686862596,0.2819826290106127,0.04412604907510387,1.4965225727525677e-06,0.07206827679609762,HIGH_RA_INCREASE_1P1,DIAGNOSTIC_ONLY,True,13,1.2166939455937609e-08,HJB_CONVERGED,True,True,CONTINUED_TO_HOUSEHOLD_BATCH
18,21,重庆,50663834.63130832,201068.9930200085,98729480.89760277,108602428.98736306,98930549.89062278,1.952685788799087,0.003968688799085798,1.948717100000001,2.1435888100000016,316300.0,5717134.152528509,18.075036840115423,5400834.152528509,18,广东,521814.3869087742,0.0912720207340232,7.319314952925714,4.667548573942577,0.6827900063784921,8.918686210671414,0.14541517051527555,0.09,0.0858834642103999,1.046391632018183,1.046391632018183,14.806099069641851,23153106.773080073,0.4938083227438181,0.04477044671751629,1.4156089456429655e-05,0.0724591812921549,HIGH_RA_INCREASE_1P1,DIAGNOSTIC_ONLY,True,13,7.931947987316335e-09,HJB_CONVERGED,True,True,CONTINUED_TO_HOUSEHOLD_BATCH
18,22,四川,94830047.41899477,202558.8319878159,184796934.99920607,203276628.4991267,184999493.8311939,1.9508531195159762,0.0021360195159750885,1.948717100000001,2.1435888100000016,832100.0,5836156.580176007,7.013768273255627,5004056.580176007,18,广东,530966.9581420502,0.09097887468365992,7.320266181524479,4.66495650926463,0.6809856311731045,8.847770309741678,0.15655359832118093,0.09,0.0890517870735532,2.042125509131903,1.3,14.785008066307418,46021570.19059675,0.6150683026898295,0.04450895649723696,4.089624763503608e-06,0.07271136356021612,HIGH_RA_INCREASE_1P1,DIAGNOSTIC_ONLY,True,14,1.53822687920524e-09,HJB_CONVERGED,True,True,CONTINUED_TO_HOUSEHOLD_BATCH
18,23,贵州,39447014.665611394,204622.12926093544,76871072.02282776,84558179.22511055,77075694.1520887,1.9539043652720507,0.005187265272049047,1.9487171000000014,2.1435888100000016,382200.0,5439128.34366862,14.231105033146573,5056928.34366862,18,广东,500861.3985438639,0.09208486487120462,7.324912508981665,4.661624893903671,0.6833366869440501,8.65129432435639,0.13008343834798214,0.09,0.08978788489204222,0.7798077080581539,0.8,14.421481142892333,16466970.959891789,0.42781088938292405,0.044415558618575046,2.250068347642298e-06,0.07254324570068715,HIGH_RA_INCREASE_1P1,DIAGNOSTIC_ONLY,True,14,2.3420243522309647e-09,HJB_CONVERGED,True,True,CONTINUED_TO_HOUSEHOLD_BATCH
18,24,云南,68611984.86091176,200556.17645654274,133705348.16339995,147075882.97973996,133905904.33985649,1.9516401487481625,0.0029230487481611916,1.9487171000000012,2.1435888100000016,470300.0,5605623.563339156,11.919250613096228,5135323.563339156,18,广东,517535.80698198004,0.09232439551715,7.332828649424476,4.658951518828777,0.6903746829057988,8.375755861548454,0.09598542819470114,0.09,0.08686388783175282,1.0218222613211287,1.0218222613211287,13.770589615040972,22395989.39951125,0.3839928644933753,0.04473772683399413,2.3723680549037063e-05,0.07257403520546601,HIGH_RA_INCREASE_1P1,DIAGNOSTIC_ONLY,True,14,2.31511521064931e-09,HJB_CONVERGED,True,True,CONTINUED_TO_HOUSEHOLD_BATCH
18,25,西藏,6325734.326183821,204300.66613269123,12327066.651491396,13559773.316640537,12531367.317624087,1.9810138509538053,0.03229675095380451,1.948717100000001,2.143588810000001,35400.0,5428745.415366876,153.35439026460102,5393345.415366876,18,广东,481198.71956494456,0.08863902849502568,7.3603502545131825,4.649660870316447,0.7164094679120366,7.49305297383077,0.07074412082384282,0.07074412082384282,0.07528998388410015,0.07772207966657942,0.8,11.690615101675194,1658483.7711936045,0.1647642481208608,0.043510868957356674,2.1943406895985618e-06,0.07109517643606589,HIGH_RA_INCREASE_1P1,DIAGNOSTIC_ONLY,True,27,2.806918697473293e-09,HJB_CONVERGED,True,True,CONTINUED_TO_HOUSEHOLD_BATCH
18,26,陕西,73897910.2910824,197972.46410994077,144006121.43849832,158406733.58234817,144204093.90260825,1.9513960994917339,0.002678999491733003,1.948717100000001,2.143588810000001,393100.0,5816136.354307769,14.79556437117214,5423036.354307769,18,广东,523028.90034851065,0.08992720742544577,7.314742130012121,4.6716817017833,0.681263852526248,9.143317887021103,0.10381284729467566,0.09,0.08397258624743337,1.1310852141842487,1.1310852141842487,15.17601895388134,25679450.977045134,0.412852637817166,0.044762086621761954,2.1446482789011512e-05,0.07257364607842876,HIGH_RA_INCREASE_1P1,DIAGNOSTIC_ONLY,True,16,2.1206614242430533e-09,HJB_CONVERGED,True,True,CONTINUED_TO_HOUSEHOLD_BATCH
18,27,甘肃,25177704.67938732,204858.66066409368,49064223.64747212,53970646.01221934,49269082.30813622,1.9568536105863619,0.008136510586360519,1.9487171000000014,2.1435888100000016,251500.0,5508309.9786504535,21.901828940956076,5256809.9786504535,18,广东,489227.50432311854,0.08881626237798988,7.327439899794058,4.659914399646519,0.6847753526539772,8.547106619182902,0.10259447476990571,0.09,0.09,0.40407997435578463,0.8,14.222325504287744,8690674.884940607,0.3131103067636425,0.044324598138136606,1.4149906804039603e-06,0.0723800156637513,HIGH_RA_INCREASE_1P1,DIAGNOSTIC_ONLY,True,14,2.10133022093828e-09,HJB_CONVERGED,True,True,CONTINUED_TO_HOUSEHOLD_BATCH
18,28,青海,17578407.529567722,203039.3332758797,23396860.42185464,23396860.42185464,23599899.755130522,1.3425504964220656,0.011550496422065414,1.3310000000000002,1.3310000000000002,58700.0,5510888.789909694,93.8822621790408,5452188.789909694,18,广东,484075.1324095299,0.08783975704533539,5.70496269225943,1.7421731140238608,0.6904402756037367,8.710884168932251,0.059218534601539204,0.059218534601539204,0.05054301079375769,0.1265214044778008,0.8,12.900706020586313,2747272.529801874,0.17038629150522536,1.477348357226127e-05,3.975993509985898e-06,0.0002647271463340761,NONE,DIAGNOSTIC_ONLY,True,12,3.188087971395248e-08,HJB_CONVERGED,True,True,CONTINUED_TO_HOUSEHOLD_BATCH
18,29,宁夏,18640640.44456374,202941.03572113652,30020937.842374355,30020937.842374355,30223878.878095493,1.621397020557297,0.010887020557296422,1.6105100000000003,1.6105100000000003,71000.0,5616211.958717304,79.10157688334232,5545211.958717304,18,广东,492385.3893951962,0.08767215215781367,6.1013796620840255,1.6920200039351168,0.6772932494770226,9.420270891232386,0.05899502153934794,0.05899502153934794,0.051965226114021316,0.15856512034198333,0.8,14.249888360118513,3509032.0151118515,0.18041225947436001,0.0009617792486193988,3.7309559597353825e-06,0.00033274026783336463,NONE,DIAGNOSTIC_ONLY,True,12,4.138370313100381e-08,HJB_CONVERGED,True,True,CONTINUED_TO_HOUSEHOLD_BATCH
18,30,新疆,49250553.031937115,200026.5127273385,95975394.87779275,105572934.36557204,96175421.39052008,1.952778506429237,0.0040614064292360105,1.948717100000001,2.143588810000001,252000.0,5136210.7499403255,20.381788690239386,4884210.7499403255,18,广东,451990.2286457284,0.08800071699763873,7.381023415545798,4.640798136358519,0.7193050104240867,7.05588528914452,0.07834654537541086,0.07834654537541086,0.08219193287556746,0.6816340105126976,0.8,11.052857583107167,13739525.884411085,0.30772481584446437,0.044452069087083323,2.0716080129101755e-06,0.07261275972419368,HIGH_RA_INCREASE_1P1,DIAGNOSTIC_ONLY,True,27,9.308223658521797e-08,HJB_CONVERGED,True,True,CONTINUED_TO_HOUSEHOLD_BATCH
19,0,北京,58719043.066994764,194481.43317554807,125869483.65231813,125869483.65231813,126063965.08549368,2.1469008774830094,0.0033120674830081423,2.143588810000001,2.143588810000001,219200.0,5883896.531181519,26.842593664149266,5664696.531181519,18,广东,522013.97478139686,0.08871909490845067,7.320633886126322,4.674442110042223,0.6875537475587283,9.110690109115069,0.18224649132943394,0.09,0.07844433749545876,1.5756040448521216,1.3,14.877716355144642,35507076.07242531,0.6284945983345336,0.1197058772159314,9.747852810326751e-05,0.07252691573809322,NONE,DIAGNOSTIC_ONLY,True,26,6.015410392024023e-11,HJB_CONVERGED,True,True,CONTINUED_TO_HOUSEHOLD_BATCH
19,1,天津,64593598.72309723,200644.68925035227,114431500.3474889,114431500.3474889,114632145.03673925,1.7746672627445566,0.003106262744555928,1.7715610000000008,1.7715610000000008,138300.0,5480644.618537816,39.62866680070728,5342344.618537816,18,广东,484199.90515810816,0.0883472545401581,0.8484713111400926,2.173748166858893,0.706661428764912,9.999729076352612,0.05935331534823482,0.05935331534823482,0.04321412261814299,0.6189522202495993,0.8,14.679399418281193,13365729.72554266,0.2585393396931767,0.0027855794067592754,0.00018761355719099093,0.00021175983825827416,NONE,DIAGNOSTIC_ONLY,True,12,9.461611494288036e-09,HJB_CONVERGED,True,True,CONTINUED_TO_HOUSEHOLD_BATCH
19,2,河北,113705229.18254791,193971.3684878942,243737256.9141953,243737256.9141953,243931228.2826832,2.145294724230001,0.001705914229999775,2.143588810000001,2.143588810000001,742600.0,5918616.062403447,7.9701266663122095,5176016.062403447,18,广东,526828.1910679617,0.0890120571284406,7.31471071855721,4.670820260947297,0.6804701918485302,9.122832109110561,0.0783623375794688,0.0783623375794688,0.08511414806890027,1.5020109254566594,1.3,15.1811965683057,34853643.32218179,0.37841773207051166,0.11981876027705529,0.00011657713970059103,0.07259801081354422,NONE,DIAGNOSTIC_ONLY,True,13,5.290706539540224e-09,HJB_CONVERGED,True,True,CONTINUED_TO_HOUSEHOLD_BATCH
19,3,山西,53478727.38884524,198144.96627963692,114636401.60376927,114636401.60376927,114834546.57004891,2.1472939274542546,0.0037051174542527842,2.1435888100000016,2.1435888100000016,350200.0,5464276.136397255,15.603301360357666,5114076.136397255,18,广东,485445.93912858446,0.08883993542988333,7.317224895622163,4.668432703910026,0.6811284613326631,8.998033725482795,0.08280984599007711,0.08280984599007711,0.08638920877267649,0.7996936207433434,0.8,14.983175814917983,17114205.047333628,0.33087612022020274,0.12003260459839904,7.262241107641731e-05,0.07244628416500887,NONE,DIAGNOSTIC_ONLY,True,13,7.731374340735897e-08,HJB_CONVERGED,True,True,CONTINUED_TO_HOUSEHOLD_BATCH
19,4,内蒙古,82165502.99427319,192233.7439219608,132328364.22730699,132328364.22730699,132520597.97122896,1.6128495918836576,0.0023395918836565657,1.610510000000001,1.610510000000001,242200.0,5412311.292772358,22.34645455314764,5170111.292772358,18,广东,477443.15334853576,0.0882142817590919,6.072174107738365,1.6953542536183168,0.6772434744415736,9.45001968932635,0.06304132240932918,0.06304132240932918,0.05185412266727394,0.7568431360097955,0.8,14.297672001949348,16127214.380915975,0.28121436164581665,0.001299226942830689,0.00021560166556833238,0.0008416942830605789,NONE,DIAGNOSTIC_ONLY,True,12,4.0340394136251234e-08,HJB_CONVERGED,True,True,CONTINUED_TO_HOUSEHOLD_BATCH
19,5,辽宁,90061052.78222083,192408.78352106057,193053864.96078804,193053864.96078804,193246273.7443091,2.145725236097377,0.002136426097375629,2.143588810000001,2.143588810000001,429100.0,5690196.165964155,13.260769438275823,5261096.165964155,18,广东,503102.29906714236,0.08841563355520907,7.329988632663177,4.669900191613147,0.6996684257521648,8.684671594605874,0.06939571710898387,0.06939571710898387,0.07228878160031173,1.1279695318102791,1.1279695318102791,13.831084539240889,25215504.13902645,0.32849633182147114,0.12011515279677853,9.308604075775051e-05,0.07252096463394864,NONE,DIAGNOSTIC_ONLY,True,24,3.8476839492318504e-09,HJB_CONVERGED,True,True,CONTINUED_TO_HOUSEHOLD_BATCH
19,6,吉林,66308917.7271201,194985.50622477542,97082886.44427659,97082886.44427659,97277871.95050137,1.4670405623392504,0.0029405623392496885,1.4641000000000006,1.4641000000000006,248400.0,5367646.856600283,21.608884285830445,5119246.856600283,18,广东,470287.874575345,0.08761527856421095,6.0499393637407355,1.7026925348486355,0.6865060834011344,8.763749397496856,0.058693840524318364,0.058693840524318364,0.05150599433710727,0.5320386493562257,0.8,13.049390736116912,11253580.089962289,0.24706701680869284,0.0008419317696026773,0.00022327052162973704,1.9540958406172315e-05,NONE,DIAGNOSTIC_ONLY,True,12,1.8634918053095362e-08,HJB_CONVERGED,True,True,CONTINUED_TO_HOUSEHOLD_BATCH
19,7,黑龙江,58424879.89838116,196953.58919278937,113853562.5234217,113853562.5234217,114050516.1126145,1.9520881568089388,0.0033710568089374295,1.9487171000000014,1.9487171000000014,332700.0,5249173.030355774,15.777496334102116,4916473.030355774,18,广东,458297.9207270037,0.08730859472086056,7.106442338519766,1.6257944718627413,0.6816547566615265,8.109889464065041,0.05649058117044023,0.05649058117044023,0.05892402192006451,0.6120893576397962,0.8,12.117378144557023,12843676.337808492,0.25220994139383196,0.018102919826450625,0.06790598043410678,0.00021980011610234218,NONE,DIAGNOSTIC_ONLY,True,12,6.101883442966027e-08,HJB_CONVERGED,True,True,CONTINUED_TO_HOUSEHOLD_BATCH
19,8,上海,66125294.30800852,193569.19183187225,141745440.93660384,141745440.93660384,141939010.12843573,2.146516119342932,0.0029273093429306495,2.143588810000001,2.143588810000001,247500.0,5884109.592666045,23.77418017238806,5636609.592666045,18,广东,534096.1972428933,0.0907692470426776,7.320535124834958,4.674425921580665,0.6874802204097693,9.111893755894105,0.17490256101585053,0.09,0.07849319808917271,1.7110919249748526,1.3,14.882239535018414,38624490.02748861,0.6263620885536099,0.11970226117030092,9.666760524695839e-05,0.07255094239911952,NONE,DIAGNOSTIC_ONLY,True,27,8.464118295137268e-11,HJB_CONVERGED,True,True,CONTINUED_TO_HOUSEHOLD_BATCH
19,9,江苏,203535217.25929242,178110.28668419685,436295814.15793836,436295814.15793836,436473924.4446226,2.14446389338401,0.0008750833840086473,2.143588810000001,2.143588810000001,844600.0,5768733.690251471,6.830136976381092,4924133.690251471,18,广东,519551.39932211774,0.09006333577161012,7.311557653204076,4.67680834828071,0.6814788392442078,9.382359822319662,0.14204429591176984,0.09,0.08030440192599522,4.484803587000182,1.3,15.495903643666571,99977946.61186719,0.7112715570539441,0.11986027343750072,0.000124214696312408,0.07263728077825404,NONE,DIAGNOSTIC_ONLY,True,16,2.8877833457841007e-10,HJB_CONVERGED,True,True,CONTINUED_TO_HOUSEHOLD_BATCH
19,10,浙江,124249656.20818298,189568.61826675577,266340172.69420817,266340172.69420817,266529741.31247494,2.1451145173866606,0.001525707386659722,2.143588810000001,2.143588810000001,627300.0,5822210.954120247,9.281382040682683,5194910.954120247,18,广东,529655.8780231313,0.09097160549435362,7.3146350790975285,4.6723332994276685,0.6816498552133707,9.16412514010113,0.1453539323559702,0.09,0.08326634372702235,2.7672211496274386,1.3,15.188493269500208,62214466.83054471,0.6354510092168478,0.11980449278882,0.00011488556277028383,0.07261143997435826,NONE,DIAGNOSTIC_ONLY,True,16,4.848574874927181e-10,HJB_CONVERGED,True,True,CONTINUED_TO_HOUSEHOLD_BATCH
19,11,安徽,70182433.35888097,199953.53167659885,150442278.80666804,150442278.80666804,150642232.33834463,2.146437863845913,0.0028490538459122338,2.143588810000001,2.143588810000001,607600.0,5938562.682257014,9.773802966189951,5330962.682257014,18,广东,538154.6538999383,0.09062035423282033,7.313359706389609,4.669467558637814,0.676579915703528,9.152696565222998,0.15198612514994028,0.09,0.0889441494038799,1.5930836614354398,1.3,15.389192679159015,36478549.22502005,0.5647763055376298,0.11970929721123547,0.00010047521150635674,0.0725546582131038,NONE,DIAGNOSTIC_ONLY,True,13,8.064324630296937e-08,HJB_CONVERGED,True,True,CONTINUED_TO_HOUSEHOLD_BATCH
19,12,福建,87795538.11850408,192499.0388393464,188197533.07875392,188197533.07875392,188390032.11759326,2.1457813933927876,0.0021925833927860473,2.1435888100000016,2.1435888100000016,410400.0,5861915.967575294,14.283420973624011,5451515.967575294,18,广东,543901.8313657498,0.09278567525947115,7.320829058145534,4.669995800000082,0.6860030287448065,8.948165215783284,0.1353946510625421,0.09,0.08217279257996585,1.8291199111651817,1.3,14.716236818552579,41495973.059520304,0.546569388448435,0.11974289106133607,0.0001060908769916491,0.07258549360574396,NONE,DIAGNOSTIC_ONLY,True,15,1.4385442614894828e-08,HJB_CONVERGED,True,True,CONTINUED_TO_HOUSEHOLD_BATCH
19,13,江西,51050047.92908307,200647.62976426628,109430311.49074621,109430311.49074621,109630959.12051047,2.1475192202131903,0.0039304102131892,2.1435888100000016,2.1435888100000016,451300.0,5782690.841915097,12.813407582351202,5331390.841915097,18,广东,530772.5049210105,0.09178642252042486,7.316556850766146,4.667309111242233,0.6785262590064205,9.00933269205482,0.13686402938174017,0.09,0.08910809157085593,1.0888988799400017,1.0888988799400017,15.10912928996673,24360436.450950045,0.480193520496595,0.12032503055682131,7.370534969297626e-05,0.07236750603966469,NONE,DIAGNOSTIC_ONLY,True,14,4.959859190023508e-10,HJB_CONVERGED,True,True,CONTINUED_TO_HOUSEHOLD_BATCH
19,14,山东,210016973.07581103,180073.88907547676,450190033.39538,450190033.39538,450370107.2844555,2.1444462354091867,0.000857425409185735,2.143588810000001,2.143588810000001,1007700.0,5815754.033979871,5.771314909179192,4808054.033979871,18,广东,518169.5470322977,0.08909756912083519,7.310988774143722,4.674986465932696,0.6798666376064604,9.334493598489235,0.08982552221693266,0.08982552221693266,0.08255322778283715,3.1436238616875722,1.3,15.49717336550534,71489926.02858882,0.4959139591588065,0.11987823094490602,0.00012667504265240215,0.07263474758906496,NONE,DIAGNOSTIC_ONLY,False,100,0.35314257548986827,HJB_NONCONVERGED_DIAGNOSTIC_ONLY,True,True,CONTINUED_TO_HOUSEHOLD_BATCH
19,15,河南,168320556.01470312,187959.19373307427,360810060.366096,360810060.366096,360998019.5598291,2.144705484030692,0.0011166740306909138,2.143588810000001,2.143588810000001,986400.0,5879154.579852146,5.960213483223993,4892754.579852146,18,广东,527733.1715442934,0.08976344547102642,7.309636272568541,4.673810854127552,0.677256572244547,9.34158184425289,0.08233254470714702,0.08233254470714702,0.08515567178754875,2.325880862921111,1.3,15.618445839278692,53562526.76283167,0.4362084396337983,0.11984932305989782,0.0001243611416674728,0.0726256413288171,NONE,DIAGNOSTIC_ONLY,True,13,5.888304510648368e-09,HJB_CONVERGED,True,True,CONTINUED_TO_HOUSEHOLD_BATCH
19,16,湖北,101805153.6623069,193336.86503727574,218228388.19085178,218228388.19085178,218421725.05588904,2.145487897208087,0.0018990872080855983,2.1435888100000016,2.1435888100000016,591700.0,5909250.56688068,9.986903104412168,5317550.56688068,18,广东,538834.3768585452,0.09118489235818276,7.310664711762376,4.673257527250117,0.6779759257457221,9.297739634113668,0.12491352631379724,0.09,0.08505834388961592,1.966247627618838,1.3,15.52711385343837,45072606.50826228,0.5311578726285705,0.11977590160745488,0.00011309833076456055,0.07259546209752687,NONE,DIAGNOSTIC_ONLY,True,13,3.764114797633056e-09,HJB_CONVERGED,True,True,CONTINUED_TO_HOUSEHOLD_BATCH
19,17,湖南,93791807.14892803,196362.79395895393,201051068.2741203,201051068.2741203,201247431.06807926,2.145682412841529,0.002093602841527062,2.143588810000002,2.143588810000002,663500.0,5917159.444357811,8.918100142212223,5253659.444357811,18,广东,545734.4802805835,0.0922291321388944,7.314194997303077,4.6697976890829525,0.6786254518694773,9.119580606627451,0.11536521174956899,0.09,0.08716929334958784,1.6939887546202534,1.3,15.255159766483398,38966820.76188004,0.48764576898994294,0.11975571245800132,0.0001110007306743821,0.07258856422926807,NONE,DIAGNOSTIC_ONLY,True,13,2.98469378101629e-08,HJB_CONVERGED,True,True,CONTINUED_TO_HOUSEHOLD_BATCH
19,18,广东,191259406.86816654,188323.45977489743,409981524.36983913,409981524.36983913,410169847.82961404,2.144573459397689,0.0009846493976879641,2.143588810000001,2.143588810000001,1234800.0,5705232.4024459515,4.62036961649332,4470432.4024459515,18,广东,538033.2521703526,0.09430522969400626,7.320431084244518,4.666629104497126,0.6832315274071727,8.867521244733975,0.1666518484788517,0.09,0.08623918700572804,4.889195106298366,1.3,14.718377519279445,107204908.42871454,0.8008099317395272,0.11983143249280404,0.00012533810049175642,0.07263688930248313,NONE,DIAGNOSTIC_ONLY,True,13,8.969571752004413e-09,HJB_CONVERGED,True,True,CONTINUED_TO_HOUSEHOLD_BATCH
19,19,广西,67306708.83876626,198265.9890522999,144277907.90470755,144277907.90470755,144476173.89375985,2.1465345191644065,0.0029457091644051058,2.1435888100000016,2.1435888100000016,494700.0,5572277.676767336,11.263953258070217,5077577.676767336,18,广东,521943.5146692583,0.09366789398263713,7.329994112049032,4.660033085395278,0.6882091418643529,8.47083470217751,0.08040095647213998,0.08040095647213998,0.08753363155777635,0.9640221630266266,0.9640221630266266,13.982437836486927,21050510.90561385,0.3417745089995929,0.12006318122270043,8.381213592911774e-05,0.07248448148105502,NONE,DIAGNOSTIC_ONLY,True,13,1.896839840753728e-08,HJB_CONVERGED,True,True,CONTINUED_TO_HOUSEHOLD_BATCH
19,20,海南,14673330.466888333,200849.2719905724,31453586.994253922,31453586.994253922,31654436.266244493,2.1572768593793703,0.013688049379369361,2.143588810000001,2.143588810000001,98200.0,5500458.184280574,56.012812467215625,5402258.184280574,18,广东,512986.3307008722,0.09326247260035622,7.341537103067615,4.654336858968458,0.6956931697648778,8.071068754551643,0.09530842694691592,0.09,0.08661512239520028,0.24509269405358627,0.8,13.16387974545541,5264734.984273216,0.26302674476417187,0.11888760123290676,2.4559752108688215e-05,0.07209460652721922,NONE,DIAGNOSTIC_ONLY,True,13,1.2113115843703781e-08,HJB_CONVERGED,True,True,CONTINUED_TO_HOUSEHOLD_BATCH
19,21,重庆,50663834.63130832,198028.42697678116,108602428.98736306,108602428.98736306,108800457.41433984,2.1474974842726433,0.0039086742726419516,2.1435888100000016,2.1435888100000016,316300.0,5710246.538670221,18.053261266741135,5393946.538670221,18,广东,521623.96233021485,0.09134876380515937,7.31937376905463,4.667519818913896,0.6828318809560469,8.916399836553174,0.12975773722695588,0.09,0.08587568870577932,1.0463143884896242,1.0463143884896242,14.801263090352327,23151273.612268846,0.46044486480954167,0.12029527746015112,7.917558663694813e-05,0.07237426870733188,NONE,DIAGNOSTIC_ONLY,True,13,7.965823556332907e-09,HJB_CONVERGED,True,True,CONTINUED_TO_HOUSEHOLD_BATCH
19,22,四川,94830047.41899477,199518.27814558015,203276628.4991267,203276628.4991267,203476146.77727228,2.1456927663258276,0.002103956325826069,2.1435888100000016,2.1435888100000016,832100.0,5831856.599016869,7.008600647778956,4999756.599016869,18,广东,531025.7547374356,0.09105603776796493,7.320324276305136,4.66492056138998,0.6810250860434015,8.845272437056735,0.13984233521600628,0.09,0.08904999361982212,2.040842036475613,1.3,14.779964153796932,46016089.13980372,0.5733772602617747,0.1197714658751956,0.00011909743127691552,0.07258360639231465,NONE,DIAGNOSTIC_ONLY,True,14,1.5450201118483164e-09,HJB_CONVERGED,True,True,CONTINUED_TO_HOUSEHOLD_BATCH
19,23,贵州,39447014.665611394,201581.5917471074,84558179.22511055,84558179.22511055,84759760.81685765,2.148698996244915,0.005110186244913473,2.1435888100000016,2.1435888100000016,382200.0,5435193.861925749,14.220810732406461,5052993.861925749,18,广东,500916.83814483846,0.09216172428619834,7.324972072693014,4.661587376147158,0.6833750554821013,8.64883449012644,0.11584228105102398,0.09,0.08978748357022413,0.7793664350993087,0.8,14.416583302809741,16465670.32785548,0.3988751885742727,0.11953518708716615,7.898429161479203e-05,0.07245853163219929,NONE,DIAGNOSTIC_ONLY,True,14,2.3309687513517474e-09,HJB_CONVERGED,True,True,CONTINUED_TO_HOUSEHOLD_BATCH
19,24,云南,68611984.86091176,197515.60300419215,147075882.97973996,147075882.97973996,147273398.58274415,2.1464675432621947,0.0028787332621930425,2.1435888100000016,2.1435888100000016,470300.0,5600055.915246883,11.90741210981689,5129755.915246883,18,广东,517455.28629092954,0.09240180707519187,7.332893178410153,4.6589200094716094,0.690417333306357,8.37348354690156,0.08499623430512777,0.08499623430512777,0.08685796171972993,1.0215421303114425,1.0215421303114425,13.76590151349863,22393984.152830105,0.3580105912407401,0.12010705801351795,8.953597206073916e-05,0.07247800124661663,NONE,DIAGNOSTIC_ONLY,True,14,2.2492545603824965e-09,HJB_CONVERGED,True,True,CONTINUED_TO_HOUSEHOLD_BATCH
19,25,西藏,6325734.326183821,201242.07198497574,13559773.316640537,13559773.316640537,13761015.388625514,2.1754020448922704,0.031813234892269136,2.143588810000001,2.143588810000001,35400.0,5424557.754052672,153.2360947472506,5389157.754052672,18,广东,481252.0515608957,0.08871728781970357,7.5985556475730345,1.673761919175733,0.6769292822668318,7.789562928880135,0.06220808158761592,0.06220808158761592,0.0665835913068093,0.07771437875176652,0.8,11.686513060406446,1658824.3308396088,0.15382783131289324,0.11761362514884843,0.0002053439725606676,0.07131511937458579,NONE,DIAGNOSTIC_ONLY,True,15,3.3144291755604627e-09,HJB_CONVERGED,True,True,CONTINUED_TO_HOUSEHOLD_BATCH
19,26,陕西,73897910.2910824,194931.8740118151,158406733.58234817,158406733.58234817,158601665.45635998,2.1462266636719654,0.0026378536719642316,2.143588810000001,2.143588810000001,393100.0,5810096.133781896,14.780198763118534,5416996.133781896,18,广东,522929.4761464237,0.09000358412418204,7.314800029855795,4.671657929292278,0.6813068680744213,9.141155471795289,0.09211095044837761,0.09,0.08396121064415098,1.130820852767465,1.130820852767465,15.171264779192773,25677099.214515455,0.3849177530388225,0.12018239861692126,9.15814957174188e-05,0.07247541817965386,NONE,DIAGNOSTIC_ONLY,True,13,1.1490194573582357e-08,HJB_CONVERGED,True,True,CONTINUED_TO_HOUSEHOLD_BATCH
19,27,甘肃,25177704.67938732,201818.12507365903,53970646.01221934,53970646.01221934,54172464.137292996,2.1516045575688767,0.008015747568875294,2.1435888100000016,2.1435888100000016,251500.0,5504165.244447917,21.88534888448476,5252665.244447917,18,广东,489281.67380329,0.088892984144477,7.327496205342836,4.659879000969452,0.6848114848246725,8.544812440733658,0.09104172269463225,0.09,0.09,0.40388729429592135,0.8,14.217772769968184,8690238.197125312,0.2919770064624362,0.11935409096944483,5.024786004270698e-05,0.07232613086281159,NONE,DIAGNOSTIC_ONLY,True,14,2.088134998246005e-09,HJB_CONVERGED,True,True,CONTINUED_TO_HOUSEHOLD_BATCH
19,28,青海,17578407.529567722,200002.3508262626,23396860.42185464,23396860.42185464,23596862.772680905,1.3423777286417926,0.011377728641792442,1.3310000000000002,1.3310000000000002,58700.0,5506630.059415374,93.80971140400978,5447930.059415374,18,广东,484128.78486396687,0.08791743400960654,5.693820917592662,1.7434480416304152,0.6905585511622412,8.70930101882394,0.059204347286427435,0.059204347286427435,0.05051864119450677,0.12657923868496465,0.8,12.896318516428037,2746455.436924525,0.17038629150522536,0.0006505097325932852,0.0002974196656811978,0.0005620680769559128,NONE,DIAGNOSTIC_ONLY,True,12,3.212215293757481e-08,HJB_CONVERGED,True,True,CONTINUED_TO_HOUSEHOLD_BATCH
19,29,宁夏,18640640.44456374,199901.99993370744,30020937.842374355,30020937.842374355,30220839.842308063,1.6212339877582647,0.010723987758264273,1.6105100000000003,1.6105100000000003,71000.0,5611952.604227732,79.04158597503847,5540952.604227732,18,广东,492439.95885958604,0.08774841727790239,6.096607682250771,1.69261889675683,0.6773722334964805,9.418262522657116,0.058980563998747,0.058980563998747,0.051943930298394454,0.15863986603766508,0.8,14.245153012200353,3508074.4414191325,0.18041225947436001,0.001043094873015571,0.00027288827477067734,0.0006055377416863683,NONE,DIAGNOSTIC_ONLY,True,12,4.040893752943475e-08,HJB_CONVERGED,True,True,CONTINUED_TO_HOUSEHOLD_BATCH
19,30,新疆,49250553.031937115,196659.59076608528,105572934.36557204,105572934.36557204,105769593.95633812,2.1475818532992017,0.0039930432992002956,2.143588810000001,2.143588810000001,252000.0,5132105.520744924,20.365498098194145,4880105.520744924,18,广东,452040.2586069242,0.08808085819352184,7.879573020619491,1.7700216032830616,0.6771322613417724,7.396549783505395,0.06896247059299761,0.06896247059299761,0.07270315107751919,0.6812878330294554,0.8,11.049501882755242,13737848.115319975,0.2868927420960303,0.11969854816233672,0.00012211258999950125,0.07248178020203722,NONE,DIAGNOSTIC_ONLY,True,15,8.660474692945286e-08,HJB_CONVERGED,True,True,CONTINUED_TO_HOUSEHOLD_BATCH
20,0,北京,58719043.066994764,198850.19560030368,125869483.65231813,138456432.01754996,126068333.84791844,2.1469752786005443,0.0033864686005428937,2.143588810000001,2.357947691000002,219200.0,5866806.584956674,26.764628581006725,5647606.584956674,18,广东,522020.2211608238,0.08897859740243659,7.32064150801118,4.674438426548691,0.6875580619796389,9.110404410120097,0.18145021359110902,0.09,0.07844437014334549,1.5741769299576787,1.3,14.877155675462499,35480943.8804977,0.6284945983345336,0.0477531587245319,0.0007359713842477467,0.07173756661927455,HIGH_RA_INCREASE_1P1,DIAGNOSTIC_ONLY,True,26,4.6781245544025296e-11,HJB_CONVERGED,True,True,CONTINUED_TO_HOUSEHOLD_BATCH
20,1,天津,64593598.72309723,205009.2867719578,114431500.3474889,114431500.3474889,114636509.63426085,1.7747348328692731,0.003173832869272401,1.7715610000000008,1.7715610000000008,138300.0,5464676.383034705,39.51320595108247,5326376.383034705,18,广东,484206.9777107916,0.08860670674187231,0.8514883333770569,2.1737073342911626,0.7066507814218579,9.999054407703433,0.05928802801885055,0.05928802801885055,0.04322945238003714,0.6203082530199667,0.8,14.678494551599158,13355894.925947487,0.2585393396931767,0.004075934144663451,0.0007358221209858851,0.0005242181003010105,NONE,DIAGNOSTIC_ONLY,True,12,9.357508989893404e-09,HJB_CONVERGED,True,True,CONTINUED_TO_HOUSEHOLD_BATCH
20,2,河北,113705229.18254791,198340.131043371,243737256.9141953,268110982.60561484,243935597.04523867,2.145333146056217,0.0017443360562155509,2.143588810000001,2.3579476910000015,742600.0,5901434.319448839,7.946989387892323,5158834.319448839,18,广东,526834.8494694461,0.08927233973158064,7.3147177173710025,4.670814335208618,0.680472805899016,9.122495069069851,0.0782847818972869,0.0782847818972869,0.08511663296802109,1.5038016578794253,1.3,15.180625539860246,34827575.57525908,0.37841773207051166,0.04777342529778883,0.000747920287177517,0.07179579300127048,HIGH_RA_INCREASE_1P1,DIAGNOSTIC_ONLY,True,13,5.300151428855315e-09,HJB_CONVERGED,True,True,CONTINUED_TO_HOUSEHOLD_BATCH
20,3,山西,53478727.38884524,202513.73306006286,114636401.60376927,126100041.76414621,114838915.33682933,2.1473756191285656,0.003786809128563964,2.1435888100000016,2.357947691000002,350200.0,5448426.867986618,15.558043597905819,5098226.867986618,18,广东,485449.67377859476,0.08909905290845635,7.317231435486756,4.668428768373138,0.6811325483753496,8.99775888987613,0.08272865028006325,0.08272865028006325,0.08638921900846232,0.8005678358882852,0.8005678358882852,14.982630111963653,17101670.242921915,0.33087612022020274,0.04786657887666235,0.0007324210722639002,0.07166080190761526,HIGH_RA_INCREASE_1P1,DIAGNOSTIC_ONLY,True,13,7.743780683355794e-08,HJB_CONVERGED,True,True,CONTINUED_TO_HOUSEHOLD_BATCH
20,4,内蒙古,82165502.99427319,196602.34915478088,132328364.22730699,132328364.22730699,132524966.57646178,1.6129027602459705,0.0023927602459694526,1.610510000000001,1.610510000000001,242200.0,5396645.800482996,22.28177456846819,5154445.800482996,18,广东,477450.0661522971,0.08847163290011838,6.072278535944662,1.6953436657317371,0.6772461991385076,9.449710627197492,0.06297374336108237,0.06297374336108237,0.051854429854624726,0.7584863244571292,0.8,14.297131363121455,16115367.91309702,0.28121436164581665,0.003456691882377294,0.0007345637962730134,0.001575639801185802,NONE,DIAGNOSTIC_ONLY,True,12,4.5528457892629604e-08,HJB_CONVERGED,True,True,CONTINUED_TO_HOUSEHOLD_BATCH
20,5,辽宁,90061052.78222083,196777.54879307566,193053864.96078804,193053864.96078804,193250642.50958112,2.145773745027009,0.0021849350270078346,2.143588810000001,2.143588810000001,429100.0,5673233.932469017,13.221239646863241,5244133.932469017,18,广东,503074.505389994,0.08867508574092127,7.329992365177102,4.669895945515668,0.6996728053853661,8.684411096210662,0.06932257882281329,0.06932257882281329,0.07228801582224899,1.129578154546454,1.129578154546454,13.83057081000927,25196216.34256796,0.32849633182147114,0.04796375433560507,0.0007649181373549085,0.07170057389540685,NONE,DIAGNOSTIC_ONLY,True,24,3.814172533367355e-09,HJB_CONVERGED,True,True,CONTINUED_TO_HOUSEHOLD_BATCH
20,6,吉林,66308917.7271201,199354.1548920586,97082886.44427659,97082886.44427659,97282240.59916864,1.4671064456143366,0.0030064456143358755,1.4641000000000006,1.4641000000000006,248400.0,5352012.18457813,21.545942772053664,5103612.18457813,18,广东,470294.6069706318,0.08787248435752629,6.05004685384307,1.702682547980715,0.6865089769508959,8.763461424569654,0.058628929670372615,0.058628929670372615,0.051506269029016026,0.5332074411173737,0.8,13.048890944232355,11245358.56515642,0.24706701680869284,0.0033039111808790267,0.000730569715605589,0.0007500963979792941,NONE,DIAGNOSTIC_ONLY,True,12,1.863089860165701e-08,HJB_CONVERGED,True,True,CONTINUED_TO_HOUSEHOLD_BATCH
20,7,黑龙江,58424879.89838116,201322.28461023638,113853562.5234217,113853562.5234217,114054884.80803195,1.9521629313814335,0.003445831381431982,1.9487171000000014,1.9487171000000014,332700.0,5243287.947467673,15.759807476608573,4910587.947467673,18,广东,458828.1760549323,0.08750772047080316,7.106551386306483,1.6258012353451345,0.6816572777834808,8.109625042100301,0.056448243779962166,0.056448243779962166,0.05892504989590063,0.6210266420271863,0.8,12.116920692906612,12840266.44408865,0.25220994139383196,0.008332427212262461,0.0002654920312654685,0.0004852337921884553,NONE,DIAGNOSTIC_ONLY,True,12,6.104087635350197e-08,HJB_CONVERGED,True,True,CONTINUED_TO_HOUSEHOLD_BATCH
20,8,上海,66125294.30800852,197937.95339845034,141745440.93660384,155919985.03026423,141943378.89000228,2.1465821872767274,0.0029933772767265824,2.143588810000001,2.3579476910000015,247500.0,5867279.5353279365,23.706179940718936,5619779.5353279365,18,广东,534102.9339386962,0.09103076318807841,7.320542665323309,4.67442227080386,0.6874844920390563,9.111610763802286,0.17416604475787106,0.09,0.07849323059968315,1.7097303561519244,1.3,14.881684118126026,38596401.92639227,0.6263620885536099,0.047701314928625616,0.000727209629857839,0.07177097302529378,HIGH_RA_INCREASE_1P1,DIAGNOSTIC_ONLY,True,27,8.642331295050099e-11,HJB_CONVERGED,True,True,CONTINUED_TO_HOUSEHOLD_BATCH
20,9,江苏,203535217.25929242,182479.03340589727,436295814.15793836,479925395.57373226,436478293.19134426,2.1444853577122993,0.000896547712298011,2.143588810000001,2.3579476910000015,844600.0,5752394.52225936,6.8107915252893205,4907794.52225936,18,广东,519558.2158846578,0.09032033770878978,7.311564851831023,4.676804551522532,0.6814831041491867,9.382064562371694,0.1415401160010449,0.09,0.08030442934015902,4.484012490239595,1.3,15.495319522427184,99904441.97823365,0.7112715570539441,0.047705423144468684,0.0007352084747138665,0.07184866875913176,HIGH_RA_INCREASE_1P1,DIAGNOSTIC_ONLY,True,16,2.893152384331188e-10,HJB_CONVERGED,True,True,CONTINUED_TO_HOUSEHOLD_BATCH
20,10,浙江,124249656.20818298,193937.37664222743,266340172.69420817,292974189.963629,266534110.0708504,2.145149678517152,0.0015608685171513165,2.143588810000001,2.357947691000001,627300.0,5805700.67718582,9.255062453667815,5178400.67718582,18,广东,529662.7941361803,0.09123150220567729,7.3146420583689435,4.672329373792149,0.6816540993204989,9.163836572470894,0.14482807241886542,0.09,0.08326636279017312,2.7665695964031976,1.3,15.187921563807814,62168963.98813563,0.6354510092168478,0.04769617928598713,0.0007313868417938574,0.07182694608080342,HIGH_RA_INCREASE_1P1,DIAGNOSTIC_ONLY,True,16,4.904037176345355e-10,HJB_CONVERGED,True,True,CONTINUED_TO_HOUSEHOLD_BATCH
20,11,安徽,70182433.35888097,204322.30011702882,150442278.80666804,165486506.68733487,150646601.10678506,2.146500112591523,0.00291130259152198,2.143588810000001,2.3579476910000015,607600.0,5921584.980143115,9.745860730979452,5313984.980143115,18,广东,538161.4958307679,0.0908813261374088,7.313366071887794,4.669463375313407,0.6765840934564624,9.15240668940438,0.15141475905638546,0.09,0.08894415240023633,1.592539642075998,1.3,15.388613493705444,36451986.899057485,0.5647763055376298,0.04770047492505536,0.000728162893724571,0.07177366370950145,HIGH_RA_INCREASE_1P1,DIAGNOSTIC_ONLY,True,13,8.07391384860523e-08,HJB_CONVERGED,True,True,CONTINUED_TO_HOUSEHOLD_BATCH
20,12,福建,87795538.11850408,196867.7994849111,188197533.07875392,207017286.3866293,188394400.87823883,2.1458311540154704,0.0022423440154690343,2.1435888100000016,2.3579476910000015,410400.0,5845387.909134713,14.243147926741504,5434987.909134713,18,广东,543908.9739981435,0.09304925224007209,7.320836456517243,4.669991859591164,0.6860073939794957,8.947878406993189,0.13493205013912413,0.09,0.08217281472874248,1.8290438745788564,1.3,14.71567171432381,41466007.67793077,0.546569388448435,0.04766480004237206,0.0007221274591283633,0.07181095016854844,HIGH_RA_INCREASE_1P1,DIAGNOSTIC_ONLY,True,15,1.4369044176731904e-08,HJB_CONVERGED,True,True,CONTINUED_TO_HOUSEHOLD_BATCH
20,13,江西,51050047.92908307,205016.3988053512,109430311.49074621,120373342.63982084,109635327.88955157,2.1476047983706716,0.004015988370670146,2.1435888100000016,2.3579476910000015,451300.0,5766139.936876154,12.776733740031363,5314839.936876154,18,广东,530767.6337321822,0.09204903792531426,7.316563240820142,4.667304955986412,0.6785304154058178,9.009049744250664,0.13638504176678568,0.09,0.0891080941021443,1.0888362855133837,1.0888362855133837,15.10856512154089,24342872.18916123,0.480193520496595,0.04793020096520473,0.0007210158908351749,0.07159431202699484,HIGH_RA_INCREASE_1P1,DIAGNOSTIC_ONLY,True,14,4.955431620601303e-10,HJB_CONVERGED,True,True,CONTINUED_TO_HOUSEHOLD_BATCH
20,14,山东,210016973.07581103,180078.7237414987,450190033.39538,495209036.73491806,450370112.1191215,2.144446258429545,0.0008574484295442857,2.143588810000001,2.3579476910000015,1007700.0,5798930.8233901085,5.754620247484478,4791230.8233901085,18,广东,518176.19178327615,0.08935719489758383,8.778259581160757,-1.8282207762348963,0.6831298308367161,10.309846608756969,0.08974066336511391,0.08974066336511391,0.08255324885847895,3.1465462913158078,1.3,15.496586736657639,71435706.85278237,0.4959139591588065,0.04776460808029426,0.0007584170080797703,0.07182124315303584,HIGH_RA_INCREASE_1P1,DIAGNOSTIC_ONLY,False,100,0.16004225127433447,HJB_NONCONVERGED_DIAGNOSTIC_ONLY,True,True,CONTINUED_TO_HOUSEHOLD_BATCH
20,15,河南,168320556.01470312,192327.95092941597,360810060.366096,396891066.40270567,361002388.3170254,2.144731439013849,0.0011426290138479328,2.143588810000001,2.3579476910000015,986400.0,5862335.364762972,5.943162373036265,4875935.364762972,18,广东,527740.0241627494,0.0900221483975247,7.309643059038278,4.673806757469466,0.6772608510297612,9.341281593493623,0.08225350435082565,0.08225350435082565,0.08515568551294667,2.328379620008918,1.3,15.617847504026383,53522829.78188771,0.4362084396337983,0.047733691174390414,0.0007411334629476851,0.07183068257281255,HIGH_RA_INCREASE_1P1,DIAGNOSTIC_ONLY,True,13,5.870924635331676e-09,HJB_CONVERGED,True,True,CONTINUED_TO_HOUSEHOLD_BATCH
20,16,湖北,101805153.6623069,197705.62713824937,218228388.19085178,240051227.009937,218426093.81799003,2.145530810183942,0.0019420001839400923,2.1435888100000016,2.3579476910000023,591700.0,5892509.244154658,9.958609505078009,5300809.244154658,18,广东,538841.4033969097,0.09144515198367112,7.310671575168453,4.673253413308794,0.6779802344543217,9.297439184398893,0.12451239367979411,0.09,0.08505835789019422,1.966597151447071,1.3,15.526515627533088,45039792.593664974,0.5311578726285705,0.047687174028312684,0.0007280234523665552,0.07181458744621794,HIGH_RA_INCREASE_1P1,DIAGNOSTIC_ONLY,True,13,3.756615463146318e-09,HJB_CONVERGED,True,True,CONTINUED_TO_HOUSEHOLD_BATCH
20,17,湖南,93791807.14892803,200731.558887177,201051068.2741203,221156175.10153234,201251799.83300748,2.145728992229015,0.0021401822290132854,2.143588810000002,2.357947691000002,663500.0,5900490.736862701,8.892977749604674,5236990.736862701,18,广东,545741.6478617531,0.09249089138506549,7.314201882199092,4.6697934101074745,0.678629835206952,9.11928005069081,0.11501728979988857,0.09,0.08716930137666958,1.694600271893788,1.3,15.254561053990955,38938665.293164976,0.48764576898994294,0.04766504115811365,0.0007225498042839895,0.07181356557210705,HIGH_RA_INCREASE_1P1,DIAGNOSTIC_ONLY,True,13,2.992349967811947e-08,HJB_CONVERGED,True,True,CONTINUED_TO_HOUSEHOLD_BATCH
20,18,广东,191259406.86816654,192692.21621483847,409981524.36983913,450979676.8068231,410174216.58605397,2.1445963014451026,0.001007491445101362,2.143588810000001,2.3579476910000015,1234800.0,5689473.639020866,4.607607417412428,4454673.639020866,18,广东,538040.5641519282,0.09456772247995206,7.320438474520005,4.666624735688002,0.683236094063,8.867219973345671,0.16598298008744522,0.09,0.08623919766611259,4.885678646143274,1.3,14.717780721743152,107128116.55900091,0.8008099317395272,0.047622267520452066,0.0007163092701553131,0.07186854955516542,HIGH_RA_INCREASE_1P1,DIAGNOSTIC_ONLY,True,13,8.974716525500526e-09,HJB_CONVERGED,True,True,CONTINUED_TO_HOUSEHOLD_BATCH
20,19,广西,67306708.83876626,202634.75545549014,144277907.90470755,158705698.69517833,144480542.66016304,2.1465994274993787,0.0030106174993774137,2.1435888100000016,2.357947691000002,494700.0,5556329.402777405,11.231714984389338,5061629.402777405,18,广东,521916.25751409726,0.09393184235139307,7.330001664974166,4.660028662769288,0.6882137429209029,8.470546730729177,0.08032276428403123,0.08032276428403123,0.08753363855278222,0.9650937113089808,0.9650937113089808,13.981870081190905,21035184.330383357,0.3417745089995929,0.04782866734209468,0.0007280856649615197,0.0717036209041948,HIGH_RA_INCREASE_1P1,DIAGNOSTIC_ONLY,True,13,1.896880741369955e-08,HJB_CONVERGED,True,True,CONTINUED_TO_HOUSEHOLD_BATCH
20,20,海南,14673330.466888333,205218.0409838991,31453586.994253922,34598945.69367932,31658805.035237823,2.157574594716497,0.013985784716495805,2.143588810000001,2.3579476910000015,98200.0,5485185.630426361,55.857287478883514,5386985.630426361,18,广东,512992.7262504138,0.09352331184651978,7.341545211297451,4.654332427030186,0.6956979070348182,8.070790577788589,0.09521906996432847,0.09,0.08661513199149265,0.24529527180087465,0.8,13.163336076776874,5261438.405637416,0.26302674476417187,0.04744114442731395,0.0006261623131358363,0.07142330128849572,HIGH_RA_INCREASE_1P1,DIAGNOSTIC_ONLY,True,13,1.2108754443573844e-08,HJB_CONVERGED,True,True,CONTINUED_TO_HOUSEHOLD_BATCH
20,21,重庆,50663834.63130832,202397.19329839182,108602428.98736306,119462671.88609937,108804826.18066144,2.147583714743617,0.003994904743616032,2.1435888100000016,2.357947691000002,316300.0,5693991.39762406,18.001869736402337,5377691.39762406,18,广东,521617.3009350464,0.0916083753046593,7.3193809958193885,4.667515567460321,0.6828363477808306,8.916103600777623,0.12932280040322308,0.09,0.08587570039473004,1.0463944147714854,1.0463944147714854,14.800676067869762,23134680.457630977,0.46044486480954167,0.04790386451474715,0.0007167275077719637,0.07160566857032236,HIGH_RA_INCREASE_1P1,DIAGNOSTIC_ONLY,True,13,7.97070454083837e-09,HJB_CONVERGED,True,True,CONTINUED_TO_HOUSEHOLD_BATCH
20,22,四川,94830047.41899477,203887.04599013287,203276628.4991267,223604291.3490394,203480515.54511684,2.1457388357728377,0.00215002577283636,2.1435888100000016,2.357947691000002,832100.0,5815501.530307921,6.988945475673502,4983401.530307921,18,广东,531032.5836391042,0.09131329101567391,7.320331338680944,4.664916078294492,0.6810296815379826,8.844968954926216,0.13935303276716837,0.09,0.0890499963159291,2.04055047477461,1.3,14.779359686081436,45982984.03278656,0.5733772602617747,0.04765708023341686,0.0007194246107395941,0.07181196334880036,HIGH_RA_INCREASE_1P1,DIAGNOSTIC_ONLY,True,14,1.5460441815662307e-09,HJB_CONVERGED,True,True,CONTINUED_TO_HOUSEHOLD_BATCH
20,23,贵州,39447014.665611394,205950.36157769748,84558179.22511055,93013997.1476216,84764129.58668825,2.1488097465733653,0.005220936573363515,2.1435888100000016,2.357947691000002,382200.0,5419935.13635675,14.180887326940736,5037735.13635675,18,广东,500923.1655600411,0.09242235431930997,7.324979281096828,4.661582816067989,0.6833797103635105,8.648534757675813,0.11549104646742211,0.09,0.08978748417353301,0.7796516989025534,0.8,14.415987620730006,16454176.943162901,0.3988751885742727,0.04760918172274309,0.0006980210622300476,0.07170993298875161,HIGH_RA_INCREASE_1P1,DIAGNOSTIC_ONLY,True,14,2.3296835571784413e-09,HJB_CONVERGED,True,True,CONTINUED_TO_HOUSEHOLD_BATCH
20,24,云南,68611984.86091176,201884.36847454225,147075882.97973996,161783471.27771398,147277767.3482145,2.146531216765872,0.0029424067658703713,2.1435888100000016,2.3579476910000023,470300.0,5584050.70720835,11.873380198189135,5113750.70720835,18,广东,517430.4643648164,0.09266220732861088,7.332901006387592,4.658915555193803,0.6904220331122806,8.373194415788031,0.08491493924363838,0.08491493924363838,0.08685797062848052,1.022574732243449,1.022574732243449,13.76533302003908,22377693.61611374,0.3580105912407401,0.047839145587120546,0.0007274514711267388,0.07169782554685877,HIGH_RA_INCREASE_1P1,DIAGNOSTIC_ONLY,True,14,2.243219388020634e-09,HJB_CONVERGED,True,True,CONTINUED_TO_HOUSEHOLD_BATCH
20,25,西藏,6325734.326183821,205610.83399373127,13559773.316640537,13559773.316640537,13765384.150634268,2.176092678071516,0.032503868071514765,2.143588810000001,2.143588810000001,35400.0,5409601.581774406,152.81360400492673,5374201.581774406,18,广东,481258.09863854485,0.08896368639419969,7.598661893604655,1.6737923010700415,0.6769318790227813,7.789289873774018,0.06213871104362774,0.06213871104362774,0.06658528619790548,0.07784012035890646,0.8,11.686035481665272,1658013.6686798183,0.15382783131289324,0.04716295760949052,0.0004886968105780598,0.07079157109262346,NONE,DIAGNOSTIC_ONLY,True,15,3.3146640987524734e-09,HJB_CONVERGED,True,True,CONTINUED_TO_HOUSEHOLD_BATCH
20,26,陕西,73897910.2910824,199300.63749940242,158406733.58234817,174247406.940583,158606034.21984756,2.1462857825762804,0.002696972576279372,2.143588810000001,2.3579476910000015,393100.0,5793201.466563978,14.737220723897172,5400101.466563978,18,广东,522907.9170699585,0.09026233941422063,7.3148070148547575,4.6716539331318305,0.6813111483577868,9.140864611211503,0.09202322098289396,0.09,0.08396122774514606,1.1318321085608276,1.1318321085608276,15.17068807770705,25658044.837558936,0.3849177530388225,0.0479155229313617,0.0007420766963328607,0.0716795591644328,HIGH_RA_INCREASE_1P1,DIAGNOSTIC_ONLY,True,13,1.0147791495995762e-08,HJB_CONVERGED,True,True,CONTINUED_TO_HOUSEHOLD_BATCH
20,27,甘肃,25177704.67938732,206186.89513701826,53970646.01221934,59367710.61344128,54176832.90735636,2.151778074977195,0.008189264977193134,2.1435888100000016,2.3579476910000023,251500.0,5488518.41298115,21.823134842867393,5237018.41298115,18,广东,489287.7036514165,0.08914750153596633,7.327503086360041,4.65987467556635,0.6848158999930386,8.544532155743845,0.09095509004311145,0.09,0.09,0.40426076995654653,0.8,14.217216564762653,8684278.166868534,0.2919770064624362,0.047613530809136106,0.0006858304826155015,0.0715906969149609,HIGH_RA_INCREASE_1P1,DIAGNOSTIC_ONLY,True,14,2.086524286681879e-09,HJB_CONVERGED,True,True,CONTINUED_TO_HOUSEHOLD_BATCH
20,28,青海,17578407.529567722,204371.0582077188,23396860.42185464,23396860.42185464,23601231.48006236,1.3426262555560828,0.011626255556082479,1.3310000000000002,1.3310000000000002,58700.0,5491248.227772624,93.5476699790907,5432548.227772624,18,广东,484135.6029307428,0.08816494590103774,5.694017472605712,1.7434269131417588,0.6905609799851328,8.708999911146321,0.05913854127185257,0.05913854127185257,0.05051899617811742,0.12686383566146328,0.8,12.895808533511012,2744819.102792773,0.17038629150522536,0.0032476911311278833,0.0005957985371809471,0.0011575317347988223,NONE,DIAGNOSTIC_ONLY,True,12,3.210364818428957e-08,HJB_CONVERGED,True,True,CONTINUED_TO_HOUSEHOLD_BATCH
20,29,宁夏,18640640.44456374,204270.73601918825,30020937.842374355,30020937.842374355,30225208.57839354,1.6214683539592796,0.010958353959279372,1.6105100000000003,1.6105100000000003,71000.0,5596092.535264362,78.81820472203326,5525092.535264362,18,广东,492446.9239627816,0.08799835257540434,6.096715790949087,1.6926080762413123,0.6773750230545639,9.417945796661112,0.058915115779865045,0.058915115779865045,0.05194426076670682,0.1589939841045747,0.8,14.244599344751453,3505849.150406911,0.18041225947436001,0.003397322002570924,0.000634334034063766,0.0012394876625516638,NONE,DIAGNOSTIC_ONLY,True,12,4.034645506578727e-08,HJB_CONVERGED,True,True,CONTINUED_TO_HOUSEHOLD_BATCH
20,30,新疆,49250553.031937115,201028.30478244307,105572934.36557204,105572934.36557204,105773962.67035449,2.1476705571562635,0.00408174715626206,2.143588810000001,2.143588810000001,252000.0,5117466.836351599,20.30740808076031,4865466.836351599,18,广东,452045.75118984486,0.08833388972426098,7.87965863145671,1.7700629776076742,0.6771347489060857,7.396308586202218,0.06889234027341083,0.06889234027341083,0.07270491637429359,0.6822216537188333,0.8,11.049076895452489,13727992.878553744,0.2868927420960303,0.04770276372623905,0.0007173784921410409,0.07171240483970709,NONE,DIAGNOSTIC_ONLY,True,15,8.661219830230493e-08,HJB_CONVERGED,True,True,CONTINUED_TO_HOUSEHOLD_BATCH
21,0,北京,58719043.066994764,202470.71383255106,138456432.01754996,138456432.01754996,138658902.73138252,2.361395817932206,0.0034481269322039973,2.357947691000002,2.357947691000002,219200.0,5865883.238043098,26.76041623194844,5646683.238043098,18,广东,521985.94684752775,0.08898676050389065,7.3206166523168985,4.674475219612843,0.6875507589044738,9.112306419847632,0.16267092170622083,0.09,0.07842521195957111,1.5741470382479437,1.3,14.880052542135351,35514270.54564064,0.586425835866777,0.12047107835668824,0.0009392834997621335,0.07274423203167513,NONE,DIAGNOSTIC_ONLY,True,25,3.0347413471076834e-10,HJB_CONVERGED,True,True,CONTINUED_TO_HOUSEHOLD_BATCH
21,1,天津,64593598.72309723,208644.15711442518,114431500.3474889,114431500.3474889,114640144.50460333,1.7747911057881742,0.003230105788173383,1.7715610000000008,1.7715610000000008,138300.0,5463801.536716256,39.50688023656006,5325501.536716256,18,广东,484175.7252952096,0.08861517425945876,0.8410928016085144,2.173843243981943,0.7066894887375663,10.001211842952825,0.059283812838587614,0.059283812838587614,0.04317630301108494,0.6203872858672267,0.8,14.681321320583002,13355647.453564784,0.2585393396931767,0.001818537847052104,1.8529075294204667e-05,0.0005427374623185877,NONE,DIAGNOSTIC_ONLY,True,12,9.725046101749513e-09,HJB_CONVERGED,True,True,CONTINUED_TO_HOUSEHOLD_BATCH
21,2,河北,113705229.18254791,201955.40934618856,268110982.60561484,268110982.60561484,268312938.01496103,2.359723822236868,0.0017761312368665078,2.3579476910000015,2.3579476910000015,742600.0,5900529.278007776,7.945770641001583,5157929.278007776,18,广东,526800.4588135137,0.08928020419744108,7.319579134508718,4.679462937624677,0.6878513228887627,9.341067207507502,0.06898959268136765,0.06898959268136765,0.07522247896308207,1.5039029469825538,1.3,15.183518489231453,34859894.10077146,0.3530688723929924,0.12053869192806999,0.0009279579464995802,0.07279037442441072,NONE,DIAGNOSTIC_ONLY,True,24,2.849231073298597e-09,HJB_CONVERGED,True,True,CONTINUED_TO_HOUSEHOLD_BATCH
21,3,山西,53478727.38884524,205158.50840861571,126100041.76414621,126100041.76414621,126305200.27255483,2.3617839548459405,0.0038362638459382694,2.357947691000002,2.357947691000002,350200.0,5448266.255489894,15.557584967132765,5098066.255489894,18,广东,485487.13692121895,0.08910855566796545,9.26093935747021,-0.9228495493157414,0.6361177377681808,9.370950952964492,0.073051074221597,0.073051074221597,0.07950269967737204,0.8006112059624656,0.8006112059624656,14.985599794942534,17119254.07161142,0.3087507909510407,0.12035015986157327,0.0010281936465699193,0.07276267673541459,NONE,DIAGNOSTIC_ONLY,True,99,6.8939238762055766e-09,HJB_CONVERGED,True,True,CONTINUED_TO_HOUSEHOLD_BATCH
21,4,内蒙古,82165502.99427319,200239.03207198597,132328364.22730699,132328364.22730699,132528603.25937898,1.6129470207054661,0.0024370207054649484,1.610510000000001,1.610510000000001,242200.0,5395694.1922444925,22.277845550142413,5153494.1922444925,18,广东,477419.2625658277,0.08848152722443886,6.06202163577842,1.6965684545482866,0.6773239798667499,9.452473276681307,0.06296906840469237,0.06296906840469237,0.05181349153895149,0.7585893920565469,0.8,14.299926054134001,16114950.00335993,0.28121436164581665,0.00158390692520749,2.5932373331039038e-05,0.001601531314437299,NONE,DIAGNOSTIC_ONLY,True,12,4.501784056643032e-08,HJB_CONVERGED,True,True,CONTINUED_TO_HOUSEHOLD_BATCH
21,5,辽宁,90061052.78222083,197965.39856048784,193053864.96078804,193053864.96078804,193251830.35934854,2.145786934410552,0.0021981244105506244,2.143588810000001,2.143588810000001,429100.0,5673899.812216205,13.222791452379875,5244799.812216205,18,广东,503184.5347693313,0.08868407117199154,9.225050537207903,-1.4254584268462875,0.6701867064533642,9.062035190945913,0.06303544535402818,0.06303544535402818,0.06368963347266315,1.0383210597430759,1.0383210597430759,13.833553412328135,23511329.359107967,0.3065187607649176,0.018535534833076905,0.06687063488232747,3.527611526621399e-05,NONE,DIAGNOSTIC_ONLY,False,100,0.05874575415848571,HJB_NONCONVERGED_DIAGNOSTIC_ONLY,True,True,CONTINUED_TO_HOUSEHOLD_BATCH
21,6,吉林,66308917.7271201,202985.54545529422,97082886.44427659,97082886.44427659,97285871.98973188,1.467161210353194,0.003061210353193171,1.4641000000000006,1.4641000000000006,248400.0,5351054.902754795,21.54208898049434,5102654.902754795,18,广东,470264.3231623052,0.08788254497635725,6.040397896397161,1.703749750981752,0.686572177202047,8.765927558131072,0.05862421323583728,0.05862421323583728,0.051473345257830164,0.5332849349847016,0.8,13.05163617410312,11245141.549998526,0.24706701680869284,0.0015354660415329846,1.9298198153272494e-05,0.0007693801206236639,NONE,DIAGNOSTIC_ONLY,True,12,1.8768008924752166e-08,HJB_CONVERGED,True,True,CONTINUED_TO_HOUSEHOLD_BATCH
21,7,黑龙江,58424879.89838116,205365.3152802324,113853562.5234217,113853562.5234217,114058927.83870193,1.9522321318774725,0.0035150318774711366,1.9487171000000014,1.9487171000000014,332700.0,5242531.200198207,15.757532913129568,4909831.200198207,18,广东,458808.2280058183,0.08751654696656301,6.489280309945482,1.663656280680405,0.6899198169385165,8.192081203165635,0.05644412359463832,0.05644412359463832,0.05336834973047778,0.6212455243276375,0.8,12.103717950673035,12840116.994067922,0.25220994139383196,0.003496787946387414,1.1639168188581905e-05,0.0004968673126592993,NONE,DIAGNOSTIC_ONLY,True,12,3.754808508560359e-08,HJB_CONVERGED,True,True,CONTINUED_TO_HOUSEHOLD_BATCH
21,8,上海,66125294.30800852,201558.47191971666,155919985.03026423,155919985.03026423,156121543.50218394,2.360995820676081,0.003048129676079274,2.3579476910000015,2.3579476910000015,247500.0,5866385.928492755,23.702569408051534,5618885.928492755,18,广东,534068.3250066784,0.0910387300659396,7.320520302203332,4.6744576948351675,0.6874786238969869,9.11341128812233,0.15604439336413667,0.09,0.07847415303002583,1.70966590375821,1.3,14.88438581330947,38631892.88128997,0.5844178507518022,0.12045917775430293,0.00091954050445886,0.07275650984649373,NONE,DIAGNOSTIC_ONLY,True,26,9.639933296057279e-11,HJB_CONVERGED,True,True,CONTINUED_TO_HOUSEHOLD_BATCH
21,9,江苏,203535217.25929242,186099.6120113716,479925395.57373226,479925395.57373226,480111495.18574363,2.3588620271749265,0.0009143361749249082,2.3579476910000015,2.3579476910000015,844600.0,5751430.422446183,6.809650038416034,4906830.422446183,18,广东,519524.9615607989,0.09032969598888688,7.311538550200362,4.6768349687990405,0.6814756567021942,9.383744272432919,0.12637815608517322,0.09,0.0802883423697388,4.483977341534666,1.3,15.497947069280663,99994055.70534526,0.6635932644086555,0.12055996343418629,0.0008969944212404712,0.07281011103542268,NONE,DIAGNOSTIC_ONLY,True,15,1.8562169579183774e-09,HJB_CONVERGED,True,True,CONTINUED_TO_HOUSEHOLD_BATCH
21,10,浙江,124249656.20818298,197557.92220766156,292974189.963629,292974189.963629,293171747.88583666,2.3595376987975007,0.0015900077974996486,2.357947691000001,2.357947691000001,627300.0,5804766.13940597,9.253572675603332,5177466.13940597,18,广东,529628.7802317848,0.09124033036169554,7.314610861894522,4.672356490724734,0.6816420582702823,9.165401527628969,0.12937058855746716,0.09,0.08325517629750019,2.766533369946176,1.3,15.190566958950644,62225026.681141794,0.5928671708995662,0.12052254047069422,0.0009017794315644423,0.07279349757497555,NONE,DIAGNOSTIC_ONLY,True,15,1.0699174879391649e-10,HJB_CONVERGED,True,True,CONTINUED_TO_HOUSEHOLD_BATCH
21,11,安徽,70182433.35888097,207942.8014525687,165486506.68733487,165486506.68733487,165694449.48878744,2.360910580593602,0.002962889593600211,2.3579476910000015,2.3579476910000015,607600.0,5920668.965590469,9.744353136258177,5313068.965590469,18,广东,538126.6868201621,0.0908895075788948,7.31333464108387,4.669484731255562,0.6765650106132887,9.153834481756036,0.1353671455510885,0.09,0.0889423941012197,1.5925260473899796,1.3,15.391400592178275,36485448.970103085,0.526954826994806,0.12046389221953024,0.0009179766013376334,0.0727575268547167,NONE,DIAGNOSTIC_ONLY,True,13,8.013556751507167e-08,HJB_CONVERGED,True,True,CONTINUED_TO_HOUSEHOLD_BATCH
21,12,福建,87795538.11850408,200488.3311120304,207017286.3866293,207017286.3866293,207217774.71774134,2.360231273234459,0.0022835822344572524,2.3579476910000015,2.3579476910000015,410400.0,5844413.590141388,14.24077385512034,5434013.590141388,18,广东,543874.2334246946,0.09305882019406113,7.320806365047675,4.670021210493148,0.6859965215934535,8.949467669178825,0.12037954999437808,0.09,0.08215981755264068,1.8290406106336232,1.3,14.718273699048215,41503231.24223375,0.5099494349842981,0.1204893024999425,0.0008976886463751832,0.07277310268957526,NONE,DIAGNOSTIC_ONLY,True,15,1.429027118859949e-08,HJB_CONVERGED,True,True,CONTINUED_TO_HOUSEHOLD_BATCH
21,13,江西,51050047.92908307,208636.8974814153,120373342.63982084,120373342.63982084,120581979.53730226,2.3620345999441663,0.0040869089441648776,2.3579476910000015,2.3579476910000015,451300.0,5765112.506415198,12.77445713807932,5313812.506415198,18,广东,530727.26442442,0.09205844011436844,7.316529773719811,4.667327367597904,0.6785099235204282,9.010531121596786,0.12173635092565219,0.09,0.08910660871081744,1.0890461936534497,1.0890461936534497,15.111464072834885,24368453.368970513,0.44811130024409673,0.12054257123382284,0.0010508694130462182,0.07272041771269833,NONE,DIAGNOSTIC_ONLY,True,14,4.973639278205155e-10,HJB_CONVERGED,True,True,CONTINUED_TO_HOUSEHOLD_BATCH
21,14,山东,210016973.07581103,182744.59852867323,495209036.73491806,495209036.73491806,495391781.33344674,2.3588178330454386,0.0008701420454369984,2.3579476910000015,2.3579476910000015,1007700.0,5798097.155721485,5.753792950006435,4790397.155721485,18,广东,518142.4269727006,0.08936421951146585,9.099227647940026,0.3128385504179808,0.6309596368821255,9.477854878917144,0.07941148449725806,0.07941148449725806,0.08238189814647419,3.1467118405964127,1.3,15.499374587417922,71502033.73671246,0.4626834580176344,0.12055729898514578,0.0009284836232779092,0.07281641162438479,NONE,DIAGNOSTIC_ONLY,False,100,0.006797551867114615,HJB_NONCONVERGED_DIAGNOSTIC_ONLY,True,True,CONTINUED_TO_HOUSEHOLD_BATCH
21,15,河南,168320556.01470312,195945.4020837168,396891066.40270567,396891066.40270567,397087011.80478936,2.3591118114539915,0.0011641204539901864,2.3579476910000015,2.3579476910000015,986400.0,5861362.232856735,5.942175824064005,4874962.232856735,18,广东,527705.9182277716,0.09003127554028958,7.311247593980032,4.679634184392384,0.6823706058985046,9.499063364100367,0.07259711696770536,0.07259711696770536,0.07792315931875424,2.3285058614553966,1.3,15.620681431655537,53571410.66106741,0.40697513770246574,0.12055999839991971,0.0009076664925542488,0.07280354736907535,NONE,DIAGNOSTIC_ONLY,True,24,7.932564249912843e-08,HJB_CONVERGED,True,True,CONTINUED_TO_HOUSEHOLD_BATCH
21,16,湖北,101805153.6623069,201326.15852856665,240051227.009937,240051227.009937,240252553.16846555,2.359925254524894,0.0019775635248916396,2.3579476910000023,2.3579476910000023,591700.0,5891524.632764015,9.956945466898793,5299824.632764015,18,广东,538806.8529750992,0.09145457017673835,7.310638761120505,4.673278529379308,0.6779655146413749,9.298996489995051,0.1109087029124323,0.09,0.08505014217767135,1.966624956051398,1.3,15.529288717900721,45080409.5293572,0.4955688034570841,0.12051062556492464,0.000901801126365287,0.07278115104843175,NONE,DIAGNOSTIC_ONLY,True,13,3.77055853206798e-09,HJB_CONVERGED,True,True,CONTINUED_TO_HOUSEHOLD_BATCH
21,17,湖南,93791807.14892803,204352.07660945706,221156175.10153234,221156175.10153234,221360527.1781418,2.360126474870591,0.0021787838705887718,2.357947691000002,2.357947691000002,663500.0,5899464.267058833,8.89143069639613,5235964.267058833,18,广东,545706.8525105946,0.09250108616772008,7.314169167745536,4.669816413204414,0.6786126538289675,9.120745566549664,0.10235367119553669,0.09,0.08716459098581739,1.6946387534420526,1.3,15.257300390483655,38973542.92490743,0.4549725667351951,0.12050115775838943,0.0008957069144477359,0.07277359639378878,NONE,DIAGNOSTIC_ONLY,True,13,2.9429129355662553e-08,HJB_CONVERGED,True,True,CONTINUED_TO_HOUSEHOLD_BATCH
21,18,广东,191259406.86816654,196312.7678169135,450979676.8068231,450979676.8068231,451175989.57464,2.3589741125027732,0.001026421502772045,2.3579476910000015,2.3579476910000015,1234800.0,5688333.945570891,4.606684439237845,4453533.945570891,18,广东,538006.9667580632,0.09458076334934093,7.320406859431152,4.666647967166982,0.6832209081856816,8.868604385879467,0.14858553850575412,0.09,0.08623294202059138,4.8854930577397715,1.3,14.720285045902104,107220968.42503463,0.7471158026531054,0.12055731740741926,0.0008667366608894334,0.07279757732271919,NONE,DIAGNOSTIC_ONLY,True,13,8.947994345476218e-09,HJB_CONVERGED,True,True,CONTINUED_TO_HOUSEHOLD_BATCH
21,19,广西,67306708.83876626,206253.45745455232,158705698.69517833,158705698.69517833,158911952.1526329,2.361012072857517,0.0030643818575148887,2.357947691000002,2.357947691000002,494700.0,5556463.195613326,11.23198543685734,5061763.195613326,18,广东,521998.6699411446,0.0939444124012642,7.333698141330629,4.668703313884286,0.6949098289455555,8.659951899249084,0.07085796132041189,0.07085796132041189,0.07821286022706683,0.965092978200983,0.965092978200983,13.98457715373403,21056805.159264702,0.318907674037005,0.12031321629959812,0.0010278411893980266,0.07280516202858722,NONE,DIAGNOSTIC_ONLY,True,27,6.727951529228449e-11,HJB_CONVERGED,True,True,CONTINUED_TO_HOUSEHOLD_BATCH
21,20,海南,14673330.466888333,208838.5388207357,34598945.69367932,34598945.69367932,34807784.232500054,2.372180215735405,0.014232524735403344,2.3579476910000015,2.3579476910000015,98200.0,5483969.888876037,55.84490721869691,5385769.888876037,18,广东,512960.2853058264,0.09353812943910234,7.3415110001152755,4.654356742661671,0.6956812105110342,8.072093025002715,0.08444815255431094,0.08444815255431094,0.0866095007684289,0.2453296260436122,0.8,13.165680806611823,5266405.193365291,0.24549283597608468,0.12000090331064195,0.0009439980752321553,0.07243472282267116,NONE,DIAGNOSTIC_ONLY,True,13,1.2112623792859267e-08,HJB_CONVERGED,True,True,CONTINUED_TO_HOUSEHOLD_BATCH
21,21,重庆,50663834.63130832,206017.70556781246,119462671.88609937,119462671.88609937,119668689.59166718,2.3620140572169896,0.004066366216987874,2.357947691000002,2.357947691000002,316300.0,5693001.206220397,17.998739191338593,5376701.206220397,18,广东,521591.75209640333,0.09161982111061064,7.319344401077627,4.667542158842413,0.6828184910087658,8.917712418661738,0.11531450729912188,0.09,0.0858688411738603,1.0465881176317504,1.0465881176317504,14.803600460510989,23158791.681068905,0.429677518805814,0.12052807739172189,0.0010422112154124807,0.07272250801660607,NONE,DIAGNOSTIC_ONLY,True,13,7.94073029553033e-09,HJB_CONVERGED,True,True,CONTINUED_TO_HOUSEHOLD_BATCH
21,22,四川,94830047.41899477,207507.54951283167,223604291.3490394,223604291.3490394,223811798.89855224,2.3601358956372516,0.002188204637249472,2.357947691000002,2.357947691000002,832100.0,5814381.420515641,6.987599351659225,4982281.420515641,18,广东,530998.8297898067,0.0913250768028761,7.3202988703493705,4.664937499696058,0.6810099778324444,8.84636381404216,0.12439639574724257,0.09,0.0890484142070035,2.0405796187154417,1.3,14.782078655144216,46023995.090626135,0.5349606832809536,0.12051807374127299,0.0008918746510737652,0.07276788526962874,NONE,DIAGNOSTIC_ONLY,True,14,1.5397150221474476e-09,HJB_CONVERGED,True,True,CONTINUED_TO_HOUSEHOLD_BATCH
21,23,贵州,39447014.665611394,209570.85596765942,93013997.1476216,93013997.1476216,93223568.00358926,2.3632604087745706,0.005312717774568538,2.357947691000002,2.357947691000002,382200.0,5418870.296998508,14.178101248033773,5036670.296998508,18,广东,500891.3018490071,0.09243463570745528,7.324946209390609,4.661603944061081,0.683358824633084,8.649904150027195,0.10278656730839926,0.09,0.08978713014442179,0.7796967790145991,0.8,14.418694234208282,16469100.710830314,0.37218577181784795,0.12038242164874724,0.000906989618439269,0.07268196277195083,NONE,DIAGNOSTIC_ONLY,True,14,2.335027282640567e-09,HJB_CONVERGED,True,True,CONTINUED_TO_HOUSEHOLD_BATCH
21,24,云南,68611984.86091176,205504.18655328182,161783471.27771398,161783471.27771398,161988975.46426725,2.360942855576131,0.002995164576128704,2.3579476910000023,2.3579476910000023,470300.0,5584046.049225345,11.873370293908877,5113746.049225345,18,广东,517501.76320618164,0.09267505293549161,7.334051839979816,4.663348085804785,0.6937458032006658,8.468410334677326,0.07503728909438008,0.07503728909438008,0.08203649064016229,1.0225988263696235,1.0225988263696235,13.768042806540898,22400709.967543904,0.3340592681132454,0.1203482390308368,0.001028539930209238,0.0728001095535522,NONE,DIAGNOSTIC_ONLY,True,19,4.332266900775039e-08,HJB_CONVERGED,True,True,CONTINUED_TO_HOUSEHOLD_BATCH
21,25,西藏,6325734.326183821,209268.87290860387,13559773.316640537,13559773.316640537,13769042.18954914,2.1766709570074068,0.03308214700740542,2.143588810000001,2.143588810000001,35400.0,5408197.551907075,152.77394214426764,5372797.551907075,18,广东,481227.7613726919,0.08898117288688875,7.103408448863265,1.6331301431319074,0.6857413010759542,7.878851847748706,0.05638565370796632,0.05638565370796632,0.05858985833187295,0.07165792222960471,0.8,11.688032116172485,1548598.4113898317,0.14365805210432228,0.018881092885404405,0.065991770367676,0.00012813962143609636,NONE,DIAGNOSTIC_ONLY,True,12,2.235726359600676e-08,HJB_CONVERGED,True,True,CONTINUED_TO_HOUSEHOLD_BATCH
21,26,陕西,73897910.2910824,202921.16455863655,174247406.940583,174247406.940583,174450328.10514164,2.3606936572087798,0.0027459662087782203,2.3579476910000015,2.3579476910000015,393100.0,5793205.048682542,14.737229836383978,5400105.048682542,18,广东,522967.3201111672,0.09027253751877772,7.314771178099949,4.671682530356657,0.6812956861235567,9.142572973634113,0.0815083889709995,0.0815083889709995,0.08395119266970748,1.1318842519761363,1.1318842519761363,15.17367234293208,25685049.36377944,0.3591724314858959,0.120388212610687,0.0010524779417711017,0.07280747826110034,NONE,DIAGNOSTIC_ONLY,True,14,2.362519069265545e-10,HJB_CONVERGED,True,True,CONTINUED_TO_HOUSEHOLD_BATCH
21,27,甘肃,25177704.67938732,209807.38845904975,59367710.61344128,59367710.61344128,59577518.00190033,2.3662807535698724,0.008333062569870259,2.3579476910000023,2.3579476910000023,251500.0,5487393.389782014,21.818661589590516,5235893.389782014,18,广东,489256.52470015275,0.08916009659726408,7.327470303608205,4.659895283984791,0.6847948641573776,8.545867660249291,0.08054462655708308,0.08054462655708308,0.09,0.40431099446276775,0.8,14.219866801241217,8692440.349610714,0.27247064322508474,0.12027814427702466,0.0009398803890598995,0.07259786399609025,NONE,DIAGNOSTIC_ONLY,True,14,2.0942030332093964e-09,HJB_CONVERGED,True,True,CONTINUED_TO_HOUSEHOLD_BATCH
21,28,青海,17578407.529567722,207996.8318839588,23396860.42185464,23396860.42185464,23604857.2537386,1.3428325184766654,0.01183251847666509,1.3310000000000002,1.3310000000000002,58700.0,5489921.196966843,93.5250629806958,5431221.196966843,18,广东,484105.06102895766,0.08818069397725117,5.677459582059648,1.7453009510195518,0.6906692846390887,8.7115251544558,0.05912985399677949,0.05912985399677949,0.05048436894185376,0.1268986424057197,0.8,12.898009297876728,2744956.570678925,0.17038629150522536,0.0016924474934583156,5.008267612693906e-05,0.0011075070309588542,NONE,DIAGNOSTIC_ONLY,True,12,3.272870330306432e-08,HJB_CONVERGED,True,True,CONTINUED_TO_HOUSEHOLD_BATCH
21,29,宁夏,18640640.44456374,207893.59330783723,30020937.842374355,30020937.842374355,30228831.435682192,1.6216627065781946,0.011152706578194112,1.6105100000000003,1.6105100000000003,71000.0,5594851.277978715,78.80072222505231,5523851.277978715,18,广东,492415.799439697,0.0880123125663485,6.089194269133965,1.693499995604447,0.6774300152143606,9.4202181585582,0.058907628658873716,0.058907628658873716,0.05191318268592759,0.1590314595255056,0.8,14.247076139111325,3505955.606858508,0.18041225947436001,0.0016983736362241597,3.0365382830188636e-05,0.0012091599172388001,NONE,DIAGNOSTIC_ONLY,True,12,4.003039411060172e-08,HJB_CONVERGED,True,True,CONTINUED_TO_HOUSEHOLD_BATCH
21,30,新疆,49250553.031937115,204892.38895466068,105572934.36557204,105572934.36557204,105777826.75452669,2.1477490148371285,0.0041602048371273265,2.143588810000001,2.143588810000001,252000.0,5116390.8449635785,20.303138273664995,4864390.8449635785,18,广东,452016.8405577876,0.0883468159987698,7.507577769577313,1.6695616088937242,0.6853354687605626,7.469164821949576,0.06262469946617888,0.06262469946617888,0.06404322342501854,0.6272642156625191,0.8,11.051200869124033,12809039.925246684,0.26769564371977195,0.01880158987827607,0.06694008085789982,2.811019667714465e-05,NONE,DIAGNOSTIC_ONLY,True,15,3.1761544505570782e-09,HJB_CONVERGED,True,True,CONTINUED_TO_HOUSEHOLD_BATCH
22,0,北京,58719043.066994764,194531.4484550265,138456432.01754996,152302075.21930498,138650963.466005,2.3612606102557376,0.003312919255735797,2.357947691000002,2.5937424601000023,219200.0,5873276.58080277,26.7941449854141,5654076.58080277,18,广东,522373.6169779456,0.088940748795206,7.3212402141428035,4.674178481335864,0.6879045044947765,9.089149356805544,0.1622021879214071,0.09,0.07842473448454587,1.5681489935747088,1.3,14.834478679395414,35524487.16911617,0.586425835866777,0.043564908910564526,0.00028767656827977106,0.07305283541098806,HIGH_RA_INCREASE_1P1,DIAGNOSTIC_ONLY,True,25,7.692690928706725e-11,HJB_CONVERGED,True,True,CONTINUED_TO_HOUSEHOLD_BATCH
22,1,天津,64593598.72309723,200716.40677028117,114431500.3474889,114431500.3474889,114632216.75425917,1.7746683730329031,0.003107373032902554,1.7715610000000008,1.7715610000000008,138300.0,5470734.984290753,39.557013624661984,5332434.984290753,18,广东,484542.7994940767,0.08856996379562238,0.8332185400361118,2.173823820779888,0.7070352511984828,9.975835429313374,0.05931336097266851,0.05931336097266851,0.04312975340802523,0.6197650097227178,0.8,14.636624583059188,13359402.24180851,0.2585393396931767,0.0006107848873472266,0.00028113861621315017,0.00026175143056450523,NONE,DIAGNOSTIC_ONLY,True,12,1.029233320792855e-08,HJB_CONVERGED,True,True,CONTINUED_TO_HOUSEHOLD_BATCH
22,2,河北,113705229.18254791,194016.0142375917,268110982.60561484,268110982.60561484,268304998.61985242,2.3596539978746494,0.0017063068746478577,2.3579476910000015,2.3579476910000015,742600.0,5907946.340479465,7.955758605547354,5165346.340479465,18,广东,527191.9175729457,0.08923437810543162,7.320282625771341,4.679269976518976,0.6882508014142699,9.3205249139014,0.06902267633627418,0.06902267633627418,0.07514813830929429,1.5010516885922096,1.3,15.139650037717288,34870603.76218601,0.3530688723929924,0.04362079797739793,0.0003072201362286364,0.07311995722938613,NONE,DIAGNOSTIC_ONLY,True,24,2.687805533696519e-10,HJB_CONVERGED,True,True,CONTINUED_TO_HOUSEHOLD_BATCH
22,3,山西,53478727.38884524,197337.4801357734,126100041.76414621,138710045.94056085,126297379.24428198,2.3616377092515757,0.0036900182515737026,2.357947691000002,2.5937424601000028,350200.0,5455058.427788305,15.57698009077186,5104858.427788305,18,广东,485853.42545998585,0.08906475189798653,9.026646536601383,-0.2602752870097774,0.6304780774538867,9.585457765098463,0.07308631329540638,0.07308631329540638,0.0794248509305209,0.798999213570678,0.8,14.944394712983133,17124058.422526572,0.3087507909510407,0.043532337864235826,0.00028064020167328785,0.0730637370693612,HIGH_RA_INCREASE_1P1,DIAGNOSTIC_ONLY,False,100,0.17518880150884875,HJB_NONCONVERGED_DIAGNOSTIC_ONLY,True,True,CONTINUED_TO_HOUSEHOLD_BATCH
22,4,内蒙古,82165502.99427319,192318.668333895,132328364.22730699,132328364.22730699,132520682.89564088,1.6128506254611181,0.0023406254611171716,1.610510000000001,1.610510000000001,242200.0,5402510.853285142,22.305990310838737,5160310.853285142,18,广东,477782.13552196184,0.08843705241821653,6.050442446437744,1.698109230899541,0.6777213269014906,9.430787587476827,0.06299955980276253,0.06299955980276253,0.05175853032425145,0.757838388931437,0.8,14.257911589199812,16119568.539393205,0.28121436164581665,0.000689321160770584,0.00028659946399534064,0.00131539084845822,NONE,DIAGNOSTIC_ONLY,True,12,3.856083985454006e-08,HJB_CONVERGED,True,True,CONTINUED_TO_HOUSEHOLD_BATCH
22,5,辽宁,90061052.78222083,192479.69202278808,193053864.96078804,193053864.96078804,193246344.65281084,2.1457260234355164,0.002137213435515002,2.143588810000001,2.143588810000001,429100.0,5597045.738399537,13.043686176647721,5167945.738399537,18,广东,495925.31456363184,0.08860483507598431,7.314185937605123,4.669325997411122,0.704824459817011,8.80521800317935,0.06270369829464911,0.06270369829464911,0.06362276632674599,1.062864897849959,1.062864897849959,13.782214228734757,23427010.208841287,0.3065187607649176,0.021135549697571587,0.0035863199812653512,0.0035511703774361303,NONE,DIAGNOSTIC_ONLY,True,24,5.174679795771908e-09,HJB_CONVERGED,True,True,CONTINUED_TO_HOUSEHOLD_BATCH
22,6,吉林,66308917.7271201,195062.5197524699,97082886.44427659,97082886.44427659,97277948.96402906,1.4670417237747004,0.002941723774699614,1.4641000000000006,1.4641000000000006,248400.0,5357898.168716942,21.569638360374164,5109498.168716942,18,广东,470620.0270057419,0.0878366874819574,6.02657182721792,1.7054864829477585,0.6870640269295354,8.740359996821681,0.058654019415535864,0.058654019415535864,0.051416853509511196,0.5327398037494715,0.8,13.003206663442194,11248230.055225685,0.24706701680869284,0.000745778755053883,0.00027465240996993323,0.0004949390227581008,NONE,DIAGNOSTIC_ONLY,True,12,1.8724275019366132e-08,HJB_CONVERGED,True,True,CONTINUED_TO_HOUSEHOLD_BATCH
22,7,黑龙江,58424879.89838116,197429.05180747042,113853562.5234217,113853562.5234217,114050991.57522917,1.952096294825063,0.003379194825061862,1.9487171000000014,1.9487171000000014,332700.0,5249243.862877974,15.77770923618267,4916543.862877974,18,广东,459156.1439978439,0.08747091123827211,6.485807864235869,1.6643193844103843,0.6903541279761168,8.16730265926273,0.05647292487875016,0.05647292487875016,0.053328416101172095,0.6206190232322613,0.8,12.058145021643838,12843761.249720737,0.25220994139383196,4.5626813135246636e-05,0.0002838179476478686,0.00021319038487233044,NONE,DIAGNOSTIC_ONLY,True,12,5.380942980082182e-08,HJB_CONVERGED,True,True,CONTINUED_TO_HOUSEHOLD_BATCH
22,8,上海,66125294.30800852,193619.2039637355,155919985.03026423,171511983.53329065,156113604.23422796,2.360875756666702,0.0029280656667003448,2.3579476910000015,2.5937424601000014,247500.0,5873769.382188193,23.73240154419472,5626269.382188193,18,广东,534465.3125576362,0.09099187894205824,7.321077185720836,4.674192235093944,0.6877948423660781,9.092702666722444,0.1556161516018328,0.09,0.07847367756412776,1.703391235807218,1.3,14.843623521112054,38643170.91817392,0.5844178507518022,0.04356932751500309,0.00029193591208698244,0.07306968599664332,HIGH_RA_INCREASE_1P1,DIAGNOSTIC_ONLY,True,25,3.103877155297141e-10,HJB_CONVERGED,True,True,CONTINUED_TO_HOUSEHOLD_BATCH
22,9,江苏,203535217.25929242,178159.2832226594,479925395.57373226,527917935.13110554,480103554.85695493,2.3588230151115814,0.0008753241115796413,2.3579476910000015,2.5937424601000023,844600.0,5758859.366751717,6.818445852180579,4914259.366751717,18,广东,519911.24418000353,0.09028024667205223,7.31205923880105,4.676563220572489,0.6817850901927812,9.362523264496268,0.12611000285625892,0.09,0.0802879414378604,4.470186337922539,1.3,15.455868764826535,100026646.13791734,0.6635932644086555,0.04360569115732105,0.00032592369958583944,0.07315976527576451,HIGH_RA_INCREASE_1P1,DIAGNOSTIC_ONLY,True,15,1.1301986013734222e-09,HJB_CONVERGED,True,True,CONTINUED_TO_HOUSEHOLD_BATCH
22,10,浙江,124249656.20818298,189618.45948856647,292974189.963629,322271608.95999193,293163808.4231176,2.359473799524365,0.0015261085243636944,2.357947691000001,2.5937424601000014,627300.0,5812155.254439031,9.265351912066047,5184855.254439031,18,广东,530022.6048799478,0.09119209341064029,7.315101870539438,4.672082057511403,0.6819414213022827,9.145181139746093,0.12908732680476684,0.09,0.08325489749910604,2.757871542685056,1.3,15.150446766923926,62244517.97376079,0.5928671708995662,0.04360120869445372,0.0003132387988979968,0.07312953812162148,HIGH_RA_INCREASE_1P1,DIAGNOSTIC_ONLY,True,16,1.4377929957731794e-09,HJB_CONVERGED,True,True,CONTINUED_TO_HOUSEHOLD_BATCH
22,11,安徽,70182433.35888097,200004.04859216287,165486506.68733487,182035157.35606837,165686510.73592702,2.3607974646402146,0.0028497736402132616,2.3579476910000015,2.5937424601000023,607600.0,5928083.116118213,9.756555490648804,5320483.116118213,18,广东,538526.6810116592,0.0908433081087253,7.313775548523385,4.66919534075081,0.6768544071814595,9.133793385469438,0.1350529731885928,0.09,0.08894235027953612,1.5873422594817141,1.3,15.351353826506625,36496118.94798971,0.526954826994806,0.043580658214748436,0.0002924447468186653,0.0730712491580554,HIGH_RA_INCREASE_1P1,DIAGNOSTIC_ONLY,True,13,8.698643005899953e-08,HJB_CONVERGED,True,True,CONTINUED_TO_HOUSEHOLD_BATCH
22,12,福建,87795538.11850408,192549.09434728292,207017286.3866293,227719015.02529228,207209835.48097658,2.360140844530052,0.002193153530050528,2.3579476910000015,2.5937424601000023,410400.0,5851725.79714364,14.258591123644347,5441325.79714364,18,广东,544278.6201570955,0.09301164118502787,7.321274815881267,4.6697738005721305,0.6862736373585303,8.9313976672871,0.12013826815411269,0.09,0.08215949362699823,1.8236533949079246,1.3,14.682604768089828,41515650.78763775,0.5099494349842981,0.04360065483637676,0.00029924285488780455,0.07309412237547108,HIGH_RA_INCREASE_1P1,DIAGNOSTIC_ONLY,True,16,1.3227608786081646e-08,HJB_CONVERGED,True,True,CONTINUED_TO_HOUSEHOLD_BATCH
22,13,江西,51050047.92908307,200698.19066726914,120373342.63982084,132410676.90380295,120574040.83048812,2.3618790916315167,0.003931400631515018,2.3579476910000015,2.5937424601000023,451300.0,5772433.547442074,12.790679254247893,5321133.547442074,18,广东,531140.4074767571,0.09201325630021677,7.316944617264381,4.667058192116284,0.6787798331479126,8.992197547422096,0.12148599728597034,0.09,0.08910657169074969,1.0857377808541466,1.0857377808541466,15.074901947300216,24375369.75008943,0.44811130024409673,0.043570902521809396,0.0002838251986776452,0.07302488279838126,HIGH_RA_INCREASE_1P1,DIAGNOSTIC_ONLY,True,14,4.691669275302957e-10,HJB_CONVERGED,True,True,CONTINUED_TO_HOUSEHOLD_BATCH
22,14,山东,210016973.07581103,180122.89942038912,495209036.73491806,544729940.40841,495389159.63433844,2.3588053497729202,0.0008576587729191256,2.3579476910000015,2.593742460100002,1007700.0,5805557.017266993,5.761195809533585,4797857.017266993,18,广东,518527.5610803572,0.08931572966007277,7.31153097053309,4.674902334497965,0.6803494345640142,9.31838849353251,0.07944873766682559,0.07944873766682559,0.08230426696309745,3.140070187044956,1.3,15.454706096397222,71525836.93490402,0.4626834580176344,0.043621780383448217,0.0003329023937865827,0.07317355477590826,HIGH_RA_INCREASE_1P1,DIAGNOSTIC_ONLY,True,35,1.002635974245436e-09,HJB_CONVERGED,True,True,CONTINUED_TO_HOUSEHOLD_BATCH
22,15,河南,168320556.01470312,188005.6756660062,396891066.40270567,436580173.04297626,397079072.0783717,2.3590646411819485,0.001116950181946782,2.3579476910000015,2.593742460100002,986400.0,5868775.3483580435,5.949691147970442,4882375.3483580435,18,广东,528098.1415751128,0.08998438519594437,7.311820368614192,4.679445079705492,0.6827303731115895,9.480028686340262,0.07263153269803815,0.07263153269803815,0.07784848474502994,2.323932146627652,1.3,15.579606266166579,53588356.70573687,0.40697513770246574,0.04363016086907545,0.00031632627291955373,0.07314290331678941,HIGH_RA_INCREASE_1P1,DIAGNOSTIC_ONLY,True,25,3.845324059170707e-08,HJB_CONVERGED,True,True,CONTINUED_TO_HOUSEHOLD_BATCH
22,16,湖北,101805153.6623069,193387.0112048103,240051227.009937,264056349.7109307,240244614.0211418,2.359847270778117,0.0018995797781150184,2.3579476910000023,2.5937424601000028,591700.0,5898910.54297546,9.969427992184317,5307210.54297546,18,广东,539207.4040470301,0.09140796425352289,7.311075677266238,4.673017768014857,0.6782406782119876,9.279908159392509,0.11077098404228376,0.09,0.08504993741935028,1.9612083506265454,1.3,15.49123964057394,45094104.432737015,0.4955688034570841,0.043610950191387055,0.00030378835336208887,0.07310704946782676,HIGH_RA_INCREASE_1P1,DIAGNOSTIC_ONLY,True,13,3.361337430618505e-09,HJB_CONVERGED,True,True,CONTINUED_TO_HOUSEHOLD_BATCH
22,17,湖南,93791807.14892803,196413.13066819592,221156175.10153234,243271792.6116856,221352588.23220053,2.3600418305270967,0.002094139527094513,2.357947691000002,2.5937424601000028,663500.0,5906804.715818782,8.90249391984745,5243304.715818782,18,广东,546112.5228379439,0.09245481256142112,7.314578755720456,4.6695624242549325,0.6788737286644931,9.102899919949122,0.10239970618816596,0.09,0.08716447358982528,1.690273160018224,1.3,15.221733239163248,38985205.71548515,0.4549725667351951,0.043614509069903384,0.00029924891868793324,0.07309462273250666,HIGH_RA_INCREASE_1P1,DIAGNOSTIC_ONLY,True,13,3.4230788426015124e-08,HJB_CONVERGED,True,True,CONTINUED_TO_HOUSEHOLD_BATCH
22,18,广东,191259406.86816654,188373.38123621128,450979676.8068231,496077644.48750544,451168050.1880593,2.3589326014120995,0.0009849104120983468,2.3579476910000015,2.593742460100002,1234800.0,5695589.300897882,4.612560172414871,4460789.300897882,18,广东,538406.950643026,0.09453050811759703,7.3208116129872876,4.666409455314267,0.6834713843126122,8.852142290599975,0.1482014915262282,0.09,0.08623278611257118,4.868388902401397,1.3,14.687650584968777,107255376.29119262,0.7471158026531054,0.04362054068338739,0.00032090613117397027,0.0731418446427905,HIGH_RA_INCREASE_1P1,DIAGNOSTIC_ONLY,True,13,9.572454384709772e-09,HJB_CONVERGED,True,True,CONTINUED_TO_HOUSEHOLD_BATCH
22,19,广西,67306708.83876626,198314.56262873707,158705698.69517833,174576268.56469616,158904013.25780708,2.3608941218395163,0.0029464308395140983,2.357947691000002,2.5937424601000023,494700.0,5563256.623319293,11.245717855911247,5068556.623319293,18,广东,522387.3657332985,0.09389956299043029,7.3342230617221364,4.668580689095425,0.6952170230778564,8.646552636527476,0.07089143055026507,0.07089143055026507,0.0781368658750758,0.9632238252225057,0.9632238252225057,13.955193255517568,21062768.044529986,0.318907674037005,0.04355705142462907,0.0002831809108827521,0.07310895997157019,HIGH_RA_INCREASE_1P1,DIAGNOSTIC_ONLY,True,27,6.927836082581962e-11,HJB_CONVERGED,True,True,CONTINUED_TO_HOUSEHOLD_BATCH
22,20,海南,14673330.466888333,200899.84433692135,34598945.69367932,38058840.263047256,34799845.53801624,2.371639186927955,0.013691495927953753,2.3579476910000015,2.593742460100002,98200.0,5490721.137235815,55.91365720199404,5392521.137235815,18,广东,513341.26415932685,0.09349250332129551,7.341920460215016,4.654133743947602,0.6959206761975473,8.058080279485448,0.08449225993407866,0.08449225993407866,0.08660936042274654,0.24474594603087582,0.8,13.138275172333431,5267215.613464808,0.24549283597608468,0.043253812136484715,0.00015388487398171335,0.07259975430484622,HIGH_RA_INCREASE_1P1,DIAGNOSTIC_ONLY,True,13,1.1890246565116058e-08,HJB_CONVERGED,True,True,CONTINUED_TO_HOUSEHOLD_BATCH
22,21,重庆,50663834.63130832,198078.8538611451,119462671.88609937,131408939.07470931,119660750.7399605,2.361857360595732,0.00390966959573052,2.357947691000002,2.593742460100002,316300.0,5700165.867033811,18.021390664033547,5383865.867033811,18,广东,521997.1675619524,0.09157578564175772,7.319752423524476,4.667302962879442,0.6830711192488361,8.9010268850256,0.11509288979441556,0.09,0.08586867022306996,1.0435524652792285,1.0435524652792285,14.770508268940393,23165287.138543203,0.429677518805814,0.04357720634194817,0.00028047480040194195,0.07302337964792871,HIGH_RA_INCREASE_1P1,DIAGNOSTIC_ONLY,True,13,8.211065605223666e-09,HJB_CONVERGED,True,True,CONTINUED_TO_HOUSEHOLD_BATCH
22,22,四川,94830047.41899477,199568.78729919152,223604291.3490394,245964720.48394337,223803860.1363386,2.3600521799539873,0.0021044889539854564,2.357947691000002,2.5937424601000023,832100.0,5821614.993952366,6.996292505651202,4989514.993952366,18,广东,531393.3399796393,0.09127936844529629,7.320686446019167,4.664691767737495,0.6812621898269073,8.829735683653976,0.12413609801815345,0.09,0.08904837477646521,2.0344210134921497,1.3,14.748956197967948,46037779.00444153,0.5349606832809536,0.04362097812463994,0.0002994940745202346,0.0730891728946026,HIGH_RA_INCREASE_1P1,DIAGNOSTIC_ONLY,True,14,1.589425480119644e-09,HJB_CONVERGED,True,True,CONTINUED_TO_HOUSEHOLD_BATCH
22,23,贵州,39447014.665611394,201632.20334995675,93013997.1476216,102315396.86238377,93215629.35097156,2.363059160272371,0.005111469272368868,2.357947691000002,2.5937424601000023,382200.0,5425469.789632905,14.195368366386461,5043269.789632905,18,广东,501263.35798954096,0.09239077488687981,7.325323084293342,4.661365710883938,0.6836019344687247,8.634262994889852,0.10283356711720508,0.09,0.08978712132103535,0.7776599676353286,0.8,14.387613439757194,16473315.980893776,0.37218577181784795,0.043549310198335967,0.00025595022688085223,0.07295651596369335,HIGH_RA_INCREASE_1P1,DIAGNOSTIC_ONLY,True,14,2.2659887299880666e-09,HJB_CONVERGED,True,True,CONTINUED_TO_HOUSEHOLD_BATCH
22,24,云南,68611984.86091176,197565.27521997664,161783471.27771398,177961818.4054854,161981036.55293396,2.360827148220493,0.0028794572204910744,2.3579476910000023,2.5937424601000028,470300.0,5590887.968652175,11.887918283334415,5120587.968652175,18,广东,517889.3655391057,0.09263096818303015,7.334513516577311,4.663214110055964,0.6940431709351009,8.455429736255178,0.07507240384714418,0.07507240384714418,0.08195811177769315,1.020527564808611,1.020527564808611,13.739542127268859,22407084.616429128,0.3340592681132454,0.04356745553156527,0.00028457351996702407,0.07310540005694888,HIGH_RA_INCREASE_1P1,DIAGNOSTIC_ONLY,True,21,2.5822526339425167e-09,HJB_CONVERGED,True,True,CONTINUED_TO_HOUSEHOLD_BATCH
22,25,西藏,6325734.326183821,201330.53796014853,13559773.316640537,13559773.316640537,13761103.854600687,2.1754160299840577,0.031827219984056285,2.143588810000001,2.143588810000001,35400.0,5418033.897561169,153.05180501585224,5382633.897561169,18,广东,481671.338755284,0.08890149966985252,7.099378690901719,1.6335671625126975,0.686036991697231,7.866260426200192,0.0564197369615946,0.0564197369615946,0.05852473049739047,0.07247890239447112,0.8,11.663588575630463,1548676.243347198,0.14365805210432228,0.005059010412018949,5.025961333404716e-05,0.00017840567501803406,NONE,DIAGNOSTIC_ONLY,True,12,2.102452745234018e-08,HJB_CONVERGED,True,True,CONTINUED_TO_HOUSEHOLD_BATCH
22,26,陕西,73897910.2910824,194982.09715265327,174247406.940583,191672147.63464132,174442389.03773564,2.3605862243006674,0.0026385333006660495,2.3579476910000015,2.5937424601000023,393100.0,5800412.351560173,14.75556436418258,5407312.351560173,18,广东,523361.1278168034,0.09022826242276237,7.315224706875226,4.6714244632764785,0.6815742952528161,9.123751611807226,0.08154644010998383,0.08154644010998383,0.08395094256782126,1.1294234921517243,1.1294234921517243,15.136304780746029,25692551.599823955,0.3591724314858959,0.043565368056926346,0.0002920857164125934,0.07312083000196123,HIGH_RA_INCREASE_1P1,DIAGNOSTIC_ONLY,True,16,1.0205747358327244e-09,HJB_CONVERGED,True,True,CONTINUED_TO_HOUSEHOLD_BATCH
22,27,甘肃,25177704.67938732,201868.74801115112,59367710.61344128,65304481.67478541,59569579.36145243,2.365965449194474,0.008017758194471897,2.3579476910000023,2.5937424601000028,251500.0,5494117.7030987,21.84539842186362,5242617.7030987,18,广东,489619.8272854401,0.08911709827572367,7.327897164771276,4.65962718220585,0.6850685800969483,8.528510298498905,0.08058421576724975,0.08058421576724975,0.09,0.40341800814162304,0.8,14.18542694524232,8694373.671091907,0.27247064322508474,0.043455029189021444,0.00022241412117129933,0.07283642490738096,HIGH_RA_INCREASE_1P1,DIAGNOSTIC_ONLY,True,13,1.965862495012516e-08,HJB_CONVERGED,True,True,CONTINUED_TO_HOUSEHOLD_BATCH
22,28,青海,17578407.529567722,200066.2120539786,23396860.42185464,23396860.42185464,23596926.63390862,1.342381361577689,0.01138136157768886,1.3310000000000002,1.3310000000000002,58700.0,5496874.005902952,93.64350947023767,5438174.005902952,18,广东,484466.55683786166,0.08813492110563304,5.652308899290816,1.7481876161442582,0.6910890321496219,8.696543639306341,0.059165256301783965,0.059165256301783965,0.05042877906809325,0.12673899279949088,0.8,12.867848572687754,2745185.6844863617,0.17038629150522536,0.000925205188343825,8.34671884735183e-05,0.0010241322829833699,NONE,DIAGNOSTIC_ONLY,True,12,3.2976743113977136e-08,HJB_CONVERGED,True,True,CONTINUED_TO_HOUSEHOLD_BATCH
22,29,宁夏,18640640.44456374,199958.68419444576,30020937.842374355,30020937.842374355,30220896.5265688,1.6212370286548963,0.01072702865489585,1.6105100000000003,1.6105100000000003,71000.0,5601947.788770212,78.90067308127058,5530947.788770212,18,广东,492783.97424638085,0.08796654178645265,6.07732214129261,1.695058675736994,0.6777930592107329,9.401820269666995,0.058941341728300706,0.058941341728300706,0.05185600218155186,0.1588424118468135,0.8,14.21093291298751,3506440.2336785854,0.18041225947436001,0.0008513354155934572,0.0001382295939882372,0.0010710974649349447,NONE,DIAGNOSTIC_ONLY,True,12,3.483465338405267e-08,HJB_CONVERGED,True,True,CONTINUED_TO_HOUSEHOLD_BATCH
22,30,新疆,49250553.031937115,196954.97427364235,105572934.36557204,105572934.36557204,105769889.33984567,2.1475878508665254,0.003999040866524372,2.143588810000001,2.143588810000001,252000.0,5131920.412755128,20.36476354267908,4879920.412755128,18,广东,452877.1210203637,0.08824710529312976,7.505705431609981,1.6697981813157958,0.6856640879183106,7.4547573741088495,0.06267749974865672,0.06267749974865672,0.06397830175199196,0.6342167384276788,0.8,11.023676421983316,12818501.113712603,0.26769564371977195,0.004312797055433748,0.000738633693167845,0.0007105027333522695,NONE,DIAGNOSTIC_ONLY,True,15,3.1749549656012732e-09,HJB_CONVERGED,True,True,CONTINUED_TO_HOUSEHOLD_BATCH
23,0,北京,58719043.066994764,192809.87572567098,152302075.21930498,152302075.21930498,152494885.09503064,2.5970260605412707,0.00328360044126889,2.5937424601000023,2.5937424601000023,219200.0,5857505.035838198,26.72219450656112,5638305.035838198,18,广东,522333.91652974766,0.08917344728411362,7.321147124516198,4.6742539585693414,0.6878600939522573,9.093820792094371,0.14482061790531836,0.09,0.07840095987055765,1.5687978579514799,1.3,14.842618352649945,35490167.0455512,0.5465022937497491,0.12153663317061936,0.0009660976498150342,0.07201616158857016,NONE,DIAGNOSTIC_ONLY,True,25,1.0064571398515909e-10,HJB_CONVERGED,True,True,CONTINUED_TO_HOUSEHOLD_BATCH
23,1,天津,64593598.72309723,199009.38718377549,114431500.3474889,114431500.3474889,114630509.73467267,1.7746419459624156,0.003080945962414913,1.7715610000000008,1.7715610000000008,138300.0,5456043.6979437545,39.45078595765549,5317743.6979437545,18,广东,484506.00014716137,0.08880170815526266,0.8226282026021989,2.173957084565793,0.7070425858565328,9.980804972874356,0.05925431169585115,0.05925431169585115,0.04307481553671163,0.6209981938418039,0.8,14.644303962428106,13349850.101875983,0.2585393396931767,0.0024326735433148894,0.0007150125252335382,0.0009765768002467645,NONE,DIAGNOSTIC_ONLY,True,12,1.0685348605932177e-08,HJB_CONVERGED,True,True,CONTINUED_TO_HOUSEHOLD_BATCH
23,2,河北,113705229.18254791,192309.88559117893,268110982.60561484,268110982.60561484,268303292.49120602,2.3596389930357455,0.0016913020357439785,2.3579476910000015,2.3579476910000015,742600.0,5892077.977422722,7.934389950744306,5149477.977422722,18,广东,527151.536229256,0.08946784788816381,7.305798753981579,4.680085996799804,0.6931209274719694,9.48441234848617,0.06257571835545403,0.06257571835545403,0.06624884533425833,1.3804269071551036,1.3,15.147073537654922,32471566.156530917,0.3290115611162021,0.019735778197807363,0.06879828126912546,0.0007088514235928933,NONE,DIAGNOSTIC_ONLY,True,23,7.400038271043741e-08,HJB_CONVERGED,True,True,CONTINUED_TO_HOUSEHOLD_BATCH
23,3,山西,53478727.38884524,196474.90181677643,138710045.94056085,138710045.94056085,138906520.84237763,2.5974163489789994,0.003673888878996731,2.5937424601000028,2.5937424601000028,350200.0,5439599.788167849,15.532837773180608,5089399.788167849,18,广东,485742.17512576754,0.0892974104790481,7.315275401006111,4.678879978549981,0.6924223170783605,9.31228187668326,0.06409322371903557,0.06409322371903557,0.07015658206048787,0.7994481468474525,0.8,14.951050575663157,17106554.95635025,0.287728287039378,0.12167945586407014,0.001022156415519948,0.071966898086254,NONE,DIAGNOSTIC_ONLY,True,24,1.4918375867978284e-08,HJB_CONVERGED,True,True,CONTINUED_TO_HOUSEHOLD_BATCH
23,4,内蒙古,82165502.99427319,190612.8555063633,132328364.22730699,132328364.22730699,132518977.08281335,1.6128298647675745,0.002319864767573427,1.610510000000001,1.610510000000001,242200.0,5388003.816046269,22.246093377565106,5145803.816046269,18,广东,477745.7896028332,0.08866842079436468,6.0403986718218095,1.6992888343804833,0.6777659951078816,9.435850336593907,0.06293788807378609,0.06293788807378609,0.051720887148099554,0.7593466369783572,0.8,14.264992539259113,16108067.666013502,0.28121436164581665,0.0024029813452961513,0.0007134727800931495,0.002027925132985886,NONE,DIAGNOSTIC_ONLY,True,12,3.87694312209419e-08,HJB_CONVERGED,True,True,CONTINUED_TO_HOUSEHOLD_BATCH
23,5,辽宁,90061052.78222083,191249.0681574634,193053864.96078804,193053864.96078804,193245114.0289455,2.145712359106405,0.002123549106403721,2.143588810000001,2.143588810000001,429100.0,5606455.924287789,13.065616229987855,5177355.924287789,18,广东,498089.34025788924,0.08884210399302543,6.931658274527551,1.6050131283390445,0.6702850189725511,9.025719907499528,0.06274219198178621,0.06274219198178621,0.05788601449546449,1.0617308272559904,1.0617308272559904,13.771788049114384,23437209.42550248,0.3065187607649176,0.006649473454950927,0.00043536142983136017,0.0031173549902180353,NONE,DIAGNOSTIC_ONLY,True,19,3.315429708550255e-08,HJB_CONVERGED,True,True,CONTINUED_TO_HOUSEHOLD_BATCH
23,6,吉林,66308917.7271201,193350.88106784044,97082886.44427659,97082886.44427659,97276237.32534443,1.467015910675297,0.002915910675296102,1.4641000000000006,1.4641000000000006,248400.0,5343518.390525185,21.51174875412715,5095118.390525185,18,广东,470584.3694300537,0.08806638904143503,6.0176931246980505,1.7064421593448538,0.6870672512719882,8.746495391300032,0.058595523959815606,0.058595523959815606,0.05138914115649698,0.5337989201584425,0.8,13.012723456414347,11240169.6744639,0.24706701680869284,0.002374183672110508,0.000716591030074154,0.0012111753839680883,NONE,DIAGNOSTIC_ONLY,True,12,1.8879082297473815e-08,HJB_CONVERGED,True,True,CONTINUED_TO_HOUSEHOLD_BATCH
23,7,黑龙江,58424879.89838116,195709.34480311503,113853562.5234217,113853562.5234217,114049271.86822481,1.9520668603271687,0.0033497603271673607,1.9487171000000014,1.9487171000000014,332700.0,5235157.264332746,15.735368994087004,4902457.264332746,18,广东,459121.33682385134,0.08769962651396476,6.482945997320843,1.6644966738524825,0.6903062401184421,8.172649452479817,0.05641590925177156,0.05641590925177156,0.0533138518634904,0.6218529257698294,0.8,12.067202759777109,12834582.376123985,0.25220994139383196,0.002693949016301378,0.0007146561990906131,0.0009276942261328136,NONE,DIAGNOSTIC_ONLY,True,12,5.648828826920749e-08,HJB_CONVERGED,True,True,CONTINUED_TO_HOUSEHOLD_BATCH
23,8,上海,66125294.30800852,191897.61627929067,171511983.53329065,171511983.53329065,171703881.14956996,2.5966444905300734,0.0029020304300717446,2.5937424601000014,2.5937424601000014,247500.0,5858149.010131895,23.669288929825836,5610649.010131895,18,广东,534424.6140121792,0.09122755551077161,7.321007663829661,4.674256292761774,0.6877637937500442,9.09649163764184,0.13884464265627788,0.09,0.07845000298934669,1.704064023361926,1.3,14.850033594823143,38605952.531088345,0.5446224587073373,0.12152730418944357,0.000963129738094759,0.07203618067101192,NONE,DIAGNOSTIC_ONLY,True,25,1.645377167847073e-10,HJB_CONVERGED,True,True,CONTINUED_TO_HOUSEHOLD_BATCH
23,9,江苏,203535217.25929242,176437.83826884898,527917935.13110554,527917935.13110554,528094372.9693744,2.594609326486295,0.000866866386292634,2.5937424601000023,2.5937424601000023,844600.0,5743515.482603215,6.800278809617825,4898915.482603215,18,广东,519871.6602599414,0.09051453971606822,7.311991060446241,4.676619641847523,0.6817547042008427,9.366055090235148,0.1120653612652728,0.09,0.08026797808869927,4.47193439273567,1.3,15.46199719522017,99928114.0737526,0.6183545879006518,0.12164443803160352,0.0009850581616911436,0.072102640490181,NONE,DIAGNOSTIC_ONLY,True,15,1.140375793795556e-09,HJB_CONVERGED,True,True,CONTINUED_TO_HOUSEHOLD_BATCH
23,10,浙江,124249656.20818298,187896.91088679578,322271608.95999193,322271608.95999193,322459505.87087876,2.595254713064082,0.0015122529640804034,2.5937424601000014,2.5937424601000014,627300.0,5796708.039493085,9.240726987873561,5169408.039493085,18,广东,529982.1540607034,0.0914281261795358,7.31503175386048,4.672133310868153,0.6819073407327493,9.14841207346374,0.11477138107879434,0.09,0.08324101546580304,2.758963647031542,1.3,15.156285213285049,62183817.77486636,0.5524656156024795,0.12160463082816508,0.0009751894764454816,0.07208303348918266,NONE,DIAGNOSTIC_ONLY,True,16,6.009517106164708e-09,HJB_CONVERGED,True,True,CONTINUED_TO_HOUSEHOLD_BATCH
23,11,安徽,70182433.35888097,198282.3994574981,182035157.35606837,182035157.35606837,182233439.75552586,2.596567702685188,0.0028252425851861295,2.5937424601000023,2.5937424601000023,607600.0,5912294.195727454,9.73056977571997,5304694.195727454,18,广东,538485.5720221327,0.09107895415814588,7.313709307935219,4.669239671208221,0.6768128919810168,9.136794839343114,0.1201929341261499,0.09,0.08894016829397376,1.5880036000318496,1.3,15.357268204725454,36460973.02104236,0.49107161095617935,0.1215406511844015,0.0009630045046004065,0.07203787671135897,NONE,DIAGNOSTIC_ONLY,True,13,8.574610754763512e-08,HJB_CONVERGED,True,True,CONTINUED_TO_HOUSEHOLD_BATCH
23,12,福建,87795538.11850408,190827.4989268005,227719015.02529228,227719015.02529228,227909842.52421907,2.595916004485244,0.002173544385242296,2.5937424601000023,2.5937424601000023,410400.0,5836216.713579821,14.22080095901516,5425816.713579821,18,广东,544236.9572105316,0.09325167037478073,7.3212193522614175,4.669819868915196,0.6862494130975313,8.934066833340488,0.10666081173893982,0.09,0.08214336460096963,1.8244088232832805,1.3,14.687208212086723,41475760.65472507,0.4752140789434583,0.12156479229192318,0.0009608456607540505,0.07206304454440593,NONE,DIAGNOSTIC_ONLY,True,16,1.3213553806679101e-08,HJB_CONVERGED,True,True,CONTINUED_TO_HOUSEHOLD_BATCH
23,13,江西,51050047.92908307,198976.53353310394,132410676.90380295,132410676.90380295,132609653.43733606,2.597640135843804,0.0038976757438017517,2.5937424601000023,2.5937424601000023,451300.0,5753610.661437613,12.748971108880152,5302310.661437613,18,广东,530777.0811107513,0.09225112930705844,7.316889053642523,4.66709494460201,0.6787452785516768,8.994647034693008,0.10787408536584489,0.09,0.08910472837377176,1.0866981362074832,1.0866981362074832,15.079719015398151,24348316.071614046,0.4176150128741196,0.1221581404859724,0.0011098776655596998,0.07183395644637369,NONE,DIAGNOSTIC_ONLY,True,14,4.722569002524324e-10,HJB_CONVERGED,True,True,CONTINUED_TO_HOUSEHOLD_BATCH
23,14,山东,210016973.07581103,178386.99351058266,544729940.40841,544729940.40841,544908327.4019206,2.5945918533223593,0.0008493932223572677,2.593742460100002,2.593742460100002,1007700.0,5789963.577994912,5.745721522273406,4782263.577994912,18,广东,518487.8932086025,0.08954942224147064,7.316318798043028,4.68272639405278,0.6874960894362625,9.534453888543498,0.0698635277094504,0.0698635277094504,0.07287702438448915,3.1413741777953654,1.3,15.461910209294173,71454097.02184495,0.43113572446746357,0.12167626640724194,0.0010029929901325119,0.07209716922327236,NONE,DIAGNOSTIC_ONLY,True,26,1.6875434383223364e-09,HJB_CONVERGED,True,True,CONTINUED_TO_HOUSEHOLD_BATCH
23,15,河南,168320556.01470312,186293.14311197857,436580173.04297626,436580173.04297626,436766466.18608826,2.594849236048958,0.0011067759489560235,2.593742460100002,2.593742460100002,986400.0,5853043.764753852,5.933742664997823,4866643.764753852,18,广东,528057.6602085201,0.09021932543686138,7.3070030897240335,4.683508618928537,0.6887370002687998,9.670696194113145,0.06367482602188726,0.06367482602188726,0.06873999522178267,2.324957351906792,1.3,15.585627151861619,53535789.112545244,0.3792366668452239,0.1216616818101941,0.0009809517668227796,0.07209020188972759,NONE,DIAGNOSTIC_ONLY,True,25,4.791422814065527e-09,HJB_CONVERGED,True,True,CONTINUED_TO_HOUSEHOLD_BATCH
23,16,湖北,101805153.6623069,191665.4133394479,264056349.7109307,264056349.7109307,264248015.12427014,2.595625129163842,0.001882669063839462,2.5937424601000028,2.5937424601000028,591700.0,5883206.411815833,9.942887293925695,5291506.411815833,18,广东,539166.0973312506,0.0916449397812032,7.3110169266883265,4.673059725511663,0.6782111050570012,9.282621828914133,0.09832118464420025,0.09,0.08503974201689618,1.96204053153828,1.3,15.496236265686244,45050503.16230577,0.4618074251798509,0.12159628720840665,0.0009668951402789228,0.07206946747669729,NONE,DIAGNOSTIC_ONLY,True,13,3.382313540356563e-09,HJB_CONVERGED,True,True,CONTINUED_TO_HOUSEHOLD_BATCH
23,17,湖南,93791807.14892803,194691.50235188103,243271792.6116856,243271792.6116856,243466484.11403748,2.5958182437773845,0.0020757836773817426,2.5937424601000028,2.5937424601000028,663500.0,5891109.576413391,8.878838849153567,5227609.576413391,18,广东,546070.6191290016,0.09269401834169562,7.314528200523184,4.66959713161479,0.6788460808257653,9.105147092779225,0.09071924986348288,0.09,0.08715862816493723,1.6910048786215386,1.3,15.225985777298988,38947782.81428603,0.42398177858413083,0.12158304157446342,0.0009599257080296075,0.07206453161699744,NONE,DIAGNOSTIC_ONLY,True,13,3.3415720412932615e-08,HJB_CONVERGED,True,True,CONTINUED_TO_HOUSEHOLD_BATCH
23,18,广东,191259406.86816654,186651.7865469796,496077644.48750544,496077644.48750544,496264296.27405244,2.5947183691525466,0.0009759090525447309,2.593742460100002,2.593742460100002,1234800.0,5680479.914046889,4.600323869490516,4445679.914046889,18,广东,538365.7765008732,0.09477469943509235,7.3207729165677975,4.66643797350265,0.6834528783289993,8.853834914312829,0.13210460134713486,0.09,0.0862250230824601,4.870245704956499,1.3,14.69070746455137,107151488.04256965,0.6961948286545409,0.12163267245251785,0.0009686064439410336,0.07210239253680673,NONE,DIAGNOSTIC_ONLY,True,13,9.483893226303053e-09,HJB_CONVERGED,True,True,CONTINUED_TO_HOUSEHOLD_BATCH
23,19,广西,67306708.83876626,196598.64133700143,174576268.56469616,174576268.56469616,174772867.20603317,2.596663396879246,0.00292093677924373,2.5937424601000023,2.5937424601000023,494700.0,5546304.286109908,11.211449941600783,5051604.286109908,18,广东,522144.76292630617,0.09414282664475492,7.322368547315593,4.671063933254115,0.7004301054049443,8.80687768995342,0.06209046692741883,0.06209046692741883,0.06894539013241364,0.9638875547544818,0.9638875547544818,13.957897555326124,21039560.569157638,0.2971810747395622,0.12195791790084431,0.0011018245713613206,0.07192658215172543,NONE,DIAGNOSTIC_ONLY,True,25,1.4439738293958726e-10,HJB_CONVERGED,True,True,CONTINUED_TO_HOUSEHOLD_BATCH
23,20,海南,14673330.466888333,199177.8781195941,38058840.263047256,38058840.263047256,38258018.14116685,2.607316602559961,0.013574142459958671,2.593742460100002,2.593742460100002,98200.0,5476135.007865088,55.765122279685215,5377935.007865088,18,广东,513302.48482148553,0.09373444666434554,7.344195197770469,4.659426034678285,0.6997312292650579,8.161985736429392,0.07451196661754175,0.07451196661754175,0.08127465559329738,0.24489542212281723,0.8,13.140703170954843,5262714.683405308,0.2288764611317565,0.12089055442459351,0.000854517906575536,0.07168319860820405,NONE,DIAGNOSTIC_ONLY,True,26,3.8437564242599365e-10,HJB_CONVERGED,True,True,CONTINUED_TO_HOUSEHOLD_BATCH
23,21,重庆,50663834.63130832,196357.21179494134,131408939.07470931,131408939.07470931,131605296.28650425,2.5976181480186895,0.003875687918687467,2.593742460100002,2.593742460100002,316300.0,5681664.395121068,17.962897234021714,5365364.395121068,18,广东,521654.3725759555,0.09181365464385896,7.319706153337336,4.667336467358308,0.68304843884137,8.903054152676974,0.10218270841831395,0.09,0.0858601581777551,1.044470795705881,1.044470795705881,14.774197654822416,23139712.972550925,0.4004363063801985,0.12214467047520738,0.001103986574365723,0.07183877624281698,NONE,DIAGNOSTIC_ONLY,True,13,8.173569820968396e-09,HJB_CONVERGED,True,True,CONTINUED_TO_HOUSEHOLD_BATCH
23,22,四川,94830047.41899477,197847.1348279966,245964720.48394337,245964720.48394337,246162567.61877137,2.595828793917319,0.0020863338173167166,2.5937424601000023,2.5937424601000023,832100.0,5806064.827378576,6.977604647732935,4973964.827378576,18,广东,531352.551572043,0.09151681343040521,7.320643310582362,4.664720120709504,0.6812359174349962,8.831583071285111,0.11028692022032707,0.09,0.08904641143644111,2.035306911407327,1.3,14.752561386285219,45993639.98947861,0.49852397805666493,0.12160111353157177,0.0009587563934971843,0.07206034178929732,NONE,DIAGNOSTIC_ONLY,True,14,1.5825749599684968e-09,HJB_CONVERGED,True,True,CONTINUED_TO_HOUSEHOLD_BATCH
23,23,贵州,39447014.665611394,199910.53856904167,102315396.86238377,102315396.86238377,102515307.40095282,2.5988102843767864,0.005067824276784045,2.5937424601000023,2.5937424601000023,382200.0,5411017.549619603,14.157555074881222,5028817.549619603,18,广东,501225.092322096,0.09263046880292088,7.325284613890792,4.66139024717828,0.6835775094134806,8.635857837217536,0.0911318658718952,0.09,0.08978668198369737,0.7780424672792597,0.8,14.390766214647568,16458065.220502557,0.34687870969641604,0.12142221466186975,0.0009257857014888238,0.07196318816289482,NONE,DIAGNOSTIC_ONLY,True,14,2.272601218322734e-09,HJB_CONVERGED,True,True,CONTINUED_TO_HOUSEHOLD_BATCH
23,24,云南,68611984.86091176,195845.56237185135,177961818.4054854,177961818.4054854,178157663.96785724,2.5965968529989816,0.0028543928989791484,2.5937424601000028,2.5937424601000028,470300.0,5573701.087848876,11.851373778117958,5103401.087848876,18,广东,517639.656214811,0.09287180063231375,7.331184672755043,4.669141406963872,0.7002840452843254,8.634929361332304,0.06588730462624093,0.06588730462624093,0.0724441338733027,1.0212562638953926,1.0212562638953926,13.742093538599455,22382357.3559467,0.3113014509996102,0.12199561783189594,0.0011035465302923209,0.07192117831607803,NONE,DIAGNOSTIC_ONLY,True,25,3.502829759582937e-08,HJB_CONVERGED,True,True,CONTINUED_TO_HOUSEHOLD_BATCH
23,25,西藏,6325734.326183821,199655.90758399633,13559773.316640537,13559773.316640537,13759429.224224534,2.1751512970234557,0.03156248702345431,2.143588810000001,2.143588810000001,35400.0,5403508.916060067,152.64149480395668,5368108.916060067,18,广东,481635.4800132002,0.08913383645610444,6.478944587939504,1.6679796110976892,0.6939566415884163,7.947976600481668,0.05636472138758375,0.05636472138758375,0.05313094245362208,0.07263768611134723,0.8,11.66106689904073,1547448.781064687,0.14365805210432228,0.004588701778202253,0.0007925880491702619,0.0006143237763581721,NONE,DIAGNOSTIC_ONLY,True,12,5.531806124281502e-09,HJB_CONVERGED,True,True,CONTINUED_TO_HOUSEHOLD_BATCH
23,26,陕西,73897910.2910824,193256.6822336303,191672147.63464132,191672147.63464132,191865404.31687495,2.5963576447712926,0.00261518467129038,2.5937424601000023,2.5937424601000023,393100.0,5782363.453888628,14.709650098928078,5389263.453888628,18,广东,523093.33201840357,0.0904635857274977,7.319206906072046,4.678386641687817,0.687465327774348,9.299685916620744,0.07176453613275767,0.07176453613275767,0.07605842210874378,1.1302482679757728,1.1302482679757728,15.141383919446467,25663764.406268373,0.33469896533947585,0.12204816716467692,0.0011204489925313865,0.07191845284912102,NONE,DIAGNOSTIC_ONLY,True,27,6.04663874526068e-10,HJB_CONVERGED,True,True,CONTINUED_TO_HOUSEHOLD_BATCH
23,27,甘肃,25177704.67938732,200147.08198797432,65304481.67478541,65304481.67478541,65504628.75677339,2.601691837715502,0.00794937761549933,2.5937424601000028,2.5937424601000028,251500.0,5479381.781869698,21.78680628974035,5227881.781869698,18,广东,489582.65681720217,0.08934998076555721,7.328780101566691,4.667810672069015,0.6913804266308089,8.714867450205153,0.0709324533484386,0.0709324533484386,0.08054462655708308,0.4036413654425137,0.8,14.190144367785262,8686479.5402159,0.2539722150546924,0.12126773027797277,0.0009079585459104145,0.07186233390702235,NONE,DIAGNOSTIC_ONLY,True,25,1.447985731317658e-09,HJB_CONVERGED,True,True,CONTINUED_TO_HOUSEHOLD_BATCH
23,28,青海,17578407.529567722,198350.1396588062,23396860.42185464,23396860.42185464,23595210.561513446,1.3422837376949632,0.011283737694963084,1.3310000000000002,1.3310000000000002,58700.0,5482109.854000996,93.39199069848375,5423409.854000996,18,广东,484429.9747874298,0.08836560880550019,5.634768659262473,1.750059438093138,0.6911871469832875,8.6999399477292,0.05910753111207152,0.05910753111207152,0.0503932651042937,0.12698986131570833,0.8,12.871605688209094,2743105.391688878,0.17038629150522536,0.0022489732831638687,0.0007577967527805374,0.0017811529516454927,NONE,DIAGNOSTIC_ONLY,True,12,3.370961065840561e-08,HJB_CONVERGED,True,True,CONTINUED_TO_HOUSEHOLD_BATCH
23,29,宁夏,18640640.44456374,198239.38383234775,30020937.842374355,30020937.842374355,30219177.2262067,1.6211447946800384,0.010634794680038006,1.6105100000000003,1.6105100000000003,71000.0,5586907.1232345365,78.6888327216132,5515907.1232345365,18,广东,492746.73845189495,0.0881966940890579,6.0697952281458765,1.695941811896265,0.6778304269874771,9.405393889410204,0.05888345650135865,0.05888345650135865,0.05182649511048877,0.15915715947920964,0.8,14.215811534971275,3503824.9515784485,0.18041225947436001,0.0022934770986546837,0.0007458510414686259,0.001816149627243857,NONE,DIAGNOSTIC_ONLY,True,12,3.492309463837273e-08,HJB_CONVERGED,True,True,CONTINUED_TO_HOUSEHOLD_BATCH
23,30,新疆,49250553.031937115,195492.46125665662,105572934.36557204,105572934.36557204,105768426.82682869,2.1475581555042007,0.003969345504199459,2.143588810000001,2.143588810000001,252000.0,5118280.648320217,20.310637493334195,4866280.648320217,18,广东,452852.25554536184,0.08847741784030243,7.1098536423144525,1.644307749155756,0.6923354714515684,7.511366322226439,0.06261636077095775,0.06261636077095775,0.05818690277433648,0.6356227088015408,0.8,11.013619445385505,12809438.637787454,0.26769564371977195,0.004376275098250781,0.0007069840572432318,3.016362003949169e-06,NONE,DIAGNOSTIC_ONLY,True,12,7.324095552263543e-09,HJB_CONVERGED,True,True,CONTINUED_TO_HOUSEHOLD_BATCH
24,0,北京,58719043.066994764,192810.91326633657,152302075.21930498,167532282.7412355,152494886.1325713,2.597026078210848,0.0032836181108461073,2.5937424601000023,2.853116706110003,219200.0,5856686.649006693,26.718460989994036,5637486.649006693,18,广东,522315.3195458458,0.0891827326350867,7.321133331025197,4.674260391419692,0.6878522430506252,9.0943273533141,0.14442499929850727,0.09,0.07840106269501043,1.5653618615891036,1.3,14.843619199643086,35488868.4844509,0.5465022937497491,0.045456594474128975,3.6589320603575004e-05,0.07197693724554166,HIGH_RA_INCREASE_1P1,DIAGNOSTIC_ONLY,True,25,1.0341238976252498e-10,HJB_CONVERGED,True,True,CONTINUED_TO_HOUSEHOLD_BATCH
24,1,天津,64593598.72309723,199005.01152401516,114431500.3474889,114431500.3474889,114630505.35901292,1.774641878221032,0.003080878221031141,1.7715610000000008,1.7715610000000008,138300.0,5455268.1323513305,39.44517810810796,5316968.1323513305,18,广东,484486.992079593,0.08881084858257358,0.8265323072143028,2.1739186759960223,0.707013879960693,9.981188059474567,0.059251188454062846,0.059251188454062846,0.04309563548404684,0.6210574129316114,0.8,14.64531362832803,13349352.692500267,0.2585393396931767,0.001113919304029043,3.725954762934247e-05,0.0010137999610663195,NONE,DIAGNOSTIC_ONLY,True,12,1.0514849879683652e-08,HJB_CONVERGED,True,True,CONTINUED_TO_HOUSEHOLD_BATCH
24,2,河北,113705229.18254791,192310.85242564735,268110982.60561484,268110982.60561484,268303293.45804048,2.359639001538736,0.0016913105387343457,2.3579476910000015,2.3579476910000015,742600.0,5902699.606493982,7.9486932487126065,5160099.606493982,18,广东,528078.561876369,0.0894639058534153,7.305851779541969,4.68009774661672,0.6930955664900953,9.484423262124427,0.06259817932328084,0.06259817932328084,0.06628052565807928,1.3974501820094531,1.3,15.148179186458155,32486887.088978037,0.3290115611162021,0.005988436716007017,0.0004718261008189728,0.0002373597773772662,NONE,DIAGNOSTIC_ONLY,True,24,9.0436547139916e-11,HJB_CONVERGED,True,True,CONTINUED_TO_HOUSEHOLD_BATCH
24,3,山西,53478727.38884524,196475.89736639758,138710045.94056085,138710045.94056085,138906521.83792725,2.5974163675948057,0.003673907494802861,2.5937424601000028,2.5937424601000028,350200.0,5438822.4254345335,15.53061800523853,5088622.4254345335,18,广东,485724.1638812442,0.08930686201663172,7.315331512505472,4.67888958858015,0.6923965595548771,9.312324236141981,0.06409075838901336,0.06409075838901336,0.0701903358149807,0.7990439100005454,0.8,14.9522246332212,17105914.74047228,0.287728287039378,0.04550956302890374,3.7425178804451065e-05,0.07192677953342064,NONE,DIAGNOSTIC_ONLY,True,24,3.917249680185364e-08,HJB_CONVERGED,True,True,CONTINUED_TO_HOUSEHOLD_BATCH
24,4,内蒙古,82165502.99427319,190603.95975234508,132328364.22730699,132328364.22730699,132518968.18705934,1.6128297565012863,0.0023197565012853375,1.610510000000001,1.610510000000001,242200.0,5387213.696177545,22.242831115514225,5145013.696177545,18,广东,477726.72614673595,0.088677886768387,6.046683141693077,1.6985316669720003,0.6777005323955123,9.435682245044372,0.0629345265943758,0.0629345265943758,0.05174552491573497,0.7594209044600361,0.8,14.26602411027941,16107448.171484666,0.28121436164581665,0.0011065480397529637,3.845864952145561e-05,0.0020663057912454486,NONE,DIAGNOSTIC_ONLY,True,12,3.929399472468731e-08,HJB_CONVERGED,True,True,CONTINUED_TO_HOUSEHOLD_BATCH
24,5,辽宁,90061052.78222083,191286.1078080533,193053864.96078804,193053864.96078804,193245151.0685961,2.1457127703790855,0.00212396037908426,2.143588810000001,2.143588810000001,429100.0,5604914.07530068,13.062023013984339,5175814.07530068,18,广东,497997.92075085896,0.0888502328600182,6.90360143516931,1.6070508019605376,0.6706906307848377,9.0333994836709,0.0627358501729285,0.0627358501729285,0.05758419700031856,1.061959364323412,1.061959364323412,13.775749395287038,23435524.44338034,0.3065187607649176,0.002925229617140923,7.189346186853296e-05,0.003189024334644519,NONE,DIAGNOSTIC_ONLY,True,18,2.1115420523187822e-09,HJB_CONVERGED,True,True,CONTINUED_TO_HOUSEHOLD_BATCH
24,6,吉林,66308917.7271201,193343.18185721122,97082886.44427659,97082886.44427659,97276229.6261338,1.4670157945640574,0.0029157945640565716,1.4641000000000006,1.4641000000000006,248400.0,5342785.005659559,21.50879631908035,5094385.005659559,18,广东,470566.1463801756,0.08807506682033987,6.025416837070038,1.705575849430525,0.6869955026044599,8.746140716880092,0.05859253261256762,0.05859253261256762,0.051414965620703766,0.5338481661739716,0.8,13.013410677784412,11239764.958568603,0.24706701680869284,0.0010856399130085848,3.600620871557769e-05,0.0012471379828500329,NONE,DIAGNOSTIC_ONLY,True,12,1.8782913002723944e-08,HJB_CONVERGED,True,True,CONTINUED_TO_HOUSEHOLD_BATCH
24,7,黑龙江,58424879.89838116,195707.46753795602,113853562.5234217,113853562.5234217,114049269.99095966,1.9520668281959062,0.00334972819590475,1.9487171000000014,1.9487171000000014,332700.0,5234411.529732569,15.733127531507572,4901711.529732569,18,广东,459103.3329810793,0.0877086813624177,6.48718394773618,1.6641234225617394,0.6902550228581983,8.172478838562304,0.05641288380152936,0.05641288380152936,0.053340918017233396,0.6219126469606392,0.8,12.067801535295906,12834103.364431523,0.25220994139383196,0.0012184451484518188,3.732195395411697e-05,0.0009649815567257525,NONE,DIAGNOSTIC_ONLY,True,12,4.8625342419228446e-08,HJB_CONVERGED,True,True,CONTINUED_TO_HOUSEHOLD_BATCH
24,8,上海,66125294.30800852,191898.6577989031,171511983.53329065,188663181.88661975,171703882.19108957,2.596644506280773,0.0029020461807708277,2.5937424601000014,2.853116706110002,247500.0,5857361.061154392,23.6661052975935,5609861.061154392,18,广东,534405.9030354198,0.09123663326469018,7.320991864787006,4.674263696552491,0.6877547981775294,9.097073572946735,0.13848311637610497,0.09,0.07845010538113308,1.7005327141739415,1.3,14.851182813267158,38604592.64068638,0.5446224587073373,0.04544790287281897,3.522488924145861e-05,0.07199841831528486,HIGH_RA_INCREASE_1P1,DIAGNOSTIC_ONLY,True,25,1.7182655298597638e-10,HJB_CONVERGED,True,True,CONTINUED_TO_HOUSEHOLD_BATCH
24,9,江苏,203535217.25929242,176438.91206744607,527917935.13110554,580709728.6442162,528094374.043173,2.5946093317620336,0.0008668716620312091,2.5937424601000023,2.853116706110003,844600.0,5742951.758107657,6.7996113640867355,4898351.758107657,18,广东,519853.70366651996,0.0905202978472895,7.311975615129109,4.67662761393132,0.6817454948172279,9.366680635449391,0.11186870476905503,0.09,0.08026806442955235,4.465003972325632,1.3,15.463240639539041,99925545.37740743,0.6183545879006518,0.04545059047685451,2.570544204671954e-05,0.07207508161788767,HIGH_RA_INCREASE_1P1,DIAGNOSTIC_ONLY,True,15,1.1436451785584723e-09,HJB_CONVERGED,True,True,CONTINUED_TO_HOUSEHOLD_BATCH
24,10,浙江,124249656.20818298,187897.9601208484,322271608.95999193,354498769.8559911,322459506.9201128,2.595254721508645,0.001512261408643428,2.5937424601000014,2.8531167061100016,627300.0,5796023.740857299,9.239636124433764,5168723.740857299,18,广东,529963.7966321416,0.09143575325551613,7.315016516632609,4.672141773014096,0.6818980249530536,9.149037255577264,0.11453241729897465,0.09,0.08324107550515757,2.7545718978868368,1.3,15.157527615513866,62181895.24805222,0.5524656156024795,0.04545756617637786,3.0916834683591965e-05,0.07204988807526913,HIGH_RA_INCREASE_1P1,DIAGNOSTIC_ONLY,True,16,6.303292110487746e-09,HJB_CONVERGED,True,True,CONTINUED_TO_HOUSEHOLD_BATCH
24,11,安徽,70182433.35888097,198283.4267552732,182035157.35606837,200238673.09167522,182233440.78282365,2.5965677173227224,0.0028252572227204227,2.5937424601000023,2.8531167061100025,607600.0,5911490.171528578,9.729246496919977,5303890.171528578,18,广东,538466.6635189381,0.09108814324218065,7.313695262999644,4.669248879651059,0.6768036712076826,9.137432327356185,0.1199276169926902,0.09,0.08894017773099225,1.5853173737796982,1.3,15.358542215105983,36459674.47309199,0.49107161095617935,0.04545409576154391,3.5614736601297103e-05,0.07199969636475334,HIGH_RA_INCREASE_1P1,DIAGNOSTIC_ONLY,True,13,8.55232968888231e-08,HJB_CONVERGED,True,True,CONTINUED_TO_HOUSEHOLD_BATCH
24,12,福建,87795538.11850408,190828.54510297265,227719015.02529228,250490916.5278215,227909843.57039526,2.595916016401296,0.0021735563012940063,2.5937424601000023,2.8531167061100025,410400.0,5835452.34243723,14.218938456231067,5425052.34243723,18,广东,544217.9994404346,0.09326063645190134,7.32120170886218,4.669829116499225,0.6862389524290161,8.934744430231138,0.10663254489615885,0.09,0.08214343435849655,1.8218224460605184,1.3,14.688547936281779,41474338.02814355,0.4752140789434583,0.04545723351114428,3.4300192668257345e-05,0.07202627257542549,HIGH_RA_INCREASE_1P1,DIAGNOSTIC_ONLY,True,16,1.3239876306414544e-08,HJB_CONVERGED,True,True,CONTINUED_TO_HOUSEHOLD_BATCH
24,13,江西,51050047.92908307,198977.55976992552,132410676.90380295,145651744.59418327,132609654.46357287,2.597640155946367,0.0038976958463650836,2.5937424601000023,2.853116706110003,451300.0,5753756.6199968895,12.749294526915332,5302456.6199968895,18,广东,530847.0169595638,0.09226094393958756,7.316873302177393,4.667105125222722,0.6787350220843923,8.995341722674626,0.10781338281526909,0.09,0.08910473634605934,1.084998420172665,1.084998420172665,15.081104970051413,24348477.9812746,0.4176150128741196,0.04549988937751248,6.6497272368515326e-06,0.07184108384982735,HIGH_RA_INCREASE_1P1,DIAGNOSTIC_ONLY,True,14,4.733102798581967e-10,HJB_CONVERGED,True,True,CONTINUED_TO_HOUSEHOLD_BATCH
24,14,山东,210016973.07581103,178387.84359600925,544729940.40841,544729940.40841,544908328.2520059,2.5945918573700575,0.0008493972700559567,2.593742460100002,2.593742460100002,1007700.0,5789301.86793973,5.745064868452645,4781601.86793973,18,广东,518469.92707048723,0.08955655429572511,7.316377177555014,4.682734454500351,0.6874717187125334,9.5344854027595,0.06986179346003511,0.06986179346003511,0.072911035660002,3.1393505208171297,1.3,15.463061955615386,71451958.24123175,0.43113572446746357,0.04547852057412349,2.993223205305373e-05,0.07206507896201986,NONE,DIAGNOSTIC_ONLY,True,26,3.0585485255585354e-09,HJB_CONVERGED,True,True,CONTINUED_TO_HOUSEHOLD_BATCH
24,15,河南,168320556.01470312,186294.06329285383,436580173.04297626,436580173.04297626,436766467.1062691,2.594849241515794,0.0011067814157920241,2.593742460100002,2.593742460100002,986400.0,5852309.198184731,5.932997970584683,4865909.198184731,18,广东,528039.1026995847,0.09022747855895444,7.307057697889458,4.683520481615753,0.6887111485010237,9.67080362591817,0.06367276271472913,0.06367276271472913,0.06877246582890288,2.323774679221832,1.3,15.586928998960525,53534029.41204858,0.3792366668452239,0.04548518096476539,3.286960976645048e-05,0.07205496270315703,NONE,DIAGNOSTIC_ONLY,True,25,7.641024257765139e-09,HJB_CONVERGED,True,True,CONTINUED_TO_HOUSEHOLD_BATCH
24,16,湖北,101805153.6623069,191666.45585171506,264056349.7109307,290461984.6820238,264248016.1667824,2.595625139404112,0.0018826793041095233,2.5937424601000028,2.8531167061100033,591700.0,5882442.918376319,9.941596955173768,5290742.918376319,18,广东,539147.2255474497,0.09165362639783438,7.311000725499653,4.673069359549054,0.678200878392602,9.283328169670884,0.09831964869224318,0.09,0.085039786111689,1.9596039959868221,1.3,15.497645570805625,45048972.00414345,0.4618074251798509,0.04546692766448013,3.3987592920059484e-05,0.07203303041605458,HIGH_RA_INCREASE_1P1,DIAGNOSTIC_ONLY,True,13,3.395528747063281e-09,HJB_CONVERGED,True,True,CONTINUED_TO_HOUSEHOLD_BATCH
24,17,湖南,93791807.14892803,194692.53875760443,243271792.6116856,267598971.87285417,243466485.1504432,2.595818254827451,0.0020757947274484263,2.5937424601000028,2.853116706110003,663500.0,5890326.262458076,8.877658270471855,5226826.262458076,18,广东,546051.4857031637,0.09270309680185566,7.314511188101142,4.669607660921135,0.678835226768565,9.105887100734805,0.09071740945464543,0.09,0.08715865344621482,1.6891798358938228,1.3,15.227461270504506,38946426.534708984,0.42398177858413083,0.045465661004126856,3.482302403490234e-05,0.07202719908804589,HIGH_RA_INCREASE_1P1,DIAGNOSTIC_ONLY,True,13,3.3208360061820485e-08,HJB_CONVERGED,True,True,CONTINUED_TO_HOUSEHOLD_BATCH
24,18,广东,191259406.86816654,186652.84513558386,496077644.48750544,545685408.936256,496264297.332641,2.594718374687378,0.0009759145873763065,2.593742460100002,2.8531167061100025,1234800.0,5679950.801523124,4.5998953689043764,4445150.801523124,18,广东,538347.1017403357,0.09478024027883722,7.320753999775965,4.666449091654342,0.683441160094263,8.85460276254706,0.13178119266098823,0.09,0.08622505665731957,4.860672790727518,1.3,14.692230481161088,107148874.11403282,0.6961948286545409,0.04544127051189739,2.4394701227059556e-05,0.07207623891925596,HIGH_RA_INCREASE_1P1,DIAGNOSTIC_ONLY,True,13,9.449983018328112e-09,HJB_CONVERGED,True,True,CONTINUED_TO_HOUSEHOLD_BATCH
24,19,广西,67306708.83876626,196599.64278591963,174576268.56469616,174576268.56469616,174772868.20748207,2.596663411758133,0.0029209516581307753,2.5937424601000023,2.5937424601000023,494700.0,5546270.7258359045,11.211382101952506,5051570.7258359045,18,广东,522195.72694860265,0.0941525851805404,7.322414498345697,4.671076499991292,0.7004006832509325,8.807154120682732,0.06209111440653371,0.06209111440653371,0.06897789684648992,0.963347277097728,0.963347277097728,13.959441840977872,21039527.31511227,0.2971810747395622,0.0454632039007441,1.5805484747666299e-06,0.07192488791980112,NONE,DIAGNOSTIC_ONLY,True,25,2.0671197642485595e-08,HJB_CONVERGED,True,True,CONTINUED_TO_HOUSEHOLD_BATCH
24,20,海南,14673330.466888333,199178.9091406884,38058840.263047256,41864724.289351985,38258019.17218795,2.6073166728249286,0.013574212724926574,2.593742460100002,2.8531167061100025,98200.0,5475607.691110561,55.759752455301026,5377407.691110561,18,广东,513284.22008786973,0.09374013790673262,7.344139849977809,4.659392618434987,0.6996857705045777,8.16187545843599,0.07451081765962092,0.07451081765962092,0.08131701256036146,0.24470357288771646,0.8,13.142147648310848,5262582.058334494,0.2288764611317565,0.04518661592962436,2.5200885625076275e-05,0.07165619124248956,HIGH_RA_INCREASE_1P1,DIAGNOSTIC_ONLY,True,25,2.830002854281588e-08,HJB_CONVERGED,True,True,CONTINUED_TO_HOUSEHOLD_BATCH
24,21,重庆,50663834.63130832,196358.24534200484,131408939.07470931,144549832.98218027,131605297.32005131,2.597618168418785,0.00387570831878294,2.593742460100002,2.8531167061100025,316300.0,5681807.378234739,17.963349283069046,5365507.378234739,18,广东,521722.8488348233,0.09182339599075172,7.319687167522272,4.667347566128936,0.683036669977419,8.903828985356126,0.10218647004015381,0.09,0.08586019499208158,1.0429617492979575,1.0429617492979575,14.775735318454911,23139865.620325536,0.4004363063801985,0.045495424002958806,6.596787729851172e-06,0.0718458469357044,HIGH_RA_INCREASE_1P1,DIAGNOSTIC_ONLY,True,13,8.161213038704318e-09,HJB_CONVERGED,True,True,CONTINUED_TO_HOUSEHOLD_BATCH
24,22,四川,94830047.41899477,197848.1641624758,245964720.48394337,270561192.5323377,246162568.64810586,2.5958288047718376,0.0020863446718349544,2.5937424601000023,2.853116706110003,832100.0,5805318.474778306,6.976707697125713,4973218.474778306,18,广东,531333.6933634565,0.09152533072421098,7.320625430101881,4.664731445817432,0.6812242819900649,8.832349131563628,0.11014589508467527,0.09,0.08904641992782455,2.03226301548706,1.3,14.754087431125887,45992091.5781756,0.49852397805666493,0.045467321050608245,3.366576994923154e-05,0.07202425005245883,HIGH_RA_INCREASE_1P1,DIAGNOSTIC_ONLY,True,14,1.580536590495285e-09,HJB_CONVERGED,True,True,CONTINUED_TO_HOUSEHOLD_BATCH
24,23,贵州,39447014.665611394,199911.56289465632,102315396.86238377,112546936.54862216,102515308.42527843,2.5988103103439126,0.005067850243910412,2.5937424601000023,2.853116706110003,382200.0,5410280.45057423,14.155626505950368,5028080.45057423,18,广东,501207.2115377346,0.09263978385529682,7.325265763758916,4.661402153461308,0.683565346735935,8.636639412897937,0.09112994808982401,0.09,0.08978668388381744,0.7771928726128926,0.8,14.392319290083702,16457478.132328015,0.34687870969641604,0.045413178885957306,3.567176133256744e-05,0.07192494934788929,HIGH_RA_INCREASE_1P1,DIAGNOSTIC_ONLY,True,14,2.2761335038978814e-09,HJB_CONVERGED,True,True,CONTINUED_TO_HOUSEHOLD_BATCH
24,24,云南,68611984.86091176,195846.55796663617,177961818.4054854,177961818.4054854,178157664.96345204,2.5965968675094904,0.00285440740948758,2.5937424601000028,2.5937424601000028,470300.0,5573688.67479979,11.85134738422239,5103388.67479979,18,广东,517692.39190476906,0.0928814690073024,7.331232601992084,4.669151989443537,0.7002547763213465,8.635218979143394,0.06588819077651527,0.06588819077651527,0.07247796077738032,1.0205974950789374,1.0205974950789374,13.743652186531099,22382344.392975193,0.3113014509996102,0.04547229941935749,5.791602422089426e-07,0.07192055750194881,NONE,DIAGNOSTIC_ONLY,True,24,1.3630337747372323e-08,HJB_CONVERGED,True,True,CONTINUED_TO_HOUSEHOLD_BATCH
24,25,西藏,6325734.326183821,199656.54101467208,13559773.316640537,13559773.316640537,13759429.857655209,2.1751513971589724,0.03156258715897108,2.143588810000001,2.143588810000001,35400.0,5403209.483599338,152.6330362598683,5367809.483599338,18,广东,481618.52781147993,0.0891356386002363,6.4840927449241,1.667545621347359,0.6938913552695609,7.948091416830216,0.05636352350094195,0.05636352350094195,0.053162879451182025,0.07264155620432307,0.8,11.662291594168124,1547426.3744716137,0.14365805210432228,0.0018860061820720198,1.4479699326774842e-05,0.0006287945804612782,NONE,DIAGNOSTIC_ONLY,True,12,5.504614097873173e-09,HJB_CONVERGED,True,True,CONTINUED_TO_HOUSEHOLD_BATCH
24,26,陕西,73897910.2910824,193257.75988854206,191672147.63464132,210839362.39810547,191865405.39452985,2.596357659354315,0.002615199254313195,2.5937424601000023,2.8531167061100025,393100.0,5782350.847514686,14.70961802980078,5389250.847514686,18,广东,523147.8981610282,0.09047321962241059,7.319149611379574,4.678361033040578,0.6874250246491866,9.299562491158177,0.07176567339272243,0.07176567339272243,0.07609378676323474,1.1293795621512237,1.1293795621512237,15.142785280279307,25663749.858833518,0.33469896533947585,0.04549050010141764,5.668472724540408e-07,0.07191784523506972,HIGH_RA_INCREASE_1P1,DIAGNOSTIC_ONLY,True,28,1.0413980788825938e-10,HJB_CONVERGED,True,True,CONTINUED_TO_HOUSEHOLD_BATCH
24,27,甘肃,25177704.67938732,200148.10570489254,65304481.67478541,71834929.84226397,65504629.78049031,2.601691878375162,0.007949418275159584,2.5937424601000028,2.8531167061100033,251500.0,5478728.282889789,21.784207884253632,5227228.282889789,18,广东,489565.1672369201,0.08935744610037422,7.3287366343956855,4.66778219284738,0.69133953862914,8.714708521554288,0.07093063789329178,0.07093063789329178,0.08058421576724975,0.40336612521727444,0.8,14.191472515975711,8686208.295389483,0.2539722150546924,0.045341758410629485,3.1226093972991364e-05,0.07182886383305775,HIGH_RA_INCREASE_1P1,DIAGNOSTIC_ONLY,True,37,6.79447165197189e-10,HJB_CONVERGED,True,True,CONTINUED_TO_HOUSEHOLD_BATCH
24,28,青海,17578407.529567722,198346.5650933775,23396860.42185464,23396860.42185464,23595206.986948017,1.342283534345176,0.011283534345175983,1.3310000000000002,1.3310000000000002,58700.0,5481708.742049636,93.38515744547932,5423008.742049636,18,广东,484412.6716245685,0.08836891823687888,5.649187740406239,1.7485220200524336,0.6910735415514331,8.699587067544421,0.05910592254497254,0.05910592254497254,0.050422988284804224,0.1269967158160841,0.8,12.872856145888802,2743052.5174236973,0.17038629150522536,0.0009714639470910225,1.9275331287316178e-05,0.0018003939506195943,NONE,DIAGNOSTIC_ONLY,True,12,3.319961772163538e-08,HJB_CONVERGED,True,True,CONTINUED_TO_HOUSEHOLD_BATCH
24,29,宁夏,18640640.44456374,198238.1615277864,30020937.842374355,30020937.842374355,30219176.00390214,1.6211447291080123,0.010634729108011928,1.6105100000000003,1.6105100000000003,71000.0,5586446.472263629,78.68234467976941,5515446.472263629,18,广东,492728.9931374875,0.08820079017741553,6.076941479463967,1.6950811638480023,0.6777539998057032,9.40524710577911,0.05888164924909749,0.05888164924909749,0.051855810815894895,0.15916644289831064,0.8,14.21709517098176,3503749.180807314,0.18041225947436001,0.0009986238942740755,2.162515884263083e-05,0.0018377355115622995,NONE,DIAGNOSTIC_ONLY,True,12,3.547625215816197e-08,HJB_CONVERGED,True,True,CONTINUED_TO_HOUSEHOLD_BATCH
24,30,新疆,49250553.031937115,195490.75583802708,105572934.36557204,105572934.36557204,105768425.12141006,2.1475581208768,0.00396931087679886,2.143588810000001,2.143588810000001,252000.0,5117563.873682352,20.307793149533143,4865563.873682352,18,广东,452834.6003637887,0.08848636021770859,7.114022350236063,1.6443092479970638,0.6922676549009099,7.511151378609776,0.06261315528293104,0.06261315528293104,0.05823563569053982,0.6356848228824088,0.8,11.014306798544355,12808968.638120234,0.26769564371977195,0.0018862157201755547,3.669166780140287e-05,3.367541647270045e-05,NONE,DIAGNOSTIC_ONLY,True,12,7.776610022602881e-09,HJB_CONVERGED,True,True,CONTINUED_TO_HOUSEHOLD_BATCH
25,0,北京,58719043.066994764,192491.1654336848,167532282.7412355,167532282.7412355,167724773.90666917,2.8563948788352302,0.003278172725227562,2.853116706110003,2.853116706110003,219200.0,5842954.50116157,26.65581433011665,5623754.50116157,18,广东,522332.2283609338,0.08939522432651067,7.321158258655923,4.6742713149788795,0.687872442850915,9.094294765494721,0.12889546365847318,0.09,0.07838367934856913,1.5675611573992039,1.3,14.842788469402349,35493917.24280825,0.5098078836975671,0.12196974904878144,0.0001422631538552377,0.07212944006549415,NONE,DIAGNOSTIC_ONLY,True,25,9.686385027407596e-11,HJB_CONVERGED,True,True,CONTINUED_TO_HOUSEHOLD_BATCH
25,1,天津,64593598.72309723,198705.75636731536,114431500.3474889,114431500.3474889,114630206.1038562,1.7746372453291879,0.0030762453291871264,1.7715610000000008,1.7715610000000008,138300.0,5442473.607445417,39.35266527437033,5304173.607445417,18,广东,484502.83335730556,0.08902254164255305,0.811732817957757,2.174063263760323,0.7071042722977221,9.981320807492704,0.059199450471125556,0.059199450471125556,0.04301645724258693,0.6221327725789019,0.8,14.64423173891061,13341119.878542934,0.2585393396931767,0.0027945647555851494,0.0006167200872563283,0.0016298948175220707,NONE,DIAGNOSTIC_ONLY,True,12,1.116361714181835e-08,HJB_CONVERGED,True,True,CONTINUED_TO_HOUSEHOLD_BATCH
25,2,河北,113705229.18254791,192004.07614863152,268110982.60561484,268110982.60561484,268302986.68176347,2.359636303542529,0.0016886125425276512,2.3579476910000015,2.3579476910000015,742600.0,5889072.573466558,7.930342813717423,5146472.573466558,18,广东,528114.6782668917,0.08967705384483333,7.293783042906668,4.678681457030164,0.6969017311693617,9.587855334860848,0.0625448468124229,0.0625448468124229,0.06010787103412913,1.4001840282379823,1.3,15.123659203934189,32467200.089403395,0.3290115611162021,0.0047051252343195404,0.0006059983377515454,0.0008432142754982719,NONE,DIAGNOSTIC_ONLY,True,27,1.274745198287519e-09,HJB_CONVERGED,True,True,CONTINUED_TO_HOUSEHOLD_BATCH
25,3,山西,53478727.38884524,196164.69535391885,138710045.94056085,138710045.94056085,138906210.63591477,2.5974105484209455,0.0036680883209430203,2.5937424601000028,2.5937424601000028,350200.0,5426029.388113549,15.494087344698883,5075829.388113549,18,广东,485739.99030327576,0.08952033901020788,7.298357324772724,4.677841019200592,0.6972343991736052,9.467453846032903,0.058081210868194164,0.058081210868194164,0.06157908007913627,0.7356404029751777,0.8,14.95105797478947,15948234.13075793,0.2684215867473877,0.020117177798800068,0.0676772114954659,0.0006182358327163628,NONE,DIAGNOSTIC_ONLY,True,23,4.2883030459961446e-10,HJB_CONVERGED,True,True,CONTINUED_TO_HOUSEHOLD_BATCH
25,4,内蒙古,82165502.99427319,190314.6632872945,132328364.22730699,132328364.22730699,132518678.89059429,1.612826235601949,0.0023162356019479267,1.610510000000001,1.610510000000001,242200.0,5374558.734852727,22.190581068756096,5132358.734852727,18,广东,477742.2788608569,0.08888958190424315,6.027406538850169,1.7008471780435042,0.67788580284597,9.437365986981469,0.06288043101073146,0.06288043101073146,0.051671211045044844,0.7607381734552627,0.8,14.265009683364228,16097503.738058325,0.28121436164581665,0.0027957825923941027,0.0006173810600207386,0.002682411153206443,NONE,DIAGNOSTIC_ONLY,True,12,3.795198244560538e-08,HJB_CONVERGED,True,True,CONTINUED_TO_HOUSEHOLD_BATCH
25,5,辽宁,90061052.78222083,190963.43984077088,193053864.96078804,193053864.96078804,193244828.4006288,2.1457091876098713,0.0021203776098703284,2.143588810000001,2.143588810000001,429100.0,5592064.519662853,13.03207765011152,5162964.519662853,18,广东,498034.4521823749,0.08906092739652466,6.905895716185361,1.6069005861270582,0.6706681787342679,9.032064317301755,0.06268316626648111,0.06268316626648111,0.057607851498552146,1.0637571576726919,1.0637571576726919,13.774090138052912,23421412.18890093,0.3065187607649176,0.0034668698287600996,0.0006021736152526103,0.0037892776035843845,NONE,DIAGNOSTIC_ONLY,True,18,2.0976096415381562e-09,HJB_CONVERGED,True,True,CONTINUED_TO_HOUSEHOLD_BATCH
25,6,吉林,66308917.7271201,193046.63193712357,97082886.44427659,97082886.44427659,97275933.0762137,1.4670113223161265,0.002911322316125938,1.4641000000000006,1.4641000000000006,248400.0,5330326.959263131,21.458643153233215,5081926.959263131,18,广东,470581.5843994454,0.08828381223062891,6.004898376137657,1.707875004869446,0.6871786059693437,8.747574929649298,0.058541506999249336,0.058541506999249336,0.0513471985696535,0.5347669571345924,0.8,13.012486464343635,11232869.645510364,0.24706701680869284,0.002769131747714315,0.0006134748443277216,0.0018598477393978463,NONE,DIAGNOSTIC_ONLY,True,12,1.9047281085704526e-08,HJB_CONVERGED,True,True,CONTINUED_TO_HOUSEHOLD_BATCH
25,7,黑龙江,58424879.89838116,195394.36303278193,113853562.5234217,113853562.5234217,114048956.8864545,1.9520614691005052,0.0033443691005036356,1.9487171000000014,1.9487171000000014,332700.0,5222216.728659512,15.696473485601176,4889516.728659512,18,广东,459118.3422025332,0.08791637077850349,6.477515422421325,1.6649712630590545,0.6903663545386525,8.173204691933327,0.056363225192822185,0.056363225192822185,0.053279606155786384,0.6229822339203336,0.8,12.067048408149477,12826239.618607301,0.25220994139383196,0.0028205833310981365,0.0006127226500306504,0.001577112940699732,NONE,DIAGNOSTIC_ONLY,True,12,6.896697435365695e-08,HJB_CONVERGED,True,True,CONTINUED_TO_HOUSEHOLD_BATCH
25,8,上海,66125294.30800852,191578.90272480468,188663181.88661975,188663181.88661975,188854760.78934455,2.8560139166968077,0.0028972105868056955,2.853116706110002,2.853116706110002,247500.0,5843737.639766977,23.611061170775667,5596237.639766977,18,广东,534423.24364513,0.09145229929700274,7.321020461835438,4.6742726562685295,0.687777124408688,9.096894217280672,0.12349590584089393,0.09,0.07843279518061946,1.7028863808276737,1.3,14.850067056130086,38609888.18267425,0.5080440879411434,0.12196014851855619,0.00013717388594569613,0.07214546850405279,NONE,DIAGNOSTIC_ONLY,True,25,1.2353140732557222e-10,HJB_CONVERGED,True,True,CONTINUED_TO_HOUSEHOLD_BATCH
25,9,江苏,203535217.25929242,176119.11738435415,580709728.6442162,580709728.6442162,580885847.7616005,2.853982006571298,0.0008653004612955423,2.853116706110003,2.853116706110003,844600.0,5729571.753067138,6.783769539506438,4884971.753067138,18,广东,519870.94115973654,0.09073469424332468,7.311997768531986,4.676631293400505,0.6817659975114888,9.366333139693099,0.0994467705069094,0.09,0.0802534677755428,4.471187869748608,1.3,15.461915128130856,99937340.84310615,0.5767829124127032,0.12204691924012101,0.0001180425451186018,0.07220163208908015,NONE,DIAGNOSTIC_ONLY,True,15,1.1383223252892094e-09,HJB_CONVERGED,True,True,CONTINUED_TO_HOUSEHOLD_BATCH
25,10,浙江,124249656.20818298,187578.21020250767,354498769.8559911,354498769.8559911,354686348.06619364,2.8546263940715377,0.0015096879615362183,2.8531167061100016,2.8531167061100016,627300.0,5782541.872090033,9.218144224597534,5155241.872090033,18,广东,529981.1342183771,0.09165193196029923,7.315032679939341,4.672141572532431,0.6819141629095126,9.148627257299339,0.10182848208181695,0.09,0.0832309253427055,2.758397075621134,1.3,15.156297992928035,62189704.65271434,0.5153357336703446,0.12201985488567213,0.00012558968540554716,0.07218452648345153,NONE,DIAGNOSTIC_ONLY,True,16,1.912424529848522e-08,HJB_CONVERGED,True,True,CONTINUED_TO_HOUSEHOLD_BATCH
25,11,安徽,70182433.35888097,197963.70065068055,200238673.09167522,200238673.09167522,200436636.7923259,2.855937407689818,0.0028207015798153426,2.8531167061100025,2.8531167061100025,607600.0,5897699.749179075,9.706549949274317,5290099.749179075,18,广东,538484.1308615485,0.09130409375901212,7.313708026912679,4.669241157010303,0.6768134535782486,9.136850073186487,0.1066430344523335,0.09,0.08893858232292468,1.5875459230085205,1.3,15.357318843827542,36464640.67601582,0.45808931907485334,0.12197367917209156,0.00013621084103454528,0.07214571434498396,NONE,DIAGNOSTIC_ONLY,True,13,8.559750863668114e-08,HJB_CONVERGED,True,True,CONTINUED_TO_HOUSEHOLD_BATCH
25,12,福建,87795538.11850408,190508.79491811825,250490916.5278215,250490916.5278215,250681425.32273963,2.8552866204245655,0.002169914314563168,2.8531167061100025,2.8531167061100025,410400.0,5821875.40757251,14.185856256268298,5411475.40757251,18,广东,544235.6863255285,0.09348116340958475,7.321223182136522,4.669830041444913,0.686257879825987,8.934306778127992,0.09469282467598353,0.09,0.08213164125652003,1.8243744325207314,1.3,14.687199859356559,41479734.15530064,0.44328585138292237,0.1219939717947005,0.00013010761385578995,0.07216575135574099,NONE,DIAGNOSTIC_ONLY,True,16,1.3132637644019951e-08,HJB_CONVERGED,True,True,CONTINUED_TO_HOUSEHOLD_BATCH
25,13,江西,51050047.92908307,198657.83457208748,145651744.59418327,145651744.59418327,145850402.42875534,2.8570081389808992,0.0038914328708967313,2.853116706110003,2.853116706110003,451300.0,5738567.865344893,12.715638965975833,5287267.865344893,18,广东,530699.5375331813,0.09247943911895964,7.3168879759575685,4.667096246102176,0.6787457382518456,8.994694371498438,0.09577936828809816,0.09,0.08910338856318284,1.0869409207318828,1.0869409207318828,15.079763511398973,24352750.430049144,0.38962400225799754,0.12229540553631124,0.00017547087657088234,0.07202916074435506,NONE,DIAGNOSTIC_ONLY,True,14,4.718927471003553e-10,HJB_CONVERGED,True,True,CONTINUED_TO_HOUSEHOLD_BATCH
25,14,山东,210016973.07581103,178120.25321312324,544729940.40841,544729940.40841,544908060.6616231,2.5945905832331206,0.0008481231331185131,2.593742460100002,2.593742460100002,1007700.0,5775720.447289281,5.731587225651762,4768020.447289281,18,广东,518486.9290974213,0.08977008735607396,7.298848859504739,4.682045334052031,0.6920936826771947,9.689184199733129,0.06345170158222598,0.06345170158222598,0.06416581959577534,2.8898241738125567,1.3,15.462039159782524,66607890.0092081,0.4021544334648899,0.020100809640217765,0.06779475820199932,0.0006153138430176064,NONE,DIAGNOSTIC_ONLY,True,23,1.211234668119232e-09,HJB_CONVERGED,True,True,CONTINUED_TO_HOUSEHOLD_BATCH
25,15,河南,168320556.01470312,186006.71540568906,436580173.04297626,436580173.04297626,436766179.75838196,2.594847534369062,0.0011050742690598113,2.593742460100002,2.593742460100002,986400.0,5838563.6154577285,5.9190628704964805,4852163.6154577285,18,广东,528056.2992443882,0.09044284416912875,7.289982124070304,4.681972755773879,0.693523114969229,9.82891679327054,0.05768159773509602,0.05768159773509602,0.0603259202486335,2.1390672687817593,1.3,15.585771113796994,49905131.002902955,0.35374741038368873,0.020106026523542653,0.06778676010382456,0.000616169871716421,NONE,DIAGNOSTIC_ONLY,True,21,6.825745657579319e-08,HJB_CONVERGED,True,True,CONTINUED_TO_HOUSEHOLD_BATCH
25,16,湖北,101805153.6623069,191346.7158987679,290461984.6820238,290461984.6820238,290653331.3979226,2.854996244709134,0.001879538599130994,2.8531167061100033,2.8531167061100033,591700.0,5868701.25673638,9.91837291995332,5277001.25673638,18,广东,539164.7517155836,0.09187122126836907,7.311015467579747,4.673065622772686,0.6782155600751136,9.282795097991556,0.0871326478467892,0.0871326478467892,0.08503233151271818,1.9623758080082452,1.3,15.496282874866123,45054782.17944249,0.430777235474381,0.12202023263744799,0.00012897464782346546,0.07217129549860757,NONE,DIAGNOSTIC_ONLY,True,13,3.365268508304098e-09,HJB_CONVERGED,True,True,CONTINUED_TO_HOUSEHOLD_BATCH
25,17,湖南,93791807.14892803,194372.80408978343,267598971.87285417,267598971.87285417,267793344.67694396,2.8551890918545397,0.002072385744536803,2.853116706110003,2.853116706110003,663500.0,5876568.676550703,8.856923400980714,5213068.676550703,18,广东,546069.2204360218,0.09292314112060056,7.314527032299517,4.669600309914193,0.6788486410795664,9.105232889888281,0.08022081170970305,0.08022081170970305,0.08715437943167241,1.6915769238534024,1.3,15.225993146658361,38951468.82735742,0.39549535584993034,0.12201153885066551,0.00012946740168673365,0.07216599166404958,NONE,DIAGNOSTIC_ONLY,True,13,3.326622355359632e-08,HJB_CONVERGED,True,True,CONTINUED_TO_HOUSEHOLD_BATCH
25,18,广东,191259406.86816654,186333.0848375417,545685408.936256,545685408.936256,545871742.0210936,2.8540909488303408,0.0009742427203383491,2.8531167061100025,2.8531167061100025,1234800.0,5666679.146679933,4.589147349109114,4431879.146679933,18,广东,538365.0127340563,0.0950053812468773,7.3207743139745585,4.666441312616323,0.6834576780094872,8.85386631620719,0.11739505409763382,0.09,0.086219380542371,4.8673307535178685,1.3,14.690553403733372,107160911.3457164,0.6493892909671839,0.12204630879128575,0.00011234118681247018,0.07219667723628942,NONE,DIAGNOSTIC_ONLY,True,13,9.472209239191898e-09,HJB_CONVERGED,True,True,CONTINUED_TO_HOUSEHOLD_BATCH
25,19,广西,67306708.83876626,196373.89896115643,174576268.56469616,174576268.56469616,174772642.46365732,2.596660057800873,0.002917597700870676,2.5937424601000023,2.5937424601000023,494700.0,5532629.021204637,11.18380639014481,5037929.021204637,18,广东,522155.24679270573,0.09437741890726213,7.128484508051489,1.5919257995835352,0.6655509413433716,9.082279050768529,0.05621428039149267,0.05621428039149267,0.06043210200325032,0.886975581218743,0.886975581218743,13.957870665594976,19615125.797484245,0.27724057729108026,0.02021040983981859,0.06770121287871833,0.0006457271072537463,NONE,DIAGNOSTIC_ONLY,True,20,5.166351702001748e-08,HJB_CONVERGED,True,True,CONTINUED_TO_HOUSEHOLD_BATCH
25,20,海南,14673330.466888333,198860.22424980102,41864724.289351985,41864724.289351985,42063584.51360179,2.866669200187509,0.013552494077506581,2.8531167061100025,2.8531167061100025,98200.0,5462748.532168556,55.62880378990383,5364548.532168556,18,广东,513301.2881041879,0.09396392403595079,7.3362746555764335,4.664008431635048,0.7054818337673036,8.325371930718376,0.06552492905276874,0.06552492905276874,0.0717345189616408,0.2450710722708509,0.8,13.140216586161133,5263486.071959609,0.21357265791223085,0.1214527075143168,0.00017178138318696412,0.0718402818253221,NONE,DIAGNOSTIC_ONLY,True,25,8.312404098376192e-09,HJB_CONVERGED,True,True,CONTINUED_TO_HOUSEHOLD_BATCH
25,21,重庆,50663834.63130832,196038.5132418399,144549832.98218027,144549832.98218027,144745871.4954221,2.8569861035740605,0.0038693974640580317,2.8531167061100025,2.8531167061100025,316300.0,5666843.859476094,17.91604128825828,5350543.859476094,18,广东,521590.34761036077,0.09204247735503733,7.319705032511091,4.667341769290763,0.6830520603528262,8.903200274175607,0.09066194574399725,0.09,0.08585397121773533,1.0448230815633015,1.0448230815633015,14.774247498920474,23143873.749176618,0.37359505336052207,0.122287390840772,0.00017321314293039514,0.07203150472358888,NONE,DIAGNOSTIC_ONLY,True,13,8.167501341915795e-09,HJB_CONVERGED,True,True,CONTINUED_TO_HOUSEHOLD_BATCH
25,22,四川,94830047.41899477,197528.43607789834,270561192.5323377,270561192.5323377,270758720.9684156,2.855199679191363,0.0020829730813604207,2.853116706110003,2.853116706110003,832100.0,5791672.500686078,6.960308257043719,4959572.500686078,18,广东,531350.9754705641,0.0917439609038012,7.320642090473158,4.66472163804788,0.6812364151112662,8.831635205763591,0.09788685876232542,0.09,0.08904498438738476,2.0351511742815167,1.3,14.752611365361478,45997979.67131967,0.4650305047038533,0.12202867467706469,0.00012802403504674764,0.07216149492261859,NONE,DIAGNOSTIC_ONLY,True,14,1.5809615838691116e-09,HJB_CONVERGED,True,True,CONTINUED_TO_HOUSEHOLD_BATCH
25,23,贵州,39447014.665611394,199591.83937802177,112546936.54862216,112546936.54862216,112746528.38800019,2.8581764512154297,0.005059745105426681,2.853116706110003,2.853116706110003,382200.0,5397570.87070539,14.122372764796939,5015370.87070539,18,广东,501223.594864237,0.09286095669156703,7.325286397540722,4.6613892936123555,0.6835789445318279,8.635784020732713,0.08060855547444841,0.08060855547444841,0.0897863626523916,0.7783214127500401,0.8,14.390607807516856,16459829.729245821,0.3236035413742738,0.12188563126607899,0.00014288926279570902,0.07207811591367408,NONE,DIAGNOSTIC_ONLY,True,14,2.27181295997525e-09,HJB_CONVERGED,True,True,CONTINUED_TO_HOUSEHOLD_BATCH
25,24,云南,68611984.86091176,195536.5703804624,177961818.4054854,177961818.4054854,178157354.97586584,2.5965923495293324,0.00284988942933,2.5937424601000028,2.5937424601000028,470300.0,5559856.076195981,11.821935097163474,5089556.076195981,18,广东,517643.557054916,0.0931037692272575,7.314640554106225,4.669005901947652,0.7051360135141891,8.783525883440422,0.05975499451663103,0.05975499451663103,0.06363232483078615,0.9397161664930603,0.9397161664930603,13.74210377891892,20866988.572279632,0.29041466629307017,0.020236062275287514,0.06770317684733518,0.0006518695688997322,NONE,DIAGNOSTIC_ONLY,True,23,8.572806420303891e-08,HJB_CONVERGED,True,True,CONTINUED_TO_HOUSEHOLD_BATCH
25,25,西藏,6325734.326183821,199337.55098006464,13559773.316640537,13559773.316640537,13759110.867620602,2.1751009698064854,0.031512159806483794,2.143588810000001,2.143588810000001,35400.0,5390422.25415365,152.27181508908618,5355022.25415365,18,广东,481634.58483340364,0.08935006612186544,6.474426376936392,1.6683580626392636,0.6940096221602079,7.94812963636674,0.056313546479772575,0.056313546479772575,0.05310326364000492,0.07276720050598762,0.8,11.660452265058618,1546439.9370734876,0.14365805210432228,0.003104294394674856,0.0006374696815303338,0.001265863424510738,NONE,DIAGNOSTIC_ONLY,True,12,5.5543498689303306e-09,HJB_CONVERGED,True,True,CONTINUED_TO_HOUSEHOLD_BATCH
25,26,陕西,73897910.2910824,192949.14137037078,210839362.39810547,210839362.39810547,211032311.53947583,2.85572772908224,0.0026110229722376174,2.8531167061100025,2.8531167061100025,393100.0,5767879.23970632,14.672803967708775,5374779.23970632,18,广东,523085.6560891412,0.09068942575777209,7.307354228294996,4.68012529930221,0.6927429979186625,9.467814746541912,0.06299367658850845,0.06299367658850845,0.0670072446496698,1.1312545975400459,1.1312545975400459,15.141498864223955,25668202.205107074,0.3122431134319598,0.12218839445963203,0.0001734877521035738,0.07210380985247933,NONE,DIAGNOSTIC_ONLY,True,23,8.268548423728816e-08,HJB_CONVERGED,True,True,CONTINUED_TO_HOUSEHOLD_BATCH
25,27,甘肃,25177704.67938732,199828.38285455093,71834929.84226397,71834929.84226397,72034758.22511852,2.861053425735528,0.007936719625524403,2.8531167061100033,2.8531167061100033,251500.0,5465813.218820438,21.73285574083673,5214313.218820438,18,广东,489581.3466660461,0.08957154719086821,7.323853104405465,4.672914362591956,0.6976106527867106,8.896992329785766,0.06224924653438214,0.06224924653438214,0.0709324533484386,0.40396603642759776,0.8,14.18982189214547,8687554.826626237,0.23695220722685237,0.12175040127582148,0.00015501945048557175,0.07199501815454368,NONE,DIAGNOSTIC_ONLY,True,27,1.0027045860283579e-10,HJB_CONVERGED,True,True,CONTINUED_TO_HOUSEHOLD_BATCH
25,28,青海,17578407.529567722,198037.62871327906,23396860.42185464,23396860.42185464,23594898.05056792,1.3422659595802506,0.01126595958025039,1.3310000000000002,1.3310000000000002,58700.0,5468763.229695331,93.16462060809764,5410063.229695331,18,广东,484428.81859393563,0.08858105539539395,5.615364025819634,1.752129678161349,0.6913310636984025,8.701029513523956,0.059054147852667514,0.059054147852667514,0.05035406659536015,0.1272170134802742,0.8,12.871032446259724,2741327.9304324253,0.17038629150522536,0.002743322927292846,0.0006287108906291028,0.002427972913964571,NONE,DIAGNOSTIC_ONLY,True,12,3.4407106497269524e-08,HJB_CONVERGED,True,True,CONTINUED_TO_HOUSEHOLD_BATCH
25,29,宁夏,18640640.44456374,197923.63143298568,30020937.842374355,30020937.842374355,30218861.47380734,1.6211278557556328,0.010617855755632425,1.6105100000000003,1.6105100000000003,71000.0,5573270.520408563,78.49676789307836,5502270.520408563,18,广东,492745.40668939584,0.08841225361034043,6.06041949315807,1.6970663132474564,0.6779226410296508,9.406175113107484,0.05883001986383318,0.05883001986383318,0.05178881618307194,0.15944255233028434,0.8,14.2152159075123,3501556.0567470947,0.18041225947436001,0.0027538499195252086,0.0006259363747360691,0.00246252158079463,NONE,DIAGNOSTIC_ONLY,True,12,3.436754258956398e-08,HJB_CONVERGED,True,True,CONTINUED_TO_HOUSEHOLD_BATCH
25,30,新疆,49250553.031937115,195174.7426971172,105572934.36557204,105572934.36557204,105768109.10826916,2.1475517044383756,0.0039628944383742004,2.143588810000001,2.143588810000001,252000.0,5105499.924571398,20.259920335600786,4853499.924571398,18,广东,452849.4138601896,0.08869834894732781,7.10835583245989,1.6443094846036803,0.6923605758965616,7.511401700760993,0.06255908535654223,0.06255908535654223,0.05816939662403717,0.6367909821249131,0.8,11.013296510537648,12801025.167178644,0.26769564371977195,0.003115349055899941,0.0006201491444010054,0.0006538036770931122,NONE,DIAGNOSTIC_ONLY,True,12,7.170389615396289e-09,HJB_CONVERGED,True,True,CONTINUED_TO_HOUSEHOLD_BATCH
