k0,matlab_linear_index1,b_index0,a_index0,z_index0,b_index1,a_index1,z_index1,b,a,z,faces,g,p,mu_b,mu_a,ell_lower_b,ell_upper_b,ell_lower_a,ell_upper_a,ell_total,q,delta,r,weighted_outward_flux,pin
0,1,0,0,0,1,1,1,-2.0,0.0,0.8,lower_b+lower_a,-0.0,-0.0,0.0,0.0,0.0,0.0,0.0,0.0,0.0,0.0,0.0,0.0,-0.0,0
1,2,1,0,0,2,1,1,-1.631578947368421,0.0,0.8,lower_a,0.0,0.0,-0.1364719562407668,0.0,0.0,0.0,0.0,0.0,0.0,-5.551115123125783e-17,-5.551115123125783e-17,0.0,0.0,0
2,3,2,0,0,3,1,1,-1.263157894736842,0.0,0.8,lower_a,-0.0,-0.0,-0.1705969913522125,0.0,0.0,0.0,0.0,0.0,0.0,5.551115123125783e-17,5.551115123125783e-17,0.0,-0.0,0
3,4,3,0,0,4,1,1,-0.8947368421052633,0.0,0.8,lower_a,-0.0,-0.0,-0.18866877978433116,0.0,0.0,0.0,0.0,0.0,0.0,-5.551115123125783e-17,-5.551115123125783e-17,0.0,-0.0,0
4,5,4,0,0,5,1,1,-0.5263157894736843,0.0,0.8,lower_a,-0.0,-0.0,-0.19986191025730804,0.0,0.0,0.0,0.0,0.0,0.0,-5.551115123125783e-17,-5.551115123125783e-17,0.0,-0.0,0
5,6,5,0,0,6,1,1,-0.1578947368421053,0.0,0.8,lower_a,-0.0,-0.0,-0.20760087385306214,0.0,0.0,0.0,0.0,0.0,0.0,-5.551115123125783e-17,-5.551115123125783e-17,0.0,-0.0,0
6,7,6,0,0,7,1,1,0.21052631578947345,0.0,0.8,lower_a,0.0,0.0,-0.43054751129266755,0.0,0.0,0.0,0.0,0.0,0.0,5.551115123125783e-17,5.551115123125783e-17,0.0,0.0,0
7,8,7,0,0,8,1,1,0.5789473684210527,0.0,0.8,lower_a,0.0,0.0,-0.6542900743521418,0.0,0.0,0.0,0.0,0.0,0.0,5.551115123125783e-17,5.551115123125783e-17,0.0,0.0,0
8,9,8,0,0,9,1,1,0.9473684210526314,0.0,0.8,lower_a,0.0,0.0,-0.798422085066333,0.0,0.0,0.0,0.0,0.0,0.0,-1.6653345369377348e-16,-1.6653345369377348e-16,0.0,0.0,0
9,10,9,0,0,10,1,1,1.3157894736842102,0.0,0.8,lower_a,0.0,0.0,-0.9052329594483037,0.0,0.0,0.0,0.0,0.0,0.0,-1.6653345369377348e-16,-1.6653345369377348e-16,0.0,0.0,0
10,11,10,0,0,11,1,1,1.6842105263157894,0.0,0.8,lower_a,0.0,0.0,-0.9889164897011007,0.0,0.0,0.0,0.0,0.0,0.0,-1.6653345369377348e-16,-1.6653345369377348e-16,0.0,0.0,0
11,12,11,0,0,12,1,1,2.052631578947368,0.0,0.8,lower_a,-0.0,-0.0,1.177334526744339,0.0,0.0,0.0,0.0,0.0,0.0,-1.6653345369377348e-16,-1.6653345369377348e-16,0.0,-0.0,0
12,13,12,0,0,13,1,1,2.421052631578947,0.0,0.8,lower_a,-0.0,-0.0,1.4039783666396772,0.0,0.0,0.0,0.0,0.0,0.0,-1.6653345369377348e-16,-1.6653345369377348e-16,0.0,-0.0,0
13,14,13,0,0,14,1,1,2.7894736842105257,0.0,0.8,lower_a,-0.0,-0.0,1.6117321626068621,0.0,0.0,0.0,0.0,0.0,0.0,2.7755575615628914e-16,2.7755575615628914e-16,0.0,-0.0,0
14,15,14,0,0,15,1,1,3.1578947368421053,0.0,0.8,lower_a,-0.0,-0.0,1.8060811801689471,0.0,0.0,0.0,0.0,0.0,0.0,2.7755575615628914e-16,2.7755575615628914e-16,0.0,-0.0,0
15,16,15,0,0,16,1,1,3.526315789473684,0.0,0.8,lower_a,-0.0,-0.0,1.990315313694853,0.0,0.0,0.0,0.0,0.0,0.0,2.7755575615628914e-16,2.7755575615628914e-16,0.0,-0.0,0
16,17,16,0,0,17,1,1,3.894736842105263,0.0,0.8,lower_a,-0.0,-0.0,2.1665996577313456,0.0,0.0,0.0,0.0,0.0,0.0,2.7755575615628914e-16,2.7755575615628914e-16,0.0,-0.0,0
17,18,17,0,0,18,1,1,4.263157894736842,0.0,0.8,lower_a,-0.0,-0.0,2.336457164452514,0.0,0.0,0.0,0.0,0.0,0.0,2.7755575615628914e-16,2.7755575615628914e-16,0.0,-0.0,0
18,19,18,0,0,19,1,1,4.63157894736842,0.0,0.8,lower_a,-0.0,-0.0,2.5010163134280754,0.0,0.0,0.0,0.0,0.0,0.0,2.7755575615628914e-16,2.7755575615628914e-16,0.0,-0.0,0
19,20,19,0,0,20,1,1,5.0,0.0,0.8,upper_b+lower_a,-0.0,-0.0,0.00191625189662048,0.0,0.0,0.0052012551479698734,0.0,0.0,0.0052012551479698734,-0.005201255147969874,-8.673617379884035e-19,0.0,-0.0,0
20,21,0,1,0,1,2,1,-2.0,0.5263157894736842,0.8,lower_b,0.0,0.0,0.17302502397776642,0.03684210526314648,0.0,0.0,0.0,0.0,0.0,-5.551115123125783e-17,-5.551115123125783e-17,0.0,0.0,0
21,22,1,1,0,2,2,1,-1.631578947368421,0.5263157894736842,0.8,interior,0.0,0.0,-0.09386484890294611,0.11233083816511928,0.0,0.0,0.0,0.0,0.0,0.0,0.0,0.0,0.0,0
22,23,2,1,0,3,2,1,-1.263157894736842,0.5263157894736842,0.8,interior,0.0,0.0,-0.13668209863264558,0.12675952729134837,0.0,0.0,0.0,0.0,0.0,-5.551115123125783e-17,-5.551115123125783e-17,0.0,0.0,0
23,24,3,1,0,4,2,1,-0.8947368421052633,0.5263157894736842,0.8,interior,0.0,0.0,-0.21958852808593754,0.13274131541153594,0.0,0.0,0.0,0.0,0.0,0.0,0.0,0.0,0.0,0
24,25,4,1,0,5,2,1,-0.5263157894736843,0.5263157894736842,0.8,interior,0.0,0.0,-0.26021405757011884,0.13662384667960212,0.0,0.0,0.0,0.0,0.0,1.1102230246251565e-16,1.1102230246251565e-16,0.0,0.0,0
25,26,5,1,0,6,2,1,-0.1578947368421053,0.5263157894736842,0.8,interior,0.0,0.0,-0.28592314707459465,0.13981835279692845,0.0,0.0,0.0,0.0,0.0,0.0,0.0,0.0,0.0,0
26,27,6,1,0,7,2,1,0.21052631578947345,0.5263157894736842,0.8,interior,0.0,0.0,-0.5059792299128532,0.15357947626475293,0.0,0.0,0.0,0.0,0.0,0.0,0.0,0.0,0.0,0
27,28,7,1,0,8,2,1,0.5789473684210527,0.5263157894736842,0.8,interior,0.0,0.0,-0.7390994560396802,0.16783597857345095,0.0,0.0,0.0,0.0,0.0,5.551115123125783e-17,5.551115123125783e-17,0.0,0.0,0
28,29,8,1,0,9,2,1,0.9473684210526314,0.5263157894736842,0.8,interior,0.0,0.0,-0.8960915301206924,0.1778316566152593,0.0,0.0,0.0,0.0,0.0,-2.7755575615628914e-16,-2.7755575615628914e-16,0.0,0.0,0
29,30,9,1,0,10,2,1,1.3157894736842102,0.5263157894736842,0.8,interior,0.0,0.0,-1.0155772173294224,0.18570876052826246,0.0,0.0,0.0,0.0,0.0,-3.3306690738754696e-16,-3.3306690738754696e-16,0.0,0.0,0
30,31,10,1,0,11,2,1,1.6842105263157894,0.5263157894736842,0.8,interior,0.0,0.0,-1.1113341177471092,0.1922477655674334,0.0,0.0,0.0,0.0,0.0,0.0,0.0,0.0,0.0,0
31,32,11,1,0,12,2,1,2.052631578947368,0.5263157894736842,0.8,interior,0.0,0.0,-1.1737096155870805,0.2027237046718196,0.0,0.0,0.0,0.0,0.0,-3.3306690738754696e-16,-3.3306690738754696e-16,0.0,0.0,0
32,33,12,1,0,13,2,1,2.421052631578947,0.5263157894736842,0.8,interior,0.0,0.0,1.387196978159503,0.038346726515988604,0.0,0.0,0.0,0.0,0.0,0.0,0.0,0.0,0.0,0
33,34,13,1,0,14,2,1,2.7894736842105257,0.5263157894736842,0.8,interior,0.0,0.0,1.565847960917531,0.06092797721654622,0.0,0.0,0.0,0.0,0.0,2.220446049250313e-16,2.220446049250313e-16,0.0,0.0,0
34,35,14,1,0,15,2,1,3.1578947368421053,0.5263157894736842,0.8,interior,0.0,0.0,1.7756327412207717,0.05035500228842012,0.0,0.0,0.0,0.0,0.0,6.661338147750939e-16,6.661338147750939e-16,0.0,0.0,0
35,36,15,1,0,16,2,1,3.526315789473684,0.5263157894736842,0.8,interior,0.0,0.0,1.9726812755619738,0.0403453543756146,0.0,0.0,0.0,0.0,0.0,-1.1102230246251565e-16,-1.1102230246251565e-16,0.0,0.0,0
36,37,16,1,0,17,2,1,3.894736842105263,0.5263157894736842,0.8,interior,0.0,0.0,2.1534473237343486,0.03684210526314648,0.0,0.0,0.0,0.0,0.0,4.996003610813204e-16,4.996003610813204e-16,0.0,0.0,0
37,38,17,1,0,18,2,1,4.263157894736842,0.5263157894736842,0.8,interior,0.0,0.0,2.3238684805743945,0.03684210526314648,0.0,0.0,0.0,0.0,0.0,4.996003610813204e-16,4.996003610813204e-16,0.0,0.0,0
38,39,18,1,0,19,2,1,4.63157894736842,0.5263157894736842,0.8,interior,0.0,0.0,2.4890363687006687,0.03684210526314648,0.0,0.0,0.0,0.0,0.0,4.996003610813204e-16,4.996003610813204e-16,0.0,0.0,0
39,40,19,1,0,20,2,1,5.0,0.5263157894736842,0.8,upper_b,0.0,0.0,0.00191625189662048,0.03684210526314648,0.0,0.0052012551479698734,0.0,0.0,0.0052012551479698734,-0.005201255147969874,-8.673617379884035e-19,0.0,0.0,0
40,41,0,2,0,1,3,1,-2.0,1.0526315789473684,0.8,lower_b,0.0,0.0,0.046922616251029226,0.07368421051462451,0.0,0.0,0.0,0.0,0.0,5.551115123125783e-17,5.551115123125783e-17,0.0,0.0,0
41,42,1,2,0,2,3,1,-1.631578947368421,1.0526315789473684,0.8,interior,0.0,0.0,-0.09643922013234452,0.15556588501013793,0.0,0.0,0.0,0.0,0.0,1.6653345369377348e-16,1.6653345369377348e-16,0.0,0.0,0
42,43,2,2,0,3,3,1,-1.263157894736842,1.0526315789473684,0.8,interior,0.0,0.0,-0.18672575859089946,0.17271644339717973,0.0,0.0,0.0,0.0,0.0,-5.551115123125783e-17,-5.551115123125783e-17,0.0,0.0,0
43,44,3,2,0,4,3,1,-0.8947368421052633,1.0526315789473684,0.8,interior,0.0,0.0,-0.24530403898122088,0.18027987171370374,0.0,0.0,0.0,0.0,0.0,5.551115123125783e-17,5.551115123125783e-17,0.0,0.0,0
44,45,4,2,0,5,3,1,-0.5263157894736843,1.0526315789473684,0.8,interior,0.0,0.0,-0.27807030602525984,0.18584656427463728,0.0,0.0,0.0,0.0,0.0,5.551115123125783e-17,5.551115123125783e-17,0.0,0.0,0
45,46,5,2,0,6,3,1,-0.1578947368421053,1.0526315789473684,0.8,interior,0.0,0.0,-0.30010830149864987,0.19065820525792115,0.0,0.0,0.0,0.0,0.0,-5.551115123125783e-17,-5.551115123125783e-17,0.0,0.0,0
46,47,6,2,0,7,3,1,0.21052631578947345,1.0526315789473684,0.8,interior,0.0,0.0,-0.5236113950902013,0.21370476283782705,0.0,0.0,0.0,0.0,0.0,-2.7755575615628914e-16,-2.7755575615628914e-16,0.0,0.0,0
47,48,7,2,0,8,3,1,0.5789473684210527,1.0526315789473684,0.8,interior,0.0,0.0,-0.7630246521126907,0.237680054627387,0.0,0.0,0.0,0.0,0.0,0.0,0.0,0.0,0.0,0
48,49,8,2,0,9,3,1,0.9473684210526314,1.0526315789473684,0.8,interior,0.0,0.0,-0.9252879305189783,0.254323364276284,0.0,0.0,0.0,0.0,0.0,0.0,0.0,0.0,0.0,0
49,50,9,2,0,10,3,1,1.3157894736842102,1.0526315789473684,0.8,interior,0.0,0.0,-1.049284710672385,0.26731605434361116,0.0,0.0,0.0,0.0,0.0,-2.7755575615628914e-16,-2.7755575615628914e-16,0.0,0.0,0
50,51,10,2,0,11,3,1,1.6842105263157894,1.0526315789473684,0.8,interior,0.0,0.0,-1.1485563053213674,0.2781825362324597,0.0,0.0,0.0,0.0,0.0,-2.7755575615628914e-16,-2.7755575615628914e-16,0.0,0.0,0
51,52,11,2,0,12,3,1,2.052631578947368,1.0526315789473684,0.8,interior,0.0,0.0,-1.057655443736806,0.33948348779307935,0.0,0.0,0.0,0.0,0.0,-5.551115123125783e-17,-5.551115123125783e-17,0.0,0.0,0
52,53,12,2,0,13,3,1,2.421052631578947,1.0526315789473684,0.8,interior,0.0,0.0,1.3796824528333431,0.07368421051462451,0.0,0.0,0.0,0.0,0.0,-3.885780586188048e-16,-3.885780586188048e-16,0.0,0.0,0
53,54,13,2,0,14,3,1,2.7894736842105257,1.0526315789473684,0.8,interior,0.0,0.0,1.588859608426807,0.07368421051462451,0.0,0.0,0.0,0.0,0.0,4.996003610813204e-16,4.996003610813204e-16,0.0,0.0,0
54,55,14,2,0,15,3,1,3.1578947368421053,1.0526315789473684,0.8,interior,0.0,0.0,1.7843778642712813,0.07368421051462451,0.0,0.0,0.0,0.0,0.0,4.996003610813204e-16,4.996003610813204e-16,0.0,0.0,0
55,56,15,2,0,16,3,1,3.526315789473684,1.0526315789473684,0.8,interior,0.0,0.0,1.9696270918113425,0.07368421051462451,0.0,0.0,0.0,0.0,0.0,4.996003610813204e-16,4.996003610813204e-16,0.0,0.0,0
56,57,16,2,0,17,3,1,3.894736842105263,1.0526315789473684,0.8,interior,0.0,0.0,2.1468570267587737,0.07368421051462451,0.0,0.0,0.0,0.0,0.0,4.996003610813204e-16,4.996003610813204e-16,0.0,0.0,0
57,58,17,2,0,18,3,1,4.263157894736842,1.0526315789473684,0.8,interior,0.0,0.0,2.3176481863559406,0.07368421051462451,0.0,0.0,0.0,0.0,0.0,4.996003610813204e-16,4.996003610813204e-16,0.0,0.0,0
58,59,18,2,0,19,3,1,4.63157894736842,1.0526315789473684,0.8,interior,0.0,0.0,2.4831733719214606,0.07368421051462451,0.0,0.0,0.0,0.0,0.0,4.996003610813204e-16,4.996003610813204e-16,0.0,0.0,0
59,60,19,2,0,20,3,1,5.0,1.0526315789473684,0.8,upper_b,0.0,0.0,0.0019162518960111896,0.07368421051462451,0.0,0.005201255146316085,0.0,0.0,0.005201255146316085,-0.005201255146316142,-5.637851296924623e-17,0.0,0.0,0
60,61,0,3,0,1,4,1,-2.0,1.5789473684210527,0.8,lower_b,0.0,0.0,0.0,0.1105263151152957,0.0,0.0,0.0,0.0,0.0,-5.551115123125783e-17,-5.551115123125783e-17,0.0,0.0,0
61,62,1,3,0,2,4,1,-1.631578947368421,1.5789473684210527,0.8,interior,0.0,0.0,-0.12258653651964302,0.1832241940424046,0.0,0.0,0.0,0.0,0.0,1.1102230246251565e-16,1.1102230246251565e-16,0.0,0.0,0
62,63,2,3,0,3,4,1,-1.263157894736842,1.5789473684210527,0.8,interior,0.0,0.0,-0.2099797526890974,0.1965727654350127,0.0,0.0,0.0,0.0,0.0,0.0,0.0,0.0,0.0,0
63,64,3,3,0,4,4,1,-0.8947368421052633,1.5789473684210527,0.8,interior,0.0,0.0,-0.25013402439214083,0.20472419448693663,0.0,0.0,0.0,0.0,0.0,0.0,0.0,0.0,0.0,0
64,65,4,3,0,5,4,1,-0.5263157894736843,1.5789473684210527,0.8,interior,0.0,0.0,-0.27506554810337214,0.21135775312707647,0.0,0.0,0.0,0.0,0.0,0.0,0.0,0.0,0.0,0
65,66,5,3,0,6,4,1,-0.1578947368421053,1.5789473684210527,0.8,interior,0.0,0.0,-0.29314929197868445,0.21737106805060413,0.0,0.0,0.0,0.0,0.0,1.1102230246251565e-16,1.1102230246251565e-16,0.0,0.0,0
66,67,6,3,0,7,4,1,0.21052631578947345,1.5789473684210527,0.8,interior,0.0,0.0,-0.525196943123369,0.24908963598749123,0.0,0.0,0.0,0.0,0.0,-1.1102230246251565e-16,-1.1102230246251565e-16,0.0,0.0,0
67,68,7,3,0,8,4,1,0.5789473684210527,1.5789473684210527,0.8,interior,0.0,0.0,-0.7718168859497574,0.28167196787147614,0.0,0.0,0.0,0.0,0.0,-3.885780586188048e-16,-3.885780586188048e-16,0.0,0.0,0
68,69,8,3,0,9,4,1,0.9473684210526314,1.5789473684210527,0.8,interior,0.0,0.0,-0.9384719955894401,0.30396404895907336,0.0,0.0,0.0,0.0,0.0,-3.885780586188048e-16,-3.885780586188048e-16,0.0,0.0,0
69,70,9,3,0,10,4,1,1.3157894736842102,1.5789473684210527,0.8,interior,0.0,0.0,-1.0656988245852492,0.3211948407425453,0.0,0.0,0.0,0.0,0.0,-5.551115123125783e-17,-5.551115123125783e-17,0.0,0.0,0
70,71,10,3,0,11,4,1,1.6842105263157894,1.5789473684210527,0.8,interior,0.0,0.0,-1.1645574764404625,0.3370195027732898,0.0,0.0,0.0,0.0,0.0,-1.6653345369377348e-16,-1.6653345369377348e-16,0.0,0.0,0
71,72,11,3,0,12,4,1,2.052631578947368,1.5789473684210527,0.8,interior,0.0,0.0,1.1065706838243212,0.1419553024546363,0.0,0.0,0.0,0.0,0.0,-2.220446049250313e-16,-2.220446049250313e-16,0.0,0.0,0
72,73,12,3,0,13,4,1,2.421052631578947,1.5789473684210527,0.8,interior,0.0,0.0,1.3734364615744283,0.1105263151152957,0.0,0.0,0.0,0.0,0.0,-2.7755575615628914e-16,-2.7755575615628914e-16,0.0,0.0,0
73,74,13,3,0,14,4,1,2.7894736842105257,1.5789473684210527,0.8,interior,0.0,0.0,1.5829682380343675,0.1105263151152957,0.0,0.0,0.0,0.0,0.0,1.6653345369377348e-16,1.6653345369377348e-16,0.0,0.0,0
74,75,14,3,0,15,4,1,3.1578947368421053,1.5789473684210527,0.8,interior,0.0,0.0,1.7787277795353038,0.1105263151152957,0.0,0.0,0.0,0.0,0.0,1.6653345369377348e-16,1.6653345369377348e-16,0.0,0.0,0
75,76,15,3,0,16,4,1,3.526315789473684,1.5789473684210527,0.8,interior,0.0,0.0,1.9641835793560327,0.1105263151152957,0.0,0.0,0.0,0.0,0.0,1.6653345369377348e-16,1.6653345369377348e-16,0.0,0.0,0
76,77,16,3,0,17,4,1,3.894736842105263,1.5789473684210527,0.8,interior,0.0,0.0,2.14160238925074,0.1105263151152957,0.0,0.0,0.0,0.0,0.0,1.6653345369377348e-16,1.6653345369377348e-16,0.0,0.0,0
77,78,17,3,0,18,4,1,4.263157894736842,1.5789473684210527,0.8,interior,0.0,0.0,2.3125930817631835,0.1105263151152957,0.0,0.0,0.0,0.0,0.0,1.6653345369377348e-16,1.6653345369377348e-16,0.0,0.0,0
78,79,18,3,0,19,4,1,4.63157894736842,1.5789473684210527,0.8,interior,0.0,0.0,2.493232398469475,0.09334475395283381,0.0,0.0,0.0,0.0,0.0,4.440892098500626e-16,4.440892098500626e-16,0.0,0.0,0
79,80,19,3,0,20,4,1,5.0,1.5789473684210527,0.8,upper_b,0.0,0.0,0.017646792981366843,0.09282750234721429,0.0,0.04789843809228143,0.0,0.0,0.04789843809228143,-0.04789843809228139,3.469446951953614e-17,0.0,0.0,0
80,81,0,4,0,1,5,1,-2.0,2.1052631578947367,0.8,lower_b,0.0,0.0,0.0,0.1473684090807629,0.0,0.0,0.0,0.0,0.0,0.0,0.0,0.0,0.0,0
81,82,1,4,0,2,5,1,-1.631578947368421,2.1052631578947367,0.8,interior,0.0,0.0,-0.14950570436064758,0.18976273778695027,0.0,0.0,0.0,0.0,0.0,-5.551115123125783e-17,-5.551115123125783e-17,0.0,0.0,0
82,83,2,4,0,3,5,1,-1.263157894736842,2.1052631578947367,0.8,interior,0.0,0.0,-0.20136961238933182,0.20205798743995632,0.0,0.0,0.0,0.0,0.0,5.551115123125783e-17,5.551115123125783e-17,0.0,0.0,0
83,84,3,4,0,4,5,1,-0.8947368421052633,2.1052631578947367,0.8,interior,0.0,0.0,-0.23083023678980474,0.21113778692166268,0.0,0.0,0.0,0.0,0.0,5.551115123125783e-17,5.551115123125783e-17,0.0,0.0,0
84,85,4,4,0,5,5,1,-0.5263157894736843,2.1052631578947367,0.8,interior,0.0,0.0,-0.251060494219832,0.2190006194891339,0.0,0.0,0.0,0.0,0.0,5.551115123125783e-17,5.551115123125783e-17,0.0,0.0,0
85,86,5,4,0,6,5,1,-0.1578947368421053,2.1052631578947367,0.8,interior,0.0,0.0,-0.2669752099987335,0.2263459893273037,0.0,0.0,0.0,0.0,0.0,5.551115123125783e-17,5.551115123125783e-17,0.0,0.0,0
86,87,6,4,0,7,5,1,0.21052631578947345,2.1052631578947367,0.8,interior,0.0,0.0,-0.5143147774783969,0.267275516889113,0.0,0.0,0.0,0.0,0.0,-5.551115123125783e-17,-5.551115123125783e-17,0.0,0.0,0
87,88,7,4,0,8,5,1,0.5789473684210527,2.1052631578947367,0.8,interior,0.0,0.0,-0.7695170297693164,0.3079883761807351,0.0,0.0,0.0,0.0,0.0,-2.7755575615628914e-16,-2.7755575615628914e-16,0.0,0.0,0
88,89,8,4,0,9,5,1,0.9473684210526314,2.1052631578947367,0.8,interior,0.0,0.0,-0.9401575603762709,0.33533060545388715,0.0,0.0,0.0,0.0,0.0,-2.7755575615628914e-16,-2.7755575615628914e-16,0.0,0.0,0
89,90,9,4,0,10,5,1,1.3157894736842102,2.1052631578947367,0.8,interior,0.0,0.0,-1.0697686895256027,0.35629254944636474,0.0,0.0,0.0,0.0,0.0,-2.7755575615628914e-16,-2.7755575615628914e-16,0.0,0.0,0
90,91,10,4,0,11,5,1,1.6842105263157894,2.1052631578947367,0.8,interior,0.0,0.0,-1.1523652944020455,0.3864366878641551,0.0,0.0,0.0,0.0,0.0,-2.7755575615628914e-16,-2.7755575615628914e-16,0.0,0.0,0
91,92,11,4,0,12,5,1,2.052631578947368,2.1052631578947367,0.8,interior,0.0,0.0,1.1469173152554557,0.1473684090807629,0.0,0.0,0.0,0.0,0.0,0.0,0.0,0.0,0.0,0
92,93,12,4,0,13,5,1,2.421052631578947,2.1052631578947367,0.8,interior,0.0,0.0,1.3752711322515765,0.1473684090807629,0.0,0.0,0.0,0.0,0.0,4.440892098500626e-16,4.440892098500626e-16,0.0,0.0,0
93,94,13,4,0,14,5,1,2.7894736842105257,2.1052631578947367,0.8,interior,0.0,0.0,1.5842751518838396,0.1473684090807629,0.0,0.0,0.0,0.0,0.0,0.0,0.0,0.0,0.0,0
94,95,14,4,0,15,5,1,3.1578947368421053,2.1052631578947367,0.8,interior,0.0,0.0,1.7796602243743829,0.1473684090807629,0.0,0.0,0.0,0.0,0.0,0.0,0.0,0.0,0.0,0
95,96,15,4,0,16,5,1,3.526315789473684,2.1052631578947367,0.8,interior,0.0,0.0,1.964839844671081,0.1473684090807629,0.0,0.0,0.0,0.0,0.0,0.0,0.0,0.0,0.0,0
96,97,16,4,0,17,5,1,3.894736842105263,2.1052631578947367,0.8,interior,0.0,0.0,2.1614309024781067,0.1249546900222118,0.0,0.0,0.0,0.0,0.0,5.551115123125783e-17,5.551115123125783e-17,0.0,0.0,0
97,98,17,4,0,18,5,1,4.263157894736842,2.1052631578947367,0.8,interior,0.0,0.0,2.352939253258925,0.09883208551291689,0.0,0.0,0.0,0.0,0.0,4.996003610813204e-16,4.996003610813204e-16,0.0,0.0,0
98,99,18,4,0,19,5,1,4.63157894736842,2.1052631578947367,0.8,interior,0.0,0.0,2.5365533795313837,0.0739605520068023,0.0,0.0,0.0,0.0,0.0,5.551115123125783e-17,5.551115123125783e-17,0.0,0.0,0
99,100,19,4,0,20,5,1,5.0,2.1052631578947367,0.8,upper_b,0.0,0.0,0.06596221128007862,0.0733116883106771,0.0,0.17904028776021338,0.0,0.0,0.17904028776021338,-0.17904028776021336,2.7755575615628914e-17,0.0,0.0,0
100,101,0,5,0,1,6,1,-2.0,2.631578947368421,0.8,lower_b,0.0,0.0,0.0,0.18421041481907402,0.0,0.0,0.0,0.0,0.0,5.551115123125783e-17,5.551115123125783e-17,0.0,0.0,0
101,102,1,5,0,2,6,1,-1.631578947368421,2.631578947368421,0.8,interior,0.0,0.0,-0.11878684683255081,0.18421041481907402,0.0,0.0,0.0,0.0,0.0,5.551115123125783e-17,5.551115123125783e-17,0.0,0.0,0
102,103,2,5,0,3,6,1,-1.263157894736842,2.631578947368421,0.8,interior,0.0,0.0,-0.15181642864007472,0.18421041481907402,0.0,0.0,0.0,0.0,0.0,-5.551115123125783e-17,-5.551115123125783e-17,0.0,0.0,0
103,104,3,5,0,4,6,1,-0.8947368421052633,2.631578947368421,0.8,interior,0.0,0.0,-0.1807671664052215,0.1960283609244602,0.0,0.0,0.0,0.0,0.0,1.1102230246251565e-16,1.1102230246251565e-16,0.0,0.0,0
104,105,4,5,0,5,6,1,-0.5263157894736843,2.631578947368421,0.8,interior,0.0,0.0,-0.2009263871706839,0.20630291519385802,0.0,0.0,0.0,0.0,0.0,-5.551115123125783e-17,-5.551115123125783e-17,0.0,0.0,0
105,106,5,5,0,6,6,1,-0.1578947368421053,2.631578947368421,0.8,interior,0.0,0.0,-0.2174037717750874,0.21589268627948952,0.0,0.0,0.0,0.0,0.0,-5.551115123125783e-17,-5.551115123125783e-17,0.0,0.0,0
106,107,6,5,0,7,6,1,0.21052631578947345,2.631578947368421,0.8,interior,0.0,0.0,-0.48965922823580676,0.2683343046348025,0.0,0.0,0.0,0.0,0.0,5.551115123125783e-17,5.551115123125783e-17,0.0,0.0,0
107,108,7,5,0,8,6,1,0.5789473684210527,2.631578947368421,0.8,interior,0.0,0.0,-0.7550101768694315,0.3174003451860087,0.0,0.0,0.0,0.0,0.0,-2.7755575615628914e-16,-2.7755575615628914e-16,0.0,0.0,0
108,109,8,5,0,9,6,1,0.9473684210526314,2.631578947368421,0.8,interior,0.0,0.0,-0.929205301215223,0.3496611416993807,0.0,0.0,0.0,0.0,0.0,-3.885780586188048e-16,-3.885780586188048e-16,0.0,0.0,0
109,110,9,5,0,10,6,1,1.3157894736842102,2.631578947368421,0.8,interior,0.0,0.0,-1.0602156574788761,0.3744464118690556,0.0,0.0,0.0,0.0,0.0,-5.551115123125783e-17,-5.551115123125783e-17,0.0,0.0,0
110,111,10,5,0,11,6,1,1.6842105263157894,2.631578947368421,0.8,interior,0.0,0.0,-1.0331882251641957,0.46661944194024035,0.0,0.0,0.0,0.0,0.0,4.996003610813204e-16,4.996003610813204e-16,0.0,0.0,0
111,112,11,5,0,12,6,1,2.052631578947368,2.631578947368421,0.8,interior,0.0,0.0,1.1578062544989152,0.18421041481907402,0.0,0.0,0.0,0.0,0.0,-1.6653345369377348e-16,-1.6653345369377348e-16,0.0,0.0,0
112,113,12,5,0,13,6,1,2.421052631578947,2.631578947368421,0.8,interior,0.0,0.0,1.384311208033198,0.18421041481907402,0.0,0.0,0.0,0.0,0.0,2.7755575615628914e-16,2.7755575615628914e-16,0.0,0.0,0
113,114,13,5,0,14,6,1,2.7894736842105257,2.631578947368421,0.8,interior,0.0,0.0,1.5920776463391775,0.18421041481907402,0.0,0.0,0.0,0.0,0.0,7.216449660063518e-16,7.216449660063518e-16,0.0,0.0,0
114,115,14,5,0,15,6,1,3.1578947368421053,2.631578947368421,0.8,interior,0.0,0.0,1.793680786865158,0.176202804473523,0.0,0.0,0.0,0.0,0.0,6.661338147750939e-16,6.661338147750939e-16,0.0,0.0,0
115,116,15,5,0,16,6,1,3.526315789473684,2.631578947368421,0.8,interior,0.0,0.0,2.0067447299874814,0.14180288813686684,0.0,0.0,0.0,0.0,0.0,-1.6653345369377348e-16,-1.6653345369377348e-16,0.0,0.0,0
116,117,16,5,0,17,6,1,3.894736842105263,2.631578947368421,0.8,interior,0.0,0.0,2.2075266987388664,0.10964891283722744,0.0,0.0,0.0,0.0,0.0,1.1102230246251565e-16,1.1102230246251565e-16,0.0,0.0,0
117,118,17,5,0,18,6,1,4.263157894736842,2.631578947368421,0.8,interior,0.0,0.0,2.398815833880608,0.07906885454834853,0.0,0.0,0.0,0.0,0.0,6.106226635438361e-16,6.106226635438361e-16,0.0,0.0,0
118,119,18,5,0,19,6,1,4.63157894736842,2.631578947368421,0.8,interior,0.0,0.0,2.5824490649041296,0.04975324284589147,0.0,0.0,0.0,0.0,0.0,-1.1102230246251565e-16,-1.1102230246251565e-16,0.0,0.0,0
119,120,19,5,0,20,6,1,5.0,2.631578947368421,0.8,upper_b,0.0,0.0,0.11668187979651634,0.04897069566180509,0.0,0.3167079594476872,0.0,0.0,0.3167079594476872,-0.3167079594476871,1.1102230246251565e-16,0.0,0.0,0
120,121,0,6,0,1,7,1,-2.0,3.1578947368421053,0.8,lower_b,4.826850745452614e-26,9.359544381764072e-27,0.0,0.2210519412206733,0.0,0.0,0.0,0.0,0.0,0.0,0.0,-6.81591573047591e-42,0.0,0
121,122,1,6,0,2,7,1,-1.631578947368421,3.1578947368421053,0.8,interior,1.1141821002850075e-25,2.1604639063698208e-26,-0.11914864201059316,0.2210519412206733,0.0,0.0,0.0,0.0,0.0,-1.1102230246251565e-16,-1.1102230246251565e-16,-4.304788882405838e-42,0.0,0
122,123,2,6,0,3,7,1,-1.263157894736842,3.1578947368421053,0.8,interior,2.9323257864624426e-25,5.68595027845903e-26,-0.14935666960265692,0.2210519412206733,0.0,0.0,0.0,0.0,0.0,1.1102230246251565e-16,1.1102230246251565e-16,-4.0178029569121155e-41,0.0,0
123,124,3,6,0,4,7,1,-0.8947368421052633,3.1578947368421053,0.8,interior,7.552851502156185e-25,1.46454184252336e-25,-0.16424442190759692,0.2210519412206733,0.0,0.0,0.0,0.0,0.0,1.1102230246251565e-16,1.1102230246251565e-16,-1.8510592194345104e-40,0.0,0
124,125,4,6,0,5,7,1,-0.5263157894736843,3.1578947368421053,0.8,interior,1.911982733340373e-24,3.7074457433192827e-25,-0.17294830412589413,0.2210519412206733,0.0,0.0,0.0,0.0,0.0,-1.1102230246251565e-16,-1.1102230246251565e-16,4.620473400448933e-40,0.0,0
125,126,5,6,0,6,7,1,-0.1578947368421053,3.1578947368421053,0.8,interior,4.771651461660776e-24,9.252509759453028e-25,-0.1788871186904224,0.2210519412206733,0.0,0.0,0.0,0.0,0.0,1.1102230246251565e-16,1.1102230246251565e-16,5.050952288689517e-40,0.0,0
126,127,6,6,0,7,7,1,0.21052631578947345,3.1578947368421053,0.8,interior,4.9004161444364914e-24,9.502191969821451e-25,-0.4404367737259012,0.2474504977323818,0.0,0.0,0.0,0.0,0.0,1.1102230246251565e-16,1.1102230246251565e-16,-5.395335399281984e-40,0.0,0
127,128,7,6,0,8,7,1,0.5789473684210527,3.1578947368421053,0.8,interior,4.9616442122979714e-24,9.620916755148422e-25,-0.7211374069777019,0.3073217477897392,0.0,0.0,0.0,0.0,0.0,5.551115123125783e-17,5.551115123125783e-17,1.5382445606463528e-39,0.0,0
128,129,8,6,0,9,7,1,0.9473684210526314,3.1578947368421053,0.8,interior,5.7946318397669684e-24,1.1236128221154787e-24,-0.899673538735847,0.34554330488062834,0.0,0.0,0.0,0.0,0.0,-5.551115123125783e-17,-5.551115123125783e-17,-1.4616561344764587e-23,0.0,0
129,130,9,6,0,10,7,1,1.3157894736842102,3.1578947368421053,0.8,interior,7.559002383847804e-25,1.465734534264117e-25,-1.031055774078828,0.37625564644282533,0.0,0.0,0.0,0.0,0.0,-2.7755575615628914e-16,-2.7755575615628914e-16,-3.6734198463196485e-40,0.0,0
130,131,10,6,0,11,7,1,1.6842105263157894,3.1578947368421053,0.8,interior,8.259479331469212e-25,1.6015610892045564e-25,0.9246864300882134,0.2210519412206733,0.0,0.0,0.0,0.0,0.0,-3.3306690738754696e-16,-3.3306690738754696e-16,-3.6734198463196485e-40,0.0,0
131,132,11,6,0,12,7,1,2.052631578947368,3.1578947368421053,0.8,interior,1.1629558741828461e-24,2.255039091213275e-25,1.175987644005346,0.2210519412206733,0.0,0.0,0.0,0.0,0.0,-3.3306690738754696e-16,-3.3306690738754696e-16,3.6734198463196485e-40,0.0,0
132,133,12,6,0,13,7,1,2.421052631578947,3.1578947368421053,0.8,interior,1.3323421542298442e-24,2.5834889417199196e-25,1.3997925004766536,0.2210519412206733,0.0,0.0,0.0,0.0,0.0,5.551115123125783e-16,5.551115123125783e-16,-3.6734198463196485e-40,0.0,0
133,134,13,6,0,14,7,1,2.7894736842105257,3.1578947368421053,0.8,interior,1.4193284918290533e-24,2.7521605104718486e-25,1.621014819683987,0.20359161445040178,0.0,0.0,0.0,0.0,0.0,2.220446049250313e-16,2.220446049250313e-16,0.0,0.0,0
134,135,14,6,0,15,7,1,3.1578947368421053,3.1578947368421053,0.8,interior,1.469443513843222e-24,2.8493364534356104e-25,1.8474491745466919,0.1622962761353045,0.0,0.0,0.0,0.0,0.0,1.6653345369377348e-16,1.6653345369377348e-16,-1.1020259538958945e-39,0.0,0
135,136,15,6,0,16,7,1,3.526315789473684,3.1578947368421053,0.8,interior,1.5115208755300167e-24,2.9309269054598665e-25,2.0587191102499958,0.12388133278577812,0.0,0.0,0.0,0.0,0.0,-5.551115123125783e-17,-5.551115123125783e-17,-1.1020259538958945e-39,0.0,0
136,137,16,6,0,17,7,1,3.894736842105263,3.1578947368421053,0.8,interior,-8.160016542131582e-24,-1.5822746757595865e-24,2.258470930877272,0.08753956710572272,0.0,0.0,0.0,0.0,0.0,2.7755575615628914e-16,2.7755575615628914e-16,7.908604830881205e-23,-0.0,0
137,138,17,6,0,18,7,1,4.263157894736842,3.1578947368421053,0.8,interior,-4.8962629138188045e-24,-9.494138614053085e-25,2.449078567924457,0.052839012293153714,0.0,0.0,0.0,0.0,0.0,4.996003610813204e-16,4.996003610813204e-16,0.0,-0.0,0
138,139,18,6,0,19,7,1,4.63157894736842,3.1578947368421053,0.8,interior,5.517759123784256e-09,1.0699255918695234e-09,2.6322582737724405,0.0194657948221775,0.0,0.0,0.0,0.0,0.0,1.1102230246251565e-16,1.1102230246251565e-16,1.1911400820763599e-22,0.0,0
139,140,19,6,0,20,7,1,5.0,3.1578947368421053,0.8,upper_b,5.2070279074276246e-06,1.0096730014402596e-06,0.17118033245977315,0.01855271215630047,0.0,0.4646323309622414,0.0,0.0,0.4646323309622414,-0.4646323309622414,0.0,-2.117582368135751e-22,4.691267201688303e-07,0
140,141,0,7,0,1,8,1,-2.0,3.6842105263157894,0.8,lower_b,2.44461319612464e-24,4.740247194701518e-25,0.0,0.2578915117477092,0.0,0.0,0.0,0.0,0.0,-5.551115123125783e-17,-5.551115123125783e-17,-2.8698592549372254e-41,0.0,0
141,142,1,7,0,2,8,1,-1.631578947368421,3.6842105263157894,0.8,interior,6.1573623646788904e-24,1.1939483809626658e-24,-0.11822253969558005,0.2578915117477092,0.0,0.0,0.0,0.0,0.0,1.6653345369377348e-16,1.6653345369377348e-16,-3.3060778616876836e-39,0.0,0
142,143,2,7,0,3,8,1,-1.263157894736842,3.6842105263157894,0.8,interior,1.7535307488172463e-23,3.400198127900478e-24,-0.1458166501175704,0.2578915117477092,0.0,0.0,0.0,0.0,0.0,-5.551115123125783e-17,-5.551115123125783e-17,1.3086558202513748e-39,0.0,0
143,144,3,7,0,4,8,1,-0.8947368421052633,3.6842105263157894,0.8,interior,4.891974725825461e-23,9.485823568082612e-24,-0.1587457998699513,0.2578915117477092,0.0,0.0,0.0,0.0,0.0,-5.551115123125783e-17,-5.551115123125783e-17,1.294880495827676e-38,0.0,0
144,145,4,7,0,5,8,1,-0.5263157894736843,3.6842105263157894,0.8,interior,1.346398395236669e-22,2.6107448107082228e-23,-0.16564380988853955,0.2578915117477092,0.0,0.0,0.0,0.0,0.0,-5.551115123125783e-17,-5.551115123125783e-17,-5.289724578700294e-38,0.0,0
145,146,5,7,0,6,8,1,-0.1578947368421053,3.6842105263157894,0.8,interior,3.6660328289455382e-22,7.108650914852844e-23,-0.17001578409245077,0.2578915117477092,0.0,0.0,0.0,0.0,0.0,-5.551115123125783e-17,-5.551115123125783e-17,6.391750532596188e-38,0.0,0
146,147,6,7,0,7,8,1,0.21052631578947345,3.6842105263157894,0.8,interior,4.2033815390817296e-22,8.150601322319144e-23,-0.40768427844383837,0.2578915117477092,0.0,0.0,0.0,0.0,0.0,-5.551115123125783e-17,-5.551115123125783e-17,1.2489627477486805e-38,0.0,0
147,148,7,7,0,8,8,1,0.5789473684210527,3.6842105263157894,0.8,interior,4.53191877777303e-22,8.787654139726097e-23,-0.6522806358087454,0.2744597707796836,0.0,0.0,0.0,0.0,0.0,-1.6653345369377348e-16,-1.6653345369377348e-16,-7.346839692639297e-38,0.0,0
148,149,8,7,0,9,8,1,0.9473684210526314,3.6842105263157894,0.8,interior,5.152354590360719e-22,9.9907152721676e-23,-0.8420757891415462,0.3224144095198411,0.0,0.0,0.0,0.0,0.0,-5.551115123125783e-17,-5.551115123125783e-17,-8.287407582724539e-22,0.0,0
149,150,9,7,0,10,8,1,1.3157894736842102,3.6842105263157894,0.8,interior,1.259202800604106e-22,2.4416674803957734e-23,-0.972242346326345,0.36997613622619435,0.0,0.0,0.0,0.0,0.0,-3.885780586188048e-16,-3.885780586188048e-16,1.88079096131566e-37,0.0,0
150,151,10,7,0,11,8,1,1.6842105263157894,3.6842105263157894,0.8,interior,1.2614929962421583e-22,2.446108302962634e-23,0.9555732648661159,0.2578915117477092,0.0,0.0,0.0,0.0,0.0,-5.551115123125783e-17,-5.551115123125783e-17,0.0,0.0,0
151,152,11,7,0,12,8,1,2.052631578947368,3.6842105263157894,0.8,interior,1.7903761051975874e-22,3.4716434172806405e-23,1.201137567517728,0.2578915117477092,0.0,0.0,0.0,0.0,0.0,3.885780586188048e-16,3.885780586188048e-16,-4.70197740328915e-38,0.0,0
152,153,12,7,0,13,8,1,2.421052631578947,3.6842105263157894,0.8,interior,2.0568612600889918e-22,3.988373634521591e-23,1.4421419512231335,0.23410216145885232,0.0,0.0,0.0,0.0,0.0,3.885780586188048e-16,3.885780586188048e-16,-4.70197740328915e-38,0.0,0
153,154,13,7,0,14,8,1,2.7894736842105257,3.6842105263157894,0.8,interior,2.208058999029005e-22,4.2815548457626137e-23,1.6841036376474294,0.1855460201115937,0.0,0.0,0.0,0.0,0.0,5.551115123125783e-17,5.551115123125783e-17,-9.4039548065783e-38,0.0,0
154,155,14,7,0,15,8,1,3.1578947368421053,3.6842105263157894,0.8,interior,-3.0853866084967117e-21,-5.98274411619861e-22,1.9071275329210904,0.14073195363560764,0.0,0.0,0.0,0.0,0.0,3.885780586188048e-16,3.885780586188048e-16,2.0023277402177455e-20,-0.0,0
155,156,15,7,0,16,8,1,3.526315789473684,3.6842105263157894,0.8,interior,-2.3753792344335553e-21,-4.605998515522129e-22,2.116165817230929,0.09858858345973703,0.0,0.0,0.0,0.0,0.0,2.7755575615628914e-16,2.7755575615628914e-16,-2.256949153578792e-36,-0.0,0
156,157,16,7,0,17,8,1,3.894736842105263,3.6842105263157894,0.8,interior,-1.6150070528849974e-21,-3.13159262332271e-22,2.314323089054758,0.058521350614326506,0.0,0.0,0.0,0.0,0.0,2.7755575615628914e-16,2.7755575615628914e-16,-1.5292951307631282e-21,-0.0,0
157,158,17,7,0,18,8,1,4.263157894736842,3.6842105263157894,0.8,interior,2.707271630007109e-10,5.249557177299104e-11,2.503752999768766,0.020112678186373856,0.0,0.0,0.0,0.0,0.0,-5.551115123125783e-17,-5.551115123125783e-17,9.404082290383259e-22,0.0,0
158,159,18,7,0,19,8,1,4.63157894736842,3.6842105263157894,0.8,interior,1.2325929040295753e-07,2.3900693429936363e-08,2.686038328223855,-0.016947432932734763,0.0,0.0,0.0,0.0,0.0,2.7755575615628914e-16,2.7755575615628914e-16,1.3129010682441655e-20,0.0,0
159,160,19,7,0,20,8,1,5.0,3.6842105263157894,0.8,upper_b,0.00011644385472438575,2.2579140805282556e-05,0.22955129489055537,-0.01799043197396699,0.0,0.6230678004172217,0.0,0.0,0.6230678004172217,-0.6230678004172217,0.0,2.879912020664621e-20,1.4068335596858137e-05,0
160,161,0,8,0,1,9,1,-2.0,4.2105263157894735,0.8,lower_b,3.5872508684510975e-24,6.955888110569995e-25,0.0,0.2947245829117527,0.0,0.0,0.0,0.0,0.0,5.551115123125783e-17,5.551115123125783e-17,4.9648565110414e-40,0.0,0
161,162,1,8,0,2,9,1,-1.631578947368421,4.2105263157894735,0.8,interior,6.2954136481395885e-24,1.2207173278941031e-24,-0.11598761737810825,0.2947245829117527,0.0,0.0,0.0,0.0,0.0,-5.551115123125783e-17,-5.551115123125783e-17,-2.5254761443447583e-40,0.0,0
162,163,2,8,0,3,9,1,-1.263157894736842,4.2105263157894735,0.8,interior,1.1805487709649337e-23,2.289152741483251e-24,-0.141052511787656,0.2947245829117527,0.0,0.0,0.0,0.0,0.0,5.551115123125783e-17,5.551115123125783e-17,-3.397913357845675e-39,0.0,0
163,164,3,8,0,4,9,1,-0.8947368421052633,4.2105263157894735,0.8,interior,1.5367213535822147e-23,2.979792098358865e-24,-0.1515233896234598,0.2947245829117527,0.0,0.0,0.0,0.0,0.0,5.551115123125783e-17,5.551115123125783e-17,1.3316146942908726e-39,0.0,0
164,165,4,8,0,5,9,1,-0.5263157894736843,4.2105263157894735,0.8,interior,-9.915389470845759e-24,-1.922651697947931e-24,-0.15590121817684732,0.2947245829117527,0.0,0.0,0.0,0.0,0.0,5.551115123125783e-17,5.551115123125783e-17,1.2397791981328814e-38,-0.0,0
165,166,5,8,0,6,9,1,-0.1578947368421053,4.2105263157894735,0.8,interior,-1.8460181489797426e-22,-3.57953657696903e-23,-0.15823129504943267,0.2947245829117527,0.0,0.0,0.0,0.0,0.0,5.551115123125783e-17,5.551115123125783e-17,-3.710154044782845e-38,-0.0,0
166,167,6,8,0,7,9,1,0.21052631578947345,4.2105263157894735,0.8,interior,-3.8942148376202695e-22,-7.551109103418806e-23,-0.4001794582240521,0.2947245829117527,0.0,0.0,0.0,0.0,0.0,5.551115123125783e-17,5.551115123125783e-17,1.065291755432698e-37,-0.0,0
167,168,7,8,0,8,9,1,0.5789473684210527,4.2105263157894735,0.8,interior,-5.729654887388425e-22,-1.1110134130670077e-22,-0.6261001540390456,0.2947245829117527,0.0,0.0,0.0,0.0,0.0,5.551115123125783e-17,5.551115123125783e-17,1.2633398844168414e-22,-0.0,0
168,169,8,8,0,9,9,1,0.9473684210526314,4.2105263157894735,0.8,interior,-7.713466521241779e-22,-1.4956860290496525e-22,-0.7590447936345868,0.2947245829117527,0.0,0.0,0.0,0.0,0.0,-3.885780586188048e-16,-3.885780586188048e-16,5.245487437486869e-21,-0.0,0
169,170,9,8,0,10,9,1,1.3157894736842102,4.2105263157894735,0.8,interior,6.259698495233055e-22,1.213791951984249e-22,-0.6526767394679247,0.19288201356264706,0.0,0.0,0.0,0.0,0.0,-2.220446049250313e-16,-2.220446049250313e-16,-1.88079096131566e-37,0.0,0
170,171,10,8,0,11,9,1,1.6842105263157894,4.2105263157894735,0.8,interior,2.2743228374211577e-21,4.410044283088118e-22,0.9943564768886652,0.2947245829117527,0.0,0.0,0.0,0.0,0.0,-3.885780586188048e-16,-3.885780586188048e-16,-4.4348161247352426e-21,0.0,0
171,172,11,8,0,12,9,1,2.052631578947368,4.2105263157894735,0.8,interior,2.2820587219389108e-21,4.425044613177944e-22,1.2580078435882438,0.26609734200934626,0.0,0.0,0.0,0.0,0.0,1.6653345369377348e-16,1.6653345369377348e-16,-7.52316384526264e-37,0.0,0
172,173,12,8,0,13,9,1,2.421052631578947,4.2105263157894735,0.8,interior,2.3045290279162583e-21,4.468615843604933e-22,1.5178763548372425,0.21004026662414563,0.0,0.0,0.0,0.0,0.0,6.661338147750939e-16,6.661338147750939e-16,0.0,0.0,0
173,174,13,8,0,14,9,1,2.7894736842105257,4.2105263157894735,0.8,interior,2.3537727456637087e-21,4.564102276910239e-22,1.7539318789382552,0.15879164662678763,0.0,0.0,0.0,0.0,0.0,6.661338147750939e-16,6.661338147750939e-16,1.504632769052528e-36,0.0,0
174,175,14,8,0,15,9,1,3.1578947368421053,4.2105263157894735,0.8,interior,2.2717422292450077e-21,4.405040333716081e-22,1.9730250687445885,0.11088949863223707,0.0,0.0,0.0,0.0,0.0,1.6653345369377348e-16,1.6653345369377348e-16,3.76158192263132e-37,0.0,0
175,176,15,8,0,16,9,1,3.526315789473684,4.2105263157894735,0.8,interior,1.0056431977068969e-19,1.9500006603734845e-20,2.17923074292088,0.06554216195242776,0.0,0.0,0.0,0.0,0.0,2.220446049250313e-16,2.220446049250313e-16,-6.204252352821992e-19,0.0,0
176,177,16,8,0,17,9,1,3.894736842105263,4.2105263157894735,0.8,interior,3.0132010322500675e-09,5.842772084695422e-10,2.375259937961756,0.022210294954277843,0.0,0.0,0.0,0.0,0.0,6.106226635438361e-16,6.106226635438361e-16,1.403143241899433e-19,0.0,0
177,178,17,8,0,18,9,1,4.263157894736842,4.2105263157894735,0.8,interior,5.232537765750729e-08,1.0146195113644074e-08,2.5630363364562285,-0.019496104291080008,0.0,0.0,0.0,0.0,0.0,2.7755575615628914e-16,2.7755575615628914e-16,1.6659939694579651e-19,0.0,0
178,179,18,8,0,19,9,1,4.63157894736842,4.2105263157894735,0.8,interior,1.2172871251933905e-06,2.3603905474664083e-07,2.7439985926937167,-0.05987313879123585,0.0,0.0,0.0,0.0,0.0,2.7755575615628914e-16,2.7755575615628914e-16,1.6686549060909717e-19,0.0,0
179,180,19,8,0,20,9,1,5.0,4.2105263157894735,0.8,upper_b,0.0009224471900735186,0.00017886787619154101,0.292052587975256,-0.061051456723464625,0.0,0.7927141673614091,0.0,0.0,0.7927141673614091,-0.7927141673614093,-2.220446049250313e-16,-2.168404344971009e-19,0.00014179109954288104,0
180,181,0,9,0,1,10,1,-2.0,4.7368421052631575,0.8,lower_b,-2.2537943233811824e-25,-4.3702383001851184e-26,0.0,0.3315391378315792,0.0,0.0,0.0,0.0,0.0,-5.551115123125783e-17,-5.551115123125783e-17,4.199859653397196e-40,-0.0,0
181,182,1,9,0,2,10,1,-1.631578947368421,4.7368421052631575,0.8,interior,-7.27539742972686e-24,-1.4107418838805547e-24,-0.1126825113011023,0.3315391378315792,0.0,0.0,0.0,0.0,0.0,-5.551115123125783e-17,-5.551115123125783e-17,-7.174648137343063e-40,-0.0,0
182,183,2,9,0,3,10,1,-1.263157894736842,4.7368421052631575,0.8,interior,-3.4750801204451907e-23,-6.738382505018376e-24,-0.13476595918306522,0.3315391378315792,0.0,0.0,0.0,0.0,0.0,1.6653345369377348e-16,1.6653345369377348e-16,6.566237975296372e-39,-0.0,0
183,184,3,9,0,4,10,1,-0.8947368421052633,4.7368421052631575,0.8,interior,-1.3654854825035217e-22,-2.647755783247826e-23,-0.1417141576626797,0.3315391378315792,0.0,0.0,0.0,0.0,0.0,1.6653345369377348e-16,1.6653345369377348e-16,-1.6346718316122436e-38,-0.0,0
184,185,4,9,0,5,10,1,-0.5263157894736843,4.7368421052631575,0.8,interior,-4.952324631175817e-22,-9.602845545216266e-23,-0.14245703304996304,0.3315391378315792,0.0,0.0,0.0,0.0,0.0,5.551115123125783e-17,5.551115123125783e-17,-3.0856726709085047e-38,-0.0,0
185,186,5,9,0,6,10,1,-0.1578947368421053,4.7368421052631575,0.8,interior,-1.704963452878043e-21,-3.3060233158300007e-22,-0.14229872760131457,0.3315391378315792,0.0,0.0,0.0,0.0,0.0,1.6653345369377348e-16,1.6653345369377348e-16,1.6163047323806453e-37,-0.0,0
186,187,6,9,0,7,10,1,0.21052631578947345,4.7368421052631575,0.8,interior,-2.0699298448425157e-21,-4.0137143805810553e-22,-0.3883004502894778,0.3315391378315792,0.0,0.0,0.0,0.0,0.0,-5.551115123125783e-17,-5.551115123125783e-17,-3.0562853121379475e-37,-0.0,0
187,188,7,9,0,8,10,1,0.5789473684210527,4.7368421052631575,0.8,interior,-2.3801916529282674e-21,-4.615330074930158e-22,-0.6080406834686656,0.3315391378315792,0.0,0.0,0.0,0.0,0.0,-2.7755575615628914e-16,-2.7755575615628914e-16,8.058210155362574e-25,-0.0,0
188,189,8,9,0,9,10,1,0.9473684210526314,4.7368421052631575,0.8,interior,-3.0858745421617246e-21,-5.983690247959023e-22,-0.6990875221828556,0.3315391378315792,0.0,0.0,0.0,0.0,0.0,-2.7755575615628914e-16,-2.7755575615628914e-16,-2.6095974588254783e-36,-0.0,0
189,190,9,9,0,10,10,1,1.3157894736842102,4.7368421052631575,0.8,interior,-2.4683092867973694e-20,-4.786195292958888e-21,-0.12718487521718558,0.144055845511307,0.0,0.0,0.0,0.0,0.0,0.0,0.0,4.995980054208023e-20,-0.0,0
190,191,10,9,0,11,10,1,1.6842105263157894,4.7368421052631575,0.8,interior,6.898018391292228e-21,1.3375658930483546e-21,1.0714995203989535,0.2963970450964409,0.0,0.0,0.0,0.0,0.0,-1.6653345369377348e-16,-1.6653345369377348e-16,-3.009265538105056e-36,0.0,0
191,192,11,9,0,12,10,1,2.052631578947368,4.7368421052631575,0.8,interior,1.013319983119905e-20,1.964886393861312e-21,1.351350030219523,0.2330956103405531,0.0,0.0,0.0,0.0,0.0,1.1102230246251565e-16,1.1102230246251565e-16,0.0,0.0,0
192,193,12,9,0,13,10,1,2.421052631578947,4.7368421052631575,0.8,interior,1.2127463507670853e-20,2.3515857217090297e-21,1.6013948798830242,0.1756845863027381,0.0,0.0,0.0,0.0,0.0,5.551115123125783e-17,5.551115123125783e-17,0.0,0.0,0
193,194,13,9,0,14,10,1,2.7894736842105257,4.7368421052631575,0.8,interior,1.3568121109324435e-20,2.630937611226345e-21,1.8310377112895857,0.12227954868355065,0.0,0.0,0.0,0.0,0.0,1.1102230246251565e-16,1.1102230246251565e-16,-9.027796614315168e-36,0.0,0
194,195,14,9,0,15,10,1,3.1578947368421053,4.7368421052631575,0.8,interior,7.860365122183182e-19,1.5241705223069882e-19,2.0455656008339487,0.07189482439334782,0.0,0.0,0.0,0.0,0.0,-1.6653345369377348e-16,-1.6653345369377348e-16,-4.694834974172576e-18,0.0,0
195,196,15,9,0,16,10,1,3.526315789473684,4.7368421052631575,0.8,interior,2.7399894573045943e-08,5.312998947682039e-09,2.2483563410325376,0.023871185984859877,0.0,0.0,0.0,0.0,0.0,0.0,0.0,3.975636819082989e-23,0.0,0
196,197,16,9,0,17,10,1,3.894736842105263,4.7368421052631575,0.8,interior,4.855288296385515e-07,9.414686447284933e-08,2.4417313661662083,-0.022260069806814053,0.0,0.0,0.0,0.0,0.0,2.7755575615628914e-16,2.7755575615628914e-16,4.7321853063107265e-18,0.0,0
197,198,17,9,0,18,10,1,4.263157894736842,4.7368421052631575,0.8,interior,2.862126932844661e-06,5.54983061770433e-07,2.6273779889357227,-0.06684880479569733,0.0,0.0,0.0,0.0,0.0,2.7755575615628914e-16,2.7755575615628914e-16,1.8032537353656003e-21,0.0,0
198,199,18,9,0,19,10,1,4.63157894736842,4.7368421052631575,0.8,interior,1.480435900229591e-05,2.8706513300850795e-06,2.806582376001505,-0.11016787413103357,0.0,0.0,0.0,0.0,0.0,-6.106226635438361e-16,-6.106226635438361e-16,-8.470329472543003e-19,0.0,0
199,200,19,9,0,20,10,1,5.0,4.7368421052631575,0.8,upper_b,0.0050720308188366365,0.0009834962806608437,0.35921414724569267,-0.11150111736192564,0.0,0.9750098282383086,0.0,0.0,0.9750098282383086,-0.9750098282383086,0.0,-1.1926223897340549e-18,0.0009589185396801446,0
200,201,0,10,0,1,11,1,-2.0,5.263157894736842,0.8,lower_b,-6.72777174679562e-24,-1.3045540783260207e-24,0.0,0.36830687999494993,0.0,0.0,0.0,0.0,0.0,-5.551115123125783e-17,-5.551115123125783e-17,2.2384902188510358e-40,-0.0,0
201,202,1,10,0,2,11,1,-1.631578947368421,5.263157894736842,0.8,interior,-2.27800142502302e-23,-4.417177278437989e-24,-0.1093889791814977,0.36830687999494993,0.0,0.0,0.0,0.0,0.0,-5.551115123125783e-17,-5.551115123125783e-17,8.219276906140213e-39,-0.0,0
202,203,2,10,0,3,11,1,-1.263157894736842,5.263157894736842,0.8,interior,-7.417514214946943e-23,-1.43829915525287e-23,-0.12674939388111284,0.36830687999494993,0.0,0.0,0.0,0.0,0.0,-5.551115123125783e-17,-5.551115123125783e-17,2.4795583962657627e-39,-0.0,0
203,204,3,10,0,4,11,1,-0.8947368421052633,5.263157894736842,0.8,interior,-2.2860931120050857e-22,-4.432867530203767e-23,-0.12822951478020528,0.36830687999494993,0.0,0.0,0.0,0.0,0.0,-5.551115123125783e-17,-5.551115123125783e-17,-2.204051907791789e-39,-0.0,0
204,205,4,10,0,5,11,1,-0.5263157894736843,5.263157894736842,0.8,interior,-6.773507849164347e-22,-1.3134225746302058e-22,-0.12374147600988472,0.36830687999494993,0.0,0.0,0.0,0.0,0.0,-5.551115123125783e-17,-5.551115123125783e-17,-2.7624117244323756e-37,-0.0,0
205,206,5,10,0,6,11,1,-0.1578947368421053,5.263157894736842,0.8,interior,-1.8550131331817517e-21,-3.5969783745906545e-22,-0.12085224295050878,0.36830687999494993,0.0,0.0,0.0,0.0,0.0,1.6653345369377348e-16,1.6653345369377348e-16,2.82118644197349e-37,-0.0,0
206,207,6,10,0,7,11,1,0.21052631578947345,5.263157894736842,0.8,interior,-1.4422226389872078e-21,-2.796553593604004e-22,-0.36564478073393936,0.36830687999494993,0.0,0.0,0.0,0.0,0.0,-5.551115123125783e-17,-5.551115123125783e-17,1.236237112127602e-23,-0.0,0
207,208,7,10,0,8,11,1,0.5789473684210527,5.263157894736842,0.8,interior,-1.0377560546982606e-21,-2.0122693581406716e-22,-0.5592656558620952,0.36830687999494993,0.0,0.0,0.0,0.0,0.0,-2.7755575615628914e-16,-2.7755575615628914e-16,-7.052966104933725e-38,-0.0,0
208,209,8,10,0,9,11,1,0.9473684210526314,5.263157894736842,0.8,interior,-1.2454332371913493e-21,-2.4149674959389044e-22,-0.3287310509756569,0.19219938213189114,0.0,0.0,0.0,0.0,0.0,0.0,0.0,2.2922139841034606e-37,-0.0,0
209,210,9,10,0,10,11,1,1.3157894736842102,5.263157894736842,0.8,interior,-1.2567632011886671e-21,-2.436936955213482e-22,0.8484668541416589,0.36830687999494993,0.0,0.0,0.0,0.0,0.0,-5.551115123125783e-17,-5.551115123125783e-17,-3.76158192263132e-37,-0.0,0
210,211,10,10,0,11,11,1,1.6842105263157894,5.263157894736842,0.8,interior,1.8512319650980272e-20,3.589646469719166e-21,1.1904426470899132,0.2496830723410891,0.0,0.0,0.0,0.0,0.0,-1.1102230246251565e-16,-1.1102230246251565e-16,-2.9887741897525314e-20,0.0,0
211,212,11,10,0,12,11,1,2.052631578947368,5.263157894736842,0.8,interior,2.3090873059613286e-20,4.477454609897313e-21,1.4540872239235938,0.1872681881660979,0.0,0.0,0.0,0.0,0.0,-1.1102230246251565e-16,-1.1102230246251565e-16,6.018531076210112e-36,0.0,0
212,213,12,10,0,13,11,1,2.421052631578947,5.263157894736842,0.8,interior,2.6445775546092544e-20,5.127989718078887e-21,1.693864878341068,0.1291849645170346,0.0,0.0,0.0,0.0,0.0,4.440892098500626e-16,4.440892098500626e-16,2.407412430484045e-35,0.0,0
213,214,13,10,0,14,11,1,2.7894736842105257,5.263157894736842,0.8,interior,-6.491653424277081e-18,-1.2587693620481875e-18,1.9163606109354934,0.0743882377674227,0.0,0.0,0.0,0.0,0.0,-1.1102230246251565e-16,-1.1102230246251565e-16,3.710956608449759e-17,-0.0,0
214,215,14,10,0,15,11,1,3.1578947368421053,5.263157894736842,0.8,interior,-5.22390363142011e-18,-1.0129453024914341e-18,2.12562745840419,0.022171223749000324,0.0,0.0,0.0,0.0,0.0,4.996003610813204e-16,4.996003610813204e-16,9.220389608753892e-33,-0.0,0
215,216,15,10,0,16,11,1,3.526315789473684,5.263157894736842,0.8,interior,3.337809125164916e-06,6.472206059876568e-07,2.3243758119893663,-0.027970820010120356,0.0,0.0,0.0,0.0,0.0,2.7755575615628914e-16,2.7755575615628914e-16,-2.0480991966812965e-21,0.0,0
216,217,16,10,0,17,11,1,3.894736842105263,5.263157894736842,0.8,interior,2.223995389532177e-05,4.312456433995911e-06,2.51453583631638,-0.07641621994247766,0.0,0.0,0.0,0.0,0.0,2.7755575615628914e-16,2.7755575615628914e-16,2.064642808932357e-21,0.0,0
217,218,17,10,0,18,11,1,4.263157894736842,5.263157894736842,0.8,interior,7.880227839979682e-05,1.5280220188326254e-05,2.697547399882181,-0.12345894626952536,0.0,0.0,0.0,0.0,0.0,2.7755575615628914e-16,2.7755575615628914e-16,-4.3283383604694747e-19,0.0,0
218,219,18,10,0,19,11,1,4.63157894736842,5.263157894736842,0.8,interior,0.00021646296156369133,4.197342745002325e-05,2.8745316203682876,-0.16933673088092427,0.0,0.0,0.0,0.0,0.0,2.7755575615628914e-16,2.7755575615628914e-16,1.5178830414797062e-18,0.0,0
219,220,19,10,0,20,11,1,5.0,5.263157894736842,0.8,upper_b,0.022241648905450995,0.004312785106320138,0.431942244529516,-0.1708746214761292,0.0,1.172414663722972,0.0,0.0,1.172414663722972,-1.172414663722972,0.0,8.673617379884035e-18,0.005056372500135767,0
220,221,0,11,0,1,12,1,-2.0,5.789473684210526,0.8,lower_b,-7.663274442904302e-24,-1.4859534930839368e-24,0.07614415018221621,0.31894215685383087,0.0,0.0,0.0,0.0,0.0,1.6653345369377348e-16,1.6653345369377348e-16,-3.065009684272957e-39,-0.0,0
221,222,1,11,0,2,12,1,-1.631578947368421,5.789473684210526,0.8,interior,-3.100762034039659e-23,-6.0125579607417215e-24,-0.04778213284915367,0.3364136491732884,0.0,0.0,0.0,0.0,0.0,-5.551115123125783e-17,-5.551115123125783e-17,-1.285696946211877e-39,-0.0,0
222,223,2,11,0,3,12,1,-1.263157894736842,5.789473684210526,0.8,interior,-8.73608602555217e-23,-1.6939778996915564e-23,-0.06911565303519929,0.34998488264160615,0.0,0.0,0.0,0.0,0.0,5.551115123125783e-17,5.551115123125783e-17,1.2673298469802787e-38,-0.0,0
223,224,3,11,0,4,12,1,-0.8947368421052633,5.789473684210526,0.8,interior,-2.4977418039836116e-22,-4.8432666559239007e-23,-0.07498775843335714,0.3642304507166323,0.0,0.0,0.0,0.0,0.0,5.551115123125783e-17,5.551115123125783e-17,-5.804003357185045e-38,-0.0,0
224,225,4,11,0,5,12,1,-0.5263157894736843,5.789473684210526,0.8,interior,-6.624667406038344e-22,-1.2845615468772412e-22,-0.08031277119830982,0.38332427037045924,0.0,0.0,0.0,0.0,0.0,-5.551115123125783e-17,-5.551115123125783e-17,-2.0718087933242817e-37,-0.0,0
225,226,5,11,0,6,12,1,-0.1578947368421053,5.789473684210526,0.8,interior,-1.4350039166420285e-21,-2.782556071051025e-22,-0.09412294456840797,0.40496702347933067,0.0,0.0,0.0,0.0,0.0,5.551115123125783e-17,5.551115123125783e-17,1.365924671704809e-23,-0.0,0
226,227,6,11,0,7,12,1,0.21052631578947345,5.789473684210526,0.8,interior,-7.199745619400031e-22,-1.3960725577783995e-22,-0.3171996147648368,0.40496702347933067,0.0,0.0,0.0,0.0,0.0,2.7755575615628914e-16,2.7755575615628914e-16,-6.171345341817009e-38,-0.0,0
227,228,7,11,0,8,12,1,0.5789473684210527,5.789473684210526,0.8,interior,-3.342956830845427e-22,-6.482187760642103e-23,-0.42124019131046353,0.40496702347933067,0.0,0.0,0.0,0.0,0.0,-1.6653345369377348e-16,-1.6653345369377348e-16,7.052966104933725e-38,-0.0,0
228,229,8,11,0,9,12,1,0.9473684210526314,5.789473684210526,0.8,interior,-4.0200699211851723e-22,-7.795149431661e-23,0.21317042898330918,0.15126164314009527,0.0,0.0,0.0,0.0,0.0,0.0,0.0,-7.640713280344869e-38,-0.0,0
229,230,9,11,0,10,12,1,1.3157894736842102,5.789473684210526,0.8,interior,7.404927860392109e-20,1.4358585878876665e-20,1.0468981228652527,0.2510670820830748,0.0,0.0,0.0,0.0,0.0,-2.220446049250313e-16,-2.220446049250313e-16,-4.439953489518524e-19,0.0,0
230,231,10,11,0,11,12,1,1.6842105263157894,5.789473684210526,0.8,interior,1.3311205361204728e-20,2.5811201531421912e-21,1.3213944953111447,0.18586358410315465,0.0,0.0,0.0,0.0,0.0,1.1102230246251565e-16,1.1102230246251565e-16,0.0,0.0,0
231,232,11,11,0,12,12,1,2.052631578947368,5.789473684210526,0.8,interior,6.318871774201266e-17,1.2252659949974754e-17,1.5688883768006399,0.125156258922122,0.0,0.0,0.0,0.0,0.0,3.885780586188048e-16,3.885780586188048e-16,-3.0469067330234466e-16,0.0,0
232,233,12,11,0,13,12,1,2.421052631578947,5.789473684210526,0.8,interior,5.054993720163547e-17,9.801926881203554e-18,1.7974943712158433,0.0674923968887376,0.0,0.0,0.0,0.0,0.0,-5.551115123125783e-17,-5.551115123125783e-17,2.590375775200832e-32,0.0,0
233,234,13,11,0,14,12,1,2.7894736842105257,5.789473684210526,0.8,interior,3.090323227070306e-17,5.992316506784528e-18,2.011816609806459,0.0122687422441633,0.0,0.0,0.0,0.0,0.0,5.551115123125783e-16,5.551115123125783e-16,5.4170425147055276e-17,0.0,0
234,235,14,11,0,15,12,1,3.1578947368421053,5.789473684210526,0.8,interior,1.885377311975105e-17,3.655856283608237e-18,2.2148637352244185,-0.04096377674252444,0.0,0.0,0.0,0.0,0.0,2.7755575615628914e-16,2.7755575615628914e-16,2.809887413150662e-17,0.0,0
235,236,15,11,0,16,12,1,3.526315789473684,5.789473684210526,0.8,interior,0.0001269507896122073,2.4616496600705015e-05,2.4087341045579054,-0.0925456817603118,0.0,0.0,0.0,0.0,0.0,2.7755575615628914e-16,2.7755575615628914e-16,-2.8079142201480056e-19,0.0,0
236,237,16,11,0,17,12,1,3.894736842105263,5.789473684210526,0.8,interior,0.0005205740053717497,0.00010094232791141961,2.594965958243039,-0.1427425559589126,0.0,0.0,0.0,0.0,0.0,2.7755575615628914e-16,2.7755575615628914e-16,-2.382703680626347e-18,0.0,0
237,238,17,11,0,18,12,1,4.263157894736842,5.789473684210526,0.8,interior,0.0012876073435188248,0.00024967455414492447,2.774733594356129,-0.1917689584144724,0.0,0.0,0.0,0.0,0.0,2.7755575615628914e-16,2.7755575615628914e-16,-3.45284510618743e-17,0.0,0
238,239,18,11,0,19,12,1,4.63157894736842,5.789473684210526,0.8,interior,0.0025082589760591577,0.00048636600643806385,2.948965191352676,-0.23980458288283346,0.0,0.0,0.0,0.0,0.0,-6.106226635438361e-16,-6.106226635438361e-16,-1.872959252968709e-17,0.0,0
239,240,19,11,0,20,12,1,5.0,5.789473684210526,0.8,upper_b,0.08083663432994471,0.0156746936373854,0.5116515139711364,-0.24165348415249932,0.0,1.3887683950645129,0.0,0.0,1.3887683950645129,-1.388768395064513,-2.220446049250313e-16,1.9081958235744878e-17,0.021768519125919657,0
240,241,0,12,0,1,13,1,-2.0,6.315789473684211,0.8,lower_b,-3.700126407374019e-24,-7.174760346708624e-25,0.17120172102436726,0.24434284569259485,0.0,0.0,0.0,0.0,0.0,5.551115123125783e-17,5.551115123125783e-17,8.609577764811676e-40,-0.0,0
241,242,1,12,0,2,13,1,-1.631578947368421,6.315789473684211,0.8,interior,-2.2257065955690195e-23,-4.3157745620451905e-24,0.05475974976003428,0.26000836947349015,0.0,0.0,0.0,0.0,0.0,-5.551115123125783e-17,-5.551115123125783e-17,-4.821363548294539e-40,-0.0,0
242,243,2,12,0,3,13,1,-1.263157894736842,6.315789473684211,0.8,interior,-6.373455149243108e-23,-1.2358500289391069e-23,0.04500107018898447,0.2725251967286694,0.0,0.0,0.0,0.0,0.0,-5.551115123125783e-17,-5.551115123125783e-17,-3.03057137321371e-39,-0.0,0
243,244,3,12,0,4,13,1,-0.8947368421052633,6.315789473684211,0.8,interior,-1.8021793207666362e-22,-3.4945305388826743e-23,0.049269596489992296,0.28725981742254314,0.0,0.0,0.0,0.0,0.0,-5.551115123125783e-17,-5.551115123125783e-17,-1.3224311446750734e-38,-0.0,0
244,245,4,12,0,5,13,1,-0.5263157894736843,6.315789473684211,0.8,interior,-5.479575602263505e-22,-1.0625215849264416e-22,0.04856242033842051,0.3114034625214842,0.0,0.0,0.0,0.0,0.0,-5.551115123125783e-17,-5.551115123125783e-17,1.0285575569695016e-37,-0.0,0
245,246,5,12,0,6,13,1,-0.1578947368421053,6.315789473684211,0.8,interior,-1.1826674759767408e-21,-2.293261033749913e-22,-0.02080134812907808,0.3966289474221298,0.0,0.0,0.0,0.0,0.0,5.551115123125783e-17,5.551115123125783e-17,6.879073692595803e-25,-0.0,0
246,247,6,12,0,7,13,1,0.21052631578947345,6.315789473684211,0.8,interior,-3.909668954143434e-22,-7.58107553435015e-23,-0.15173771629668664,0.3761853602665435,0.0,0.0,0.0,0.0,0.0,5.551115123125783e-17,5.551115123125783e-17,1.2048817095928447e-37,-0.0,0
247,248,7,12,0,8,13,1,0.5789473684210527,6.315789473684211,0.8,interior,-2.5474701471619963e-22,-4.939692806131295e-23,0.14140482962115541,0.1921649638850698,0.0,0.0,0.0,0.0,0.0,1.1102230246251565e-16,1.1102230246251565e-16,-7.640713280344869e-38,-0.0,0
248,249,8,12,0,9,13,1,0.9473684210526314,6.315789473684211,0.8,interior,2.9619711441568435e-19,5.743434351550666e-20,0.8721113684668662,0.3305702923310557,0.0,0.0,0.0,0.0,0.0,-2.7755575615628914e-16,-2.7755575615628914e-16,4.995537108141208e-19,0.0,0
249,250,9,12,0,10,13,1,1.3157894736842102,6.315789473684211,0.8,interior,5.38884344029706e-19,1.0449280909163276e-19,1.21364297464525,0.1624126322203054,0.0,0.0,0.0,0.0,0.0,0.0,0.0,0.0,0.0,0
250,251,10,12,0,11,13,1,1.6842105263157894,6.315789473684211,0.8,interior,6.8408090456524195e-19,1.3264726681320482e-19,1.465465244600539,0.10158608867179986,0.0,0.0,0.0,0.0,0.0,1.6653345369377348e-16,1.6653345369377348e-16,3.851859888774472e-34,0.0,0
251,252,11,12,0,12,13,1,2.052631578947368,6.315789473684211,0.8,interior,3.821672087343356e-18,7.410444490693488e-19,1.6973374432685837,0.04316092591484172,0.0,0.0,0.0,0.0,0.0,4.996003610813204e-16,4.996003610813204e-16,-7.703719777548943e-34,0.0,0
252,253,12,12,0,13,13,1,2.421052631578947,6.315789473684211,0.8,interior,4.633244604712421e-18,8.984130812461759e-19,1.9143355131844348,-0.01329155325688891,0.0,0.0,0.0,0.0,0.0,-6.106226635438361e-16,-6.106226635438361e-16,5.585196838722984e-33,0.0,0
253,254,13,12,0,14,13,1,2.7894736842105257,6.315789473684211,0.8,interior,-9.320335866946867e-17,-1.8072673426212762e-17,2.11967786360253,-0.06809819004341205,0.0,0.0,0.0,0.0,0.0,2.7755575615628914e-16,2.7755575615628914e-16,5.60494557178357e-16,-0.0,0
254,255,14,12,0,15,13,1,3.1578947368421053,6.315789473684211,0.8,interior,-8.553894782442777e-17,-1.658649957814389e-17,2.3155700652135174,-0.12152327423265491,0.0,0.0,0.0,0.0,0.0,2.7755575615628914e-16,2.7755575615628914e-16,2.311115933264683e-33,-0.0,0
255,256,15,12,0,16,13,1,3.526315789473684,6.315789473684211,0.8,interior,0.002706721942085943,0.0005248491300443658,2.5036083069497597,-0.17378137346685035,0.0,0.0,0.0,0.0,0.0,2.7755575615628914e-16,2.7755575615628914e-16,1.836367429647323e-18,0.0,0
256,257,16,12,0,17,13,1,3.894736842105263,6.315789473684211,0.8,interior,0.007358836624390701,0.0014269212291062301,2.684998164776127,-0.22504992118372796,0.0,0.0,0.0,0.0,0.0,-6.106226635438361e-16,-6.106226635438361e-16,-2.653584817158272e-16,0.0,0
257,258,17,12,0,18,13,1,4.263157894736842,6.315789473684211,0.8,interior,0.01321109881743216,0.002561708911967455,2.860683084535216,-0.2754790308153668,0.0,0.0,0.0,0.0,0.0,2.7755575615628914e-16,2.7755575615628914e-16,-7.562310153086393e-18,0.0,0
258,259,18,12,0,19,13,1,4.63157894736842,6.315789473684211,0.8,interior,0.01961825618847259,0.003804093997764768,3.031424991592428,-0.32519869328823686,0.0,0.0,0.0,0.0,0.0,-6.106226635438361e-16,-6.106226635438361e-16,-3.187554387107383e-17,0.0,0
259,260,19,12,0,20,13,1,5.0,6.315789473684211,0.8,upper_b,0.23680999733142952,0.045918836047645614,0.6003446697188402,-0.32755093710606414,0.0,1.629506960665423,0.0,0.0,1.629506960665423,-1.6295069606654236,-4.440892098500626e-16,1.5265566588595902e-16,0.07482506296529287,0
260,261,0,13,0,1,14,1,-2.0,6.842105263157895,0.8,lower_b,-1.2576796806524e-24,-2.43871406220687e-25,0.27297343204125113,0.15744831323205322,0.0,0.0,0.0,0.0,0.0,0.0,0.0,-4.77831565947048e-40,-0.0,0
261,262,1,13,0,2,14,1,-1.631578947368421,6.842105263157895,0.8,interior,-1.0683254727100921e-23,-2.071545237942007e-24,0.17211486974993484,0.17060698699219018,0.0,0.0,0.0,0.0,0.0,-5.551115123125783e-17,-5.551115123125783e-17,-4.591774807899561e-41,-0.0,0
262,263,2,13,0,3,14,1,-1.263157894736842,6.842105263157895,0.8,interior,-3.2993581784661164e-23,-6.3976474374689244e-24,0.17789534397871343,0.181731659988618,0.0,0.0,0.0,0.0,0.0,-5.551115123125783e-17,-5.551115123125783e-17,6.015224998348424e-39,-0.0,0
263,264,3,13,0,4,14,1,-0.8947368421052633,6.842105263157895,0.8,interior,-9.281044681294941e-23,-1.799648553159684e-23,0.19764845370434259,0.19607011052637652,0.0,0.0,0.0,0.0,0.0,-5.551115123125783e-17,-5.551115123125783e-17,3.8203566401724344e-38,-0.0,0
264,265,4,13,0,5,14,1,-0.5263157894736843,6.842105263157895,0.8,interior,-2.8259575086485656e-22,-5.479696000149573e-23,0.21502094906422542,0.21967732241565924,0.0,0.0,0.0,0.0,0.0,-5.551115123125783e-17,-5.551115123125783e-17,5.987674349501027e-38,-0.0,0
265,266,5,13,0,6,14,1,-0.1578947368421053,6.842105263157895,0.8,interior,-8.026233491761253e-22,-1.5563333640534286e-22,0.17949993760190708,0.2710136175904059,0.0,0.0,0.0,0.0,0.0,5.551115123125783e-17,5.551115123125783e-17,6.694133424707087e-24,-0.0,0
266,267,6,13,0,7,14,1,0.21052631578947345,6.842105263157895,0.8,interior,-5.024597303558366e-22,-9.742986461193508e-23,0.23960174773772636,0.197712938327622,0.0,0.0,0.0,0.0,0.0,1.1102230246251565e-16,1.1102230246251565e-16,-1.6456920911512025e-37,-0.0,0
267,268,7,13,0,8,14,1,0.5789473684210527,6.842105263157895,0.8,interior,1.1847884576627374e-18,2.2973737406202664e-19,0.8291179847381454,0.2203974774541272,0.0,0.0,0.0,0.0,0.0,0.0,0.0,-3.097057247061003e-18,0.0,0
268,269,8,13,0,9,14,1,0.9473684210526314,6.842105263157895,0.8,interior,1.647596448937244e-18,3.194785358050058e-19,1.1292106954890162,0.12241482808526477,0.0,0.0,0.0,0.0,0.0,-2.7755575615628914e-16,-2.7755575615628914e-16,-2.7425427986376187e-18,0.0,0
269,270,9,13,0,10,14,1,1.3157894736842102,6.842105263157895,0.8,interior,1.4684903987740902e-18,2.8474883078721974e-19,1.385748696653252,0.055131800771652306,0.0,0.0,0.0,0.0,0.0,-2.220446049250313e-16,-2.220446049250313e-16,6.7407548053553255e-34,0.0,0
270,271,10,13,0,11,14,1,1.6842105263157894,6.842105263157895,0.8,interior,1.5227609223993867e-18,2.952722010192717e-19,1.6189678118032553,-0.0028407369855950604,0.0,0.0,0.0,0.0,0.0,2.7755575615628914e-16,2.7755575615628914e-16,1.2518544638517033e-33,0.0,0
271,272,11,13,0,12,14,1,2.052631578947368,6.842105263157895,0.8,interior,1.6734453875179275e-18,3.2449079536358707e-19,1.8368165252049362,-0.05936122600950794,0.0,0.0,0.0,0.0,0.0,2.7755575615628914e-16,2.7755575615628914e-16,-4.81482486096809e-34,0.0,0
272,273,12,13,0,13,14,1,2.421052631578947,6.842105263157895,0.8,interior,1.8291043603930387e-18,3.546739756994812e-19,2.0427718078381503,-0.11465252372916329,0.0,0.0,0.0,0.0,0.0,2.7755575615628914e-16,2.7755575615628914e-16,-9.62964972193618e-34,0.0,0
273,274,13,13,0,14,14,1,2.7894736842105257,6.842105263157895,0.8,interior,-1.5082603896975325e-16,-2.9246046337625287e-17,2.2391537051125514,-0.16890796336343278,0.0,0.0,0.0,0.0,0.0,2.7755575615628914e-16,2.7755575615628914e-16,1.0327472328338905e-15,-0.0,0
274,275,14,13,0,15,14,1,3.1578947368421053,6.842105263157895,0.8,interior,-1.2378633655660919e-16,-2.4002890745048873e-17,2.4276093857140086,-0.22229082979192466,0.0,0.0,0.0,0.0,0.0,2.7755575615628914e-16,2.7755575615628914e-16,-4.3140830754274083e-32,-0.0,0
275,276,15,13,0,16,14,1,3.526315789473684,6.842105263157895,0.8,interior,0.03861101043119723,0.007486899529595031,2.609364991630481,-0.2749396704974936,0.0,0.0,0.0,0.0,0.0,2.7755575615628914e-16,2.7755575615628914e-16,-2.699663409488906e-17,0.0,0
276,277,16,13,0,17,14,1,3.894736842105263,6.842105263157895,0.8,interior,0.06561398431404064,0.012722933246489876,2.7853684208013663,-0.32697404835120286,0.0,0.0,0.0,0.0,0.0,-6.106226635438361e-16,-6.106226635438361e-16,1.3010426069826053e-16,0.0,0
277,278,17,13,0,18,14,1,4.263157894736842,6.842105263157895,0.8,interior,0.08356844641954572,0.016204407892986706,2.956376362318843,-0.3784993820370732,0.0,0.0,0.0,0.0,0.0,-6.106226635438361e-16,-6.106226635438361e-16,4.466912950640278e-17,0.0,0
278,279,18,13,0,19,14,1,4.63157894736842,6.842105263157895,0.8,interior,0.09454462669073732,0.018332753097926906,3.1230108351249983,-0.42961092137384277,0.0,0.0,0.0,0.0,0.0,-6.106226635438361e-16,-6.106226635438361e-16,7.025630077706069e-17,0.0,0
279,280,19,13,0,20,14,1,5.0,6.842105263157895,0.8,upper_b,0.5076407163911283,0.09843448794287807,0.700022349347865,-0.4328611054099499,0.0,1.9000606625156333,0.0,0.0,1.9000606625156333,-1.9000606625156335,-2.220446049250313e-16,1.1102230246251565e-16,0.18703149837513203,0
280,281,0,14,0,1,15,1,-2.0,7.368421052631579,0.8,lower_b,-2.5732920034925077e-25,-4.9897628876586024e-26,0.3770122024967719,0.06313696438042615,0.0,0.0,0.0,0.0,0.0,5.551115123125783e-17,5.551115123125783e-17,6.457183323608757e-42,-0.0,0
281,282,1,14,0,2,15,1,-1.631578947368421,7.368421052631579,0.8,interior,-2.9192752387338737e-24,-5.660644507240198e-25,0.30197341147076173,0.07262898086952269,0.0,0.0,0.0,0.0,0.0,-5.551115123125783e-17,-5.551115123125783e-17,-3.5873240686715317e-40,-0.0,0
282,283,2,14,0,3,15,1,-1.263157894736842,7.368421052631579,0.8,interior,-1.012012507450685e-23,-1.9623511224805527e-24,0.3282927105925264,0.08093829996574786,0.0,0.0,0.0,0.0,0.0,1.1102230246251565e-16,1.1102230246251565e-16,-2.1351752856732957e-39,-0.0,0
283,284,3,14,0,4,15,1,-0.8947368421052633,7.368421052631579,0.8,interior,-2.762399149543499e-23,-5.3564526445441805e-24,0.39999052412342806,0.09220821841427573,0.0,0.0,0.0,0.0,0.0,5.551115123125783e-17,5.551115123125783e-17,1.0101904577379033e-39,-0.0,0
284,285,4,14,0,5,15,1,-0.5263157894736843,7.368421052631579,0.8,interior,-8.875614530147909e-23,-1.7210332883943315e-23,0.45823881253428134,0.1094246032269261,0.0,0.0,0.0,0.0,0.0,-5.551115123125783e-17,-5.551115123125783e-17,9.209444799008357e-24,-0.0,0
285,286,5,14,0,6,15,1,-0.1578947368421053,7.368421052631579,0.8,interior,-2.619470660784765e-22,-5.079305990441373e-23,0.5227510018120096,0.13654660598191115,0.0,0.0,0.0,0.0,0.0,-1.6653345369377348e-16,-1.6653345369377348e-16,2.938735877055719e-39,-0.0,0
286,287,6,14,0,7,15,1,0.21052631578947345,7.368421052631579,0.8,interior,7.898589717751582e-18,1.5315824937468443e-18,0.7676140297080547,0.12290968205655756,0.0,0.0,0.0,0.0,0.0,-2.7755575615628914e-16,-2.7755575615628914e-16,-2.0977183366643416e-17,0.0,0
287,288,7,14,0,8,15,1,0.5789473684210527,7.368421052631579,0.8,interior,5.017997797310084e-18,9.730189634673293e-19,1.0638844492582837,0.055920731531677315,0.0,0.0,0.0,0.0,0.0,-1.1102230246251565e-16,-1.1102230246251565e-16,4.237045877651919e-33,0.0,0
288,289,8,14,0,9,15,1,0.9473684210526314,7.368421052631579,0.8,interior,3.800931151256281e-18,7.370226609084201e-19,1.3222079150057748,-0.008149251497895915,0.0,0.0,0.0,0.0,0.0,-1.6653345369377348e-16,-1.6653345369377348e-16,5.612448120118214e-20,0.0,0
289,290,9,14,0,10,15,1,1.3157894736842102,7.368421052631579,0.8,interior,4.443331499350393e-18,8.61587825358802e-19,1.556920553861751,-0.06689276371765818,0.0,0.0,0.0,0.0,0.0,2.7755575615628914e-16,2.7755575615628914e-16,-1.5407439555097887e-33,0.0,0
290,291,10,14,0,11,15,1,1.6842105263157894,7.368421052631579,0.8,interior,4.756604393833282e-18,9.223332619621323e-19,1.7752540424977337,-0.12346765896293466,0.0,0.0,0.0,0.0,0.0,-6.106226635438361e-16,-6.106226635438361e-16,-1.5407439555097887e-33,0.0,0
291,292,11,14,0,12,15,1,2.052631578947368,7.368421052631579,0.8,interior,4.7072801744081576e-18,9.127690088880084e-19,1.9812561940906548,-0.17908439624661066,0.0,0.0,0.0,0.0,0.0,2.7755575615628914e-16,2.7755575615628914e-16,-1.5407439555097887e-33,0.0,0
292,293,12,14,0,13,15,1,2.421052631578947,7.368421052631579,0.8,interior,5.124812173255708e-18,9.937308923210515e-19,2.1774534648635715,-0.23391351303600316,0.0,0.0,0.0,0.0,0.0,2.7755575615628914e-16,2.7755575615628914e-16,9.06496177428055e-20,0.0,0
293,294,13,14,0,14,15,1,2.7894736842105257,7.368421052631579,0.8,interior,5.5495448278177815e-18,1.0760890247846114e-18,2.3656008168054354,-0.28810415924133925,0.0,0.0,0.0,0.0,0.0,2.7755575615628914e-16,2.7755575615628914e-16,-5.058560296049029e-18,0.0,0
294,295,14,14,0,15,15,1,3.1578947368421053,7.368421052631579,0.8,interior,6.573170411643621e-18,1.274575980097101e-18,2.5469780100480452,-0.3417822041324452,0.0,0.0,0.0,0.0,0.0,2.7755575615628914e-16,2.7755575615628914e-16,-9.966472608612322e-18,0.0,0
295,296,15,14,0,16,15,1,3.526315789473684,7.368421052631579,0.8,interior,0.4079691365864721,0.0791075888117813,2.7225593230435896,-0.39505647060098636,0.0,0.0,0.0,0.0,0.0,-6.106226635438361e-16,-6.106226635438361e-16,-3.4540415243199343,0.0,1
296,297,16,14,0,17,15,1,3.894736842105263,7.368421052631579,0.8,interior,0.33418959318167474,0.06480130615711145,2.8931127472333893,-0.44802324854682163,0.0,0.0,0.0,0.0,0.0,-6.106226635438361e-16,-6.106226635438361e-16,-5.360295540768334e-16,0.0,0
297,298,17,14,0,18,15,1,4.263157894736842,7.368421052631579,0.8,interior,0.27445394262394995,0.05321821602126454,3.0592616873196183,-0.5007694268950961,0.0,0.0,0.0,0.0,0.0,-6.106226635438361e-16,-6.106226635438361e-16,1.156193196738542e-15,0.0,0
298,299,18,14,0,19,15,1,4.63157894736842,7.368421052631579,0.8,interior,0.22588004138857307,0.043799454008864584,3.2215259794208997,-0.5533749758609446,0.0,0.0,0.0,0.0,0.0,-6.106226635438361e-16,-6.106226635438361e-16,-9.280770596475918e-16,0.0,0
299,300,19,14,0,20,15,1,5.0,7.368421052631579,0.8,upper_b,0.623169115609977,0.12083611660027256,0.8099512824138131,-0.5582329431201879,0.0,2.198439195123207,0.0,0.0,2.198439195123207,-2.198439195123207,0.0,-2.220446049250313e-16,0.2656508549205172,0
300,301,0,15,0,1,16,1,-2.0,7.894736842105263,0.8,lower_b,-2.126382747932865e-26,-4.1231798436371345e-27,0.48323335475772744,-0.039061070969966694,0.0,0.0,0.0,0.0,0.0,5.551115123125783e-17,5.551115123125783e-17,5.476004387267433e-27,-0.0,0
301,302,1,15,0,2,16,1,-1.631578947368421,7.894736842105263,0.8,interior,-2.611427893677551e-25,-5.0637105971586857e-26,0.4448178702657142,-0.03374666451351682,0.0,0.0,0.0,0.0,0.0,5.551115123125783e-17,5.551115123125783e-17,-1.4470020778487665e-26,-0.0,0
302,303,2,15,0,3,16,1,-1.263157894736842,7.894736842105263,0.8,interior,-1.0279108541948648e-24,-1.9931789416520923e-25,0.5306478241277972,-0.028151082359459734,0.0,0.0,0.0,0.0,0.0,5.551115123125783e-17,5.551115123125783e-17,-6.937667404262607e-27,-0.0,0
303,304,3,15,0,4,16,1,-0.8947368421052633,7.894736842105263,0.8,interior,-2.941197921921394e-24,-5.70315386522154e-25,0.6063759777511475,-0.019829338068931834,0.0,0.0,0.0,0.0,0.0,-1.6653345369377348e-16,-1.6653345369377348e-16,-4.412644597782248e-25,-0.0,0
304,305,4,15,0,5,16,1,-0.5263157894736843,7.894736842105263,0.8,interior,-9.039218579580211e-24,-1.7527570652925616e-24,0.6913356639614303,-0.008576494067754625,0.0,0.0,0.0,0.0,0.0,5.551115123125783e-17,5.551115123125783e-17,-3.1229450894552114e-24,-0.0,0
305,306,5,15,0,6,16,1,-0.1578947368421053,7.894736842105263,0.8,interior,2.8618166022950943e-19,5.549228868716249e-20,0.7849006604860538,0.006384128724274407,0.0,0.0,0.0,0.0,0.0,-1.1102230246251565e-16,-1.1102230246251565e-16,4.8224087782430544e-23,0.0,0
306,307,6,15,0,7,16,1,0.21052631578947345,7.894736842105263,0.8,interior,-6.713801260088845e-18,-1.3018451196848176e-18,1.0019368331135237,-0.02234455951313974,0.0,0.0,0.0,0.0,0.0,-1.6653345369377348e-16,-1.6653345369377348e-16,2.5857603356079986e-17,-0.0,0
307,308,7,15,0,8,16,1,0.5789473684210527,7.894736842105263,0.8,interior,-3.4177460702872372e-18,-6.627208446540349e-19,1.265350764036242,-0.08346872345553358,0.0,0.0,0.0,0.0,0.0,-1.6653345369377348e-16,-1.6653345369377348e-16,9.62964972193618e-35,-0.0,0
308,309,8,15,0,9,16,1,0.9473684210526314,7.894736842105263,0.8,interior,-1.287809774451013e-18,-2.4971380668025186e-19,1.5026431963506663,-0.14293996564440703,0.0,0.0,0.0,0.0,0.0,2.7755575615628914e-16,2.7755575615628914e-16,6.7407548053553255e-34,-0.0,0
309,310,9,15,0,10,16,1,1.3157894736842102,7.894736842105263,0.8,interior,-9.425856088957455e-19,-1.8277283274986755e-19,1.7223087639147376,-0.20063094252304348,0.0,0.0,0.0,0.0,0.0,2.7755575615628914e-16,2.7755575615628914e-16,-1.1336252246694976e-17,-0.0,0
310,311,10,15,0,11,16,1,1.6842105263157894,7.894736842105263,0.8,interior,-2.5512076197398455e-19,-4.946939982875047e-20,1.9289033960822035,-0.2573130055233257,0.0,0.0,0.0,0.0,0.0,2.7755575615628914e-16,2.7755575615628914e-16,2.2502727562377837e-18,-0.0,0
311,312,11,15,0,12,16,1,2.052631578947368,7.894736842105263,0.8,interior,-1.1577639129369226e-18,-2.244971576331983e-19,2.125252469501019,-0.3133218137432563,0.0,0.0,0.0,0.0,0.0,2.7755575615628914e-16,2.7755575615628914e-16,1.2352885603556395e-17,-0.0,0
312,313,12,15,0,13,16,1,2.421052631578947,7.894736842105263,0.8,interior,1.0983632100247017e-19,2.129790157942635e-20,2.3132616151380683,-0.3688036972101426,0.0,0.0,0.0,0.0,0.0,2.7755575615628914e-16,2.7755575615628914e-16,1.5888922041194696e-33,0.0,0
313,314,13,15,0,14,16,1,2.7894736842105257,7.894736842105263,0.8,interior,1.1930396079540294e-18,2.3133732010188937e-19,2.4942957093965408,-0.4238872119378695,0.0,0.0,0.0,0.0,0.0,2.7755575615628914e-16,2.7755575615628914e-16,-4.034026199012412e-19,0.0,0
314,315,14,15,0,15,16,1,3.1578947368421053,7.894736842105263,0.8,interior,2.0799362474528456e-18,4.033117377332388e-19,2.669377950215707,-0.4786870273968775,0.0,0.0,0.0,0.0,0.0,-6.106226635438361e-16,-6.106226635438361e-16,1.278050746678738e-19,0.0,0
315,316,15,15,0,16,16,1,3.526315789473684,7.894736842105263,0.8,interior,2.0809887391221764e-05,4.0351582199044974e-06,2.8393045692685357,-0.5333074790180268,0.0,0.0,0.0,0.0,0.0,-2.3869795029440866e-15,-2.3869795029440866e-15,-2.710505431213761e-20,0.0,0
316,317,16,15,0,17,16,1,3.894736842105263,7.894736842105263,0.8,interior,7.14197360456488e-05,1.3848702280319713e-05,3.0047158099421853,-0.5878461619783772,0.0,0.0,0.0,0.0,0.0,-6.106226635438361e-16,-6.106226635438361e-16,-4.87890977618477e-18,0.0,0
317,318,17,15,0,18,16,1,4.263157894736842,7.894736842105263,0.8,interior,0.00015435899835736398,2.993110771472432e-05,3.1661429184379166,-0.6423969139539873,0.0,0.0,0.0,0.0,0.0,-6.106226635438361e-16,-6.106226635438361e-16,2.168404344971009e-19,0.0,0
318,319,18,15,0,19,16,1,4.63157894736842,7.894736842105263,0.8,interior,0.0002686839799357246,5.209938669113774e-05,3.324041707901947,-0.6970519471217667,0.0,0.0,0.0,0.0,0.0,-6.106226635438361e-16,-6.106226635438361e-16,-1.3227266504323154e-17,0.0,0
319,320,19,15,0,20,16,1,5.0,7.894736842105263,0.8,upper_b,0.04849986919416999,0.00940440676895263,0.9293828856778319,-0.7046871872056615,0.0,2.522610689696972,0.0,0.0,2.522610689696972,-2.5226106896969718,4.440892098500626e-16,-2.7755575615628914e-17,0.023723657045618466,0
320,321,0,16,0,1,17,1,-2.0,8.421052631578947,0.8,lower_b,-1.873520607037931e-30,-3.632865443009839e-31,0.5944698777566,-0.15411448639314906,0.0,0.0,0.0,0.0,0.0,-1.6653345369377348e-16,-1.6653345369377348e-16,0.0,-0.0,0
321,322,1,16,0,2,17,1,-1.631578947368421,8.421052631578947,0.8,interior,-3.198639135703776e-29,-6.202347354550258e-30,0.6376354532161841,-0.15219290704373423,0.0,0.0,0.0,0.0,0.0,-1.6653345369377348e-16,-1.6653345369377348e-16,0.0,-0.0,0
322,323,2,16,0,3,17,1,-1.263157894736842,8.421052631578947,0.8,interior,-1.5957402685916208e-28,-3.0942332077953866e-29,0.7181659298282224,-0.14887659276224652,0.0,0.0,0.0,0.0,0.0,-3.885780586188048e-16,-3.885780586188048e-16,0.0,-0.0,0
323,324,3,16,0,4,17,1,-0.8947368421052633,8.421052631578947,0.8,interior,-6.753450731453076e-28,-1.3095333828302362e-28,0.8079999123085297,-0.14468910696826986,0.0,0.0,0.0,0.0,0.0,2.7755575615628914e-16,2.7755575615628914e-16,-1.793662034335766e-43,-0.0,0
324,325,4,16,0,5,17,1,-0.5263157894736843,8.421052631578947,0.8,interior,-9.64158064030817e-30,-1.8695585729129416e-30,0.9058502820889096,-0.13975387068857315,0.0,0.0,0.0,0.0,0.0,-1.6653345369377348e-16,-1.6653345369377348e-16,5.3809861030072976e-43,-0.0,0
325,326,5,16,0,6,17,1,-0.1578947368421053,8.421052631578947,0.8,interior,2.7645064012130536e-18,5.360538728113954e-19,1.010304940648341,-0.13456794563134888,0.0,0.0,0.0,0.0,0.0,-1.6653345369377348e-16,-1.6653345369377348e-16,1.135389961625624e-17,0.0,0
326,327,6,16,0,7,17,1,0.21052631578947345,8.421052631578947,0.8,interior,7.041264450074353e-18,1.365342137133531e-18,1.210216941784278,-0.16892222173047988,0.0,0.0,0.0,0.0,0.0,-1.6653345369377348e-16,-1.6653345369377348e-16,3.0814879110195774e-33,0.0,0
327,328,7,16,0,8,17,1,0.5789473684210527,8.421052631578947,0.8,interior,9.116116047402974e-18,1.7676679316293857e-18,1.4514270020498277,-0.2291081442615278,0.0,0.0,0.0,0.0,0.0,-1.6653345369377348e-16,-1.6653345369377348e-16,0.0,0.0,0
328,329,8,16,0,9,17,1,0.9473684210526314,8.421052631578947,0.8,interior,9.799187868585556e-18,1.9001195313046786e-18,1.673094385957656,-0.2882977786540376,0.0,0.0,0.0,0.0,0.0,2.7755575615628914e-16,2.7755575615628914e-16,-6.307815366090631e-18,0.0,0
329,330,9,16,0,10,17,1,1.3157894736842102,8.421052631578947,0.8,interior,8.60753511906579e-18,1.6690511311207903e-18,1.880733596956846,-0.34662074500296947,0.0,0.0,0.0,0.0,0.0,2.7755575615628914e-16,2.7755575615628914e-16,2.2930652200621102e-18,0.0,0
330,331,10,16,0,11,17,1,1.6842105263157894,8.421052631578947,0.8,interior,8.02326073175859e-18,1.5557569285958484e-18,2.0775658098278083,-0.40437534238592854,0.0,0.0,0.0,0.0,0.0,2.7755575615628914e-16,2.7755575615628914e-16,-2.311115933264683e-32,0.0,0
331,332,11,16,0,12,17,1,2.052631578947368,8.421052631578947,0.8,interior,7.51142980834357e-18,1.4565099351358724e-18,2.2657007067697528,-0.4617447125030628,0.0,0.0,0.0,0.0,0.0,2.7755575615628914e-16,2.7755575615628914e-16,2.311115933264683e-32,0.0,0
332,333,12,16,0,13,17,1,2.421052631578947,8.421052631578947,0.8,interior,7.677435437903722e-18,1.4886993923913035e-18,2.4466148899492755,-0.5188623869512953,0.0,0.0,0.0,0.0,0.0,2.7755575615628914e-16,2.7755575615628914e-16,-5.039168901665929e-19,0.0,0
333,334,13,16,0,14,17,1,2.7894736842105257,8.421052631578947,0.8,interior,7.458922126040801e-18,1.446328390091014e-18,2.6213930405788908,-0.5758472970367484,0.0,0.0,0.0,0.0,0.0,2.7755575615628914e-16,2.7755575615628914e-16,5.935215095609781e-18,0.0,0
334,335,14,16,0,15,17,1,3.1578947368421053,8.421052631578947,0.8,interior,7.853451336619801e-18,1.5228298990675514e-18,2.7908635487033875,-0.6328074853116751,0.0,0.0,0.0,0.0,0.0,-6.106226635438361e-16,-6.106226635438361e-16,3.0814879110195774e-33,0.0,0
335,336,15,16,0,16,17,1,3.526315789473684,8.421052631578947,0.8,interior,9.81552620333013e-07,1.903287629454596e-07,2.9556796608803273,-0.6898438495320786,0.0,0.0,0.0,0.0,0.0,-6.106226635438361e-16,-6.106226635438361e-16,-1.460894664788437e-16,0.0,0
336,337,16,16,0,17,17,1,3.894736842105263,8.421052631578947,0.8,interior,4.6073664801216124e-06,8.933951623504512e-07,3.1163711766777693,-0.7470537302281747,0.0,0.0,0.0,0.0,0.0,-6.106226635438361e-16,-6.106226635438361e-16,5.952947553303223e-17,0.0,0
337,338,17,16,0,18,17,1,4.263157894736842,8.421052631578947,0.8,interior,1.3133726683303556e-05,2.5467060050727116e-06,3.273379351596618,-0.8045344128047666,0.0,0.0,0.0,0.0,0.0,-6.106226635438361e-16,-6.106226635438361e-16,-4.594306705907325e-17,0.0,0
338,339,18,16,0,19,17,1,4.63157894736842,8.421052631578947,0.8,interior,2.8991842003815762e-05,5.621686815144331e-06,3.4270819999604374,-0.8623869806642316,0.0,0.0,0.0,0.0,0.0,-6.106226635438361e-16,-6.106226635438361e-16,-2.032879073410321e-18,0.0,0
339,340,19,16,0,20,17,1,5.0,8.421052631578947,0.8,upper_b,0.025619833492499126,0.004967834749238058,1.0580437680794574,-0.8746642956414815,0.0,2.8718330847870983,0.0,0.0,2.8718330847870983,-2.871833084787098,4.440892098500626e-16,-1.3877787807814457e-17,0.014266792192616872,0
340,341,0,17,0,1,18,1,-2.0,8.947368421052632,0.8,lower_b,-3.4112417944909884e-33,-6.6145962774063486e-34,0.7328881145925514,-0.2842560572429017,0.0,0.0,0.0,0.0,0.0,5.551115123125783e-17,5.551115123125783e-17,0.0,-0.0,0
341,342,1,17,0,2,18,1,-1.631578947368421,8.947368421052632,0.8,interior,-8.597376979250338e-32,-1.667081408718902e-32,0.8131773643104943,-0.2843970202157119,0.0,0.0,0.0,0.0,0.0,-1.6653345369377348e-16,-1.6653345369377348e-16,4.3790577010150533e-47,-0.0,0
342,343,2,17,0,3,18,1,-1.263157894736842,8.947368421052632,0.8,interior,-6.252457098725319e-31,-1.2123878030769317e-31,0.9029548495284221,-0.2842765782942337,0.0,0.0,0.0,0.0,0.0,-1.6653345369377348e-16,-1.6653345369377348e-16,3.503246160812043e-46,-0.0,0
343,344,3,17,0,4,18,1,-0.8947368421052633,8.947368421052632,0.8,interior,-3.532925004504763e-30,-6.85054710014774e-31,1.0003983312107199,-0.28450963598770684,0.0,0.0,0.0,0.0,0.0,2.7755575615628914e-16,2.7755575615628914e-16,-2.802596928649634e-45,-0.0,0
344,345,4,17,0,5,18,1,-0.5263157894736843,8.947368421052632,0.8,interior,-2.572463016211493e-30,-4.988155433097078e-31,1.1042215766662054,-0.28553955386353147,0.0,0.0,0.0,0.0,0.0,-1.6653345369377348e-16,-1.6653345369377348e-16,-9.633926942233117e-46,-0.0,0
345,346,5,17,0,6,18,1,-0.1578947368421053,8.947368421052632,0.8,interior,4.278940760704534e-20,8.297115048457545e-21,1.2132565292216686,-0.2879297125952266,0.0,0.0,0.0,0.0,0.0,2.7755575615628914e-16,2.7755575615628914e-16,0.0,0.0,0
346,347,6,17,0,7,18,1,0.21052631578947345,8.947368421052632,0.8,interior,1.0589363044308502e-19,2.0533390944642525e-20,1.4007496032911337,-0.3258924611590902,0.0,0.0,0.0,0.0,0.0,-1.6653345369377348e-16,-1.6653345369377348e-16,4.81482486096809e-35,0.0,0
347,348,7,17,0,8,18,1,0.5789473684210527,8.947368421052632,0.8,interior,1.7231871595951984e-19,3.3413601432593876e-20,1.625070370655262,-0.38669619056416027,0.0,0.0,0.0,0.0,0.0,2.7755575615628914e-16,2.7755575615628914e-16,1.925929944387236e-34,0.0,0
348,349,8,17,0,9,18,1,0.9473684210526314,8.947368421052632,0.8,interior,-2.9619711441568435e-19,-5.743434351550666e-20,1.8340646102514668,-0.4469620233281112,0.0,0.0,0.0,0.0,0.0,2.7755575615628914e-16,2.7755575615628914e-16,2.6595755553778357e-18,-0.0,0
349,350,9,17,0,10,18,1,1.3157894736842102,8.947368421052632,0.8,interior,-1.850120492722978e-19,-3.5874912601276584e-20,2.0315411113403066,-0.5068393445699063,0.0,0.0,0.0,0.0,0.0,2.7755575615628914e-16,2.7755575615628914e-16,1.6851887013388314e-34,-0.0,0
350,351,10,17,0,11,18,1,1.6842105263157894,8.947368421052632,0.8,interior,-8.695570270417968e-20,-1.6861216590838167e-20,2.2198778548142784,-0.566516589649746,0.0,0.0,0.0,0.0,0.0,2.7755575615628914e-16,2.7755575615628914e-16,-1.4444474582904269e-34,-0.0,0
351,352,11,17,0,12,18,1,2.052631578947368,8.947368421052632,0.8,interior,1.3181204476554518e-21,2.5559122253706823e-22,2.4006946501779494,-0.6261463151680301,0.0,0.0,0.0,0.0,0.0,2.7755575615628914e-16,2.7755575615628914e-16,9.62964972193618e-35,0.0,0
352,353,12,17,0,13,18,1,2.421052631578947,8.947368421052632,0.8,interior,1.643862687020451e-19,3.18754537649395e-20,2.57515687111676,-0.6858626475815665,0.0,0.0,0.0,0.0,0.0,-6.106226635438361e-16,-6.106226635438361e-16,-7.757167293003349e-19,0.0,0
353,354,13,17,0,14,18,1,2.7894736842105257,8.947368421052632,0.8,interior,2.3058007845008597e-19,4.4710818536027756e-20,2.74413792628767,-0.7457909725483517,0.0,0.0,0.0,0.0,0.0,-6.106226635438361e-16,-6.106226635438361e-16,9.62964972193618e-35,0.0,0
354,355,14,17,0,15,18,1,3.1578947368421053,8.947368421052632,0.8,interior,3.153132294889804e-19,6.11410694299962e-20,2.908314070362576,-0.8060515837015031,0.0,0.0,0.0,0.0,0.0,-6.106226635438361e-16,-6.106226635438361e-16,0.0,0.0,0
355,356,15,17,0,16,18,1,3.526315789473684,8.947368421052632,0.8,interior,2.2474802729855648e-08,4.357994989168685e-09,3.0682228844597397,-0.8667633357723018,0.0,0.0,0.0,0.0,0.0,-6.106226635438361e-16,-6.106226635438361e-16,-1.2945045714209862e-18,0.0,0
356,357,16,17,0,17,18,1,3.894736842105263,8.947368421052632,0.8,interior,1.4507536145561082e-07,2.813095651493839e-08,3.224301237841221,-0.9280471283182198,0.0,0.0,0.0,0.0,0.0,-6.106226635438361e-16,-6.106226635438361e-16,3.7366011435176205e-17,0.0,0
357,358,17,17,0,18,18,1,4.263157894736842,8.947368421052632,0.8,interior,5.548372911122529e-07,1.075861783320158e-07,3.3769109898139815,-0.9900293394294316,0.0,0.0,0.0,0.0,0.0,-6.106226635438361e-16,-6.106226635438361e-16,-1.1271467429112975e-17,0.0,0
358,359,18,17,0,19,18,1,4.63157894736842,8.947368421052632,0.8,interior,1.6266171732845893e-06,3.1541053221584836e-07,3.5263570444648247,-1.0528454786564154,0.0,0.0,0.0,0.0,0.0,-6.106226635438361e-16,-6.106226635438361e-16,1.717952223621172e-17,0.0,0
359,360,19,17,0,20,18,1,5.0,8.947368421052632,0.8,upper_b,0.007332913049470905,0.0014218944971273223,1.1961995567925428,-1.0726364698187623,0.0,3.2468273684369016,0.0,0.0,3.2468273684369016,-3.246827368436901,4.440892098500626e-16,-6.938893903907228e-18,0.0046166459683028155,0
360,361,0,18,0,1,19,1,-2.0,9.473684210526315,0.8,lower_b,-0.0,-0.0,0.8971920449820647,-0.4265495548446683,0.0,0.0,0.0,0.0,0.0,-1.6653345369377348e-16,-1.6653345369377348e-16,0.0,-0.0,0
361,362,1,18,0,2,19,1,-1.631578947368421,9.473684210526315,0.8,interior,-0.0,-0.0,0.9844881726242694,-0.42885412586682614,0.0,0.0,0.0,0.0,0.0,-1.6653345369377348e-16,-1.6653345369377348e-16,0.0,-0.0,0
362,363,2,18,0,3,19,1,-1.263157894736842,9.473684210526315,0.8,interior,-0.0,-0.0,1.0790903863122132,-0.4318076964170816,0.0,0.0,0.0,0.0,0.0,-1.6653345369377348e-16,-1.6653345369377348e-16,0.0,-0.0,0
363,364,3,18,0,4,19,1,-0.8947368421052633,9.473684210526315,0.8,interior,-0.0,-0.0,1.1797239994388953,-0.4360108398829836,0.0,0.0,0.0,0.0,0.0,-1.6653345369377348e-16,-1.6653345369377348e-16,0.0,-0.0,0
364,365,4,18,0,5,19,1,-0.5263157894736843,9.473684210526315,0.8,interior,-0.0,-0.0,1.2854451495412444,-0.441964436484769,0.0,0.0,0.0,0.0,0.0,2.7755575615628914e-16,2.7755575615628914e-16,0.0,-0.0,0
365,366,5,18,0,6,19,1,-0.1578947368421053,9.473684210526315,0.8,interior,-0.0,-0.0,1.395510784017496,-0.45012225896740143,0.0,0.0,0.0,0.0,0.0,2.7755575615628914e-16,2.7755575615628914e-16,0.0,-0.0,0
366,367,6,18,0,7,19,1,0.21052631578947345,9.473684210526315,0.8,interior,-0.0,-0.0,1.5727300727844025,-0.49108239745268123,0.0,0.0,0.0,0.0,0.0,2.7755575615628914e-16,2.7755575615628914e-16,0.0,-0.0,0
367,368,7,18,0,8,19,1,0.5789473684210527,9.473684210526315,0.8,interior,-0.0,-0.0,1.7833010359339116,-0.5533121082328167,0.0,0.0,0.0,0.0,0.0,2.7755575615628914e-16,2.7755575615628914e-16,0.0,-0.0,0
368,369,8,18,0,9,19,1,0.9473684210526314,9.473684210526315,0.8,interior,-0.0,-0.0,1.981481868963641,-0.6154686267969454,0.0,0.0,0.0,0.0,0.0,2.7755575615628914e-16,2.7755575615628914e-16,0.0,-0.0,0
369,370,9,18,0,10,19,1,1.3157894736842102,9.473684210526315,0.8,interior,1.8512319650980272e-20,3.589646469719166e-21,2.16998629934867,-0.6776862992102239,0.0,0.0,0.0,0.0,0.0,2.7755575615628914e-16,2.7755575615628914e-16,1.124143540164055e-19,0.0,0
370,371,10,18,0,11,19,1,1.6842105263157894,9.473684210526315,0.8,interior,4.315080079255816e-20,8.36719128941571e-21,2.350600624229969,-0.7401267428431804,0.0,0.0,0.0,0.0,0.0,-6.106226635438361e-16,-6.106226635438361e-16,-4.81482486096809e-35,0.0,0
371,372,11,18,0,12,19,1,2.052631578947368,9.473684210526315,0.8,interior,5.8238311490621e-20,1.1292747380452827e-20,2.5245813753964175,-0.8029474742935123,0.0,0.0,0.0,0.0,0.0,2.7755575615628914e-16,2.7755575615628914e-16,1.925929944387236e-34,0.0,0
372,373,12,18,0,13,19,1,2.421052631578947,9.473684210526315,0.8,interior,6.702701253611946e-20,1.2996927638582721e-20,2.692852492590357,-0.8663051228165461,0.0,0.0,0.0,0.0,0.0,2.7755575615628914e-16,2.7755575615628914e-16,4.81482486096809e-35,0.0,0
373,374,13,18,0,14,19,1,2.7894736842105257,9.473684210526315,0.8,interior,7.221396855147148e-20,1.400270858338782e-20,2.8561162681183445,-0.9303594059619591,0.0,0.0,0.0,0.0,0.0,-1.4988010832439613e-15,-1.4988010832439613e-15,1.9303160900272843e-20,0.0,0
374,375,14,18,0,15,19,1,3.1578947368421053,9.473684210526315,0.8,interior,7.619983490221997e-20,1.477559125527811e-20,3.0149204722742624,-0.9952768732327766,0.0,0.0,0.0,0.0,0.0,-6.106226635438361e-16,-6.106226635438361e-16,9.62964972193618e-35,0.0,0
375,376,15,18,0,16,19,1,3.526315789473684,9.473684210526315,0.8,interior,6.716408384953844e-20,1.3023506563622412e-20,3.1697012458914893,-1.0612350413037763,0.0,0.0,0.0,0.0,0.0,-6.106226635438361e-16,-6.106226635438361e-16,1.7956915899965074e-19,0.0,0
376,377,16,18,0,17,19,1,3.894736842105263,9.473684210526315,0.8,interior,1.0283737349904432e-10,1.9940764944413027e-11,3.320812040621627,-1.128426568768392,0.0,0.0,0.0,0.0,0.0,-6.106226635438361e-16,-6.106226635438361e-16,0.0,0.0,0
377,378,17,18,0,18,19,1,4.263157894736842,9.473684210526315,0.8,interior,2.361059691671455e-09,4.578232089113625e-10,3.4685444134052625,-1.1970632790235913,0.0,0.0,0.0,0.0,0.0,-6.106226635438361e-16,-6.106226635438361e-16,1.307074408009342e-18,0.0,0
378,379,18,18,0,19,19,1,4.63157894736842,9.473684210526315,0.8,interior,1.649590741437894e-08,3.1986524072202936e-09,3.613144403265096,-1.2673797388217651,0.0,0.0,0.0,0.0,0.0,-6.106226635438361e-16,-6.106226635438361e-16,1.2440796412797536e-21,0.0,0
379,380,19,18,0,20,19,1,5.0,9.473684210526315,0.8,upper_b,0.00029596635127148596,5.738959719945711e-05,1.3411759557809653,-1.29883653901587,0.0,3.6403347371197627,0.0,0.0,3.6403347371197627,-3.6403347371197623,4.440892098500626e-16,4.336808689942018e-19,0.00020891734423449478,0
380,381,0,19,0,1,20,1,-2.0,10.0,0.8,lower_b+upper_a,-0.0,-0.0,1.0495135451069704,-0.568603923875959,0.0,0.0,0.0,0.0,0.0,2.7755575615628914e-16,2.7755575615628914e-16,0.0,-0.0,0
381,382,1,19,0,2,20,1,-1.631578947368421,10.0,0.8,upper_a,-0.0,-0.0,1.1406771798650421,-0.5728076473376511,0.0,0.0,0.0,0.0,0.0,7.216449660063518e-16,7.216449660063518e-16,0.0,-0.0,0
382,383,2,19,0,3,20,1,-1.263157894736842,10.0,0.8,upper_a,-0.0,-0.0,1.2369215790013808,-0.5779135944141054,0.0,0.0,0.0,0.0,0.0,2.7755575615628914e-16,2.7755575615628914e-16,0.0,-0.0,0
383,384,3,19,0,4,20,1,-0.8947368421052633,10.0,0.8,upper_a,-0.0,-0.0,1.3374985617165116,-0.5846027132613993,0.0,0.0,0.0,0.0,0.0,-1.6653345369377348e-16,-1.6653345369377348e-16,0.0,-0.0,0
384,385,4,19,0,5,20,1,-0.5263157894736843,10.0,0.8,upper_a,-0.0,-0.0,1.4418732687492177,-0.5934396579046295,0.0,0.0,0.0,0.0,0.0,-1.6653345369377348e-16,-1.6653345369377348e-16,0.0,-0.0,0
385,386,5,19,0,6,20,1,-0.1578947368421053,10.0,0.8,upper_a,-0.0,-0.0,1.5496538458489564,-0.6048907244696557,0.0,0.0,0.0,0.0,0.0,2.7755575615628914e-16,2.7755575615628914e-16,0.0,-0.0,0
386,387,6,19,0,7,20,1,0.21052631578947345,10.0,0.8,upper_a,-0.0,-0.0,1.7167987909277151,-0.6475559948806835,0.0,0.0,0.0,0.0,0.0,2.7755575615628914e-16,2.7755575615628914e-16,0.0,-0.0,0
387,388,7,19,0,8,20,1,0.5789473684210527,10.0,0.8,upper_a,-0.0,-0.0,1.915104879626794,-0.7109936633670133,0.0,0.0,0.0,0.0,0.0,2.7755575615628914e-16,2.7755575615628914e-16,0.0,-0.0,0
388,389,8,19,0,9,20,1,0.9473684210526314,10.0,0.8,upper_a,-0.0,-0.0,2.103343823940051,-0.7749895228016384,0.0,0.0,0.0,0.0,0.0,2.7755575615628914e-16,2.7755575615628914e-16,0.0,-0.0,0
389,390,9,19,0,10,20,1,1.3157894736842102,10.0,0.8,upper_a,0.0,0.0,2.2833719067223246,-0.839586716251282,0.0,0.0,0.0,0.0,0.0,2.7755575615628914e-16,2.7755575615628914e-16,0.0,0.0,0
390,391,10,19,0,11,20,1,1.6842105263157894,10.0,0.8,upper_a,0.0,0.0,2.456479629145372,-0.9049055784467546,0.0,0.0,0.0,0.0,0.0,-1.4988010832439613e-15,-1.4988010832439613e-15,0.0,0.0,0
391,392,11,19,0,12,20,1,2.052631578947368,10.0,0.8,upper_a,0.0,0.0,2.6236007686698013,-0.9711018331738994,0.0,0.0,0.0,0.0,0.0,-1.4988010832439613e-15,-1.4988010832439613e-15,0.0,0.0,0
392,393,12,19,0,13,20,1,2.421052631578947,10.0,0.8,upper_a,0.0,0.0,2.785428995130693,-1.0383583815867918,0.0,0.0,0.0,0.0,0.0,-6.106226635438361e-16,-6.106226635438361e-16,0.0,0.0,0
393,394,13,19,0,14,20,1,2.7894736842105257,10.0,0.8,upper_a,0.0,0.0,2.9424866559871266,-1.1068858782461337,0.0,0.0,0.0,0.0,0.0,-1.4988010832439613e-15,-1.4988010832439613e-15,0.0,0.0,0
394,395,14,19,0,15,20,1,3.1578947368421053,10.0,0.8,upper_a,0.0,0.0,3.0951667467931054,-1.1769280426829376,0.0,0.0,0.0,0.0,0.0,-6.106226635438361e-16,-6.106226635438361e-16,0.0,0.0,0
395,396,15,19,0,16,20,1,3.526315789473684,10.0,0.8,upper_a,0.0,0.0,3.2437584459359554,-1.2487708396115231,0.0,0.0,0.0,0.0,0.0,-6.106226635438361e-16,-6.106226635438361e-16,0.0,0.0,0
396,397,16,19,0,17,20,1,3.894736842105263,10.0,0.8,upper_a,0.0,0.0,3.3884614451902557,-1.322755786575377,0.0,0.0,0.0,0.0,0.0,-6.106226635438361e-16,-6.106226635438361e-16,0.0,0.0,0
397,398,17,19,0,18,20,1,4.263157894736842,10.0,0.8,upper_a,0.0,0.0,3.5293914721507873,-1.3992987646370392,0.0,0.0,0.0,0.0,0.0,-6.106226635438361e-16,-6.106226635438361e-16,0.0,0.0,0
398,399,18,19,0,19,20,1,4.63157894736842,10.0,0.8,upper_a,0.0,0.0,3.666577444057136,-1.478916909547505,0.0,0.0,0.0,0.0,0.0,-6.106226635438361e-16,-6.106226635438361e-16,0.0,0.0,0
399,400,19,19,0,20,20,1,5.0,10.0,0.8,upper_b+upper_a,0.0,0.0,1.4773209145388364,-1.5264315701422382,0.0,4.00987105374827,0.0,0.0,4.00987105374827,-4.00987105374827,0.0,0.0,0.0,0
400,401,0,0,1,1,1,2,-2.0,0.0,1.3,lower_b+lower_a,-0.0,-0.0,5.671086431167826,0.0,0.0,0.0,0.0,0.0,0.0,0.0,0.0,0.0,-0.0,0
401,402,1,0,1,2,1,2,-1.631578947368421,0.0,1.3,lower_a,-0.0,-0.0,5.655998182784083,0.0,0.0,0.0,0.0,0.0,0.0,0.0,0.0,0.0,-0.0,0
402,403,2,0,1,3,1,2,-1.263157894736842,0.0,1.3,lower_a,-0.0,-0.0,5.641648286125687,0.0,0.0,0.0,0.0,0.0,0.0,0.0,0.0,0.0,-0.0,0
403,404,3,0,1,4,1,2,-0.8947368421052633,0.0,1.3,lower_a,-0.0,-0.0,5.627546567955848,0.0,0.0,0.0,0.0,0.0,0.0,0.0,0.0,0.0,-0.0,0
404,405,4,0,1,5,1,2,-0.5263157894736843,0.0,1.3,lower_a,-0.0,-0.0,5.613480671557761,0.0,0.0,0.0,0.0,0.0,0.0,0.0,0.0,0.0,-0.0,0
405,406,5,0,1,6,1,2,-0.1578947368421053,0.0,1.3,lower_a,-0.0,-0.0,5.599340147645707,0.0,0.0,0.0,0.0,0.0,0.0,0.0,0.0,0.0,-0.0,0
406,407,6,0,1,7,1,2,0.21052631578947345,0.0,1.3,lower_a,-0.0,-0.0,5.597650782019722,0.0,0.0,0.0,0.0,0.0,0.0,0.0,0.0,0.0,-0.0,0
407,408,7,0,1,8,1,2,0.5789473684210527,0.0,1.3,lower_a,-0.0,-0.0,5.607017326314491,0.0,0.0,0.0,0.0,0.0,0.0,0.0,0.0,0.0,-0.0,0
408,409,8,0,1,9,1,2,0.9473684210526314,0.0,1.3,lower_a,-0.0,-0.0,5.620761561635543,0.0,0.0,0.0,0.0,0.0,0.0,0.0,0.0,0.0,-0.0,0
409,410,9,0,1,10,1,2,1.3157894736842102,0.0,1.3,lower_a,-0.0,-0.0,5.637799990084401,0.0,0.0,0.0,0.0,0.0,0.0,0.0,0.0,0.0,-0.0,0
410,411,10,0,1,11,1,2,1.6842105263157894,0.0,1.3,lower_a,-0.0,-0.0,5.657481810433437,0.0,0.0,0.0,0.0,0.0,0.0,0.0,0.0,0.0,-0.0,0
411,412,11,0,1,12,1,2,2.052631578947368,0.0,1.3,lower_a,-0.0,-0.0,5.601076851432131,0.0,0.0,0.0,0.0,0.0,0.0,0.0,0.0,0.0,-0.0,0
412,413,12,0,1,13,1,2,2.421052631578947,0.0,1.3,lower_a,-0.0,-0.0,5.5449691003820245,0.0,0.0,0.0,0.0,0.0,0.0,0.0,0.0,0.0,-0.0,0
413,414,13,0,1,14,1,2,2.7894736842105257,0.0,1.3,lower_a,-0.0,-0.0,5.475966222939183,0.0,0.0,0.0,0.0,0.0,0.0,0.0,0.0,0.0,-0.0,0
414,415,14,0,1,15,1,2,3.1578947368421053,0.0,1.3,lower_a,-0.0,-0.0,5.393246562854834,0.0,0.0,0.0,0.0,0.0,0.0,0.0,0.0,0.0,-0.0,0
415,416,15,0,1,16,1,2,3.526315789473684,0.0,1.3,lower_a,-0.0,-0.0,5.295535315991367,0.0,0.0,0.0,0.0,0.0,0.0,0.0,0.0,0.0,-0.0,0
416,417,16,0,1,17,1,2,3.894736842105263,0.0,1.3,lower_a,-0.0,-0.0,5.181067074261673,0.0,0.0,0.0,0.0,0.0,0.0,0.0,0.0,0.0,-0.0,0
417,418,17,0,1,18,1,2,4.263157894736842,0.0,1.3,lower_a,-0.0,-0.0,5.047468805426664,0.0,0.0,0.0,0.0,0.0,0.0,0.0,0.0,0.0,-0.0,0
418,419,18,0,1,19,1,2,4.63157894736842,0.0,1.3,lower_a,-0.0,-0.0,4.891549678528303,0.0,0.0,0.0,0.0,0.0,0.0,0.0,0.0,0.0,-0.0,0
419,420,19,0,1,20,1,2,5.0,0.0,1.3,upper_b+lower_a,-0.0,-0.0,0.0019309872879080814,0.0,0.0,0.005241251210036221,0.0,0.0,0.005241251210036221,-0.005241251210036213,7.806255641895632e-18,0.0,-0.0,0
420,421,0,1,1,1,2,2,-2.0,0.5263157894736842,1.3,lower_b,0.0,0.0,5.759694519065869,0.03684210526314648,0.0,0.0,0.0,0.0,0.0,1.124100812432971e-15,1.124100812432971e-15,0.0,0.0,0
421,422,1,1,1,2,2,2,-1.631578947368421,0.5263157894736842,1.3,interior,0.0,0.0,5.453223989483693,0.1931507208399283,0.0,0.0,0.0,0.0,0.0,-1.6653345369377348e-16,-1.6653345369377348e-16,0.0,0.0,0
422,423,2,1,1,3,2,2,-1.263157894736842,0.5263157894736842,1.3,interior,0.0,0.0,5.417412914532074,0.2002427516764465,0.0,0.0,0.0,0.0,0.0,-4.996003610813204e-16,-4.996003610813204e-16,0.0,0.0,0
423,424,3,1,1,4,2,2,-0.8947368421052633,0.5263157894736842,1.3,interior,0.0,0.0,5.391904482988105,0.2037319264457762,0.0,0.0,0.0,0.0,0.0,6.661338147750939e-16,6.661338147750939e-16,0.0,0.0,0
424,425,4,1,1,5,2,2,-0.5263157894736843,0.5263157894736842,1.3,interior,0.0,0.0,5.36742907875165,0.20700864197416335,0.0,0.0,0.0,0.0,0.0,3.885780586188048e-16,3.885780586188048e-16,0.0,0.0,0
425,426,5,1,1,6,2,2,-0.1578947368421053,0.5263157894736842,1.3,interior,0.0,0.0,5.343089875508957,0.21026553586677416,0.0,0.0,0.0,0.0,0.0,-5.551115123125783e-16,-5.551115123125783e-16,0.0,0.0,0
426,427,6,1,1,7,2,2,0.21052631578947345,0.5263157894736842,1.3,interior,0.0,0.0,5.330338615344862,0.21352992767314571,0.0,0.0,0.0,0.0,0.0,-6.106226635438361e-16,-6.106226635438361e-16,0.0,0.0,0
427,428,7,1,1,8,2,2,0.5789473684210527,0.5263157894736842,1.3,interior,0.0,0.0,5.332187368836413,0.21525105806720762,0.0,0.0,0.0,0.0,0.0,1.1102230246251565e-16,1.1102230246251565e-16,0.0,0.0,0
428,429,8,1,1,9,2,2,0.9473684210526314,0.5263157894736842,1.3,interior,0.0,0.0,5.34178758957445,0.215618716155629,0.0,0.0,0.0,0.0,0.0,7.771561172376096e-16,7.771561172376096e-16,0.0,0.0,0
429,430,9,1,1,10,2,2,1.3157894736842102,0.5263157894736842,1.3,interior,0.0,0.0,5.355510142052722,0.215667739323275,0.0,0.0,0.0,0.0,0.0,-1.6653345369377348e-16,-1.6653345369377348e-16,0.0,0.0,0
430,431,10,1,1,11,2,2,1.6842105263157894,0.5263157894736842,1.3,interior,0.0,0.0,5.372469309766224,0.2155037013977842,0.0,0.0,0.0,0.0,0.0,-7.216449660063518e-16,-7.216449660063518e-16,0.0,0.0,0
431,432,11,1,1,12,2,2,2.052631578947368,0.5263157894736842,1.3,interior,0.0,0.0,5.391460660115813,0.21516721107841236,0.0,0.0,0.0,0.0,0.0,2.220446049250313e-16,2.220446049250313e-16,0.0,0.0,0
432,433,12,1,1,13,2,2,2.421052631578947,0.5263157894736842,1.3,interior,0.0,0.0,5.309175682923575,0.21457742680978525,0.0,0.0,0.0,0.0,0.0,-2.7755575615628914e-16,-2.7755575615628914e-16,0.0,0.0,0
433,434,13,1,1,14,2,2,2.7894736842105257,0.5263157894736842,1.3,interior,0.0,0.0,5.22776799746663,0.21998481193130393,0.0,0.0,0.0,0.0,0.0,-1.6653345369377348e-16,-1.6653345369377348e-16,0.0,0.0,0
434,435,14,1,1,15,2,2,3.1578947368421053,0.5263157894736842,1.3,interior,0.0,0.0,5.134248967636154,0.22473930633509343,0.0,0.0,0.0,0.0,0.0,-4.440892098500626e-16,-4.440892098500626e-16,0.0,0.0,0
435,436,15,1,1,16,2,2,3.526315789473684,0.5263157894736842,1.3,interior,0.0,0.0,5.023104098033462,0.23030986733439396,0.0,0.0,0.0,0.0,0.0,-5.551115123125783e-16,-5.551115123125783e-16,0.0,0.0,0
436,437,16,1,1,17,2,2,3.894736842105263,0.5263157894736842,1.3,interior,0.0,0.0,4.89184220278932,0.2368866291240319,0.0,0.0,0.0,0.0,0.0,3.885780586188048e-16,3.885780586188048e-16,0.0,0.0,0
437,438,17,1,1,18,2,2,4.263157894736842,0.5263157894736842,1.3,interior,0.0,0.0,4.7372997985513,0.24461903623117354,0.0,0.0,0.0,0.0,0.0,3.885780586188048e-16,3.885780586188048e-16,0.0,0.0,0
438,439,18,1,1,19,2,2,4.63157894736842,0.5263157894736842,1.3,interior,0.0,0.0,4.555074728799276,0.25370761844455336,0.0,0.0,0.0,0.0,0.0,5.551115123125783e-16,5.551115123125783e-16,0.0,0.0,0
439,440,19,1,1,20,2,2,5.0,0.5263157894736842,1.3,upper_b,0.0,0.0,-0.3468343421750042,0.26443293691861763,0.0,0.0,0.0,0.0,0.0,-1.1102230246251565e-16,-1.1102230246251565e-16,0.0,0.0,0
440,441,0,2,1,1,3,2,-2.0,1.0526315789473684,1.3,lower_b,0.0,0.0,5.7545161641643965,0.07368421051462451,0.0,0.0,0.0,0.0,0.0,1.1379786002407855e-15,1.1379786002407855e-15,0.0,0.0,0
441,442,1,2,1,2,3,2,-1.631578947368421,1.0526315789473684,1.3,interior,0.0,0.0,5.4145661927238695,0.27852678719567897,0.0,0.0,0.0,0.0,0.0,-3.3306690738754696e-16,-3.3306690738754696e-16,0.0,0.0,0
442,443,2,2,1,3,3,2,-1.263157894736842,1.0526315789473684,1.3,interior,0.0,0.0,5.375775556079082,0.2895434204888322,0.0,0.0,0.0,0.0,0.0,6.661338147750939e-16,6.661338147750939e-16,0.0,0.0,0
443,444,3,2,1,4,3,2,-0.8947368421052633,1.0526315789473684,1.3,interior,0.0,0.0,5.34788076000426,0.295453573501657,0.0,0.0,0.0,0.0,0.0,3.3306690738754696e-16,3.3306690738754696e-16,0.0,0.0,0
444,445,4,2,1,5,3,2,-0.5263157894736843,1.0526315789473684,1.3,interior,0.0,0.0,5.320682266229065,0.3011025912412798,0.0,0.0,0.0,0.0,0.0,3.3306690738754696e-16,3.3306690738754696e-16,0.0,0.0,0
445,446,5,2,1,6,3,2,-0.1578947368421053,1.0526315789473684,1.3,interior,0.0,0.0,5.293305404315019,0.3067741594156318,0.0,0.0,0.0,0.0,0.0,-1.1102230246251565e-16,-1.1102230246251565e-16,0.0,0.0,0
446,447,6,2,1,7,3,2,0.21052631578947345,1.0526315789473684,1.3,interior,0.0,0.0,5.277076887097408,0.3125053350779084,0.0,0.0,0.0,0.0,0.0,1.1102230246251565e-16,1.1102230246251565e-16,0.0,0.0,0
447,448,7,2,1,8,3,2,0.5789473684210527,1.0526315789473684,1.3,interior,0.0,0.0,5.276837171289003,0.31559625902910915,0.0,0.0,0.0,0.0,0.0,-1.1102230246251565e-16,-1.1102230246251565e-16,0.0,0.0,0
448,449,8,2,1,9,3,2,0.9473684210526314,1.0526315789473684,1.3,interior,0.0,0.0,5.28575667455355,0.3163385591234533,0.0,0.0,0.0,0.0,0.0,-4.440892098500626e-16,-4.440892098500626e-16,0.0,0.0,0
449,450,9,2,1,10,3,2,1.3157894736842102,1.0526315789473684,1.3,interior,0.0,0.0,5.299093266590761,0.31653035212401925,0.0,0.0,0.0,0.0,0.0,7.771561172376096e-16,7.771561172376096e-16,0.0,0.0,0
450,451,10,2,1,11,3,2,1.6842105263157894,1.0526315789473684,1.3,interior,0.0,0.0,5.315808631925028,0.31637102911022735,0.0,0.0,0.0,0.0,0.0,-7.771561172376096e-16,-7.771561172376096e-16,0.0,0.0,0
451,452,11,2,1,12,3,2,2.052631578947368,1.0526315789473684,1.3,interior,0.0,0.0,5.328323015296689,0.3159279363208724,0.0,0.0,0.0,0.0,0.0,1.1102230246251565e-16,1.1102230246251565e-16,0.0,0.0,0
452,453,12,2,1,13,3,2,2.421052631578947,1.0526315789473684,1.3,interior,0.0,0.0,5.247876874135571,0.3140643694983483,0.0,0.0,0.0,0.0,0.0,-1.1102230246251565e-16,-1.1102230246251565e-16,0.0,0.0,0
453,454,13,2,1,14,3,2,2.7894736842105257,1.0526315789473684,1.3,interior,0.0,0.0,5.1612780312627,0.32331148901082984,0.0,0.0,0.0,0.0,0.0,4.440892098500626e-16,4.440892098500626e-16,0.0,0.0,0
454,455,14,2,1,15,3,2,3.1578947368421053,1.0526315789473684,1.3,interior,0.0,0.0,5.062734426280459,0.33152942660426776,0.0,0.0,0.0,0.0,0.0,-1.1102230246251565e-16,-1.1102230246251565e-16,0.0,0.0,0
455,456,15,2,1,16,3,2,3.526315789473684,1.0526315789473684,1.3,interior,0.0,0.0,4.945431237130149,0.3412209391428903,0.0,0.0,0.0,0.0,0.0,4.440892098500626e-16,4.440892098500626e-16,0.0,0.0,0
456,457,16,2,1,17,3,2,3.894736842105263,1.0526315789473684,1.3,interior,0.0,0.0,4.806472336748559,0.35271452369745726,0.0,0.0,0.0,0.0,0.0,4.440892098500626e-16,4.440892098500626e-16,0.0,0.0,0
457,458,17,2,1,18,3,2,4.263157894736842,1.0526315789473684,1.3,interior,0.0,0.0,4.642214145494439,0.3662970170527341,0.0,0.0,0.0,0.0,0.0,3.3306690738754696e-16,3.3306690738754696e-16,0.0,0.0,0
458,459,18,2,1,19,3,2,4.63157894736842,1.0526315789473684,1.3,interior,0.0,0.0,4.447601758671311,0.38235528615614145,0.0,0.0,0.0,0.0,0.0,5.551115123125783e-16,5.551115123125783e-16,0.0,0.0,0
459,460,19,2,1,20,3,2,5.0,1.0526315789473684,1.3,upper_b,0.0,0.0,-0.46063598433984154,0.4014300962398881,0.0,0.0,0.0,0.0,0.0,-2.220446049250313e-16,-2.220446049250313e-16,0.0,0.0,0
460,461,0,3,1,1,4,2,-2.0,1.5789473684210527,1.3,lower_b,0.0,0.0,5.744480798113649,0.1105263151152957,0.0,0.0,0.0,0.0,0.0,2.581268532253489e-15,2.581268532253489e-15,0.0,0.0,0
461,462,1,3,1,2,4,2,-1.631578947368421,1.5789473684210527,1.3,interior,0.0,0.0,5.406453372673743,0.33451331949407703,0.0,0.0,0.0,0.0,0.0,6.661338147750939e-16,6.661338147750939e-16,0.0,0.0,0
462,463,2,3,1,3,4,2,-1.263157894736842,1.5789473684210527,1.3,interior,0.0,0.0,5.36786942432677,0.34771616921669757,0.0,0.0,0.0,0.0,0.0,3.3306690738754696e-16,3.3306690738754696e-16,0.0,0.0,0
463,464,3,3,1,4,4,2,-0.8947368421052633,1.5789473684210527,1.3,interior,0.0,0.0,5.338864641160185,0.3555781533428377,0.0,0.0,0.0,0.0,0.0,-6.661338147750939e-16,-6.661338147750939e-16,0.0,0.0,0
464,465,4,3,1,5,4,2,-0.5263157894736843,1.5789473684210527,1.3,interior,0.0,0.0,5.310133459251018,0.3632254479706237,0.0,0.0,0.0,0.0,0.0,-2.220446049250313e-16,-2.220446049250313e-16,0.0,0.0,0
465,466,5,3,1,6,4,2,-0.1578947368421053,1.5789473684210527,1.3,interior,0.0,0.0,5.280953444741829,0.37095151588103115,0.0,0.0,0.0,0.0,0.0,0.0,0.0,0.0,0.0,0
466,467,6,3,1,7,4,2,0.21052631578947345,1.5789473684210527,1.3,interior,0.0,0.0,5.262734487517715,0.37879297993195576,0.0,0.0,0.0,0.0,0.0,8.881784197001252e-16,8.881784197001252e-16,0.0,0.0,0
467,468,7,3,1,8,4,2,0.5789473684210527,1.5789473684210527,1.3,interior,0.0,0.0,5.261593033679526,0.3830004283551182,0.0,0.0,0.0,0.0,0.0,1.1102230246251565e-16,1.1102230246251565e-16,0.0,0.0,0
468,469,8,3,1,9,4,2,0.9473684210526314,1.5789473684210527,1.3,interior,0.0,0.0,5.270647681815555,0.38396918651503714,0.0,0.0,0.0,0.0,0.0,-7.771561172376096e-16,-7.771561172376096e-16,0.0,0.0,0
469,470,9,3,1,10,4,2,1.3157894736842102,1.5789473684210527,1.3,interior,0.0,0.0,5.284316599362162,0.38418655116184103,0.0,0.0,0.0,0.0,0.0,-7.771561172376096e-16,-7.771561172376096e-16,0.0,0.0,0
470,471,10,3,1,11,4,2,1.6842105263157894,1.5789473684210527,1.3,interior,0.0,0.0,5.301321551202296,0.3839354266161884,0.0,0.0,0.0,0.0,0.0,3.3306690738754696e-16,3.3306690738754696e-16,0.0,0.0,0
471,472,11,3,1,12,4,2,2.052631578947368,1.5789473684210527,1.3,interior,0.0,0.0,5.2730158071259225,0.3832753246454218,0.0,0.0,0.0,0.0,0.0,1.1102230246251565e-16,1.1102230246251565e-16,0.0,0.0,0
472,473,12,3,1,13,4,2,2.421052631578947,1.5789473684210527,1.3,interior,0.0,0.0,5.209638355275988,0.3884057926611162,0.0,0.0,0.0,0.0,0.0,-1.1102230246251565e-16,-1.1102230246251565e-16,0.0,0.0,0
473,474,13,3,1,14,4,2,2.7894736842105257,1.5789473684210527,1.3,interior,0.0,0.0,5.125908992360518,0.3973475010574703,0.0,0.0,0.0,0.0,0.0,-8.881784197001252e-16,-8.881784197001252e-16,0.0,0.0,0
474,475,14,3,1,15,4,2,3.1578947368421053,1.5789473684210527,1.3,interior,0.0,0.0,5.023880401073024,0.40847676386113835,0.0,0.0,0.0,0.0,0.0,-6.661338147750939e-16,-6.661338147750939e-16,0.0,0.0,0
475,476,15,3,1,16,4,2,3.526315789473684,1.5789473684210527,1.3,interior,0.0,0.0,4.901770390307837,0.42187298003239715,0.0,0.0,0.0,0.0,0.0,6.661338147750939e-16,6.661338147750939e-16,0.0,0.0,0
476,477,16,3,1,17,4,2,3.894736842105263,1.5789473684210527,1.3,interior,0.0,0.0,4.756736812206409,0.4378212867652417,0.0,0.0,0.0,0.0,0.0,4.440892098500626e-16,4.440892098500626e-16,0.0,0.0,0
477,478,17,3,1,18,4,2,4.263157894736842,1.5789473684210527,1.3,interior,0.0,0.0,4.584802892654908,0.45673168033995615,0.0,0.0,0.0,0.0,0.0,3.3306690738754696e-16,3.3306690738754696e-16,0.0,0.0,0
478,479,18,3,1,19,4,2,4.63157894736842,1.5789473684210527,1.3,interior,0.0,0.0,4.380376629961628,0.4791765989454515,0.0,0.0,0.0,0.0,0.0,-3.3306690738754696e-16,-3.3306690738754696e-16,0.0,0.0,0
479,480,19,3,1,20,4,2,5.0,1.5789473684210527,1.3,upper_b,0.0,0.0,-0.5320952627860187,0.5059701551200046,0.0,0.0,0.0,0.0,0.0,-1.1102230246251565e-16,-1.1102230246251565e-16,0.0,0.0,0
480,481,0,4,1,1,5,2,-2.0,2.1052631578947367,1.3,lower_b,0.0,0.0,5.7351792147735345,0.1473684090807629,0.0,0.0,0.0,0.0,0.0,1.4988010832439613e-15,1.4988010832439613e-15,0.0,0.0,0
481,482,1,4,1,2,5,2,-1.631578947368421,2.1052631578947367,1.3,interior,0.0,0.0,5.4186022802363265,0.3709048034574681,0.0,0.0,0.0,0.0,0.0,-2.220446049250313e-16,-2.220446049250313e-16,0.0,0.0,0
482,483,2,4,1,3,5,2,-1.263157894736842,2.1052631578947367,1.3,interior,0.0,0.0,5.381087570852333,0.3853927008921892,0.0,0.0,0.0,0.0,0.0,-1.1102230246251565e-16,-1.1102230246251565e-16,0.0,0.0,0
483,484,3,4,1,4,5,2,-0.8947368421052633,2.1052631578947367,1.3,interior,0.0,0.0,5.35118260847586,0.3950430302124398,0.0,0.0,0.0,0.0,0.0,3.3306690738754696e-16,3.3306690738754696e-16,0.0,0.0,0
484,485,4,4,1,5,5,2,-0.5263157894736843,2.1052631578947367,1.3,interior,0.0,0.0,5.321192544267529,0.40456757742291793,0.0,0.0,0.0,0.0,0.0,-1.1102230246251565e-16,-1.1102230246251565e-16,0.0,0.0,0
485,486,5,4,1,6,5,2,-0.1578947368421053,2.1052631578947367,1.3,interior,0.0,0.0,5.290565627847904,0.4142235372596791,0.0,0.0,0.0,0.0,0.0,2.220446049250313e-16,2.220446049250313e-16,0.0,0.0,0
486,487,6,4,1,7,5,2,0.21052631578947345,2.1052631578947367,1.3,interior,0.0,0.0,5.270956472447962,0.42404426547538243,0.0,0.0,0.0,0.0,0.0,-1.1102230246251565e-16,-1.1102230246251565e-16,0.0,0.0,0
487,488,7,4,1,8,5,2,0.5789473684210527,2.1052631578947367,1.3,interior,0.0,0.0,5.269390411330141,0.42927663780636593,0.0,0.0,0.0,0.0,0.0,3.3306690738754696e-16,3.3306690738754696e-16,0.0,0.0,0
488,489,8,4,1,9,5,2,0.9473684210526314,2.1052631578947367,1.3,interior,0.0,0.0,5.278837104224609,0.43044859214925013,0.0,0.0,0.0,0.0,0.0,7.771561172376096e-16,7.771561172376096e-16,0.0,0.0,0
489,490,9,4,1,10,5,2,1.3157894736842102,2.1052631578947367,1.3,interior,0.0,0.0,5.293027223070871,0.4306928753309396,0.0,0.0,0.0,0.0,0.0,7.771561172376096e-16,7.771561172376096e-16,0.0,0.0,0
490,491,10,4,1,11,5,2,1.6842105263157894,2.1052631578947367,1.3,interior,0.0,0.0,5.309722042329966,0.4303607350495392,0.0,0.0,0.0,0.0,0.0,7.771561172376096e-16,7.771561172376096e-16,0.0,0.0,0
491,492,11,4,1,12,5,2,2.052631578947368,2.1052631578947367,1.3,interior,0.0,0.0,5.270361047315841,0.4292840253351975,0.0,0.0,0.0,0.0,0.0,4.440892098500626e-16,4.440892098500626e-16,0.0,0.0,0
492,493,12,4,1,13,5,2,2.421052631578947,2.1052631578947367,1.3,interior,0.0,0.0,5.201896335602276,0.43770093548567235,0.0,0.0,0.0,0.0,0.0,-8.881784197001252e-16,-8.881784197001252e-16,0.0,0.0,0
493,494,13,4,1,14,5,2,2.7894736842105257,2.1052631578947367,1.3,interior,0.0,0.0,5.115311139576859,0.449015843474704,0.0,0.0,0.0,0.0,0.0,-1.1102230246251565e-16,-1.1102230246251565e-16,0.0,0.0,0
494,495,14,4,1,15,5,2,3.1578947368421053,2.1052631578947367,1.3,interior,0.0,0.0,5.009963679060871,0.462950246181544,0.0,0.0,0.0,0.0,0.0,-4.440892098500626e-16,-4.440892098500626e-16,0.0,0.0,0
495,496,15,4,1,16,5,2,3.526315789473684,2.1052631578947367,1.3,interior,0.0,0.0,4.883756028029413,0.4797389642078186,0.0,0.0,0.0,0.0,0.0,-1.1102230246251565e-16,-1.1102230246251565e-16,0.0,0.0,0
496,497,16,4,1,17,5,2,3.894736842105263,2.1052631578947367,1.3,interior,0.0,0.0,4.73363387241589,0.49976477168988154,0.0,0.0,0.0,0.0,0.0,-4.440892098500626e-16,-4.440892098500626e-16,0.0,0.0,0
497,498,17,4,1,18,5,2,4.263157894736842,2.1052631578947367,1.3,interior,0.0,0.0,4.555341754666248,0.5235749656135488,0.0,0.0,0.0,0.0,0.0,7.771561172376096e-16,7.771561172376096e-16,0.0,0.0,0
498,499,18,4,1,19,5,2,4.63157894736842,2.1052631578947367,1.3,interior,0.0,0.0,4.3429236775006785,0.5519326525344164,0.0,0.0,0.0,0.0,0.0,-4.440892098500626e-16,-4.440892098500626e-16,0.0,0.0,0
499,500,19,4,1,20,5,2,5.0,2.1052631578947367,1.3,upper_b,0.0,0.0,-0.5718117922393624,0.5859071211469121,0.0,0.0,0.0,0.0,0.0,-2.220446049250313e-16,-2.220446049250313e-16,0.0,0.0,0
500,501,0,5,1,1,6,2,-2.0,2.631578947368421,1.3,lower_b,0.0,0.0,5.728377197471506,0.18421041481907402,0.0,0.0,0.0,0.0,0.0,1.3322676295501878e-15,1.3322676295501878e-15,0.0,0.0,0
501,502,1,5,1,2,6,2,-1.631578947368421,2.631578947368421,1.3,interior,0.0,0.0,5.450845087807025,0.38935305027538325,0.0,0.0,0.0,0.0,0.0,4.440892098500626e-16,4.440892098500626e-16,0.0,0.0,0
502,503,2,5,1,3,6,2,-1.263157894736842,2.631578947368421,1.3,interior,0.0,0.0,5.414527670464082,0.40460225565055274,0.0,0.0,0.0,0.0,0.0,4.440892098500626e-16,4.440892098500626e-16,0.0,0.0,0
503,504,3,5,1,4,6,2,-0.8947368421052633,2.631578947368421,1.3,interior,0.0,0.0,5.383551905176969,0.4160854072345722,0.0,0.0,0.0,0.0,0.0,2.220446049250313e-16,2.220446049250313e-16,0.0,0.0,0
504,505,4,5,1,5,6,2,-0.5263157894736843,2.631578947368421,1.3,interior,0.0,0.0,5.352244284546707,0.42754195118684113,0.0,0.0,0.0,0.0,0.0,4.440892098500626e-16,4.440892098500626e-16,0.0,0.0,0
505,506,5,5,1,6,6,2,-0.1578947368421053,2.631578947368421,1.3,interior,0.0,0.0,5.320183489583602,0.43917575483193755,0.0,0.0,0.0,0.0,0.0,-5.551115123125783e-16,-5.551115123125783e-16,0.0,0.0,0
506,507,6,5,1,7,6,2,0.21052631578947345,2.631578947368421,1.3,interior,0.0,0.0,5.299436760606341,0.4510233388813951,0.0,0.0,0.0,0.0,0.0,7.771561172376096e-16,7.771561172376096e-16,0.0,0.0,0
507,508,7,5,1,8,6,2,0.5789473684210527,2.631578947368421,1.3,interior,0.0,0.0,5.29759716089438,0.45733944080881955,0.0,0.0,0.0,0.0,0.0,5.551115123125783e-16,5.551115123125783e-16,0.0,0.0,0
508,509,8,5,1,9,6,2,0.9473684210526314,2.631578947368421,1.3,interior,0.0,0.0,5.307346969069563,0.45885352769308496,0.0,0.0,0.0,0.0,0.0,1.1102230246251565e-16,1.1102230246251565e-16,0.0,0.0,0
509,510,9,5,1,10,6,2,1.3157894736842102,2.631578947368421,1.3,interior,0.0,0.0,5.321832254065768,0.45931714728883943,0.0,0.0,0.0,0.0,0.0,-1.1102230246251565e-16,-1.1102230246251565e-16,0.0,0.0,0
510,511,10,5,1,11,6,2,1.6842105263157894,2.631578947368421,1.3,interior,0.0,0.0,5.333633381960981,0.45913260002667333,0.0,0.0,0.0,0.0,0.0,2.220446049250313e-16,2.220446049250313e-16,0.0,0.0,0
511,512,11,5,1,12,6,2,2.052631578947368,2.631578947368421,1.3,interior,0.0,0.0,5.286508329321512,0.4568298400644285,0.0,0.0,0.0,0.0,0.0,6.661338147750939e-16,6.661338147750939e-16,0.0,0.0,0
512,513,12,5,1,13,6,2,2.421052631578947,2.631578947368421,1.3,interior,0.0,0.0,5.213237731950217,0.46861357155030303,0.0,0.0,0.0,0.0,0.0,-4.440892098500626e-16,-4.440892098500626e-16,0.0,0.0,0
513,514,13,5,1,14,6,2,2.7894736842105257,2.631578947368421,1.3,interior,0.0,0.0,5.124044761104319,0.4821100698798607,0.0,0.0,0.0,0.0,0.0,-2.220446049250313e-16,-2.220446049250313e-16,0.0,0.0,0
514,515,14,5,1,15,6,2,3.1578947368421053,2.631578947368421,1.3,interior,0.0,0.0,5.015746192159945,0.498615627134516,0.0,0.0,0.0,0.0,0.0,-4.440892098500626e-16,-4.440892098500626e-16,0.0,0.0,0
515,516,15,5,1,16,6,2,3.526315789473684,2.631578947368421,1.3,interior,0.0,0.0,4.885986831112639,0.5185124100490393,0.0,0.0,0.0,0.0,0.0,-2.220446049250313e-16,-2.220446049250313e-16,0.0,0.0,0
516,517,16,5,1,17,6,2,3.894736842105263,2.631578947368421,1.3,interior,0.0,0.0,4.731599799131272,0.5422933969142611,0.0,0.0,0.0,0.0,0.0,0.0,0.0,0.0,0.0,0
517,518,17,5,1,18,6,2,4.263157894736842,2.631578947368421,1.3,interior,0.0,0.0,4.548183639928903,0.570625776122446,0.0,0.0,0.0,0.0,0.0,-2.220446049250313e-16,-2.220446049250313e-16,0.0,0.0,0
518,519,18,5,1,19,6,2,4.63157894736842,2.631578947368421,1.3,interior,0.0,0.0,4.32947203572377,0.6044346708624464,0.0,0.0,0.0,0.0,0.0,8.881784197001252e-16,8.881784197001252e-16,0.0,0.0,0
519,520,19,5,1,20,6,2,5.0,2.631578947368421,1.3,upper_b,0.0,0.0,-0.585681248550582,0.6450409690198937,0.0,0.0,0.0,0.0,0.0,-2.220446049250313e-16,-2.220446049250313e-16,0.0,0.0,0
520,521,0,6,1,1,7,2,-2.0,3.1578947368421053,1.3,lower_b,9.875340588493717e-28,1.9148859866885325e-28,5.724995360028242,0.2210519412206733,0.0,0.0,0.0,0.0,0.0,2.4980018054066022e-15,2.4980018054066022e-15,2.8698592549372254e-42,0.0,0
521,522,1,6,1,2,7,2,-1.631578947368421,3.1578947368421053,1.3,interior,3.277282244635915e-27,6.354840917576567e-28,5.505027773684818,0.3890693022858565,0.0,0.0,0.0,0.0,0.0,1.887379141862766e-15,1.887379141862766e-15,0.0,0.0,0
522,523,2,6,1,3,7,2,-1.263157894736842,3.1578947368421053,1.3,interior,9.198403015607583e-27,1.783623853441914e-27,5.470381277771169,0.40444103212573235,0.0,0.0,0.0,0.0,0.0,-1.1102230246251565e-16,-1.1102230246251565e-16,4.591774807899561e-41,0.0,0
523,524,3,6,1,4,7,2,-0.8947368421052633,3.1578947368421053,1.3,interior,2.4441537769931517e-26,4.7393563542803495e-27,5.438592676989762,0.417551915965853,0.0,0.0,0.0,0.0,0.0,7.771561172376096e-16,7.771561172376096e-16,-9.183549615799121e-41,0.0,0
524,525,4,6,1,5,7,2,-0.5263157894736843,3.1578947368421053,1.3,interior,6.306914262127764e-26,1.2229473638474889e-26,5.406282691355145,0.43076347187073183,0.0,0.0,0.0,0.0,0.0,3.3306690738754696e-16,3.3306690738754696e-16,-1.8367099231598242e-40,0.0,0
525,526,5,6,1,6,7,2,-0.1578947368421053,3.1578947368421053,1.3,interior,1.5963063723025769e-25,3.0953309158221714e-26,5.373171973289283,0.44419749444983614,0.0,0.0,0.0,0.0,0.0,-6.661338147750939e-16,-6.661338147750939e-16,-7.346839692639297e-40,0.0,0
526,527,6,6,1,7,7,2,0.21052631578947345,3.1578947368421053,1.3,interior,2.5185056060864783e-25,4.8835288760679637e-26,5.351891885275597,0.4578813349372334,0.0,0.0,0.0,0.0,0.0,1.1102230246251565e-16,1.1102230246251565e-16,7.346839692639297e-40,0.0,0
527,528,7,6,1,8,7,2,0.5789473684210527,3.1578947368421053,1.3,interior,3.375202587520365e-25,6.544714158626747e-26,5.350459217844145,0.46500262095957035,0.0,0.0,0.0,0.0,0.0,7.771561172376096e-16,7.771561172376096e-16,7.346839692639297e-40,0.0,0
528,529,8,6,1,9,7,2,0.9473684210526314,3.1578947368421053,1.3,interior,9.4626638919499e-24,1.8348655746163242e-24,5.3611045968798585,0.4665690082441778,0.0,0.0,0.0,0.0,0.0,-8.881784197001252e-16,-8.881784197001252e-16,-1.4240606557967925e-22,0.0,0
529,530,9,6,1,10,7,2,1.3157894736842102,3.1578947368421053,1.3,interior,8.723388888229768e-24,1.6915158509032793e-24,5.37641302267957,0.4669426702685747,0.0,0.0,0.0,0.0,0.0,-5.551115123125783e-16,-5.551115123125783e-16,0.0,0.0,0
530,531,10,6,1,11,7,2,1.6842105263157894,3.1578947368421053,1.3,interior,8.085687965515072e-24,1.5678619323713435e-24,5.3636029921460135,0.46653410409039164,0.0,0.0,0.0,0.0,0.0,1.1102230246251565e-16,1.1102230246251565e-16,2.350988701644575e-38,0.0,0
531,532,11,6,1,12,7,2,2.052631578947368,3.1578947368421053,1.3,interior,7.54557525520992e-24,1.463130935913281e-24,5.313992233090479,0.4709404103117768,0.0,0.0,0.0,0.0,0.0,-3.3306690738754696e-16,-3.3306690738754696e-16,-2.350988701644575e-38,0.0,0
532,533,12,6,1,13,7,2,2.421052631578947,3.1578947368421053,1.3,interior,7.061188964144147e-24,1.3692056163160397e-24,5.240926554294477,0.4828027393803637,0.0,0.0,0.0,0.0,0.0,7.771561172376096e-16,7.771561172376096e-16,-2.350988701644575e-38,0.0,0
533,534,13,6,1,14,7,2,2.7894736842105257,3.1578947368421053,1.3,interior,6.6146694569962846e-24,1.2826228863981716e-24,5.149559448351356,0.49813844667899876,0.0,0.0,0.0,0.0,0.0,7.771561172376096e-16,7.771561172376096e-16,-2.350988701644575e-38,0.0,0
534,535,14,6,1,15,7,2,3.1578947368421053,3.1578947368421053,1.3,interior,6.199705238765548e-24,1.2021589105639566e-24,5.0386488895906645,0.516979958114462,0.0,0.0,0.0,0.0,0.0,-7.771561172376096e-16,-7.771561172376096e-16,-1.1754943508222875e-38,0.0,0
535,536,15,6,1,16,7,2,3.526315789473684,3.1578947368421053,1.3,interior,5.812164033239673e-24,1.1270124164176652e-24,4.905937200503216,0.5397244711316307,0.0,0.0,0.0,0.0,0.0,2.220446049250313e-16,2.220446049250313e-16,1.1754943508222875e-38,0.0,0
536,537,16,6,1,17,7,2,3.894736842105263,3.1578947368421053,1.3,interior,4.962154366082052e-23,9.62190597301229e-24,4.7482027105421665,0.5669289630505396,0.0,0.0,0.0,0.0,0.0,-6.661338147750939e-16,-6.661338147750939e-16,-6.348370674727899e-22,0.0,0
537,538,17,6,1,18,7,2,4.263157894736842,3.1578947368421053,1.3,interior,4.6051379398923385e-23,8.929630354361876e-24,4.5608870181780095,0.599370339661067,0.0,0.0,0.0,0.0,0.0,-2.220446049250313e-16,-2.220446049250313e-16,9.4039548065783e-38,0.0,0
538,539,18,6,1,19,7,2,4.63157894736842,3.1578947368421053,1.3,interior,1.1249130734346592e-07,2.1812718875464307e-08,4.337480450225854,0.6381383378923438,0.0,0.0,0.0,0.0,0.0,0.0,0.0,0.0,0.0,0
539,540,19,6,1,20,7,2,5.0,3.1578947368421053,1.3,upper_b,9.566769152823433e-07,1.8550521902981727e-07,-0.5762817636293782,0.684790546458286,0.0,0.0,0.0,0.0,0.0,0.0,0.0,4.235164736271502e-22,0.0,0
540,541,0,7,1,1,8,2,-2.0,3.6842105263157894,1.3,lower_b,4.982810484716678e-26,9.661959388647298e-27,5.7247621862629465,0.2578915117477092,0.0,0.0,0.0,0.0,0.0,1.4432899320127035e-15,1.4432899320127035e-15,3.6734198463196485e-40,0.0,0
541,542,1,7,1,2,8,2,-1.631578947368421,3.6842105263157894,1.3,interior,1.7489327676867977e-25,3.3912823750159515e-26,5.576027194779764,0.372685502960901,0.0,0.0,0.0,0.0,0.0,3.3306690738754696e-16,3.3306690738754696e-16,3.6734198463196485e-40,0.0,0
542,543,2,7,1,3,8,2,-1.263157894736842,3.6842105263157894,1.3,interior,5.273748425328292e-25,1.0226104979860955e-25,5.542984665798706,0.3881127575630348,0.0,0.0,0.0,0.0,0.0,1.9984014443252818e-15,1.9984014443252818e-15,0.0,0.0,0
543,544,3,7,1,4,8,2,-0.8947368421052633,3.6842105263157894,1.3,interior,1.51097158977006e-24,2.929861808418399e-25,5.510738608651252,0.4027072615775369,0.0,0.0,0.0,0.0,0.0,2.1094237467877974e-15,2.1094237467877974e-15,-5.877471754111438e-39,0.0,0
544,545,4,7,1,5,8,2,-0.5263157894736843,3.6842105263157894,1.3,interior,4.222116269596376e-24,8.186929054619012e-25,5.477788516247829,0.41750850161219766,0.0,0.0,0.0,0.0,0.0,1.1102230246251565e-16,1.1102230246251565e-16,1.1754943508222875e-38,0.0,0
545,546,5,7,1,6,8,2,-0.1578947368421053,3.6842105263157894,1.3,interior,1.1619106542658891e-23,2.2530123489920288e-24,5.443932289541431,0.43258968851298796,0.0,0.0,0.0,0.0,0.0,4.440892098500626e-16,4.440892098500626e-16,-2.350988701644575e-38,0.0,0
546,547,6,7,1,7,8,2,0.21052631578947345,3.6842105263157894,1.3,interior,1.9622395917500967e-23,3.804896715304897e-24,5.421956390077137,0.4479781941034694,0.0,0.0,0.0,0.0,0.0,0.0,0.0,0.0,0.0,0
547,548,7,7,1,8,8,2,0.5789473684210527,3.6842105263157894,1.3,interior,2.7659703632711573e-23,5.363377435705845e-24,5.420572806758873,0.45597731710974465,0.0,0.0,0.0,0.0,0.0,-6.661338147750939e-16,-6.661338147750939e-16,-9.4039548065783e-38,0.0,0
548,549,8,7,1,9,8,2,0.9473684210526314,3.6842105263157894,1.3,interior,1.5005102842103148e-21,2.9095767283856523e-22,5.431763406841929,0.45765723218365395,0.0,0.0,0.0,0.0,0.0,-5.551115123125783e-16,-5.551115123125783e-16,-2.3340406569621438e-20,0.0,0
549,550,9,7,1,10,8,2,1.3157894736842102,3.6842105263157894,1.3,interior,1.3867373937909595e-21,2.6889644754949355e-22,5.447243803278207,0.45794468636275365,0.0,0.0,0.0,0.0,0.0,1.1102230246251565e-16,1.1102230246251565e-16,0.0,0.0,0
550,551,10,7,1,11,8,2,1.6842105263157894,3.6842105263157894,1.3,interior,1.292125644467625e-21,2.50550678982642e-22,5.417369132433841,0.45708247414279485,0.0,0.0,0.0,0.0,0.0,6.661338147750939e-16,6.661338147750939e-16,3.009265538105056e-36,0.0,0
551,552,11,7,1,12,8,2,2.052631578947368,3.6842105263157894,1.3,interior,1.210286059447692e-21,2.346815073721287e-22,5.35993501698106,0.46655741401802886,0.0,0.0,0.0,0.0,0.0,-7.771561172376096e-16,-7.771561172376096e-16,-1.7799438477316255e-23,0.0,0
552,553,12,7,1,13,8,2,2.421052631578947,3.6842105263157894,1.3,interior,1.1427638949553265e-21,2.2158856688884447e-22,5.284545270767781,0.4800285118318697,0.0,0.0,0.0,0.0,0.0,4.440892098500626e-16,4.440892098500626e-16,-1.3196231622250228e-22,0.0,0
553,554,13,7,1,14,8,2,2.7894736842105257,3.6842105263157894,1.3,interior,1.0652846195085435e-21,2.0656488466924668e-22,5.191062304924241,0.49709749154613037,0.0,0.0,0.0,0.0,0.0,-4.440892098500626e-16,-4.440892098500626e-16,1.0027138098064463e-22,0.0,0
554,555,14,7,1,15,8,2,3.1578947368421053,3.6842105263157894,1.3,interior,3.565662368410492e-21,6.91402675315054e-22,5.07800326013877,0.5180505659012269,0.0,0.0,0.0,0.0,0.0,0.0,0.0,-3.9856771163296153e-20,0.0,0
555,556,15,7,1,16,8,2,3.526315789473684,3.6842105263157894,1.3,interior,3.271436880678298e-21,6.343506416827725e-22,4.943071971649827,0.5433280569790417,0.0,0.0,0.0,0.0,0.0,-6.661338147750939e-16,-6.661338147750939e-16,0.0,0.0,0
556,557,16,7,1,17,8,2,3.894736842105263,3.6842105263157894,1.3,interior,3.7589941235954836e-21,7.28890827289983e-22,4.782957519646345,0.5735651237693411,0.0,0.0,0.0,0.0,0.0,6.661338147750939e-16,6.661338147750939e-16,-1.074220247178001e-20,0.0,0
557,558,17,7,1,18,8,2,4.263157894736842,3.6842105263157894,1.3,interior,6.465117836846366e-12,1.2536239572832289e-12,4.592988396116821,0.6096502359917517,0.0,0.0,0.0,0.0,0.0,2.220446049250313e-16,2.220446049250313e-16,-3.630547407283523e-23,0.0,0
558,559,18,7,1,19,8,2,4.63157894736842,3.6842105263157894,1.3,interior,2.4095329415136996e-06,4.672224540331274e-07,4.366506185987273,0.6528244933290472,0.0,0.0,0.0,0.0,0.0,-6.661338147750939e-16,-6.661338147750939e-16,0.0,0.0,0
559,560,19,7,1,20,8,2,5.0,3.6842105263157894,1.3,upper_b,2.1789872078857503e-05,4.225182951579018e-06,-0.5439606611640766,0.704860028255393,0.0,0.0,0.0,0.0,0.0,0.0,0.0,1.3552527156068805e-20,0.0,0
560,561,0,8,1,1,9,2,-2.0,4.2105263157894735,1.3,lower_b,7.421210377877942e-26,1.4390158627464154e-26,5.7283175024918105,0.2947245829117527,0.0,0.0,0.0,0.0,0.0,-2.220446049250313e-16,-2.220446049250313e-16,0.0,0.0,0
561,562,1,8,1,2,9,2,-1.631578947368421,4.2105263157894735,1.3,interior,2.0645791374630831e-25,4.00333904771235e-26,5.664973294440456,0.33853008832618403,0.0,0.0,0.0,0.0,0.0,-1.5543122344752192e-15,-1.5543122344752192e-15,0.0,0.0,0
562,563,2,8,1,3,9,2,-1.263157894736842,4.2105263157894735,1.3,interior,4.601568107372046e-25,8.92270824144164e-26,5.6326445432997225,0.3546669927010725,0.0,0.0,0.0,0.0,0.0,9.992007221626409e-16,9.992007221626409e-16,-4.408103815583578e-39,0.0,0
563,564,3,8,1,4,9,2,-0.8947368421052633,4.2105263157894735,1.3,interior,8.199112974609276e-25,1.5898557014477822e-25,5.600043158290278,0.3707846394705755,0.0,0.0,0.0,0.0,0.0,1.1102230246251565e-16,1.1102230246251565e-16,-2.938735877055719e-39,0.0,0
564,565,4,8,1,5,9,2,-0.5263157894736843,4.2105263157894735,1.3,interior,7.730583160208705e-25,1.4990050449158154e-25,5.566697289634211,0.38710668699143336,0.0,0.0,0.0,0.0,0.0,1.1102230246251565e-16,1.1102230246251565e-16,5.877471754111438e-39,0.0,0
565,566,5,8,1,6,9,2,-0.1578947368421053,4.2105263157894735,1.3,interior,-2.500684330332902e-24,-4.848972385687068e-25,5.532404882218188,0.40371973452018184,0.0,0.0,0.0,0.0,0.0,-7.771561172376096e-16,-7.771561172376096e-16,-1.7632415262334313e-38,-0.0,0
566,567,6,8,1,7,9,2,0.21052631578947345,4.2105263157894735,1.3,interior,-9.364261751882092e-24,-1.8157848272347546e-24,5.510073545174713,0.4206627604948271,0.0,0.0,0.0,0.0,0.0,-7.771561172376096e-16,-7.771561172376096e-16,-4.70197740328915e-38,-0.0,0
567,568,7,8,1,8,9,2,0.5789473684210527,4.2105263157894735,1.3,interior,-1.9071953341588937e-23,-3.6981626978150294e-24,5.508528165615157,0.4294154272231555,0.0,0.0,0.0,0.0,0.0,-7.771561172376096e-16,-7.771561172376096e-16,0.0,-0.0,0
568,569,8,8,1,9,9,2,0.9473684210526314,4.2105263157894735,1.3,interior,4.628079912745068e-21,8.974116174297916e-22,5.519571179086434,0.4312666114537831,0.0,0.0,0.0,0.0,0.0,1.9984014443252818e-15,1.9984014443252818e-15,-7.390895292767299e-20,0.0,0
569,570,9,8,1,10,9,2,1.3157894736842102,4.2105263157894735,1.3,interior,4.375442379861825e-21,8.484237301671129e-22,5.532632141750492,0.4314261333962166,0.0,0.0,0.0,0.0,0.0,1.887379141862766e-15,1.887379141862766e-15,0.0,0.0,0
570,571,10,8,1,11,9,2,1.6842105263157894,4.2105263157894735,1.3,interior,1.102011156969148e-20,2.1368637392753564e-21,5.487241196630281,0.4291641792848392,0.0,0.0,0.0,0.0,0.0,1.887379141862766e-15,1.887379141862766e-15,-1.09205273151572e-19,0.0,0
571,572,11,8,1,12,9,2,2.052631578947368,4.2105263157894735,1.3,interior,1.0442132828217614e-20,2.0247902991003684e-21,5.421838365150315,0.4442999006356443,0.0,0.0,0.0,0.0,0.0,1.1102230246251565e-16,1.1102230246251565e-16,-2.407412430484045e-35,0.0,0
572,573,12,8,1,13,9,2,2.421052631578947,4.2105263157894735,1.3,interior,9.895845833563472e-21,1.918862072990147e-21,5.344336372351382,0.4591467848805505,0.0,0.0,0.0,0.0,0.0,1.1102230246251565e-16,1.1102230246251565e-16,0.0,0.0,0
573,574,13,8,1,14,9,2,2.7894736842105257,4.2105263157894735,1.3,interior,9.383662462386685e-21,1.819546737858914e-21,5.249130203048809,0.47773430200316225,0.0,0.0,0.0,0.0,0.0,1.1102230246251565e-16,1.1102230246251565e-16,-2.407412430484045e-35,0.0,0
574,575,14,8,1,15,9,2,3.1578947368421053,4.2105263157894735,1.3,interior,9.063981953680031e-21,1.7575588275833855e-21,5.134555635463194,0.5004812494094035,0.0,0.0,0.0,0.0,0.0,2.220446049250313e-16,2.220446049250313e-16,2.407412430484045e-35,0.0,0
575,576,15,8,1,16,9,2,3.526315789473684,4.2105263157894735,1.3,interior,2.622578617222205e-20,5.085332498768819e-21,4.998237189706547,0.527894997412158,0.0,0.0,0.0,0.0,0.0,2.220446049250313e-16,2.220446049250313e-16,-2.276221309075471e-19,0.0,0
576,577,16,8,1,17,9,2,3.894736842105263,4.2105263157894735,1.3,interior,6.913968645501611e-11,1.3406587401249663e-11,4.836803816171827,0.5606929468784042,0.0,0.0,0.0,0.0,0.0,2.220446049250313e-16,2.220446049250313e-16,0.0,0.0,0
577,578,17,8,1,18,9,2,4.263157894736842,4.2105263157894735,1.3,interior,1.3035416821387882e-09,2.5276431509616394e-10,4.645535105577222,0.5998657229499315,0.0,0.0,0.0,0.0,0.0,-6.661338147750939e-16,-6.661338147750939e-16,7.329481971709868e-20,0.0,0
578,579,18,8,1,19,9,2,4.63157894736842,4.2105263157894735,1.3,interior,1.8443215950574547e-05,3.5762468602222114e-06,4.417725532406834,0.6467892201548575,0.0,0.0,0.0,0.0,0.0,2.220446049250313e-16,2.220446049250313e-16,5.421010862427522e-20,0.0,0
579,580,19,8,1,20,9,2,5.0,4.2105263157894735,1.3,upper_b,0.00018640296346696358,3.6144618954812884e-05,-0.4873076232693503,0.7034226306916354,0.0,0.0,0.0,0.0,0.0,-2.220446049250313e-16,-2.220446049250313e-16,-1.0842021724855044e-19,0.0,0
580,581,0,9,1,1,10,2,-2.0,4.7368421052631575,1.3,lower_b,-2.030062218323661e-27,-3.9364087335915863e-28,5.7373840180923175,0.3315391378315792,0.0,0.0,0.0,0.0,0.0,1.6653345369377348e-15,1.6653345369377348e-15,-9.183549615799121e-41,-0.0,0
581,582,1,9,1,2,10,2,-1.631578947368421,4.7368421052631575,1.3,interior,-1.408662435687487e-25,-2.731478407150252e-26,5.723169018675806,0.3315391378315792,0.0,0.0,0.0,0.0,0.0,-1.1102230246251565e-16,-1.1102230246251565e-16,0.0,-0.0,0
582,583,2,9,1,3,10,2,-1.263157894736842,4.7368421052631575,1.3,interior,-8.178481541883057e-25,-1.5858551466255236e-25,5.709324261123436,0.3315391378315792,0.0,0.0,0.0,0.0,0.0,-1.1102230246251565e-16,-1.1102230246251565e-16,-5.877471754111438e-39,-0.0,0
583,584,3,9,1,4,10,2,-0.8947368421052633,4.7368421052631575,1.3,interior,-3.5082163059272176e-24,-6.802635496257763e-25,5.695390443015135,0.3315391378315792,0.0,0.0,0.0,0.0,0.0,1.6653345369377348e-15,1.6653345369377348e-15,0.0,-0.0,0
584,585,4,9,1,5,10,2,-0.5263157894736843,4.7368421052631575,1.3,interior,-1.3353337692265222e-23,-2.5892898572259435e-24,5.678640500488049,0.33384016965444213,0.0,0.0,0.0,0.0,0.0,-1.5543122344752192e-15,-1.5543122344752192e-15,0.0,-0.0,0
585,586,5,9,1,6,10,2,-0.1578947368421053,4.7368421052631575,1.3,interior,-4.7551924377169094e-23,-9.220594754575725e-24,5.64286468459566,0.35294347705621243,0.0,0.0,0.0,0.0,0.0,5.551115123125783e-16,5.551115123125783e-16,-1.88079096131566e-37,-0.0,0
586,587,6,9,1,7,10,2,0.21052631578947345,4.7368421052631575,1.3,interior,-8.750894369671553e-23,-1.696849323759027e-23,5.6193183040573125,0.37222483343524404,0.0,0.0,0.0,0.0,0.0,-2.220446049250313e-16,-2.220446049250313e-16,-3.76158192263132e-37,-0.0,0
587,588,7,9,1,8,10,2,0.5789473684210527,4.7368421052631575,1.3,interior,-1.314753881092521e-22,-2.5493842569661073e-23,5.616534049379897,0.3824247162266139,0.0,0.0,0.0,0.0,0.0,7.771561172376096e-16,7.771561172376096e-16,0.0,-0.0,0
588,589,8,9,1,9,10,2,0.9473684210526314,4.7368421052631575,1.3,interior,3.747773982107388e-22,7.267151765859201e-23,5.625170833885987,0.3851451520386116,0.0,0.0,0.0,0.0,0.0,1.1102230246251565e-16,1.1102230246251565e-16,-5.362072451030978e-21,0.0,0
589,590,9,9,1,10,10,2,1.3157894736842102,4.7368421052631575,1.3,interior,7.867735815430766e-20,1.525599742604304e-20,5.624949649221248,0.38559508634635975,0.0,0.0,0.0,0.0,0.0,1.7763568394002505e-15,1.7763568394002505e-15,-1.284010027036712e-18,0.0,0
590,591,10,9,1,11,10,2,1.6842105263157894,4.7368421052631575,1.3,interior,7.491693911757323e-20,1.4526830299806444e-20,5.572585338894246,0.3819953715507389,0.0,0.0,0.0,0.0,0.0,0.0,0.0,0.0,0.0,0
591,592,11,9,1,12,10,2,2.052631578947368,4.7368421052631575,1.3,interior,7.145383848970468e-20,1.3855314942602017e-20,5.5021445238551046,0.40083206340311384,0.0,0.0,0.0,0.0,0.0,8.881784197001252e-16,8.881784197001252e-16,1.925929944387236e-34,0.0,0
592,593,12,9,1,13,10,2,2.421052631578947,4.7368421052631575,1.3,interior,6.814993982120856e-20,1.3214669771425482e-20,5.42273812233306,0.4169518046905799,0.0,0.0,0.0,0.0,0.0,-8.881784197001252e-16,-8.881784197001252e-16,-1.925929944387236e-34,0.0,0
593,594,13,9,1,14,10,2,2.7894736842105257,4.7368421052631575,1.3,interior,6.505234876000284e-20,1.2614028845429915e-20,5.326179885037055,0.43688263375144665,0.0,0.0,0.0,0.0,0.0,5.551115123125783e-16,5.551115123125783e-16,-1.925929944387236e-34,0.0,0
594,595,14,9,1,15,10,2,3.1578947368421053,4.7368421052631575,1.3,interior,-8.727272557039408e-20,-1.6922689168774475e-20,5.21072438686439,0.461096505134019,0.0,0.0,0.0,0.0,0.0,-1.1102230246251565e-16,-1.1102230246251565e-16,2.5509600450022613e-18,-0.0,0
595,596,15,9,1,16,10,2,3.526315789473684,4.7368421052631575,1.3,interior,6.073988130131409e-10,1.1777816318814366e-10,5.073903275987945,0.490201976803471,0.0,0.0,0.0,0.0,0.0,4.440892098500626e-16,4.440892098500626e-16,8.012402285433647e-20,0.0,0
596,597,16,9,1,17,10,2,3.894736842105263,4.7368421052631575,1.3,interior,1.1611995442112116e-08,2.2516334652294963e-09,4.912328981501004,0.5249977885560886,0.0,0.0,0.0,0.0,0.0,-7.771561172376096e-16,-7.771561172376096e-16,6.768322644153894e-20,0.0,0
597,598,17,9,1,18,10,2,4.263157894736842,4.7368421052631575,1.3,interior,7.805793077922639e-08,1.513588685469764e-08,4.721298085872034,0.5665711171298833,0.0,0.0,0.0,0.0,0.0,2.220446049250313e-16,2.220446049250313e-16,0.0,0.0,0
598,599,18,9,1,19,10,2,4.63157894736842,4.7368421052631575,1.3,interior,9.226612049616845e-05,1.7890937492331832e-05,4.494157648194305,0.616422829683051,0.0,0.0,0.0,0.0,0.0,2.220446049250313e-16,2.220446049250313e-16,-8.673617379884035e-19,0.0,0
599,600,19,9,1,20,10,2,5.0,4.7368421052631575,1.3,upper_b,0.0011300590875443122,0.0002191250308257669,-0.40286836160291983,0.6766767198246606,0.0,0.0,0.0,0.0,0.0,-4.440892098500626e-16,-4.440892098500626e-16,4.336808689942018e-19,0.0,0
600,601,0,10,1,1,11,2,-2.0,5.263157894736842,1.3,lower_b,-1.3475485185473098e-25,-2.612974966712235e-26,5.754138459805766,0.36830687999494993,0.0,0.0,0.0,0.0,0.0,-1.6653345369377348e-15,-1.6653345369377348e-15,3.6734198463196485e-40,-0.0,0
601,602,1,10,1,2,11,2,-1.631578947368421,5.263157894736842,1.3,interior,-5.890843671853515e-25,-1.1422688560380779e-25,5.740123779974301,0.36830687999494993,0.0,0.0,0.0,0.0,0.0,1.1102230246251565e-16,1.1102230246251565e-16,0.0,-0.0,0
602,603,2,10,1,3,11,2,-1.263157894736842,5.263157894736842,1.3,interior,-2.0763992397280016e-24,-4.026258913600003e-25,5.726319931552364,0.36830687999494993,0.0,0.0,0.0,0.0,0.0,-1.6653345369377348e-15,-1.6653345369377348e-15,-5.877471754111438e-39,-0.0,0
603,604,3,10,1,4,11,2,-0.8947368421052633,5.263157894736842,1.3,interior,-6.692929981353809e-24,-1.2977980573262233e-24,5.7122450967562095,0.36830687999494993,0.0,0.0,0.0,0.0,0.0,1.1102230246251565e-16,1.1102230246251565e-16,0.0,-0.0,0
604,605,4,10,1,5,11,2,-0.5263157894736843,5.263157894736842,1.3,interior,-2.0488446961691019e-23,-3.972829050743411e-24,5.697711131022709,0.36830687999494993,0.0,0.0,0.0,0.0,0.0,1.1102230246251565e-16,1.1102230246251565e-16,0.0,-0.0,0
605,606,5,10,1,6,11,2,-0.1578947368421053,5.263157894736842,1.3,interior,-5.876160940909366e-23,-1.139421789095999e-23,5.682760115250767,0.36830687999494993,0.0,0.0,0.0,0.0,0.0,1.1102230246251565e-16,1.1102230246251565e-16,0.0,-0.0,0
606,607,6,10,1,7,11,2,0.21052631578947345,5.263157894736842,1.3,interior,-8.926849961075853e-23,-1.730968136496703e-23,5.680494002718348,0.36830687999494993,0.0,0.0,0.0,0.0,0.0,-1.6653345369377348e-15,-1.6653345369377348e-15,1.9603722528647147e-23,-0.0,0
607,608,7,10,1,8,11,2,0.5789473684210527,5.263157894736842,1.3,interior,-1.1052034494448137e-22,-2.1430537800868966e-23,5.6880964539694485,0.36830687999494993,0.0,0.0,0.0,0.0,0.0,-1.6653345369377348e-15,-1.6653345369377348e-15,2.6826079056090588e-24,-0.0,0
608,609,8,10,1,9,11,2,0.9473684210526314,5.263157894736842,1.3,interior,-1.1203625105107312e-22,-2.1724480813227474e-23,5.6938203990835685,0.36830687999494993,0.0,0.0,0.0,0.0,0.0,1.1102230246251565e-16,1.1102230246251565e-16,0.0,-0.0,0
609,610,9,10,1,10,11,2,1.3157894736842102,5.263157894736842,1.3,interior,7.689684630911174e-21,1.4910745821711419e-21,5.6563468472398135,0.36830687999494993,0.0,0.0,0.0,0.0,0.0,1.1102230246251565e-16,1.1102230246251565e-16,-7.05125747586529e-20,0.0,0
610,611,10,10,1,11,11,2,1.6842105263157894,5.263157894736842,1.3,interior,1.3167576976133407e-19,2.5532697737654805e-20,5.616374956262542,0.36830687999494993,0.0,0.0,0.0,0.0,0.0,1.1102230246251565e-16,1.1102230246251565e-16,-1.9647564937049294e-18,0.0,0
611,612,11,10,1,12,11,2,2.052631578947368,5.263157894736842,1.3,interior,1.2822994448694402e-19,2.4864532171983605e-20,5.565141557386223,0.36830687999494993,0.0,0.0,0.0,0.0,0.0,1.887379141862766e-15,1.887379141862766e-15,-3.851859888774472e-34,0.0,0
612,613,12,10,1,13,11,2,2.421052631578947,5.263157894736842,1.3,interior,1.251329583438849e-19,2.4264008543135577e-20,5.502446036001745,0.36830687999494993,0.0,0.0,0.0,0.0,0.0,1.1102230246251565e-16,1.1102230246251565e-16,1.6027895469120698e-21,0.0,0
613,614,13,10,1,14,11,2,2.7894736842105257,5.263157894736842,1.3,interior,4.10294774519502e-19,7.955854353563752e-20,5.42771849051643,0.36830687999494993,0.0,0.0,0.0,0.0,0.0,1.1102230246251565e-16,1.1102230246251565e-16,-6.7094992055030515e-18,0.0,0
614,615,14,10,1,15,11,2,3.1578947368421053,5.263157894736842,1.3,interior,2.726722512587554e-19,5.2872735701143705e-20,5.314281025900074,0.391472953543787,0.0,0.0,0.0,0.0,0.0,-3.3306690738754696e-16,-3.3306690738754696e-16,0.0,0.0,0
615,616,15,10,1,16,11,2,3.526315789473684,5.263157894736842,1.3,interior,7.329426677761326e-08,1.4212184693720023e-08,5.176761615174485,0.42269551111386044,0.0,0.0,0.0,0.0,0.0,5.551115123125783e-16,5.551115123125783e-16,0.0,0.0,0
616,617,16,10,1,17,11,2,3.894736842105263,5.263157894736842,1.3,interior,5.704972152961531e-07,1.1062272872778593e-07,5.015599621753601,0.45942396941755886,0.0,0.0,0.0,0.0,0.0,3.3306690738754696e-16,3.3306690738754696e-16,4.743384504624082e-20,0.0,0
617,618,17,10,1,18,11,2,4.263157894736842,5.263157894736842,1.3,interior,2.3712156286258326e-06,4.597925041656739e-07,4.826203602864865,0.5028432445587033,0.0,0.0,0.0,0.0,0.0,-7.771561172376096e-16,-7.771561172376096e-16,-1.1587410718438829e-18,0.0,0
618,619,18,10,1,19,11,2,4.63157894736842,5.263157894736842,1.3,interior,0.0003326691822101843,6.450648962524349e-05,4.602000106445342,0.5546548340964662,0.0,0.0,0.0,0.0,0.0,4.440892098500626e-16,4.440892098500626e-16,8.673617379884035e-19,0.0,0
619,620,19,10,1,20,11,2,5.0,5.263157894736842,1.3,upper_b,0.005720878230770427,0.0011093115682934346,-0.28371862768747214,0.6172802843766441,0.0,0.0,0.0,0.0,0.0,0.0,0.0,1.734723475976807e-18,0.0,0
620,621,0,11,1,1,12,2,-2.0,5.789473684210526,1.3,lower_b,-1.578641479092924e-25,-3.0610776602909885e-26,5.77526956763918,0.40496702347933067,0.0,0.0,0.0,0.0,0.0,-8.881784197001252e-16,-8.881784197001252e-16,3.6734198463196485e-40,-0.0,0
621,622,1,11,1,2,12,2,-1.631578947368421,5.789473684210526,1.3,interior,-7.897976880878431e-25,-1.5314636611121612e-25,5.761797000651949,0.40496702347933067,0.0,0.0,0.0,0.0,0.0,-8.881784197001252e-16,-8.881784197001252e-16,-1.4693679385278594e-39,-0.0,0
622,623,2,11,1,3,12,2,-1.263157894736842,5.789473684210526,1.3,interior,-2.569554900482628e-24,-4.9825164275286415e-25,5.748286701327219,0.40496702347933067,0.0,0.0,0.0,0.0,0.0,-8.881784197001252e-16,-8.881784197001252e-16,5.877471754111438e-39,-0.0,0
623,624,3,11,1,4,12,2,-0.8947368421052633,5.789473684210526,1.3,interior,-7.681762993039882e-24,-1.4895385305063483e-24,5.734246172367024,0.40496702347933067,0.0,0.0,0.0,0.0,0.0,8.881784197001252e-16,8.881784197001252e-16,0.0,-0.0,0
624,625,4,11,1,5,12,2,-0.5263157894736843,5.789473684210526,1.3,interior,-2.1333864818057916e-23,-4.136760491036161e-24,5.719512351571778,0.40496702347933067,0.0,0.0,0.0,0.0,0.0,-8.881784197001252e-16,-8.881784197001252e-16,4.70197740328915e-38,-0.0,0
625,626,5,11,1,6,12,2,-0.1578947368421053,5.789473684210526,1.3,interior,-5.23419053363801e-23,-1.0149399926721903e-23,5.704260005652257,0.40496702347933067,0.0,0.0,0.0,0.0,0.0,-8.881784197001252e-16,-8.881784197001252e-16,1.7480120580295614e-23,-0.0,0
626,627,6,11,1,7,12,2,0.21052631578947345,5.789473684210526,1.3,interior,-6.713467560403802e-23,-1.3017804133746983e-23,5.700910358712109,0.40496702347933067,0.0,0.0,0.0,0.0,0.0,-8.881784197001252e-16,-8.881784197001252e-16,1.88079096131566e-37,-0.0,0
627,628,7,11,1,8,12,2,0.5789473684210527,5.789473684210526,1.3,interior,-7.400925959475518e-23,-1.4350825960201835e-23,5.704794710361165,0.40496702347933067,0.0,0.0,0.0,0.0,0.0,-8.881784197001252e-16,-8.881784197001252e-16,0.0,-0.0,0
628,629,8,11,1,9,12,2,0.9473684210526314,5.789473684210526,1.3,interior,-8.200671715946072e-23,-1.5901579504604572e-23,5.696405396509057,0.40496702347933067,0.0,0.0,0.0,0.0,0.0,8.881784197001252e-16,8.881784197001252e-16,1.88079096131566e-37,-0.0,0
629,630,9,11,1,10,12,2,1.3157894736842102,5.789473684210526,1.3,interior,-5.173789712956891e-19,-1.0032279221800067e-19,5.652176216088931,0.40496702347933067,0.0,0.0,0.0,0.0,0.0,-8.881784197001252e-16,-8.881784197001252e-16,8.536778774697323e-18,-0.0,0
630,631,10,11,1,11,12,2,1.6842105263157894,5.789473684210526,1.3,interior,-4.869566104775172e-19,-9.442371948317509e-20,5.609259664933894,0.40496702347933067,0.0,0.0,0.0,0.0,0.0,8.881784197001252e-16,8.881784197001252e-16,1.1013018484477324e-19,-0.0,0
631,632,11,11,1,12,12,2,2.052631578947368,5.789473684210526,1.3,interior,1.2777150375574596e-18,2.4775637847374563e-19,5.555504506212028,0.40496702347933067,0.0,0.0,0.0,0.0,0.0,2.6645352591003757e-15,2.6645352591003757e-15,-6.9373214380032785e-18,0.0,0
632,633,12,11,1,13,12,2,2.421052631578947,5.789473684210526,1.3,interior,2.261969327304252e-18,4.386090108346195e-19,5.490568708180236,0.40496702347933067,0.0,0.0,0.0,0.0,0.0,8.881784197001252e-16,8.881784197001252e-16,0.0,0.0,0
633,634,13,11,1,14,12,2,2.7894736842105257,5.789473684210526,1.3,interior,8.744270020443809e-19,1.6955648239087718e-19,5.413758712292099,0.40496702347933067,0.0,0.0,0.0,0.0,0.0,8.881784197001252e-16,8.881784197001252e-16,3.048471129327418e-17,0.0,0
634,635,14,11,1,15,12,2,3.1578947368421053,5.789473684210526,1.3,interior,1.2432138081215866e-18,2.4106638938645725e-19,5.3240522868796525,0.40496702347933067,0.0,0.0,0.0,0.0,0.0,-8.881784197001252e-16,-8.881784197001252e-16,0.0,0.0,0
635,636,15,11,1,16,12,2,3.526315789473684,5.789473684210526,1.3,interior,2.7748240584849784e-06,5.380545265760346e-07,5.220067261034368,0.40496702347933067,0.0,0.0,0.0,0.0,0.0,8.881784197001252e-16,8.881784197001252e-16,1.3552527156068805e-20,0.0,0
636,637,16,11,1,17,12,2,3.894736842105263,5.789473684210526,1.3,interior,1.4274350364470185e-05,2.7678795720579305e-06,5.099982711658834,0.40496702347933067,0.0,0.0,0.0,0.0,0.0,-8.881784197001252e-16,-8.881784197001252e-16,-1.9569849213363355e-17,0.0,0
637,638,17,11,1,18,12,2,4.263157894736842,5.789473684210526,1.3,interior,4.317702736698692e-05,8.372276774762008e-06,4.961403854398879,0.40496702347933067,0.0,0.0,0.0,0.0,0.0,-8.881784197001252e-16,-8.881784197001252e-16,5.421010862427522e-19,0.0,0
638,639,18,11,1,19,12,2,4.63157894736842,5.789473684210526,1.3,interior,0.0007100194192315248,0.00013767689569586355,4.757154629701535,0.4442923493643983,0.0,0.0,0.0,0.0,0.0,5.551115123125783e-16,5.551115123125783e-16,6.938893903907228e-18,0.0,0
639,640,19,11,1,20,12,2,5.0,5.789473684210526,1.3,upper_b,0.026608466009093477,0.005159536345253583,-0.11403418737452498,0.508697748554354,0.0,0.0,0.0,0.0,0.0,1.1102230246251565e-16,1.1102230246251565e-16,0.0,0.0,0
640,641,0,12,1,1,13,2,-2.0,6.315789473684211,1.3,lower_b,-8.012728640404722e-26,-1.55371469481532e-26,5.797706656922831,0.4413983362852378,0.0,0.0,0.0,0.0,0.0,9.992007221626409e-16,9.992007221626409e-16,1.8367099231598242e-40,-0.0,0
641,642,1,12,1,2,13,2,-1.631578947368421,6.315789473684211,1.3,interior,-5.503996927890887e-25,-1.067257022028704e-25,5.785092261520569,0.4413983362852378,0.0,0.0,0.0,0.0,0.0,9.992007221626409e-16,9.992007221626409e-16,0.0,-0.0,0
642,643,2,12,1,3,13,2,-1.263157894736842,6.315789473684211,1.3,interior,-1.8922809371950494e-24,-3.6692428145056364e-25,5.772141088254116,0.4413983362852378,0.0,0.0,0.0,0.0,0.0,-7.771561172376096e-16,-7.771561172376096e-16,0.0,-0.0,0
643,644,3,12,1,4,13,2,-0.8947368421052633,6.315789473684211,1.3,interior,-5.691646139258635e-24,-1.1036432957011204e-24,5.758363871474369,0.4413983362852378,0.0,0.0,0.0,0.0,0.0,9.992007221626409e-16,9.992007221626409e-16,0.0,-0.0,0
644,645,4,12,1,5,13,2,-0.5263157894736843,6.315789473684211,1.3,interior,-1.7183443967506014e-23,-3.331969744391748e-24,5.743650318319439,0.4413983362852378,0.0,0.0,0.0,0.0,0.0,-7.771561172376096e-16,-7.771561172376096e-16,4.70197740328915e-38,-0.0,0
645,646,5,12,1,6,13,2,-0.1578947368421053,6.315789473684211,1.3,interior,-4.2493976501218875e-23,-8.239829238463494e-24,5.728462325313977,0.4413983362852378,0.0,0.0,0.0,0.0,0.0,-7.771561172376096e-16,-7.771561172376096e-16,8.143292836784144e-24,-0.0,0
646,647,6,12,1,7,13,2,0.21052631578947345,6.315789473684211,1.3,interior,-5.0444586292669936e-23,-9.781498727110514e-24,5.722883566864439,0.4413983362852378,0.0,0.0,0.0,0.0,0.0,-7.771561172376096e-16,-7.771561172376096e-16,-1.88079096131566e-37,-0.0,0
647,648,7,12,1,8,13,2,0.5789473684210527,6.315789473684211,1.3,interior,-5.544866778423377e-23,-1.0751819237940067e-23,5.717201045379008,0.4413983362852378,0.0,0.0,0.0,0.0,0.0,9.992007221626409e-16,9.992007221626409e-16,1.88079096131566e-37,-0.0,0
648,649,8,12,1,9,13,2,0.9473684210526314,6.315789473684211,1.3,interior,4.457045166161595e-18,8.642469851282871e-19,5.68852194824121,0.4413983362852378,0.0,0.0,0.0,0.0,0.0,-7.771561172376096e-16,-7.771561172376096e-16,-7.394380228835678e-17,0.0,0
649,650,9,12,1,10,13,2,1.3157894736842102,6.315789473684211,1.3,interior,4.1538856549859675e-18,8.054625923795505e-19,5.652520537473446,0.4413983362852378,0.0,0.0,0.0,0.0,0.0,9.992007221626409e-16,9.992007221626409e-16,-2.465190328815662e-32,0.0,0
650,651,10,12,1,11,13,2,1.6842105263157894,6.315789473684211,1.3,interior,3.8790846590640836e-18,7.521770807049469e-19,5.6072401058373895,0.4413983362852378,0.0,0.0,0.0,0.0,0.0,-7.771561172376096e-16,-7.771561172376096e-16,0.0,0.0,0
651,652,11,12,1,12,13,2,2.052631578947368,6.315789473684211,1.3,interior,3.774217728430078e-18,7.318427728257769e-19,5.551570585171515,0.4413983362852378,0.0,0.0,0.0,0.0,0.0,-7.771561172376096e-16,-7.771561172376096e-16,1.232595164407831e-32,0.0,0
652,653,12,12,1,13,13,2,2.421052631578947,6.315789473684211,1.3,interior,3.745772288899403e-18,7.263270366286931e-19,5.485030615130986,0.4413983362852378,0.0,0.0,0.0,0.0,0.0,9.992007221626409e-16,9.992007221626409e-16,0.0,0.0,0
653,654,13,12,1,14,13,2,2.7894736842105257,6.315789473684211,1.3,interior,1.4217461491952848e-17,2.7568484887443196e-18,5.406844850256967,0.4413983362852378,0.0,0.0,0.0,0.0,0.0,-7.771561172376096e-16,-7.771561172376096e-16,-1.999423692361784e-16,0.0,0
654,655,14,12,1,15,13,2,3.1578947368421053,6.315789473684211,1.3,interior,7.898589717732477e-18,1.5315824937431396e-18,5.315939824152048,0.4413983362852378,0.0,0.0,0.0,0.0,0.0,-7.771561172376096e-16,-7.771561172376096e-16,5.786944235783626e-17,0.0,0
655,656,15,12,1,16,13,2,3.526315789473684,6.315789473684211,1.3,interior,5.904831657679019e-05,1.1449812078601975e-05,5.2108991025638876,0.4413983362852378,0.0,0.0,0.0,0.0,0.0,-7.771561172376096e-16,-7.771561172376096e-16,-5.9631119486702744e-18,0.0,0
656,657,16,12,1,17,13,2,3.894736842105263,6.315789473684211,1.3,interior,0.00022012534330321574,4.2683584574030754e-05,5.089877527011026,0.4413983362852378,0.0,0.0,0.0,0.0,0.0,-7.771561172376096e-16,-7.771561172376096e-16,0.0,0.0,0
657,658,17,12,1,18,13,2,4.263157894736842,6.315789473684211,1.3,interior,0.0005118802550818281,9.925655915714119e-05,4.950461939343571,0.4413983362852378,0.0,0.0,0.0,0.0,0.0,-7.771561172376096e-16,-7.771561172376096e-16,8.673617379884035e-19,0.0,0
658,659,18,12,1,19,13,2,4.63157894736842,6.315789473684211,1.3,interior,0.0009890614222723985,0.00019178476332151772,4.789449626489418,0.4413983362852378,0.0,0.0,0.0,0.0,0.0,-7.771561172376096e-16,-7.771561172376096e-16,3.469446951953614e-18,0.0,0
659,660,19,12,1,20,13,2,5.0,6.315789473684211,1.3,upper_b,0.09982220642239856,0.019356106508498335,0.0019248175964410308,0.4413983362852378,0.0,0.005224504904625654,0.0,0.0,0.005224504904625654,-0.005224504904625671,-1.6479873021779667e-17,0.0,0.0001011260733881061,0
660,661,0,13,1,1,14,2,-2.0,6.842105263157895,1.3,lower_b,-2.857425793942105e-26,-5.540714835898819e-27,5.819397406823626,0.47072559967430927,0.0,0.0,0.0,0.0,0.0,0.0,0.0,1.8367099231598242e-40,-0.0,0
661,662,1,13,1,2,14,2,-1.631578947368421,6.842105263157895,1.3,interior,-2.6336148102978933e-25,-5.106732319137189e-26,5.801826406389168,0.47737340167144343,0.0,0.0,0.0,0.0,0.0,-8.881784197001252e-16,-8.881784197001252e-16,1.4693679385278594e-39,-0.0,0
662,663,2,13,1,3,14,2,-1.263157894736842,6.842105263157895,1.3,interior,-9.868817455648363e-25,-1.9136211132836162e-25,5.789469697902604,0.47737340167144343,0.0,0.0,0.0,0.0,0.0,8.881784197001252e-16,8.881784197001252e-16,0.0,-0.0,0
663,664,3,13,1,4,14,2,-0.8947368421052633,6.842105263157895,1.3,interior,-3.0275134676216737e-24,-5.870524729460309e-25,5.775834371214335,0.47737340167144343,0.0,0.0,0.0,0.0,0.0,-8.881784197001252e-16,-8.881784197001252e-16,-1.7632415262334313e-38,-0.0,0
664,665,4,13,1,5,14,2,-0.5263157894736843,6.842105263157895,1.3,interior,-9.247875438976202e-24,-1.7932168441228093e-24,5.760727607741565,0.47737340167144343,0.0,0.0,0.0,0.0,0.0,8.881784197001252e-16,8.881784197001252e-16,2.350988701644575e-38,-0.0,0
665,666,5,13,1,6,14,2,-0.1578947368421053,6.842105263157895,1.3,interior,-2.701429887650173e-23,-5.238229699044658e-24,5.744331688197436,0.47737340167144343,0.0,0.0,0.0,0.0,0.0,-8.881784197001252e-16,-8.881784197001252e-16,6.926215274547203e-24,-0.0,0
666,667,6,13,1,7,14,2,0.21052631578947345,6.842105263157895,1.3,interior,-3.755246705455128e-23,-7.281641811131828e-24,5.7335964762606935,0.47737340167144343,0.0,0.0,0.0,0.0,0.0,-8.881784197001252e-16,-8.881784197001252e-16,0.0,-0.0,0
667,668,7,13,1,8,14,2,0.5789473684210527,6.842105263157895,1.3,interior,1.3822532006065268e-18,2.680269364056977e-19,5.715750790921678,0.47737340167144343,0.0,0.0,0.0,0.0,0.0,-8.881784197001252e-16,-8.881784197001252e-16,-2.2764695184120438e-17,0.0,0
668,669,8,13,1,9,14,2,0.9473684210526314,6.842105263157895,1.3,interior,9.856202449312695e-19,1.9111749901714368e-19,5.687490226370818,0.47737340167144343,0.0,0.0,0.0,0.0,0.0,-8.881784197001252e-16,-8.881784197001252e-16,9.293662823858484e-18,0.0,0
669,670,9,13,1,10,14,2,1.3157894736842102,6.842105263157895,1.3,interior,1.1576257857333757e-18,2.244703739649205e-19,5.649935296168268,0.47737340167144343,0.0,0.0,0.0,0.0,0.0,8.881784197001252e-16,8.881784197001252e-16,-3.0814879110195774e-33,0.0,0
670,671,10,13,1,11,14,2,1.6842105263157894,6.842105263157895,1.3,interior,1.3079878358622861e-18,2.536264501672023e-19,5.602775703593345,0.47737340167144343,0.0,0.0,0.0,0.0,0.0,-8.881784197001252e-16,-8.881784197001252e-16,-6.162975822039155e-33,0.0,0
671,672,11,13,1,12,14,2,2.052631578947368,6.842105263157895,1.3,interior,1.449390834750109e-18,2.8104531421747265e-19,5.545571767895879,0.47737340167144343,0.0,0.0,0.0,0.0,0.0,8.881784197001252e-16,8.881784197001252e-16,0.0,0.0,0
672,673,12,13,1,13,14,2,2.421052631578947,6.842105263157895,1.3,interior,1.5872184077881359e-18,3.0777088239659147e-19,5.477748624721393,0.47737340167144343,0.0,0.0,0.0,0.0,0.0,2.6645352591003757e-15,2.6645352591003757e-15,6.162975822039155e-33,0.0,0
673,674,13,13,1,14,14,2,2.7894736842105257,6.842105263157895,1.3,interior,1.2637743548402531e-17,2.4505319899949507e-18,5.398482103340246,0.47737340167144343,0.0,0.0,0.0,0.0,0.0,-8.881784197001252e-16,-8.881784197001252e-16,-2.156090134025861e-16,0.0,0
674,675,14,13,1,15,14,2,3.1578947368421053,6.842105263157895,1.3,interior,9.622973165399666e-18,1.865950475285254e-18,5.306665944481177,0.47737340167144343,0.0,0.0,0.0,0.0,0.0,8.881784197001252e-16,8.881784197001252e-16,-2.465190328815662e-32,0.0,0
675,676,15,13,1,16,14,2,3.526315789473684,6.842105263157895,1.3,interior,0.0008413023799769572,0.0001631334254802964,5.200863825211156,0.47737340167144343,0.0,0.0,0.0,0.0,0.0,8.881784197001252e-16,8.881784197001252e-16,0.0,0.0,0
676,677,16,13,1,17,14,2,3.894736842105263,6.842105263157895,1.3,interior,0.0022581178766205596,0.0004378621921424908,5.079222177744491,0.47737340167144343,0.0,0.0,0.0,0.0,0.0,-8.881784197001252e-16,-8.881784197001252e-16,0.0,0.0,0
677,678,17,13,1,18,14,2,4.263157894736842,6.842105263157895,1.3,interior,0.00405656512291699,0.0007865915750808567,4.939329593857002,0.47737340167144343,0.0,0.0,0.0,0.0,0.0,8.881784197001252e-16,8.881784197001252e-16,-6.938893903907228e-18,0.0,0
678,679,18,13,1,19,14,2,4.63157894736842,6.842105263157895,1.3,interior,0.006103777977218523,0.0011835580565243674,4.777995087076695,0.47737340167144343,0.0,0.0,0.0,0.0,0.0,-8.881784197001252e-16,-8.881784197001252e-16,-2.7755575615628914e-17,0.0,0
679,680,19,13,1,20,14,2,5.0,6.842105263157895,1.3,upper_b,0.2666205148462254,0.05169926880674731,0.001918317897425581,0.47737340167144343,0.0,0.005206862864440862,0.0,0.0,0.005206862864440862,-0.005206862864440831,3.122502256758253e-17,1.1102230246251565e-16,0.00026919100286859843,0
680,681,0,14,1,1,15,2,-2.0,7.368421052631579,1.3,lower_b,-6.480711707341674e-27,-1.2566476994845351e-27,5.989064709905254,0.3103709504710227,0.0,0.0,0.0,0.0,0.0,1.1102230246251565e-16,1.1102230246251565e-16,-2.2958874039497803e-41,-0.0,0
681,682,1,14,1,2,15,2,-1.631578947368421,7.368421052631579,1.3,interior,-7.68369014384575e-26,-1.4899122162581788e-26,5.964346962505035,0.3273738222981626,0.0,0.0,0.0,0.0,0.0,4.440892098500626e-16,4.440892098500626e-16,0.0,-0.0,0
682,683,2,14,1,3,15,2,-1.263157894736842,7.368421052631579,1.3,interior,-3.22257947120466e-25,-6.248769057737568e-26,5.937477125064163,0.3453637876816318,0.0,0.0,0.0,0.0,0.0,1.3322676295501878e-15,1.3322676295501878e-15,7.346839692639297e-40,-0.0,0
683,684,3,14,1,4,15,2,-0.8947368421052633,7.368421052631579,1.3,interior,-1.0050670002192518e-24,-1.948883379926527e-25,5.907729788141296,0.36444442069574035,0.0,0.0,0.0,0.0,0.0,-4.440892098500626e-16,-4.440892098500626e-16,2.938735877055719e-39,-0.0,0
684,685,4,14,1,5,15,2,-0.5263157894736843,7.368421052631579,1.3,interior,-3.3987654618044435e-24,-6.590403942557093e-25,5.8746500432429265,0.3846154454222982,0.0,0.0,0.0,0.0,0.0,1.5543122344752192e-15,1.5543122344752192e-15,3.721768103190597e-24,-0.0,0
685,686,5,14,1,6,15,2,-0.1578947368421053,7.368421052631579,1.3,interior,-9.794279901253079e-24,-1.8991678478884086e-24,5.837866618871512,0.40579444088252437,0.0,0.0,0.0,0.0,0.0,-9.992007221626409e-16,-9.992007221626409e-16,-4.70197740328915e-38,-0.0,0
686,687,6,14,1,7,15,2,0.21052631578947345,7.368421052631579,1.3,interior,7.28151239605224e-19,1.411927611422872e-19,5.809494475759003,0.41958901359596545,0.0,0.0,0.0,0.0,0.0,1.3322676295501878e-15,1.3322676295501878e-15,-9.672485117538797e-18,0.0,0
687,688,7,14,1,8,15,2,0.5789473684210527,7.368421052631579,1.3,interior,8.556458876695432e-19,1.6591471506057625e-19,5.780922469792003,0.4287984285539109,0.0,0.0,0.0,0.0,0.0,5.551115123125783e-16,5.551115123125783e-16,-3.0814879110195774e-33,0.0,0
688,689,8,14,1,9,15,2,0.9473684210526314,7.368421052631579,1.3,interior,1.4971838517730293e-18,2.9031265823853754e-19,5.740421280889368,0.44096311736307736,0.0,0.0,0.0,0.0,0.0,-3.3306690738754696e-16,-3.3306690738754696e-16,-9.494335148666344e-18,0.0,0
689,690,9,14,1,10,15,2,1.3157894736842102,7.368421052631579,1.3,interior,2.216265699138279e-17,4.2974681146725635e-18,5.688008431810173,0.45635831899346985,0.0,0.0,0.0,0.0,0.0,0.0,0.0,-3.429120447901068e-16,0.0,0
690,691,10,14,1,11,15,2,1.6842105263157894,7.368421052631579,1.3,interior,2.0906495245589705e-17,4.053891044851189e-18,5.623151119639422,0.47522871318577065,0.0,0.0,0.0,0.0,0.0,-1.2212453270876722e-15,-1.2212453270876722e-15,4.930380657631324e-32,0.0,0
691,692,11,14,1,12,15,2,2.052631578947368,7.368421052631579,1.3,interior,1.8763268509884005e-17,3.638306913273907e-18,5.544942480653457,0.49794451650967,0.0,0.0,0.0,0.0,0.0,4.440892098500626e-16,4.440892098500626e-16,1.55722569090684e-17,0.0,0
692,693,12,14,1,13,15,2,2.421052631578947,7.368421052631579,1.3,interior,2.6922325427523502e-17,5.220395512262175e-18,5.46340536507115,0.5124869770226296,0.0,0.0,0.0,0.0,0.0,1.4432899320127035e-15,1.4432899320127035e-15,-1.488812093417889e-16,0.0,0
693,694,13,14,1,14,15,2,2.7894736842105257,7.368421052631579,1.3,interior,1.2637743548402531e-17,2.4505319899949507e-18,5.383611481824499,0.5124869770226296,0.0,0.0,0.0,0.0,0.0,-3.3306690738754696e-16,-3.3306690738754696e-16,2.1136079319109237e-16,0.0,0
694,695,14,14,1,15,15,2,3.1578947368421053,7.368421052631579,1.3,interior,1.3230137777233899e-17,2.565400677025964e-18,5.291382522237647,0.5124869770226296,0.0,0.0,0.0,0.0,0.0,-3.3306690738754696e-16,-3.3306690738754696e-16,-1.1717859561927728e-17,0.0,0
695,696,15,14,1,16,15,2,3.526315789473684,7.368421052631579,1.3,interior,0.008890855279732872,0.001723988558396956,5.185241411178476,0.5124869770226296,0.0,0.0,0.0,0.0,0.0,-3.3306690738754696e-16,-3.3306690738754696e-16,2.7755575615628914e-17,0.0,0
696,697,16,14,1,17,15,2,3.894736842105263,7.368421052631579,1.3,interior,0.01585193839832112,0.003073783068926533,5.063302942012433,0.5124869770226296,0.0,0.0,0.0,0.0,0.0,-3.3306690738754696e-16,-3.3306690738754696e-16,-2.7755575615628914e-17,0.0,0
697,698,17,14,1,18,15,2,4.263157894736842,7.368421052631579,1.3,interior,0.02133769262318437,0.004137502724717191,4.9231406895923495,0.5124869770226296,0.0,0.0,0.0,0.0,0.0,-3.3306690738754696e-16,-3.3306690738754696e-16,0.0,0.0,0
698,699,18,14,1,19,15,2,4.63157894736842,7.368421052631579,1.3,interior,0.02571512005674183,0.004986311368343292,4.761583904362913,0.5124869770226296,0.0,0.0,0.0,0.0,0.0,-3.3306690738754696e-16,-3.3306690738754696e-16,5.551115123125783e-17,0.0,0
699,700,19,14,1,20,15,2,5.0,7.368421052631579,1.3,upper_b,0.5958547801781303,0.11553970806778151,0.0019063416657871812,0.5124869770226296,0.0,0.0051743559499937775,0.0,0.0,0.0051743559499937775,-0.005174355949993825,-4.7704895589362195e-17,0.0,0.0005978435759010693,0
700,701,0,15,1,1,16,2,-2.0,7.894736842105263,1.3,lower_b,-6.317458878207419e-28,-1.224992026245206e-28,6.121692941277178,0.16825779816003,0.0,0.0,0.0,0.0,0.0,1.2212453270876722e-15,1.2212453270876722e-15,0.0,-0.0,0
701,702,1,15,1,2,16,2,-1.631578947368421,7.894736842105263,1.3,interior,-8.431987933239871e-27,-1.635011510600529e-27,6.100525710293507,0.18137191753330062,0.0,0.0,0.0,0.0,0.0,1.2212453270876722e-15,1.2212453270876722e-15,4.591774807899561e-41,-0.0,0
702,703,2,15,1,3,16,2,-1.263157894736842,7.894736842105263,1.3,interior,-4.0335292068378327e-26,-7.821247769491642e-27,6.077010012212213,0.19515530910997342,0.0,0.0,0.0,0.0,0.0,7.771561172376096e-16,7.771561172376096e-16,9.183549615799121e-41,-0.0,0
703,704,3,15,1,4,16,2,-0.8947368421052633,7.894736842105263,1.3,interior,-1.5902711041878156e-25,-3.0836281798655706e-26,6.050453823974161,0.20968195998501438,0.0,0.0,0.0,0.0,0.0,-1.4432899320127035e-15,-1.4432899320127035e-15,3.8634044610799263e-25,-0.0,0
704,705,4,15,1,5,16,2,-0.5263157894736843,7.894736842105263,1.3,interior,1.4581547785813044e-25,2.827446939077322e-26,6.020331911469567,0.22497626492219785,0.0,0.0,0.0,0.0,0.0,1.5543122344752192e-15,1.5543122344752192e-15,-1.0602125674156667e-23,0.0,0
705,706,5,15,1,6,16,2,-0.1578947368421053,7.894736842105263,1.3,interior,5.5981753306377905e-21,1.0855187621735328e-21,5.98606633117763,0.24106523656072165,0.0,0.0,0.0,0.0,0.0,1.1102230246251565e-16,1.1102230246251565e-16,0.0,0.0,0
706,707,6,15,1,7,16,2,0.21052631578947345,7.894736842105263,1.3,interior,1.0860560861908424e-18,2.1059259289019105e-19,5.958596707221158,0.24989310296978207,0.0,0.0,0.0,0.0,0.0,-1.27675647831893e-15,-1.27675647831893e-15,-2.0009301588444997e-17,0.0,0
707,708,7,15,1,8,16,2,0.5789473684210527,7.894736842105263,1.3,interior,1.0122464044119183e-18,1.9628046622945784e-19,5.931362873546657,0.2542648016776281,0.0,0.0,0.0,0.0,0.0,-3.885780586188048e-16,-3.885780586188048e-16,0.0,0.0,0
708,709,8,15,1,9,16,2,0.9473684210526314,7.894736842105263,1.3,interior,1.0175511501854574e-18,1.97309087293579e-19,5.893652669338593,0.2610401466033279,0.0,0.0,0.0,0.0,0.0,-1.3322676295501878e-15,-1.3322676295501878e-15,-3.0814879110195774e-33,0.0,0
709,710,9,15,1,10,16,2,1.3157894736842102,7.894736842105263,1.3,interior,-5.0497427171033763e-17,-9.791744880809872e-18,5.845276556606301,0.2705017021199167,0.0,0.0,0.0,0.0,0.0,-1.4432899320127035e-15,-1.4432899320127035e-15,8.791458231603216e-16,-0.0,0
710,711,10,15,1,11,16,2,1.6842105263157894,7.894736842105263,1.3,interior,-3.1594358871006328e-18,-6.126329974987377e-19,5.785671504002481,0.2829891671923041,0.0,0.0,0.0,0.0,0.0,-6.661338147750939e-16,-6.661338147750939e-16,-7.3001985026951e-16,-0.0,0
711,712,11,15,1,12,16,2,2.052631578947368,7.894736842105263,1.3,interior,-1.9651703321215523e-18,-3.8105795913714313e-19,5.713969834361228,0.2989434381208089,0.0,0.0,0.0,0.0,0.0,1.5543122344752192e-15,1.5543122344752192e-15,-6.162975822039155e-33,-0.0,0
712,713,12,15,1,13,16,2,2.421052631578947,7.894736842105263,1.3,interior,-2.6063391359514234e-19,-5.0538431999058075e-20,5.628980839137093,0.318923116148461,0.0,0.0,0.0,0.0,0.0,1.1102230246251565e-16,1.1102230246251565e-16,-1.5407439555097887e-33,-0.0,0
713,714,13,15,1,14,16,2,2.7894736842105257,7.894736842105263,1.3,interior,5.452856939576202e-19,1.0573406808042499e-19,5.529135890884353,0.3436259248686153,0.0,0.0,0.0,0.0,0.0,5.551115123125783e-16,5.551115123125783e-16,4.622231866529366e-33,0.0,0
714,715,14,15,1,15,16,2,3.1578947368421053,7.894736842105263,1.3,interior,7.898589717751582e-19,1.5315824937468442e-19,5.412454268904652,0.37384517536172857,0.0,0.0,0.0,0.0,0.0,-1.1102230246251565e-16,-1.1102230246251565e-16,9.331186424240193e-18,0.0,0
715,716,15,15,1,16,16,2,3.526315789473684,7.894736842105263,1.3,interior,0.0005613349735390042,0.00010884611675271551,5.276383684596961,0.41053742980352825,0.0,0.0,0.0,0.0,0.0,-6.661338147750939e-16,-6.661338147750939e-16,1.214306433183765e-17,0.0,0
716,717,16,15,1,17,16,2,3.894736842105263,7.894736842105263,1.3,interior,0.0015574073654018514,0.00030199034786185485,5.117577985382219,0.4548894559949334,0.0,0.0,0.0,0.0,0.0,1.1102230246251565e-16,1.1102230246251565e-16,-1.0408340855860843e-17,0.0,0
717,718,17,15,1,18,16,2,4.263157894736842,7.894736842105263,1.3,interior,0.002891514354797196,0.0005606814538387915,4.93156209870512,0.508399874200801,0.0,0.0,0.0,0.0,0.0,-8.881784197001252e-16,-8.881784197001252e-16,-6.938893903907228e-18,0.0,0
718,719,18,15,1,19,16,2,4.63157894736842,7.894736842105263,1.3,interior,0.004486629088973474,0.0008699834798563524,4.736699653295707,0.5460478093962908,0.0,0.0,0.0,0.0,0.0,-6.661338147750939e-16,-6.661338147750939e-16,2.636779683484747e-16,0.0,0
719,720,19,15,1,20,16,2,5.0,7.894736842105263,1.3,upper_b,0.475346564357023,0.09217246400274684,0.00188525665848438,0.5460478093962908,0.0,0.005117125215886174,0.0,0.0,0.005117125215886174,-0.0051171252158861424,3.122502256758253e-17,0.0,0.0004716580397588165,0
720,721,0,16,1,1,17,2,-2.0,8.421052631578947,1.3,lower_b,-1.2582912403325784e-29,-2.4398999120022298e-30,6.241176703607593,0.021800693915627778,0.0,0.0,0.0,0.0,0.0,6.800116025829084e-16,6.800116025829084e-16,1.5279539016997662e-29,-0.0,0
721,722,1,16,1,2,17,2,-1.631578947368421,8.421052631578947,1.3,interior,-2.166050058195354e-28,-4.2000970657527646e-29,6.221532022725992,0.03212260114609722,0.0,0.0,0.0,0.0,0.0,1.6792123247455493e-15,1.6792123247455493e-15,6.13506539567623e-28,-0.0,0
722,723,2,16,1,3,17,2,-1.263157894736842,8.421052631578947,1.3,interior,-1.0610724976392439e-27,-2.057481297361415e-28,6.199148474014704,0.043011197339767215,0.0,0.0,0.0,0.0,0.0,-9.71445146547012e-17,-9.71445146547012e-17,-3.7413193792491117e-28,-0.0,0
723,724,3,16,1,4,17,2,-0.8947368421052633,8.421052631578947,1.3,interior,-4.736799275880886e-27,-9.184929343813352e-28,6.173459335816409,0.054501288103627976,0.0,0.0,0.0,0.0,0.0,-2.3592239273284576e-16,-2.3592239273284576e-16,-1.7188326963408206e-41,-0.0,0
724,725,4,16,1,5,17,2,-0.5263157894736843,8.421052631578947,1.3,interior,4.3591307116641246e-27,8.452608028157582e-28,6.143935063549316,0.06664306667628839,0.0,0.0,0.0,0.0,0.0,1.582067810090848e-15,1.582067810090848e-15,-9.174581018015707e-26,0.0,0
725,726,5,16,1,6,17,2,-0.1578947368421053,8.421052631578947,1.3,interior,6.160899979846233e-17,1.1946343451225384e-17,6.110024873344583,0.07949818005845394,0.0,0.0,0.0,0.0,0.0,1.5543122344752192e-15,1.5543122344752192e-15,-1.0505692384336545e-15,0.0,0
726,727,6,16,1,7,17,2,0.21052631578947345,8.421052631578947,1.3,interior,6.027034250602328e-17,1.1686770015018364e-17,6.081967495033892,0.08514307948220134,0.0,0.0,0.0,0.0,0.0,-1.0547118733938987e-15,-1.0547118733938987e-15,-1.4685215825952673e-31,0.0,0
727,728,7,16,1,8,17,2,0.5789473684210527,8.421052631578947,1.3,interior,5.899338353659696e-17,1.1439160242553427e-17,6.054244454009861,0.08626279697046518,0.0,0.0,0.0,0.0,0.0,-1.0824674490095276e-15,-1.0824674490095276e-15,-2.1214118337425403e-31,0.0,0
728,729,8,16,1,9,17,2,0.9473684210526314,8.421052631578947,1.3,interior,3.349399274011844e-17,6.4946800327099475e-18,6.016932512399412,0.08947574429450605,0.0,0.0,0.0,0.0,0.0,-2.220446049250313e-16,-2.220446049250313e-16,4.093743496526188e-16,0.0,0
729,730,9,16,1,10,17,2,1.3157894736842102,8.421052631578947,1.3,interior,3.1346080264902565e-17,6.078187308983877e-18,5.969762568472325,0.09502317932509563,0.0,0.0,0.0,0.0,0.0,6.661338147750939e-16,6.661338147750939e-16,-8.516221472837309e-32,0.0,0
730,731,10,16,1,11,17,2,1.6842105263157894,8.421052631578947,1.3,interior,3.070878153882354e-17,5.954611378719247e-18,5.912200839179825,0.10319523024959487,0.0,0.0,0.0,0.0,0.0,1.609823385706477e-15,1.609823385706477e-15,-4.766676612358409e-33,0.0,0
731,732,11,16,1,12,17,2,2.052631578947368,8.421052631578947,1.3,interior,3.0124763022330513e-17,5.841366791033618e-18,5.843477829306034,0.11434966489153742,0.0,0.0,0.0,0.0,0.0,-1.942890293094024e-16,-1.942890293094024e-16,7.942053608166864e-32,0.0,0
732,733,12,16,1,13,17,2,2.421052631578947,8.421052631578947,1.3,interior,4.2601927383865096e-17,8.260761542577719e-18,5.762571060746788,0.1289276573587811,0.0,0.0,0.0,0.0,0.0,-1.6653345369377348e-16,-1.6653345369377348e-16,-2.1056238777873986e-16,0.0,0
733,734,13,16,1,14,17,2,2.7894736842105257,8.421052631578947,1.3,interior,5.5029182566151185e-17,1.0670478613935134e-17,5.668158387082556,0.14747842274513545,0.0,0.0,0.0,0.0,0.0,-2.220446049250313e-16,-2.220446049250313e-16,-2.1090987129731137e-16,0.0,0
734,735,14,16,1,15,17,2,3.1578947368421053,8.421052631578947,1.3,interior,5.399120040937055e-17,1.0469207835612019e-17,5.558538620115069,0.17069637574365537,0.0,0.0,0.0,0.0,0.0,6.661338147750939e-16,6.661338147750939e-16,-1.3260027667106119e-31,0.0,0
735,736,15,16,1,16,17,2,3.526315789473684,8.421052631578947,1.3,interior,2.835377918651038e-05,5.497962723146057e-06,5.431505290699446,0.19947850415501678,0.0,0.0,0.0,0.0,0.0,7.216449660063518e-16,7.216449660063518e-16,-4.00364813247424e-17,0.0,0
736,737,16,16,1,17,17,2,3.894736842105263,8.421052631578947,1.3,interior,0.00011675265539395467,2.2639019051459355e-05,5.2841504364999725,0.2350097749029727,0.0,0.0,0.0,0.0,0.0,-2.220446049250313e-16,-2.220446049250313e-16,-1.5916087892087205e-16,0.0,0
737,738,17,16,1,18,17,2,4.263157894736842,8.421052631578947,1.3,interior,0.00030338966865050513,5.8829021621981605e-05,5.11255058219394,0.27889628136782957,0.0,0.0,0.0,0.0,0.0,-2.220446049250313e-16,-2.220446049250313e-16,4.597017211338539e-17,0.0,0
738,739,18,16,1,19,17,2,4.63157894736842,8.421052631578947,1.3,interior,0.0006207208733158746,0.00012036138817759343,4.911241591433059,0.3333823531735429,0.0,0.0,0.0,0.0,0.0,7.771561172376096e-16,7.771561172376096e-16,3.469446951953614e-18,0.0,0
739,740,19,16,1,20,17,2,5.0,8.421052631578947,1.3,upper_b,0.32843469736883407,0.06368539838176838,0.2253914944840183,0.31981873107987807,0.0,0.6117769135994782,0.0,0.0,0.6117769135994782,-0.6117769135994783,-1.1102230246251565e-16,0.0,0.03896125646335146,0
740,741,0,17,1,1,18,2,-2.0,8.947368421052632,1.3,lower_b,-2.929595856982888e-32,-5.680656786393412e-33,6.351635794204668,-0.13484411700596488,0.0,0.0,0.0,0.0,0.0,0.0,0.0,0.0,-0.0,0
741,742,1,17,1,2,18,2,-1.631578947368421,8.947368421052632,1.3,interior,-7.742678543249497e-31,-1.501350410048379e-31,6.332546781269132,-0.12731631744454186,0.0,0.0,0.0,0.0,0.0,0.0,0.0,0.0,-0.0,0
742,743,2,17,1,3,18,2,-1.263157894736842,8.947368421052632,1.3,interior,-5.666298187451334e-30,-1.0987281803922255e-30,6.310484954558779,-0.11938263861789011,0.0,0.0,0.0,0.0,0.0,0.0,0.0,-1.1210387714598537e-44,-0.0,0
743,744,3,17,1,4,18,2,-0.8947368421052633,8.947368421052632,1.3,interior,-3.344464789536881e-29,-6.48511178026542e-30,6.2849586112919305,-0.1110002761801493,0.0,0.0,0.0,0.0,0.0,3.552713678800501e-15,3.552713678800501e-15,8.96831017167883e-44,-0.0,0
744,745,4,17,1,5,18,2,-0.5263157894736843,8.947368421052632,1.3,interior,-1.1101267806387199e-30,-2.152600405670648e-31,6.255485054440703,-0.10210467111050348,0.0,0.0,0.0,0.0,0.0,3.552713678800501e-15,3.552713678800501e-15,-1.6535321879032841e-43,-0.0,0
745,746,5,17,1,6,18,2,-0.1578947368421053,8.947368421052632,1.3,interior,5.357479425383758e-19,1.03884642597469e-19,6.221568810807918,-0.09260989964025035,0.0,0.0,0.0,0.0,0.0,0.0,0.0,0.0,0.0,0
746,747,6,17,1,7,18,2,0.21052631578947345,8.947368421052632,1.3,interior,1.0877014308213504e-18,2.109116347853034e-19,6.192831038473599,-0.09034834158469174,0.0,0.0,0.0,0.0,0.0,3.552713678800501e-15,3.552713678800501e-15,3.0814879110195774e-33,0.0,0
747,748,7,17,1,8,18,2,0.5789473684210527,8.947368421052632,1.3,interior,1.624549020586777e-18,3.1500950537693736e-19,6.164413936886406,-0.09274527490441054,0.0,0.0,0.0,0.0,0.0,3.552713678800501e-15,3.552713678800501e-15,0.0,0.0,0
748,749,8,17,1,9,18,2,0.9473684210526314,8.947368421052632,1.3,interior,2.2410489295847696e-19,4.345524240192074e-20,6.127079644670383,-0.09332801386181011,0.0,0.0,0.0,0.0,0.0,0.0,0.0,2.893585083569718e-17,0.0,0
749,750,9,17,1,10,18,2,1.3157894736842102,8.947368421052632,1.3,interior,5.719740826958965e-19,1.1090910190779157e-19,6.080514960739748,-0.09187879918134945,0.0,0.0,0.0,0.0,0.0,3.552713678800501e-15,3.552713678800501e-15,-1.1555579666323415e-33,0.0,0
750,751,10,17,1,11,18,2,1.6842105263157894,8.947368421052632,1.3,interior,9.389572383897981e-19,1.8206927060189992e-19,6.024202784677133,-0.0881352177629563,0.0,0.0,0.0,0.0,0.0,0.0,0.0,-2.2148194360453212e-33,0.0,0
751,752,11,17,1,12,18,2,2.052631578947368,8.947368421052632,1.3,interior,1.3370688663781763e-18,2.59265431153663e-19,5.957432114752594,-0.08177673802162677,0.0,0.0,0.0,0.0,0.0,0.0,0.0,3.3703774026776627e-34,0.0,0
752,753,12,17,1,13,18,2,2.421052631578947,8.947368421052632,1.3,interior,1.5701857430648618e-18,3.0446814962476545e-19,5.879280066797298,-0.07240944868730759,0.0,0.0,0.0,0.0,0.0,0.0,0.0,6.672378120532075e-18,0.0,0
753,754,13,17,1,14,18,2,2.7894736842105257,8.947368421052632,1.3,interior,2.5331262347124064e-18,4.911879125481121e-19,5.788572682282933,-0.05954458272930041,0.0,0.0,0.0,0.0,0.0,1.7763568394002505e-15,1.7763568394002505e-15,-5.633345087332665e-33,0.0,0
754,755,14,17,1,15,18,2,3.1578947368421053,8.947368421052632,1.3,interior,3.646633604771224e-18,7.071034690692125e-19,5.683821560047022,-0.04256817308403693,0.0,0.0,0.0,0.0,0.0,0.0,0.0,9.62964972193618e-35,0.0,0
755,756,15,17,1,16,18,2,3.526315789473684,8.947368421052632,1.3,interior,6.950254451879509e-07,1.3476947690625086e-07,5.563127255927384,-0.020697464797932663,0.0,0.0,0.0,0.0,0.0,0.0,0.0,-2.1308025847312854e-17,0.0,0
756,757,16,17,1,17,18,2,3.894736842105263,8.947368421052632,1.3,interior,4.15928792886605e-06,8.065101247108685e-07,5.424032247143488,0.007083486713913456,0.0,0.0,0.0,0.0,0.0,5.672545766444159e-16,5.672545766444159e-16,-1.677878631665428e-17,0.0,0
757,758,17,17,1,18,18,2,4.263157894736842,8.947368421052632,1.3,interior,1.5117561111182767e-05,2.931383040949567e-06,5.263291607689398,0.042122696305457064,0.0,0.0,0.0,0.0,0.0,-8.187894806610529e-16,-8.187894806610529e-16,5.3664831164480266e-18,0.0,0
758,759,18,17,1,19,18,2,4.63157894736842,8.947368421052632,1.3,interior,4.272008115424102e-05,8.283672245974714e-06,5.0765008174436606,0.08625922057621227,0.0,0.0,0.0,0.0,0.0,2.7755575615628914e-17,2.7755575615628914e-17,1.5051616654031307e-17,0.0,0
759,760,19,17,1,20,18,2,5.0,8.947368421052632,1.3,upper_b,0.12135480060741916,0.02353140177983197,0.4546462588989204,0.0640105534768004,0.0,1.234039845582784,0.0,0.0,1.234039845582784,-1.234039845582784,0.0,-7.37257477290143e-18,0.02903868741873029,0
760,761,0,18,1,1,19,2,-2.0,9.473684210526315,1.3,lower_b,-0.0,-0.0,6.447171969825909,-0.29480052023590086,0.0,0.0,0.0,0.0,0.0,0.0,0.0,0.0,-0.0,0
761,762,1,18,1,2,19,2,-1.631578947368421,9.473684210526315,1.3,interior,-0.0,-0.0,6.427601285850839,-0.28986234587976045,0.0,0.0,0.0,0.0,0.0,3.552713678800501e-15,3.552713678800501e-15,0.0,-0.0,0
762,763,2,18,1,3,19,2,-1.263157894736842,9.473684210526315,1.3,interior,-0.0,-0.0,6.404904376418173,-0.28471465295857257,0.0,0.0,0.0,0.0,0.0,0.0,0.0,0.0,-0.0,0
763,764,3,18,1,4,19,2,-0.8947368421052633,9.473684210526315,1.3,interior,-0.0,-0.0,6.3786579430910155,-0.27931908905144975,0.0,0.0,0.0,0.0,0.0,0.0,0.0,0.0,-0.0,0
764,765,4,18,1,5,19,2,-0.5263157894736843,9.473684210526315,1.3,interior,-0.0,-0.0,6.3484373653356485,-0.27361605256367794,0.0,0.0,0.0,0.0,0.0,3.552713678800501e-15,3.552713678800501e-15,0.0,-0.0,0
765,766,5,18,1,6,19,2,-0.1578947368421053,9.473684210526315,1.3,interior,-0.0,-0.0,6.313802592895685,-0.26752380479217397,0.0,0.0,0.0,0.0,0.0,3.552713678800501e-15,3.552713678800501e-15,0.0,-0.0,0
766,767,6,18,1,7,19,2,0.21052631578947345,9.473684210526315,1.3,interior,-0.0,-0.0,6.28389806553105,-0.2688587896511486,0.0,0.0,0.0,0.0,0.0,3.552713678800501e-15,3.552713678800501e-15,0.0,-0.0,0
767,768,7,18,1,8,19,2,0.5789473684210527,9.473684210526315,1.3,interior,-0.0,-0.0,6.254312482493797,-0.2751258414493104,0.0,0.0,0.0,0.0,0.0,0.0,0.0,0.0,-0.0,0
768,769,8,18,1,9,19,2,0.9473684210526314,9.473684210526315,1.3,interior,-0.0,-0.0,6.216335761354962,-0.27994367165380574,0.0,0.0,0.0,0.0,0.0,0.0,0.0,0.0,-0.0,0
769,770,9,18,1,10,19,2,1.3157894736842102,9.473684210526315,1.3,interior,7.54375613399543e-19,1.4627781977276456e-19,6.169635791113581,-0.2831391865488041,0.0,0.0,0.0,0.0,0.0,0.0,0.0,-1.3284005444617173e-17,0.0,0
770,771,10,18,1,11,19,2,1.6842105263157894,9.473684210526315,1.3,interior,7.240138661831592e-19,1.4039050036792562e-19,6.113720031577682,-0.2845050979338025,0.0,0.0,0.0,0.0,0.0,0.0,0.0,-1.5407439555097887e-33,0.0,0
771,772,11,18,1,12,19,2,2.052631578947368,9.473684210526315,1.3,interior,6.9607377394479715e-19,1.3497275395051468e-19,6.047937162103544,-0.28378962560294985,0.0,0.0,0.0,0.0,0.0,0.0,0.0,0.0,0.0,0
772,773,12,18,1,13,19,2,2.421052631578947,9.473684210526315,1.3,interior,6.70515263991612e-19,1.3001681019227934e-19,5.97146106724664,-0.2806840518814704,0.0,0.0,0.0,0.0,0.0,0.0,0.0,1.5407439555097887e-33,0.0,0
773,774,13,18,1,14,19,2,2.7894736842105257,9.473684210526315,1.3,interior,7.228183595792205e-19,1.4015868468295135e-19,5.883259928455416,-0.27480572284551075,0.0,0.0,0.0,0.0,0.0,0.0,0.0,-1.2689706880770644e-18,0.0,0
774,775,14,18,1,15,19,2,3.1578947368421053,9.473684210526315,1.3,interior,6.997220634561778e-19,1.3568017850950816e-19,5.782048167974944,-0.26567428269223137,0.0,0.0,0.0,0.0,0.0,1.7763568394002505e-15,1.7763568394002505e-15,0.0,0.0,0
775,776,15,18,1,16,19,2,3.526315789473684,9.473684210526315,1.3,interior,8.749722539204854e-19,1.6966220990147918e-19,5.666215265655257,-0.2526776759114254,0.0,0.0,0.0,0.0,0.0,0.0,0.0,-3.1646376877811697e-18,0.0,0
776,777,16,18,1,17,19,2,3.894736842105263,9.473684210526315,1.3,interior,3.545105523531588e-09,6.874165835102803e-10,5.533720446250676,-0.23502219961581905,0.0,0.0,0.0,0.0,0.0,0.0,0.0,6.617444900424222e-24,0.0,0
777,778,17,18,1,18,19,2,4.263157894736842,9.473684210526315,1.3,interior,8.237581382925032e-08,1.5973149495976517e-08,5.381933723865606,-0.21165685573708048,0.0,0.0,0.0,0.0,0.0,-1.7763568394002505e-15,-1.7763568394002505e-15,3.2161841007245784e-18,0.0,0
778,779,18,18,1,19,19,2,4.63157894736842,9.473684210526315,1.3,interior,5.543093129513693e-07,1.0748380029527938e-07,5.207387828596913,-0.18115458872821566,0.0,0.0,0.0,0.0,0.0,0.0,0.0,-1.2400562347802957e-18,0.0,0
779,780,19,18,1,20,19,2,5.0,9.473684210526315,1.3,upper_b,0.005718878683277029,0.001108923844402748,0.6828763511398002,-0.21713032065229976,0.0,1.8535215245223144,0.0,0.0,1.8535215245223144,-1.8535215245223144,0.0,-3.469446951953614e-18,0.002055414214656527,0
780,781,0,19,1,1,20,2,-2.0,10.0,1.3,lower_b+upper_a,-0.0,-0.0,6.510965342865136,-0.43270781868403363,0.0,0.0,0.0,0.0,0.0,0.0,0.0,0.0,-0.0,0
781,782,1,19,1,2,20,2,-1.631578947368421,10.0,1.3,upper_a,-0.0,-0.0,6.489380507908001,-0.42915147681510635,0.0,0.0,0.0,0.0,0.0,0.0,0.0,0.0,-0.0,0
782,783,2,19,1,3,20,2,-1.263157894736842,10.0,1.3,upper_a,-0.0,-0.0,6.464469977567472,-0.42552512597202186,0.0,0.0,0.0,0.0,0.0,3.552713678800501e-15,3.552713678800501e-15,0.0,-0.0,0
783,784,3,19,1,4,20,2,-0.8947368421052633,10.0,1.3,upper_a,-0.0,-0.0,6.435871374067835,-0.42181075344233565,0.0,0.0,0.0,0.0,0.0,0.0,0.0,0.0,-0.0,0
784,785,4,19,1,5,20,2,-0.5263157894736843,10.0,1.3,upper_a,-0.0,-0.0,6.403210718841013,-0.41797065987812276,0.0,0.0,0.0,0.0,0.0,0.0,0.0,0.0,-0.0,0
785,786,5,19,1,6,20,2,-0.1578947368421053,10.0,1.3,upper_a,-0.0,-0.0,6.366091492085744,-0.4139478607743716,0.0,0.0,0.0,0.0,0.0,0.0,0.0,0.0,-0.0,0
786,787,6,19,1,7,20,2,0.21052631578947345,10.0,1.3,upper_a,-0.0,-0.0,6.333500558241189,-0.4177140731300779,0.0,0.0,0.0,0.0,0.0,0.0,0.0,0.0,-0.0,0
787,788,7,19,1,8,20,2,0.5789473684210527,10.0,1.3,upper_a,-0.0,-0.0,6.301298982464095,-0.426789132018389,0.0,0.0,0.0,0.0,0.0,0.0,0.0,0.0,-0.0,0
788,789,8,19,1,9,20,2,0.9473684210526314,10.0,1.3,upper_a,-0.0,-0.0,6.260993063026065,-0.4347331517344546,0.0,0.0,0.0,0.0,0.0,0.0,0.0,0.0,-0.0,0
789,790,9,19,1,10,20,2,1.3157894736842102,10.0,1.3,upper_a,0.0,0.0,6.21220715086508,-0.4414144778034592,0.0,0.0,0.0,0.0,0.0,0.0,0.0,0.0,0.0,0
790,791,10,19,1,11,20,2,1.6842105263157894,10.0,1.3,upper_a,0.0,0.0,6.154432736984383,-0.4466824708925008,0.0,0.0,0.0,0.0,0.0,3.552713678800501e-15,3.552713678800501e-15,0.0,0.0,0
791,792,11,19,1,12,20,2,2.052631578947368,10.0,1.3,upper_a,0.0,0.0,6.087022366865169,-0.45036017958952534,0.0,0.0,0.0,0.0,0.0,0.0,0.0,0.0,0.0,0
792,793,12,19,1,13,20,2,2.421052631578947,10.0,1.3,upper_a,0.0,0.0,6.009172152652228,-0.4522366297415379,0.0,0.0,0.0,0.0,0.0,3.552713678800501e-15,3.552713678800501e-15,0.0,0.0,0
793,794,13,19,1,14,20,2,2.7894736842105257,10.0,1.3,upper_a,0.0,0.0,5.919892939123896,-0.45205711478558874,0.0,0.0,0.0,0.0,0.0,0.0,0.0,0.0,0.0,0
794,795,14,19,1,15,20,2,3.1578947368421053,10.0,1.3,upper_a,0.0,0.0,5.817967728522788,-0.4495101999157045,0.0,0.0,0.0,0.0,0.0,0.0,0.0,0.0,0.0,0
795,796,15,19,1,16,20,2,3.526315789473684,10.0,1.3,upper_a,0.0,0.0,5.701890440354241,-0.44420963760637955,0.0,0.0,0.0,0.0,0.0,0.0,0.0,0.0,0.0,0
796,797,16,19,1,17,20,2,3.894736842105263,10.0,1.3,upper_a,0.0,0.0,5.569777466917069,-0.43566833321113796,0.0,0.0,0.0,0.0,0.0,0.0,0.0,0.0,0.0,0
797,798,17,19,1,18,20,2,4.263157894736842,10.0,1.3,upper_a,0.0,0.0,5.419237445171751,-0.4232595302286448,0.0,0.0,0.0,0.0,0.0,-1.7763568394002505e-15,-1.7763568394002505e-15,0.0,0.0,0
798,799,18,19,1,19,20,2,4.63157894736842,10.0,1.3,upper_a,0.0,0.0,5.247173672386213,-0.4061565964741085,0.0,0.0,0.0,0.0,0.0,0.0,0.0,0.0,0.0,0
799,800,19,19,1,20,20,2,5.0,10.0,1.3,upper_b+upper_a,0.0,0.0,0.8650677104439275,-0.46192661199137475,0.0,2.3480409283478028,0.0,0.0,2.3480409283478028,-2.3480409283478028,0.0,0.0,0.0,0
