turn,province_index,province,Ktarget_2018_MU,Kt_supply_private_MU,GovInv_before_MU,GovInv_after_MU,firm_K_total_MU,private_K_over_Ktarget,GovInv_before_over_Ktarget,GovInv_after_over_Ktarget,firm_K_total_over_Ktarget,firm_ra0,firm_ra_used,household_rah,firm_wage_raw,firm_wage_used,A,B,L,C,nk_gap,yt_gap,GDP_level_gap,Zt_before,Zt_after,govinv_action,adaptation_gate_open
1,0,北京,58719043.066994764,213805.18523752742,58505237.88175724,58505237.88175724,58719043.066994764,0.003641155817093086,0.9963588441829069,0.9963588441829069,1.0,0.9645303327953562,0.09,0.07859282907432666,3.840367512162725,1.3,7.2814135433904825,4.6948401791657695,0.6639444000102773,10.832654252332844,2.645763195640841,1.3109740639222616,1.3109740639222616,2.437920774687262,2.437920774687262,NONE,False
1,1,天津,64593598.72309723,211034.53168273813,64382564.19141449,64382564.19141449,64593598.72309723,0.003267112157466416,0.9967328878425336,0.9967328878425336,1.0,0.3665893670146143,0.09,0.06490365475420734,1.6515039218037126,1.3,7.27985472108661,4.700013574015612,0.674477675724933,11.103693258342576,2.961808682160987,1.6155958172537193,1.6155958172537193,1.034748432816036,1.034748432816036,NONE,False
1,2,河北,113705229.18254791,213287.10621640403,113491942.07633151,113491942.07633151,113705229.18254791,0.0018757897745756487,0.9981242102254244,0.9981242102254244,1.0,0.3295641733702322,0.09,0.08640803056619092,2.563830397533021,1.3,7.285540421362414,4.689053727683108,0.6601134967866474,10.558430329101128,5.792649764908337,0.6958771067784411,0.6958771067784411,1.067338636199028,1.067338636199028,NONE,False
1,3,山西,53478727.38884524,217445.6554917545,53261281.73335349,53261281.73335349,53478727.38884524,0.004066021502544393,0.9959339784974556,0.9959339784974556,1.0,0.4263907062621223,0.09,0.08643576394514026,1.5372770273999365,1.3,7.284866502416373,4.689527842212533,0.6596120927891331,10.597839877871897,2.1992214645309556,1.0641078037240366,1.0641078037240366,1.1136984900932783,1.1136984900932783,NONE,False
1,4,内蒙古,82165502.99427319,209594.86340788676,81955908.1308653,81955908.1308653,82165502.99427319,0.0025508863911232337,0.9974491136088769,0.9974491136088769,1.0,0.2961838594568849,0.09,0.07370607384987489,1.716273839247276,1.3,7.290695301981074,4.694635423943938,0.6719414867687957,10.616873173331285,4.024596251726135,1.2603399135039592,1.2603399135039592,0.9036347315500086,0.9036347315500086,NONE,False
1,5,辽宁,90061052.78222083,211735.20840679316,89849317.57381403,89849317.57381403,90061052.78222083,0.002351018579793821,0.9976489814202062,0.9976489814202062,1.0,0.3451706684814465,0.09,0.08254889155973023,2.1747946124035207,1.3,7.2972863401635415,4.682902434745981,0.6713203024088547,9.949935463621017,4.519008030619599,0.9448290062185114,0.9448290062185114,1.0589248653382726,1.0589248653382726,NONE,False
1,6,吉林,66308917.7271201,212851.0285043764,66096066.69861572,66096066.69861572,66308917.7271201,0.003209990990658578,0.9967900090093413,0.9967900090093413,1.0,0.2502570646414367,0.09,0.0786566974876448,1.1893962923482995,1.1893962923482995,7.306324473833281,4.681257646550685,0.6791781246847705,9.665849490645694,3.0784516264921225,1.2420270932695647,1.2420270932695647,0.7331983987589327,0.7331983987589327,NONE,False
1,7,黑龙江,58424879.89838116,216092.14282312893,58208787.75555803,58208787.75555803,58424879.89838116,0.003698632212834321,0.9963013677871657,0.9963013677871657,1.0,0.30504659658446637,0.09,0.08488059053640952,1.2775992877170088,1.2775992877170088,7.319571303590979,4.668183103556843,0.6836297374851197,8.926366475532,2.63633748669804,1.0704163091281762,1.0704163091281762,0.8512301435859188,0.8512301435859188,NONE,False
1,8,上海,66125294.30800852,212894.61965239004,65912399.68835613,65912399.68835613,66125294.30800852,0.0032195640394542045,0.9967804359605458,0.9967804359605458,1.0,0.8992913814531691,0.09,0.0786410648427616,4.027426113595344,1.3,7.284165435653269,4.69322945058422,0.6656559065380905,10.689503573854708,3.0932046513694003,1.2404104859537046,1.2404104859537046,2.353254580746131,2.353254580746131,NONE,False
1,9,江苏,203535217.25929242,197491.38772618957,203337725.87156624,203337725.87156624,203535217.25929242,0.0009703057307993861,0.9990296942692006,0.9990296942692006,1.0,0.5336284710994464,0.09,0.08042908909180554,7.413379714079513,1.3,7.281748896323775,4.693511506563083,0.6628712791095902,10.772692990875354,11.466311078125955,0.6289804811565505,0.6289804811565505,1.9260565786278652,1.9260565786278652,NONE,False
1,10,浙江,124249656.20818298,208902.70510419522,124040753.50307877,124040753.50307877,124249656.20818298,0.0016813141499093908,0.9983186858500905,0.9983186858500905,1.0,0.5917679954932621,0.09,0.08335304818599189,4.983006406746065,1.3,7.284992506847101,4.690135987510018,0.6626729326407825,10.56692116715283,6.589521516306431,0.7622058715614664,0.7622058715614664,1.865111818631329,1.865111818631329,NONE,False
1,11,安徽,70182433.35888097,218901.27196706057,69963532.08691391,69963532.08691391,70182433.35888097,0.0031190322348571085,0.996880967765143,0.996880967765143,1.0,0.6254548061853806,0.09,0.08895777765800762,2.911555340888314,1.3,8.633994914935972,-1.7331237220247262,0.6370528935500427,11.708814550329276,3.204871254694421,0.7860133217464127,0.7860133217464127,1.681124916844091,1.681124916844091,NONE,False
1,12,福建,87795538.11850408,211824.9156194794,87583713.2028846,87583713.2028846,87795538.11850408,0.002412707070985359,0.9975872929290147,0.9975872929290147,1.0,0.6225835843436378,0.09,0.08227353131506258,3.713643537835033,1.3,7.288281882052443,4.688533684457516,0.6657210993194854,10.401708463615293,4.387027148508637,0.9670022268999872,0.9670022268999872,1.7964378516260697,1.7964378516260697,NONE,False
1,13,江西,51050047.92908307,219936.6559413823,50830111.27314169,50830111.27314169,51050047.92908307,0.004308255620972395,0.9956917443790276,0.9956917443790276,1.0,0.6174912128219108,0.09,0.08911960456738838,2.0887854368669423,1.3,7.287925034601637,4.687254136300972,0.6589285517404829,10.475618175445794,2.054016783094952,0.9314367159561254,0.9314367159561254,1.5352442633792756,1.5352442633792756,NONE,False
1,14,山东,210016973.07581103,199444.81695050414,209817528.25886053,209817528.25886053,210016973.07581103,0.0009496604680542149,0.9990503395319458,0.9990503395319458,1.0,0.33904137396314177,0.09,0.08264908560515918,4.913784525892621,1.3,7.281911169574231,4.692388076927677,0.6612100534648971,10.738900858662145,11.67973404214395,0.561233498611365,0.561233498611365,1.2849276420428595,1.2849276420428595,NONE,False
1,15,河南,168320556.01470312,204370.7066231856,168116185.30807993,168116185.30807993,168320556.01470312,0.0012141755675125826,0.9987858244324873,0.9987858244324873,1.0,0.3172638542908384,0.09,0.08521809867670735,3.661506888348233,1.3,8.82491138826962,-1.940511925276471,0.6836078392830619,12.436299488955813,9.049480216545119,0.5745916348557543,0.5745916348557543,1.139914115532732,1.139914115532732,NONE,False
1,16,湖北,101805153.6623069,210492.1500976498,101594661.51220925,101594661.51220925,101805153.6623069,0.002067598176766801,0.9979324018232332,0.9979324018232332,1.0,0.5266794349693987,0.09,0.0851220223749261,3.603638202991041,1.3,9.14595562393632,-0.8492782582383565,0.6187037280202167,11.516436275522537,5.136195221006765,0.7956370513468363,0.7956370513468363,1.5894323920714784,1.5894323920714784,NONE,False
1,17,湖南,93791807.14892803,215847.67203445273,93575959.47689357,93575959.47689357,93791807.14892803,0.002301348898115561,0.9976986511018844,0.9976986511018844,1.0,0.4763263686225738,0.09,0.0872058027276669,3.00213531214522,1.3,7.045466751003072,4.6221127766483505,0.6321945683965557,9.863298314431825,4.625414075580866,0.7448252904476156,0.7448252904476156,1.4167063570694212,1.4167063570694212,NONE,False
1,18,广东,191259406.86816654,207658.6888552844,191051748.17931125,191051748.17931125,191259406.86816654,0.0010857436622629586,0.998914256337737,0.998914256337737,1.0,0.5568838406923955,0.09,0.086287673370157,7.2661132594261355,1.3,7.292882692827641,4.683996897785043,0.6653272537503436,10.148967800943874,10.730341268466765,0.47421647023268854,0.47421647023268854,1.9575836150085797,1.9575836150085797,NONE,False
1,19,广西,67306708.83876626,216731.66526370766,67089977.17350256,67089977.17350256,67306708.83876626,0.003220060362524782,0.9967799396374752,0.9967799396374752,1.0,0.37667610867663603,0.09,0.08756544677060778,1.736792284401693,1.3,9.019562137869334,-0.5640414945816795,0.6456412582951425,10.330139136138044,3.0617824691766478,0.8812467533126391,0.8812467533126391,1.0559578674063324,1.0559578674063324,NONE,False
1,20,海南,14673330.466888333,220138.77286586814,14453191.694022465,14453191.694022465,14673330.466888333,0.015002645334174865,0.9849973546658252,0.9849973546658252,1.0,0.6805274933209199,0.09,0.08665876897535335,0.6746763917598456,0.8,7.303231148085635,4.677009356382602,0.6719519175622154,9.624496213804226,0.10168975613838349,1.862398273510423,1.862398273510423,1.2419605594280527,1.2419605594280527,NONE,False
1,21,重庆,50663834.63130832,216359.9804037753,50447474.65090454,50447474.65090454,50663834.63130832,0.004270501472663364,0.9957294985273367,0.9957294985273367,1.0,0.645992502052037,0.09,0.08592885327235546,2.196847343905922,1.3,9.159777527916054,-1.3755606590391674,0.611896262914012,11.090223919296262,2.075579751242182,1.1117662748832058,1.1117662748832058,1.6103797622666287,1.6103797622666287,NONE,False
1,22,四川,94830047.41899477,218811.9919490324,94611235.42704573,94611235.42704573,94830047.41899477,0.0023074120271419757,0.997692587972858,0.997692587972858,1.0,0.5305365687691278,0.09,0.08906225625677495,3.390047700344512,1.3,7.2908242225365285,4.685103998700219,0.6610673011765601,10.305289953203566,4.732419144542225,0.6409918161106765,0.6409918161106765,1.5639154818692091,1.5639154818692091,NONE,False
1,23,贵州,39447014.665611394,220817.3900588127,39226197.27555258,39226197.27555258,39447014.665611394,0.005597822596479374,0.9944021774035205,0.9944021774035205,1.0,0.5571785759334482,0.09,0.08979022758512188,1.4662920362322192,1.3,8.83148568101891,-1.6585838799270098,0.6989442113415443,11.529331410685097,1.3659689300212565,1.0159985953083934,1.0159985953083934,1.3109652918730739,1.3109652918730739,NONE,False
1,24,云南,68611984.86091176,216819.99749969383,68395164.86341207,68395164.86341207,68611984.86091176,0.0031600892750621497,0.9968399107249379,0.9968399107249379,1.0,0.3995823991516949,0.09,0.08689848117056337,1.887169667839315,1.3,7.298893940387087,4.6797808922749695,0.6688141419340898,9.841130274913418,3.175358223955266,0.9021593191478017,0.9021593191478017,1.1223138132516461,1.1223138132516461,NONE,False
1,25,西藏,6325734.326183821,220547.75222275045,6105186.573961071,6105186.573961071,6325734.326183821,0.03486516202709419,0.9651348379729058,0.9651348379729058,1.0,0.6366596896985564,0.09,0.08467093143392833,0.27943007917538387,0.8,7.31845662773239,4.6689918736931,0.6830850909393061,8.975804814394353,0.6032807651540251,2.715689591397689,2.715689591397689,0.9519473348738489,0.9519473348738489,NONE,False
1,26,陕西,73897910.2910824,214247.64263451993,73683662.64844787,73683662.64844787,73897910.2910824,0.002899238175891615,0.9971007618241083,0.9971007618241083,1.0,0.4512550517528234,0.09,0.08403899067870337,2.2573121450347458,1.3,7.281527789393527,4.692207800627235,0.6596879759364712,10.761561272316895,3.452426958235085,0.9988299299081169,0.9988299299081169,1.276834793819483,1.276834793819483,NONE,False
1,27,甘肃,25177704.67938732,221102.57076200092,24956602.10862532,24956602.10862532,25177704.67938732,0.008781680998229156,0.9912183190017708,0.9912183190017708,1.0,0.5077975242704716,0.09,0.09,0.8537294612571722,0.8537294612571722,9.106801584198516,1.6350134235841134,0.6285098446598826,9.866403756778285,0.5052299510701805,1.2514441197041286,1.2514441197041286,1.0755387353608545,1.0755387353608545,NONE,False
1,28,青海,17578407.529567722,218773.0748187012,17359634.45474902,17359634.45474902,17578407.529567722,0.012445557110376149,0.9875544428896239,0.9875544428896239,1.0,0.3448016066707992,0.09,0.07491839929988998,0.4234767799454395,0.8,7.304725655419864,4.686549948212361,0.6796360768994074,9.934963489707254,0.08290759083508337,2.2700036053669774,2.2700036053669774,0.695994950573659,0.695994950573659,NONE,False
1,29,宁夏,18640640.44456374,218812.72691434613,18421827.717649393,18421827.717649393,18640640.44456374,0.011738476881472146,0.9882615231185279,0.9882615231185279,1.0,0.40101746865726484,0.09,0.07895728546418417,0.5092987321891809,0.8,7.285682600625785,4.6921345569783774,0.6664112088220404,10.603197572536327,0.12541227461497173,2.127548538559501,2.127548538559501,0.8099810971474289,0.8099810971474289,NONE,False
1,30,新疆,49250553.031937115,216302.2451244356,49034250.78681268,49034250.78681268,49250553.031937115,0.004391874442184879,0.9956081255578151,0.9956081255578151,1.0,0.39385194909616816,0.09,0.08353213126422437,1.40888503247798,1.3,7.332415397221242,4.662450092298817,0.6920831016421801,8.473864689869005,2.1598014597324844,1.2090457429864014,1.2090457429864014,1.0354932829952574,1.0354932829952574,NONE,False
2,0,北京,58719043.066994764,214236.96239200808,58505237.88175724,58505237.88175724,58719474.84414925,0.003648509090101776,0.9963588441829069,0.9963588441829069,1.0000073532730087,1.0916666149973002,0.09,0.07859282907432666,4.180998976456312,1.3,7.291585572128896,4.689115755048764,0.6703119535143625,10.326010960337866,0.3593397433509651,0.009451742441142219,1.3328167955626147,2.437920774687262,2.437920774687262,NONE,False
2,1,天津,64593598.72309723,211467.09139457758,64382564.19141449,64382564.19141449,64594031.28280907,0.003273808791813943,0.9967328878425336,0.9967328878425336,1.0000066966343475,0.39180612652365143,0.09,0.06490365475420734,1.676227951189571,1.3,7.286660060207895,4.693824445049884,0.6804117565399563,10.583486935222046,0.3603622122047647,0.012537693044866405,1.6483893547398831,1.034748432816036,1.034748432816036,NONE,False
2,2,河北,113705229.18254791,214022.66688512414,113491942.07633151,113491942.07633151,113705964.74321663,0.0018822587881294512,0.9981242102254244,0.9981242102254244,1.0000064690135537,0.3422673422844203,0.09,0.08640803056619092,2.622168845990225,1.3,7.011857932780581,-1.6087727747316285,0.6926559786205227,11.470266166968404,0.49855552991912444,0.0033385751860737223,0.701538920005762,1.067338636199028,1.067338636199028,NONE,False
2,3,山西,53478727.38884524,217882.89083391923,53261281.73335349,53261281.73335349,53479164.62418741,0.0040741973766444915,0.9959339784974556,0.9959339784974556,1.0000081758741002,0.4525545708671346,0.09,0.08643576394514026,1.580764517053591,1.3,7.294301297794466,4.682999422964165,0.6661390898504838,10.075870084394083,0.34056667934565477,0.0074870962640027905,1.079561977549798,1.1136984900932783,1.1136984900932783,NONE,False
2,4,内蒙古,82165502.99427319,210017.54837695643,81955908.1308653,81955908.1308653,82165925.67924227,0.002556030702953213,0.9974491136088769,0.9974491136088769,1.00000514431183,0.31132753271840363,0.09,0.07370607384987489,1.7351044489831746,1.3,7.30291425974735,4.689027992454018,0.6789108496619732,10.092428076398027,0.4192146426301153,0.009514067950561644,1.2818449410324027,0.9036347315500086,0.9036347315500086,NONE,False
2,5,辽宁,90061052.78222083,212164.66320777472,89849317.57381403,89849317.57381403,90061482.2370218,0.002355787065034828,0.9976489814202062,0.9976489814202062,1.000004768485241,0.36204811794922326,0.09,0.08254889155973023,2.220148040000224,1.3,7.307036993867471,4.677216654826872,0.6774393623562218,9.504337720652918,0.45185561254513007,0.0062959000988562774,0.957073455351021,1.0589248653382726,1.0589248653382726,NONE,False
2,6,吉林,66308917.7271201,213280.91014492427,66096066.69861572,66096066.69861572,66309347.60876065,0.0032164740046374363,0.9967900090093413,0.9967900090093413,1.0000064830139788,0.25912314903175243,0.09,0.0786566974876448,1.2128725472530948,1.2128725472530948,7.3170294309041655,4.675913007605697,0.6854166212242854,9.236507119855352,0.4084941042938022,0.004443995459585182,1.2519906514923216,0.7331983987589327,0.7331983987589327,NONE,False
2,7,黑龙江,58424879.89838116,216527.0737577716,58208787.75555803,58208787.75555803,58425314.829315804,0.0037060764888927253,0.9963013677871657,0.9963013677871657,1.0000074442760585,0.3194130116338149,0.09,0.08488059053640952,1.3006962945632996,1.3,7.329856630585036,4.662428911491391,0.6898309245592845,8.528794272704708,0.374099298079519,0.006495100078206084,1.0838638702595138,0.8512301435859188,0.8512301435859188,NONE,False
2,8,上海,66125294.30800852,212460.31986440285,65912399.68835613,65912399.68835613,66124860.00822053,0.0032129962079982984,0.9967804359605458,0.9967804359605458,0.9999934321685441,1.008286223476053,0.09,0.0786410648427616,4.352404893054774,1.3,8.0618144387603,4.544095299816668,0.689667283283244,9.82515756282203,0.38550140118322496,0.008903882524727402,1.2603588377278037,2.353254580746131,2.353254580746131,NONE,False
2,9,江苏,203535217.25929242,197902.86263960268,203337725.87156624,203337725.87156624,203535628.73420584,0.0009723273706853668,0.9990296942692006,0.9990296942692006,1.000002021639886,0.5627637603858349,0.09,0.08042908909180554,7.7060878998770646,1.3,7.291154119904584,4.687934721909848,0.668902651457608,10.29135496221077,0.5630089873107345,0.0031803912659442712,0.6341612764512143,1.9260565786278652,1.9260565786278652,NONE,False
2,10,浙江,124249656.20818298,209329.45356678608,124040753.50307877,124040753.50307877,124250082.95664556,0.001684748754685084,0.9983186858500905,0.9983186858500905,1.0000034346047757,0.6310787884304435,0.09,0.08335304818599189,5.211492788576551,1.3,7.294082744911402,4.684382445848657,0.6686578357798849,10.094503039358468,0.5063298814779025,0.004453946902474248,0.7700546429446298,1.865111818631329,1.865111818631329,NONE,False
2,11,安徽,70182433.35888097,219207.61008344483,69963532.08691391,69963532.08691391,70182739.69699736,0.0031233971179442733,0.996880967765143,0.996880967765143,1.0000043648830872,0.6696571380217234,0.09,0.08895777765800762,3.056090826963293,1.3,9.165979900910882,-1.0897451385393702,0.6225206676430437,10.930014798342308,0.4139146600089383,0.004544957711742015,0.7941306767663583,1.681124916844091,1.681124916844091,NONE,False
2,12,福建,87795538.11850408,212254.59651261682,87583713.2028846,87583713.2028846,87795967.79939722,0.0024176011795282947,0.9975872929290147,0.9975872929290147,1.0000048941085429,0.671729445975921,0.09,0.08227353131506258,3.8962824459808947,1.3,7.297937056301867,4.682696051986169,0.6719294330528518,9.92410668329532,0.44630319408049335,0.006610941719272123,0.9800059639837015,1.7964378516260697,1.7964378516260697,NONE,False
2,13,江西,51050047.92908307,220429.37543541222,50830111.27314169,50830111.27314169,51050540.6485771,0.004317907316005363,0.9956917443790276,0.9956917443790276,1.000009651695033,0.6648912243841754,0.09,0.08911960456738838,2.1909389410752085,1.3,6.970708373578704,-1.9659706550050484,0.6961464051314521,11.39893994949384,0.33635075004139203,0.006165926288639989,0.943345812377884,1.5352442633792756,1.5352442633792756,NONE,False
2,14,山东,210016973.07581103,199858.81106951053,209817528.25886053,209817528.25886053,210017387.06993005,0.0009516317092969736,0.9990503395319458,0.9990503395319458,1.000001971241243,0.3506352578558796,0.09,0.08264908560515918,5.032794096413946,1.3,7.291317905594211,4.68646342173122,0.6674067561688191,10.24173858566799,0.5717091591987256,0.0019472590816860258,0.5642736247201683,1.2849276420428595,1.2849276420428595,NONE,False
2,15,河南,168320556.01470312,203944.0825214686,168116185.30807993,168116185.30807993,168320129.3906014,0.001211640974520389,0.9987858244324873,0.9987858244324873,0.9999974654070077,0.3276439599979974,0.09,0.08521809867670735,3.745249016611743,1.3,9.283036025018026,-0.7779030623956593,0.6117088032120749,10.713491413221583,0.5516691353869014,0.0019016695157527685,0.5775859877675187,1.139914115532732,1.139914115532732,NONE,False
2,16,湖北,101805153.6623069,210965.90576996075,101594661.51220925,101594661.51220925,101805627.41797921,0.0020722517297085555,0.9979324018232332,0.9979324018232332,1.0000046535529417,0.5591252492162698,0.09,0.0851220223749261,3.7473971643782855,1.3,9.11855834378088,-0.7016684683021595,0.6227669683403358,10.98218666290689,0.4764733788007862,0.00473819913796425,0.8041451372756243,1.5894323920714784,1.5894323920714784,NONE,False
2,17,湖南,93791807.14892803,216103.54048059025,93575959.47689357,93575959.47689357,93792063.01737416,0.0023040769449878345,0.9976986511018844,0.9976986511018844,1.0000027280468722,0.502229344292891,0.09,0.0872058027276669,3.108874077657976,1.3,7.29498304369484,4.682349277880337,0.6658633830323344,10.046365449220692,0.46724555000218837,0.004055150133119634,0.7519008189564447,1.4167063570694212,1.4167063570694212,NONE,False
2,18,广东,191259406.86816654,208082.47736723983,191051748.17931125,191051748.17931125,191259830.6566785,0.0010879594409213518,0.998914256337737,0.998914256337737,1.0000022157786583,0.5834488050239518,0.09,0.086287673370157,7.562348094063633,1.3,7.302746389148863,4.677485474795634,0.6719444450284658,9.648981478149276,0.5696733061063555,0.001229141323344285,0.4760284906158063,1.9575836150085797,1.9575836150085797,NONE,False
2,19,广西,67306708.83876626,218002.86376987275,67089977.17350256,67089977.17350256,67307980.03727242,0.0032389470162937292,0.9967799396374752,0.9967799396374752,1.000018886653769,0.39548221710774656,0.09,0.08756544677060778,1.780229927439948,1.3,7.308414516647617,4.67326510215024,0.6745585079458803,9.378709919791282,0.4018555743819494,0.005548259319001714,0.8916843981430478,1.0559578674063324,1.0559578674063324,NONE,False
2,20,海南,14673330.466888333,220579.2943579032,14453191.694022465,14453191.694022465,14673770.988380369,0.015032667249992079,0.9849973546658252,0.9849973546658252,1.0000300219158174,0.7391161220832236,0.09,0.08665876897535335,0.7642941114052343,0.8,7.31421863106954,4.670084261920371,0.6790339002875297,9.123162741594662,0.0006604763556736781,0.011672814257862263,1.8289860301317105,1.2419605594280527,1.2419605594280527,NONE,False
2,21,重庆,50663834.63130832,217766.9848921551,50447474.65090454,50447474.65090454,50665241.635796696,0.004298272850385142,0.9957294985273367,0.9957294985273367,1.0000277713777217,0.7025440593577575,0.09,0.08592885327235546,2.309653492581056,1.3,7.295925318248791,4.682065202806022,0.6677240988179218,9.98818409841801,0.3281547492519121,0.00813852091377365,1.1289529288763442,1.6103797622666287,1.6103797622666287,NONE,False
2,22,四川,94830047.41899477,218855.34120851802,94611235.42704573,94611235.42704573,94830090.76825425,0.0023078691529229436,0.997692587972858,0.997692587972858,1.000000457125781,0.5593529723580277,0.09,0.08906225625677495,3.528725963329403,1.3,8.559623462287725,-1.9134838363614652,0.6631637447172367,10.702642775944202,0.477468640720657,0.0027484453681598797,0.6455019924668541,1.5639154818692091,1.5639154818692091,NONE,False
2,23,贵州,39447014.665611394,221329.10205855287,39226197.27555258,39226197.27555258,39447526.37761113,0.005610794731483198,0.9944021774035205,0.9944021774035205,1.0000129721350037,0.5983072069744713,0.09,0.08979022758512188,1.5288619389861895,1.3,6.6717593928835655,4.771604712299023,0.6370969499464035,9.206069203087305,0.26630821008134986,0.006971236598332542,1.0300525984981945,1.3109652918730739,1.3109652918730739,NONE,False
2,24,云南,68611984.86091176,217255.36856278,68395164.86341207,68395164.86341207,68612420.23197484,0.0031664346834331327,0.9968399107249379,0.9968399107249379,1.000006345408371,0.42077570519406915,0.09,0.08689848117056337,1.9381063993113858,1.3,7.3101432187322395,4.672481775219633,0.676244617299827,9.301461316780994,0.40581357465032575,0.005805123342524476,0.913201588612587,1.1223138132516461,1.1223138132516461,NONE,False
2,25,西藏,6325734.326183821,220988.59682616743,6105186.573961071,6105186.573961071,6326175.1707872385,0.03493485268760648,0.9651348379729058,0.9651348379729058,1.0000696906605124,0.6967474255954329,0.09,0.08467093143392833,0.315319292812504,0.8,7.333321151480373,4.660759792658079,0.6919971714615101,8.40801450425812,0.3567675692879284,0.008772778024832562,2.6830926714031764,0.9519473348738489,0.9519473348738489,NONE,False
2,26,陕西,73897910.2910824,214679.99383415634,73683662.64844787,73683662.64844787,73898342.64228202,0.002905088831179882,0.9971007618241083,0.9971007618241083,1.0000058506552882,0.4792196002715259,0.09,0.08403899067870337,2.327717439486962,1.3,7.291746781172345,4.685521076369364,0.666581384842824,10.206594368364275,0.41192293995252705,0.006929665104923766,1.0126811519240784,1.276834793819483,1.276834793819483,NONE,False
2,27,甘肃,25177704.67938732,221544.54225784508,24956602.10862532,24956602.10862532,25178146.650883164,0.008799235080361432,0.9912183190017708,0.9912183190017708,1.0000175540821323,0.5339655515972584,0.09,0.09,0.9420938864817074,0.9420938864817074,7.3041688809381675,4.67541882599369,0.6694256250334669,9.602218129558894,0.2149643176191911,0.013133278055849407,1.2218752780528472,1.0755387353608545,1.0755387353608545,NONE,False
2,28,青海,17578407.529567722,219210.12084462531,17359634.45474902,17359634.45474902,17578844.575593647,0.012470419773571833,0.9875544428896239,0.9875544428896239,1.0000248626631958,0.3581876231915102,0.09,0.07491839929988998,0.4590394772910186,0.8,7.320170716225233,4.679671826234532,0.6882304426821755,9.340585434145781,0.07201216484213235,0.009991153591462854,2.2373324971011184,0.695994950573659,0.695994950573659,NONE,False
2,29,宁夏,18640640.44456374,219250.9077910944,18421827.717649393,18421827.717649393,18641078.625440486,0.01176198363157826,0.9882615231185279,0.9882615231185279,1.000023506750106,0.4212463429559894,0.09,0.07895728546418417,0.5564906645799427,0.8,7.297743356480803,4.685448197673356,0.6738797764289145,10.026995265958217,0.0894808653564303,0.010424893772782329,2.0949441772757975,0.8099810971474289,0.8099810971474289,NONE,False
2,30,新疆,49250553.031937115,216734.30902759073,49034250.78681268,49034250.78681268,49250985.09584027,0.004400647214804812,0.9956081255578151,0.9956081255578151,1.00000877277262,0.41831429406986353,0.09,0.08353213126422437,1.4414912428646265,1.3,7.347549075781316,4.654758322264822,0.7007048172589178,7.9641075650458735,0.3304412569743427,0.00892222775632856,1.228755352229474,1.0354932829952574,1.0354932829952574,NONE,False
3,0,北京,58719043.066994764,209058.7066513992,58505237.88175724,58505237.88175724,58714296.588408634,0.0035603220987929975,0.9963588441829069,0.9963588441829069,0.9999191662816999,1.1167818704406565,0.09,0.07859417868868851,4.268678170064739,1.3,7.292812936170485,4.688441802063073,0.6710664457024794,10.26787035645849,0.11657960374182386,0.0003015887172315157,1.333520346787525,2.437920774687262,2.437920774687262,NONE,False
3,1,天津,64593598.72309723,206287.59066554005,64382564.19141449,64382564.19141449,64588851.78208003,0.0031936228162462825,0.9967328878425336,0.9967328878425336,0.9999265106587799,0.3940293472189244,0.09,0.06490660663385923,1.6822698095524748,1.3,7.28844968040098,4.692248320050727,0.6819275066200703,10.455212153213127,0.1165947963058187,0.00037083326181441834,1.6493714656028557,1.034748432816036,1.034748432816036,NONE,False
3,2,河北,113705229.18254791,208544.76204875854,113491942.07633151,113491942.07633151,113700486.83838026,0.0018340824212574307,0.9981242102254244,0.9981242102254244,0.9999582926466818,0.3432707768992394,0.09,0.08640845698536795,2.6267584189136604,1.3,7.292336106720723,4.684339638362333,0.6648231518764222,10.180254116343024,0.1523745371885643,0.00020842654218466983,0.7018935658792513,1.067338636199028,1.067338636199028,NONE,False
3,3,山西,53478727.38884524,212706.0324571435,53261281.73335349,53261281.73335349,53473987.76581063,0.0039773951782837375,0.9959339784974556,0.9959339784974556,0.9999113736757393,0.4551141659334542,0.09,0.08643618707707713,1.587089567275309,1.3,7.293968007858655,4.68322462684981,0.6659116968833305,10.093469763391683,0.11160899116762701,0.0002573782371850797,1.0800972115456973,1.1136984900932783,1.1136984900932783,NONE,False
3,4,内蒙古,82165502.99427319,204839.2701371796,81955908.1308653,81955908.1308653,82160747.40100248,0.0024930081685431487,0.9974491136088769,0.9974491136088769,0.9999421217774199,0.31247857590537403,0.09,0.07370799758098931,1.7384518310466195,1.3,7.303707814881555,4.688671601190453,0.6793555154247868,10.059929010216951,0.13229735358287065,0.0003270578344503061,1.282591236297368,0.9036347315500086,0.9036347315500086,NONE,False
3,5,辽宁,90061052.78222083,206988.94081334592,89849317.57381403,89849317.57381403,90056306.51462738,0.00229831802337323,0.9976489814202062,0.9976489814202062,0.9999472994435794,0.3634391138864794,0.09,0.08254977463162953,2.225464744123426,1.3,7.306021715597005,4.677794459900463,0.6768098423809328,9.548883069401054,0.14082736859585987,0.0002556778482192268,0.9575738356808923,1.0589248653382726,1.0589248653382726,NONE,False
3,6,吉林,66308917.7271201,208103.34446726524,66096066.69861572,66096066.69861572,66304170.04308299,0.0031383915105305926,0.9967900090093413,0.9967900090093413,0.999928400519872,0.2600653339665937,0.09,0.07865803958255277,1.2108439667798572,1.2108439667798572,7.317507567777838,4.675678302757154,0.6856905568180828,9.218111495277665,0.12560823708512436,0.0012281579794510833,1.254756451780601,0.7331983987589327,0.7331983987589327,NONE,False
3,7,黑龙江,58424879.89838116,211350.4049815976,58208787.75555803,58208787.75555803,58420138.16053963,0.0036174726477692545,0.9963013677871657,0.9963013677871657,0.999918840434935,0.32080749842289585,0.09,0.08488119788079496,1.299808213116596,1.299808213116596,7.329335235090385,4.662714075446203,0.6895206362024394,8.548116662426796,0.11692029593499442,0.0011492216435056157,1.0862586917213357,0.8512301435859188,0.8512301435859188,NONE,False
3,8,上海,66125294.30800852,208147.50125057372,65912399.68835613,65912399.68835613,66120547.189606704,0.0031477742886259594,0.9967804359605458,0.9967804359605458,0.9999282102491718,1.0284547228234813,0.09,0.0786424087781942,4.431411018582038,1.3,7.294871850045723,4.687279733588668,0.6723009447422678,10.17003553417671,0.12372566853602551,0.0002860947049456719,1.2610055144225547,2.353254580746131,2.353254580746131,NONE,False
3,9,江苏,203535217.25929242,192734.19611168175,203337725.87156624,203337725.87156624,203530460.06767792,0.0009469329126769704,0.9990296942692006,0.9990296942692006,0.9999766271818776,0.5661218612652836,0.09,0.08043022235196078,7.743022554076604,1.3,7.288576134814994,4.689438181302171,0.6672661753664167,10.419133477916125,0.16726881559071916,0.00021443540342214185,0.6345116984837871,1.9260565786278652,1.9260565786278652,NONE,False
3,10,浙江,124249656.20818298,204155.33847750336,124040753.50307877,124040753.50307877,124244908.84155628,0.001643105862083326,0.9983186858500905,0.9983186858500905,0.9999617917121739,0.6360402906451148,0.09,0.08335383622787247,5.245734131671821,1.3,7.29234472061159,4.685463324608677,0.6675263621544953,10.181686252639022,0.1542024854657107,0.00021636893874110719,0.7704376277892373,1.865111818631329,1.865111818631329,NONE,False
3,11,安徽,70182433.35888097,214508.1663535131,69963532.08691391,69963532.08691391,70178040.25326742,0.0030564367190948787,0.996880967765143,0.996880967765143,0.9999374044842378,0.6755143113752103,0.09,0.08895790152286001,3.078656529117059,1.3,7.292794772635954,4.68366684111676,0.662575096423405,10.191397143828997,0.13145092880493325,0.00020535732964432896,0.7944991146511722,1.681124916844091,1.681124916844091,NONE,False
3,12,福建,87795538.11850408,207078.21504108224,87583713.2028846,87583713.2028846,87790791.41792569,0.002358641674495731,0.9975872929290147,0.9975872929290147,0.9999459346035104,0.678262043989408,0.09,0.08227444691205953,3.9283578385865123,1.3,7.297430979687611,4.682995060831462,0.671607993951854,9.94808293249756,0.13952114668353666,0.00023801677738388705,0.9804772386224498,1.7964378516260697,1.7964378516260697,NONE,False
3,13,江西,51050047.92908307,214859.03002919012,50830111.27314169,50830111.27314169,51044970.30317088,0.004208791935468204,0.9956917443790276,0.9956917443790276,0.9999005363144958,0.6711443278328568,0.09,0.08911970920702914,2.2082094844560767,1.3,9.4292796150019,-1.7537205528946767,0.6987071731400855,11.570782704930727,0.11064640182287144,0.00019765940163218865,0.9437299329483229,1.5352442633792756,1.5352442633792756,NONE,False
3,14,山东,210016973.07581103,190275.21001307838,209817528.25886053,209817528.25886053,210007803.46887362,0.0009059992019997053,0.9990503395319458,0.9990503395319458,0.9999563387339456,0.3515677247761844,0.09,0.08264995684038133,5.040918555142906,1.3,8.7729254028957,-1.3429224259391412,0.6405355399883048,10.990790494960365,0.16926163366929248,0.00018127090956809866,0.5645571820229349,1.2849276420428595,1.2849276420428595,NONE,False
3,15,河南,168320556.01470312,202549.67532203157,168116185.30807993,168116185.30807993,168318734.98340195,0.001203356738581225,0.9987858244324873,0.9987858244324873,0.9999891811710685,0.32843673333406354,0.09,0.08521866606394114,3.7505913240971993,1.3,7.287964067243777,4.687588069105523,0.6629727726148388,10.408504673985314,0.164834953095653,0.00020654061255553913,0.577911823343791,1.139914115532732,1.139914115532732,NONE,False
3,16,湖北,101805153.6623069,207911.4267631337,101594661.51220925,101594661.51220925,101802572.93897238,0.0020422485432592826,0.9979324018232332,0.9979324018232332,0.9999746503664925,0.5628453380882444,0.09,0.08512260113770154,3.767440336378454,1.3,7.288968515432226,4.686937087017222,0.6637506126228814,10.352984566750814,0.14705272135652336,0.00023563622904632098,0.8045702592324242,1.5894323920714784,1.5894323920714784,NONE,False
3,17,湖南,93791807.14892803,214150.93957327874,93575959.47689357,93575959.47689357,93790110.41646685,0.002283258485821022,0.9976986511018844,0.9976986511018844,0.9999819095877054,0.504948638425305,0.09,0.08720613455511039,3.1220666063174933,1.3,2.9718592814113274,2.131396894824294,0.6833319563260892,11.197673438619342,0.14493235033539187,0.00021751922191959316,0.7522818910594644,1.4167063570694212,1.4167063570694212,NONE,False
3,18,广东,191259406.86816654,202912.0520675559,191051748.17931125,191051748.17931125,191254660.2313788,0.001060925867073411,0.998914256337737,0.998914256337737,0.9999751822048104,0.5865897303934097,0.09,0.08628811405436472,7.595756166805038,1.3,7.299165888282879,4.67980551858789,0.6695751972229913,9.824413946837348,0.16895664724587367,0.00016703962451969367,0.47627504586065905,1.9575836150085797,1.9575836150085797,NONE,False
3,19,广西,67306708.83876626,212826.40992791543,67089977.17350256,67089977.17350256,67302803.58343047,0.003162038578319774,0.9967799396374752,0.9967799396374752,0.999941978215795,0.39712751015509334,0.09,0.08756573593359257,1.7852626435572836,1.3,7.3072344939636515,4.674032970628641,0.673769073769224,9.434682885401802,0.12829282093559002,0.00020655179364914567,0.8920751289485023,1.0559578674063324,1.0559578674063324,NONE,False
3,20,海南,14673330.466888333,215401.89371238547,14453191.694022465,14453191.694022465,14668593.58773485,0.014679822975326487,0.9849973546658252,0.9849973546658252,0.9996771776411516,0.7473201004893967,0.09,0.08665916567159612,0.7722888154569807,0.8,7.3170599200773445,4.668353438623448,0.6808266795250664,9.001638747946714,9.365397006355636e-06,0.0002812469489967828,1.8281903864419813,1.2419605594280527,1.2419605594280527,NONE,False
3,21,重庆,50663834.63130832,212589.92782530622,50447474.65090454,50447474.65090454,50660064.57872985,0.004196088380841464,0.9957294985273367,0.9957294985273367,0.9999255869081782,0.7103680968182737,0.09,0.08592933647593602,2.3312952263856204,1.3,7.295985930076544,4.682024991998724,0.6677651346057331,9.985037738700038,0.10814952972408731,0.000256691925723862,1.1294994139034333,1.6103797622666287,1.6103797622666287,NONE,False
3,22,四川,94830047.41899477,213473.56105009903,94611235.42704573,94611235.42704573,94824708.98809583,0.0022511173078601622,0.997692587972858,0.997692587972858,0.9999437052807182,0.5626572192864072,0.09,0.08906236770976826,3.545402918190094,1.3,9.211349074631183,-1.0588241560830642,0.6175283261479052,10.398911945765086,0.1473969196305105,0.00018518368076314573,0.6458067125825222,1.5639154818692091,1.5639154818692091,NONE,False
3,23,贵州,39447014.665611394,216149.17319436662,39226197.27555258,39226197.27555258,39442346.44874694,0.005479481147727976,0.9944021774035205,0.9944021774035205,0.9998816585512484,0.6033027917153944,0.09,0.08979025252500024,1.5391402826989873,1.3,6.761665165663726,4.575793490022808,0.6280091453192357,8.690520423693918,0.09044824423956466,0.0002045482630326223,1.030467842231082,1.3109652918730739,1.3109652918730739,NONE,False
3,24,云南,68611984.86091176,212079.03710524598,68395164.86341207,68395164.86341207,68607243.90051731,0.0030909911371193605,0.9968399107249379,0.9968399107249379,0.9999309018620572,0.42272596929167905,0.09,0.08689884944486685,1.9443637168428765,1.3,7.308960031124781,4.6732296815228445,0.6754818417606941,9.355203793913928,0.1292499669890752,0.00022369551985268465,0.9136295632365345,1.1223138132516461,1.1223138132516461,NONE,False
3,25,西藏,6325734.326183821,215811.24245138475,6105186.573961071,6105186.573961071,6320997.816412455,0.034116393658533396,0.9651348379729058,0.9651348379729058,0.9992512316314393,0.7049169477140795,0.09,0.08467156359368697,0.3184538554925906,0.8,7.337656815836388,4.658451336204056,0.6945260329622013,8.255088573452523,0.18269039505112172,0.0004614756703050782,2.6813930137438446,0.9519473348738489,0.9519473348738489,NONE,False
3,26,陕西,73897910.2910824,209503.52936966246,73683662.64844787,73683662.64844787,73893166.17781754,0.0028350399699319266,0.9971007618241083,0.9971007618241083,0.9999358017940403,0.4820743708412679,0.09,0.08403969760802892,2.3379307609075655,1.3,7.291150635215045,4.685901453436618,0.6661873773981067,10.237330189673743,0.13068190177186767,0.0002619998308013294,1.0132084740453395,1.276834793819483,1.276834793819483,NONE,False
3,27,甘肃,25177704.67938732,216367.5165735346,24956602.10862532,24956602.10862532,25172969.625198852,0.008593615634497138,0.9912183190017708,0.9912183190017708,0.9998119346362679,0.539620737406181,0.09,0.09,0.9330342943890283,0.9330342943890283,8.669480674150073,1.950434655883424,0.6452594262987414,9.80475616402301,0.05513846896768415,0.004973936286064129,1.232926744121463,1.0755387353608545,1.0755387353608545,NONE,False
3,28,青海,17578407.529567722,214032.38798640057,17359634.45474902,17359634.45474902,17573666.84273542,0.012175869038556983,0.9875544428896239,0.9875544428896239,0.9997303119281808,0.3594163827570587,0.09,0.07643437394951831,0.4602215603405341,0.8,7.322388239483406,4.676413185383796,0.6891357312209454,9.159888008197147,0.026964913474602392,0.0001296468859677269,2.2369127870240275,0.695994950573659,0.695994950573659,NONE,False
3,29,宁夏,18640640.44456374,214072.81602115728,18421827.717649393,18421827.717649393,18635900.53367055,0.011484198553037827,0.9882615231185279,0.9882615231185279,0.9997457216715656,0.4231047715280239,0.09,0.07895859216426679,0.5585247054542032,0.8,7.301135361358576,4.6836421811381985,0.6759326281594029,9.875804479452494,0.03344404155617653,0.0001448959723880927,2.094495732329744,0.8099810971474289,0.8099810971474289,NONE,False
3,30,新疆,49250553.031937115,211557.1987637273,49034250.78681268,49034250.78681268,49245807.985576406,0.00429552940505136,0.9956081255578151,0.9956081255578151,0.9999036549628665,0.42057506654487625,0.09,0.08353289813421869,1.4466741741032214,1.3,7.347678269603346,4.654693524450986,0.7007766224497799,7.959977136428181,0.10864497545985508,0.0002871652090601362,1.229395373226141,1.0354932829952574,1.0354932829952574,NONE,False
4,0,北京,58719043.066994764,208543.8387955916,58505237.88175724,64355761.66993297,58713781.72055283,0.0035515537703442496,0.9963588441829069,1.0959947286011977,0.9999103979532512,1.122620167385354,0.09,0.07859417868868851,4.276977620781633,1.3,7.29291981470211,4.688383390106725,0.6711320842927326,10.262841103250521,0.0402929412316726,0.0008186423635319073,1.335430665399569,2.437920774687262,1.0438848863321568,HIGH_RA_INCREASE_1P1,True
4,1,天津,64593598.72309723,205772.69745753432,64382564.19141449,70820820.61055595,64588336.88887203,0.0031856515432690173,0.9967328878425336,1.096406176626787,0.9999185393858027,0.39456036534612676,0.09,0.06490660663385923,1.6790916620267564,1.3,7.288545461435524,4.69216414281806,0.6820085733295309,10.448415432284559,0.04029872025876524,0.0008193173976382973,1.6515421417374303,1.034748432816036,0.39024400801641196,HIGH_RA_INCREASE_1P1,True
4,2,河北,113705229.18254791,208029.96753288174,113491942.07633151,124841136.28396468,113699972.0438644,0.0018295549732273112,0.9981242102254244,1.097936631247967,0.9999537651986518,0.34364867510707425,0.09,0.08640845698536795,2.6211969419263035,1.3,7.292367589796344,4.6843181807600205,0.6648447244294482,10.17856220896911,0.05252874862189105,0.0008195288840793236,0.7032883168141182,1.067338636199028,0.6266341556286903,HIGH_RA_INCREASE_1P1,True
4,3,山西,53478727.38884524,211178.15419053155,53261281.73335349,58587409.90668884,53472459.88754402,0.0039488253461053705,0.9959339784974556,1.0955273763472013,0.999882803843561,0.45575346176654086,0.09,0.08643618707707713,1.5841585235360984,1.3,9.312178813020862,-1.6865253715838926,0.633749951009721,10.59081700699284,0.03853471553496712,0.0008043960093466751,1.0817704334417173,1.1136984900932783,0.5349766103902436,HIGH_RA_INCREASE_1P1,True
4,4,内蒙古,82165502.99427319,204324.3100460161,81955908.1308653,90151498.94395185,82160232.44091132,0.002486740817009995,0.9974491136088769,1.0971940249697647,0.9999358544258868,0.3128376325361697,0.09,0.07370799758098931,1.7347989394734449,1.3,7.303834111795244,4.688615421147677,0.6794262697289571,10.054796967211395,0.045710414885592465,0.000823479701673957,1.2844709038476783,0.9036347315500086,0.3955553690913896,HIGH_RA_INCREASE_1P1,True
4,5,辽宁,90061052.78222083,206474.08993103882,89849317.57381403,98834249.33119544,90055791.66374508,0.00229260133601058,0.9976489814202062,1.0974138795622268,0.9999415827562168,0.3638656310985889,0.09,0.08254977463162953,2.2209448472270377,1.3,7.30609193531454,4.677754361762702,0.6768534041799669,9.545787817731487,0.04865409571901158,0.0008145066713969307,0.9591682926298062,1.0589248653382726,0.5404971432632109,HIGH_RA_INCREASE_1P1,True
4,6,吉林,66308917.7271201,207588.5161594212,66096066.69861572,72705673.3684773,66303655.214775145,0.003130627421996337,0.9967900090093413,1.0964690099102756,0.9999206364313378,0.26033554617768795,0.09,0.07865803958255277,1.2085238791738881,1.2085238791738881,7.317567393185522,4.67564917624381,0.6857248731551078,9.215822790604422,0.043727127834184865,0.0007429706335799757,1.2564316696101487,0.7331983987589327,0.32493711581596874,HIGH_RA_INCREASE_1P1,True
4,7,黑龙江,58424879.89838116,210835.58991440656,58208787.75555803,64029666.53111383,58419623.34547243,0.003608661075232239,0.9963013677871657,1.0959315045658822,0.9999100288623979,0.3211931329768756,0.09,0.08488119788079496,1.2971406554836011,1.2971406554836011,7.329414595776246,4.662670542096811,0.6895678398614234,8.545167928741702,0.04040012306970597,0.000821486646260805,1.0879725253772299,0.8512301435859188,0.40768263626080453,HIGH_RA_INCREASE_1P1,True
4,8,上海,66125294.30800852,207632.63158849554,65912399.68835613,72503639.65719175,66120032.31994463,0.0031399880145917005,0.9967804359605458,1.0964584795566006,0.9999204239751375,1.0329938488695214,0.09,0.0786424087781942,4.436625774368245,1.3,7.294968510683214,4.687227686590334,0.6723600043019515,10.165574976647312,0.0428079595196873,0.0008105959602646706,1.2628382763586816,2.353254580746131,1.039957033311698,HIGH_RA_INCREASE_1P1,True
4,9,江苏,203535217.25929242,192219.343878755,203337725.87156624,223671498.4587229,203529945.21544498,0.0009444033640324679,0.9990296942692006,1.0989326636961207,0.9999740976332331,0.5669767277869039,0.09,0.08043022235196078,7.730144391339919,1.3,7.288604350591977,4.689421619764107,0.667284148673003,10.417718287136852,0.057511378152584225,0.0008122526416372011,0.6358393349286675,1.9260565786278652,1.1774118261509174,HIGH_RA_INCREASE_1P1,True
4,10,浙江,124249656.20818298,203640.51174210207,124040753.50307877,136444828.85338667,124244394.01482087,0.0016389623758869642,0.9983186858500905,1.0981505544350998,0.9999576482259775,0.6371891166928713,0.09,0.08335383622787247,5.2385048670631935,1.3,7.29238412722184,4.685438711856882,0.6675520718951582,10.179693458709972,0.05317122457855583,0.0008121467433566121,0.7718754829429622,1.865111818631329,1.052620139838217,HIGH_RA_INCREASE_1P1,True
4,11,安徽,70182433.35888097,213623.38810731267,69963532.08691391,76959885.29560532,70177155.47502123,0.003043829885677233,0.996880967765143,1.0965690645416575,0.9999247976508202,0.6768455563319795,0.09,0.08895790152286001,3.074883993191332,1.3,8.744087641117996,-0.9324191337225908,0.6309376936050799,11.443539053994348,0.045464609733175676,0.0008060986388351843,0.7959456579448836,1.681124916844091,0.9360666952294188,HIGH_RA_INCREASE_1P1,True
4,12,福建,87795538.11850408,206563.36987350314,87583713.2028846,96342084.52317306,87790276.57275811,0.002352777536310438,0.9975872929290147,1.0973460222219162,0.9999400704653252,0.6796875007405573,0.09,0.08227444691205953,3.9239905286109584,1.3,7.297497301546276,4.6829557560032296,0.6716500631135138,9.94493220611594,0.04820384954413948,0.0008161273676106084,0.9820935602978196,1.7964378516260697,0.906333529158001,HIGH_RA_INCREASE_1P1,True
4,13,江西,51050047.92908307,214466.95247597384,50830111.27314169,55913122.40045586,51044578.22561766,0.004201111677189878,0.9956917443790276,1.0952609188169304,0.9998928560562175,0.6725285495605619,0.09,0.08911970920702914,2.205630012057409,1.3,8.662408937028694,-1.939451036146652,0.652961578331573,10.617815002363965,0.03822222645527562,0.0008190330848112382,0.9453219120713456,1.5352442633792756,0.7891980519278549,HIGH_RA_INCREASE_1P1,True
4,14,山东,210016973.07581103,194176.65256828806,209817528.25886053,230799281.0847466,210011704.9114288,0.0009245759984274937,0.9990503395319458,1.0989553734851405,0.9999749155303732,0.3519474784783529,0.09,0.08264995684038133,5.030281270188733,1.3,7.288080741577639,4.688472146872706,0.6652943592559246,10.407812974060805,0.058155694500710675,0.0008361706756401244,0.5658654188589045,1.2849276420428595,0.8205862563713978,HIGH_RA_INCREASE_1P1,True
4,15,河南,168320556.01470312,202034.88519966675,168116185.30807993,184927803.83888793,168318220.1932796,0.0012002983472916915,0.9987858244324873,1.098664406875736,0.999986122779779,0.3287827912521693,0.09,0.08521866606394114,3.7424863866959845,1.3,7.287979562931865,4.687577607301366,0.6629833886243239,10.40765253095189,0.05667468144249632,0.0008201755997441218,0.5792059881198452,1.139914115532732,0.7218273766108747,HIGH_RA_INCREASE_1P1,True
4,16,湖北,101805153.6623069,207396.61602119336,101594661.51220925,111754127.66343018,101802058.12823044,0.002037191719283082,0.9979324018232332,1.0977256420055566,0.9999695935425161,0.5637418755853812,0.09,0.08512260113770154,3.7613208089042707,1.3,7.289011613591446,4.686908219470894,0.663780493399571,10.35061871531626,0.05073736994466316,0.0008201794644895344,0.8060503307012752,1.5894323920714784,0.8800598549511711,HIGH_RA_INCREASE_1P1,True
4,17,湖南,93791807.14892803,210413.11011885852,93575959.47689357,102933555.42458294,93786372.58701244,0.002243406076873564,0.9976986511018844,1.097468516212073,0.9999420571787581,0.5056645693720545,0.09,0.08720613455511039,3.1162892019861688,1.3,7.293164908982819,4.6836039694094636,0.6646134700631602,10.143698041874146,0.049967313000901736,0.0007991547916692543,0.7536822355290598,1.4167063570694212,0.8078466716303491,HIGH_RA_INCREASE_1P1,True
4,18,广东,191259406.86816654,202397.2754674093,191051748.17931125,210156922.9972424,191254145.45477864,0.0010582343571049553,0.998914256337737,1.0988056819715109,0.9999724906948418,0.587452102410514,0.09,0.08628811405436472,7.582659292368299,1.3,7.299174490375231,4.67979987122047,0.6695810456446019,9.823978560240338,0.05804020658030562,0.000818661467980375,0.477483615356846,1.9575836150085797,1.324944381556325,HIGH_RA_INCREASE_1P1,True
4,19,广西,67306708.83876626,212311.62078793094,67089977.17350256,73798974.89085282,67302288.79429048,0.0031543901707707183,0.9967799396374752,1.096457933601223,0.9999343298082459,0.3976142683048735,0.09,0.08756573593359257,1.7816990465169973,1.3,7.307293092772359,4.673994728923923,0.6738083049747161,9.431889573230835,0.044353806726643574,0.0008178353353922585,0.893622534846173,1.0559578674063324,0.5576390478961597,HIGH_RA_INCREASE_1P1,True
4,20,海南,14673330.466888333,214887.14189344732,14453191.694022465,15898510.863424713,14668078.835915912,0.01464474219934998,0.9849973546658252,1.0834970901324077,0.9996420968651751,0.7491381966502011,0.09,0.08665916567159612,0.7716712702698494,0.8,7.316992298762393,4.668394371940485,0.6807841882529774,9.004494816157385,0.0031500283946782615,0.0007905521981277364,1.8304262185687068,1.2419605594280527,0.4387892365044897,HIGH_RA_INCREASE_1P1,True
4,21,重庆,50663834.63130832,212075.1226117228,50447474.65090454,55492222.115995005,50659549.77351627,0.004185927183661469,0.9957294985273367,1.0953024483800704,0.9999154257109981,0.7120404605970874,0.09,0.08592933647593602,2.3291598175064054,1.3,7.296071820303601,4.681968260456182,0.6678239612386703,9.980577360560655,0.037311523386902135,0.0008251345588043968,1.1312565374627988,1.6103797622666287,0.7556010897607571,HIGH_RA_INCREASE_1P1,True
4,22,四川,94830047.41899477,213559.7344533151,94611235.42704573,104072358.96975031,94824795.16149905,0.0022520260219814924,0.997692587972858,1.0974618467701438,0.9999446139948396,0.5635162071702225,0.09,0.08906236770976826,3.5392857503507025,1.3,7.298598811085347,4.679497355629089,0.6665230397687205,9.87747773976958,0.05081339816436037,0.0008360887003364681,0.6471827529778504,1.5639154818692091,0.9494486747398813,HIGH_RA_INCREASE_1P1,True
4,23,贵州,39447014.665611394,215616.93196570282,39226197.27555258,43148817.00310784,39441814.20751828,0.005465988587310526,0.9944021774035205,1.0938423951438727,0.9998681659908311,0.6044172428011766,0.09,0.08979025252500024,1.5369987642540361,1.3,7.303001443219733,4.6762767221851345,0.6688319908865761,9.658859809320175,0.031049010437501412,0.0008156450409282368,1.032123983257362,1.3109652918730739,0.6451207222955374,HIGH_RA_INCREASE_1P1,True
4,24,云南,68611984.86091176,211564.23705349336,68395164.86341207,75234681.34975328,68606729.10046557,0.0030834880740204544,0.9968399107249379,1.0965239017974318,0.9999233987989584,0.423270036378296,0.09,0.08689884944486685,1.9405640708806016,1.3,7.309027026270816,4.67318721873283,0.6755250920803058,9.352144881275603,0.04466180490326255,0.0008232181669909355,0.915204897857882,1.1223138132516461,0.5860019544159122,HIGH_RA_INCREASE_1P1,True
4,25,西藏,6325734.326183821,215296.48103919724,6105186.573961071,6715705.231357179,6320483.055000268,0.03403501790266949,0.9651348379729058,1.0616483217701966,0.9991698558755753,0.7067027733105824,0.09,0.08467156359368697,0.3181917736865994,0.8,7.337665645079419,4.65844667685021,0.6945311525704106,8.254782579885463,0.08506639706180075,0.0007744931672544197,2.6842442274789673,0.9519473348738489,0.2583833416291302,HIGH_RA_INCREASE_1P1,True
4,26,陕西,73897910.2910824,208988.69630727396,73683662.64844787,81052028.91329266,73892651.34475514,0.002828073155033365,0.9971007618241083,1.0968108380065191,0.9999288349791416,0.4827764074536124,0.09,0.08403969760802892,2.3337356678428653,1.3,7.29122745539889,4.685852338441402,0.6662381170593689,10.233359108664496,0.0451437812120179,0.0008261042375021788,1.0148715940967232,1.276834793819483,0.6337052929627977,HIGH_RA_INCREASE_1P1,True
4,27,甘肃,25177704.67938732,215852.75583069964,24956602.10862532,27452262.31948785,25172454.86445602,0.008573170532396293,0.9912183190017708,1.090340150901948,0.9997914895341672,0.5404741485497713,0.09,0.09,0.9329387958085383,0.9329387958085383,6.466961186474746,4.627701639766433,0.63400539962042,8.515678891990895,0.019703298066700903,0.0004020058947540317,1.233824393835154,1.0755387353608545,0.4814786418883669,HIGH_RA_INCREASE_1P1,True
4,28,青海,17578407.529567722,213517.63364117863,17359634.45474902,19095597.900223926,17573152.0883902,0.01214658570647152,0.9875544428896239,1.0863098871785863,0.9997010285960954,0.35984614794325237,0.09,0.07643437394951831,0.45925989268907397,0.8,7.322368178144387,4.6764221619681665,0.6891246478453418,9.160613218813099,0.007376269170965788,0.0008115215925750263,2.239539611643979,0.695994950573659,0.21484378461433917,HIGH_RA_INCREASE_1P1,True
4,29,宁夏,18640640.44456374,213558.06600016166,18421827.717649393,20264010.489414334,18635385.783649553,0.011456584157356174,0.9882615231185279,1.0870876754303807,0.999718107275884,0.42365514810964006,0.09,0.07895859216426679,0.5574301619344971,0.8,7.301101247277664,4.683660191681744,0.6759120752883916,9.877302751750987,0.009888673653677849,0.0008079506161116079,2.0969959320632348,0.8099810971474289,0.2615376690559019,HIGH_RA_INCREASE_1P1,True
4,30,新疆,49250553.031937115,211042.3522678856,49034250.78681268,53937675.86549395,49245293.13908056,0.004285075786479649,0.9956081255578151,1.0951689381135967,0.9998932013442947,0.4211497069123996,0.09,0.08353289813421869,1.4438950437225937,1.3,7.347809255856037,4.654628863840017,0.7008497352996951,7.955821658139728,0.037461065678886296,0.0008310606869417203,1.2312481360764789,1.0354932829952574,0.4640870131172917,HIGH_RA_INCREASE_1P1,True
5,0,北京,58719043.066994764,213820.1816025098,64355761.66993297,64355761.66993297,64569581.85153548,0.00364141120894212,1.0959947286011977,1.0959947286011977,1.0996361398101397,0.37275601921692036,0.09,0.07859417868868851,1.5487728810717103,1.3,7.292983630100972,4.68834394180652,0.6711459314448159,10.26167368813058,0.12141103635581385,0.5411579017381718,0.07159390685695577,1.0438848863321568,1.0438848863321568,NONE,False
5,1,天津,64593598.72309723,211049.08112670452,70820820.61055595,70820820.61055595,71031869.69168265,0.003267337403377064,1.096406176626787,1.096406176626787,1.0996735140301641,0.12144838238777428,0.09,0.06490660663385923,0.4729587284973398,0.8,7.288562159286361,4.692149473185553,0.6820227015285153,10.447231459210347,0.12142474271380399,0.59585074498358,0.07161878122782528,0.39024400801641196,0.39024400801641196,NONE,False
5,2,河北,113705229.18254791,213306.35441222924,124841136.28396468,124841136.28396468,125054442.6383769,0.0018759590561114549,1.097936631247967,1.097936631247967,1.0998125903040783,0.1766965245897775,0.09,0.08640845698536795,1.4504404668302795,1.3,7.2923861245920865,4.684305549761911,0.6648574235264426,10.177566400387763,0.1266457056184902,0.37081145311495234,0.07168950098255378,0.6266341556286903,0.6266341556286903,NONE,False
5,3,山西,53478727.38884524,217467.63016405381,58587409.90668884,58587409.90668884,58804877.536852896,0.00406643240746626,1.0955273763472013,1.0955273763472013,1.0995938087546675,0.18580979814487114,0.09,0.08643618707707713,0.6602551884331719,0.8,7.2940642503117825,4.68315952539063,0.6659772718705986,10.088382316741011,0.1206719980278439,0.48525460857690894,0.07158173661497491,0.5349766103902436,0.5349766103902436,NONE,False
5,4,内蒙古,82165502.99427319,209600.67525190432,90151498.94395185,90151498.94395185,90361099.61920375,0.002550957124506536,1.0971940249697647,1.0971940249697647,1.099744982094271,0.11392574188535876,0.09,0.07370799758098931,0.6220055355994913,0.8,7.303860439812775,4.68860371366665,0.6794410164355074,10.05372775834974,0.1238162565301244,0.5309024002826062,0.07163981761917082,0.3955553690913896,0.3955553690913896,NONE,False
5,5,辽宁,90061052.78222083,209808.29969949342,98834249.33119544,98834249.33119544,99044057.63089494,0.002329622997044425,1.0974138795622268,1.0974138795622268,1.0997435025592714,0.15939131906219825,0.09,0.08254977463162953,1.0084115971855478,1.0084115971855478,8.819086421451848,-1.6056263440889418,0.6516608558873784,10.234743357067838,0.12497165260480791,0.45300731175223496,0.07165073111536158,0.5404971432632109,0.5404971432632109,NONE,False
5,6,吉林,66308917.7271201,212864.87210535124,72705673.3684773,72705673.3684773,72918538.24058264,0.0032101997650052175,1.0964690099102756,1.0964690099102756,1.0996792096752808,0.09502824435829232,0.09,0.07865803958255277,0.44054855993661113,0.8,7.317612388516164,4.675627274691511,0.6857506792537439,9.214102141294305,0.1233063461396573,0.5251299325080848,0.07151185923866632,0.32493711581596874,0.32493711581596874,NONE,False
5,7,黑龙江,58424879.89838116,216111.9651742249,64029666.53111383,64029666.53111383,64245778.49628806,0.0036989714921127795,1.0959315045658822,1.0959315045658822,1.0996304760579951,0.1303893230245711,0.09,0.08488119788079496,0.5349361855771402,0.8,7.329460616724624,4.662645303821856,0.6895952081629786,8.543458858572384,0.12190601860741035,0.4868341338170352,0.07147622955143862,0.40768263626080453,0.40768263626080453,NONE,False
5,8,上海,66125294.30800852,212909.01395172576,72503639.65719175,72503639.65719175,72716548.67114347,0.003219781721651106,1.0964584795566006,1.0964584795566006,1.0996782612782514,0.35923322508441063,0.09,0.0786424087781942,1.6770420308499014,1.3,7.294990163692995,4.687216030776963,0.6723732319684564,10.164576280475996,0.12238213424354072,0.5264152218004294,0.07164576321082472,1.039957033311698,1.039957033311698,NONE,False
5,9,江苏,203535217.25929242,197495.68751861335,223671498.4587229,223671498.4587229,223868994.14624152,0.0009703268563445458,1.0989326636961207,1.0989326636961207,1.0999029905524655,0.2978917521322161,0.09,0.08043022235196078,4.544580199021053,1.3,7.288623817712869,4.689410194611844,0.6672965482129002,10.416742107770705,0.12869015858064614,0.3448254989588371,0.07176022004539773,1.1774118261509174,1.1774118261509174,NONE,False
5,10,浙江,124249656.20818298,208916.8879345525,136444828.85338667,136444828.85338667,136653745.74132124,0.001681428297753257,1.0981505544350998,1.0981505544350998,1.099831982732853,0.3042361872439247,0.09,0.08335383622787247,2.7678716023567667,1.3,7.2924023816121775,4.685427311973281,0.6675639803665033,10.178770584791778,0.12682165404979595,0.39514552686106874,0.07172681170325479,1.052620139838217,1.052620139838217,NONE,False
5,11,安徽,70182433.35888097,218778.0400911276,76959885.29560532,76959885.29560532,77178663.33569644,0.0031172763556429634,1.0965690645416575,1.0965690645416575,1.0996863408973003,0.31677862570991105,0.09,0.08895790152286001,1.5964585500227468,1.3,9.22163759513042,-0.4743903622480421,0.615703455315762,10.634333569771407,0.12351910814040767,0.40329873013880735,0.07164305469740695,0.9360666952294188,0.9360666952294188,NONE,False
5,12,福建,87795538.11850408,211839.7545174814,96342084.52317306,96342084.52317306,96553924.27769054,0.0024128760875244677,1.0973460222219162,1.0973460222219162,1.0997588983094406,0.2859630686841407,0.09,0.08227444691205953,1.7736642422919455,1.3,7.297514677116492,4.682945460532782,0.6716610833292032,9.944107065528083,0.12469457588283395,0.45931430220727687,0.07168963974008968,0.906333529158001,0.906333529158001,NONE,False
5,13,江西,51050047.92908307,219754.01896076332,55913122.40045586,55913122.40045586,56132876.41941663,0.0043046780145248415,1.0952609188169304,1.0952609188169304,1.0995655968314553,0.28900991441435114,0.09,0.08911970920702914,1.02364135204711,1.02364135204711,8.595776918090225,-0.03374734453058034,0.6329240410930179,10.305389628240729,0.12038316598455445,0.44914886196587467,0.07158278910722138,0.7891980519278549,0.7891980519278549,NONE,False
5,14,山东,210016973.07581103,199453.0050091151,230799281.0847466,230799281.0847466,230998734.0897557,0.0009496994556583644,1.0989553734851405,1.0989553734851405,1.0999050729407989,0.19886371035090683,0.09,0.08264995684038133,3.1210419470498802,1.3,7.288099005896697,4.6884632056244655,0.6653072728517394,10.406795819332556,0.12902530588228012,0.31555795428627065,0.07174413059617435,0.8205862563713978,0.8205862563713978,NONE,False
5,15,河南,168320556.01470312,204382.14242224084,184927803.83888793,184927803.83888793,185132185.98131016,0.0012142435081095363,1.098664406875736,1.098664406875736,1.0998786503838456,0.18430008965395644,0.09,0.08521866606394114,2.2946045852167,1.3,8.83290515619476,-1.6750483472151503,0.6479438455939435,10.999023040474583,0.12840138053868122,0.3213617961735731,0.07170951524958946,0.7218273766108747,0.7218273766108747,NONE,False
5,16,湖北,101805153.6623069,212673.00481950073,111754127.66343018,111754127.66343018,111966800.66824968,0.0020890200266771206,1.0977256420055566,1.0977256420055566,1.0998146620322335,0.2662105369019177,0.09,0.08512260113770154,1.9313898971099814,1.3,7.289027098166973,4.686897849930697,0.6637912744601263,10.349766682043725,0.1258331464713751,0.4066103570904763,0.071691560811457,0.8800598549511711,0.8800598549511711,NONE,False
5,17,湖南,93791807.14892803,215689.5062605809,102933555.42458294,102933555.42458294,103149244.93084352,0.0022996625485432504,1.097468516212073,1.097468516212073,1.0997681787606162,0.24828696540655876,0.09,0.08720613455511039,1.663911479897612,1.3,7.293179148441233,4.683594093713366,0.6646232773624539,10.142929229884672,0.12549538152953654,0.38889721393721777,0.07168010000061686,0.8078466716303491,0.8078466716303491,NONE,False
5,18,广东,191259406.86816654,207673.6566193859,210156922.9972424,210156922.9972424,210364596.6538618,0.0010858219212325256,1.0988056819715109,1.0988056819715109,1.0998915038927435,0.34812049126301775,0.09,0.08628811405436472,5.100645035128919,1.3,7.29918838316827,4.679790750961858,0.6695904907178541,9.823275470693021,0.1289175251276009,0.27461228528988124,0.07174846326534667,1.324944381556325,1.324944381556325,NONE,False
5,19,广西,67306708.83876626,217588.02112609465,73798974.89085282,73798974.89085282,74016562.91197892,0.0032327835498141564,1.096457933601223,1.096457933601223,1.099690717151037,0.18091922959820694,0.09,0.08756573593359257,0.8508837051471668,0.8508837051471668,7.307306349265199,4.6739860797418675,0.6738171883209307,9.431257475622528,0.12310993715725616,0.43408831345018406,0.07162312238353552,0.5576390478961597,0.5576390478961597,NONE,False
5,20,海南,14673330.466888333,220163.5469923937,15898510.863424713,15898510.863424713,16118674.410417106,0.01500433371205073,1.0834970901324077,1.0834970901324077,1.0985014238444584,0.21189367520166158,0.09,0.08665916567159612,0.19978567429821953,0.8,7.3170049028992645,4.66838674132625,0.6807921090014395,9.003962333415135,0.10173613582893348,0.6216095302443305,0.07100630645297601,0.4387892365044897,0.4387892365044897,NONE,False
5,21,重庆,50663834.63130832,217351.52169114814,55492222.115995005,55492222.115995005,55709573.637686156,0.004290072460421959,1.0953024483800704,1.0953024483800704,1.0995925208404924,0.2758238069949881,0.09,0.08592933647593602,0.9484109975501948,0.9484109975501948,7.296086658904051,4.681958461851832,0.6678341222941849,9.979807173891892,0.12015232561839961,0.4972232016850835,0.07154633829328105,0.7556010897607571,0.7556010897607571,NONE,False
5,22,四川,94830047.41899477,218453.76421225123,104072358.96975031,104072358.96975031,104290812.73396257,0.002303634450872311,1.0974618467701438,1.0974618467701438,1.0997654812210163,0.29400845638332795,0.09,0.08906236770976826,2.061471102361216,1.3,8.515690099307818,-1.3381294075605195,0.6524513699136493,10.68338532283479,0.1260105874451085,0.34941398795561496,0.07163405836815118,0.9494486747398813,0.9494486747398813,NONE,False
5,23,贵州,39447014.665611394,220893.33828784624,43148817.00310784,43148817.00310784,43369710.34139568,0.005599747919084325,1.0938423951438727,1.0938423951438727,1.099442143062957,0.24979770646262472,0.09,0.08979025252500024,0.668068687819808,0.8,7.303015073939321,4.6762671153710595,0.6688413536733729,9.658162815272433,0.11736070289767042,0.47272675825873167,0.0714846002722882,0.6451207222955374,0.6451207222955374,NONE,False
5,24,云南,68611984.86091176,216840.63581521518,75234681.34975328,75234681.34975328,75451521.9855685,0.0031603900725913742,1.0965239017974318,1.0965239017974318,1.0996842918700231,0.18989024843290345,0.09,0.08689884944486685,0.9127120660691046,0.9127120660691046,7.309040661847539,4.673178577776024,0.6755338937221953,9.351522531021695,0.12332634573475731,0.44047410008037546,0.07160674400440414,0.5860019544159122,0.5860019544159122,NONE,False
5,25,西藏,6325734.326183821,220572.88650026874,6715705.231357179,6715705.231357179,6936278.117857448,0.034869135364610795,1.0616483217701966,1.0616483217701966,1.0965174571348073,0.1489079637692337,0.09,0.08467156359368697,0.04856839968727521,0.8,7.337682809194011,4.658437619496586,0.6945411047689024,8.254187787845705,0.062385051716889794,0.7096037524490607,0.06989069872110121,0.2583833416291302,0.2583833416291302,NONE,False
5,26,陕西,73897910.2910824,214265.08719843024,81052028.91329266,81052028.91329266,81266294.0004911,0.0028994742389120928,1.0968108380065191,1.0968108380065191,1.0997103122454313,0.20379839827048313,0.09,0.08403969760802892,1.0221059358713656,1.0221059358713656,7.291244314242148,4.6858415620918485,0.6662492506288654,10.23248801245139,0.12354918601725928,0.4681442572316231,0.07162102826121641,0.6337052929627977,0.6337052929627977,NONE,False
5,27,甘肃,25177704.67938732,221129.16259299757,27452262.31948785,27452262.31948785,27673391.482080847,0.008782737164044716,1.090340150901948,1.090340150901948,1.0991228880659927,0.20247643465255108,0.09,0.09,0.35087215820100004,0.8,9.017776402077523,-1.4470369126069114,0.6500924962618194,10.31197928909504,0.11243273739748205,0.5204311610383526,0.07127257099573048,0.4814786418883669,0.4814786418883669,NONE,False
5,28,青海,17578407.529567722,218794.0342790526,19095597.900223926,19095597.900223926,19314391.934502978,0.012446749451622996,1.0863098871785863,1.0863098871785863,1.0987566366302093,0.08592826567210916,0.08592826567210916,0.07643437394951831,0.08809889079058573,0.8,7.322387382829742,4.676413568685853,0.6891352579520958,9.159918973800332,0.10679472981856963,0.6693715084761005,0.0710840950297682,0.21484378461433917,0.21484378461433917,NONE,False
5,29,宁夏,18640640.44456374,218834.46698351504,20264010.489414334,20264010.489414334,20482844.95639785,0.011739643154124289,1.0870876754303807,1.0870876754303807,1.098827318584505,0.10852942437048865,0.09,0.07895859216426679,0.11815160560347622,0.8,7.301119634363588,4.683650483860381,0.6759231532938108,9.876495146507189,0.10787630357696143,0.6541362058864424,0.07113876341764369,0.2615376690559019,0.2615376690559019,NONE,False
5,30,新疆,49250553.031937115,215394.63446915467,53937675.86549395,53937675.86549395,54153070.499963105,0.004373446006372343,1.0951689381135967,1.0951689381135967,1.099542384119969,0.15884509857741558,0.09,0.08353289813421869,0.5406379988748348,0.8,8.75939373404474,-1.7918056255357453,0.6755683060231278,8.414615797714669,0.12036013773523702,0.5197822030886161,0.07148506426927859,0.4640870131172917,0.4640870131172917,NONE,False
6,0,北京,58719043.066994764,208299.57179179494,64355761.66993297,70791337.83692627,64564061.24172477,0.0035473938421329196,1.0959947286011977,1.2055942014613175,1.0995421224433308,0.39877445435405695,0.09,0.07859417868868851,1.635706260640131,1.3,7.323202056347119,4.673022399559101,0.6889551715816113,9.00822525824714,0.01943755691421245,0.01679000130393926,0.08958596995037738,1.0438848863321568,0.9580564683479706,HIGH_RA_INCREASE_1P1,True
6,1,天津,64593598.72309723,205530.14226532573,70820820.61055595,77902902.67161155,71026350.75282127,0.003181896446835261,1.096406176626787,1.206046794289466,1.0995880730736223,0.11967110303521654,0.09,0.06490660663385923,0.6548738885543061,0.8,7.309251791867705,4.675068436433502,0.698589475236274,9.164177982884192,0.07782330457986109,0.008076716203218925,0.06296362045380866,0.39024400801641196,0.3671282821982242,HIGH_RA_INCREASE_1P1,True
6,2,河北,113705229.18254791,207787.91548936768,124841136.28396468,137325249.91236115,125048924.19945404,0.0018274262053135204,1.097936631247967,1.2077302943727637,1.0997640574532803,0.18129721563789947,0.09,0.08640845698536795,1.5328557722627794,1.3,7.31859370255087,4.667599563126706,0.6819698078542156,8.940622131624048,0.009005534291434913,0.014478230786975521,0.08720566890975778,0.6266341556286903,0.5763713099997673,HIGH_RA_INCREASE_1P1,True
6,3,山西,53478727.38884524,211963.9526322496,58587409.90668884,64446150.897357725,58799373.85932109,0.00396351900992434,1.0955273763472013,1.2050801139819214,1.0994908953571256,0.18515631796945484,0.09,0.08643618707707713,0.7933843281688471,0.8,7.320663358984962,4.666348718837662,0.6832367824852374,8.855092639071783,0.08442854243875386,0.009743354798759318,0.061140935559264475,0.5349766103902436,0.5041522689993004,HIGH_RA_INCREASE_1P1,True
6,4,内蒙古,82165502.99427319,204068.69647907084,90151498.94395185,99166648.83834703,90355567.64043091,0.00248362985732947,1.0971940249697647,1.2069134274667412,1.0996776548270941,0.11223202216514748,0.09,0.07370799758098931,0.8005933339218186,0.8005933339218186,7.330250078600113,4.671844816909887,0.6970648631037225,8.792866425394374,0.08273719875495922,0.009035424618335175,0.06195709682906636,0.3955553690913896,0.3724777302891913,HIGH_RA_INCREASE_1P1,True
6,5,辽宁,90061052.78222083,206220.98288666244,98834249.33119544,108717674.264315,99040470.3140821,0.0022897909419883336,1.0974138795622268,1.2071552675184496,1.0997036705042151,0.16020708356981173,0.09,0.08254977463162953,1.1586273217550327,1.1586273217550327,7.336620402835125,4.661434095859958,0.6949783613066094,8.36050901243876,0.03820240163479949,0.002051240053653647,0.0738489440185528,0.5404971432632109,0.5033269774802449,HIGH_RA_INCREASE_1P1,True
6,6,吉林,66308917.7271201,207336.01500197587,72705673.3684773,79976240.70532504,72913009.38347928,0.0031268194702743007,1.0964690099102756,1.2061159109013033,1.09959582938055,0.09398418061462803,0.09,0.07865803958255277,0.5631402156499443,0.8,7.351730534435242,4.66007747350466,0.7045065601784888,8.062774420002915,0.06794246837332452,0.005516673715534104,0.0656006779289211,0.32493711581596874,0.30493328556013094,HIGH_RA_INCREASE_1P1,True
6,7,黑龙江,58424879.89838116,210598.66489365874,64029666.53111383,70432633.18422522,64240265.19600749,0.0036046058675679713,1.0959315045658822,1.2055246550224705,1.0995361104334502,0.12849278961122867,0.09,0.08488119788079496,0.6577979556639875,0.8,7.363024311870172,4.645381742325043,0.7086667517767731,7.448834788636316,0.08462202115692197,0.009675493150664294,0.061109168631314104,0.40768263626080453,0.38420423488250455,HIGH_RA_INCREASE_1P1,True
6,8,上海,66125294.30800852,207386.88214390966,72503639.65719175,79754003.62291093,72711026.53933567,0.0031362715934073774,1.0964584795566006,1.2061043275122605,1.099594751150008,0.3831178834765675,0.09,0.0786424087781942,1.7740181920859808,1.3,7.32321710146429,4.672951456311252,0.6889468869547779,9.005221800396612,0.01820734508067623,0.016551773586057417,0.08938340124794797,1.039957033311698,0.9546290425578088,HIGH_RA_INCREASE_1P1,True
6,9,江苏,203535217.25929242,191918.32954210963,223671498.4587229,246038648.3045952,223863416.788265,0.0009429244340433551,1.0989326636961207,1.2088259300657331,1.099875588130164,0.31429550504931564,0.09,0.08043022235196078,4.6297419596909375,1.3,7.315464978317482,4.674643486788387,0.6837276239388727,9.220297083464638,0.008379793555161275,0.014508982869471554,0.08731037071821723,1.1774118261509174,1.082866362594504,HIGH_RA_INCREASE_1P1,True
6,10,浙江,124249656.20818298,203383.30418250934,136444828.85338667,150089311.73872536,136648212.15756917,0.0016368922891966495,1.0981505544350998,1.20796560987861,1.0997874467242963,0.3211359744979005,0.09,0.08335383622787247,2.8569309587058975,1.3,7.318233728311867,4.67025366055454,0.6837801930902818,9.015535709431857,0.01044916082760905,0.014884759902701772,0.08767920797674567,1.052620139838217,0.9677670880518676,HIGH_RA_INCREASE_1P1,True
6,11,安徽,70182433.35888097,213773.39349384038,76959885.29560532,84655873.82516585,77173658.68909916,0.003045967249392746,1.0965690645416575,1.2062259709958232,1.0996150317910502,0.3352725684455838,0.09,0.08895790152286001,1.6466613230025813,1.3,7.3166959633084305,4.667286417665435,0.6787466507839648,9.003171249942886,0.011543456844836708,0.014863876671558307,0.08757182489836124,0.9360666952294188,0.8606941388141413,HIGH_RA_INCREASE_1P1,True
6,12,福建,87795538.11850408,206315.47636946163,96342084.52317306,105976292.97549038,96548399.99954252,0.002349954004393509,1.0973460222219162,1.207080624444108,1.0996959762263097,0.3001547053345892,0.09,0.08227444691205953,1.8837151230552978,1.3,7.324187299069851,4.668120680986291,0.68792831695368,8.81662842250056,0.013896406265206718,0.015608836447390972,0.08841746804915607,0.906333529158001,0.8327076289785056,HIGH_RA_INCREASE_1P1,True
6,13,江西,51050047.92908307,214467.81082753235,55913122.40045586,61504434.640501454,56127590.21128339,0.004201128491112554,1.0952609188169304,1.2047870106986236,1.099462047308043,0.29951950713656483,0.09,0.08911970920702914,1.1206694209728785,1.1206694209728785,7.319878265556778,4.665168574000078,0.6806709172452584,8.864532102549639,0.03376331404108868,0.0027182944860724145,0.07449566669422159,0.7891980519278549,0.73448230308447,HIGH_RA_INCREASE_1P1,True
6,14,山东,210016973.07581103,193882.4546005144,230799281.0847466,253879209.19322127,230993163.5393471,0.0009231751689446907,1.0989553734851405,1.2088509108336545,1.0998785486540852,0.20524805971557927,0.09,0.08264995684038133,3.21561034638045,1.3,7.315072882290822,4.67263750314372,0.6822912225399052,9.162358653697222,0.006822507647782028,0.014122206665907466,0.08687952270142696,0.8205862563713978,0.7549928388859879,HIGH_RA_INCREASE_1P1,True
6,15,河南,168320556.01470312,201772.26706582066,184927803.83888793,203420584.22277674,185129576.10595375,0.0011987381211371205,1.098664406875736,1.2085308475633099,1.0998631449968732,0.18956656968776903,0.09,0.08521866606394114,2.3759151085186243,1.3,7.313665367351414,4.671361971635021,0.6797438467746719,9.165565458191976,0.00681097420532184,0.01407476512398631,0.08679357495786855,0.7218273766108747,0.6641807545088381,HIGH_RA_INCREASE_1P1,True
6,16,湖北,101805153.6623069,207153.46747452795,111754127.66343018,122929540.42977321,111961281.13090472,0.0020348033475954173,1.0977256420055566,1.2074982062061124,1.099760445353152,0.2784783579414669,0.09,0.08512260113770154,2.0222773706050403,1.3,7.314207428810745,4.671110318847136,0.6801505843851193,9.144011292112209,0.011088046997760004,0.014960758386717732,0.08772487931784156,0.8800598549511711,0.8090831346094557,HIGH_RA_INCREASE_1P1,True
6,17,湖南,93791807.14892803,210180.73939454483,102933555.42458294,113226910.96704125,103143736.16397749,0.002240928560645044,1.097468516212073,1.2072153678332804,1.099709444772718,0.25875311201870327,0.09,0.08720613455511039,1.7396276029850386,1.3,7.317904811020782,4.667490371612109,0.6809492689742337,8.959993681414922,0.010271009708938572,0.01470741756025129,0.08744174672233784,0.8078466716303491,0.7428873078169775,HIGH_RA_INCREASE_1P1,True
6,18,广东,191259406.86816654,202136.02235254875,210156922.9972424,231172615.29696664,210359059.01959494,0.001056868394932749,1.0988056819715109,1.208686250168662,1.0998625503664436,0.3663733600845568,0.09,0.08628811405436472,5.074080641755775,1.3,7.324852117046772,4.664007293156283,0.6859194607818435,8.689849543157663,0.006208460559704365,0.013946404075469987,0.08669550040130924,1.324944381556325,1.2192416192641198,HIGH_RA_INCREASE_1P1,True
6,19,广西,67306708.83876626,212084.68035144638,73798974.89085282,81178872.37993811,74011059.57120427,0.003151018435019559,1.096457933601223,1.2061037269613453,1.0996089520362426,0.18095562552092542,0.09,0.08756573593359257,0.9850089376924019,0.9850089376924019,7.334164786411111,4.657588422556483,0.6907162726176407,8.31409872412677,0.07465098446811758,0.0071618411388019165,0.06394832782035764,0.5576390478961597,0.524122303043193,HIGH_RA_INCREASE_1P1,True
6,20,海南,14673330.466888333,214669.5746181523,15898510.863424713,17488361.949767187,16113180.438042864,0.014629914803770908,1.0834970901324077,1.1918467991456487,1.0981270049361787,0.21718715466237806,0.09,0.08665916567159612,0.24957585957929915,0.8,7.344642326125326,4.65260740566723,0.6974765384978105,7.9648758399065755,0.026901972662388807,0.016798044276116864,0.0889971178087734,0.4387892365044897,0.4029296582413367,HIGH_RA_INCREASE_1P1,True
6,21,重庆,50663834.63130832,211847.35744644434,55492222.115995005,61041444.32759451,55704069.47344145,0.004181431567272856,1.0953024483800704,1.2048326932180777,1.0994838799473434,0.2834014129921326,0.09,0.08592933647593602,1.0780662538354888,1.0780662538354888,7.322815404483189,4.665471763970144,0.6849156720502125,8.776562224374745,0.04684707279901046,0.0006039696233405278,0.07089915685495018,0.7556010897607571,0.7055763233391926,HIGH_RA_INCREASE_1P1,True
6,22,四川,94830047.41899477,213337.71197389535,104072358.96975031,114479594.86672536,104285696.6817242,0.002249684754783357,1.0974618467701438,1.2072080314471583,1.0997115315249273,0.30982631764618157,0.09,0.08906236770976826,2.1056488671285214,1.3,7.324393983865132,4.662359440527229,0.6836159013431162,8.675006765601843,0.00862388328663699,0.01431523252365885,0.08697474909396341,0.9494486747398813,0.8734781332604867,HIGH_RA_INCREASE_1P1,True
6,23,贵州,39447014.665611394,215402.182082893,43148817.00310784,47463698.70341863,43364219.18519073,0.005460544578818876,1.0938423951438727,1.20322663465826,1.0993029397226914,0.2527506338608084,0.09,0.08979025252500024,0.7775113537733492,0.8,7.328752775199323,4.659215755584411,0.6857903859976944,8.494727001226902,0.0839946428196261,0.009958763841796836,0.06081393817805436,0.6451207222955374,0.608137486771272,HIGH_RA_INCREASE_1P1,True
6,24,云南,68611984.86091176,211333.83938294897,75234681.34975328,82758149.4847286,75446015.18913622,0.003080130094055125,1.0965239017974318,1.206176291977175,1.0996040318914868,0.19110153068093455,0.09,0.08689884944486685,1.0461175166796552,1.0461175166796552,7.337113155513483,4.656505552822164,0.6929130353863509,8.219586721700399,0.059309480930791914,0.0033958042375402675,0.06796777728213721,0.5860019544159122,0.5487075236550899,HIGH_RA_INCREASE_1P1,True
6,25,西藏,6325734.326183821,215018.97890332565,6715705.231357179,7387275.754492898,6930724.210260504,0.033991149140315216,1.0616483217701966,1.1678131539472163,1.0956394709105117,0.15071723321735198,0.09,0.08467156359368697,0.07833539958177015,0.8,8.176381801320915,1.959390844871319,0.6630383441644335,7.556333157729224,0.03983424080796294,0.016200339265292518,0.08722329101716397,0.2583833416291302,0.2376543473304336,HIGH_RA_INCREASE_1P1,True
6,26,陕西,73897910.2910824,208749.31816992635,81052028.91329266,89157231.80462193,81260778.23146258,0.0028248338464195665,1.0968108380065191,1.2064919218071712,1.0996356718529388,0.20701086674116426,0.09,0.08403969760802892,1.1638888039497832,1.1638888039497832,7.318271683826586,4.669626029639318,0.6833793389095342,8.997093323544403,0.03403797260072583,0.0029511448327865786,0.0747835371214749,0.6337052929627977,0.5896120205376523,HIGH_RA_INCREASE_1P1,True
6,27,甘肃,25177704.67938732,215638.83749347876,27452262.31948785,30197488.55143664,27667901.15698133,0.008564674192481877,1.090340150901948,1.1993741659921429,1.0989048250944298,0.20626594088577652,0.09,0.09,0.40864208796922225,0.8,7.33069911434577,4.65788137008034,0.6868460242195527,8.416674490200009,0.011135292440628275,0.007739334066855896,0.07956350729932615,0.4814786418883669,0.44599381012132466,HIGH_RA_INCREASE_1P1,True
6,28,青海,17578407.529567722,213295.00635515296,19095597.900223926,21005157.69024632,19308892.906579077,0.012133920891092128,1.0863098871785863,1.1949408758964453,1.0984438080696783,0.08714402242805626,0.08714402242805626,0.07643437394951831,0.13636289056677764,0.8,7.3496772970759086,4.659460030364854,0.7067166747194118,8.026259757158366,0.025173875350344654,0.016841880206165394,0.08912316504898854,0.21484378461433917,0.1972630750211575,HIGH_RA_INCREASE_1P1,True
6,29,宁夏,18640640.44456374,213334.44419160148,20264010.489414334,22290411.538355768,20477344.933605935,0.011444587691396474,1.0870876754303807,1.195796442973419,1.0985322631217773,0.11008578125826385,0.09,0.07895859216426679,0.17165749438294517,0.8,7.3319751482970865,4.668408437040169,0.6937450613955547,8.67843581756679,0.025099042580297493,0.01693566472371555,0.08927921038746045,0.2615376690559019,0.24010158879546784,HIGH_RA_INCREASE_1P1,True
6,30,新疆,49250553.031937115,210277.1049476717,53937675.86549395,59331443.452043355,54147952.970441625,0.004269537944301153,1.0951689381135967,1.2046858319249565,1.099438476057898,0.15712675598646006,0.09,0.08353289813421869,0.6742301525564653,0.8,8.189954857853758,1.964468015839718,0.6700071118886035,7.217722972137409,0.08246908264124575,0.009302030436681319,0.0615180775889963,0.4640870131172917,0.43719181322975004,HIGH_RA_INCREASE_1P1,True
7,0,北京,58719043.066994764,208162.08771564683,70791337.83692627,70791337.83692627,70999499.9246419,0.0035450524539057436,1.2055942014613175,1.2055942014613175,1.2091392539152233,0.355407111511601,0.09,0.07859114457618993,1.627542305768869,1.3,7.319395976777457,4.674847380023854,0.6867960799825495,9.149695461301796,0.09972250512396452,0.01759105228311897,0.07041900618602748,0.9580564683479706,0.9580564683479706,NONE,False
7,1,天津,64593598.72309723,205392.27045566268,77902902.67161155,77902902.67161155,78108294.9420672,0.0031797619967908522,1.206046794289466,1.206046794289466,1.2092265562862567,0.1076666012207671,0.09,0.06489997041598897,0.671139579965344,0.8,7.306774066057853,4.676997527841488,0.6967112050427188,9.30007458573994,0.14338555979028156,0.006587958687078954,0.06996638087122631,0.3671282821982242,0.3671282821982242,NONE,False
7,2,河北,113705229.18254791,207651.6254354689,137325249.91236115,137325249.91236115,137532901.53779662,0.0018262275792267641,1.2077302943727637,1.2077302943727637,1.2095565219519904,0.1597374595866258,0.09,0.0864074983383713,1.5220025850525483,1.3,7.313924847771341,4.6704183807372806,0.6790380080997842,9.138529350429526,0.1047823310424929,0.015381943646911922,0.07048233257798486,0.5763713099997673,0.5763713099997673,NONE,False
7,3,山西,53478727.38884524,211824.69879152538,64446150.897357725,64446150.897357725,64657975.59614925,0.0039609150990326004,1.2050801139819214,1.2050801139819214,1.209041029080954,0.16902839793015115,0.09,0.08643523582023332,0.8134434447175982,0.8134434447175982,7.316590225963614,4.668784049418926,0.6806969248133133,9.02419284645692,0.14620112069565927,0.008217270397550713,0.06986061755666495,0.5041522689993004,0.5041522689993004,NONE,False
7,4,内蒙古,82165502.99427319,203931.7768829567,99166648.83834703,99166648.83834703,99370580.61523,0.002481963469476606,1.2069134274667412,1.2069134274667412,1.2093953909362178,0.100802473160894,0.09,0.07370367277770982,0.8197913354366737,0.8197913354366737,7.327475826048461,4.674228244896835,0.694876149852653,8.946949476402882,0.14543653812986435,0.0075857364051563625,0.07001282343919679,0.3724777302891913,0.3724777302891913,NONE,False
7,5,辽宁,90061052.78222083,206085.73735378444,108717674.264315,108717674.264315,108923760.00166878,0.002288289232551236,1.2071552675184496,1.2071552675184496,1.209443556751001,0.14468801320033559,0.09,0.08254778936860735,1.1457948653675079,1.1457948653675079,7.331905066206367,4.6638239858609,0.6922795528101334,8.524947007286416,0.09549218056170306,0.0038745245277125306,0.078009598091211,0.5033269774802449,0.5033269774802449,NONE,False
7,6,吉林,66308917.7271201,207199.97661488483,79976240.70532504,79976240.70532504,80183440.68193991,0.0031247678851820684,1.2061159109013033,1.2061159109013033,1.2092406787864853,0.08363731428091502,0.08363731428091502,0.07865502237478611,0.5737738374938143,0.8,7.347072965819121,4.662091670684086,0.7020346576996059,8.204062241537574,0.13907964170625564,0.004165621366986505,0.07003956688157698,0.30493328556013094,0.30493328556013094,NONE,False
7,7,黑龙江,58424879.89838116,210460.59464918045,70432633.18422522,70432633.18422522,70643093.7788744,0.003602242657840909,1.2055246550224705,1.2055246550224705,1.2091268976803113,0.11633472510730838,0.09,0.08487983248987821,0.6738283318421371,0.8,7.358308251805718,4.647684953466149,0.7060875712964654,7.5864145351553764,0.14620833024139945,0.008293871475207881,0.06990987169710694,0.38420423488250455,0.38420423488250455,NONE,False
7,8,上海,66125294.30800852,207249.9961599821,79754003.62291093,79754003.62291093,79961253.61907092,0.0031342014932231733,1.2061043275122605,1.2061043275122605,1.209238529005484,0.34132648617915506,0.09,0.0786393874326835,1.7651775431250118,1.3,7.319301199785157,4.674831843411082,0.6867240303542383,9.150878823702499,0.10036792795678862,0.017395185164556404,0.07043337526804572,0.9546290425578088,0.9546290425578088,NONE,False
7,9,江苏,203535217.25929242,191793.1306373613,246038648.3045952,246038648.3045952,246230441.43523255,0.0009423093124617723,1.2088259300657331,1.2088259300657331,1.2097682393781948,0.278931596797661,0.09,0.0804276746324801,4.599645059420648,1.3,7.3104998208224155,4.677238371629411,0.6807850646901197,9.421261991282417,0.1053612677476059,0.01547392200696407,0.07048541484436033,1.082866362594504,1.082866362594504,NONE,False
7,10,浙江,124249656.20818298,203249.7267013873,150089311.73872536,150089311.73872536,150292561.46542674,0.0016358172159513906,1.20796560987861,1.20796560987861,1.2096014270945612,0.2852565884327841,0.09,0.08335206460496532,2.8396959155311903,1.3,7.313623218759903,4.672829022589956,0.6809775959072923,9.204018380465882,0.10424974531437337,0.015821906335722336,0.07047004942482493,0.9677670880518676,0.9677670880518676,NONE,False
7,11,安徽,70182433.35888097,213633.1808358856,84655873.82516585,84655873.82516585,84869507.00600174,0.003043969418151447,1.2062259709958232,1.2062259709958232,1.2092699404139748,0.29804108252899636,0.09,0.08895762305820566,1.636939567357951,1.3,7.312437026171213,4.670069853793637,0.6759609341392192,9.194942115249813,0.10351388405060247,0.01578319241253201,0.07040646952354179,0.8606941388141413,0.8606941388141413,NONE,False
7,12,福建,87795538.11850408,206179.87722111028,105976292.97549038,105976292.97549038,106182472.85271148,0.0023484095164701215,1.207080624444108,1.207080624444108,1.209429033960578,0.26665188753096725,0.09,0.08227238852829408,1.8732954246129212,1.3,7.31971003480276,4.670488925647215,0.6852858436386425,8.988450957367169,0.10249112239918734,0.016499489942887857,0.07045913498141543,0.8327076289785056,0.8327076289785056,NONE,False
7,13,江西,51050047.92908307,214327.17789392493,61504434.640501454,61504434.640501454,61718761.818395376,0.004198373685988713,1.2047870106986236,1.2047870106986236,1.2089853843846123,0.2716911719524225,0.09,0.08911947396320628,1.1163922347464144,1.1163922347464144,7.315717901198324,4.667850693597711,0.6779695289897358,9.046643508462035,0.10404450608019866,0.0006298809918454662,0.07517247109049263,0.73448230308447,0.73448230308447,NONE,False
7,14,山东,210016973.07581103,193756.24203612108,253879209.19322127,253879209.19322127,254072965.4352574,0.0009225742053056815,1.2088509108336545,1.2088509108336545,1.2097734850389603,0.18112035113684466,0.09,0.08264799818778291,3.1925885865148143,1.3,7.310000589179682,4.675459864525422,0.6792021591941015,9.373985753276099,0.10601991981788905,0.015073033546499692,0.07049695119474486,0.7549928388859879,0.7549928388859879,NONE,False
7,15,河南,168320556.01470312,201640.4156031276,203420584.22277674,203420584.22277674,203622224.63837987,0.00119795478566215,1.2085308475633099,1.2085308475633099,1.209728802348972,0.1670906365694529,0.09,0.08521739050201307,2.3588488972815185,1.3,7.3086827004013655,4.674347708330376,0.676607274884803,9.3831259567704,0.10594974939028878,0.015000157420559601,0.07049150024984785,0.6641807545088381,0.6641807545088381,NONE,False
7,16,湖北,101805153.6623069,207017.43079747254,122929540.42977321,122929540.42977321,123136557.86057068,0.002033467102109195,1.2074982062061124,1.2074982062061124,1.2095316733082215,0.24704057894416695,0.09,0.08512130000204358,2.010019553264817,1.3,7.309671846155927,4.673811675390739,0.6773042227550525,9.340484816075277,0.10385025380556989,0.015869575616987874,0.0704631470950281,0.8090831346094557,0.8090831346094557,NONE,False
7,17,湖南,93791807.14892803,210042.94705276962,113226910.96704125,113226910.96704125,113436953.91409403,0.002239459430814158,1.2072153678332804,1.2072153678332804,1.2094548272640946,0.22931289524849915,0.09,0.08720538856290538,1.7287321079538653,1.3,7.313203949237092,4.670394312092436,0.6779641411951556,9.162771012062434,0.10419205324562753,0.015624335761570518,0.07045119175039916,0.7428873078169775,0.7428873078169775,NONE,False
7,18,广东,191259406.86816654,202004.74500672752,231172615.29696664,231172615.29696664,231374620.04197338,0.001056182011198893,1.208686250168662,1.208686250168662,1.2097424321798609,0.32541559847340956,0.09,0.0862871233376827,5.0389371379946715,1.3,7.319415953973364,4.667195215850988,0.6825682845616334,8.908362618432076,0.10638301990892063,0.014937852202382751,0.07046260362731993,1.2192416192641198,1.2192416192641198,NONE,False
7,19,广西,67306708.83876626,211945.82809679903,81178872.37993811,81178872.37993811,81390818.2080349,0.0031489554570929457,1.2061037269613453,1.2061037269613453,1.2092526824184382,0.1657913037042698,0.09,0.08756508585676241,0.9840422818396665,0.9840422818396665,7.329116838753331,4.660523000751004,0.6876516621739314,8.50393563668873,0.10924341603177634,0.013376207902946025,0.07817992185127443,0.524122303043193,0.524122303043193,NONE,False
7,20,海南,14673330.466888333,214528.8355112681,17488361.949767187,17488361.949767187,17702890.785278454,0.01462032331346802,1.1918467991456487,1.1918467991456487,1.2064671224591168,0.19319321170937245,0.09,0.08665827384570693,0.24901687926242652,0.8,7.340403460485735,4.654913911638465,0.6950032456449047,8.109139591487343,0.09536760060709981,0.0177448827736868,0.06967299161237395,0.4029296582413367,0.4029296582413367,NONE,False
7,21,重庆,50663834.63130832,211708.31888669851,61041444.32759451,61041444.32759451,61253152.64648121,0.004178687231776784,1.2048326932180777,1.2048326932180777,1.2090113804498543,0.25894597706877537,0.09,0.08592825017005147,1.0737039589237962,1.0737039589237962,7.318450576567276,4.668024610410528,0.6822222054661584,8.953567258369066,0.10144836701897653,0.005904562290902637,0.07722234763387537,0.7055763233391926,0.7055763233391926,NONE,False
7,22,四川,94830047.41899477,213198.0064592602,114479594.86672536,114479594.86672536,114692792.87318462,0.002248211534865857,1.2072080314471583,1.2072080314471583,1.2094562429820244,0.27507390727600417,0.09,0.08906211714862312,2.0924894679293278,1.3,7.319323558555497,4.665551043085968,0.6803612959980609,8.888496329565573,0.10499459083510354,0.015216995116967613,0.0704342596447336,0.8734781332604867,0.8734781332604867,NONE,False
7,23,贵州,39447014.665611394,215261.02859231672,47463698.70341863,47463698.70341863,47678959.732010946,0.005456966272785509,1.20322663465826,1.20322663465826,1.2086836009310455,0.23157575043501313,0.09,0.08979019645683825,0.7975158161972037,0.8,7.324261980393773,4.662036454600084,0.6829190467967906,8.678247797144055,0.14589748899016985,0.008432016090271999,0.06975873837355628,0.608137486771272,0.608137486771272,NONE,False
7,24,云南,68611984.86091176,211195.5798345219,82758149.4847286,82758149.4847286,82969345.06456313,0.003078115000792522,1.206176291977175,1.206176291977175,1.2092544069779674,0.17426464184234777,0.09,0.08689802151527551,1.0420465706119506,1.0420465706119506,7.331933788716725,4.6594317921468384,0.6898134834218194,8.408315227009549,0.10502238007015063,0.009114346373698234,0.0777016055202353,0.5487075236550899,0.5487075236550899,NONE,False
7,25,西藏,6325734.326183821,214878.7444783177,7387275.754492898,7387275.754492898,7602154.498971215,0.03396898026350553,1.1678131539472163,1.1678131539472163,1.201782134210722,0.13284995931869825,0.09,0.08467014241451237,0.07843459306034173,0.8,8.162345826036796,1.9492261078244761,0.6608287801800414,7.687060998002668,0.08792064890094453,0.017387635092654063,0.06831904916872311,0.2376543473304336,0.2376543473304336,NONE,False
7,26,陕西,73897910.2910824,208612.1874592986,89157231.80462193,89157231.80462193,89365843.99208124,0.002822978168632636,1.2064919218071712,1.2064919218071712,1.2093148999758039,0.18747064070700642,0.09,0.08403810833692832,1.1524022390443986,1.1524022390443986,7.313844517555603,4.672142595626592,0.6806680899197157,9.17944495638547,0.09561594119465844,0.0025139808409382347,0.07748552234195416,0.5896120205376523,0.5896120205376523,NONE,False
7,27,甘肃,25177704.67938732,215497.5389890207,30197488.55143664,30197488.55143664,30412986.090425663,0.00855906214379605,1.1993741659921429,1.1993741659921429,1.207933228135939,0.18460353337794508,0.09,0.09,0.4105654248897452,0.8,7.326597435722415,4.6604452371608,0.684234870768027,8.581540937133397,0.113447330862958,0.008908531601825476,0.06994618167837241,0.44599381012132466,0.44599381012132466,NONE,False
7,28,青海,17578407.529567722,213156.63332469584,21005157.69024632,21005157.69024632,21218314.32357102,0.012126049129658428,1.1949408758964453,1.1949408758964453,1.2070669250261037,0.07523497473883686,0.07523497473883686,0.07302626140865476,0.13562604428639904,0.8,7.3405037309873284,4.662389584553992,0.7061969770559442,8.216549503587366,0.0965220319050184,0.017739198090117148,0.06980299347964936,0.1972630750211575,0.1972630750211575,NONE,False
7,29,宁夏,18640640.44456374,213194.43296909126,22290411.538355768,22290411.538355768,22503605.971324857,0.01143707661778682,1.195796442973419,1.195796442973419,1.2072335195912056,0.09572175614560856,0.09,0.07895565452877279,0.1708331537372451,0.8,7.327879354734984,4.67032568159679,0.6914629068361434,8.82146777005942,0.09655320645997545,0.01782275032462366,0.06986525898692153,0.24010158879546784,0.24010158879546784,NONE,False
7,30,新疆,49250553.031937115,210145.39722435232,59331443.452043355,59331443.452043355,59541588.84926771,0.004266863705836582,1.2046858319249565,1.2046858319249565,1.2089526956307932,0.1431633870730205,0.09,0.0835311741085264,0.6912418668810927,0.8,8.175305103524082,1.954167040519955,0.6677107480987925,7.346253168498369,0.1452621396161431,0.007867959914360734,0.06987005927183576,0.43719181322975004,0.43719181322975004,NONE,False
8,0,北京,58719043.066994764,208163.60273193254,70791337.83692627,77870471.6206189,70999501.4396582,0.003545078255012277,1.2055942014613175,1.3261536216074494,1.2091392797163298,0.3539053336984689,0.09,0.07859205051515142,1.6207559142707924,1.3,7.319532391968276,4.67478046706328,0.6868735379102706,9.144513134246441,0.037405881482803105,5.8376852178465555e-05,0.07048149387812064,0.9580564683479706,0.8949771423671616,HIGH_RA_INCREASE_1P1,True
8,1,天津,64593598.72309723,205394.0401783969,77902902.67161155,85693192.93877271,78108296.71178995,0.0031797893945944926,1.206046794289466,1.3266514737184125,1.2092265836840606,0.10739455365583266,0.09,0.06490195188777961,0.6692979977779403,0.8,7.306688750058385,4.677068110131733,0.6966415370053302,9.30502810566702,0.05326478112016764,0.0001128735797913949,0.06984560993556088,0.3671282821982242,0.3431600585997984,HIGH_RA_INCREASE_1P1,True
8,2,河北,113705229.18254791,207653.17405446636,137325249.91236115,151057774.90359727,137532903.08641562,0.0018262411988202393,1.2077302943727637,1.32850332381004,1.209556535571584,0.1596945845988093,0.09,0.08640778457550488,1.5214108002366922,1.3,7.31402096803688,4.67035959033565,0.6790985937611126,9.134367508754062,0.039270803680452326,4.107438658129681e-05,0.07052630198314169,0.5763713099997673,0.5383999523711318,HIGH_RA_INCREASE_1P1,True
8,3,山西,53478727.38884524,211826.42347166,64446150.897357725,70890765.98709351,64657977.320829384,0.003960947348867606,1.2050801139819214,1.3255881253801136,1.209041061330789,0.168319268270147,0.09,0.08643551985078182,0.8081815967098768,0.8081815967098768,7.316444904893098,4.668871536692908,0.6806054860322361,9.03033632677764,0.05078821786094845,0.0007410118561290702,0.07065339695868,0.5041522689993004,0.4708827996356296,HIGH_RA_INCREASE_1P1,True
8,4,内蒙古,82165502.99427319,203933.60260187514,99166648.83834703,109083313.72218174,99370582.4409489,0.0024819856894941544,1.2069134274667412,1.3276047702134153,1.2093954131562352,0.100862204179226,0.09,0.073704964096932,0.8146174574962446,0.8146174574962446,7.327365596008985,4.674326036583789,0.6947855759925331,8.953320861460174,0.049033702504971854,0.0011147418142500864,0.07120561147526838,0.3724777302891913,0.3477182403630369,HIGH_RA_INCREASE_1P1,True
8,5,辽宁,90061052.78222083,206087.41618816115,108717674.264315,119589441.6907465,108923761.68050316,0.002288307873621097,1.2071552675184496,1.3278707942702948,1.2094435753920707,0.14430896932039236,0.09,0.08254838213737299,1.1453565786586066,1.1453565786586066,7.331883952126285,4.663834089567893,0.6922671027492339,8.525675745644442,0.03804939262949647,0.0004853560847510874,0.07748637957335736,0.5033269774802449,0.46713070997662426,HIGH_RA_INCREASE_1P1,True
8,6,吉林,66308917.7271201,207201.7286724484,79976240.70532504,87973864.77585755,80183442.43399748,0.0031247943078356664,1.2061159109013033,1.3267275019914337,1.209240705209139,0.08363157513319831,0.08363157513319831,0.07865592326625669,0.5726232067667413,0.8,7.346984131447936,4.662128816655594,0.7019870617992453,8.206745849305298,0.05170468913875448,8.905013757887215e-05,0.06994427971093153,0.30493328556013094,0.28499922037296677,HIGH_RA_INCREASE_1P1,True
8,7,黑龙江,58424879.89838116,210462.3451669865,70432633.18422522,77475896.50264774,70643095.5293922,0.0036022726196963564,1.2055246550224705,1.3260771205247177,1.2091269276421668,0.11580980176650607,0.09,0.08488024017444155,0.6716460262431743,0.8,7.358163936943896,4.647755407070763,0.7060079729174052,7.590683799712924,0.05426945608458,0.00012490578688129084,0.0697762337626906,0.38420423488250455,0.3591444853202197,HIGH_RA_INCREASE_1P1,True
8,8,上海,66125294.30800852,207251.4765807203,79754003.62291093,87729403.98520203,79961255.09949166,0.003134223881338851,1.2061043275122605,1.3267147602634868,1.2092385513935995,0.33997102292482984,0.09,0.07864028955962031,1.7582723613354077,1.3,7.319453229218182,4.674757284999247,0.6868104586402171,9.145102392057803,0.03764622957740649,5.5687922625002884e-05,0.07049298547902283,0.9546290425578088,0.8917658083771867,HIGH_RA_INCREASE_1P1,True
8,9,江苏,203535217.25929242,191794.48051835885,246038648.3045952,270642513.13505477,246230442.78511357,0.0009423159446358782,1.2088259300657331,1.3297085230723065,1.209768246010369,0.2780379664493215,0.09,0.08042843534202582,4.585563902991817,1.3,7.3105929120404625,4.677188481374808,0.6808402414148584,9.417391373595056,0.03951238372599075,3.182407854640523e-05,0.07051948205628533,1.082866362594504,1.011533541187408,HIGH_RA_INCREASE_1P1,True
8,10,浙江,124249656.20818298,203251.19190533934,150089311.73872536,165098242.91259792,150292562.9306307,0.0016358290083699513,1.20796560987861,1.3287621708664712,1.20960143888698,0.28434094076727096,0.09,0.08335259358410417,2.8309016525622335,1.3,7.313734600807047,4.672765781073956,0.6810454420159747,9.199364648051676,0.03909331424576701,3.8271151836521966e-05,0.07051101754662281,0.9677670880518676,0.9040234730790331,HIGH_RA_INCREASE_1P1,True
8,11,安徽,70182433.35888097,213634.80458129867,84655873.82516585,93121461.20768245,84869508.62974715,0.0030439925542174876,1.2062259709958232,1.3268485680954056,1.2092699635500408,0.297004691710785,0.09,0.08895770620343509,1.631415848046601,1.3,7.312546790863722,4.669997393402078,0.676033175979673,9.189900330497707,0.038811082873376535,4.3689030548854646e-05,0.07045323454448837,0.8606941388141413,0.8040464646551269,HIGH_RA_INCREASE_1P1,True
8,12,福建,87795538.11850408,206181.3496623534,105976292.97549038,116573922.27303943,106182474.32515272,0.0023484262877238172,1.207080624444108,1.327788686888519,1.2094290507318317,0.26597177917171744,0.09,0.08227300312978024,1.8685868427673846,1.3,7.319850879890327,4.670413188454561,0.6853691779666298,8.982931296821477,0.03843237093482532,4.7695407486836316e-05,0.0705101909660566,0.8327076289785056,0.7778605341692716,HIGH_RA_INCREASE_1P1,True
8,13,江西,51050047.92908307,214328.82995861152,61504434.640501454,67654878.1045516,61718763.470460065,0.004198406047656401,1.2047870106986236,1.3252657117684858,1.20898541674628,0.2704673771840715,0.09,0.08911954420336536,1.1124183215164332,1.1124183215164332,7.315715813551529,4.66785202638188,0.6779681047927493,9.046736789844367,0.03976217907043633,0.00014856434212640046,0.07501273879965265,0.73448230308447,0.68323125538455,HIGH_RA_INCREASE_1P1,True
8,14,山东,210016973.07581103,193757.6410850555,253879209.19322127,279267130.1125434,254072966.83430633,0.0009225808669050463,1.2088509108336545,1.3297360019170201,1.2097734917005596,0.18094882167188464,0.09,0.08264858301108849,3.189543912714359,1.3,7.3100855474924415,4.67541160290165,0.679253932641593,9.370350281317505,0.03974521682229204,3.1852950406641156e-05,0.07053104968104162,0.7549928388859879,0.7052507623304654,HIGH_RA_INCREASE_1P1,True
8,15,河南,168320556.01470312,201641.892331432,203420584.22277674,223762642.64505443,203622226.11510816,0.0011979635589714794,1.2085308475633099,1.329383932319641,1.2097288111222813,0.16699191839579905,0.09,0.08521777136503281,2.3573322241902646,1.3,7.308775002172563,4.674291551810413,0.6766655315034453,9.379002374999475,0.03971257332991773,3.3828240443734003e-05,0.07052771309371098,0.6641807545088381,0.6204236904707738,HIGH_RA_INCREASE_1P1,True
8,16,湖北,101805153.6623069,207018.94616171592,122929540.42977321,135222494.47275054,123136559.37593493,0.002033481987055476,1.2074982062061124,1.3282480268267236,1.2095316881931677,0.2464750495837094,0.09,0.08512168850098266,2.005519002567804,1.3,7.309789391130255,4.673740712014514,0.6773781732330508,9.335288960504503,0.03893672509230517,4.206558936448168e-05,0.07050817675820364,0.8090831346094557,0.7557935120678708,HIGH_RA_INCREASE_1P1,True
8,17,湖南,93791807.14892803,210044.5088250662,113226910.96704125,124549602.0637454,113436955.47586632,0.0022394760822930454,1.2072153678332804,1.3279369046166087,1.2094548439155735,0.22886936657748605,0.09,0.08720561130461447,1.7254430477671336,1.3,7.313324560312999,4.670318926123485,0.6780411210213945,9.157457217165716,0.03905961621178777,4.161773740496422e-05,0.07049574150700222,0.7428873078169775,0.6939656824521034,HIGH_RA_INCREASE_1P1,True
8,18,广东,191259406.86816654,202006.21754382623,231172615.29696664,254289876.82666332,231374621.51451048,0.0010561897103605858,1.208686250168662,1.3295548751855282,1.2097424398790226,0.32397131560001463,0.09,0.08628741915032724,5.017629568501748,1.3,7.319513160864468,4.6671373297828005,0.6826284500536399,8.904361104952383,0.03988832023136113,2.8136562110203656e-05,0.07049272276485352,1.2192416192641198,1.1389536737018442,HIGH_RA_INCREASE_1P1,True
8,19,广西,67306708.83876626,211947.52514296627,81178872.37993811,89296759.61793193,81390819.90508108,0.0031489806707186976,1.2061037269613453,1.32671409965748,1.209252707632064,0.1650921586975838,0.09,0.0875652799596273,0.9804937116525877,0.9804937116525877,7.329023328241648,4.6605777957630075,0.6875943254795662,8.507526854552587,0.0410703135919912,1.53126627525646e-05,0.07816341204574462,0.524122303043193,0.48612510607154186,HIGH_RA_INCREASE_1P1,True
8,20,海南,14673330.466888333,214530.4704119329,17488361.949767187,19237198.14474391,17702892.42017912,0.014620434733344272,1.1918467991456487,1.3110314790602138,1.206467233878993,0.19314945494682345,0.09,0.0866585401310936,0.24891383938984651,0.8,7.340530991048583,4.6548437253321815,0.6950779446053279,8.104721538106856,0.035861401841569274,5.596133174412543e-05,0.06973285193751533,0.4029296582413367,0.37666381612151556,HIGH_RA_INCREASE_1P1,True
8,21,重庆,50663834.63130832,211709.986567063,61041444.32759451,67145588.76035397,61253154.31416158,0.004178720148360707,1.2048326932180777,1.3253159625398856,1.2090114133664385,0.2577601272595619,0.09,0.08592857452415019,1.0698157351478192,1.0698157351478192,7.318419771605502,4.668042559187947,0.6822028345102371,8.954835672995127,0.038829693018676004,0.0001458899120727608,0.07706519176029647,0.7055763233391926,0.6550915661716236,HIGH_RA_INCREASE_1P1,True
8,22,四川,94830047.41899477,213199.62283289767,114479594.86672536,125927554.3533979,114692794.48955825,0.002248228579818184,1.2072080314471583,1.3279288345918743,1.2094562600269765,0.2742129532082522,0.09,0.08906219196229721,2.086193725233771,1.3,7.3194360987471425,4.66547924983778,0.6804347572182667,8.883615140505865,0.039363377702342106,3.668284479663164e-05,0.07047352621854497,0.8734781332604867,0.8159735966064047,HIGH_RA_INCREASE_1P1,True
8,23,贵州,39447014.665611394,215262.68374673132,47463698.70341863,52210068.573760495,47678961.38716536,0.005457008231712658,1.20322663465826,1.3235492981240862,1.2086836428899728,0.2301609901415602,0.09,0.08979021319792234,0.793520577432559,0.8,7.3241559549003235,4.6621038385371945,0.6828511914727042,8.682657219084438,0.05419596039149033,0.00013276117570204526,0.06961671594573238,0.608137486771272,0.5685564536391616,HIGH_RA_INCREASE_1P1,True
8,24,云南,68611984.86091176,211197.26379942,82758149.4847286,91033964.43320148,82969346.74852802,0.0030781395440979157,1.206176291977175,1.3267939211748925,1.2092544315212728,0.17360231023516234,0.09,0.08689826872221806,1.0391796888270832,1.0391796888270832,7.331878851199518,4.659462946178488,0.6897801865240725,8.410356742344788,0.04011603358898652,0.00015041273541693823,0.07753950547378574,0.5487075236550899,0.5092226511118286,HIGH_RA_INCREASE_1P1,True
8,25,西藏,6325734.326183821,214880.3773260767,7387275.754492898,8126003.329942188,7602156.131818974,0.033969238391285614,1.1678131539472163,1.2845944693419382,1.201782392338502,0.1330336273497311,0.09,0.08467056675658477,0.07851421384901837,0.8,8.162594905737588,1.9494087793045274,0.6608663295829891,7.684795759633036,0.033252794687570475,3.904992154968312e-05,0.06836076694378335,0.2376543473304336,0.2224476550278815,HIGH_RA_INCREASE_1P1,True
8,26,陕西,73897910.2910824,208613.84605541456,89157231.80462193,98072954.98508413,89365845.65067735,0.0028230006130577816,1.2064919218071712,1.3271411139878884,1.209314922420229,0.18688217842122315,0.09,0.0840385828686443,1.1510746779737462,1.1510746779737462,7.3138372248947405,4.6721464029831115,0.6806632777557136,9.179741224988934,0.03785203671704762,0.00042438896608854026,0.07702824937515196,0.5896120205376523,0.547443412816443,HIGH_RA_INCREASE_1P1,True
8,27,甘肃,25177704.67938732,215499.1907197277,30197488.55143664,33217237.406580307,30412987.742156368,0.008559127746706563,1.1993741659921429,1.3193115825913573,1.2079332937388494,0.1842380549196337,0.09,0.09,0.40983833784336243,0.8,7.326638370149542,4.660419369193672,0.6842609152597677,8.579871040396384,0.04245843228652513,7.21045800022857e-06,0.06995389648037809,0.44599381012132466,0.4168346052932046,HIGH_RA_INCREASE_1P1,True
8,28,青海,17578407.529567722,213157.67243170037,21005157.69024632,23105673.459270954,21218315.36267802,0.012126108242351247,1.1949408758964453,1.3144349634860897,1.2070669841387964,0.07523598740133998,0.07523598740133998,0.07404387098553725,0.1359268297489936,0.8,7.342424768063717,4.662209752943106,0.705729735082335,8.198231008440603,0.03630668419695282,4.7703342274552085e-05,0.06985402665801344,0.1972630750211575,0.18438316826956624,HIGH_RA_INCREASE_1P1,True
8,29,宁夏,18640640.44456374,213196.05783266827,22290411.538355768,24519452.692191347,22503607.596188437,0.011437163785584613,1.195796442973419,1.315376087270761,1.2072336067590035,0.09572429793609044,0.09,0.07895653166119616,0.17113203257167717,0.8,7.327964838896415,4.6702842464412795,0.6915105037155653,8.818396214810125,0.03630281364786869,5.152029511634737e-05,0.06992037876079915,0.24010158879546784,0.2244107071533283,HIGH_RA_INCREASE_1P1,True
8,30,新疆,49250553.031937115,210147.35250552648,59331443.452043355,65264587.79724769,59541590.80454888,0.004266903406531372,1.2046858319249565,1.3251544151174524,1.208952735331488,0.14248682215059452,0.09,0.08353168887587466,0.688784221998168,0.8,8.1748414353717,1.9538416183786467,0.6676355270799411,7.350479827627636,0.05394144609618223,0.00012295956165986333,0.06973850851831465,0.43719181322975004,0.4086903572680584,HIGH_RA_INCREASE_1P1,True
9,0,北京,58719043.066994764,212809.70408238296,77870471.6206189,77870471.6206189,78083281.32470128,0.0036242025238657307,1.3261536216074494,1.3261536216074494,1.3297778241313152,0.3198238027440272,0.09,0.07857920844451773,1.6237393136941383,1.3,7.319726955192365,4.674703146933016,0.6869891768535829,9.13783535093173,0.11697010025610144,0.0018291930420513136,0.07243961117836717,0.8949771423671616,0.8949771423671616,NONE,False
9,1,天津,64593598.72309723,210040.3314265605,85693192.93877271,85693192.93877271,85903233.27019927,0.0032517205354507485,1.3266514737184125,1.3266514737184125,1.3299031942538633,0.09567560519173576,0.09,0.064873863681205,0.6711517324597772,0.8,7.3066924321196485,4.677018124174451,0.6967026666085775,9.302260261577214,0.12363134482556948,0.002436803769495066,0.07245261375062984,0.3431600585997984,0.3431600585997984,NONE,False
9,2,河北,113705229.18254791,212299.30708294263,151057774.90359727,151057774.90359727,151270074.21068022,0.0018671024068920084,1.32850332381004,1.32850332381004,1.3303704262169322,0.14311420395317698,0.09,0.08640372704222311,1.5246591421092814,1.3,7.314173206718319,4.670269347258302,0.6791979028374754,9.127833339119015,0.11786765062836957,0.0018614676027748356,0.07251905201220143,0.5383999523711318,0.5383999523711318,NONE,False
9,3,山西,53478727.38884524,216472.6855498551,70890765.98709351,70890765.98709351,71107238.67264336,0.0040478279143756814,1.3255881253801136,1.3255881253801136,1.3296359532944895,0.15086170334205026,0.09,0.08643149359678344,0.8103315678183972,0.8103315678183972,7.316513158042628,4.668833004822531,0.6806513004269192,9.027498144356882,0.12392226604827794,0.0013254617010820535,0.07207250703148205,0.4708827996356296,0.4708827996356296,NONE,False
9,4,内蒙古,82165502.99427319,208579.86829679884,109083313.72218174,109083313.72218174,109291893.59047854,0.0025385333344985004,1.3276047702134153,1.3276047702134153,1.3301433035479138,0.0895402152463339,0.0895402152463339,0.07368665909696309,0.8163635298318774,0.8163635298318774,7.327385011451103,4.674279816755437,0.6948381644402359,8.95051027640964,0.12322605411282694,0.0008901038813433626,0.07215909574775936,0.3477182403630369,0.3477182403630369,NONE,False
9,5,辽宁,90061052.78222083,210733.449285028,119589441.6907465,119589441.6907465,119800175.14003153,0.002339895468406399,1.3278707942702948,1.3278707942702948,1.3302106897387012,0.12788280576765818,0.09,0.08253997938764988,1.1387748466519365,1.1387748466519365,7.3320890220020845,4.663739085743612,0.6923892521949011,8.518697594836201,0.11746309327308824,0.004662148143694811,0.07246297844897276,0.46713070997662426,0.46713070997662426,NONE,False
9,6,吉林,66308917.7271201,211856.87710102313,87973864.77585755,87973864.77585755,88185721.65295857,0.0031949982651334158,1.3267275019914337,1.3267275019914337,1.329922500256567,0.07400676479400665,0.07400676479400665,0.07315226606664596,0.5741641777013102,0.8,7.339146053903216,4.663649577575495,0.704952978812062,8.290616928566108,0.12298978980038067,0.002346236753549169,0.07245462230423905,0.28499922037296677,0.28499922037296677,NONE,False
9,7,黑龙江,58424879.89838116,215108.5859381726,77475896.50264774,77475896.50264774,77691005.08858591,0.003681797657304775,1.3260771205247177,1.3260771205247177,1.3297589181820224,0.10326880831429715,0.09,0.08487446107211634,0.6735333507467262,0.8,7.358245116281469,4.647723166598422,0.7060551464106788,7.588470473001624,0.12402337931372243,0.002481083149382002,0.07243043754988854,0.3591444853202197,0.3591444853202197,NONE,False
9,8,上海,66125294.30800852,211897.5649209183,87729403.98520203,87729403.98520203,87941301.55012295,0.0032044857741412745,1.3267147602634868,1.3267147602634868,1.329919246037628,0.30714751657644224,0.09,0.07862750152606014,1.7615471942756797,1.3,7.319637819532801,4.67468448573659,0.6869205122409194,9.138785634969903,0.11707990779802047,0.001840713894482482,0.07246345679134003,0.8917658083771867,0.8917658083771867,NONE,False
9,9,江苏,203535217.25929242,196440.27181059588,270642513.13505477,270642513.13505477,270838953.40686536,0.000965141435746434,1.3297085230723065,1.3297085230723065,1.330673664508053,0.25079396475546073,0.09,0.08041765196021616,4.594824444939086,1.3,7.310748670195115,4.677117268770683,0.680938807802342,9.41136237975358,0.11800119981210555,0.0019133287440087354,0.07256773775232483,1.011533541187408,1.011533541187408,NONE,False
9,10,浙江,124249656.20818298,207897.23343809327,165098242.91259792,165098242.91259792,165306140.14603603,0.0016732218002258048,1.3287621708664712,1.3287621708664712,1.330435392666697,0.25653361024688076,0.09,0.08334509507950995,2.836533395815456,1.3,7.313886755940565,4.672686380354613,0.6811432951412616,9.193211643183918,0.11777823911591523,0.001890976517796128,0.07253532874284563,0.9040234730790331,0.9040234730790331,NONE,False
9,11,安徽,70182433.35888097,218281.06464148642,93121461.20768245,93121461.20768245,93339742.27232394,0.0031101951613062,1.3268485680954056,1.3268485680954056,1.329958763256712,0.2680745581692128,0.09,0.08895652758439515,1.634620316512773,1.3,7.312689090327095,4.669904010485828,0.6761279379914868,9.18336868426229,0.11757212897322145,0.001881185295876886,0.07246695542923742,0.8040464646551269,0.8040464646551269,NONE,False
9,12,福建,87795538.11850408,210827.43248343904,116573922.27303943,116573922.27303943,116784749.70552287,0.002401345637848586,1.327788686888519,1.327788686888519,1.3301900325263674,0.2398296481590664,0.09,0.08226429089194476,1.8723036562719881,1.3,7.320018615090899,4.670332618922515,0.6854735099451934,8.976667602554237,0.11744105436659091,0.0018636605967066178,0.07250525862733292,0.7778605341692716,0.7778605341692716,NONE,False
9,13,江西,51050047.92908307,218975.1024202061,67654878.1045516,67654878.1045516,67873853.20697181,0.004289420114245507,1.3252657117684858,1.3252657117684858,1.3295551318827314,0.2424803259811715,0.09,0.0891185485191939,1.1093484940296,1.1093484940296,7.315865076033349,4.667755053304429,0.6780663843329061,9.040076584597347,0.1186961413851566,0.0026053747250708303,0.07221192778085483,0.68323125538455,0.68323125538455,NONE,False
9,14,山东,210016973.07581103,193465.70416018425,279267130.1125434,279267130.1125434,279460595.8167036,0.0009211908034230539,1.3297360019170201,1.3297360019170201,1.3306571927204434,0.16245419576285589,0.09,0.08264029289164578,3.196367642583335,1.3,8.97045052743086,-0.36441510888094486,0.6233391702337678,9.828399328887386,0.11810888748366644,0.001883443307364674,0.07254733422188964,0.7052507623304654,0.7052507623304654,NONE,False
9,15,河南,168320556.01470312,206287.90894244093,223762642.64505443,223762642.64505443,223968930.55399686,0.0012255657527914848,1.329383932319641,1.329383932319641,1.3306094980724323,0.14975437634814887,0.09,0.08521237246951206,2.3623829920684236,1.3,7.308922540279957,4.674205621048648,0.6767630685963085,9.372496452735717,0.11807487615307766,0.0018924214982565246,0.07255360275244893,0.6204236904707738,0.6204236904707738,NONE,False
9,16,湖北,101805153.6623069,211665.0665163276,135222494.47275054,135222494.47275054,135434159.53926688,0.0020791193657880218,1.3282480268267236,1.3282480268267236,1.3303271461925117,0.2220890955970178,0.09,0.08511618136305311,2.009591029075867,1.3,7.309941087161716,4.67365310749424,0.6774779533077541,9.32867627774954,0.11767886929234628,0.0018777630086448394,0.07251833741297209,0.7557935120678708,0.7557935120678708,NONE,False
9,17,湖南,93791807.14892803,214690.69317217843,124549602.0637454,124549602.0637454,124764292.75691757,0.0022890132912278807,1.3279369046166087,1.3279369046166087,1.3302259179078364,0.20607399703520138,0.09,0.08720245384601878,1.7289781851193822,1.3,7.313474714561211,4.670227047657225,0.6781396198251132,9.150875349980634,0.11770702795821264,0.0018823359588850952,0.07251077413507412,0.6939656824521034,0.6939656824521034,NONE,False
9,18,广东,191259406.86816654,206652.24012793836,254289876.82666332,254289876.82666332,254496529.06679127,0.0010804814440859476,1.3295548751855282,1.3295548751855282,1.3306353566296143,0.2925788243047839,0.09,0.08628322588009929,5.027250046872523,1.3,7.3196616650616715,4.667052271438557,0.6827236190894018,8.89832311582705,0.1181118461145576,0.00194200353738605,0.07257162341920886,1.1389536737018442,1.1389536737018442,NONE,False
9,19,广西,67306708.83876626,216593.74339808425,89296759.61793193,89296759.61793193,89513353.36133002,0.0032180112077227875,1.32671409965748,1.32671409965748,1.329932110865203,0.14648530068004603,0.09,0.08756252846884566,0.9744106312877493,0.9744106312877493,7.3291844608819074,4.660485240912666,0.6876947902415135,8.50137596497493,0.11928925232313015,0.005468091992513413,0.07226791532571619,0.48612510607154186,0.48612510607154186,NONE,False
9,20,海南,14673330.466888333,219176.74393330136,19237198.14474391,19237198.14474391,19456374.88867721,0.014937082241001322,1.3110314790602138,1.3110314790602138,1.325968561301215,0.1737679701407861,0.09,0.0866547654223221,0.24949499383852,0.8,7.340703903916735,4.654752714149792,0.695181644986107,8.09883180997471,0.11551815176336566,0.002060805410968758,0.07193736318707922,0.37666381612151556,0.37666381612151556,NONE,False
9,21,重庆,50663834.63130832,216356.1926313232,67145588.76035397,67145588.76035397,67361944.95298529,0.004270426709817645,1.3253159625398856,1.3253159625398856,1.329586389249703,0.2303856223432292,0.09,0.08592397666665291,1.064399907618027,1.064399907618027,7.318594129876361,4.667943018919238,0.6823144048502072,8.947703437283145,0.1183040018381667,0.004504017870664012,0.07221407088873777,0.6550915661716236,0.6550915661716236,NONE,False
9,22,四川,94830047.41899477,217845.87164290482,125927554.3533979,125927554.3533979,126145400.22504081,0.002297224113791486,1.3279288345918743,1.3279288345918743,1.3302260587056658,0.2473331338166506,0.09,0.08906113144660262,2.0903459479773483,1.3,7.319587386331604,4.665383382258058,0.6805345246150394,8.877060678298301,0.1178226976209602,0.0019048814483855203,0.07251265137962659,0.8159735966064047,0.8159735966064047,NONE,False
9,23,贵州,39447014.665611394,219908.97785147052,52210068.573760495,52210068.573760495,52429977.55161197,0.0055747939284028995,1.3235492981240862,1.3235492981240862,1.3291240920524892,0.207441836238896,0.09,0.08978997588592522,0.7956546378564868,0.8,7.324225190601243,4.66205994987136,0.6828956935805522,8.679777810328103,0.12380324270404608,0.002563810261852373,0.07235901025832292,0.5685564536391616,0.5685564536391616,NONE,False
9,24,云南,68611984.86091176,215843.4561854115,91033964.43320148,91033964.43320148,91249807.88938689,0.003145856465498894,1.3267939211748925,1.3267939211748925,1.3299397776403916,0.15429841518270884,0.09,0.08689476445851767,1.0333521981825633,1.0333521981825633,7.332056023322998,4.659364819091197,0.6898893266510587,8.403825544234238,0.11871090554040431,0.004846556381599476,0.07231714950710622,0.5092226511118286,0.5092226511118286,NONE,False
9,25,西藏,6325734.326183821,219526.6412591074,8126003.329942188,8126003.329942188,8345529.971201296,0.03470374029943541,1.2845944693419382,1.2845944693419382,1.3192982096413737,0.11924499402588601,0.09,0.08466455152697416,0.07874361005573856,0.8,8.163022383024687,1.9496951454397236,0.660958975055412,7.679582960188264,0.1131220498978065,0.0024970650631475078,0.071028533289756,0.2224476550278815,0.2224476550278815,NONE,False
9,26,陕西,73897910.2910824,213259.9635269226,98072954.98508413,98072954.98508413,98286214.94861105,0.0028858727220688087,1.3271411139878884,1.3271411139878884,1.3300269867099572,0.16641535253482392,0.09,0.08403185617945944,1.1450892378313102,1.1450892378313102,7.314027225311783,4.672042798193283,0.6807848713363456,9.171912071135868,0.11747010910156153,0.004291392047066189,0.07240629891131789,0.547443412816443,0.547443412816443,NONE,False
9,27,甘肃,25177704.67938732,220145.48706018197,33217237.406580307,33217237.406580307,33437382.89364049,0.008743667854695762,1.3193115825913573,1.3193115825913573,1.328055250446053,0.16557803488895545,0.09,0.09,0.4108006949832835,0.8,7.326774499562067,4.660333412949971,0.6843478114194206,8.574310651499554,0.1187165477650256,0.0021122957872816706,0.07221395558849908,0.4168346052932046,0.4168346052932046,NONE,False
9,28,青海,17578407.529567722,217784.20624433944,23105673.459270954,23105673.459270954,23323457.665515292,0.012389302380094214,1.3144349634860897,1.3144349634860897,1.326824265866184,0.06637710186838915,0.06637710186838915,0.06407107584367608,0.13624957370422294,0.8,7.404395188902255,1.620364505847783,0.6688315528217297,8.497677241165317,0.1158801365205333,0.0020547649196684947,0.07205232518115645,0.18438316826956624,0.18438316826956624,NONE,False
9,29,宁夏,18640640.44456374,218148.66434594535,24519452.692191347,24519452.692191347,24737601.356537294,0.011702852431208452,1.315376087270761,1.315376087270761,1.3270789397019693,0.08504596900908051,0.08504596900908051,0.07894409793550947,0.17153517027919957,0.8,6.353366200297036,4.576980441852254,0.6413707746152426,7.6206818728843935,0.11595083162736941,0.002029614946184921,0.07209190515275998,0.2244107071533283,0.2244107071533283,NONE,False
9,30,新疆,49250553.031937115,214793.57232989473,65264587.79724769,65264587.79724769,65479381.36957759,0.004361241836017745,1.3251544151174524,1.3251544151174524,1.32951565695347,0.12757153271001767,0.09,0.08352439182946482,0.690685105814558,0.8,8.174958312385856,1.9538976949629963,0.6676854142344713,7.34803085948577,0.123795531134677,0.002499036257662235,0.07241182383731948,0.4086903572680584,0.4086903572680584,NONE,False
10,0,北京,58719043.066994764,208183.10332058612,77870471.6206189,85657518.7826808,78078654.72393948,0.0035454103549177767,1.3261536216074494,1.4587689837681945,1.3296990319623672,0.3178996175869839,0.09,0.07857920562009672,1.612341997136114,1.3,7.319893170177998,4.674623169237099,0.687083866167535,9.131593535408584,0.042209381087698894,0.00032006443348309155,0.07278286095496389,0.8949771423671616,0.834257495100617,HIGH_RA_INCREASE_1P1,True
10,1,天津,64593598.72309723,205413.7398524838,85693192.93877271,94262512.23264998,85898606.6786252,0.003180094373330409,1.3266514737184125,1.459316621090254,1.329831568091743,0.09572432113355016,0.09,0.06487385750362487,0.6692166723210518,0.8,7.306806236792582,4.676928461419621,0.6967900780546417,9.295899908841658,0.0445443633330489,0.0003203164284311111,0.07279613794152806,0.3431600585997984,0.31987443509840646,HIGH_RA_INCREASE_1P1,True
10,2,河北,113705229.18254791,207672.7156355666,151057774.90359727,166163552.39395702,151265447.61923283,0.0018264130605828049,1.32850332381004,1.4613536561910443,1.3303297368706228,0.14273082585983196,0.09,0.08640372614982947,1.5190257828680664,1.3,7.3143198085854015,4.670180071171993,0.6792905538614848,9.121506601800933,0.04255299536777679,0.0003410148115323697,0.07288479689458827,0.5383999523711318,0.5018245704753238,HIGH_RA_INCREASE_1P1,True
10,3,山西,53478727.38884524,211846.17300451596,70890765.98709351,77979842.58580287,71102612.16009803,0.003961316645853908,1.3255881253801136,1.4581469379181253,1.3295494420259677,0.1504614865121751,0.09,0.08643149271126921,0.8069094635057548,0.8069094635057548,7.316669263629541,4.668738864433444,0.6807492747266505,9.020899694117144,0.04409652611613035,0.0004467178270319838,0.07255142093224398,0.4708827996356296,0.43903051214677075,HIGH_RA_INCREASE_1P1,True
10,4,内蒙古,82165502.99427319,203953.24813125716,109083313.72218174,119991645.09439991,109287266.970313,0.002482224786544207,1.3276047702134153,1.4603652472347568,1.3300869949999594,0.08959815792991467,0.08959815792991467,0.07368665507105265,0.81404884400274,0.81404884400274,7.327502840983196,4.674177543165143,0.6949321572600599,8.943833637691167,0.04397413657551774,0.00043971551776555984,0.07263054073967301,0.3477182403630369,0.32417335434366296,HIGH_RA_INCREASE_1P1,True
10,5,辽宁,90061052.78222083,206106.80792275738,119589441.6907465,131548385.85982116,119795548.49866925,0.002288523191275035,1.3278707942702948,1.4606578736973241,1.3301593174615696,0.12771523393490572,0.09,0.082539977539591,1.1370100027879966,1.1370100027879966,7.33225041772261,4.663656712880764,0.6924821694350658,8.51297964120007,0.04341770787242849,8.036542465150731e-05,0.07254916739165895,0.46713070997662426,0.43553314307505664,HIGH_RA_INCREASE_1P1,True
10,6,吉林,66308917.7271201,207230.31922606673,87973864.77585755,96771251.25344332,88181095.09508362,0.0031252254799102276,1.3267275019914337,1.4594002521905773,1.329852727471344,0.07404602138707174,0.07404602138707174,0.07314731047369079,0.5727688115180967,0.8,7.339255577587689,4.663554528785155,0.7050439586745263,8.284966464640377,0.04432125201324033,0.0003219486849936892,0.07279989765960515,0.28499922037296677,0.2656592538782994,HIGH_RA_INCREASE_1P1,True
10,7,黑龙江,58424879.89838116,210482.0354193015,77475896.50264774,85223486.15291253,77686378.53806704,0.003602609637972633,1.3260771205247177,1.4586848325771895,1.3296797301626901,0.10332108116636479,0.09,0.08487445980108937,0.6714799444621319,0.8,7.3584150687220475,4.647639596873451,0.7061486519636305,7.583430165592532,0.04467542392372148,0.00031578027659184826,0.07276908993008346,0.3591444853202197,0.3347826561106701,HIGH_RA_INCREASE_1P1,True
10,8,上海,66125294.30800852,207270.93924151087,87729403.98520203,96502344.38372225,87936674.92444354,0.0031345182113829625,1.3267147602634868,1.4593862362898355,1.3298492784748697,0.30536864406310693,0.09,0.07862749871352379,1.7496106525515733,1.3,7.319807764165558,4.6746025707295615,0.6870174014072595,9.13239648566082,0.0422674093287525,0.0003217479153267977,0.07280851967282698,0.8917658083771867,0.8312441521709274,HIGH_RA_INCREASE_1P1,True
10,9,江苏,203535217.25929242,191813.3175852808,270642513.13505477,297706764.4485603,270834326.45264006,0.0009424084940589,1.3297085230723065,1.4626793753795375,1.3306509315663655,0.24959709907483527,0.09,0.08041764958857292,4.568526521354708,1.3,7.310909052810043,4.677032772260828,0.6810344663048158,9.404758166424061,0.042628653382325465,0.0003472005742153339,0.07294013388675724,1.011533541187408,0.9427679226827856,HIGH_RA_INCREASE_1P1,True
10,10,浙江,124249656.20818298,203270.5363078643,165098242.91259792,181608067.20385772,165301513.4489058,0.0016359846981570728,1.3287621708664712,1.4616383879531183,1.3303981555646283,0.25528335808087393,0.09,0.08334509343032623,2.8199904894351393,1.3,7.314043771957952,4.67259798660686,0.6812393232093352,9.186685898719814,0.04254290323778265,0.0003383192300321358,0.07289818806944814,0.9040234730790331,0.8425994965148698,HIGH_RA_INCREASE_1P1,True
10,11,安徽,70182433.35888097,213654.593807011,93121461.20768245,102433607.3284507,93335115.80148946,0.003044274522578589,1.3268485680954056,1.4595334249049463,1.3298928426179843,0.2667125817134424,0.09,0.08895652732517556,1.6247119497398577,1.3,7.312832848838626,4.669809271489376,0.6762225605510348,9.176782473391983,0.04244649668438316,0.00032291113373261737,0.07281326694970591,0.8040464646551269,0.7494747589589801,HIGH_RA_INCREASE_1P1,True
10,12,福建,87795538.11850408,206200.78245625462,116573922.27303943,128231314.50034338,116780123.05549568,0.0023486476291987675,1.327788686888519,1.4605675555773707,1.3301373345177177,0.2387373131728602,0.09,0.08226428897581861,1.8619747256650487,1.3,7.320188177223004,4.670242333702808,0.6855741379797715,8.970064461985697,0.0424250095429215,0.00032678186473367177,0.0728557338956839,0.7778605341692716,0.7250374021349125,HIGH_RA_INCREASE_1P1,True
10,13,江西,51050047.92908307,214348.6444627267,67654878.1045516,74420365.91500677,67869226.74901432,0.004198794186451936,1.3252657117684858,1.4577922829453347,1.3294645059549377,0.2414914110562447,0.09,0.08911854830020809,1.1041652185642423,1.1041652185642423,7.316013690965027,4.667658143779637,0.678163320781769,9.033455799219068,0.043299737622044976,0.00018833955156960513,0.07241386769452052,0.68323125538455,0.637096624695243,HIGH_RA_INCREASE_1P1,True
10,14,山东,210016973.07581103,193776.59684734806,279267130.1125434,307193843.1237978,279460906.70939076,0.0009226711251447254,1.3297360019170201,1.4627096021087223,1.3306586730421648,0.16195543880689822,0.09,0.08264029106835823,3.1834247704404075,1.3,7.310390301846601,4.675247385846663,0.6794460602572071,9.357594791488873,0.04266349278792747,0.00036607521331544213,0.07293996721605578,0.7052507623304654,0.6573068241277011,HIGH_RA_INCREASE_1P1,True
10,15,河南,168320556.01470312,201661.18882514248,223762642.64505443,246138906.9095599,223964303.83387956,0.0011980782003092182,1.329383932319641,1.4623223255516051,1.3305820105199502,0.14933166225345368,0.09,0.0852123712821059,2.353384344061227,1.3,7.309073351436535,4.674114382482863,0.6768586307689538,9.365783981762725,0.04265024038076204,0.0003446500176118583,0.07292325837052727,0.6204236904707738,0.5782554210009625,HIGH_RA_INCREASE_1P1,True
10,16,湖北,101805153.6623069,207038.45121091043,135222494.47275054,148744743.92002562,135429532.92396146,0.0020336735790180915,1.3282480268267236,1.4610728295093962,1.330281700405742,0.22115129160571292,0.09,0.08511618015184066,1.99916998799689,1.3,7.310097211488052,4.673559325009606,0.6775764590484024,9.321800825692815,0.04251024632247158,0.00033164900916671236,0.07287403705688811,0.7557935120678708,0.7044568942512266,HIGH_RA_INCREASE_1P1,True
10,17,湖南,93791807.14892803,210064.14099218886,124549602.0637454,137004562.27011994,124759666.20473759,0.0022396853987325027,1.3279369046166087,1.4607305950782694,1.3301765900153413,0.20526631806477139,0.09,0.08720245315158308,1.7205404890415155,1.3,7.313632919209352,4.670128463051971,0.6782407290642818,9.143926236153522,0.04252616265540721,0.00032719313808105,0.07286169230088912,0.6939656824521034,0.6468361089152184,HIGH_RA_INCREASE_1P1,True
10,18,广东,191259406.86816654,202025.49373079537,254289876.82666332,279718864.5093297,254491902.3203941,0.001056290495923423,1.3295548751855282,1.4625103627040812,1.3306111656814517,0.29095210001620675,0.09,0.08628322495785233,4.994700451080468,1.3,7.319831031831452,4.666951917111623,0.6828287184555011,8.891376419778195,0.04269891178626417,0.0003381348807578455,0.07293429729719803,1.1389536737018442,1.0615316115543643,HIGH_RA_INCREASE_1P1,True
10,19,广西,67306708.83876626,211967.22142938332,89296759.61793193,98226435.57972513,89508726.83936131,0.0031492733055355957,1.32671409965748,1.459385509623228,1.3298633729630156,0.14624117514138316,0.09,0.08756252786369649,0.9727047684376363,0.9727047684376363,7.329365612287095,4.660378902089969,0.687805532724534,8.494426020620537,0.04418651134211915,3.4110883744276066e-05,0.07230449133191863,0.48612510607154186,0.4533461437503835,HIGH_RA_INCREASE_1P1,True
10,20,海南,14673330.466888333,214550.28494478576,19237198.14474391,21160917.9592183,19451748.429688692,0.014621785110676641,1.3110314790602138,1.4421346269662354,1.3256532641708902,0.1731968408392476,0.09,0.08665476459213148,0.24838712993715592,0.8,7.3408918750201675,4.65464979578349,0.6952918736286826,8.092346422592373,0.04157267923166108,0.0001741345120715998,0.07212402447678912,0.37666381612151556,0.3513248537689775,HIGH_RA_INCREASE_1P1,True
10,21,重庆,50663834.63130832,211729.6704346989,67145588.76035397,73860147.63638937,67357318.43078867,0.0041791086674647015,1.3253159625398856,1.4578475587938742,1.32949507120735,0.229545260652484,0.09,0.08592397565542306,1.0603095575389607,1.0603095575389607,7.318764119767134,4.667842791652379,0.6824199472713387,8.940692268964748,0.04360660958909013,7.649008917187672e-05,0.07229608463863135,0.6550915661716236,0.6109241426470305,HIGH_RA_INCREASE_1P1,True
10,22,四川,94830047.41899477,213219.38655514017,125927554.3533979,138520309.7887377,126140773.73995304,0.0022484369918434905,1.3279288345918743,1.4607217180510619,1.3301772715837177,0.24616867784094346,0.09,0.08906113121335808,2.0785399602769155,1.3,7.319749416740427,4.665280213693318,0.6806402783668783,8.870052463955853,0.04257877923950515,0.00032450633075642443,0.07286068852481553,0.8159735966064047,0.760558761574505,HIGH_RA_INCREASE_1P1,True
10,23,贵州,39447014.665611394,215282.53827377467,52210068.573760495,57431075.43113655,52425351.11203427,0.005457511553122698,1.3235492981240862,1.4559042279364949,1.329006809677209,0.20659787165788027,0.09,0.089789975833732,0.7916487348399905,0.8,7.324392278064616,4.661953793454861,0.683002569939723,8.672835362821527,0.04462318574971147,0.00028107543143351954,0.07266042402978301,0.5685564536391616,0.5300432838784171,HIGH_RA_INCREASE_1P1,True
10,24,云南,68611984.86091176,211216.91302776049,91033964.43320148,100137360.87652163,91245181.34622924,0.0030784259259651696,1.3267939211748925,1.459473313292382,1.3298723471008578,0.15400059772031616,0.09,0.08689476368780738,1.0311909360676856,1.0311909360676856,7.332241752814951,4.659258897843314,0.6900012617835714,8.396923053122114,0.04387677578408655,6.22586532068592e-05,0.07238391052864501,0.5092226511118286,0.4748510734936343,HIGH_RA_INCREASE_1P1,True
10,25,西藏,6325734.326183821,214900.16096200602,8126003.329942188,8938603.662936408,8340903.490904194,0.03397236587576555,1.2845944693419382,1.4130539162761322,1.3185668352177038,0.11897609109103466,0.09,0.08466455020401456,0.07844921769055967,0.8,8.163630671643444,1.9501367962755487,0.6610549980309977,7.673855754809393,0.040415356060914176,6.221957460916805e-05,0.07096189435002054,0.2224476550278815,0.2077082818739201,HIGH_RA_INCREASE_1P1,True
10,26,陕西,73897910.2910824,208633.38008006234,98072954.98508413,107880250.48359255,98281588.36516419,0.0028232649510420474,1.3271411139878884,1.4598552253866772,1.3299643789389304,0.166038251428047,0.09,0.08403185470002494,1.1422317245890747,1.1422317245890747,7.314185779077633,4.671951956583167,0.6808825668497583,9.165271878828104,0.04334475686453798,9.08394043985794e-05,0.0725037156607844,0.547443412816443,0.5104349801521719,HIGH_RA_INCREASE_1P1,True
10,27,甘肃,25177704.67938732,215519.05287796792,33217237.406580307,36538961.14723834,33432756.459458273,0.008559916625537782,1.3193115825913573,1.4512427408504929,1.327871499216895,0.16505456057715587,0.09,0.09,0.40906561555294624,0.8,7.326929291167531,4.660235825457285,0.6844473595982659,8.567966980900465,0.042782465063013975,0.00024981752961728,0.07248181343010529,0.4168346052932046,0.38866356526834483,HIGH_RA_INCREASE_1P1,True
10,28,青海,17578407.529567722,213157.57398049574,23105673.459270954,23105673.459270954,23318831.03325145,0.012126102641661625,1.3144349634860897,1.3144349634860897,1.3265610661277514,0.06641565971341913,0.06641565971341913,0.06407191920704386,0.1359337007891815,0.8,7.405016324116556,1.6206508222446687,0.6689213636720928,8.491525404448563,0.041734901906560706,0.00020456224970644143,0.07227162661659836,0.18438316826956624,0.17195565348619854,NONE,True
10,29,宁夏,18640640.44456374,213215.80377123822,24519452.692191347,26971397.961410485,24732668.495962586,0.011438223080657048,1.315376087270761,1.446913695997837,1.326814310351418,0.08509342418732474,0.08509342418732474,0.07894409520089782,0.17107239984456865,0.8,7.328334619408274,4.670127334884333,0.6917216908161027,8.805955972675209,0.04174675809810657,0.00020674781052587576,0.0723135578068328,0.2244107071533283,0.20927713309184307,HIGH_RA_INCREASE_1P1,True
10,30,新疆,49250553.031937115,210166.77202215558,65264587.79724769,71791046.57697247,65474754.56926985,0.004267297707009917,1.3251544151174524,1.4576698566291977,1.3294217128244623,0.1272508202597817,0.09,0.08352439022458881,0.6882676968270155,0.8,8.175517562870148,1.9542924156181818,0.6677734767227375,7.343054425112499,0.04462895218211904,0.00029654630493713974,0.07272984360104928,0.4086903572680584,0.3809816233844346,HIGH_RA_INCREASE_1P1,True
11,0,北京,58719043.066994764,207995.39074896922,85657518.7826808,85657518.7826808,85865514.17342976,0.003542213562841265,1.4587689837681945,1.4587689837681945,1.4623111973310357,0.28631000206865076,0.09,0.07856318318594839,1.6096672706625512,1.3,7.3200428741019365,4.674571735681412,0.6871749740073362,9.12677991253069,0.11775350087904424,6.850470838826173e-05,0.07270937027791025,0.834257495100617,0.834257495100617,NONE,False
11,1,天津,64593598.72309723,205226.1421437684,94262512.23264998,94262512.23264998,94467738.37479375,0.003177190096243765,1.459316621090254,1.459316621090254,1.4624938111864976,0.084768812711456,0.084768812711456,0.0648388131986196,0.6683033237596241,0.8,7.3068316665844035,4.676849825091145,0.6968822489739687,9.291297243148284,0.11875640077450078,6.206446880108185e-05,0.07272955541909498,0.31987443509840646,0.31987443509840646,NONE,False
11,2,河北,113705229.18254791,207485.0238846367,166163552.39395702,166163552.39395702,166371037.41784164,0.0018247623735187248,1.4613536561910443,1.4613536561910443,1.4631784185645629,0.1272975098727601,0.09,0.08639866376061932,1.516872475205215,1.3,7.314440259065371,4.670109952471595,0.6793704366173573,9.11637193298183,0.11802887019940766,7.569357199699311e-05,0.07280358641197004,0.5018245704753238,0.5018245704753238,NONE,False
11,3,山西,53478727.38884524,211658.54930133643,77979842.58580287,77979842.58580287,78191501.13510421,0.00395780826574951,1.4581469379181253,1.4581469379181253,1.4621047461838748,0.13434586701574167,0.09,0.0864264693477172,0.8064662954537073,0.8064662954537073,7.316791106923009,4.668668764292322,0.6808293959622486,9.01581904203349,0.11944282259173278,9.222132295161334e-05,0.07245250882127197,0.43903051214677075,0.43903051214677075,NONE,False
11,4,内蒙古,82165502.99427319,203766.73223762307,119991645.09439991,119991645.09439991,120195411.82663754,0.002479954784087737,1.4603652472347568,1.4603652472347568,1.4628452020188445,0.07919798106168363,0.07919798106168363,0.07329450997650447,0.8134692152882962,0.8134692152882962,7.326839739767509,4.674123915717766,0.6951980231713255,8.944881674018436,0.1191991906608969,1.887598241245847e-05,0.07261029378445105,0.32417335434366296,0.32417335434366296,NONE,False
11,5,辽宁,90061052.78222083,205919.0312753997,131548385.85982116,131548385.85982116,131754304.89109656,0.0022864381984667483,1.4606578736973241,1.4606578736973241,1.462944311895791,0.1137105452627534,0.09,0.08252949383272287,1.136126622734607,1.136126622734607,7.332417210427784,4.663583871502546,0.692583141354257,8.507451865747054,0.11872861826786507,0.0001260917657166516,0.07268440700999323,0.43553314307505664,0.43553314307505664,NONE,False
11,6,吉林,66308917.7271201,207059.80554159777,96771251.25344332,96771251.25344332,96978311.05898492,0.003122653975347739,1.4594002521905773,1.4594002521905773,1.462522906165925,0.06505720391910018,0.06505720391910018,0.06482533404161847,0.5719949507320377,0.8,7.324159676541432,4.66378329598046,0.7096722083166366,8.41564075382448,0.11867451546928964,6.421397499756232e-05,0.07273100891379958,0.2656592538782994,0.2656592538782994,NONE,False
11,7,黑龙江,58424879.89838116,210294.37521723093,85223486.15291253,85223486.15291253,85433780.52812976,0.003599397646738813,1.4586848325771895,1.4586848325771895,1.4622842302239283,0.09167982372195169,0.09,0.08486724949294801,0.6705677013420428,0.8,7.358557741069443,4.647579114937746,0.7062302151055085,7.579449602016275,0.11878570508525899,6.003985154579006e-05,0.07270468103318128,0.3347826561106701,0.3347826561106701,NONE,False
11,8,上海,66125294.30800852,207083.2111464199,96502344.38372225,96502344.38372225,96709427.59486866,0.0031316792358130913,1.4593862362898355,1.4593862362898355,1.4625179155256487,0.2749310543360574,0.09,0.07861154369883429,1.7467382003588579,1.3,7.319954687028181,4.674552189758095,0.687107013743653,9.12767304640955,0.11780587684727206,7.063816289598623e-05,0.07273273844985795,0.8312441521709274,0.8312441521709274,NONE,False
11,9,江苏,203535217.25929242,191625.32018478846,297706764.4485603,297706764.4485603,297898389.76874506,0.0009414848337556669,1.4626793753795375,1.4626793753795375,1.463620860213293,0.22427907122740842,0.09,0.08040419568149906,4.5613877983912,1.3,7.311043165103609,4.67697587044531,0.6811213897721946,9.399737007881281,0.11812993602909838,8.260340901367069e-05,0.07285150537403062,0.9427679226827856,0.9427679226827856,NONE,False
11,10,浙江,124249656.20818298,203082.76309721792,181608067.20385772,181608067.20385772,181811149.96695495,0.0016344734407711227,1.4616383879531183,1.4616383879531183,1.4632728613938895,0.22945295482547265,0.09,0.08333573790663393,2.815574599503518,1.3,7.314169571628701,4.6725351575303105,0.6813221289959206,9.181690043911985,0.11803803638093058,7.819516780194213e-05,0.07281429261559769,0.8425994965148698,0.8425994965148698,NONE,False
11,11,安徽,70182433.35888097,213467.00215085602,102433607.3284507,102433607.3284507,102647074.33060156,0.003041601607902124,1.4595334249049463,1.4595334249049463,1.4625750265128485,0.23985358301919527,0.09,0.08895505681886144,1.6221582592724064,1.3,7.31294705171905,4.669734633612558,0.676299005054588,9.171553254362166,0.11788688331588948,7.019873399183307e-05,0.07273795681655626,0.7494747589589801,0.7494747589589801,NONE,False
11,12,福建,87795538.11850408,206013.04812968438,128231314.50034338,128231314.50034338,128437327.54847306,0.0023465093163574377,1.4605675555773707,1.4605675555773707,1.4629140648937282,0.21445178848835758,0.09,0.08225341913551129,1.859117261875413,1.3,7.320323128774137,4.670181594467504,0.6856600676079302,8.965164700523856,0.11793024752145898,7.409163312754874e-05,0.07277624426224927,0.7250374021349125,0.7250374021349125,NONE,False
11,13,江西,51050047.92908307,214161.06081653078,74420365.91500677,74420365.91500677,74634526.9758233,0.004195119681651147,1.4577922829453347,1.4577922829453347,1.461987402626986,0.21702353258567386,0.09,0.08911730603293476,1.1036965341478289,1.1036965341478289,7.316145626313643,4.667572703382889,0.6782504183554638,9.02758497339384,0.11920980647844082,3.755995228615916e-06,0.07240983971315051,0.637096624695243,0.637096624695243,NONE,False
11,14,山东,210016973.07581103,193586.55138566115,307193843.1237978,307193843.1237978,307387429.6751834,0.0009217662198939564,1.4627096021087223,1.4627096021087223,1.4636313683286162,0.14473724783174277,0.09,0.08262994788487626,3.1788174193202687,1.3,7.311225126192797,4.674743622899413,0.6795084640824725,9.352210803490427,0.1181469993919213,8.167001366921056e-05,0.0728523401942669,0.6573068241277011,0.6573068241277011,NONE,False
11,15,河南,168320556.01470312,201473.39614148045,246138906.9095599,246138906.9095599,246340380.30570138,0.0011969625155223546,1.4623223255516051,1.4623223255516051,1.4635192880671275,0.13328201299254416,0.09,0.08520563533971608,2.3500154030206444,1.3,7.309194736804437,4.674045266499901,0.6769404899403779,9.360476981836332,0.11811729238271629,7.940266136075014e-05,0.07283806540837667,0.5782554210009625,0.5782554210009625,NONE,False
11,16,湖北,101805153.6623069,206850.74652136015,148744743.92002562,148744743.92002562,148951594.66654697,0.0020318298148981244,1.4610728295093962,1.4610728295093962,1.4631046593242942,0.1984854445295828,0.09,0.08510930916060111,1.99615038919959,1.3,7.3102197419513075,4.673490286424316,0.6776587315156389,9.316509783404467,0.11799142903993753,7.53847637015026e-05,0.07279315870112302,0.7044568942512266,0.7044568942512266,NONE,False
11,17,湖南,93791807.14892803,209876.4878543074,137004562.27011994,137004562.27011994,137214438.75797424,0.002237684657478168,1.4607305950782694,1.4607305950782694,1.4629682797357477,0.18407118854942156,0.09,0.08719851374228776,1.7179808247659587,1.3,7.313754388572097,4.67005503386107,0.6783214182576942,9.138627374354655,0.11798066721498013,7.399783382378011e-05,0.07278230285966636,0.6468361089152184,0.6468361089152184,NONE,False
11,18,广东,191259406.86816654,201837.69614319317,279718864.5093297,279718864.5093297,279920702.2054729,0.0010553085960489158,1.4625103627040812,1.4625103627040812,1.4635656713001302,0.2618026341337905,0.09,0.08627799321617999,4.986516592920535,1.3,7.319958538128354,4.6668801891992215,0.6829114959448935,8.886231714918335,0.11814634210179231,8.194626840074548e-05,0.0728463743352954,1.0615316115543643,1.0615316115543643,NONE,False
11,19,广西,67306708.83876626,211779.5826604868,98226435.57972513,98226435.57972513,98438215.16238561,0.0031464854888062707,1.459385509623228,1.459385509623228,1.4625319951120344,0.1305792888792922,0.09,0.0875590949609259,0.972181298442552,0.972181298442552,7.329522915496483,4.660289274578646,0.6879040183365865,8.488450843397922,0.1190170982473997,0.000302572410595614,0.07262894108675355,0.4533461437503835,0.4533461437503835,NONE,False
11,20,海南,14673330.466888333,214362.70394441084,21160917.9592183,21160917.9592183,21375280.663162712,0.014609001305336865,1.4421346269662354,1.4421346269662354,1.4567436282715722,0.1551363541002301,0.09,0.08665005506946605,0.24805563636025016,0.8,7.341031764721895,4.6545779387187896,0.6953766620593306,8.087633177194792,0.11661890921277052,1.8030283050696205e-05,0.07210469377716211,0.3513248537689775,0.3513248537689775,NONE,False
11,21,重庆,50663834.63130832,211542.02925008768,73860147.63638937,73860147.63638937,74071689.66563946,0.004175405016014377,1.4578475587938742,1.4578475587938742,1.4620229638098885,0.20622075045800045,0.09,0.08591823912966526,1.0599063874583394,1.0599063874583394,7.3189160142759,4.6677575096377435,0.6825182544618869,8.934525407151472,0.11916237989137168,0.00014854962567456553,0.07245537382061684,0.6109241426470305,0.6109241426470305,NONE,False
11,22,四川,94830047.41899477,213031.78543219733,138520309.7887377,138520309.7887377,138733341.5741699,0.002246458704074489,1.4607217180510619,1.4607217180510619,1.4629681767551364,0.22119404803063947,0.09,0.08905980805891014,2.0753265425615264,1.3,7.31987222694851,4.665202742075614,0.6807215981503499,8.864747012298862,0.1180036869468295,7.388210188674638e-05,0.07278142332211557,0.760558761574505,0.760558761574505,NONE,False
11,23,贵州,39447014.665611394,215094.97175157882,57431075.43113655,57431075.43113655,57646170.40288813,0.005452756655349423,1.4559042279364949,1.4559042279364949,1.4613569845918444,0.1853343425090659,0.09,0.08978967975096194,0.7904970258696461,0.8,7.324515620105589,4.661875636599517,0.6830816731862904,8.667718155133,0.1186054461229491,4.974434377169601e-05,0.07260706524089988,0.5300432838784171,0.5300432838784171,NONE,False
11,24,云南,68611984.86091176,211029.25602853464,100137360.87652163,100137360.87652163,100348390.13255017,0.003075690879025393,1.459473313292382,1.459473313292382,1.4625490041714073,0.1376099094711872,0.09,0.08689039158645553,1.030588924936375,1.030588924936375,7.332402743145085,4.659170914835733,0.6901010993373516,8.391028882163354,0.1189681728467078,0.00021454110101992718,0.07261398095352578,0.4748510734936343,0.4748510734936343,NONE,False
11,25,西藏,6325734.326183821,214712.57498217278,8938603.662936408,8938603.662936408,9153316.23791858,0.03394271145618982,1.4130539162761322,1.4130539162761322,1.4469966277323218,0.1060639275417535,0.09,0.08465704529121101,0.07836311988303402,0.8,8.163939869005132,1.9503310284840802,0.6611351958813239,7.66947198384284,0.11463176588205282,6.585822087012971e-05,0.07103242599500192,0.2077082818739201,0.2077082818739201,NONE,False
11,26,陕西,73897910.2910824,208445.67323825165,107880250.48359255,107880250.48359255,108088696.1568308,0.002820724867823573,1.4598552253866772,1.4598552253866772,1.4626759502545008,0.1485151607456346,0.09,0.08402346213331394,1.1414817027352597,1.1414817027352597,7.314339061887483,4.6718709249064005,0.6809825038713795,9.159038663626733,0.11885863910732342,9.399726997671998e-05,0.07260452808209639,0.5104349801521719,0.5104349801521719,NONE,False
11,27,甘肃,25177704.67938732,215331.49033865464,36538961.14723834,36538961.14723834,36754292.63757699,0.00855246707675239,1.4512427408504929,1.4512427408504929,1.4597952079272454,0.14765524624993537,0.09,0.09,0.40850277598087836,0.8,7.327053362716234,4.660157654652716,0.6845271121309036,8.562888952430852,0.11760114930545762,4.268218991154704e-05,0.07243603755766781,0.38866356526834483,0.38866356526834483,NONE,False
11,28,青海,17578407.529567722,213145.54246809572,23105673.459270954,23105673.459270954,23318819.00173905,0.012125418193290532,1.3144349634860897,1.3144349634860897,1.3265603816793803,0.060276211832854254,0.060276211832854254,0.05664568308348435,0.12487827597366367,0.8,6.854594247055772,1.6231838080549494,0.6782005287644166,8.593563926113193,0.01620639740154628,0.06738179885096685,2.0035558319753122e-05,0.17195565348619854,0.17195565348619854,NONE,False
11,29,宁夏,18640640.44456374,213027.7174852914,26971397.961410485,26971397.961410485,27184425.678895775,0.01142813296135529,1.446913695997837,1.446913695997837,1.4583418289591923,0.0751626157431009,0.0751626157431009,0.07463535953617377,0.17085219293037043,0.8,7.330001043841,4.673514773341645,0.6950100387007625,8.890726449681095,0.11694822946554528,3.3890794282398495e-05,0.07227721624863892,0.20927713309184307,0.20927713309184307,NONE,False
11,30,新疆,49250553.031937115,209979.04865781462,71791046.57697247,71791046.57697247,72001025.62563029,0.004263486107895097,1.4576698566291977,1.4576698566291977,1.4619333427370929,0.11327114139740985,0.09,0.08351528605058807,0.6873219839349008,0.8,8.175763220352165,1.9544328671176172,0.6678514680336808,7.339114058935195,0.11870791497756228,5.5706621360673836e-05,0.07267008544582954,0.3809816233844346,0.3809816233844346,NONE,False
12,0,北京,58719043.066994764,207983.68214490107,85657518.7826808,94223270.66094889,85865502.46482569,0.003542014162383482,1.4587689837681945,1.604645882145014,1.4623109979305777,0.2847420132620147,0.09,0.07856331700588502,1.6014874648691066,1.3,7.320071859559318,4.674557636901296,0.6871914237205824,9.125686961821538,0.04394604417497905,1.1691208669839526e-05,0.07272191154700036,0.834257495100617,0.7777015516514552,HIGH_RA_INCREASE_1P1,True
12,1,天津,64593598.72309723,205214.43428902785,94262512.23264998,103688763.45591499,94467726.666939,0.0031770088421416245,1.459316621090254,1.6052482831992794,1.4624936299323954,0.08477195564997529,0.08477195564997529,0.06483910588989433,0.667568002989281,0.8,7.306852129136948,4.676834216560383,0.6968973406591038,9.290182811685733,0.044297139927470974,1.1366013775271355e-05,0.07274174807799905,0.31987443509840646,0.29818400903247816,HIGH_RA_INCREASE_1P1,True
12,2,河北,113705229.18254791,207473.31718548594,166163552.39395702,182779907.63335273,166371025.7111425,0.0018246594169596033,1.4613536561910443,1.6074890218101487,1.463178315608004,0.12700350399725063,0.09,0.08639870604187302,1.5138756031901779,1.3,7.314465562690643,4.670094532773801,0.6793863853418959,9.115281568203372,0.04404195855754223,1.1796485581694327e-05,0.07281624172400925,0.5018245704753238,0.4677637706797715,HIGH_RA_INCREASE_1P1,True
12,3,山西,53478727.38884524,211646.8561121834,77979842.58580287,85777826.84438317,78191489.44191505,0.003957589614526417,1.4581469379181253,1.6039616317099379,1.4621045275326516,0.13400361651432594,0.09,0.08642651130302723,0.8048042192111609,0.8048042192111609,7.316818267181366,4.668652374731032,0.6808463991155432,9.014672746242606,0.04467310020854631,2.2959469140992894e-05,0.07242788588099036,0.43903051214677075,0.4093799852902098,HIGH_RA_INCREASE_1P1,True
12,4,内蒙古,82165502.99427319,203754.87826695692,119991645.09439991,131990809.60383992,120195399.97266687,0.0024798105146530696,1.4603652472347568,1.6064017719582326,1.4628450577494099,0.07919651523626586,0.07919651523626586,0.07334124125785291,0.8127316980195395,0.8127316980195395,7.326950240601198,4.674103235179493,0.6951913153890937,8.94297784154986,0.04461672083117452,3.0052520354262313e-05,0.07257805914176485,0.32417335434366296,0.3022375402710119,HIGH_RA_INCREASE_1P1,True
12,5,辽宁,90061052.78222083,205907.31840279562,131548385.85982116,144703224.44580328,131754293.17822395,0.0022863081436623432,1.4606578736973241,1.6067236610670568,1.4629441818409865,0.1134672693849309,0.09,0.08252958139301339,1.1342759579692416,1.1342759579692416,7.332443165212722,4.663570539523215,0.6925980298624674,8.506531180231885,0.044463951194808615,3.285942961539501e-05,0.07264915921222159,0.43553314307505664,0.4060350388890644,HIGH_RA_INCREASE_1P1,True
12,6,吉林,66308917.7271201,207048.03115260453,96771251.25344332,96771251.25344332,96978299.28459592,0.003122476406637574,1.4594002521905773,1.4594002521905773,1.4625227285972149,0.06505916922792225,0.06505916922792225,0.06485934487034145,0.5716019549010466,0.8,7.324243647232283,4.663769274666876,0.709667776198721,8.414043005889479,0.044269132489921814,1.1234503446866384e-05,0.07274306051401669,0.2656592538782994,0.24764481231042018,NONE,True
12,7,黑龙江,58424879.89838116,210282.67481101336,85223486.15291253,93745834.7682038,85433768.82772355,0.003599197382634926,1.4586848325771895,1.6045533158349088,1.4622840299598245,0.09168343521524913,0.09,0.08486730971369659,0.6697324536292337,0.8,7.3585882018909965,4.647564070698852,0.7062469369649532,7.578545805414516,0.04430753829178102,1.1306667323740527e-05,0.07271680974814632,0.3347826561106701,0.31208857087759323,HIGH_RA_INCREASE_1P1,True
12,8,上海,66125294.30800852,207071.50040360316,96502344.38372225,106152578.82209449,96709415.88412584,0.003131502136520918,1.4593862362898355,1.6053248599188195,1.4625177384263564,0.2734849840811665,0.09,0.0786116769556812,1.7382377496061863,1.3,7.319982364702218,4.674538697406122,0.6871227311572863,9.126627979944022,0.04396412199324251,1.1756004177687629e-05,0.07274534950041289,0.8312441521709274,0.7748755588248837,HIGH_RA_INCREASE_1P1,True
12,9,江苏,203535217.25929242,191613.55604964017,297706764.4485603,327477440.89341635,297898378.00460994,0.0009414270347403087,1.4626793753795375,1.6089473129174914,1.4636208024142778,0.2233189875584244,0.09,0.08040430804900674,4.5436169774584485,1.3,7.311069249827067,4.676962031878082,0.6811368768724241,9.398660955859672,0.044077893090621156,1.1656258176451217e-05,0.0728640108081624,0.9427679226827856,0.8787394424505127,HIGH_RA_INCREASE_1P1,True
12,10,浙江,124249656.20818298,203071.0411096031,181608067.20385772,199768873.9242435,181811138.2449673,0.0016343790985574496,1.4616383879531183,1.6078022267484302,1.4632727670516756,0.22844770387830707,0.09,0.08333581604429866,2.8043246030630984,1.3,7.314194909699488,4.672520843811899,0.6813375642424371,9.180637172052243,0.04404529673335289,1.1767059980405392e-05,0.0728269164857267,0.8425994965148698,0.7854011523825148,HIGH_RA_INCREASE_1P1,True
12,11,安徽,70182433.35888097,213455.31661813767,102433607.3284507,112676968.06129578,102647062.64506884,0.0030414351056570594,1.4595334249049463,1.6054867673954412,1.4625748600106034,0.23875462764509356,0.09,0.0889550691005822,1.6153541769998243,1.3,7.312970497571733,4.669719192185872,0.6763144153683686,9.170481205644727,0.04399237504363773,1.1765747002456806e-05,0.07275057837995624,0.7494747589589801,0.6986477323468983,HIGH_RA_INCREASE_1P1,True
12,12,福建,87795538.11850408,206001.33484379048,128231314.50034338,141054445.95037773,128437315.83518717,0.002346375900854271,1.4605675555773707,1.606624311135108,1.4629139314782251,0.21357593898754995,0.09,0.08225350992080195,1.8522328171406215,1.3,7.320349626853417,4.6701674105504924,0.6856757316221469,8.964131992387149,0.044007343493691176,1.1828573659444785e-05,0.07278893367507466,0.7250374021349125,0.6758434761730223,HIGH_RA_INCREASE_1P1,True
12,13,江西,51050047.92908307,214149.37763681592,74420365.91500677,81862402.50650746,74634515.29264359,0.004194890824281002,1.4577922829453347,1.6035715112398685,1.461987173769616,0.21610573098886732,0.09,0.08911731640839496,1.0995854474637545,1.0995854474637545,7.316168283568123,4.667557939401838,0.6782651765514792,9.026577717827378,0.04457158384113291,1.7866387540088624e-05,0.07239067962335244,0.637096624695243,0.5940900427435696,HIGH_RA_INCREASE_1P1,True
12,14,山东,210016973.07581103,193588.57774568995,307193843.1237978,337913227.43617755,307387431.70154345,0.0009217758684475905,1.4627096021087223,1.6089805623195945,1.4636313779771697,0.14435000660856154,0.09,0.08263003427151049,3.1714228918654466,1.3,7.306616834085159,4.67760946780314,0.6796691090053248,9.352844456467684,0.04408361499412394,1.1759917474485349e-05,0.07286495684924987,0.6573068241277011,0.6126650142978438,HIGH_RA_INCREASE_1P1,True
12,15,河南,168320556.01470312,201461.66906825884,246138906.9095599,270752797.6005159,246340368.57862815,0.0011968928444524671,1.4623223255516051,1.6085545581067657,1.4635192183960577,0.13295737942511765,0.09,0.08520569159854513,2.345089365186147,1.3,7.309219799393,4.674030085211137,0.6769563177044787,9.359362950197589,0.04407282700543158,1.1812730921878511e-05,0.07285073855576618,0.5782554210009625,0.5389896284914614,HIGH_RA_INCREASE_1P1,True
12,16,湖北,101805153.6623069,206839.03805528142,148744743.92002562,163619218.3120282,148951582.9580809,0.0020317148063189166,1.4610728295093962,1.607180112460336,1.463104544315715,0.19773763795796154,0.09,0.08510936654736294,1.9893806462616705,1.3,7.310244662656501,4.673475295990655,0.6776744016226238,9.315413712993335,0.04402875746812218,1.1823452087611486e-05,0.07280584281963498,0.7044568942512266,0.6566490096658275,HIGH_RA_INCREASE_1P1,True
12,17,湖南,93791807.14892803,209864.78991375075,137004562.27011994,150705018.49713194,137214427.06003368,0.0022375599350646412,1.4607305950782694,1.6068036545860966,1.462968155013334,0.1834309307731283,0.09,0.08719854664437351,1.7126417077801968,1.3,7.313779038830965,4.670039670766384,0.6783371352005114,9.137546541568748,0.04402490759296818,1.1840808920915435e-05,0.07279500546992823,0.6468361089152184,0.6029447430470444,HIGH_RA_INCREASE_1P1,True
12,18,广东,191259406.86816654,201825.96973209555,279718864.5093297,307690750.96026266,279920690.4790618,0.0010552472844967697,1.4625103627040812,1.6087613989744893,1.463565609988578,0.2604903801751303,0.09,0.08627803691187146,4.963478938980226,1.3,7.319983956069693,4.666865113512737,0.6829272262410787,8.885190665362266,0.04408353260337372,1.1674593020316593e-05,0.07285889938008916,1.0615316115543643,0.9894419593925445,HIGH_RA_INCREASE_1P1,True
12,19,广西,67306708.83876626,211767.89156087535,98226435.57972513,108049079.13769765,98438203.47128601,0.0031463117899311784,1.459385509623228,1.605324060585551,1.4625318214131593,0.13025037845541124,0.09,0.08755912363265124,0.9702063824294831,0.9702063824294831,7.329546738264154,4.660275284479548,0.687918550052888,8.4875385345332,0.044520339818389765,2.1816301971067098e-05,0.07260554028987198,0.4533461437503835,0.4226587750310022,HIGH_RA_INCREASE_1P1,True
12,20,海南,14673330.466888333,214351.02072755375,21160917.9592183,23277009.755140133,21375268.979945853,0.014608205084132452,1.4421346269662354,1.586348089662859,1.4567428320503677,0.1546889417953693,0.09,0.0866500944035659,0.2474296897997984,0.8,7.341059512413672,4.654562723453702,0.6953928981214541,8.086676897942414,0.04355551934082613,9.869242903359776e-06,0.07211527463880274,0.3513248537689775,0.3276931707622012,HIGH_RA_INCREASE_1P1,True
12,21,重庆,50663834.63130832,211530.33726447288,73860147.63638937,81246162.40002832,74071677.97365385,0.004175174240241089,1.4578475587938742,1.6036323146732618,1.4620227330341156,0.20538968098635732,0.09,0.08591828704133127,1.056158670612157,1.056158670612157,7.318940022545495,4.667743336400035,0.6825331145147672,8.933536694897553,0.044545620692383325,1.5501024984265754e-05,0.07243874966307273,0.6109241426470305,0.5696587733695413,HIGH_RA_INCREASE_1P1,True
12,22,四川,94830047.41899477,213020.098006958,138520309.7887377,152372340.7676115,138733329.88674468,0.0022463354580616753,1.4607217180510619,1.6067938898561684,1.4629680535091236,0.2202611334956328,0.09,0.08905981910994289,2.067368503107091,1.3,7.319897277520775,4.665186802811553,0.680737925045453,8.863665795499386,0.04403305512125577,1.1812390339427381e-05,0.07279409543503679,0.760558761574505,0.7089512934596133,HIGH_RA_INCREASE_1P1,True
12,23,贵州,39447014.665611394,215083.2913761747,57431075.43113655,63174182.974250205,57646158.72251272,0.005452460552450303,1.4559042279364949,1.6014946507301444,1.4613566884889453,0.18468524257780533,0.09,0.08978968222385571,0.7880225892606435,0.8,7.324541025468525,4.661859510604121,0.6830979094906244,8.666664726836851,0.04424404341962629,1.1407188363454779e-05,0.07261930067173306,0.5300432838784171,0.4941578839262681,HIGH_RA_INCREASE_1P1,True
12,24,云南,68611984.86091176,211017.56177499887,100137360.87652163,110151096.96417381,100348378.43829663,0.003075520438634265,1.459473313292382,1.6054206446216204,1.4625488337310162,0.13724479638701662,0.09,0.08689042810240065,1.0283689646922187,1.0283689646922187,7.332427794165888,4.6591566139869425,0.6901161606024586,8.390099349357204,0.044512290173099434,2.4070885083493643e-05,0.07258816218565145,0.4748510734936343,0.44271519137971205,HIGH_RA_INCREASE_1P1,True
12,25,西藏,6325734.326183821,214700.88819739025,8938603.662936408,9832464.029230049,9153304.551133798,0.033940863957673456,1.4130539162761322,1.5543593079037452,1.4469947802338057,0.10605667617753865,0.09,0.08465710797250815,0.0782417292414837,0.8,8.164035234649315,1.9504004821833063,0.6611499846897773,7.66858765422071,0.04286452660499829,8.12176875752968e-06,0.07104112467269785,0.2077082818739201,0.19393119189274288,HIGH_RA_INCREASE_1P1,True
12,26,陕西,73897910.2910824,208433.9710265706,107880250.48359255,118668275.53195181,108088684.45461912,0.002820566511360786,1.4598552253866772,1.6058407479253451,1.4626757918980382,0.14808994626883282,0.09,0.08402353222832791,1.13880407944282,1.13880407944282,7.314363128519306,4.6718570977908795,0.6809972743078335,9.158031533206815,0.0444883566473353,2.763376749281843e-05,0.07257488797795553,0.5104349801521719,0.4758968216330855,HIGH_RA_INCREASE_1P1,True
12,27,甘肃,25177704.67938732,215319.81078362424,36538961.14723834,40192857.261962175,36754280.95802196,0.00855200319193131,1.4512427408504929,1.5963670149355424,1.4597947440424244,0.14725150459621697,0.09,0.09,0.4075304881414239,0.8,7.3270786697950925,4.66014171541698,0.6845433751026868,8.56185390657888,0.04389638861083145,1.0629232520820153e-05,0.0724474367296748,0.38866356526834483,0.36240803227945334,HIGH_RA_INCREASE_1P1,True
12,28,青海,17578407.529567722,213132.77612817392,23105673.459270954,23105673.459270954,23318806.235399127,0.012124691942070089,1.3144349634860897,1.3144349634860897,1.3265596554281598,0.06027747206558298,0.06027747206558298,0.05667808154237033,0.12649273202981243,0.8,6.858002136861779,1.6229762925490694,0.67816748065315,8.591995055721977,0.005542755912691932,0.00022790199067901362,0.0002479421151424521,0.17195565348619854,0.17195565348619854,NONE,True
12,29,宁夏,18640640.44456374,213016.00700018898,26971397.961410485,29668537.757551536,27184413.968410674,0.011427504738031245,1.446913695997837,1.591605065597621,1.4583412007358685,0.07516501096920528,0.07516501096920528,0.07467661432788707,0.17069832042951041,0.8,7.330099455218589,4.673494250945896,0.6950055631912067,8.888993396091177,0.0436724631782337,9.506463243269536e-06,0.07228740981258186,0.20927713309184307,0.19516888026170268,HIGH_RA_INCREASE_1P1,True
12,30,新疆,49250553.031937115,209967.3061201102,71791046.57697247,78970151.23466973,72001013.88309258,0.0042632476834108726,1.4576698566291977,1.6034368422921177,1.4619331043126085,0.11304307765197302,0.09,0.0835153620889713,0.6861583670275437,0.8,8.17585942531066,1.9545010396467162,0.6678662907201489,7.338273524497582,0.044280470215673606,1.1269143899816925e-05,0.07268217351937967,0.3809816233844346,0.3551672925955933,HIGH_RA_INCREASE_1P1,True
13,0,北京,58719043.066994764,207210.46878784566,94223270.66094889,94223270.66094889,94430481.12973674,0.0035288461453881572,1.604645882145014,1.604645882145014,1.6081747282904024,0.25621850494405723,0.09,0.07853063520138728,1.599396170890754,1.3,7.320207291425557,4.674534646288002,0.687280375155127,9.122255430241088,0.11882931712753209,7.742171628399852e-05,0.07263885957551297,0.7777015516514552,0.7777015516514552,NONE,False
13,1,天津,64593598.72309723,204451.31848786553,103688763.45591499,103688763.45591499,103893214.77440286,0.003165194733371595,1.6052482831992794,1.6052482831992794,1.608413477932651,0.07480728076980209,0.07480728076980209,0.061121486631437356,0.6668530411892111,0.8,7.299649072771566,4.676076481514382,0.6991677847136526,9.355354663016202,0.11900015877456416,7.801953001063122e-05,0.07265805327099129,0.29818400903247816,0.29818400903247816,NONE,False
13,2,河北,113705229.18254791,206700.13622637338,182779907.63335273,182779907.63335273,182986607.7695791,0.0018178595453558861,1.6074890218101487,1.6074890218101487,1.6093068813555047,0.11301859718681101,0.09,0.08638838001943937,1.512200708571539,1.3,7.314561887374921,4.670042479850583,0.6794549284398352,9.111252691687572,0.11898919968003807,8.258711349384829e-05,0.07272764092729589,0.4677637706797715,0.4677637706797715,NONE,False
13,3,山西,53478727.38884524,210873.7310578817,85777826.84438317,85777826.84438317,85988700.57544105,0.003943132930681263,1.6039616317099379,1.6039616317099379,1.6079047646406193,0.11942406378317574,0.09,0.08641626488328802,0.8044106399255077,0.8044106399255077,7.316912743921641,4.668602299495486,0.6809131424939278,9.010819223334147,0.11956141567736966,6.975631383254743e-05,0.07250269449716074,0.4093799852902098,0.4093799852902098,NONE,False
13,4,内蒙古,82165502.99427319,203007.2247064321,131990809.60383992,131990809.60383992,132193816.82854635,0.002470711153810881,1.6064017719582326,1.6064017719582326,1.6088724831120436,0.06974658391177455,0.06974658391177455,0.06494106033406785,0.8121573621322542,0.8121573621322542,7.310842850620043,4.673891022250465,0.6997226711358335,9.081551633980013,0.11939372569498596,5.877489930283808e-05,0.07264109980918532,0.3022375402710119,0.3022375402710119,NONE,False
13,5,辽宁,90061052.78222083,205134.0923745285,144703224.44580328,144703224.44580328,144908358.53817782,0.0022777225674961744,1.6067236610670568,1.6067236610670568,1.609001383634553,0.10087951408165223,0.09,0.08250819722284901,1.1334978160338816,1.1334978160338816,7.332558770690273,4.663536645476311,0.6926746650803164,8.50321152167257,0.11951115812988755,3.755405442251725e-05,0.07260887688732032,0.4060350388890644,0.4060350388890644,NONE,False
13,6,吉林,66308917.7271201,206766.38915202802,96771251.25344332,96771251.25344332,96978017.64259535,0.0031182289839645706,1.4594002521905773,1.4594002521905773,1.462518481174542,0.058967368037177836,0.058967368037177836,0.05706965262960859,0.524932541681473,0.8,6.889102186315086,1.6186190312967441,0.6764447381536205,8.668923512350148,0.017479698041581226,0.06786828224621955,6.216829462191154e-05,0.24764481231042018,0.24764481231042018,NONE,False
13,7,黑龙江,58424879.89838116,209509.51599296005,93745834.7682038,93745834.7682038,93955344.28419675,0.0035859639995385792,1.6045533158349088,1.6045533158349088,1.6081392798344472,0.08109422248523726,0.08109422248523726,0.08485260246766496,0.6690225974767408,0.8,7.358706809631755,4.64752551543364,0.7063184388222956,7.575539177799254,0.11898891515865073,7.828898656037087e-05,0.07263282783624492,0.31208857087759323,0.31208857087759323,NONE,False
13,8,上海,66125294.30800852,206298.26977001308,106152578.82209449,106152578.82209449,106358877.0918645,0.003119808719626795,1.6053248599188195,1.6053248599188195,1.6084446686384462,0.24599641400965314,0.09,0.07857913267021162,1.735984549901719,1.3,7.3201181497688905,4.6745150917650795,0.6872119922467599,9.123161245396027,0.11885462361362142,7.695522994055626e-05,0.0726627961353743,0.7748755588248837,0.7748755588248837,NONE,False
13,9,江苏,203535217.25929242,190840.09878108182,327477440.89341635,327477440.89341635,327668280.99219745,0.0009376269195613566,1.6089473129174914,1.6089473129174914,1.6098849398370527,0.2004344352815278,0.09,0.08037686540473385,4.538064780029172,1.3,7.311186331905114,4.676928516088552,0.6812207966624233,9.394866041999238,0.11906453645857096,8.446877139667297e-05,0.07277338730329364,0.8787394424505127,0.8787394424505127,NONE,False
13,10,浙江,124249656.20818298,202297.78633385955,199768873.9242435,199768873.9242435,199971171.71057737,0.0016281557028609017,1.6078022267484302,1.6078022267484302,1.6094303824512912,0.2050999617357491,0.09,0.08331673308889655,2.8008768203571432,1.3,7.314300691121865,4.672477650246174,0.6814142059111161,9.176715845145479,0.1189965312095489,8.173831346081073e-05,0.07273922542293776,0.7854011523825148,0.7854011523825148,NONE,False
13,11,安徽,70182433.35888097,212682.2151460446,112676968.06129578,112676968.06129578,112889650.27644183,0.0030304195076634732,1.6054867673954412,1.6054867673954412,1.6085171869031047,0.2144771811771381,0.09,0.08895206963124902,1.6133525659033898,1.3,7.3130640190785705,4.669658821871472,0.6763785836585129,9.1662002079461,0.11887119937620216,7.69186456309745e-05,0.07266806385836744,0.6986477323468983,0.6986477323468983,NONE,False
13,12,福建,87795538.11850408,205228.10828201057,141054445.95037773,141054445.95037773,141259674.05865973,0.002337568772629415,1.606624311135108,1.606624311135108,1.6089618799077374,0.19161386627212834,0.09,0.08223133813388392,1.849992831089468,1.3,7.3204666252231885,4.670127867505702,0.6857570460532119,8.960302726823164,0.11892223580349115,7.853675406699345e-05,0.0727046803144249,0.6758434761730223,0.6758434761730223,NONE,False
13,13,江西,51050047.92908307,213376.2850628744,81862402.50650746,81862402.50650746,82075778.79157034,0.004179747007471751,1.6035715112398685,1.6035715112398685,1.6077512582473403,0.19396824445857033,0.09,0.08911478249027836,1.099235592742279,1.099235592742279,7.316261707252719,4.6674981994893505,0.6783282601677542,9.022424931105444,0.1198624260810921,8.917286166365557e-06,0.07240024243792464,0.5940900427435696,0.5940900427435696,NONE,False
13,14,山东,210016973.07581103,192803.5099661418,337913227.43617755,337913227.43617755,338106030.9461437,0.0009180377525798566,1.6089805623195945,1.6089805623195945,1.6098986000721742,0.1287572480553964,0.09,0.08260893673431281,3.1678562016994722,1.3,7.310648240961479,4.675129310809502,0.6796236953916468,9.347452053139614,0.1190727822967308,8.546139083398518e-05,0.07277326831786057,0.6126650142978438,0.6126650142978438,NONE,False
13,15,河南,168320556.01470312,200688.40428761955,270752797.6005159,270752797.6005159,270953486.00480354,0.001192298843583246,1.6085545581067657,1.6085545581067657,1.609746856950349,0.11841783217722648,0.09,0.08519195194137104,2.3424673327949947,1.3,7.309318509520192,4.673979208047861,0.6770289392186186,9.355164078085298,0.11904248059959577,8.379831509575109e-05,0.0727608354715259,0.5389896284914614,0.5389896284914614,NONE,False
13,16,湖北,101805153.6623069,206065.84331846234,163619218.3120282,163619218.3120282,163825284.15534666,0.0020241199576398034,1.607180112460336,1.607180112460336,1.6092042324179758,0.17723334873554383,0.09,0.08509535142392304,1.9870186947994393,1.3,7.31034560785357,4.6734239995083025,0.6777482053162611,9.31118180456816,0.11895705379537214,8.002749219460092e-05,0.07271998885842246,0.6566490096658275,0.6566490096658275,NONE,False
13,17,湖南,93791807.14892803,209091.63735861925,150705018.49713194,150705018.49713194,150914110.13449055,0.0022293166505109718,1.6068036545860966,1.6068036545860966,1.6090329712366074,0.16424984030853282,0.09,0.0871905112233361,1.7106359977261225,1.3,7.31387949667544,4.669981694418985,0.678407577671791,9.133206981511975,0.11893698747391523,7.881343262838847e-05,0.07271045481304039,0.6029447430470444,0.6029447430470444,NONE,False
13,18,广东,191259406.86816654,201052.69396644318,307690750.96026266,307690750.96026266,307891803.6542291,0.001051204211383062,1.6087613989744893,1.6087613989744893,1.6098126031858724,0.23416713418600585,0.09,0.08626736545228328,4.957076738076218,1.3,7.320091439445591,4.6668092415735,0.6830013757383576,8.880954422092595,0.11904720690466175,8.232112254213941e-05,0.07277058043116291,0.9894419593925445,0.9894419593925445,NONE,False
13,19,广西,67306708.83876626,210994.76176254742,108049079.13769765,108049079.13769765,108260073.8994602,0.003134825122232421,1.605324060585551,1.605324060585551,1.6084588857077833,0.11598671692914647,0.09,0.08755212135970257,0.9695654982269212,0.9695654982269212,7.329654393868154,4.660217594526844,0.6879891254816569,8.48352467690241,0.11952983723184163,5.106036846502793e-05,0.07255077265576704,0.4226587750310022,0.4226587750310022,NONE,False
13,20,海南,14673330.466888333,213577.92818786768,23277009.755140133,23277009.755140133,23490587.683328003,0.014555518167455246,1.586348089662859,1.586348089662859,1.6009036078303143,0.13830058845070947,0.09,0.08664048814164564,0.24716461142565205,0.8,7.3411725056521595,4.654510523820392,0.6954647838276332,8.083007285588156,0.11784053281774098,3.4929782417481015e-05,0.07207782588553324,0.3276931707622012,0.3276931707622012,NONE,False
13,21,重庆,50663834.63130832,210757.20608309036,81246162.40002832,81246162.40002832,81456919.6061114,0.004159914219221978,1.6036323146732618,1.6036323146732618,1.6077922288924837,0.18422985244530538,0.09,0.08590658594700461,1.0557515817074345,1.0557515817074345,7.319043454630817,4.667691067901382,0.682605506872644,8.929465688637716,0.11980968374911605,2.494675203756902e-05,0.0724119957995093,0.5696587733695413,0.5696587733695413,NONE,False
13,22,四川,94830047.41899477,212246.9882602361,152372340.7676115,152372340.7676115,152584587.75587174,0.002238182875965981,1.6067938898561684,1.6067938898561684,1.6090320727321343,0.19767989329093294,0.09,0.08905712020198746,2.0648518235535716,1.3,7.319999509808591,4.665123173993539,0.6808070375347071,8.859254434550198,0.11894293026565994,7.904865041896691e-05,0.07270929250961511,0.7089512934596133,0.7089512934596133,NONE,False
13,23,贵州,39447014.665611394,214310.21039874267,63174182.974250205,63174182.974250205,63388493.184648946,0.005432862593416258,1.6014946507301444,1.6014946507301444,1.6069275133235608,0.16543154069114419,0.09,0.08978907828820419,0.7871110008272755,0.8,7.324644747211882,4.661794014935012,0.6831646941325797,8.662367966176976,0.11879292612802095,6.71455164262813e-05,0.0725472790948607,0.4941578839262681,0.4941578839262681,NONE,False
13,24,云南,68611984.86091176,210244.41870333513,110151096.96417381,110151096.96417381,110361341.38287714,0.0030642521001183185,1.6054206446216204,1.6054206446216204,1.6084848967217387,0.12233949191584001,0.09,0.08688151009654071,1.0277283766360537,1.0277283766360537,7.332539331199244,4.6591007982396775,0.6901891400618368,8.38613033529341,0.11956127615629963,3.846097733561926e-05,0.07254690939665509,0.44271519137971205,0.44271519137971205,NONE,False
13,25,西藏,6325734.326183821,213927.80836441388,9832464.029230049,9832464.029230049,10046391.837594463,0.033818652085800115,1.5543593079037452,1.5543593079037452,1.5881779599895454,0.09441188676158696,0.09,0.0846417998057997,0.07817057159040713,0.8,8.164064318352297,1.9503600570239255,0.6612186350151839,7.665306338566278,0.11615271490806856,2.894410526521618e-05,0.07107212499975368,0.19393119189274288,0.19393119189274288,NONE,False
13,26,陕西,73897910.2910824,207660.79577606925,118668275.53195181,118668275.53195181,118875936.32772788,0.002810103762854694,1.6058407479253451,1.6058407479253451,1.6086508516881999,0.132186849142288,0.09,0.0840064134670995,1.1381582962139396,1.1381582962139396,7.314466826195097,4.671811555839244,0.6810723675559007,9.154065088639673,0.11962422074351231,2.678105952813592e-05,0.07254616328603225,0.4758968216330855,0.4758968216330855,NONE,False
13,27,甘肃,25177704.67938732,214546.7331555086,40192857.261962175,40192857.261962175,40407403.99511769,0.008521298342622765,1.5963670149355424,1.5963670149355424,1.6048883132781653,0.13147526107889912,0.09,0.09,0.4070870711498606,0.8,7.327174910841379,4.660081116293791,0.6846052087957191,8.557919949915277,0.118437193518109,5.800909329189974e-05,0.07238522502626688,0.36240803227945334,0.36240803227945334,NONE,False
13,28,青海,17578407.529567722,212615.0203895715,23105673.459270954,23105673.459270954,23318288.479660526,0.01209523786679441,1.3144349634860897,1.3144349634860897,1.3265302013528841,0.06027299238647427,0.06027299238647427,0.05150585863619619,0.12653970406221063,0.8,6.057375562652943,1.7023909120851628,0.6874356445682848,8.691476197904299,0.002396524912100295,7.100524996028756e-05,0.00017691925999030467,0.17195565348619854,0.17195565348619854,NONE,False
13,29,宁夏,18640640.44456374,212248.1249298499,29668537.757551536,29668537.757551536,29880785.882481385,0.011386310763359468,1.591605065597621,1.591605065597621,1.6029913763609804,0.06612371528752586,0.06612371528752586,0.06603881395792707,0.17052451999452836,0.8,7.313568552933818,4.673519433290332,0.6995629331877135,9.029036643312688,0.11814181836664406,4.796381247751391e-05,0.0722359788203355,0.19516888026170268,0.19516888026170268,NONE,False
13,30,新疆,49250553.031937115,209194.26959494097,78970151.23466973,78970151.23466973,79179345.50426467,0.004247551686562513,1.6034368422921177,1.6034368422921177,1.60768439397868,0.10051681437749577,0.09,0.08349679182479976,0.6854162752038994,0.8,8.175796641262298,1.9543895760668777,0.6679365989686048,7.335251365558989,0.11891315095769928,7.380328222694743e-05,0.07260300605418757,0.3551672925955933,0.3551672925955933,NONE,False
14,0,北京,58719043.066994764,212496.25482200517,94223270.66094889,103645597.72704378,94435766.91577089,0.003618864404509457,1.604645882145014,1.7651104703595155,1.6082647465495234,0.2549757823561853,0.09,0.07853064182100605,1.5919425784601222,1.3,7.320234198665129,4.674521730058509,0.6872956762476785,9.12124831614394,0.0441153598254842,0.00011943817980664129,0.07276697360849038,0.7777015516514552,0.7249491928666326,HIGH_RA_INCREASE_1P1,True
14,1,天津,64593598.72309723,209737.0991337466,103688763.45591499,114057639.8015065,103898500.55504873,0.003247026071931015,1.6052482831992794,1.7657731115192075,1.6084953092712104,0.07481487634603773,0.07481487634603773,0.06112369173803078,0.6661591774856431,0.8,7.299672467232723,4.6760628032454274,0.6991806746357335,9.354278736658298,0.04417972461263431,0.00011312497205784311,0.07277939768329511,0.29818400903247816,0.27795463790264524,HIGH_RA_INCREASE_1P1,True
14,2,河北,113705229.18254791,211985.92401732455,182779907.63335273,201057898.396688,182991893.55737004,0.0018643463061579343,1.6074890218101487,1.7682379239911639,1.6093533681163066,0.11280018325782765,0.09,0.08638838211094971,1.5093838664492494,1.3,7.314585387527652,4.670028194007746,0.6794697609921346,9.110241712210998,0.04414262546439862,9.948145517646445e-05,0.07283435743402333,0.4677637706797715,0.4360074483432433,HIGH_RA_INCREASE_1P1,True
14,3,山西,53478727.38884524,216159.53218709948,85777826.84438317,94355609.52882148,85993986.37657027,0.004041972252170434,1.6039616317099379,1.7643577948809317,1.6080036039621084,0.11916293654397259,0.09,0.08641626695867502,0.8028642406495594,0.8028642406495594,7.316936392303706,4.668588063221158,0.680927965187365,9.009822790311661,0.04450376262871725,9.147580585988635e-05,0.07260080254542678,0.4093799852902098,0.3816704074047826,HIGH_RA_INCREASE_1P1,True
14,4,内蒙古,82165502.99427319,208293.01106547393,131990809.60383992,131990809.60383992,132199102.61490539,0.0025350421219960356,1.6064017719582326,1.6064017719582326,1.6089368140802287,0.06975024344919384,0.06975024344919384,0.06493989239406554,0.8114500263344125,0.8114500263344125,7.310859729236332,4.673876124823548,0.6997377549866605,9.080553303871383,0.04446190017620966,6.584323354053012e-05,0.07271172596762532,0.3022375402710119,0.2817509429184086,NONE,True
14,5,辽宁,90061052.78222083,210419.8715770903,144703224.44580328,159173546.89038363,144913644.31738037,0.002336413633603779,1.6067236610670568,1.7673960271737628,1.6090600747006605,0.10088603592886837,0.09,0.08250820155415985,1.131774004657645,1.131774004657645,7.332585099623208,4.66352323502169,0.6926897992311899,8.502281811893608,0.044491851136218896,6.507937125399543e-05,0.07267868159862956,0.4060350388890644,0.3785243855913536,HIGH_RA_INCREASE_1P1,True
14,6,吉林,66308917.7271201,212051.91205218935,96771251.25344332,96771251.25344332,96983303.1654955,0.003197939573148257,1.4594002521905773,1.4594002521905773,1.4625981917637254,0.05899244718936694,0.05899244718936694,0.05707135523954377,0.5313564464042012,0.8,6.889359055462672,1.6186283575992488,0.676455380888666,8.667945788182564,0.004944526509347069,0.0005688207385494692,0.0005066170813121662,0.24764481231042018,0.24764481231042018,NONE,True
14,7,黑龙江,58424879.89838116,214795.30972297184,93745834.7682038,103120418.24502419,93960630.07792677,0.003676435622915562,1.6045533158349088,1.7650086474184,1.6082297514578243,0.08110230962703605,0.08110230962703605,0.08485260544658133,0.6682422503495092,0.8,7.358734961145925,4.647511693969862,0.7063339077954349,7.574706687780696,0.04418380852149917,0.0001164997471889695,0.0727577892895146,0.31208857087759323,0.29092174766150053,HIGH_RA_INCREASE_1P1,True
14,8,上海,66125294.30800852,211584.05372293264,106152578.82209449,116767836.70430395,106364162.87581742,0.003199744605103518,1.6053248599188195,1.7658573459107016,1.608524604523923,0.24485200443208546,0.09,0.07857913926197625,1.7282273820315768,1.3,7.3201439280419205,4.6745026954314355,0.6872266627107476,9.122195263679478,0.0441197227935366,0.00011427755845661025,0.07278537742076385,0.7748755588248837,0.7223024988352026,HIGH_RA_INCREASE_1P1,True
14,9,江苏,203535217.25929242,196125.8325793382,327477440.89341635,360225184.982758,327673566.72599566,0.0009635965471738727,1.6089473129174914,1.7698420442092404,1.609910909464665,0.1996826483468084,0.09,0.08037687096317367,4.521621271915746,1.3,7.311210758054055,4.67691567700534,0.6812353400383669,9.393863591514712,0.044147874619833605,9.199236969226199e-05,0.07287207426933451,0.8787394424505127,0.8190533275357799,HIGH_RA_INCREASE_1P1,True
14,10,浙江,124249656.20818298,207583.55972603013,199768873.9242435,219745761.31666788,199976457.48396954,0.0016706972563225399,1.6078022267484302,1.7685824494232736,1.6094729240047527,0.204311250694484,0.09,0.08331673695410202,2.790510343761473,1.3,7.314324342677911,4.672464362375897,0.6814286486111066,9.175736066097436,0.04414004580804587,9.831560300965769e-05,0.07284469242675717,0.7854011523825148,0.7320734845655528,HIGH_RA_INCREASE_1P1,True
14,11,安徽,70182433.35888097,217968.02258916973,112676968.06129578,123944664.86742537,112894936.08388495,0.003105734756653145,1.6054867673954412,1.7660354441349855,1.6085925021520944,0.21361205893088875,0.09,0.08895207023878413,1.607124556133853,1.3,7.313085816057278,4.669644479346977,0.6763929135348055,9.165204692886235,0.04412328718061809,0.00011195721993884078,0.072788156792714,0.6986477323468983,0.6512448221237143,HIGH_RA_INCREASE_1P1,True
14,12,福建,87795538.11850408,210513.88966325403,141054445.95037773,155159890.54541552,141264959.84004098,0.002397774353624987,1.606624311135108,1.767286742248619,1.609022085488733,0.1909282721696519,0.09,0.08223134262472459,1.8436638081305323,1.3,7.32049146441739,4.670114669589856,0.6857717634098948,8.959338640645399,0.04413247917928076,0.00010470760644154531,0.07281700065391927,0.6758434761730223,0.6299708857718251,HIGH_RA_INCREASE_1P1,True
14,13,江西,51050047.92908307,218662.09455558594,81862402.50650746,90048642.7571582,82081064.60106304,0.004283288722066307,1.6035715112398685,1.7639286623638553,1.6078547999619348,0.19324800931020847,0.09,0.08911478300351722,1.0954693788745142,1.0954693788745142,7.3162836333165355,4.6674839244369934,0.6783425442705038,9.021451288574747,0.04458464052855682,0.00010040388073351281,0.07250791558396474,0.5940900427435696,0.5539260215343923,HIGH_RA_INCREASE_1P1,True
14,14,山东,210016973.07581103,192804.57547307626,337913227.43617755,371704550.1797953,338106032.0116506,0.0009180428260123456,1.6089805623195945,1.769878618551554,1.6098986051456068,0.12846408322782293,0.09,0.08260894100756686,3.1608436878097925,1.3,9.08752049355721,0.9484859179672291,0.6297348340835724,9.259430684639318,0.044131980573363094,8.057055016785775e-05,0.07285970225029414,0.6126650142978438,0.5710579053466129,HIGH_RA_INCREASE_1P1,True
14,15,河南,168320556.01470312,205974.17292704663,270752797.6005159,297828077.3605675,270958771.7734429,0.0012237018330016353,1.6085545581067657,1.7694100139174425,1.6097782599397672,0.1181738407715622,0.09,0.08519195472430466,2.3378234861042353,1.3,7.309341906903526,4.673965079918973,0.6770437440731933,9.354126086657653,0.04414845948879864,9.329525604129252e-05,0.07286091896834224,0.5389896284914614,0.5023853688414254,HIGH_RA_INCREASE_1P1,True
14,16,湖北,101805153.6623069,211351.6292848875,163619218.3120282,179981140.14323103,163830569.9413131,0.002076040570460235,1.607180112460336,1.7678981237063698,1.6092561530307963,0.17665077486991382,0.09,0.08509535426265166,1.980771134449949,1.3,7.310368910579515,4.673410028727061,0.677762886928444,9.310158981685422,0.044136901919992644,0.00010148669615417383,0.07282885566599018,0.6566490096658275,0.6120724719491192,HIGH_RA_INCREASE_1P1,True
14,17,湖南,93791807.14892803,214377.43309879562,150705018.49713194,165775520.34684515,150919395.93023074,0.0022856733398727972,1.6068036545860966,1.7674840200447064,1.6090893279259695,0.1637532077648477,0.09,0.08719051285089079,1.7057063661111516,1.3,7.313902638221099,4.6699672989975785,0.6784223485220535,9.1321937961818,0.044136211973803796,0.00010266662569446972,0.07282058637578337,0.6029447430470444,0.5620182448995692,HIGH_RA_INCREASE_1P1,True
14,18,广东,191259406.86816654,206338.4624159911,307690750.96026266,338459826.05628896,307897089.42267865,0.0010788408570053677,1.6087613989744893,1.7696375388719385,1.6098402398314948,0.23313218829186286,0.09,0.08626736761376105,4.935882734300786,1.3,7.320115606891617,4.666794948063446,0.683016352122688,8.879966471599776,0.04414842797747731,9.137558160454695e-05,0.07286860546687812,0.9894419593925445,0.9222396427211803,HIGH_RA_INCREASE_1P1,True
14,19,广西,67306708.83876626,216280.56255823877,108049079.13769765,118853987.05146743,108265359.70025589,0.003213358167257004,1.605324060585551,1.7658564666441063,1.6085374187528079,0.11574363413198621,0.09,0.08755212277799566,0.9678054231512363,0.9678054231512363,7.3296795788822,4.660202837413871,0.6880045008742816,8.482561812657776,0.04451702389583523,7.274669702472814e-05,0.0726287971818691,0.4226587750310022,0.39404011540754713,HIGH_RA_INCREASE_1P1,True
14,20,海南,14673330.466888333,218863.73772118005,23277009.755140133,25604710.73065415,23495873.492861312,0.014915750600387924,1.586348089662859,1.7449828986291451,1.6012638402632469,0.1379530287008312,0.09,0.08664049008737026,0.24662580250199026,0.8,7.341198777855993,4.654496163994183,0.695480169920544,8.082103774866038,0.04396955387245938,0.00023856913877740027,0.07233359056915711,0.3276931707622012,0.30558883321772395,HIGH_RA_INCREASE_1P1,True
14,21,重庆,50663834.63130832,216043.00634705313,81246162.40002832,89370778.64003116,81462205.40637538,0.0042642450560492475,1.6036323146732618,1.763995546140588,1.6078965597293111,0.1835824137290234,0.09,0.08590658831703235,1.052354545194725,1.052354545194725,7.319068053660812,4.667676592641836,0.6826207576498516,8.928454668617972,0.04458070005266879,9.727754331656513e-05,0.07251631740388387,0.5696587733695413,0.5311422904487348,HIGH_RA_INCREASE_1P1,True
14,22,四川,94830047.41899477,217532.79382451987,152372340.7676115,167609574.84437266,152589873.56143603,0.0022939226515766493,1.6067938898561684,1.7674732788417853,1.609087812507745,0.19694860923355223,0.09,0.0890571207486446,2.0575359244551583,1.3,7.320023178746845,4.665108128787031,0.6808224654451064,8.858234129570073,0.044136521123474326,0.00010272505285446876,0.07281948662838555,0.7089512934596133,0.6608299926464583,HIGH_RA_INCREASE_1P1,True
14,23,贵州,39447014.665611394,219596.02262255727,63174182.974250205,69491601.27167523,63393778.99687276,0.005566860369131909,1.6014946507301444,1.761644115803159,1.6070615110992763,0.16492616638090246,0.09,0.08978907841052987,0.7848660502961139,0.8,7.324668797180942,4.661778759493156,0.6831800594174912,8.661371942400844,0.04414803606372342,0.0001354732677594228,0.07269258057958616,0.4941578839262681,0.46067055265663326,HIGH_RA_INCREASE_1P1,True
14,24,云南,68611984.86091176,215530.21638056528,110151096.96417381,121166206.6605912,110366627.18055438,0.0031412910851869678,1.6054206446216204,1.7659627090837826,1.6085619357068073,0.12206628120813431,0.09,0.08688151190286077,1.0257206764802076,1.0257206764802076,7.332565446886437,4.659085932500226,0.6902048573889575,8.385163184429565,0.044519514939886706,7.393759574259029e-05,0.07262621093645705,0.44271519137971205,0.4127394863800682,HIGH_RA_INCREASE_1P1,True
14,25,西藏,6325734.326183821,219213.61464400528,9832464.029230049,10815710.432153055,10051677.643874055,0.03465425567062222,1.5543593079037452,1.7097952386941202,1.5890135635743676,0.09440679035063967,0.09,0.08464180290643104,0.07808908072523967,0.8,8.164152970939583,1.95042440461624,0.661232622608259,7.664473506748607,0.04368221481365375,0.0004638368552125627,0.07156892772591927,0.19393119189274288,0.18097873769473996,HIGH_RA_INCREASE_1P1,True
14,26,陕西,73897910.2910824,212946.58575598273,118668275.53195181,130535103.08514701,118881222.1177078,0.002881632036916746,1.6058407479253451,1.7664248227178798,1.6087223799622619,0.1318641178780701,0.09,0.0840064169344623,1.135687529126934,1.135687529126934,7.314491279327373,4.671797575262476,0.6810874111661007,9.153044586825924,0.04452210961653491,7.535216102150244e-05,0.07262698195723116,0.4758968216330855,0.44367411004775653,HIGH_RA_INCREASE_1P1,True
14,27,甘肃,25177704.67938732,219832.54615592948,40192857.261962175,44212142.9881584,40412689.808118105,0.008731238568220386,1.5963670149355424,1.756003716429097,1.6050982535037628,0.13116509430814263,0.09,0.09,0.406219551230876,0.8,7.327198589155525,4.66006621105522,0.6846204186078403,8.556952619076938,0.044075947482112854,0.00016987946400037757,0.07256740125349626,0.36240803227945334,0.33788835261626593,HIGH_RA_INCREASE_1P1,True
14,28,青海,17578407.529567722,217900.70299787426,23105673.459270954,23105673.459270954,23323574.16226883,0.012395929644443323,1.3144349634860897,1.3144349634860897,1.326830893130533,0.06027425083562858,0.06027425083562858,0.051506920222852776,0.12653940998137583,0.8,6.0577844402271435,1.7023530395404571,0.6874460688088292,8.690435783405324,0.0008983273249791868,0.00024209261989138753,0.0004190547107287834,0.17195565348619854,0.17195565348619854,NONE,True
14,29,宁夏,18640640.44456374,217533.93066600882,29668537.757551536,29668537.757551536,29886071.688217543,0.01166987428961698,1.591605065597621,1.591605065597621,1.603274939887238,0.0661272531766277,0.0661272531766277,0.06604089609874264,0.17039641437994069,0.8,7.313591665910227,4.673504666186098,0.6995762294195534,9.02798028723466,0.04401671695194476,0.00020498356540232798,0.07245576957422672,0.19516888026170268,0.18198315100601886,NONE,True
14,30,新疆,49250553.031937115,214480.0243899603,78970151.23466973,86867166.35813671,79184631.2590597,0.004354875451873162,1.6034368422921177,1.7637805265213298,1.6077917177439909,0.10052676998660984,0.09,0.0834967955861609,0.6843459683261242,0.8,8.17588554901871,1.9544523118390225,0.6679505838896276,7.334462305310614,0.04417140055129476,0.00012348940807438424,0.07273546116450413,0.3551672925955933,0.3310856268422811,HIGH_RA_INCREASE_1P1,True
15,0,北京,58719043.066994764,204322.5081116101,103645597.72704378,103645597.72704378,103849920.23515539,0.0034796634522550186,1.7651104703595155,1.7651104703595155,1.7685901338117707,0.2291591267578391,0.09,0.07849672188824108,1.5904037530222108,1.3,7.3203561319301835,4.674507059798163,0.6873772525966421,9.118399045588518,0.11943093906727498,0.000298502507297016,0.07244674997712286,0.7249491928666326,0.7249491928666326,NONE,False
15,1,天津,64593598.72309723,202725.75926423297,114057639.8015065,114057639.8015065,114260365.56077074,0.003138480643156096,1.7657731115192075,1.7657731115192075,1.7689115921623637,0.06573928073822563,0.06573928073822563,0.054104123591200225,0.6656517857888643,0.8,6.459264195249807,1.6415475135730226,0.6699642580596119,9.618095705061682,0.11949837657037055,0.0002811827280619905,0.07247775064564577,0.27795463790264524,0.27795463790264524,NONE,False
15,2,河北,113705229.18254791,203812.2097046329,201057898.396688,201057898.396688,201261710.60639265,0.0017924611837985293,1.7682379239911639,1.7682379239911639,1.7700303851749624,0.10026132326633203,0.09,0.08637766489407439,1.5082423583933724,1.3,7.314669101498748,4.669984122446845,0.6795305964177508,9.106765550093222,0.11958890641848474,0.0002582601603683399,0.07255728706082376,0.4360074483432433,0.4360074483432433,NONE,False
15,3,山西,53478727.38884524,207985.865608098,94355609.52882148,94355609.52882148,94563595.39442958,0.0038891326657013972,1.7643577948809317,1.7643577948809317,1.768246927546633,0.10590287086413289,0.09,0.08640563236018889,0.8025690645481662,0.8025690645481662,7.317020197770818,4.668544736534757,0.6809882646965646,9.006429292403164,0.11997993280022312,0.00026574549374935863,0.07231576371555848,0.3816704074047826,0.3816704074047826,NONE,False
15,4,内蒙古,82165502.99427319,200846.43478562662,131990809.60383992,131990809.60383992,132191656.03862554,0.002444413135274366,1.6064017719582326,1.6064017719582326,1.608846185093507,0.06332883214195101,0.06332883214195101,0.057301199809852474,0.7455766541745241,0.8,6.850239125119417,1.6026167710559294,0.6672337691937107,9.340617374920747,0.01820804766480033,0.06804797544419017,0.00028413521971459854,0.2817509429184086,0.2817509429184086,NONE,False
15,5,辽宁,90061052.78222083,202246.11818363416,159173546.89038363,159173546.89038363,159375793.00856727,0.002245655718379078,1.7673960271737628,1.7673960271737628,1.7696416828921417,0.0894393521944649,0.0894393521944649,0.08248600725903577,1.1313534862650396,1.1313534862650396,7.332685501623832,4.663498156855132,0.6927580088689325,8.499535448728093,0.12005135051556404,0.00022454898156998304,0.07243781269312466,0.3785243855913536,0.3785243855913536,NONE,False
15,6,吉林,66308917.7271201,204744.0431338528,96771251.25344332,96771251.25344332,96975995.29657717,0.003087730129700386,1.4594002521905773,1.4594002521905773,1.4624879823202777,0.05897775631620009,0.05897775631620009,0.05178050623247397,0.5317304588905176,0.8,6.122776146741136,1.6945224736681348,0.685737330406325,8.764813165330333,0.002627918382265504,0.0002467294046749613,0.00025976267930638564,0.24764481231042018,0.24764481231042018,NONE,False
15,7,黑龙江,58424879.89838116,206623.059603272,103120418.24502419,103120418.24502419,103327041.30462746,0.003536559424044227,1.7650086474184,1.7650086474184,1.768545206842444,0.07145747531168864,0.07145747531168864,0.07648239924478073,0.6677341615792219,0.8,7.3567271595211405,4.653836424554724,0.7117844889443656,7.713529994919717,0.11947840240912644,0.000297998576968328,0.07243810899487446,0.29092174766150053,0.29092174766150053,NONE,False
15,8,上海,66125294.30800852,203410.29092184018,116767836.70430395,116767836.70430395,116971246.99522579,0.0030761343756651512,1.7658573459107016,1.7658573459107016,1.7689334802863668,0.21996847140874973,0.09,0.07854536205805568,1.7265721108716698,1.3,7.320266655092235,4.674487196363886,0.6873087959429384,9.119294224625367,0.1194444778497099,0.00028584931960429216,0.07247872245054676,0.7223024988352026,0.7223024988352026,NONE,False
15,9,江苏,203535217.25929242,187951.86526104456,360225184.982758,360225184.982758,360413136.848019,0.000923436581599559,1.7698420442092404,1.7698420442092404,1.77076548079084,0.1789540160789724,0.09,0.08034838867270853,4.517864345180728,1.3,7.311316481106651,4.676889388977749,0.6813129189295525,9.39058574443127,0.11965468457406181,0.00023945767592814526,0.07261516681586166,0.8190533275357799,0.8190533275357799,NONE,False
15,10,浙江,124249656.20818298,199409.77849923747,219745761.31666788,219745761.31666788,219945171.09516713,0.0016049121147274812,1.7685824494232736,1.7685824494232736,1.770187361538001,0.18316222748608954,0.09,0.08329693105371971,2.7881116906683747,1.3,7.314417924289818,4.67242876133222,0.6814982246271614,9.172346110096996,0.11958358893164811,0.00025250679688904043,0.0725737918499132,0.7320734845655528,0.7320734845655528,NONE,False
15,11,安徽,70182433.35888097,209794.3772148207,123944664.86742537,123944664.86742537,124154459.24464019,0.0029892719185444583,1.7660354441349855,1.7660354441349855,1.76902471605353,0.19161871602091185,0.09,0.08894895713656485,1.6056665951350657,1.3,7.313167652092944,4.66959188240823,0.6764494731519305,9.161461861504884,0.11945357204982421,0.0002808556497437831,0.07248685817790057,0.6512448221237143,0.6512448221237143,NONE,False
15,12,福建,87795538.11850408,202340.13241088734,155159890.54541552,155159890.54541552,155362230.6778264,0.0023046744373019733,1.767286742248619,1.767286742248619,1.769591416685921,0.1710247330839843,0.09,0.08220833087451382,1.8420586769946152,1.3,7.3205957435919515,4.670082892044514,0.6858459075123613,8.956039709737682,0.11950412542181299,0.0002653996823948068,0.07253227536267803,0.6299708857718251,0.6299708857718251,NONE,False
15,13,江西,51050047.92908307,210488.45683454286,90048642.7571582,90048642.7571582,90259131.21399274,0.004123178437108345,1.7639286623638553,1.7639286623638553,1.7680518408009636,0.17316583299639926,0.09,0.08911215308961043,1.0953072254175285,1.0953072254175285,7.316366215271916,4.667431321805285,0.6783986222231554,9.01778436332049,0.12030381915933375,0.0002647612741217831,0.07222395702172912,0.5539260215343923,0.5539260215343923,NONE,False
15,14,山东,210016973.07581103,189926.72810310093,371704550.1797953,371704550.1797953,371894476.9078984,0.0009043398984449794,1.769878618551554,1.769878618551554,1.770782958449999,0.11431775528116422,0.09,0.08258704420430737,3.1585807481109613,1.3,7.306939781414354,4.677503210623638,0.6798283999338792,9.344460476384741,0.11968148011340118,0.00021823924914232684,0.07262556215444005,0.5710579053466129,0.5710579053466129,NONE,False
15,15,河南,168320556.01470312,197800.38385592643,297828077.3605675,297828077.3605675,298025877.74442345,0.0011751409841983184,1.7694100139174425,1.7694100139174425,1.770585154901641,0.1049975799105164,0.09,0.08517769454942384,2.3360618164496234,1.3,7.309428701790168,4.673921818168515,0.6771091578446166,9.350469837661743,0.11963422221293052,0.00024365651410285238,0.07259950941670934,0.5023853688414254,0.5023853688414254,NONE,False
15,16,湖北,101805153.6623069,203177.90159543106,179981140.14323103,179981140.14323103,180184318.04482648,0.001995752614542314,1.7678981237063698,1.7678981237063698,1.7698938763209122,0.15806318989646884,0.09,0.0850808081856501,1.9791080040091769,1.3,7.3104578493515255,4.673366372904642,0.6778294575930915,9.306468968250414,0.11954128409145759,0.0002592676941035599,0.07255070580241396,0.6120724719491192,0.6120724719491192,NONE,False
15,17,湖南,93791807.14892803,206203.74247110597,165775520.34684515,165775520.34684515,165981724.08931625,0.0021985261691747104,1.7674840200447064,1.7674840200447064,1.769682546213881,0.14635906376362715,0.09,0.08718217301331095,1.7042811790807662,1.3,7.313991285474078,4.669916903870918,0.6784854529445004,9.128379513469937,0.11951566037298833,0.00026137061270992135,0.0725401826017944,0.5620182448995692,0.5620182448995692,NONE,False
15,18,广东,191259406.86816654,198164.6604852442,338459826.05628896,338459826.05628896,338657990.7167742,0.0010361041254396308,1.7696375388719385,1.7696375388719385,1.7706736429973782,0.2093089996644968,0.09,0.08625629187307605,4.931446060447442,1.3,7.3202118522424,4.666746093154329,0.6830837754009346,8.876202171511505,0.11961977978311733,0.00023597337300329535,0.07261543704325679,0.9222396427211803,0.9222396427211803,NONE,False
15,19,广西,67306708.83876626,208106.89090877183,118853987.05146743,118853987.05146743,119062093.94237621,0.0030919189854802364,1.7658564666441063,1.7658564666441063,1.7689483856295867,0.10287639112505104,0.09,0.08754485522862773,0.9674356396727913,0.9674356396727913,7.329776854003655,4.6601514937186685,0.6880688850334616,8.478954073417595,0.11999121601519436,0.0002284974996359379,0.07238370418367546,0.39404011540754713,0.39404011540754713,NONE,False
15,20,海南,14673330.466888333,210690.09927048406,25604710.73065415,25604710.73065415,25815400.829924636,0.01435871016099071,1.7449828986291451,1.7449828986291451,1.759341608790136,0.12303621358753489,0.09,0.08663051989865317,0.24634071435576854,0.8,7.341304416771155,4.654448416929306,0.6955479215691027,8.078700708623096,0.11833282633907727,0.0005320056350470725,0.07176310305632394,0.30558883321772395,0.30558883321772395,NONE,False
15,21,重庆,50663834.63130832,207869.33370652047,89370778.64003116,89370778.64003116,89578647.97373767,0.004102913552028396,1.763995546140588,1.763995546140588,1.7680984596926164,0.16439228475927523,0.09,0.08589444393458663,1.0521675014365228,1.0521675014365228,7.319161012992562,4.66763089362597,0.6826869219769023,8.924827409893245,0.1202531200350494,0.0002607332145482255,0.07223667677679169,0.5311422904487348,0.5311422904487348,NONE,False
15,22,四川,94830047.41899477,209359.1407047777,167609574.84437266,167609574.84437266,167818933.98507744,0.0022077300012278847,1.7674732788417853,1.7674732788417853,1.7696810088430133,0.17648775442460898,0.09,0.0890543195943695,2.0557450864398517,1.3,7.320114243518272,4.665051695356486,0.6808843594214935,8.854309372859289,0.11951931491039569,0.00026109726971124125,0.0725393763895339,0.6608299926464583,0.6608299926464583,NONE,False
15,23,贵州,39447014.665611394,211422.3950949282,69491601.27167523,69491601.27167523,69703023.66677016,0.005359655144682958,1.761644115803159,1.761644115803159,1.7670037709478421,0.14745325766246514,0.09,0.08978845159518083,0.7841400905794406,0.8,7.324762257563362,4.66171982185302,0.6832402802440654,8.657504972831944,0.11923005994015123,0.0003278770317906021,0.07234086932024208,0.46067055265663326,0.46067055265663326,NONE,False
15,24,云南,68611984.86091176,207356.53252823366,121166206.6605912,121166206.6605912,121373563.19311944,0.0030221619874221807,1.7659627090837826,1.7659627090837826,1.7689848710712048,0.10853520334146682,0.09,0.08687225604432372,1.025355058968348,1.025355058968348,7.33266658603711,4.659036395880904,0.6902717576700239,8.38159112153569,0.12003230866598469,0.00023006822802995597,0.0723794337247683,0.4127394863800682,0.4127394863800682,NONE,False
15,25,西藏,6325734.326183821,211039.98955036345,10815710.432153055,10815710.432153055,11026750.421703419,0.03336213294270285,1.7097952386941202,1.7097952386941202,1.743157371636823,0.0837440478518797,0.0837440478518797,0.08462591480008301,0.07795981776252123,0.8,8.164160674001419,1.950366210244686,0.6613003441603227,7.661280296239316,0.11649103503314762,0.0009765501938927557,0.07052248688177909,0.18097873769473996,0.18097873769473996,NONE,False
15,26,陕西,73897910.2910824,204772.87417147416,130535103.08514701,130535103.08514701,130739875.95931849,0.002771023880984968,1.7664248227178798,1.7664248227178798,1.7691958465988649,0.11742763908562753,0.09,0.083988649640434,1.1353480198300514,1.1353480198300514,7.314583773059438,4.6717590707236365,0.6811559748539429,9.149567350282451,0.120128764730421,0.00023356931648266244,0.07237644920621467,0.44367411004775653,0.44367411004775653,NONE,False
15,27,甘肃,25177704.67938732,211658.92164626345,44212142.9881584,44212142.9881584,44423801.90980466,0.008406601171215819,1.756003716429097,1.756003716429097,1.7644103176003125,0.11682517062902018,0.09,0.09,0.4058306512792804,0.8,7.327287813682419,4.660010059537631,0.6846777207613747,8.553309461441014,0.11895041824899932,0.0003991480420986182,0.07213928807526715,0.33788835261626593,0.33788835261626593,NONE,False
15,28,青海,17578407.529567722,209731.01380500576,23105673.459270954,23105673.459270954,23315404.47307596,0.011931172573637752,1.3144349634860897,1.3144349634860897,1.3263661360597274,0.060265838897249006,0.060265838897249006,0.051462869159522744,0.12656409013754094,0.8,6.045444255795459,1.703747798016458,0.6876056052835342,8.687893570190317,0.0007413038479759937,0.0004502726864069606,3.140666456846741e-05,0.17195565348619854,0.17195565348619854,NONE,False
15,29,宁夏,18640640.44456374,209479.6709403556,29668537.757551536,29668537.757551536,29878017.42849189,0.011237793656464587,1.591605065597621,1.591605065597621,1.6028428592540855,0.05998058307394235,0.05998058307394235,0.05817275940360737,0.15655327980408704,0.8,6.933804227172699,1.596473328208536,0.6663846795704033,9.290020650079569,0.017630391000961643,0.06792630019603241,0.0003921829768391838,0.18198315100601886,0.18198315100601886,NONE,False
15,30,新疆,49250553.031937115,206306.47101258385,86867166.35813671,86867166.35813671,87073472.82914929,0.004188916840767289,1.7637805265213298,1.7637805265213298,1.7679694433620967,0.08912116937136233,0.08912116937136233,0.08347752179997293,0.6837877930897308,0.8,8.175776895661706,1.9543061321456532,0.6680167511321029,7.331711575804151,0.1193783803985442,0.00030819617107746833,0.07240484820279414,0.3310856268422811,0.3310856268422811,NONE,False
16,0,北京,58719043.066994764,204345.11161955268,103645597.72704378,114010157.49974817,103849942.83866332,0.0034800483956526278,1.7651104703595155,1.9416215173954674,1.768590518755168,0.22815888116372587,0.09,0.07849675658547567,1.5839764562765004,1.3,7.320445703154915,4.674464120072975,0.68742814033784,9.115051569972339,0.044467039483522486,2.8035919135360743e-05,0.07247681700748232,0.7249491928666326,0.6759579147728795,HIGH_RA_INCREASE_1P1,True
16,1,天津,64593598.72309723,202746.9731600828,114057639.8015065,114057639.8015065,114260386.77466659,0.0031388090641803023,1.7657731115192075,1.7657731115192075,1.7689119205833879,0.06574254969365789,0.06574254969365789,0.05410949359770818,0.6651561012903081,0.8,6.460333884182882,1.6414745930387076,0.6699946974878768,9.614504922452385,0.044500717206644946,2.5447982563431282e-05,0.0725050430407439,0.27795463790264524,0.2591639449215027,NONE,True
16,2,河北,113705229.18254791,203834.82139972533,201057898.396688,221163688.23635682,201261733.21808773,0.0017926600462013843,1.7682379239911639,1.9450617163902804,1.7700305840373651,0.10026760541325018,0.09,0.08637767585688469,1.5060101117447173,1.3,7.31474515051729,4.669937929249411,0.6795785673411143,9.10349829770874,0.04452308915991665,2.7669539615304828e-05,0.0725869642271677,0.4360074483432433,0.4065007900384098,HIGH_RA_INCREASE_1P1,True
16,3,山西,53478727.38884524,208008.5200604705,94355609.52882148,103791170.48170364,94563618.04888195,0.00388955628184708,1.7643577948809317,1.940793574369025,1.7682473511627788,0.10589691763138287,0.09,0.08640564323848753,0.801324989668682,0.801324989668682,7.317097536820548,4.668498215914151,0.6810367116306911,9.00317492138372,0.04475496915798338,3.7906063059534034e-06,0.07231982844245421,0.3816704074047826,0.35592963711130793,HIGH_RA_INCREASE_1P1,True
16,4,内蒙古,82165502.99427319,200868.1656787771,131990809.60383992,131990809.60383992,132191677.7695187,0.0024446776123646114,1.6064017719582326,1.6064017719582326,1.6088464495705974,0.06328974600932662,0.06328974600932662,0.05730418866889069,0.7562044834249209,0.8,6.85084884148692,1.6026700254834254,0.6672761709545708,9.336820471278736,0.008083615980187586,0.00022830585849198393,0.0005123762084712213,0.2817509429184086,0.2817509429184086,NONE,True
16,5,辽宁,90061052.78222083,202268.70018985268,159173546.89038363,175090901.579422,159375815.5905735,0.0022459064594654954,1.7673960271737628,1.944135629891139,1.7696419336332283,0.08944207096844374,0.08944207096844374,0.08248602996193055,1.1299822525242817,1.1299822525242817,7.332772181825769,4.66345404988139,0.6928077971947373,8.496478772498264,0.044776109799264496,4.624555884680248e-06,0.07244277224172224,0.3785243855913536,0.35295532348092173,HIGH_RA_INCREASE_1P1,True
16,6,吉林,66308917.7271201,204760.1823402485,96771251.25344332,96771251.25344332,96976011.43578357,0.003087973523906609,1.4594002521905773,1.4594002521905773,1.4624882257144838,0.05897982635453708,0.05897982635453708,0.05180218360683329,0.5316997933110036,0.8,6.1285794444834165,1.6939085479819695,0.685730521015602,8.760874602227927,0.0009545496830156708,2.5013188942324405e-05,0.00028478236574169813,0.24764481231042018,0.24764481231042018,NONE,True
16,7,黑龙江,58424879.89838116,206645.69686650235,103120418.24502419,113432460.06952661,103327063.94189069,0.0035369468833470054,1.7650086474184,1.94150951216024,1.7685455943017467,0.07146112270940405,0.07146112270940405,0.07649000179891292,0.667158285110324,0.8,7.356808986235874,4.6537805461629835,0.7118299782854157,7.71047963294646,0.0444942266398245,2.536474944592193e-05,0.07246531111880539,0.29092174766150053,0.27126448253884167,HIGH_RA_INCREASE_1P1,True
16,8,上海,66125294.30800852,203432.8996361435,116767836.70430395,128444620.37473436,116971269.6039401,0.00307647628286632,1.7658573459107016,1.9424430805017718,1.768933822193568,0.2190479014909647,0.09,0.07854539660929069,1.7198971684602549,1.3,7.320341699252264,4.674451149489163,0.6873514626087079,9.11648600780872,0.04446935515625938,2.8613195401261393e-05,0.07250940949379614,0.7223024988352026,0.6734696147571476,HIGH_RA_INCREASE_1P1,True
16,9,江苏,203535217.25929242,187974.32588735275,360225184.982758,396247703.4810338,360413159.30864537,0.0009235469341302445,1.7698420442092404,1.9468262486301646,1.7707655911433708,0.1783501192559871,0.09,0.080348417807693,4.503945370054942,1.3,7.31138823075357,4.676851717787482,0.6813555993197606,9.387645410284351,0.04453024458596033,3.156812264326625e-05,0.07264902726299693,0.8190533275357799,0.7635799844294837,HIGH_RA_INCREASE_1P1,True
16,10,浙江,124249656.20818298,199432.35799285237,219745761.31666788,241720337.4483347,219945193.67466074,0.0016050938415370676,1.7685824494232736,1.945440694365601,1.7701875432648106,0.18252897094854556,0.09,0.08329695131348781,2.77931120241309,1.3,7.314485867761884,4.6723906252317295,0.6815396817208635,9.169535380757132,0.044511375021243804,3.0132907968605238e-05,0.07260611161727248,0.7320734845655528,0.6825184721926808,HIGH_RA_INCREASE_1P1,True
16,11,安徽,70182433.35888097,209817.05429490408,123944664.86742537,136339131.3541679,124154481.92172027,0.002989595034728923,1.7660354441349855,1.942638988548484,1.7690250391697142,0.19092469103207152,0.09,0.08894896032100626,1.6003502380763603,1.3,7.313231174769113,4.6695501106346535,0.6764912136557176,9.158564279072456,0.04447363429282247,2.8323695917320535e-05,0.07251723496954687,0.6512448221237143,0.6072115215399833,HIGH_RA_INCREASE_1P1,True
16,12,福建,87795538.11850408,202362.73957410466,155159890.54541552,170675879.59995708,155362253.28498963,0.0023049319351623634,1.767286742248619,1.944015416473481,1.7695916741837814,0.17047603096853375,0.09,0.08220835441359632,1.8367011641845206,1.3,7.320663391249846,4.670046982038345,0.6858859557993764,8.953417663606517,0.04448898542924651,2.885163924726264e-05,0.07256321967696788,0.6299708857718251,0.5873508192473339,HIGH_RA_INCREASE_1P1,True
16,13,江西,51050047.92908307,210511.1402946408,90048642.7571582,99053507.03287403,90259153.89745285,0.004123622774792992,1.7639286623638553,1.940321528600241,1.7680522851386484,0.1725929714390953,0.09,0.08911215577979088,1.092082245059107,1.092082245059107,7.316427570496498,4.667391400631451,0.6784385736968945,9.015063180051415,0.044825744981083604,1.4315538427123187e-05,0.07223930648498844,0.5539260215343923,0.5166067110058397,HIGH_RA_INCREASE_1P1,True
16,14,山东,210016973.07581103,189937.8160529551,371704550.1797953,408875005.1977749,371894487.9958483,0.0009043926939390378,1.769878618551554,1.9468664804067095,1.770783011245493,0.11408511466430335,0.09,0.08258706660289303,3.152943340059223,1.3,7.310841799704564,4.675039608032161,0.679755779254079,9.33982289833136,0.044544961697605245,3.0184610593453343e-05,0.07265793893934602,0.5710579053466129,0.5323765243478086,HIGH_RA_INCREASE_1P1,True
16,15,河南,168320556.01470312,197822.94199261875,297828077.3605675,327610885.0966243,298025900.30256015,0.001175275003103831,1.7694100139174425,1.946351015309187,1.7705852889205465,0.1050045391232437,0.09,0.0851777091363818,2.3323552193745454,1.3,7.309499978323716,4.673878817092069,0.6771542278344895,9.347312161421097,0.044532035190697705,2.93460750444563e-05,0.07263098600240525,0.5023853688414254,0.46836738393486876,HIGH_RA_INCREASE_1P1,True
16,16,湖北,101805153.6623069,203200.51802600556,179981140.14323103,197979254.15755415,180184340.66125703,0.0019959747686254907,1.7678981237063698,1.9446879360770069,1.7698940984749951,0.15759770384106292,0.09,0.08508082306506186,1.9738581960253252,1.3,7.3105240881577,4.673326694875727,0.677871161398498,9.303565559501587,0.044501366478379545,2.89716602341894e-05,0.07258177937704646,0.6120724719491192,0.5706534305520365,HIGH_RA_INCREASE_1P1,True
16,17,湖南,93791807.14892803,206226.38843441472,165775520.34684515,182353072.3815297,165981746.73527956,0.002198767618444078,1.7674840200447064,1.9442324220491773,1.7696827876631505,0.1459635479995754,0.09,0.08718218154426244,1.7001632718313187,1.3,7.314054719139316,4.669877473550678,0.6785259178130373,9.125605912388204,0.04449430229505391,2.8516555164781465e-05,0.07257076775307802,0.5620182448995692,0.523991760540834,HIGH_RA_INCREASE_1P1,True
16,18,广东,191259406.86816654,198187.2379540612,338459826.05628896,372305808.66191787,338658013.29424304,0.0010362221717579096,1.7696375388719385,1.9466012927591323,1.7706737610436964,0.2084754540776005,0.09,0.086256303202626,4.913305471905301,1.3,7.320274673800341,4.66670896696337,0.6831226801159426,8.873637514208056,0.04451679864432134,3.189670565650893e-05,0.07264964994213474,0.9222396427211803,0.8597771348463421,HIGH_RA_INCREASE_1P1,True
16,19,广西,67306708.83876626,208129.5529918952,118853987.05146743,130739385.7566142,119062116.60445933,0.003092255684206327,1.7658564666441063,1.9424421133085172,1.7689487223283127,0.10287991855009186,0.09,0.08754486266271869,0.9659931019274203,0.9659931019274203,7.329841221188131,4.660113804036818,0.6881081586645601,8.476496389438834,0.04475823974580373,3.906028486211355e-06,0.07238789294497217,0.39404011540754713,0.3674417792291942,HIGH_RA_INCREASE_1P1,True
16,20,海南,14673330.466888333,210712.78387075337,25604710.73065415,28165181.80371957,25815423.514524903,0.01436025613586809,1.7449828986291451,1.91948118849206,1.7593431547650131,0.12277232574796956,0.09,0.08663053009731657,0.2458762694891766,0.8,7.3413701548984855,4.654412510552183,0.6955863971294992,8.076442839362922,0.04408775861291914,2.7848908527694505e-05,0.07179295048894452,0.30558883321772395,0.2851192789412511,HIGH_RA_INCREASE_1P1,True
16,21,重庆,50663834.63130832,207891.9917417319,89370778.64003116,98307856.50403428,89578670.63177289,0.004103360775089507,1.763995546140588,1.9403951007546472,1.7680989069156776,0.16387777694301534,0.09,0.08589445635726711,1.0492586775038322,1.0492586775038322,7.319229075907619,4.667590874517937,0.6827290916923712,8.922033806705477,0.044813945633740415,1.2852910395322326e-05,0.07225045813872089,0.5311422904487348,0.4953528221109131,HIGH_RA_INCREASE_1P1,True
16,22,四川,94830047.41899477,209381.81312960514,167609574.84437266,184370532.32880995,167818956.65750226,0.002207969086047987,1.7674732788417853,1.944220606725964,1.7696812479278332,0.17590177366967366,0.09,0.08905432245971442,2.0495399364662146,1.3,7.320180610865928,4.6650095378897385,0.6809275952800367,8.851452315296514,0.04449333697975133,2.9076389518989387e-05,0.07257056196221612,0.6608299926464583,0.6161179656446113,HIGH_RA_INCREASE_1P1,True
16,23,贵州,39447014.665611394,211445.08632072757,69491601.27167523,76440761.39884275,69703046.35799596,0.005360230377713688,1.761644115803159,1.9378085273834749,1.7670043461808727,0.1470536965976522,0.09,0.08978845223636014,0.7822445638342161,0.8,7.324825737229028,4.661679580778594,0.6832808175813366,8.654879361364557,0.04440288803834269,2.6685738589105057e-05,0.0723694855283592,0.46067055265663326,0.4295819294314028,HIGH_RA_INCREASE_1P1,True
16,24,云南,68611984.86091176,207379.1857608999,121166206.6605912,133282827.32665034,121373585.8463521,0.003022492151790872,1.7659627090837826,1.942558979992161,1.7689852012355733,0.10844850337378177,0.09,0.08687226551228751,1.0237013989796104,1.0237013989796104,7.332734832260017,4.658997576773085,0.6903128057401315,8.37906708316784,0.04476769720511187,5.116994093556926e-06,0.07238492108399686,0.4127394863800682,0.38487997944139263,HIGH_RA_INCREASE_1P1,True
16,25,西藏,6325734.326183821,211062.6635783828,10815710.432153055,11897281.475368362,11026773.09573144,0.0333657173531207,1.7097952386941202,1.8807747625635323,1.743160956047241,0.08374889819260338,0.08374889819260338,0.08462593105227777,0.07788171382082457,0.8,8.164414564053907,1.9505505215096646,0.6613403950289819,7.658897264274517,0.04343330421085967,3.193348790087036e-05,0.07055667239866148,0.18097873769473996,0.16905105760467934,HIGH_RA_INCREASE_1P1,True
16,26,陕西,73897910.2910824,204795.49796488226,130535103.08514701,143588613.3936617,130739898.5831119,0.0027713300302836287,1.7664248227178798,1.9430673049896678,1.7691961527481634,0.11717485074353307,0.09,0.08398866781487949,1.13329980846126,1.13329980846126,7.314657579352386,4.671716913432566,0.6812013471613905,9.146491540777877,0.04479038963867055,7.83019405381502e-06,0.07238484612191054,0.44367411004775653,0.4137265755406981,HIGH_RA_INCREASE_1P1,True
16,27,甘肃,25177704.67938732,211681.61492190772,44212142.9881584,48633357.286974244,44423824.6030803,0.008407502495460155,1.756003716429097,1.931604088072007,1.7644112189245569,0.11658579448125844,0.09,0.09,0.4051061738659177,0.8,7.327360700805188,4.659964206419246,0.6847245172768851,8.550335648921232,0.04430873224151144,2.60510848728579e-05,0.07216721846685625,0.33788835261626593,0.31514520011106917,HIGH_RA_INCREASE_1P1,True
16,28,青海,17578407.529567722,209753.50597541116,23105673.459270954,23105673.459270954,23315426.965246364,0.01193245210765513,1.3144349634860897,1.3144349634860897,1.3263674155937448,0.06026811737418456,0.06026811737418456,0.05146396261818577,0.1265606346217532,0.8,6.0460748723037625,1.703699540864756,0.687641695498453,8.684860640722587,0.00019127528546958317,2.84884931753826e-05,2.919066121709335e-06,0.17195565348619854,0.17195565348619854,NONE,True
16,29,宁夏,18640640.44456374,209502.18964057806,29668537.757551536,29668537.757551536,29878039.947192114,0.011239001699733778,1.591605065597621,1.591605065597621,1.6028440672973547,0.05998620738364226,0.05998620738364226,0.05817585897470756,0.15856611823841082,0.8,6.934359680381641,1.5965326688715062,0.6664218480778639,9.286692621193435,0.005898362642737798,0.0002818360650842511,0.00011045744306192873,0.18198315100601886,0.18198315100601886,NONE,True
16,30,新疆,49250553.031937115,206328.97030519074,86867166.35813671,95553882.9939504,87073495.3284419,0.00418937367406604,1.7637805265213298,1.9401585791734628,1.7679699001953957,0.08912618374640599,0.08912618374640599,0.08347754151543303,0.6829468641903567,0.8,8.176073201437044,1.9545151451713345,0.6680633254744694,7.3290853369778315,0.04445868480885373,2.5581582025591132e-05,0.0724322820153831,0.3310856268422811,0.30872404010450333,HIGH_RA_INCREASE_1P1,True
17,0,北京,58719043.066994764,204768.71487392302,114010157.49974817,114010157.49974817,114214926.2146221,0.0034872624650966245,1.9416215173954674,1.9416215173954674,1.945108779860564,0.20489169602213456,0.09,0.07846971824557292,1.5833256677130318,1.3,7.320535910205945,4.674455980494219,0.6874890740275728,9.113053853962839,0.1198270564349837,2.1768137749900163e-05,0.07250016283056859,0.6759579147728795,0.6759579147728795,NONE,False
17,1,天津,64593598.72309723,207606.225526081,114057639.8015065,114057639.8015065,114265246.02703258,0.003214037143464584,1.7657731115192075,1.7657731115192075,1.768987148662672,0.0596081909426725,0.0596081909426725,0.047724665139528444,0.6113257686449435,0.8,3.253133083962183,2.004405808173845,0.6935250074208319,9.888760653689475,0.018258098432577752,0.06778469234085993,0.00019438133579363637,0.2591639449215027,0.2591639449215027,NONE,False
17,2,河北,113705229.18254791,204258.45027867507,221163688.23635682,221163688.23635682,221367946.6866355,0.0017963857225136814,1.9450617163902804,1.9450617163902804,1.946858102112794,0.08889018438115799,0.08889018438115799,0.08636913292271396,1.505511329538352,1.3,7.314805538457966,4.66990671084021,0.6796230241004887,9.101004982654636,0.11993817284801,1.641468915880573e-05,0.0725693580455542,0.4065007900384098,0.4065007900384098,NONE,False
17,3,山西,53478727.38884524,208432.18426194566,103791170.48170364,103791170.48170364,103999602.66596559,0.0038974783888634772,1.940793574369025,1.940793574369025,1.9446910527578887,0.09403156005891102,0.09,0.08639716616128959,0.8014059587163661,0.8014059587163661,7.317156219140109,4.6684686220875005,0.6810796554080112,9.0008165300792,0.12025910011318675,7.452941876673336e-05,0.07239974781600012,0.35592963711130793,0.35592963711130793,NONE,False
17,4,内蒙古,82165502.99427319,202426.9040278922,131990809.60383992,131990809.60383992,132193236.50786781,0.002463648327473892,1.6064017719582326,1.6064017719582326,1.6088654202857067,0.06326879291352996,0.06326879291352996,0.05210786313536258,0.7568835198043248,0.8,6.131742530127154,1.687699108024471,0.6766124659136613,9.445398214069618,0.004112759329169657,0.00022171304261087155,0.0007339756505939654,0.2817509429184086,0.2817509429184086,NONE,False
17,5,辽宁,90061052.78222083,202691.98312398602,175090901.579422,175090901.579422,175293593.56254598,0.0022506064148963617,1.944135629891139,1.944135629891139,1.9463862363060354,0.0790552652023482,0.0790552652023482,0.08195815742138148,1.1299953798499558,1.1299953798499558,7.333092141594959,4.6639238514691606,0.6932333759176175,8.504868706326356,0.120312906430317,3.2315465416710154e-05,0.07247742872904017,0.35295532348092173,0.35295532348092173,NONE,False
17,6,吉林,66308917.7271201,205194.89157495124,96771251.25344332,96771251.25344332,96976446.14501826,0.003094529342484311,1.4594002521905773,1.4594002521905773,1.4624947815330616,0.05896030205256597,0.05896030205256597,0.05176261794556139,0.5320489698071481,0.8,6.118825708067028,1.6950063883414526,0.6858520677208599,8.759564731771619,0.0012700356759247633,0.00022798575192573,5.673168749420476e-05,0.24764481231042018,0.24764481231042018,NONE,False
17,7,黑龙江,58424879.89838116,206893.89063893704,113432460.06952661,113432460.06952661,113639353.96016555,0.003541194966918018,1.94150951216024,1.94150951216024,1.9450507071271579,0.0627110790825425,0.0627110790825425,0.06742954737932444,0.6670060708207696,0.8,7.613191066030987,1.6689691408557352,0.6722969168848234,8.015149858978628,0.11987107402809749,2.0403219324949262e-05,0.07248719286376648,0.27126448253884167,0.27126448253884167,NONE,False
17,8,上海,66125294.30800852,203856.48801932504,128444620.37473436,128444620.37473436,128648476.86275369,0.00308288212782496,1.9424430805017718,1.9424430805017718,1.9455259626295969,0.19661362306043345,0.09,0.07851847204175404,1.719152709032834,1.3,7.320435126783931,4.674441107525289,0.6874143122729119,9.11435019768447,0.11982592128925429,1.2232617103036247e-05,0.07252252909074164,0.6734696147571476,0.6734696147571476,NONE,False
17,9,江苏,203535217.25929242,188397.7544362231,396247703.4810338,396247703.4810338,396436101.23547,0.0009256273040759082,1.9468262486301646,1.9468262486301646,1.9477518759342405,0.1596349687327724,0.09,0.08032571393454145,4.501956645862791,1.3,7.3114699914821495,4.676832243376761,0.6814158509416113,9.385146011161506,0.1199753134155066,3.844681213183154e-05,0.07260778732736228,0.7635799844294837,0.7635799844294837,NONE,False
17,10,浙江,124249656.20818298,199855.93216224734,241720337.4483347,241720337.4483347,241920193.38049695,0.0016085028986107166,1.945440694365601,1.945440694365601,1.9470491972642117,0.163438594977351,0.09,0.08328116358565452,2.778109882579277,1.3,7.314557219614101,4.672364169719483,0.6815931043309027,9.166974493761929,0.11992216883529117,2.2188878962214886e-05,0.07258231169008766,0.6825184721926808,0.6825184721926808,NONE,False
17,11,安徽,70182433.35888097,210240.7324477862,136339131.3541679,136339131.3541679,136549372.08661568,0.0029956318466860636,1.942638988548484,1.942638988548484,1.94563462039517,0.17108153839755666,0.09,0.08894647879733875,1.5997052401962717,1.3,7.313291994442038,4.66951112111294,0.6765333744338848,9.155786271143102,0.11982753262077339,9.261151849182525e-06,0.07252716771452072,0.6072115215399833,0.6072115215399833,NONE,False
17,12,福建,87795538.11850408,202786.33233429797,170675879.59995708,170675879.59995708,170878665.9322914,0.0023097566992593905,1.944015416473481,1.944015416473481,1.9463251731727405,0.15250694555702,0.09,0.08219001123089408,1.8359471530411537,1.3,7.320742654928979,4.670023821506028,0.6859427027305136,8.950945471728415,0.11985794158094043,4.62243259169437e-06,0.07255826182578451,0.5873508192473339,0.5873508192473339,NONE,False
17,13,江西,51050047.92908307,210934.82421717249,99053507.03287403,99053507.03287403,99264441.8570912,0.0041319221582356925,1.940321528600241,1.940321528600241,1.9444534507584768,0.15446869047538406,0.09,0.08911005941637473,1.0924200972741096,1.0924200972741096,7.316488433250022,4.667352732361712,0.6784800189816346,9.012364298166725,0.120559108549948,7.453971086945899e-05,0.07231923089287662,0.5166067110058397,0.5166067110058397,NONE,False
17,14,山东,210016973.07581103,184251.10699523005,408875005.1977749,408875005.1977749,409059256.3047701,0.000877315315504142,1.9468664804067095,1.9468664804067095,1.9477437957222137,0.10141129679856978,0.09,0.082569612169436,3.151701110682396,1.3,9.365321233856724,-0.9477545458923746,0.6319228650794938,9.462849480546687,0.11998180393464186,6.081997981322029e-05,0.07259269990515338,0.5323765243478086,0.5323765243478086,NONE,False
17,15,河南,168320556.01470312,198246.51355189338,327610885.0966243,327610885.0966243,327809131.6101762,0.0011777914608039684,1.946351015309187,1.946351015309187,1.947528806769991,0.09319151893466854,0.09,0.08516634203084618,2.331498994960394,1.3,7.309564377713627,4.673847296236023,0.6772032991668627,9.344615925416143,0.11996120424239765,3.0859448715281346e-05,0.07259788520150234,0.46836738393486876,0.46836738393486876,NONE,False
17,16,湖北,101805153.6623069,203624.13437631595,197979254.15755415,197979254.15755415,198182878.29193047,0.0020001358187793517,1.9446879360770069,1.9446879360770069,1.9466880718957862,0.14081066029756203,0.09,0.08506922806052736,1.9730679941211522,1.3,7.310590726846845,4.673294522522955,0.677921501472578,9.300816901972444,0.11988665475830951,1.188205179925017e-05,0.07256903490478495,0.5706534305520365,0.5706534305520365,NONE,False
17,17,湖南,93791807.14892803,206650.03258948636,182353072.3815297,182353072.3815297,182559722.41411918,0.002203284475171222,1.9442324220491773,1.9442324220491773,1.9464357065243487,0.13025031917946178,0.09,0.08717553367249983,1.6994974855867973,1.3,7.314121091559373,4.669840021852038,0.6785734507693988,9.122758042532432,0.11986294900247252,7.009415117220641e-06,0.07256324965932426,0.523991760540834,0.523991760540834,NONE,False
17,18,广东,191259406.86816654,198610.79333392478,372305808.66191787,372305808.66191787,372504419.4552518,0.0010384367314849278,1.9466012927591323,1.9466012927591323,1.9476397294906174,0.18698127540192339,0.09,0.08624747448107781,4.910809794564715,1.3,7.3203496860374875,4.666671098085404,0.6831753284330427,8.870712116607425,0.11992948496588096,3.534244130720676e-05,0.07261173988483849,0.8597771348463421,0.8597771348463421,NONE,False
17,19,广西,67306708.83876626,208553.21189538224,130739385.7566142,130739385.7566142,130947938.96850957,0.003098550137029773,1.9424421133085172,1.9424421133085172,1.945540663445547,0.09128117676723492,0.09,0.08753906953596245,0.9660112068153224,0.9660112068153224,7.329912941373288,4.660076333323502,0.688155898648381,8.473847243439279,0.1202418895992523,5.562201337694361e-05,0.0724475413186989,0.3674417792291942,0.3674417792291942,NONE,False
17,20,海南,14673330.466888333,211136.46725564922,28165181.80371957,28165181.80371957,28376318.270975217,0.01438913052030671,1.91948118849206,1.91948118849206,1.9338703190123665,0.10932298716951233,0.09,0.0866225826360614,0.2458670959987849,0.8,7.34144800970339,4.654377977510238,0.6956366496074887,8.073952869928844,0.11898597981299264,0.000267197662551677,0.07207933106005449,0.2851192789412511,0.2851192789412511,NONE,False
17,21,重庆,50663834.63130832,208315.65042244786,98307856.50403428,98307856.50403428,98516172.15445673,0.004111722926983437,1.9403951007546472,1.9403951007546472,1.9445068236816307,0.14655430743674394,0.09,0.08588477579738064,1.049547785272779,1.049547785272779,7.319296633077805,4.667558360566214,0.6827777390098297,8.919416404736056,0.12050709056452646,7.622554862285469e-05,0.0723321910181538,0.4953528221109131,0.4953528221109131,NONE,False
17,22,四川,94830047.41899477,209805.4855049335,184370532.32880995,184370532.32880995,184580337.81431487,0.0022124367878667618,1.944220606725964,1.944220606725964,1.9464330435138306,0.15743134861962946,0.09,0.08905208959675638,2.0486719199546664,1.3,7.320248356906412,4.664967669037981,0.6809737486578886,8.848536920900525,0.11986103759117483,6.962908121299627e-06,0.07256309375193948,0.6161179656446113,0.6161179656446113,NONE,False
17,23,贵州,39447014.665611394,211868.77777062173,76440761.39884275,76440761.39884275,76652630.17661338,0.005370971151216722,1.9378085273834749,1.9378085273834749,1.9431794985346917,0.13127941704908516,0.09,0.08978795258777354,0.782001832727614,0.8,7.324894157966799,4.661636485147721,0.6833249161894981,8.65205239651241,0.11963532538054245,6.533573108358226e-05,0.07243954957268794,0.4295819294314028,0.4295819294314028,NONE,False
17,24,云南,68611984.86091176,207802.83597333138,133282827.32665034,133282827.32665034,133490630.16262367,0.003028666732125347,1.942558979992161,1.942558979992161,1.9455876467242865,0.09634411962271255,0.09,0.08686488745965544,1.0237425892981267,1.0237425892981267,7.332808879804517,4.6589618855408474,0.6903621446868881,8.376467566235544,0.12027804718334378,5.439077447633167e-05,0.07244324893039145,0.38487997944139263,0.38487997944139263,NONE,False
17,25,西藏,6325734.326183821,211546.85861641832,11897281.475368362,11897281.475368362,12108828.333984781,0.03344226104165838,1.8807747625635323,1.8807747625635323,1.9142170236051907,0.07410173110061612,0.07410173110061612,0.07876009788784098,0.07792480105892442,0.8,7.366357749220102,4.648810106180232,0.714723994431195,7.445532293031414,0.11763912509567875,0.0006987198831458485,0.07130469163170083,0.16905105760467934,0.16905105760467934,NONE,False
17,26,陕西,73897910.2910824,205219.1291643545,143588613.3936617,143588613.3936617,143793832.52282608,0.0027770626849392688,1.9430673049896678,1.9430673049896678,1.9458443676746071,0.10416024183260353,0.09,0.08397450510593726,1.1334060110314015,1.1334060110314015,7.314723926207132,4.671690528917505,0.6812514089321977,9.144034066267686,0.1203751363267429,4.66777390313311e-05,0.07243490262189911,0.4137265755406981,0.4137265755406981,NONE,False
17,27,甘肃,25177704.67938732,212105.30858120072,48633357.286974244,48633357.286974244,48845462.59555545,0.00842433062434197,1.931604088072007,1.931604088072007,1.940028418696349,0.1036890364840754,0.09,0.09,0.4050363011979063,0.8,7.327422304592259,4.659925463400434,0.6847640600644351,8.547823787221757,0.1194500986160989,0.0001337878253984126,0.07231066138747844,0.31514520011106917,0.31514520011106917,NONE,False
17,28,青海,17578407.529567722,210180.78782471584,23105673.459270954,23105673.459270954,23315854.24709567,0.01195675930661988,1.3144349634860897,1.3144349634860897,1.3263917227927096,0.060249051780353995,0.060249051780353995,0.051424800740229634,0.12664090172732925,0.8,6.034823191994887,1.7049659429602855,0.6877757191158608,8.68330602797749,0.0009305082080475202,0.0002052100150594649,0.00020812848215956414,0.17195565348619854,0.17195565348619854,NONE,False
17,29,宁夏,18640640.44456374,210132.05387059334,29668537.757551536,29668537.757551536,29878669.81142213,0.011272791538226102,1.591605065597621,1.591605065597621,1.602877857135847,0.05996682802232849,0.05996682802232849,0.0528229023164075,0.15870466985446838,0.8,6.278378993571529,1.6689458579589918,0.6753976127244203,9.396679731846524,0.003209448721438246,0.00020310155856040346,0.00031353656754351533,0.18198315100601886,0.18198315100601886,NONE,False
17,30,新疆,49250553.031937115,206764.8017860787,95553882.9939504,95553882.9939504,95760647.79573648,0.004198222944867229,1.9401585791734628,1.9401585791734628,1.9443568021183302,0.07877922223219,0.07877922223219,0.0826520187867987,0.6827666171792516,0.8,8.157532886326905,1.938769391035951,0.6687555586137395,7.332216620063063,0.11976233787497126,4.191455491420193e-05,0.07247723253715943,0.30872404010450333,0.30872404010450333,NONE,False
18,0,北京,58719043.066994764,202854.7276742618,114010157.49974817,125411173.249723,114213012.22742243,0.003454666784041716,1.9416215173954674,2.1357836691350145,1.945076184179509,0.20405895550616085,0.09,0.07846969955118491,1.5780268041459735,1.3,7.3205307138725075,4.674458489942793,0.6874861297315157,9.11324865116384,0.045004939205368855,8.92007207106138e-05,0.07240449504308177,0.6759579147728795,0.630319919300342,HIGH_RA_INCREASE_1P1,True
18,1,天津,64593598.72309723,205689.0391170728,114057639.8015065,114057639.8015065,114263328.84062357,0.003184356394181255,1.7657731115192075,1.7657731115192075,1.7689574679133888,0.05962377531420981,0.05962377531420981,0.04772690271305604,0.618959458109038,0.8,3.2554425572921004,2.0041848135797857,0.6935093068643878,9.888841746540903,0.0056928166136696046,0.0003817733816144919,0.000187317836201073,0.2591639449215027,0.2591639449215027,NONE,True
18,2,河北,113705229.18254791,202344.46286024383,221163688.23635682,243280057.05999252,221366032.69921708,0.0017795528342446781,1.9450617163902804,2.1395678880293083,1.946841269224525,0.0888839562933495,0.0888839562933495,0.08636912701610405,1.5039938532889756,1.3,7.3148008877706,4.669909537254931,0.6796200955520124,9.101204651608779,0.045050788339025205,8.288316689730735e-05,0.07248046010044251,0.4065007900384098,0.37902862118377356,HIGH_RA_INCREASE_1P1,True
18,3,山西,53478727.38884524,206518.19438393007,103791170.48170364,114170287.52987401,103997688.67608757,0.003861688646446854,1.940793574369025,2.1348729318059276,1.944655263015472,0.09402587547588312,0.09,0.0863971603002134,0.8004731570793922,0.8004731570793922,7.317151180419016,4.668471654500642,0.6810765040182039,9.001028417985172,0.045144144288434385,8.803725813988361e-05,0.07230533668257233,0.35592963711130793,0.3319293721063252,HIGH_RA_INCREASE_1P1,True
18,4,内蒙古,82165502.99427319,200524.21443316675,131990809.60383992,131990809.60383992,132191333.81827308,0.0024404915338635848,1.6064017719582326,1.6064017719582326,1.6088422634920962,0.06326243658673301,0.06326243658673301,0.05207644185119505,0.7570343372770246,0.8,6.124581645627896,1.688635459617016,0.6766819032729815,9.446658041946598,0.0019167398524353452,8.646515191623738e-05,0.000820377339194045,0.2817509429184086,0.2817509429184086,NONE,True
18,5,辽宁,90061052.78222083,200777.99919819596,175090901.579422,192599991.7373642,175291679.5786202,0.0022293543434774507,1.944135629891139,2.138549192880253,1.9463649842346165,0.07904909889439567,0.07904909889439567,0.08196061923231654,1.129066528433728,1.129066528433728,7.333085534325754,4.663924165457455,0.6932285053185033,8.505005374382893,0.045187720548743204,8.677891505848301e-05,0.07238436030135031,0.35295532348092173,0.329131360496285,HIGH_RA_INCREASE_1P1,True
18,6,吉林,66308917.7271201,203280.41171003916,96771251.25344332,96771251.25344332,96974531.66515335,0.00306565720988835,1.4594002521905773,1.4594002521905773,1.4624659094004655,0.05895431907322554,0.05895431907322554,0.05176438576227095,0.5321519421135457,0.8,6.119257327113617,1.6949570830114804,0.6858456177369592,8.759700684032925,0.0007803593741033676,9.112192334848057e-05,3.439540535477015e-05,0.24764481231042018,0.24764481231042018,NONE,True
18,7,黑龙江,58424879.89838116,204979.80489865865,113432460.06952661,113432460.06952661,113637439.87442528,0.0035084334833923765,1.94150951216024,1.94150951216024,1.9450179456436325,0.06270555312406137,0.06270555312406137,0.06743296076728277,0.6666911603381478,0.8,7.613327413009413,1.668993685513081,0.6722910595095637,8.015276263626136,0.04502593172985825,9.070594458859826e-05,0.07238991189987876,0.27126448253884167,0.25295322114533997,NONE,True
18,8,上海,66125294.30800852,201942.5016790923,128444620.37473436,141289082.4122078,128646562.87641345,0.003053937283642982,1.9424430805017718,2.1366873885519495,1.945497017785415,0.19584746438145179,0.09,0.07851845342602856,1.7136766888717752,1.3,7.320429742468443,4.674443711348393,0.687411258766857,9.114552246630682,0.04500054450215041,8.63184616477497e-05,0.07242995059594803,0.6734696147571476,0.6279847130182269,HIGH_RA_INCREASE_1P1,True
18,9,江苏,203535217.25929242,186483.77857833923,396247703.4810338,435872473.8291372,396434187.25961214,0.0009162236446814478,1.9468262486301646,2.1415088734931813,1.947742472274846,0.15913261727999556,0.09,0.08032569823701653,4.490942306773381,1.3,7.311464887571459,4.676834934113322,0.6814128236302585,9.385355425895096,0.0450547986951384,7.682953271559434e-05,0.07252537937227488,0.7635799844294837,0.7119458421360528,HIGH_RA_INCREASE_1P1,True
18,10,浙江,124249656.20818298,197941.9481376114,241720337.4483347,265892371.1931682,241918279.3964723,0.0015930985580028922,1.945440694365601,2.139984763802161,1.947033792923604,0.16291126920287663,0.09,0.0832811526699729,2.7710953192142473,1.3,7.314552213958837,4.672366984995978,0.681590057403114,9.167181578151295,0.04503552072617656,7.97191196398872e-05,0.07249680637245848,0.6825184721926808,0.6363827548365256,HIGH_RA_INCREASE_1P1,True
18,11,安徽,70182433.35888097,208326.74121471366,136339131.3541679,149973044.4895847,136547458.09538263,0.002968360189927096,1.942638988548484,2.1369028874033327,1.9456073487384113,0.1705022422151488,0.09,0.08894647708160595,1.5954156547368687,1.3,7.313287388490135,4.669514149090395,0.6765303502377714,9.15599617667836,0.045002007964922486,8.568385404916778e-05,0.07243526945321865,0.6072115215399833,0.5661987616740449,HIGH_RA_INCREASE_1P1,True
18,12,福建,87795538.11850408,200872.34678244306,170675879.59995708,187743467.5599528,170876751.94673952,0.0022879562115253617,1.944015416473481,2.138416958120829,1.9463033726850063,0.15204858513895522,0.09,0.08218999854836341,1.8317031661596401,1.3,7.320737269398608,4.670026688729921,0.685939521860189,8.951154335533886,0.045010108861472276,8.22444524137822e-05,0.07247004985885885,0.5873508192473339,0.5476617452623797,HIGH_RA_INCREASE_1P1,True
18,13,江西,51050047.92908307,209020.83261355333,99053507.03287403,108958857.73616144,99262527.86548759,0.004094429703649205,1.940321528600241,2.134353681460265,1.9444159583038902,0.15399235983998072,0.09,0.08911005796694288,1.089764739974442,1.089764739974442,7.31648340900401,4.6673560004807895,0.6784767495926627,9.01258693294304,0.045204741805283666,7.793909230047191e-05,0.07223565530536447,0.5166067110058397,0.4818033316180985,HIGH_RA_INCREASE_1P1,True
18,14,山东,210016973.07581103,184243.974778463,408875005.1977749,449762505.7175524,409059249.17255336,0.0008772813553119603,1.9468664804067095,2.1415531284473808,1.9477437617620215,0.10140480452155073,0.09,0.08256960010138917,3.1477341450669027,1.3,8.724184270079624,-1.68410531188186,0.6547047992416407,9.550315951010209,0.04506919944390675,7.506179872784902e-05,0.072512189167796,0.5323765243478086,0.4963827262055645,HIGH_RA_INCREASE_1P1,True
18,15,河南,168320556.01470312,196332.53024239087,327610885.0966243,360371973.60628676,327807217.6268667,0.0011664203998069068,1.946351015309187,2.140986116840106,1.947517435708994,0.0931853502367829,0.09,0.08516633417159586,2.3289407074684445,1.3,7.309559579200088,4.6738501934735694,0.6772002713100551,9.34482837956734,0.045054474885859674,7.899013509404806e-05,0.07251316054964874,0.46836738393486876,0.43670082677105493,HIGH_RA_INCREASE_1P1,True
18,16,湖北,101805153.6623069,201710.14776340302,197979254.15755415,217777179.57330957,198180964.30531755,0.0019813353303555366,1.9446879360770069,2.1391567296847076,1.9466692714073623,0.1404213004962662,0.09,0.08506922004370698,1.9689737059543595,1.3,7.310585732129047,4.673297516817367,0.6779183631595886,9.30103570649835,0.04502268727731251,8.134794743175355e-05,0.07248178361531665,0.5706534305520365,0.5320868282054864,HIGH_RA_INCREASE_1P1,True
18,17,湖南,93791807.14892803,204736.04391797914,182353072.3815297,200588379.61968267,182557808.42544767,0.0021828776962670893,1.9442324220491773,2.1386556642540953,1.9464152997454445,0.12991867761251535,0.09,0.08717552907614168,1.6963283170370798,1.3,7.314116082698123,4.669843135747663,0.6785702598353243,9.1229768706912,0.04501256366119799,8.170604229285061e-05,0.07247561476108588,0.523991760540834,0.48858151488839485,HIGH_RA_INCREASE_1P1,True
18,18,广东,191259406.86816654,196696.8105016062,372305808.66191787,409536389.52810967,372502505.4724195,0.0010284294703328638,1.9466012927591323,2.1412614220350457,1.9476297222294654,0.18629046621582393,0.09,0.08624746837687366,4.896114252981785,1.3,7.320344491861082,4.666674169435204,0.6831721166903829,8.870924026633721,0.04503073590117834,7.510835883928202e-05,0.07253117777738405,0.8597771348463421,0.8016336985448441,HIGH_RA_INCREASE_1P1,True
18,19,广西,67306708.83876626,206639.22221964365,130739385.7566142,143813324.33227563,130946024.97883384,0.003070113303484345,1.9424421133085172,2.1366863246393692,1.9455122266120015,0.09127525559446742,0.09,0.08753906553057751,0.9649550192199902,0.9649550192199902,7.329907304480418,4.660079634709829,0.6881524628568721,8.474062320526054,0.04514657651874332,8.636060507660748e-05,0.07235492410011779,0.3674417792291942,0.3426494073662582,HIGH_RA_INCREASE_1P1,True
18,20,海南,14673330.466888333,209222.4756004208,28165181.80371957,30981699.984091528,28374404.27931999,0.014258690354759596,1.91948118849206,2.111429307341266,1.9337398788468196,0.10919383320410286,0.09,0.08662257714116324,0.2454897752376339,0.8,7.341442310135871,4.654381093342521,0.6956333177299834,8.074148548322803,0.044651484530465746,0.00012474332580358904,0.07194559631877273,0.2851192789412511,0.26598297518119846,HIGH_RA_INCREASE_1P1,True
18,21,重庆,50663834.63130832,206401.6608670592,98307856.50403428,108138642.15443772,98514258.16490135,0.0040739447057075075,1.9403951007546472,2.134434610830112,1.9444690454603548,0.1461261639026922,0.09,0.08588476910421296,1.047166908174049,1.047166908174049,7.319291124753759,4.667561601338461,0.6827743315936582,8.919642355876045,0.0451905753236872,7.907093719528024e-05,0.07224740070682523,0.4953528221109131,0.4619762396107246,HIGH_RA_INCREASE_1P1,True
18,22,四川,94830047.41899477,207891.4946585756,184370532.32880995,202807585.56169096,184578423.82346854,0.0021922534082476296,1.944220606725964,2.1386426673985603,1.9464128601342117,0.15694255929700282,0.09,0.08905208805294834,2.0437346474968034,1.3,7.320243388191928,4.664970824292115,0.6809705141615969,8.848750609745334,0.045009867125647585,8.108232749381994e-05,0.07247612783991397,0.6161179656446113,0.5744817526946183,HIGH_RA_INCREASE_1P1,True
18,23,贵州,39447014.665611394,209954.7855292511,76440761.39884275,84084837.53872703,76650716.18437201,0.005322450565879774,1.9378085273834749,2.1315893801218224,1.9431309779493549,0.1309408257602314,0.09,0.08978795224231503,0.7805115681244953,0.8,7.324889016582935,4.661639743052221,0.6833216342983872,8.652264857668943,0.04492227109431002,9.342889664343268e-05,0.0723393527288545,0.4295819294314028,0.40060259687217165,HIGH_RA_INCREASE_1P1,True
18,24,云南,68611984.86091176,205888.8469531189,133282827.32665034,146611110.05931538,133488716.17360346,0.0030007708911277066,1.942558979992161,2.136814877991377,1.9455597508832887,0.0963382636429969,0.09,0.08686488235844807,1.0225111188464817,1.0225111188464817,7.332803106950385,4.658965170913306,0.690358676622403,8.376680943341796,0.045155508380493536,8.516678208780881e-05,0.07235191238990812,0.38487997944139263,0.35891200919633365,HIGH_RA_INCREASE_1P1,True
18,25,西藏,6325734.326183821,209632.8659430851,11897281.475368362,13087009.622905198,12106914.341311447,0.033139688632727024,1.8807747625635323,2.068852238819886,1.9139144511962594,0.07410024397005618,0.07410024397005618,0.07876462718736228,0.07784855562061016,0.8,7.366361257164016,4.6488123405045325,0.7147187774131895,7.445649597968881,0.04408133020142846,0.00019018466385112287,0.07110094590904059,0.16905105760467934,0.15782924872800494,HIGH_RA_INCREASE_1P1,True
18,26,陕西,73897910.2910824,203305.14181142228,143588613.3936617,157947474.7330279,143791918.53547314,0.0027511622589949753,1.9430673049896678,2.137374035488635,1.945818467248663,0.10415445587362715,0.09,0.0839744953137985,1.1318525676684785,1.1318525676684785,7.31471855719443,4.671693600002651,0.6812481154059191,9.144257760895929,0.04518629976226696,8.338792279227736e-05,0.07234547450303941,0.4137265755406981,0.38581463285648004,HIGH_RA_INCREASE_1P1,True
18,27,甘肃,25177704.67938732,210191.31617380778,48633357.286974244,53496693.01567167,48843548.60314805,0.008348311287719918,1.931604088072007,2.1247644968792074,1.9399523993597267,0.1036837241541534,0.09,0.09,0.4044816267920673,0.8,7.3274173917643965,4.65992855271394,0.6847609068894822,8.548024051826285,0.044849415551673655,0.00010555428121117316,0.07219747440638047,0.31514520011106917,0.29392458724597215,HIGH_RA_INCREASE_1P1,True
18,28,青海,17578407.529567722,208266.62366480762,23105673.459270954,23105673.459270954,23313940.08293576,0.011847866384625183,1.3144349634860897,1.3144349634860897,1.326282829870715,0.06024468080303237,0.06024468080303237,0.05142668363397809,0.12665689029710545,0.8,6.035361765589855,1.7049047500040757,0.6877682800091452,8.683454990002499,0.0005690262340858343,0.0001336707961214767,0.0003417714575811859,0.17195565348619854,0.17195565348619854,NONE,True
18,29,宁夏,18640640.44456374,208217.7900324452,29668537.757551536,29668537.757551536,29876755.547583982,0.011170098508775688,1.591605065597621,1.591605065597621,1.6027751641063968,0.05996197420223198,0.05996197420223198,0.05282775831072832,0.15872830203473073,0.8,6.279242615050615,1.6688320538932087,0.6753857503251881,9.396714957698354,0.001500510914214992,0.00012139235232599965,0.0004348908589280054,0.18198315100601886,0.18198315100601886,NONE,True
18,30,新疆,49250553.031937115,204850.75127543195,95553882.9939504,105109271.29334545,95758733.74522583,0.00415935941150943,1.9401585791734628,2.1341744370908096,1.9443179385849723,0.07877353851807005,0.07877353851807005,0.08265663071820109,0.6822084993832143,0.8,8.157621638054431,1.9388452914361367,0.6687491186840383,7.3323431987965755,0.044976950887988476,9.106472739106586e-05,0.07237956769034537,0.30872404010450333,0.2878869100139819,HIGH_RA_INCREASE_1P1,True
19,0,北京,58719043.066994764,200408.55818903277,125411173.249723,125411173.249723,125611581.80791204,0.0034130079054656786,2.1357836691350145,2.1357836691350145,2.13919667704048,0.1830151876510122,0.09,0.0784477567825852,1.5778662107433825,1.3,7.320601923851346,4.674452935970198,0.6875343887121935,9.111707482279847,0.12035247448003639,1.3114391461233055e-05,0.07241855897543448,0.630319919300342,0.630319919300342,NONE,False
19,1,天津,64593598.72309723,206519.53358960242,114057639.8015065,114057639.8015065,114264159.3350961,0.003197213619803407,1.7657731115192075,1.7657731115192075,1.768970325139011,0.059598852414256845,0.059598852414256845,0.043403261389417025,0.619616974467017,0.8,0.886250517105002,2.1732130459933634,0.7064386893208652,9.999040701972843,0.0033824137939830745,0.0002833817766453306,9.6117022905573e-05,0.2591639449215027,0.2591639449215027,NONE,False
19,2,河北,113705229.18254791,199898.47160280313,243280057.05999252,243280057.05999252,243479955.53159532,0.0017580411476228273,2.1395678880293083,2.1395678880293083,2.141325929176931,0.07854328303921085,0.07854328303921085,0.08530054405301071,1.5039861381748343,1.3,7.314701271866352,4.670691173513216,0.6803327512316811,9.120211253786755,0.12046451698110405,8.369593412549392e-06,0.07248943632583615,0.37902862118377356,0.37902862118377356,NONE,False
19,3,山西,53478727.38884524,204072.0723802295,114170287.52987401,114170287.52987401,114374359.60225424,0.0038159485527098666,2.1348729318059276,2.1348729318059276,2.1386888803586377,0.0832326463473947,0.0832326463473947,0.08639028078970998,0.8006839557721374,0.8006839557721374,7.3171987605470825,4.668447684072025,0.6811113163556001,8.999117771940996,0.12063442924171563,3.228649862507815e-05,0.07233995766735091,0.3319293721063252,0.3319293721063252,NONE,False
19,4,内蒙古,82165502.99427319,198095.29316761566,131990809.60383992,131990809.60383992,132188904.89700754,0.0024109302073088094,1.6064017719582326,1.6064017719582326,1.6088127021655416,0.0632366702344031,0.0632366702344031,0.05202833490037278,0.7576560706312314,0.8,6.113699269039104,1.6900897856253168,0.6768202879735687,9.445938307289815,0.0018822061144105895,0.00031032927598972915,0.001130452028078155,0.2817509429184086,0.2817509429184086,NONE,False
19,5,辽宁,90061052.78222083,198335.40255025314,192599991.7373642,192599991.7373642,192798327.13991445,0.002202232779022177,2.138549192880253,2.138549192880253,2.1407514256592752,0.06960599238801934,0.06960599238801934,0.07249442661243072,1.129316162708917,1.129316162708917,7.330357846818238,4.669902354908984,0.699549219118156,8.682442291319653,0.12069722609678157,3.329954684305747e-05,0.07242007021458985,0.329131360496285,0.329131360496285,NONE,False
19,6,吉林,66308917.7271201,200845.30097856687,96771251.25344332,96771251.25344332,96972096.55442189,0.003028933480789144,1.4594002521905773,1.4594002521905773,1.4624291856713665,0.05892959290703437,0.05892959290703437,0.05172571611737062,0.532592773602745,0.8,6.109528549601489,1.6960510451871968,0.6859606707462939,8.758795394676222,0.0014378020317631357,0.0003196573432674432,0.00035404175387832026,0.24764481231042018,0.24764481231042018,NONE,False
19,7,黑龙江,58424879.89838116,202864.80667188,113432460.06952661,113432460.06952661,113635324.87619849,0.00347223318258804,1.94150951216024,1.94150951216024,1.944981745342828,0.056780268571232854,0.056780268571232854,0.059214245961128925,0.6129115738567705,0.8,7.129634343345044,1.6256035504770883,0.6812748642487605,8.106856122369322,0.01869486943233012,0.06779850326298398,0.0003165190412564023,0.25295322114533997,0.25295322114533997,NONE,False
19,8,上海,66125294.30800852,199496.32058551916,141289082.4122078,141289082.4122078,141488578.73279333,0.003016944161432003,2.1366873885519495,2.1366873885519495,2.1397043327133813,0.17555523879050478,0.09,0.07849660298856721,1.713472759053195,1.3,7.320503378404071,4.674436707107498,0.6874609640589073,9.112906241069567,0.12034726109477956,1.1115696883390314e-05,0.07244187140220748,0.6279847130182269,0.6279847130182269,NONE,False
19,9,江苏,203535217.25929242,184037.47256921107,435872473.8291372,435872473.8291372,436056511.30170643,0.000904204564926755,2.1415088734931813,2.1415088734931813,2.142413078058108,0.14220052108235895,0.09,0.08030727307346458,4.490552328828764,1.3,7.311529001400532,4.676820379456572,0.6814603451213493,9.383423332166148,0.12049546206101214,4.417056923333718e-06,0.07253011677792731,0.7119458421360528,0.7119458421360528,NONE,False
19,10,浙江,124249656.20818298,195495.75651898896,265892371.1931682,265892371.1931682,266087866.94968718,0.0015734108446258525,2.139984763802161,2.139984763802161,2.141558174646787,0.14563760376304138,0.09,0.08326834025398112,2.7708383381210266,1.3,7.3146080460237,4.672346722332559,0.6816321224338242,9.165191807921783,0.12044205588252366,6.455603662081089e-06,0.07250372998676924,0.6363827548365256,0.6363827548365256,NONE,False
19,11,安徽,70182433.35888097,205880.63091666013,149973044.4895847,149973044.4895847,150178925.12050137,0.0029335065922248727,2.1369028874033327,2.1369028874033327,2.1398363939955574,0.1525433081751125,0.09,0.08894446321907569,1.5952696428813928,1.3,7.313335157317422,4.6694835627268185,0.6765635143736408,9.153815353142662,0.12035036094131413,1.0582447562246244e-05,0.07244661844322153,0.5661987616740449,0.5661987616740449,NONE,False
19,12,福建,87795538.11850408,198426.16908805165,187743467.5599528,187743467.5599528,187941893.72904086,0.0022600940018184215,2.138416958120829,2.138416958120829,2.1406770521226477,0.13578152766680399,0.09,0.08217511227151117,1.831534882378582,1.3,7.320799781694688,4.670008910541712,0.6859844692968938,8.949221598961538,0.12037624265260893,7.998676043285968e-06,0.07247862819935369,0.5476617452623797,0.5476617452623797,NONE,False
19,13,江西,51050047.92908307,206574.72679747813,108958857.73616144,108958857.73616144,109165432.46295892,0.0040465138658526715,2.134353681460265,2.134353681460265,2.138400195326118,0.13757076757424255,0.09,0.08910835667842049,1.0902560009035231,1.0902560009035231,7.316531521737456,4.667325462058104,0.6785095440793366,9.010454549849223,0.12089970257072036,2.926851525808516e-05,0.07226703805100176,0.4818033316180985,0.4818033316180985,NONE,False
19,14,山东,210016973.07581103,180454.12958374945,449762505.7175524,449762505.7175524,449942959.8471362,0.000859235931938748,2.1415531284473808,2.1415531284473808,2.1424123643793194,0.08992252510171438,0.08992252510171438,0.08255543508253949,3.147700348921724,1.3,9.17598767150941,-1.1114718263357788,0.6424126955691977,9.765977036385149,0.12052185958184825,1.0955773416920778e-05,0.07252393936832746,0.4963827262055645,0.4963827262055645,NONE,False
19,15,河南,168320556.01470312,193886.33584210422,360371973.60628676,360371973.60628676,360565859.9421289,0.0011518874487627517,2.140986116840106,2.140986116840106,2.142138004288869,0.08245037034151959,0.08245037034151959,0.08515710927956056,2.3288752081185455,1.3,7.309610360952936,4.673825535839092,0.6772391416581219,9.342707968044815,0.12048491992263566,5.383428007599278e-06,0.07251893434703582,0.43670082677105493,0.43670082677105493,NONE,False
19,16,湖北,101805153.6623069,199263.9886325268,217777179.57330957,217777179.57330957,217976443.5619421,0.001957307478691069,2.1391567296847076,2.1391567296847076,2.1411140371633985,0.1252216083490222,0.09,0.08505981020189243,1.96882615646164,1.3,7.310638323018754,4.673272330463517,0.6779582611774679,9.298872509215139,0.12040747181809253,7.119567408064853e-06,0.07248941922166896,0.5320868282054864,0.5320868282054864,NONE,False
19,17,湖南,93791807.14892803,202289.90658919085,200588379.61968267,200588379.61968267,200790669.52627185,0.002156797195174876,2.1386556642540953,2.1386556642540953,2.14081246144927,0.11568680078084459,0.09,0.08717013404403942,1.6962032062011425,1.3,7.314168652867004,4.669813565637468,0.6786079981819317,9.1207239001565,0.1203823942367448,7.358930224077298e-06,0.07248350703430195,0.48858151488839485,0.48858151488839485,NONE,False
19,18,广东,191259406.86816654,194250.60394890935,409536389.52810967,409536389.52810967,409730640.13205856,0.0010156394769267722,2.1412614220350457,2.1412614220350457,2.1422770615119724,0.1668554263364767,0.09,0.08624030349194876,4.895371673730978,1.3,7.320403313701253,4.6666446771102015,0.6832135558583948,8.868635752341923,0.12044556787940075,2.7242675817440443e-06,0.07253409963930202,0.8016336985448441,0.8016336985448441,NONE,False
19,19,广西,67306708.83876626,204193.09618951174,143813324.33227563,143813324.33227563,144017517.42846513,0.0030337703285813287,2.1366863246393692,2.1366863246393692,2.1397200949679505,0.08072702537982698,0.08072702537982698,0.08753436416058447,0.9651494564629491,0.9651494564629491,7.329964900268189,4.660049599844897,0.6881908239533112,8.471937116944337,0.12061690345262188,3.185310560294141e-05,0.07238908193475901,0.3426494073662582,0.3426494073662582,NONE,False
19,20,海南,14673330.466888333,206776.36904303447,30981699.984091528,30981699.984091528,31188476.35313456,0.01409198610428925,2.111429307341266,2.111429307341266,2.1255212934455554,0.0970926375972989,0.09,0.08661612743663609,0.24548566829811366,0.8,7.341506252096292,4.654352677529083,0.6956745304598493,8.072103408389887,0.11950064422400697,3.778904986528886e-05,0.07198610412436501,0.26598297518119846,0.26598297518119846,NONE,False
19,21,重庆,50663834.63130832,203955.53460664538,108138642.15443772,108138642.15443772,108342597.68904437,0.004025663199220389,2.134434610830112,2.134434610830112,2.1384602740293324,0.1304269022594496,0.09,0.08587691291606427,1.047605453820739,1.047605453820739,7.319345476620594,4.667535519455246,0.6828135028493174,8.917539512408485,0.12085324870196801,2.857925783139592e-05,0.07227804474174926,0.4619762396107246,0.4619762396107246,NONE,False
19,22,四川,94830047.41899477,205445.37954663063,202807585.56169096,202807585.56169096,203013030.9412376,0.002166458682013474,2.1386426673985603,2.1386426673985603,2.140809126080574,0.14022372926588156,0.09,0.08905027598921295,2.0435329353883196,1.3,7.3202974759254715,4.664937424313481,0.681007380422767,8.84642438109408,0.12038286201463899,6.203341622379455e-06,0.07248278077571668,0.5744817526946183,0.5744817526946183,NONE,False
19,23,贵州,39447014.665611394,207508.68562205188,84084837.53872703,84084837.53872703,84292346.22434908,0.0052604408060047975,2.1315893801218224,2.1315893801218224,2.1368498209278273,0.11664030556722432,0.09,0.08978754675612925,0.7804593019609775,0.8,7.324944392074844,4.661604874492664,0.6833573188159658,8.649978130606513,0.12015250886684381,1.5432128359638142e-05,0.07235590120739088,0.40060259687217165,0.40060259687217165,NONE,False
19,24,云南,68611984.86091176,203442.71374091512,146611110.05931538,146611110.05931538,146814552.7730563,0.002965119201161843,2.136814877991377,2.136814877991377,2.139779997192539,0.0853302118890404,0.0853302118890404,0.08685889475335824,1.0227399022196306,1.0227399022196306,7.33286291706877,4.658936388643287,0.6903985345625666,8.374583390583274,0.12065290169174991,3.068765335845214e-05,0.07238482035367388,0.35891200919633365,0.35891200919633365,NONE,False
19,25,西藏,6325734.326183821,207158.95592039573,13087009.622905198,13087009.622905198,13294168.578825595,0.03274860201809491,2.068852238819886,2.068852238819886,2.1016008408379805,0.06525814483036665,0.06525814483036665,0.06972830611466628,0.07785666577977697,0.8,7.733220322113205,1.7079460376424616,0.6739230782001754,7.762516531527042,0.11815180800540026,7.366655815599366e-05,0.0711798502291634,0.15782924872800494,0.15782924872800494,NONE,False
19,26,陕西,73897910.2910824,200858.99324588044,157947474.7330279,157947474.7330279,158148333.72627378,0.0027180605304629167,2.137374035488635,2.137374035488635,2.1400920960190977,0.09243583421913532,0.09,0.08396300167009917,1.1321696339069158,1.1321696339069158,7.3147721431010435,4.6716723726523615,0.6812885635071775,9.142276564584286,0.120745248483493,3.099070359824374e-05,0.0723787072437947,0.38581463285648004,0.38581463285648004,NONE,False
19,27,甘肃,25177704.67938732,207745.21805475865,53496693.01567167,53496693.01567167,53704438.23372643,0.008251157947087891,2.1247644968792074,2.1247644968792074,2.1330156548262953,0.09204135526595597,0.09,0.09,0.40447920658727854,0.8,7.327469616679126,4.6598957158457175,0.684794423347075,8.545895648774438,0.11996930514743886,2.4696697012993596e-05,0.07222395414254401,0.29392458724597215,0.29392458724597215,NONE,False
19,28,青海,17578407.529567722,205824.4710436712,23105673.459270954,23105673.459270954,23311497.930314627,0.011708937268490595,1.3144349634860897,1.3144349634860897,1.3261439007545803,0.060222294500373995,0.060222294500373995,0.05138466872176304,0.12675010746881724,0.8,6.022989655687998,1.706294365097902,0.6879063299487505,8.682350860937982,0.0012313776828121181,0.0003674101806174779,0.0007090560678857383,0.17195565348619854,0.17195565348619854,NONE,False
19,29,宁夏,18640640.44456374,205773.79379182606,29668537.757551536,29668537.757551536,29874311.551343363,0.011038987335429072,1.591605065597621,1.591605065597621,1.6026440529330501,0.0599390206224937,0.0599390206224937,0.05278971887889818,0.15884862030532645,0.8,6.272554989114099,1.6697298641207925,0.675492275404128,9.395306649549912,0.0016327201398123048,0.0003520058984645136,0.0007867436732449384,0.18198315100601886,0.18198315100601886,NONE,False
19,30,新疆,49250553.031937115,202577.85063506442,105109271.29334545,105109271.29334545,105311849.14398052,0.004113209662918919,2.1341744370908096,2.1341744370908096,2.1382876467537284,0.0693629538297624,0.0693629538297624,0.07310570837394859,0.682210801021803,0.8,7.893065448468715,1.775864679678365,0.6767621353011299,7.394478100156813,0.12028843699599068,1.3471325618130692e-05,0.0723940140646877,0.2878869100139819,0.2878869100139819,NONE,False
20,0,北京,58719043.066994764,194859.8059723831,125411173.249723,137952290.57469532,125606033.05569538,0.0033185112664397515,2.1357836691350145,2.349362036048516,2.139102180401454,0.1824331349235143,0.09,0.07844775475548856,1.5713981672437507,1.3,7.320588921425646,4.67445915165849,0.6875270084257787,9.11219230832848,0.043535440774232326,0.000297816976369214,0.07273794342807083,0.630319919300342,0.5875805206312312,HIGH_RA_INCREASE_1P1,True
20,1,天津,64593598.72309723,200967.7062737047,114057639.8015065,114057639.8015065,114258607.50778021,0.003111263503605399,1.7657731115192075,1.7657731115192075,1.768884375022813,0.059627789638102204,0.059627789638102204,0.04341411926270804,0.6190145572604191,0.8,0.888464593967724,2.1731793604349297,0.7064226285305703,9.999265517429112,4.4096716568242655e-05,0.00029329892366258825,0.00019715370973760749,0.2591639449215027,0.2591639449215027,NONE,True
20,2,河北,113705229.18254791,194349.7194856062,243280057.05999252,267608062.7659918,243474406.77947813,0.001709241702275519,2.1395678880293083,2.3535246768322398,2.141277129731584,0.07857981156628303,0.07857981156628303,0.08529458562157377,1.5010244190428237,1.3,7.3146890317676805,4.670702667108712,0.6803293408209686,9.120824078639647,0.04359676568798854,0.0003135867194037356,0.07282575476976882,0.37902862118377356,0.35329933076141906,HIGH_RA_INCREASE_1P1,True
20,3,山西,53478727.38884524,198523.31302430274,114170287.52987401,125587316.28286143,114368810.84289831,0.0037121921690625595,2.1348729318059276,2.348360224986521,2.1385851239749902,0.08327253900465557,0.08327253900465557,0.08639028015417337,0.7989806440632597,0.8,7.317187023871627,4.668454736283103,0.6811039677932178,8.999610934320957,0.0436005652021052,0.00030171790569721857,0.07266350183357373,0.3319293721063252,0.3094440815213128,HIGH_RA_INCREASE_1P1,True
20,4,内蒙古,82165502.99427319,192548.47767816065,131990809.60383992,131990809.60383992,132183358.08151808,0.0023434223690151448,1.6064017719582326,1.6064017719582326,1.608745194327248,0.06326655592339235,0.06326655592339235,0.05202322650266527,0.756926926031534,0.8,6.112464001918978,1.6902461481431938,0.676826396622521,9.446603612408031,0.000540551529130795,0.0002965818614450999,0.0008342054381997865,0.2817509429184086,0.2817509429184086,NONE,True
20,5,辽宁,90061052.78222083,192786.6624030568,192599991.7373642,192599991.7373642,192792778.39976725,0.002140621905333926,2.138549192880253,2.138549192880253,2.1406898147855866,0.06964006016608165,0.06964006016608165,0.07248881403969053,1.127253019581138,1.127253019581138,7.330338293308873,4.669910186840038,0.6995451568543019,8.683002538252438,0.04363743668995057,0.0003176784276488487,0.07276075493627454,0.329131360496285,0.3068077937991276,NONE,True
20,6,吉林,66308917.7271201,195298.10092848403,96771251.25344332,96771251.25344332,96966549.3543718,0.002945276557403497,1.4594002521905773,1.4594002521905773,1.4623455287479807,0.05895835281491507,0.05895835281491507,0.051720550894863625,0.5320737217662627,0.8,6.108142646149274,1.6962011605392557,0.6859669107205519,8.759393383691584,0.0007327985701184314,0.00028528431046814795,6.88584459678232e-05,0.24764481231042018,0.24764481231042018,NONE,True
20,7,黑龙江,58424879.89838116,197316.35113931514,113432460.06952661,113432460.06952661,113629776.42066593,0.0033772658408970455,1.94150951216024,1.94150951216024,1.9448867780011372,0.05682905580659738,0.05682905580659738,0.05920906087927021,0.6198694897384007,0.8,7.129181890722987,1.6255920930441066,0.6812750168385828,8.107340238853363,0.004279566847647853,0.0007626785481644749,0.0004459181046252425,0.25295322114533997,0.25295322114533997,NONE,True
20,8,上海,66125294.30800852,193947.57001715747,141289082.4122078,155417990.6534286,141483029.98222497,0.0029330314828355814,2.1366873885519495,2.3503561274071445,2.139620420034785,0.17502284534144993,0.09,0.07849660097000022,1.7067294314212433,1.3,7.320490351282719,4.674442945810947,0.6874535637811158,9.113392578646593,0.043555021835992136,0.0002974049343320573,0.0727608209065469,0.6279847130182269,0.5853911708739906,HIGH_RA_INCREASE_1P1,True
20,9,江苏,203535217.25929242,178488.74716321554,435872473.8291372,479459721.212051,436050962.57630044,0.0008769428188726225,2.1415088734931813,2.3556597608424994,2.142385816312054,0.14186739807365664,0.09,0.08030727137132808,4.475917844712865,1.3,7.311516714149456,4.676826815050687,0.6814530414098363,9.383925791936623,0.04362236147806664,0.0003199281623462724,0.07287324936724904,0.7119458421360528,0.663588026410332,HIGH_RA_INCREASE_1P1,True
20,10,浙江,124249656.20818298,189947.01137644396,265892371.1931682,292481608.31248504,266082318.20454463,0.0015287528124680173,2.139984763802161,2.3539832401823775,2.1415135166146295,0.14528572693232755,0.09,0.0832683390703563,2.76161767820609,1.3,7.3145960405513515,4.672353449253258,0.6816248011969473,9.165687576780934,0.043604730523286284,0.00031156498273920974,0.07283788459289031,0.6363827548365256,0.5931769971732623,HIGH_RA_INCREASE_1P1,True
20,11,安徽,70182433.35888097,200331.8684858478,149973044.4895847,164970348.9385432,150173376.35807055,0.002854444608117846,2.1369028874033327,2.3505931761436663,2.1397573320114502,0.15215291119720503,0.09,0.0889444630330329,1.5897239522351265,1.3,7.313324109248556,4.669490822531432,0.6765562580784373,9.154318641424188,0.043560298829417254,0.0002986206084605314,0.07276687310496244,0.5661987616740449,0.5277929211546847,HIGH_RA_INCREASE_1P1,True
20,12,福建,87795538.11850408,192877.420123916,187743467.5599528,206517814.3159481,187936344.9800767,0.0021968931936333165,2.138416958120829,2.3522586539329122,2.1406138513144626,0.1354813117328104,0.09,0.08217511089630083,1.8258115124059464,1.3,7.320786989836054,4.670015686995283,0.6859769010335509,8.949716459566734,0.04359044029578518,0.00030073794649498886,0.0728011632196579,0.5476617452623797,0.5104969718887645,HIGH_RA_INCREASE_1P1,True
20,13,江西,51050047.92908307,201025.96336989047,108958857.73616144,119854743.50977759,109159883.69953133,0.003937821246498116,2.134353681460265,2.3477890496062916,2.1382915027067635,0.1372600254004679,0.09,0.08910835652125361,1.0867007658563408,1.0867007658563408,7.316520145187376,4.667332859149142,0.6785021395564058,9.010958464929516,0.04367608520970778,0.00030357210016562775,0.07259254840768126,0.4818033316180985,0.44919511359030084,HIGH_RA_INCREASE_1P1,True
20,14,山东,210016973.07581103,180452.3322778898,449762505.7175524,494738756.2893077,449942958.0498303,0.0008592273740311022,2.1415531284473808,2.3557084412921188,2.1424123558214117,0.08996327053783386,0.08996327053783386,0.08255543377395975,3.1407801973524143,1.3,7.310949950434095,4.675006255193761,0.679841537057603,9.336075271680155,0.04362491131763835,0.00033431546298312576,0.07288250070567792,0.4963827262055645,0.4626627108551716,HIGH_RA_INCREASE_1P1,True
20,15,河南,168320556.01470312,188337.5927093629,360371973.60628676,396409170.9669155,360560311.1989961,0.0011189221160421503,2.140986116840106,2.3550847285241168,2.142105038956148,0.08248803803373732,0.08248803803373732,0.08515710842735508,2.324127796259667,1.3,7.3095986968827384,4.673832563568826,0.6772317700081797,9.34322387878518,0.04361784489676657,0.0003174774156065041,0.07285943488650126,0.43670082677105493,0.4070438424370607,HIGH_RA_INCREASE_1P1,True
20,16,湖北,101805153.6623069,193715.23719178062,217777179.57330957,239554897.53064054,217970894.81050134,0.0019028038387363408,2.1391567296847076,2.3530724026531784,2.141059533523444,0.12497318220801776,0.09,0.08505980933260109,1.9630863528410694,1.3,7.310626421809108,4.6732794498485895,0.6779507719905463,9.299393323842768,0.04359745239012991,0.00030577116455177134,0.07281735556035396,0.5320868282054864,0.4959714954719079,HIGH_RA_INCREASE_1P1,True
20,17,湖南,93791807.14892803,196741.15020684246,200588379.61968267,220647217.58165094,200785120.7698895,0.0020976368425703273,2.1386556642540953,2.3525212306795047,2.1407533010966655,0.1154809500955069,0.09,0.08717013354564053,1.6915949928491087,1.3,7.314156766850813,4.669820946517374,0.6786004194831813,9.121242846445712,0.043597377234942725,0.000301422952256436,0.07280677817923875,0.48858151488839485,0.4554235905533822,HIGH_RA_INCREASE_1P1,True
20,18,广东,191259406.86816654,188701.86146129592,409536389.52810967,450490028.4809207,409725091.38957095,0.0009866278712835626,2.1412614220350457,2.3553875642385504,2.142248049906329,0.1663778638320623,0.09,0.08624030283004895,4.8771255686531525,1.3,7.320390967126926,4.666651964720333,0.6832059135896505,8.86913898218642,0.043634279845776947,0.00031176637617980063,0.07286847970887567,0.8016336985448441,0.7471872962120842,HIGH_RA_INCREASE_1P1,True
20,19,广西,67306708.83876626,198644.33723384098,143813324.33227563,158194656.7655032,144011968.66950947,0.0029513304195231864,2.1366863246393692,2.350354957103306,2.1396376550588925,0.08076428676684798,0.08076428676684798,0.08753436372626683,0.9631927225638485,0.9631927225638485,7.3299519165933145,4.660057194810911,0.6881829056589347,8.472432144278146,0.04365511929906707,0.00029648384398162086,0.072707027972015,0.3426494073662582,0.31942496733152503,HIGH_RA_INCREASE_1P1,True
20,20,海南,14673330.466888333,201227.6055585197,30981699.984091528,34079869.98250068,31182927.589650046,0.013713833135061434,2.111429307341266,2.3225722380753924,2.1251431404763275,0.09713935447439517,0.09,0.08661612684080543,0.24488538566448984,0.8,7.341492892247873,4.654359966065057,0.695666714956625,8.072561566125248,0.04316950285651289,0.0001815617079730103,0.07218073575235318,0.26598297518119846,0.2480766220767409,HIGH_RA_INCREASE_1P1,True
20,21,重庆,50663834.63130832,198406.77588009354,108138642.15443772,118952506.3698815,108337048.93031782,0.003916142102624931,2.134434610830112,2.347878071913123,2.138350752932737,0.13015182432045397,0.09,0.08587691219030112,1.0443519353135275,1.0443519353135275,7.319332881959453,4.667542915640142,0.6828057033915985,8.918055654091187,0.04367443497984569,0.0002995507973040379,0.07259924648498317,0.4619762396107246,0.4307072199842277,HIGH_RA_INCREASE_1P1,True
20,22,四川,94830047.41899477,199896.6180494672,202807585.56169096,223088344.11786008,203007482.17974043,0.0021079459885351404,2.1386426673985603,2.352506934138417,2.140750613387096,0.13990033338670999,0.09,0.08905027582181255,2.0369754975822087,1.3,7.3202855384412,4.664945001129772,0.6809996076687657,8.846937537202209,0.04359903164436729,0.0003013510214155968,0.07280597455715432,0.5744817526946183,0.5354945501042346,HIGH_RA_INCREASE_1P1,True
20,23,贵州,39447014.665611394,201959.9207695758,84084837.53872703,92493321.29259974,84286797.4594966,0.005119777059977059,2.1315893801218224,2.344748318134005,2.1367091571817993,0.11643018371891978,0.09,0.08978754671867001,0.7783101101000439,0.8,7.324932155970499,4.661612625923324,0.6833495087696777,8.65048354712498,0.04350001883437993,0.000267602145921364,0.07264286594774516,0.40060259687217165,0.37347248519498133,HIGH_RA_INCREASE_1P1,True
20,24,云南,68611984.86091176,197893.95634184388,146611110.05931538,161272221.06524694,146809004.01565722,0.002884247653569691,2.136814877991377,2.3504963657905154,2.1396991256449467,0.08536939291335634,0.08536939291335634,0.08685889420021682,1.0205638251047895,1.0205638251047895,7.3328495406359,4.658943988793758,0.6903904929636147,8.375077358785385,0.04366318668718816,0.0002983320943124035,0.07270474716303887,0.35891200919633365,0.33458601739718336,HIGH_RA_INCREASE_1P1,True
20,25,西藏,6325734.326183821,201610.19814785672,13087009.622905198,13087009.622905198,13288619.821053056,0.03187142990076913,2.068852238819886,2.068852238819886,2.1007236687206547,0.06529784195281374,0.06529784195281374,0.06972691378215289,0.0776992194880272,0.8,7.733121720713374,1.7079034899251897,0.6739174079434255,7.7629447126652895,0.042432864440356655,9.118890904158405e-06,0.07118961820135628,0.15782924872800494,0.14734015905887643,NONE,True
20,26,陕西,73897910.2910824,195310.23971004522,157947474.7330279,173742222.20633072,158142784.97273794,0.002642973785601272,2.137374035488635,2.3511114390374988,2.140017009274236,0.09247883779700383,0.09,0.08396300060830394,1.129562092968251,1.129562092968251,7.314759702486895,4.671679467599803,0.681280919900945,9.142794144814241,0.04366102587965903,0.0003096360440371093,0.07271075434441543,0.38581463285648004,0.3596632468668312,HIGH_RA_INCREASE_1P1,True
20,27,甘肃,25177704.67938732,202196.45280716207,53496693.01567167,58846362.317238845,53698889.468478836,0.008030773868465374,2.1247644968792074,2.3372409465671287,2.132795270747673,0.09208427690197915,0.09,0.09,0.403552917592499,0.8,7.327457910918115,4.659903075271606,0.684786911459454,8.546372621081806,0.04338828922257254,0.0002421598804855929,0.07248360376713325,0.29392458724597215,0.2740597489915488,HIGH_RA_INCREASE_1P1,True
20,28,青海,17578407.529567722,200276.075243263,23105673.459270954,23105673.459270954,23305949.53451422,0.011393300269457804,1.3144349634860897,1.3144349634860897,1.3258282637555476,0.06025490518765397,0.06025490518765397,0.05138101159917766,0.12661050470694657,0.8,6.0218311602791825,1.7064197380932298,0.6879096788118402,8.682930023212165,0.000966703632910404,0.0001441541286559822,0.0005650041525894212,0.17195565348619854,0.17195565348619854,NONE,True
20,29,宁夏,18640640.44456374,200225.2849216348,29668537.757551536,29668537.757551536,29868763.04247317,0.010741330777614322,1.591605065597621,1.591605065597621,1.6023463963752353,0.059970553294996905,0.059970553294996905,0.052785510537518655,0.1586794289000378,0.8,6.271739263446703,1.6698277925722091,0.6754948082858662,9.395933541959836,0.0007634062316559387,0.00018511316502944908,0.0006017761448269265,0.18198315100601886,0.18198315100601886,NONE,True
20,30,新疆,49250553.031937115,197029.22826290317,105109271.29334545,105109271.29334545,105306300.52160835,0.004000548544807958,2.1341744370908096,2.1341744370908096,2.1381749856356174,0.0693956958179004,0.0693956958179004,0.07310046763111186,0.6809998240666906,0.8,7.892847208682317,1.7757605899554443,0.6767599256252912,7.39490053404054,0.0435466797806936,0.0002808922492227861,0.07269524123135152,0.2878869100139819,0.26837716710993825,NONE,True
21,0,北京,58719043.066994764,199303.02724796857,137952290.57469532,137952290.57469532,138151593.60194328,0.003394180436840162,2.349362036048516,2.349362036048516,2.352756216485356,0.16327726863032563,0.09,0.07842870779516696,1.5716477475261676,1.3,7.320692333862416,4.674434535590685,0.6875924644616138,9.109308666310417,0.12061834901122781,0.00043136197807502885,0.0722752050668376,0.5875805206312312,0.5875805206312312,NONE,False
21,1,天津,64593598.72309723,205427.46089375488,114057639.8015065,114057639.8015065,114263067.26240025,0.003180306794399096,1.7657731115192075,1.7657731115192075,1.7689534183136066,0.05958583934098306,0.05958583934098306,0.043355088445798204,0.6198914231694861,0.8,0.8765848360574451,2.1733471100402664,0.7065314345341925,9.996131504226442,0.0019114462681184552,0.000456386523214225,0.00025932279177276474,0.2591639449215027,0.2591639449215027,NONE,False
21,2,河北,113705229.18254791,198787.93436974817,267608062.7659918,267608062.7659918,267806850.70036155,0.001748274338822222,2.3535246768322398,2.3535246768322398,2.3552729511710617,0.06912589919684131,0.06912589919684131,0.0753966759841057,1.5012941341153359,1.3,7.31945257910835,4.679255370768732,0.6877474327872459,9.333887288976204,0.12070282612491967,0.00047405675137357495,0.07231717447767272,0.35329933076141906,0.35329933076141906,NONE,False
21,3,山西,53478727.38884524,202966.06997861096,125587316.28286143,125587316.28286143,125790282.35284004,0.003795267387401336,2.348360224986521,2.348360224986521,2.3521554923739223,0.07340248127232404,0.07340248127232404,0.07990838831955765,0.7993273031351787,0.8,7.318318446530933,4.673774754197609,0.6856392987735809,9.13002269895783,0.12082074542512666,0.00041651422710120567,0.07221672222416808,0.3094440815213128,0.3094440815213128,NONE,False
21,4,内蒙古,82165502.99427319,197009.04102837882,131990809.60383992,131990809.60383992,132187818.6448683,0.002397709912907246,1.6064017719582326,1.6064017719582326,1.60879948187114,0.0632228932763716,0.0632228932763716,0.05197538112884901,0.7579957594324772,0.8,6.1015426102107755,1.6917199041570254,0.6769811697614143,9.444547609457826,0.0016732105232273309,0.0004606609603413636,0.0012944821126629202,0.2817509429184086,0.2817509429184086,NONE,False
21,5,辽宁,90061052.78222083,197250.73093608746,192599991.7373642,192599991.7373642,192797242.46830028,0.0021901890422385472,2.138549192880253,2.138549192880253,2.1407393819224914,0.0631903897528751,0.0631903897528751,0.06388326815109319,1.0367618723779823,1.0367618723779823,7.314178768804483,4.66972475389945,0.7043072262313446,8.82518062607755,0.019291107243831318,0.0683510507896764,0.0005635699095462021,0.3068077937991276,0.3068077937991276,NONE,False
21,6,吉林,66308917.7271201,199752.96251427976,96771251.25344332,96771251.25344332,96971004.2159576,0.0030124600032882384,1.4594002521905773,1.4594002521905773,1.4624127121938655,0.0589164914590306,0.0589164914590306,0.0516802718060851,0.532832959368139,0.8,6.09792750592811,1.6973592502651085,0.6861016003723581,8.757386512606484,0.0016108991445864529,0.00045233609406880593,0.0005211633928761117,0.24764481231042018,0.24764481231042018,NONE,False
21,7,黑龙江,58424879.89838116,202168.93651539416,113432460.06952661,113432460.06952661,113634629.006042,0.0034603226718998505,1.94150951216024,1.94150951216024,1.9449698348321398,0.056788682695115326,0.056788682695115326,0.05364169270229735,0.6208818408791865,0.8,6.531306586621579,1.6600578394203567,0.6894940880725307,8.184434146472146,0.0035813089970602174,0.00044667870710568547,9.597846030162671e-07,0.25295322114533997,0.25295322114533997,NONE,False
21,8,上海,66125294.30800852,198390.77567059814,155417990.6534286,155417990.6534286,155616381.4290992,0.0030002252201177843,2.3503561274071445,2.3503561274071445,2.3533563526272623,0.15654890718894682,0.09,0.07847763415578785,1.706954228840352,1.3,7.320596190108832,4.674416883197797,0.6875204755569534,9.110404206190246,0.12061092518786243,0.00043623007893778265,0.07229285036896127,0.5853911708739906,0.5853911708739906,NONE,False
21,9,江苏,203535217.25929242,182931.76359238135,479459721.212051,479459721.212051,479642652.97564334,0.0008987720457208964,2.3556597608424994,2.3556597608424994,2.3565585328882204,0.1264391294475378,0.09,0.08029127779433262,4.4763409328458925,1.3,7.311611851922164,4.676793573523855,0.681517725865876,9.380638585395879,0.12071982821234584,0.000491739653853851,0.0723456750469762,0.663588026410332,0.663588026410332,NONE,False
21,10,浙江,124249656.20818298,194390.19046564866,292481608.31248504,292481608.31248504,292675998.50295067,0.0015645129040835631,2.3539832401823775,2.3539832401823775,2.3555477530864612,0.12954801090352072,0.09,0.08325721752122679,2.7619199066938966,1.3,7.314683118461698,4.672314269882788,0.6816848412316298,9.162368827505176,0.12068126054236061,0.0004732652344334731,0.0723301477199294,0.5931769971732623,0.5931769971732623,NONE,False
21,11,安徽,70182433.35888097,204775.17375618944,164970348.9385432,164970348.9385432,165175124.11229938,0.0029177553976942145,2.3505931761436663,2.3505931761436663,2.3535109315413605,0.13579360711822847,0.09,0.08894271494187782,1.5899636652451363,1.3,7.313401159521874,4.66944090264481,0.6766084091518534,9.150806154350706,0.12061787569068949,0.0004412823032261537,0.07229348006837388,0.5277929211546847,0.5277929211546847,NONE,False
21,12,福建,87795538.11850408,197320.62297213502,206517814.3159481,206517814.3159481,206715134.93892023,0.0022475017204837554,2.3522586539329122,2.3522586539329122,2.354506155653396,0.12065781548584267,0.09,0.08216218917572339,1.826059827982358,1.3,7.3208828821790775,4.669978258155038,0.6860405198761795,8.946431797490831,0.12064271545125727,0.0004535266208453015,0.072314619333264,0.5104969718887645,0.5104969718887645,NONE,False
21,13,江西,51050047.92908307,205469.27560662729,119854743.50977759,119854743.50977759,120060212.78538422,0.004024859602327072,2.3477890496062916,2.3477890496062916,2.351813909208619,0.12228309994622588,0.09,0.08910687975341393,1.0875788474959802,1.0875788474959802,7.316599393869189,4.667281990911061,0.6785549951386912,9.007448693676261,0.12134882588687756,0.00047424675935070493,0.07208387486749523,0.44919511359030084,0.44919511359030084,NONE,False
21,14,山东,210016973.07581103,179712.93430015177,494738756.2893077,494738756.2893077,494918469.22360784,0.0008557067158342472,2.3557084412921188,2.3557084412921188,2.356564148007953,0.07946453208669078,0.07946453208669078,0.08247254339469398,3.141154337334545,1.3,9.053518826638854,0.5725242536675689,0.6341939223388405,9.358349542161955,0.12072875691564389,0.0005121944400594547,0.07233297625397928,0.4626627108551716,0.4626627108551716,NONE,False
21,15,河南,168320556.01470312,192777.78571242045,396409170.9669155,396409170.9669155,396601948.7526279,0.001145301502542452,2.3550847285241168,2.3550847285241168,2.356230030026659,0.07267408093230286,0.07267408093230286,0.07803564731051449,2.3244755529304224,1.3,7.311250565670653,4.679497434858715,0.6823280031336902,9.49334103854935,0.12072390369547126,0.0004886014758326285,0.0723352341832546,0.4070438424370607,0.4070438424370607,NONE,False
21,16,湖北,101805153.6623069,198158.46448116802,239554897.53064054,239554897.53064054,239753055.99512172,0.001946448262712418,2.3530724026531784,2.3530724026531784,2.355018850915891,0.11111829779342483,0.09,0.08505164131666182,1.9633618733465068,1.3,7.310710572878172,4.673234589575366,0.6780096161892941,9.295833310312283,0.12066709887997851,0.0004640821740543588,0.0723194801496223,0.4959714954719079,0.4959714954719079,NONE,False
21,17,湖南,93791807.14892803,201184.41217214457,220647217.58165094,220647217.58165094,220848401.99382308,0.0021450105109148006,2.3525212306795047,2.3525212306795047,2.3546662411904196,0.10259470308959835,0.09,0.0871654505011141,1.691848217514291,1.3,7.314241166007076,4.6697712284779795,0.6786578838777887,9.117596708389089,0.12065430378594288,0.0004579420191044292,0.07231549487713052,0.4554235905533822,0.4554235905533822,NONE,False
21,18,广东,191259406.86816654,193145.01714511434,450490028.4809207,450490028.4809207,450683173.49806577,0.0010098589152179455,2.3553875642385504,2.3553875642385504,2.3563974231537683,0.1486810068517467,0.09,0.08623408350187926,4.877440228830502,1.3,7.320482769639387,4.666602345246722,0.6832670882185964,8.86549444318401,0.12070663354669331,0.0004871084727681163,0.07234587638224377,0.7471872962120842,0.7471872962120842,NONE,False
21,19,广西,67306708.83876626,203085.9534985013,158194656.7655032,158194656.7655032,158397742.7190017,0.0030173211111093733,2.350354957103306,2.350354957103306,2.3533722782144157,0.07111313895521,0.07111313895521,0.07853008634289702,0.9637307376989012,0.9637307376989012,7.333477793932936,4.668334829351906,0.6947021640153637,8.649917782900227,0.12110405082268572,0.000492780644363533,0.0721784187115575,0.31942496733152503,0.31942496733152503,NONE,False
21,20,海南,14673330.466888333,205670.91716467123,34079869.98250068,34079869.98250068,34285540.89966535,0.014016648614899381,2.3225722380753924,2.3225722380753924,2.3365888866902917,0.08607058526498326,0.08607058526498326,0.08661052830998849,0.24502180066287502,0.8,7.341593739714071,4.654310590646452,0.6957290004073343,8.06923340090312,0.12004288082267056,0.00016149801336795555,0.07200758069355784,0.2480766220767409,0.2480766220767409,NONE,False
21,21,重庆,50663834.63130832,202850.05459829545,118952506.3698815,118952506.3698815,119155356.4244798,0.004003843295212041,2.347878071913123,2.347878071913123,2.3518819152083354,0.11583155685835236,0.09,0.08587009279085901,1.0451767570513653,1.0451767570513653,7.319422105586371,4.667495615192006,0.682865727348054,8.914509606803552,0.12132327321741099,0.00047347781341444684,0.07209139453908753,0.4307072199842277,0.4307072199842277,NONE,False
21,22,四川,94830047.41899477,204339.91589364124,223088344.11786008,223088344.11786008,223292684.03375372,0.0021548013678701515,2.352506934138417,2.352506934138417,2.354661735506287,0.1246666627445093,0.09,0.08904870289787127,2.037258251849444,1.3,7.320371703393629,4.66489113483825,0.6810571316337265,8.843234431473336,0.12066438712238692,0.00046004468853044767,0.07231243586673552,0.5354945501042346,0.5354945501042346,NONE,False
21,23,贵州,39447014.665611394,206403.2428267841,92493321.29259974,92493321.29259974,92699724.53542653,0.005232417321727508,2.344748318134005,2.344748318134005,2.3499807354557323,0.10345502092731941,0.09,0.08978719474488618,0.7785099551798663,0.8,7.325020651832582,4.66155680514584,0.6834066850000522,8.646814989256626,0.12050652063204215,0.0003811139169473954,0.0722340668236181,0.37347248519498133,0.37347248519498133,NONE,False
21,24,云南,68611984.86091176,202336.6184381751,161272221.06524694,161272221.06524694,161474557.68368512,0.002948998179375601,2.3504963657905154,2.3504963657905154,2.353445363969891,0.0752975361021928,0.0752975361021928,0.08235890651254153,1.0211551261332263,1.0211551261332263,7.333979198402039,4.662993794828887,0.6935587409099729,8.458802770047738,0.12113743597708315,0.0004953369169540256,0.07217339690077718,0.33458601739718336,0.33458601739718336,NONE,False
21,25,西藏,6325734.326183821,206085.22114268897,13087009.622905198,13087009.622905198,13293094.844047887,0.032578861285661315,2.068852238819886,2.068852238819886,2.101431100105547,0.05926821594298294,0.05926821594298294,0.06144518349635411,0.07159399726961606,0.8,7.315001187518666,1.638234493864464,0.6823620750886367,7.840969158807966,0.018772577375657296,0.06667768750938396,0.00023482842436994833,0.14734015905887643,0.14734015905887643,NONE,False
21,26,陕西,73897910.2910824,199753.48262849622,173742222.20633072,173742222.20633072,173941975.6889592,0.0027031005591588615,2.3511114390374988,2.3511114390374988,2.3538145395966574,0.08175611120740173,0.08175611120740173,0.08395302379181896,1.1302511481669277,1.1302511481669277,7.314846801741838,4.671637936202168,0.6813409468060129,9.139388670750641,0.12119676650313194,0.0005067021671329996,0.07216720948048216,0.3596632468668312,0.3596632468668312,NONE,False
21,27,甘肃,25177704.67938732,206639.77772202232,58846362.317238845,58846362.317238845,59053002.09496087,0.008207252422465491,2.3372409465671287,2.3372409465671287,2.3454481989895943,0.08143771261458314,0.08143771261458314,0.09,0.4037087941101158,0.8,7.327541431970507,4.659850574008315,0.6848405022895969,8.542970553106693,0.1203720930410841,0.00030936293286387695,0.07215181709402341,0.2740597489915488,0.2740597489915488,NONE,False
21,28,青海,17578407.529567722,204723.32468134543,23105673.459270954,23105673.459270954,23310396.7839523,0.01164629528226553,1.3144349634860897,1.3144349634860897,1.3260812587683553,0.060209246602332595,0.060209246602332595,0.05133966108889566,0.1268104532261343,0.8,6.00952482184192,1.7078120001927346,0.688063805760021,8.680562194892584,0.001655410690155179,0.00034369505417308766,0.0009085050176297349,0.17195565348619854,0.17195565348619854,NONE,False
21,29,宁夏,18640640.44456374,204670.71155229464,29668537.757551536,29668537.757551536,29873208.46910383,0.010979811136906712,1.591605065597621,1.591605065597621,1.6025848767345277,0.05992597729351835,0.05992597729351835,0.05274717737410619,0.15892291530175287,0.8,6.265052154957374,1.6707446514755322,0.6756183262791062,9.39318914925843,0.0016959680933688048,0.00037494210046418175,0.0009764926140792829,0.18198315100601886,0.18198315100601886,NONE,False
21,30,新疆,49250553.031937115,201711.5321549516,105109271.29334545,105109271.29334545,105310982.8255004,0.004095619637492178,2.1341744370908096,2.1341744370908096,2.1382700567283015,0.06297584109697796,0.06297584109697796,0.06441439944794143,0.6262258709378665,0.8,7.527810904012895,1.6727250479838713,0.6849945266900965,7.463303736308046,0.01891072078390077,0.06819148295553501,0.000453438027559816,0.26837716710993825,0.26837716710993825,NONE,False
22,0,北京,58719043.066994764,194175.58584851917,137952290.57469532,151747519.63216487,138146466.16054383,0.0033068588264794597,2.349362036048516,2.584298239653368,2.3526688948749954,0.16280900011211197,0.09,0.07842893987373192,1.56637734826198,1.3,7.321293355206134,4.674147663626465,0.6879331366612379,9.086963624256448,0.04408374163090745,0.00019045683407181713,0.0724794272076481,0.5875805206312312,0.5478711346110202,HIGH_RA_INCREASE_1P1,True
22,1,天津,64593598.72309723,200293.1628481758,114057639.8015065,114057639.8015065,114257932.96435468,0.0031008206201175075,1.7657731115192075,1.7657731115192075,1.768873932139325,0.05960496224430634,0.05960496224430634,0.04337576529359215,0.6194842139480696,0.8,0.8819781736064635,2.173140336082519,0.7067922685796728,9.97101119125617,9.840501613134212e-05,0.00018079749168364856,7.857218499929264e-05,0.2591639449215027,0.2591639449215027,NONE,True
22,2,河北,113705229.18254791,193660.50993764043,267608062.7659918,267608062.7659918,267801723.27592945,0.001703180331545952,2.3535246768322398,2.3535246768322398,2.3552278571637855,0.06914805502972346,0.06914805502972346,0.07543169251249064,1.4991933537885935,1.3,7.319998260552859,4.678963297095423,0.6880403237213588,9.31157547061927,0.044131179858769354,0.0002038931316672432,0.07253581258451769,0.35329933076141906,0.32940562600894824,NONE,True
22,3,山西,53478727.38884524,197838.97938629816,125587316.28286143,138146047.9111476,125785155.26224773,0.003699395798030228,2.348360224986521,2.5831962474851733,2.352059620784551,0.07342584424111014,0.07342584424111014,0.0799466357765843,0.7981171450341726,0.8,7.318819519433763,4.6734784356095265,0.6859131872104518,9.109135962039714,0.04417137127819215,0.00018247174541063949,0.0724123714809306,0.3094440815213128,0.28854952605031126,HIGH_RA_INCREASE_1P1,True
22,4,内蒙古,82165502.99427319,191869.87271250616,131990809.60383992,131990809.60383992,132182679.47655243,0.0023351633680850125,1.6064017719582326,1.6064017719582326,1.6087369353263177,0.06324267378211407,0.06324267378211407,0.05199971661872178,0.7575028047240461,0.8,6.109353796829719,1.6909509306398578,0.6771849480283314,9.421432798712722,0.00018637241780028457,0.0001850104910239292,0.0011097111144102723,0.2817509429184086,0.2817509429184086,NONE,True
22,5,辽宁,90061052.78222083,192123.12581478586,192599991.7373642,192599991.7373642,192792114.863179,0.002133254274512693,2.138549192880253,2.138549192880253,2.1406824471547656,0.06284994496589405,0.06284994496589405,0.06391442116290881,1.0617289624950874,1.0617289624950874,7.314775539837035,4.669330166854347,0.7046812037912964,8.797919297117401,0.021784181866198793,0.003673708164580125,0.004235207682748321,0.3068077937991276,0.3068077937991276,NONE,True
22,6,吉林,66308917.7271201,194615.6129184896,96771251.25344332,96771251.25344332,96965866.86636181,0.0029349840050080104,1.4594002521905773,1.4594002521905773,1.4623352361955855,0.058935642118698554,0.058935642118698554,0.051705321889947045,0.5324786064221572,0.8,6.107234055457214,1.6965342190397972,0.6863802152428851,8.730387276529513,0.00022627606346747875,0.00017484997624439558,0.00034640454203860305,0.24764481231042018,0.24764481231042018,NONE,True
22,7,黑龙江,58424879.89838116,197035.58988991965,113432460.06952661,113432460.06952661,113629495.65941653,0.0033724603325265734,1.94150951216024,1.94150951216024,1.9448819724927664,0.0568071703918487,0.0568071703918487,0.05368756681221708,0.6204762125813958,0.8,6.540813277851055,1.6596287415253501,0.6897739133096018,8.158842922130663,0.0005666793256617897,0.00018058127020514902,0.00017962131228288492,0.25295322114533997,0.25295322114533997,NONE,True
22,8,上海,66125294.30800852,193263.33493223318,155417990.6534286,170959789.7187715,155611253.98836085,0.0029226839283621425,2.3503561274071445,2.5853917401478594,2.3532788113355068,0.15612222157030245,0.09,0.07847786525780885,1.7014647454668028,1.3,7.321130151205921,4.674161496123025,0.6878233957458929,9.090522288893297,0.04408191477437473,0.00019443418394438083,0.07250134075427228,0.5853911708739906,0.5458185912031539,HIGH_RA_INCREASE_1P1,True
22,9,江苏,203535217.25929242,177803.3059863423,479459721.212051,527405693.3332561,479637524.5180373,0.0008735751403641901,2.3556597608424994,2.59122573692675,2.3565333359828635,0.1261773802136975,0.09,0.08029147266880787,4.464665974081764,1.3,7.3121110157143745,4.676532504943665,0.681814033185882,9.360282794971178,0.04410563243617638,0.00022024075169113644,0.07258184926452116,0.663588026410332,0.6186828789479891,HIGH_RA_INCREASE_1P1,True
22,10,浙江,124249656.20818298,189262.56397661116,292481608.31248504,321729769.14373356,292670870.8764616,0.001523244166241375,2.3539832401823775,2.5893815642006155,2.3555064843486186,0.129270140260873,0.09,0.08325735303225419,2.754554493466276,1.3,7.315153321710538,4.672051172498345,0.6819712241871445,9.14300497197161,0.0441035978054225,0.00021055956515958485,0.07255593708954078,0.5931769971732623,0.5530499404841219,HIGH_RA_INCREASE_1P1,True
22,11,安徽,70182433.35888097,199648.22708785543,164970348.9385432,181467383.83239752,165169997.16563106,0.002844703689126101,2.3505931761436663,2.5856524937580327,2.3534378798327924,0.13548274214666764,0.09,0.08894273624157498,1.5855196399026894,1.3,7.313823224886069,4.669163923614329,0.6768853287723148,9.131632081044073,0.044088864719820986,0.00019520672362682845,0.07250279896538459,0.5277929211546847,0.4921133275025788,HIGH_RA_INCREASE_1P1,True
22,12,福建,87795538.11850408,192193.2160904769,206517814.3159481,227169595.74754292,206710007.53203857,0.0021891000409503683,2.3522586539329122,2.5874845193262037,2.354447753973863,0.12042128148567513,0.09,0.08216234662102269,1.8215240827069614,1.3,7.321328948137636,4.6697422365236125,0.6863041054006745,8.929218703786281,0.04409959401322516,0.00020091730271154518,0.07253006589423872,0.5104969718887645,0.4759745093608446,HIGH_RA_INCREASE_1P1,True
22,13,江西,51050047.92908307,200342.37328228468,119854743.50977759,131840217.86075535,120055085.88305987,0.00392443065990052,2.3477890496062916,2.582567954566921,2.3517134802661923,0.12203963806058063,0.09,0.08910689774715966,1.0846862040332457,1.0846862040332457,7.316994849531188,4.667025578448279,0.6788122280724241,8.989983990441216,0.04419127567040748,0.0002215487312204889,0.07232139368973423,0.44919511359030084,0.4188997032360535,HIGH_RA_INCREASE_1P1,True
22,14,山东,210016973.07581103,179767.0240879418,494738756.2893077,544212631.9182385,494918523.3133957,0.000855964265436062,2.3557084412921188,2.591279285421331,2.356564405557555,0.07948971529857586,0.07948971529857586,0.082509820244845,3.1360877314998645,1.3,7.311553155959044,4.674709420528316,0.6802380025958629,9.311877932160531,0.04413089812925319,0.0002254841402404839,0.0725747703331816,0.4626627108551716,0.4313570705298721,HIGH_RA_INCREASE_1P1,True
22,15,河南,168320556.01470312,187650.04756900613,396409170.9669155,436050088.0636071,396596821.01448447,0.0011148373794143986,2.3550847285241168,2.590593201376529,2.356199565903531,0.07269740893049152,0.07269740893049152,0.0780712363383996,2.3210441625477523,1.3,7.311724770673353,4.67922192100878,0.6825883981455196,9.472661405764873,0.0441292882138522,0.00021242352899086825,0.07256302341796106,0.4070438424370607,0.3795057572840101,HIGH_RA_INCREASE_1P1,True
22,16,湖北,101805153.6623069,193031.14233437015,239554897.53064054,263510387.2837046,239747928.6729749,0.001896084190144879,2.3530724026531784,2.5883796429184964,2.3549684868433234,0.11098006996089804,0.09,0.08505174084022808,1.9588705063104406,1.3,7.311126983579824,4.672985944293229,0.6782716503208365,9.277644113238198,0.044108717029822,0.00020417353218848966,0.07253841940551897,0.4959714954719079,0.4624277196026343,HIGH_RA_INCREASE_1P1,True
22,17,湖南,93791807.14892803,196057.28297235852,220647217.58165094,242711939.33981606,220843274.8646233,0.00209034551025387,2.3525212306795047,2.5877733537474557,2.354611576189759,0.10262638822940359,0.09,0.08716550756188575,1.6882787914824742,1.3,7.314630169124301,4.669529968641503,0.6789056611553422,9.100655913644903,0.04410854805332387,0.0002012701599269917,0.07253131998827667,0.4554235905533822,0.4246249802368105,HIGH_RA_INCREASE_1P1,True
22,18,广东,191259406.86816654,188017.47229605366,450490028.4809207,495539031.32901275,450678045.95321673,0.0009830495418489532,2.3553875642385504,2.5909263206624056,2.3563706137803995,0.1483027352178135,0.09,0.08623415928156968,4.862530423379101,1.3,7.320865638121349,4.666376622449921,0.683503821605849,8.849927638449392,0.04410148285226523,0.00021944632365600292,0.07258119874250335,0.7471872962120842,0.6966253903089932,HIGH_RA_INCREASE_1P1,True
22,19,广西,67306708.83876626,197958.92817440975,158194656.7655032,174014122.44205353,158392615.6936776,0.0029411470504169487,2.350354957103306,2.585390452813637,2.3532961041537233,0.07113837448117584,0.07113837448117584,0.07856630135574061,0.9622518144647322,0.9622518144647322,7.333862158869261,4.668106793745565,0.694903331446124,8.634952512483615,0.044166210390460536,0.00021684982875691539,0.07241092041805186,0.31942496733152503,0.29785687673434486,HIGH_RA_INCREASE_1P1,True
22,20,海南,14673330.466888333,200544.0271670517,34079869.98250068,37487856.980750754,34280414.00966773,0.013667246684016083,2.3225722380753924,2.554829461882932,2.3362394847594086,0.08610112348909241,0.08610112348909241,0.08661059652554498,0.24455039726128483,0.8,7.341979724209148,4.654100227598468,0.6959545765003001,8.056026829634362,0.04377206967602176,0.00010601861185199901,0.07212123344915766,0.2480766220767409,0.2313885914549469,HIGH_RA_INCREASE_1P1,True
22,21,重庆,50663834.63130832,197723.0155276967,118952506.3698815,130847757.00686966,119150229.38540919,0.00390264607814568,2.347878071913123,2.582665879104436,2.351780717991269,0.11561715719095042,0.09,0.08587017588214547,1.042539155837115,1.042539155837115,7.319808403948732,4.66726902979557,0.6831046892713569,8.898717501482741,0.044188277844549706,0.0002197495227780344,0.07232698611141197,0.4307072199842277,0.4016566080707385,HIGH_RA_INCREASE_1P1,True
22,22,四川,94830047.41899477,199212.96160881297,223088344.11786008,245397178.5296461,223287557.0794689,0.0021007367077295162,2.352506934138417,2.587757627552259,2.3546076708461467,0.12441151323958519,0.09,0.08904872206323546,2.0320342777769125,1.3,7.320738460387949,4.664658638859148,0.681295692364488,8.827508825271433,0.044107641519067986,0.00020263173584655902,0.07252972039698502,0.5354945501042346,0.49928178205264767,HIGH_RA_INCREASE_1P1,True
22,23,贵州,39447014.665611394,201276.39228762055,92493321.29259974,101742653.42185973,92694597.68488736,0.005102449297971505,2.344748318134005,2.579223149947406,2.3498507674319766,0.10348735943816081,0.09,0.08978719903352696,0.7768326971635643,0.8,7.325376146737963,4.661332161026728,0.6836360891727994,8.632064383356047,0.04404592571719723,0.00017199779134835502,0.0724184887149204,0.37347248519498133,0.3482525610338121,HIGH_RA_INCREASE_1P1,True
22,24,云南,68611984.86091176,197209.55939706482,161272221.06524694,177399443.17177165,161469430.624644,0.002874272764398849,2.3504963657905154,2.585546002369567,2.3533706385549142,0.07532409279824029,0.07532409279824029,0.08239668257684787,1.0194951740295757,1.0194951740295757,7.334354117995476,4.662759369050988,0.6937557413354378,8.444351970387418,0.04417468801412361,0.000218248585710068,0.07240739722828682,0.33458601739718336,0.31199525316772786,HIGH_RA_INCREASE_1P1,True
22,25,西藏,6325734.326183821,200958.0968512779,13087009.622905198,13087009.622905198,13287967.719756477,0.031768342849850854,2.068852238819886,2.068852238819886,2.1006205816697365,0.0592903723614158,0.0592903723614158,0.061482433461593704,0.07244795153823368,0.8,7.318763598833302,1.63889279004995,0.6825239582335841,7.827953671126246,0.005612539810172512,8.595368117880753e-05,0.00014889492755865152,0.14734015905887643,0.14734015905887643,NONE,True
22,26,陕西,73897910.2910824,194626.23644251618,173742222.20633072,191116444.4269638,173936848.44277322,0.0026337177286324784,2.3511114390374988,2.586222582941249,2.353745156766131,0.08178482510904589,0.08178482510904589,0.08395314535479875,1.128253963103756,1.128253963103756,7.3152792644768985,4.671391619603483,0.6816063348850367,9.121443378912495,0.04418738504067732,0.00022250775478038776,0.07240577499901257,0.3596632468668312,0.3353798116829074,HIGH_RA_INCREASE_1P1,True
22,27,甘肃,25177704.67938732,201512.93866227352,58846362.317238845,64730998.548962735,59047875.25590112,0.008003626272860755,2.3372409465671287,2.570965041223842,2.3452445728399893,0.0814646729421129,0.0814646729421129,0.09,0.40300784435668124,0.8,7.327948287768503,4.659595107611438,0.6851013341409219,8.526436151052526,0.043964199148644134,0.00014926071874987734,0.07231184724485185,0.2740597489915488,0.2555784025847566,HIGH_RA_INCREASE_1P1,True
22,28,青海,17578407.529567722,199593.25009610213,23105673.459270954,23105673.459270954,23305266.709367055,0.01135445572987068,1.3144349634860897,1.3144349634860897,1.3257894192159605,0.060233245077084954,0.060233245077084954,0.05136720369515777,0.12670130870155227,0.8,6.019670633066282,1.7067954251120914,0.688200623562853,8.663650421242952,0.00040952793225212947,6.037624658317142e-05,0.0008481836231695183,0.17195565348619854,0.17195565348619854,NONE,True
22,29,宁夏,18640640.44456374,199541.7295030301,29668537.757551536,29668537.757551536,29868079.487054568,0.010704660609513738,1.591605065597621,1.591605065597621,1.6023097262071349,0.05994868904937516,0.05994868904937516,0.05277472866553688,0.15879457099907812,0.8,6.27187058558724,1.6701367741380198,0.6757877134342262,9.37341175532405,0.00033996295862337433,9.478456944389535e-05,0.0008818006010675727,0.18198315100601886,0.18198315100601886,NONE,True
22,30,新疆,49250553.031937115,196582.59417848074,105109271.29334545,105109271.29334545,105305853.88752393,0.003991479934266005,2.1341744370908096,2.1341744370908096,2.1381659170250753,0.06301854548144369,0.06301854548144369,0.06444471486077866,0.6334796706413252,0.8,7.531016963445547,1.6737176978950727,0.6852133144717627,7.448690905665792,0.004794078397572843,0.000650526477427249,0.0001967934764246504,0.26837716710993825,0.26837716710993825,NONE,True
23,0,北京,58719043.066994764,193307.95130932785,151747519.63216487,151747519.63216487,151940827.5834742,0.0032920827931200367,2.584298239653368,2.584298239653368,2.587590322446488,0.14545684826436023,0.09,0.07840493570057748,1.5686838649560133,1.3,7.321182463832579,4.67423192274478,0.6878787232746018,9.09230579581993,0.12237610517861763,0.0005717658216783938,0.07186622012671773,0.5478711346110202,0.5478711346110202,NONE,False
23,1,天津,64593598.72309723,199448.62626033515,114057639.8015065,114057639.8015065,114257088.42776684,0.0030877460027477427,1.7657731115192075,1.7657731115192075,1.7688608575219553,0.05953338514251729,0.05953338514251729,0.043294023953490815,0.6209690696401297,0.8,0.8651964773175742,2.1734223960886085,0.7068227785860676,9.97716518539176,0.0031967617689159233,0.0008532532113959546,0.0009317583544260488,0.2591639449215027,0.2591639449215027,NONE,False
23,2,河北,113705229.18254791,192807.688634639,267608062.7659918,267608062.7659918,267800870.45462644,0.001695680049376587,2.3535246768322398,2.3535246768322398,2.355220356881616,0.06272741659428646,0.06272741659428646,0.06638049238294308,1.380199850606487,1.3,7.306085830121948,4.680079893830627,0.6930683489113392,9.480514612494808,0.020492895531276423,0.06842275543601473,0.00085004301632019,0.32940562600894824,0.32940562600894824,NONE,False
23,3,山西,53478727.38884524,196972.6662459737,138146047.9111476,138146047.9111476,138343020.57739356,0.0036831965879401025,2.5831962474851733,2.5831962474851733,2.5868794440731135,0.06444638939026798,0.06444638939026798,0.07049410240900301,0.7993913245791935,0.8,7.3159657986287385,4.67886410229204,0.6922692196050749,9.305031300267173,0.12239488289796263,0.0005208426536094102,0.07185381337560504,0.28854952605031126,0.28854952605031126,NONE,False
23,4,内蒙古,82165502.99427319,191028.7766504805,131990809.60383992,131990809.60383992,132181838.38049039,0.00232492675988115,1.6064017719582326,1.6064017719582326,1.6087266987181137,0.06316794313225735,0.06316794313225735,0.051930430663444924,0.7593198701966597,0.8,6.09246996467764,1.6930485239554822,0.6772921984602311,9.42827091827091,0.003164793864586679,0.0008530967169960713,0.0019618611404977893,0.2817509429184086,0.2817509429184086,NONE,False
23,5,辽宁,90061052.78222083,191730.36973831741,192599991.7373642,192599991.7373642,192791722.1071025,0.002128893276452653,2.138549192880253,2.138549192880253,2.1406780861567056,0.0628778728704303,0.0628778728704303,0.058029612982279516,1.060960028551418,1.060960028551418,6.944753011728034,1.6041248899023153,0.6700993060968465,9.021734537769795,0.007366927320907379,0.0003187296252165073,0.003917827943689334,0.3068077937991276,0.3068077937991276,NONE,False
23,6,吉林,66308917.7271201,193766.4921092118,96771251.25344332,96771251.25344332,96965017.74555252,0.002922178475399275,1.4594002521905773,1.4594002521905773,1.4623224306659766,0.058864709666438614,0.058864709666438614,0.051645325838216696,0.5337540141442912,0.8,6.090742677325535,1.698313003028771,0.6864447090030555,8.738072787435094,0.00314179720809471,0.0008536677695181183,0.0011997765971639707,0.24764481231042018,0.24764481231042018,NONE,False
23,7,黑龙江,58424879.89838116,196173.24230857068,113432460.06952661,113432460.06952661,113628633.31183518,0.003357700394930658,1.94150951216024,1.94150951216024,1.9448672125551707,0.05673799875678068,0.05673799875678068,0.05363888864170945,0.6219625937080432,0.8,6.5329273800513405,1.6602413884857337,0.6897736592692094,8.165507776491413,0.003461780351732724,0.0008529809677907396,0.0006735128690684711,0.25295322114533997,0.25295322114533997,NONE,False
23,8,上海,66125294.30800852,192395.68729002032,170959789.7187715,170959789.7187715,171152185.4060615,0.0029095626613599664,2.5853917401478594,2.5853917401478594,2.588301302809219,0.13938615156127673,0.09,0.07845396208980435,1.7039126932300335,1.3,7.321043152837063,4.674234195767099,0.6877825187422109,9.09497113191058,0.12234926264206836,0.0005705969047152815,0.07188937480893487,0.5458185912031539,0.5458185912031539,NONE,False
23,9,江苏,203535217.25929242,176935.8358803346,527405693.3332561,527405693.3332561,527582629.16913646,0.0008693131255753558,2.59122573692675,2.59122573692675,2.592095050052325,0.11219715763972554,0.09,0.08027131656069005,4.47113390164205,1.3,7.31202602990387,4.67659790495098,0.6817737716726198,9.364504993545863,0.1224613183846388,0.0005868434663510724,0.07195241161415344,0.6186828789479891,0.6186828789479891,NONE,False
23,10,浙江,124249656.20818298,188394.96294046714,321729769.14373356,321729769.14373356,321918164.106674,0.0015162614424043743,2.5893815642006155,2.5893815642006155,2.5908978256430197,0.11500865552240366,0.09,0.08324333695900456,2.7585380953029563,1.3,7.31506695319394,4.6721116241652005,0.6819273333880599,9.146906438548749,0.12241963536183476,0.0005793018303421604,0.0719346034720405,0.5530499404841219,0.5530499404841219,NONE,False
23,11,安徽,70182433.35888097,198780.502114532,181467383.83239752,181467383.83239752,181666164.33451205,0.002832339840627342,2.5856524937580327,2.5856524937580327,2.58848483359866,0.12065595532957782,0.09,0.08894053318754074,1.5878379652368955,1.3,7.313742032873216,4.669218060029589,0.6768340329153998,9.135310517678338,0.12236187755416061,0.0005709075481518111,0.07189049902204125,0.4921133275025788,0.4921133275025788,NONE,False
23,12,福建,87795538.11850408,191325.5627708198,227169595.74754292,227169595.74754292,227360921.31031373,0.002179217382466221,2.5874845193262037,2.5874845193262037,2.58966373670867,0.10698354811985517,0.09,0.08214606185888966,1.824166274317831,1.3,7.32125639714542,4.669797496503939,0.6862698698363684,8.932550496815882,0.12237419371633695,0.0005718317104751458,0.07191675919212237,0.4759745093608446,0.4759745093608446,NONE,False
23,13,江西,51050047.92908307,199474.63921758547,131840217.86075535,131840217.86075535,132039692.49997294,0.0039074329468737935,2.582567954566921,2.582567954566921,2.586475387513795,0.108466644384479,0.09,0.08910503663177252,1.0868828229577496,1.0868828229577496,7.316922283067154,4.667073323079187,0.6787666322619319,8.993181898296545,0.1229363797215759,0.0005693890506140997,0.0717108256294281,0.4188997032360535,0.4188997032360535,NONE,False
23,14,山东,210016973.07581103,178884.73138284063,544212631.9182385,544212631.9182385,544391516.6496214,0.000851763211148975,2.591279285421331,2.591279285421331,2.59213104863248,0.06993990016408223,0.06993990016408223,0.07292792764954731,3.1408020303339517,1.3,7.316444253649911,4.682703873186916,0.6874914227925133,9.53206664215167,0.12250487495631157,0.0005872331997347491,0.07194491881884413,0.4313570705298721,0.4313570705298721,NONE,False
23,15,河南,168320556.01470312,186790.92323085933,436050088.0636071,436050088.0636071,436236878.986838,0.0011097332830491767,2.590593201376529,2.590593201376529,2.591702934659578,0.06376975190851915,0.06376975190851915,0.06881418409895118,2.3245401081822132,1.3,7.30717760709199,4.683492483006708,0.6887187314745227,9.66779798109577,0.12248420416385009,0.0005819607826456075,0.07193883380141597,0.3795057572840101,0.3795057572840101,NONE,False
23,16,湖北,101805153.6623069,192163.4834028279,263510387.2837046,263510387.2837046,263702550.76710743,0.00188756144939621,2.5883796429184964,2.5883796429184964,2.5902672043678927,0.09855887887860657,0.09,0.08504144699461574,1.9617498266107396,1.3,7.311052213602258,4.6730375225237735,0.6782320716703704,9.281057106377373,0.12241049379067159,0.0005753401761038335,0.07192134496242009,0.4624277196026343,0.4624277196026343,NONE,False
23,17,湖南,93791807.14892803,195189.58689490426,242711939.33981606,242711939.33981606,242907128.92671096,0.002081094210979121,2.5877733537474557,2.5877733537474557,2.5898544479584347,0.09096951179750738,0.09,0.08715960569566644,1.6907610775906055,1.3,7.314563673178195,4.669574584034783,0.6788679097333414,9.10359597922904,0.1223923605118451,0.0005723015863061676,0.07191750861248436,0.4246249802368105,0.4246249802368105,NONE,False
23,18,广东,191259406.86816654,187149.82908408795,495539031.32901275,495539031.32901275,495726181.15809685,0.0009785130684478631,2.5909263206624056,2.5909263206624056,2.5919048337308537,0.13227461114328803,0.09,0.08622632129441744,4.869399309278012,1.3,7.32081005579753,4.666415141383814,0.6834749313317157,8.852306456224028,0.12243231441998881,0.0005842085205257641,0.07195458766724228,0.6966253903089932,0.6966253903089932,NONE,False
23,19,广西,67306708.83876626,197096.50969238338,174014122.44205353,174014122.44205353,174211218.9517459,0.0029283337886053763,2.585390452813637,2.585390452813637,2.588318786602242,0.06236105008166206,0.06236105008166206,0.06919391318791415,0.964001088175478,0.964001088175478,7.322869256525571,4.671039946017456,0.7003189285813007,8.801178484170048,0.12271985264781349,0.0005651071959771325,0.07180489328987916,0.29785687673434486,0.29785687673434486,NONE,False
23,20,海南,14673330.466888333,199676.11862756667,37487856.980750754,37487856.980750754,37687533.09937832,0.013608097975994849,2.554829461882932,2.554829461882932,2.568437559858927,0.07600463214216435,0.07600463214216435,0.08283275854024957,0.24492940461474644,0.8,7.3432138477624616,4.657800206288304,0.6985786775747257,8.129598443692108,0.12172116844540071,0.0005368430114324196,0.07154567265757206,0.2313885914549469,0.2313885914549469,NONE,False
23,21,重庆,50663834.63130832,196855.30354953697,130847757.00686966,130847757.00686966,131044612.3104192,0.0038855192265270797,2.582665879104436,2.582665879104436,2.586551398330963,0.10271160770108222,0.09,0.08586158164756663,1.0446393886074092,1.0446393886074092,7.319743324610188,4.667313617131576,0.6830704356538924,8.901513262991578,0.12292171915311267,0.0005706803699404572,0.07171503015028069,0.4016566080707385,0.4016566080707385,NONE,False
23,22,四川,94830047.41899477,198345.23457361897,245397178.5296461,245397178.5296461,245595523.76421973,0.0020915863692153947,2.587757627552259,2.587757627552259,2.5898492139214744,0.11060368154264444,0.09,0.08904673976590256,2.0350228657426053,1.3,7.320679134396199,4.664697253235877,0.6812589146285775,8.830048677870135,0.12241161403058864,0.000575751883073794,0.07191220939081377,0.49928178205264767,0.49928178205264767,NONE,False
23,23,贵州,39447014.665611394,200408.6483883271,101742653.42185973,101742653.42185973,101943062.07024805,0.005080451590245098,2.579223149947406,2.579223149947406,2.5843036015376506,0.09176763603225448,0.09,0.08978675545410483,0.7779985503229153,0.8,7.325321193505685,4.661367103512504,0.6836010406604799,8.634341515471064,0.12223673033199445,0.0005585557029641475,0.07181948325208443,0.3482525610338121,0.3482525610338121,NONE,False
23,24,云南,68611984.86091176,196343.37768634994,177399443.17177165,177399443.17177165,177595786.549458,0.002861648414404154,2.585546002369567,2.585546002369567,2.5884076507839713,0.06616413606671905,0.06616413606671905,0.07269571316177409,1.0213762217315157,1.0213762217315157,7.331688617595283,4.669097513820434,0.7001798816885961,8.629401520016057,0.12276019769330793,0.0005677428929060646,0.07179854555021059,0.31199525316772786,0.31199525316772786,NONE,False
23,25,西藏,6325734.326183821,200126.70174568964,13087009.622905198,13087009.622905198,13287136.324650887,0.031636912242316975,2.068852238819886,2.068852238819886,2.1004891510622024,0.05922007691921563,0.05922007691921563,0.05582977583888434,0.0726380919364871,0.8,6.839273390610778,1.6422058822421302,0.6897273052802135,7.901859619745224,0.005417957650296623,0.0008919819824307895,0.0010407440983968286,0.14734015905887643,0.14734015905887643,NONE,False
23,26,陕西,73897910.2910824,193754.98597231047,191116444.4269638,191116444.4269638,191310199.41293612,0.002621927808365804,2.586222582941249,2.586222582941249,2.5888445107496145,0.07203368902286082,0.07203368902286082,0.07629038657777198,1.1303835764509655,1.1303835764509655,7.319002173293784,4.678144106603238,0.6872943617984334,9.292706497328464,0.12282920771325823,0.0005714517546043796,0.07179294683724158,0.3353798116829074,0.3353798116829074,NONE,False
23,27,甘肃,25177704.67938732,200645.19298846537,64730998.548962735,64730998.548962735,64931643.7419512,0.00796916142847331,2.570965041223842,2.570965041223842,2.5789342026523148,0.07176547422845064,0.07176547422845064,0.08143771261458314,0.40363556728714484,0.8,7.328317879531594,4.666946749394003,0.6907322241440765,8.694715040855938,0.12210565558171793,0.0005542382239906996,0.0717175310310707,0.2555784025847566,0.2555784025847566,NONE,False
23,28,青海,17578407.529567722,198732.2032715609,23105673.459270954,23105673.459270954,23304405.662542515,0.011305472520038225,1.3144349634860897,1.3144349634860897,1.325740436006128,0.06016174981237988,0.06016174981237988,0.05130050406250318,0.1270051283993276,0.8,5.99866469131189,1.7091118097382423,0.6883398970388395,8.668398619838255,0.00304292538320472,0.0008752316786855285,0.0017226729446786493,0.17195565348619854,0.17195565348619854,NONE,False
23,29,宁夏,18640640.44456374,198677.6725111956,29668537.757551536,29668537.757551536,29867215.43006273,0.010658307213319859,1.591605065597621,1.591605065597621,1.6022633728109408,0.059877217405001855,0.059877217405001855,0.05271285766582041,0.1591755470092063,0.8,6.260134166921719,1.6715985328914043,0.6758738272011352,9.378548535530538,0.003080934580380168,0.000869851061057747,0.0017508846269368439,0.18198315100601886,0.18198315100601886,NONE,False
23,30,新疆,49250553.031937115,195972.28318082014,105109271.29334545,105109271.29334545,105305243.57652627,0.003979087971940936,2.1341744370908096,2.1341744370908096,2.13815352506275,0.06294436880962104,0.06294436880962104,0.05851286546393302,0.635143966380323,0.8,7.137789893933562,1.644507646069203,0.691947080930279,7.506227952228127,0.0051266636068754146,0.000844392623549628,0.0006477653180847476,0.26837716710993825,0.26837716710993825,NONE,False
24,0,北京,58719043.066994764,193291.57340083548,151747519.63216487,166922271.59538138,151940811.2055657,0.0032918038732392464,2.584298239653368,2.842728063618705,2.587590043526607,0.14503782498822476,0.09,0.07840495880003988,1.5651565391967512,1.3,7.32113213376666,4.674255857482125,0.6878501999579564,9.094172029237535,0.045821827090730016,5.5143719667638535e-05,0.07180711343635382,0.5478711346110202,0.511165794425896,HIGH_RA_INCREASE_1P1,True
24,1,天津,64593598.72309723,199428.62576410858,114057639.8015065,114057639.8015065,114257068.4272706,0.0030874363668608753,1.7657731115192075,1.7657731115192075,1.7688605478860684,0.059528988824548885,0.059528988824548885,0.0433074031403047,0.6210521756873756,0.8,0.8677793748359317,2.1733947511418727,0.7067839160484028,9.979133769212073,0.0014759195965852179,5.239472313889326e-05,0.000984104258344054,0.2591639449215027,0.2591639449215027,NONE,True
24,2,河北,113705229.18254791,192791.25219158872,267608062.7659918,267608062.7659918,267800854.0181834,0.001695535496279351,2.3535246768322398,2.3535246768322398,2.355220212328519,0.0627484507780623,0.0627484507780623,0.06640169395880217,1.3971312578717583,1.3,7.306093375397234,4.680110648251105,0.693029309538071,9.482175167586364,0.006354733372135879,0.00045323195798618876,0.0003971963249946864,0.32940562600894824,0.32940562600894824,NONE,True
24,3,山西,53478727.38884524,196956.2333651696,138146047.9111476,138146047.9111476,138343004.14451277,0.0036828893091096883,2.5831962474851733,2.5831962474851733,2.586879136794283,0.06444246758085664,0.06444246758085664,0.07051646650285232,0.7989250858753812,0.8,7.315974826425785,4.678894537883139,0.6922295648524608,9.306736029713917,0.04583087239953665,5.5787094357384603e-05,0.07179401776578076,0.28854952605031126,0.2692210641852715,NONE,True
24,4,内蒙古,82165502.99427319,191006.7067073393,131990809.60383992,131990809.60383992,132181816.31054726,0.0023246581563634095,1.6064017719582326,1.6064017719582326,1.608726430114596,0.0631632684742989,0.0631632684742989,0.05194635162325129,0.7594230773746631,0.8,6.096044190449673,1.6926056268749081,0.6772327935369684,9.429825936950248,0.001467102107481022,5.3412684407061484e-05,0.0020151690366349007,0.2817509429184086,0.2817509429184086,NONE,True
24,5,辽宁,90061052.78222083,191750.54969884598,192599991.7373642,192599991.7373642,192791742.28706306,0.0021291173462353744,2.138549192880253,2.138549192880253,2.1406783102264884,0.0628718612680868,0.0628718612680868,0.05771982852220359,1.0611740093326492,1.0611740093326492,6.916234704585863,1.606088775046622,0.6704960281393613,9.030806810293328,0.003195239755630297,6.815567444451442e-05,0.003985716595927946,0.3068077937991276,0.3068077937991276,NONE,True
24,6,吉林,66308917.7271201,193745.2694071944,96771251.25344332,96771251.25344332,96964996.52285051,0.0029218584173626664,1.4594002521905773,1.4594002521905773,1.46232211060794,0.05886044302651391,0.05886044302651391,0.05166187549389071,0.5338239233409473,0.8,6.094987835139136,1.6978295527678062,0.6863839838588668,8.73927323095406,0.0014496642138963622,5.130133603414855e-05,0.001251016383055692,0.24764481231042018,0.24764481231042018,NONE,True
24,7,黑龙江,58424879.89838116,196155.14981554108,113432460.06952661,113432460.06952661,113628615.21934216,0.003357390723895629,1.94150951216024,1.94150951216024,1.9448669028841357,0.05673373963638168,0.05673373963638168,0.05365624324166009,0.6220463157250792,0.8,6.535358474028801,1.6599988694676215,0.6897226933685796,8.166663846216778,0.0015818765963726555,5.247061652524643e-05,0.0007259481459582773,0.25295322114533997,0.25295322114533997,NONE,True
24,8,上海,66125294.30800852,192379.31905442447,170959789.7187715,188055768.69064865,171152169.0378259,0.0029093151277078725,2.5853917401478594,2.8439309141626454,2.588301055275567,0.13900265449603894,0.09,0.07845398509206845,1.700285171434156,1.3,7.320989805092422,4.674259617972554,0.6877522579573948,9.096952390333753,0.04580652609419933,5.363391746149304e-05,0.07183188518267847,0.5458185912031539,0.5092389942384733,HIGH_RA_INCREASE_1P1,True
24,9,江苏,203535217.25929242,176919.57298446176,527405693.3332561,580146262.6665817,527582612.9062406,0.000869233223452805,2.59122573692675,2.8503483106194247,2.5920949701502027,0.11197970983818807,0.09,0.08027133595711994,4.463966172541339,1.3,7.311975003751426,4.676624519940448,0.6817434813334258,9.3665814542746,0.04580711009024152,4.3972422434701564e-05,0.07190527526988011,0.6186828789479891,0.5771805524440763,HIGH_RA_INCREASE_1P1,True
24,10,浙江,124249656.20818298,188378.6185564759,321729769.14373356,353902746.05810696,321918147.76229006,0.001516129897702441,2.5893815642006155,2.8483197206206774,2.5908976940983184,0.11475191723244224,0.09,0.08324335044681581,2.753996812361498,1.3,7.315016814596046,4.672139628725144,0.6818967945196406,9.14896798080458,0.0458135693004027,4.923394153433236e-05,0.0718818279064446,0.5530499404841219,0.5159616723462104,HIGH_RA_INCREASE_1P1,True
24,11,安徽,70182433.35888097,198764.08552282536,181467383.83239752,199614122.2156373,181666147.91792035,0.002832105927510898,2.5856524937580327,2.8442177431338362,2.5884845996855437,0.12037123468144897,0.09,0.08894053530756227,1.5850606212707896,1.3,7.313695918254574,4.669248304385437,0.6768037849081511,9.137403244409377,0.04581254851242478,5.4039880152068065e-05,0.07183257418793798,0.4921133275025788,0.4591326475363217,HIGH_RA_INCREASE_1P1,True
24,12,福建,87795538.11850408,191309.20510514028,227169595.74754292,249886555.32229722,227360904.95264804,0.0021790310670106745,2.5874845193262037,2.846232971258824,2.5896635503932144,0.1069297954904526,0.09,0.08214607752988354,1.8214782819719386,1.3,7.321200870220226,4.669826812118316,0.6862370568988978,8.93468949269705,0.0458112287861312,5.262006553186094e-05,0.07186035486200892,0.4759745093608446,0.44406391858958305,HIGH_RA_INCREASE_1P1,True
24,13,江西,51050047.92908307,199458.2187632841,131840217.86075535,145024239.6468309,132039676.07951863,0.003907111292830997,2.582567954566921,2.840824750023613,2.586475065859752,0.10837654164564443,0.09,0.08910503842274298,1.0849102833086144,1.0849102833086144,7.316872934976267,4.667105226390491,0.678734521347785,8.995357965224816,0.04560709925940598,4.7318276491070677e-05,0.07176153713859357,0.4188997032360535,0.39085159218760435,HIGH_RA_INCREASE_1P1,True
24,14,山东,210016973.07581103,178868.26378599944,544212631.9182385,544212631.9182385,544391500.1820245,0.0008516848003586469,2.591279285421331,2.591279285421331,2.5921309702216897,0.0699365859647204,0.0699365859647204,0.07295088937529734,3.138584783113469,1.3,7.316457449828807,4.682733097327706,0.6874530874939314,9.533763780961847,0.04583995859166312,4.841102773223138e-05,0.07189302486365179,0.4313570705298721,0.40242548512221366,NONE,True
24,15,河南,168320556.01470312,186774.47805758106,436050088.0636071,436050088.0636071,436236862.54166466,0.0011096355815344737,2.590593201376529,2.590593201376529,2.591702836958063,0.06376621280798299,0.06376621280798299,0.06883617404507698,2.3232185935429053,1.3,7.307186480767296,4.683524901047468,0.6886781956171516,9.669647504508871,0.04584426190486912,5.1293116708373e-05,0.07188385071770953,0.3795057572840101,0.3540549258484504,NONE,True
24,16,湖北,101805153.6623069,192147.11444536675,263510387.2837046,289861426.01207507,263702534.39814997,0.0018874006622761842,2.5883796429184964,2.847217607210346,2.5902670435807726,0.09855529446115024,0.09,0.08504145690048912,1.959203121076705,1.3,7.311001019401981,4.673068051777438,0.6781998514005853,9.283290681302496,0.0458227858447815,5.234806206089182e-05,0.07186523195732963,0.4624277196026343,0.43142337843928064,HIGH_RA_INCREASE_1P1,True
24,17,湖南,93791807.14892803,195173.19768532857,242711939.33981606,266983133.2737977,242907112.5375014,0.002080919470667852,2.5877733537474557,2.846550689122201,2.5898542732181236,0.09096575110402588,0.09,0.08715961137509294,1.6888402217714606,1.3,7.314511197338847,4.669607102257892,0.6788344874688418,9.105878833876266,0.045819717421058614,5.316171184888141e-05,0.07186052364276563,0.4246249802368105,0.39615693541329766,HIGH_RA_INCREASE_1P1,True
24,18,广东,191259406.86816654,187133.50521370952,495539031.32901275,545092934.4619141,495726164.8342265,0.0009784277190752716,2.5909263206624056,2.850018952728646,2.591904748381481,0.13193232116038678,0.09,0.086226328836993,4.8595904711054745,1.3,7.320753379456946,4.6664485193526435,0.683439888854982,8.854608117175989,0.04579135234803955,4.2550062168356106e-05,0.07190897593289547,0.6966253903089932,0.649892300512468,HIGH_RA_INCREASE_1P1,True
24,19,广西,67306708.83876626,197080.08116046555,174014122.44205353,174014122.44205353,174211202.52321398,0.002928089703993288,2.585390452813637,2.585390452813637,2.58831854251763,0.062365407917690956,0.062365407917690956,0.06921841132303302,0.9632192379217234,0.9632192379217234,7.322869634070154,4.671076795331683,0.7002707344680869,8.803184864872488,0.045567005391585536,3.857515006910894e-05,0.07184623832448267,0.29785687673434486,0.2778914233070937,NONE,True
24,20,海南,14673330.466888333,199659.70123158564,37487856.980750754,41236642.67882583,37687516.68198234,0.013606979116440907,2.554829461882932,2.810312408071226,2.568436440999373,0.0760018496991715,0.0760018496991715,0.0828620707112091,0.24471978067440459,0.8,7.343130850976709,4.6578034633052825,0.6985195924721669,8.131201089142785,0.04554711043358273,4.364270245293955e-05,0.07149890750861565,0.2313885914549469,0.21594850898444462,HIGH_RA_INCREASE_1P1,True
24,21,重庆,50663834.63130832,196838.90477082678,130847757.00686966,143932532.70755664,131044595.91164048,0.003885195548328824,2.582665879104436,2.8409324670148797,2.5865510746527645,0.10272083627630575,0.09,0.08586158991788684,1.0428698182442742,1.0428698182442742,7.3196862130156575,4.667347079003531,0.6830351063672028,8.903845384662832,0.04560343517796994,4.696147979332821e-05,0.0717653594740133,0.4016566080707385,0.37476169995628345,HIGH_RA_INCREASE_1P1,True
24,22,四川,94830047.41899477,198328.82320931135,245397178.5296461,269936896.38261074,245595507.3528554,0.0020914133084107838,2.587757627552259,2.846533390307485,2.5898490408606696,0.11043659703088525,0.09,0.08904674167348765,2.0318685369981706,1.3,7.320625072905493,4.664731504458083,0.6812237585519373,8.832364471523302,0.045821712714590124,5.198667957995173e-05,0.0718564842342464,0.49928178205264767,0.46581029213938435,HIGH_RA_INCREASE_1P1,True
24,23,贵州,39447014.665611394,200392.2218516996,101742653.42185973,111916918.76404572,101943045.64371143,0.0050800351699718084,2.579223149947406,2.8371454649421466,2.5843031851173777,0.09176379224972057,0.09,0.08978675588096588,0.777101363397111,0.8,7.32526506917254,4.661402553241311,0.6835648344684156,8.6366681864363,0.04576889166935705,5.40607041530361e-05,0.07176153993609491,0.3482525610338121,0.32493474346408907,HIGH_RA_INCREASE_1P1,True
24,24,云南,68611984.86091176,196326.94823453436,177399443.17177165,177399443.17177165,177595770.12000617,0.002861408959856251,2.585546002369567,2.585546002369567,2.588407411329423,0.066168902736749,0.066168902736749,0.07272128096292652,1.0204618153047955,1.0204618153047955,7.331690497221152,4.669133930830274,0.700131394498754,8.63141508132522,0.045576625625669775,3.9673563416720015e-05,0.07184106761777742,0.31199525316772786,0.2910835035096701,NONE,True
24,25,西藏,6325734.326183821,200110.11506198006,13087009.622905198,13087009.622905198,13287119.737967178,0.031634290146153224,2.068852238819886,2.068852238819886,2.1004865289660386,0.05921742160420636,0.05921742160420636,0.055850516556401844,0.07264454179757884,0.8,6.841361940154533,1.6420432348301164,0.6896658782356301,7.903568620562664,0.0022808142111305774,3.277762427278397e-05,0.0010734876095505053,0.14734015905887643,0.14734015905887643,NONE,True
24,26,陕西,73897910.2910824,193738.64046487428,191116444.4269638,210228088.8696602,191310183.06742868,0.0026217066179779866,2.586222582941249,2.844844841235374,2.5888442895592267,0.07203907854927181,0.07203907854927181,0.0763170446784378,1.1292259748209774,1.1292259748209774,7.3189141763320675,4.6781457106783915,0.6872386147166009,9.294314962532113,0.04559564737217303,4.09131119878392e-05,0.07183679722210323,0.3353798116829074,0.31290193857135407,HIGH_RA_INCREASE_1P1,True
24,27,甘肃,25177704.67938732,200628.76463950667,64730998.548962735,71204098.40385902,64931627.31360224,0.007968508932577917,2.570965041223842,2.8280615453462263,2.5789335501564197,0.07176205744417558,0.07176205744417558,0.0814646729421129,0.40333369944290703,0.8,7.328246116772806,4.666950855743289,0.6906787510841067,8.69625819277646,0.04570584167648217,4.9762870685587934e-05,0.07166419929016254,0.2555784025847566,0.23848739442265962,HIGH_RA_INCREASE_1P1,True
24,28,青海,17578407.529567722,198713.83352868797,23105673.459270954,23105673.459270954,23304387.29279964,0.011304427502573359,1.3144349634860897,1.3144349634860897,1.325739390988663,0.06015870949479337,0.06015870949479337,0.05132059740249598,0.12701687325237074,0.8,6.004752424571829,1.7084192126310396,0.6882587410668064,8.669953852706804,0.0013519594438133886,3.6624683050323625e-05,0.0017592345353784067,0.17195565348619854,0.17195565348619854,NONE,True
24,29,宁夏,18640640.44456374,198660.16009428885,29668537.757551536,29668537.757551536,29867197.917645823,0.010657367738254138,1.591605065597621,1.591605065597621,1.602262433335875,0.05987399793315482,0.05987399793315482,0.052732562310935725,0.15919107048714426,0.8,6.263583386830408,1.6711228087118508,0.6758067540209817,9.38023918648779,0.0013757165912253733,3.867386225164804e-05,0.0017894907757175504,0.18198315100601886,0.18198315100601886,NONE,True
24,30,新疆,49250553.031937115,195953.80541221885,105109271.29334545,105109271.29334545,105305225.09875767,0.003978712793035039,2.1341744370908096,2.1341744370908096,2.1381531498838444,0.06293983883962484,0.06293983883962484,0.05855224607061756,0.6352303829780872,0.8,7.1409203474231004,1.6444910819874992,0.6918720699037804,7.507295065778156,0.002242058126674662,5.1837304747226476e-05,0.000699569044423809,0.26837716710993825,0.26837716710993825,NONE,True
25,0,北京,58719043.066994764,192629.7227374375,166922271.59538138,166922271.59538138,167114901.3181188,0.003280532390789458,2.842728063618705,2.842728063618705,2.8460085960094945,0.12953065524038884,0.09,0.07838752948091603,1.5662351422361456,1.3,7.321164229327091,4.674263423466195,0.6878744803117327,9.093875496020019,0.12075031159605132,0.0006185475164957044,0.07247007706453212,0.511165794425896,0.511165794425896,NONE,False
25,1,天津,64593598.72309723,198790.86067000258,114057639.8015065,114057639.8015065,114256430.6621765,0.0030775628638092804,1.7657731115192075,1.7657731115192075,1.7688506743830168,0.05950420544153261,0.05950420544153261,0.04321939245328199,0.621564458370976,0.8,0.8503871815394339,2.1736311616815343,0.7068920631256446,9.9790123843566,0.0017108785751842603,0.0002988052585579659,0.0012826154613745366,0.2591639449215027,0.2591639449215027,NONE,False
25,2,河北,113705229.18254791,192142.31718104726,267608062.7659918,267608062.7659918,267800205.08317286,0.0016898283268271912,2.3535246768322398,2.3535246768322398,2.3552145051590667,0.06272319062977684,0.06272319062977684,0.060254202095757006,1.3985954324070191,1.3,7.29408344764645,4.678720135134874,0.6968152093972643,9.58463357070903,0.003619806567430661,0.000286349474993175,0.0006834320630286772,0.32940562600894824,0.32940562600894824,NONE,False
25,3,山西,53478727.38884524,196302.91838059027,138146047.9111476,138146047.9111476,138342350.82952818,0.003670672956618181,2.5831962474851733,2.5831962474851733,2.5868669204417913,0.058446531294859695,0.058446531294859695,0.06191824390504106,0.7349695957861446,0.8,7.299035151487233,4.677916091427574,0.6970330657113193,9.46063863818323,0.018977708841734442,0.06726184050075856,0.0002968205068483165,0.2692210641852715,0.2692210641852715,NONE,False
25,4,内蒙古,82165502.99427319,190376.89498816643,131990809.60383992,131990809.60383992,132181186.49882808,0.002316992996457837,1.6064017719582326,1.6064017719582326,1.6087187649546906,0.06313753057907895,0.06313753057907895,0.05186148307912489,0.7600468292816881,0.8,6.075766331382969,1.6950452409204562,0.6774380135441476,9.43136905411173,0.001702533013689056,0.00029672830866567246,0.0023112993876006627,0.2817509429184086,0.2817509429184086,NONE,False
25,5,辽宁,90061052.78222083,191086.9273288151,192599991.7373642,192599991.7373642,192791078.66469303,0.002121748762929607,2.138549192880253,2.138549192880253,2.1406709416431826,0.06284688640072383,0.06284688640072383,0.057733838238506835,1.0620228253591868,1.0620228253591868,6.917639942725884,1.6060210481900135,0.6704922146406962,9.029308854680014,0.0023630715698563787,0.00028768584804184094,0.004272255809710801,0.3068077937991276,0.3068077937991276,NONE,False
25,6,吉林,66308917.7271201,193107.34073278663,96771251.25344332,96771251.25344332,96964358.5941761,0.002912237861089481,1.4594002521905773,1.4594002521905773,1.4623124900516666,0.05883581858565776,0.05883581858565776,0.05158332981544091,0.5342648638575025,0.8,6.07383460181495,1.7001847583731726,0.6865840555761795,8.740579971624015,0.0017020810644021722,0.00030024590298038945,0.0015508866734925686,0.24764481231042018,0.24764481231042018,NONE,False
25,7,黑龙江,58424879.89838116,195500.69188467937,113432460.06952661,113432460.06952661,113627960.7614113,0.0033461890246880305,1.94150951216024,1.94150951216024,1.9448557011849281,0.056709617563567724,0.056709617563567724,0.053583506551188376,0.6225628247840717,0.8,6.524605661589277,1.6609283379639632,0.6898545086766528,8.167296286427737,0.001760637446002411,0.0003009187640629074,0.0010266484586023417,0.25295322114533997,0.25295322114533997,NONE,False
25,8,上海,66125294.30800852,191717.45978520854,188055768.69064865,188055768.69064865,188247486.15043387,0.002899305958355325,2.8439309141626454,2.8439309141626454,2.8468302201210007,0.1240431692542564,0.09,0.0784366291123169,1.7014120865153335,1.3,7.321025988104839,4.6742650131212855,0.6877789057366098,9.096493114574654,0.12073481305531941,0.0006114733812565554,0.07248728184964981,0.5092389942384733,0.5092389942384733,NONE,False
25,9,江苏,203535217.25929242,176257.65904253238,580146262.6665817,580146262.6665817,580322520.3256242,0.0008659811378882409,2.8503483106194247,2.8503483106194247,2.8512142917573127,0.09960751484948031,0.09,0.08025670070022439,4.46693774891862,1.3,7.312004439076216,4.67662443543284,0.681768326960987,9.36593875356595,0.12081605498946701,0.0005981468012059565,0.07254643198147859,0.5771805524440763,0.5771805524440763,NONE,False
25,10,浙江,124249656.20818298,187716.76109043977,353902746.05810696,353902746.05810696,354090462.8191974,0.0015108030623112252,2.8483197206206774,2.8483197206206774,2.849830523682989,0.10208257704286822,0.09,0.08323317344084442,2.7558324118190707,1.3,7.315040084193826,4.672135479580179,0.6819172771038072,9.148266322949643,0.12078779382689198,0.0006038168018163148,0.07252904816369599,0.5159616723462104,0.5159616723462104,NONE,False
25,11,安徽,70182433.35888097,198102.26212106823,199614122.2156373,199614122.2156373,199812224.47775838,0.0028226758839788807,2.8442177431338362,2.8442177431338362,2.8470404190178153,0.10711322035132853,0.09,0.0889389356802157,1.5861385656395592,1.3,7.313715154122077,4.669236338656443,0.6768178159513573,9.136527265875927,0.12073965131300834,0.0006132109313188305,0.07248983363897366,0.4591326475363217,0.4591326475363217,NONE,False
25,12,福建,87795538.11850408,190647.34934627422,249886555.32229722,249886555.32229722,250077202.6716435,0.0021714924634204475,2.846232971258824,2.846232971258824,2.8484044637222445,0.09502080784236012,0.09,0.08213425323940511,1.8226893845880625,1.3,7.321230141820453,4.669823648103284,0.6862606092533322,8.933952250811595,0.12074373851123776,0.0006098454032024136,0.07251402397229656,0.44406391858958305,0.44406391858958305,NONE,False
25,13,江西,51050047.92908307,198796.3968568384,145024239.6468309,145024239.6468309,145223036.04368773,0.003894147114866559,2.840824750023613,2.840824750023613,2.84471889713848,0.09633868801893378,0.09,0.08910368707546681,1.0859832516108243,1.0859832516108243,7.316894244092021,4.667092058942297,0.6787495581166042,8.994418000311853,0.12099132683728997,0.0005615074116791519,0.07236333918524962,0.39085159218760435,0.39085159218760435,NONE,False
25,14,山东,210016973.07581103,178258.36813283854,544212631.9182385,544212631.9182385,544390890.2863714,0.0008487807700594351,2.591279285421331,2.591279285421331,2.5921280661913904,0.06356403290971722,0.06356403290971722,0.06423789521550324,2.88706650861458,1.3,7.298999612651096,4.682053832790636,0.6920569441663645,9.687480974169251,0.018988181280703564,0.0673463190825534,0.0002950248111789344,0.40242548512221366,0.40242548512221366,NONE,False
25,15,河南,168320556.01470312,186144.91506748943,436050088.0636071,436050088.0636071,436236232.9786746,0.0011058953194714334,2.590593201376529,2.590593201376529,2.5916990966960003,0.05780873929191387,0.05780873929191387,0.060416980462748376,2.1370157893916426,1.3,7.290173911711756,4.6819962686655066,0.6934715069748452,9.826761689860026,0.01898059889468895,0.0673364287785323,0.0002929798550023177,0.3540549258484504,0.3540549258484504,NONE,False
25,16,湖北,101805153.6623069,191485.2705473854,289861426.01207507,289861426.01207507,290052911.28262246,0.0018808995778598024,2.847217607210346,2.847217607210346,2.8490985067882058,0.0874011397612728,0.0874011397612728,0.0850339825867923,1.960537630377543,1.3,7.311022914129467,4.673060061458231,0.6782190484440991,9.282445759554607,0.12077092879241236,0.0006106870635755879,0.0725198061883825,0.43142337843928064,0.43142337843928064,NONE,False
25,17,湖南,93791807.14892803,194511.3619220934,266983133.2737977,266983133.2737977,267177644.63571978,0.002073863035960455,2.846550689122201,2.846550689122201,2.8486245521581615,0.08049774791759254,0.08049774791759254,0.08715532605732337,1.689981268329144,1.3,7.314534346333106,4.6695952305097155,0.6788525625759586,9.104906902980847,0.12074773523160176,0.0006132028550587254,0.07251779157608818,0.39615693541329766,0.39615693541329766,NONE,False
25,18,广东,191259406.86816654,186471.6345831097,545092934.4619141,545092934.4619141,545279406.0964972,0.0009749671278215507,2.850018952728646,2.850018952728646,2.8509939198564678,0.11760652230660676,0.09,0.08622063771076731,4.862569277208298,1.3,7.320781660057562,4.666436058626906,0.6834613423152047,8.85354833178625,0.12076097849450296,0.0006021252584289538,0.07255439940204123,0.649892300512468,0.649892300512468,NONE,False
25,19,广西,67306708.83876626,196503.3554436654,174014122.44205353,174014122.44205353,174210625.79749718,0.002919521082428658,2.585390452813637,2.585390452813637,2.5883099738960653,0.05650276955716979,0.05650276955716979,0.060695550470742446,0.8861163342557473,0.8861163342557473,7.147276814065055,1.5915504201415778,0.6652237358474657,9.077814802993615,0.018972142069439535,0.06732863001072309,0.00031970048405172147,0.2778914233070937,0.2778914233070937,NONE,False
25,20,海南,14673330.466888333,198998.43860501057,41236642.67882583,41236642.67882583,41435641.11743084,0.013561913503827105,2.810312408071226,2.810312408071226,2.823874321575053,0.06692649198253296,0.06692649198253296,0.07316805653976996,0.24489163514508575,0.8,7.338918709203693,4.663854643642354,0.7047536003713514,8.302779116216193,0.12012612174546633,0.0006472096130891725,0.0721923919019698,0.21594850898444462,0.21594850898444462,NONE,False
25,21,重庆,50663834.63130832,196177.07307616927,143932532.70755664,143932532.70755664,144128709.7806328,0.0038721323504979886,2.8409324670148797,2.8409324670148797,2.8448045993653777,0.09119436695577886,0.09,0.08585534968390185,1.0438665452927045,1.0438665452927045,7.319711701960029,4.667336826244828,0.6830552240005091,8.902905550659764,0.12093995147922332,0.0005703319145178298,0.07237662146339585,0.37476169995628345,0.37476169995628345,NONE,False
25,22,四川,94830047.41899477,197666.99712206257,269936896.38261074,269936896.38261074,270134563.3797328,0.002084434232629828,2.846533390307485,2.846533390307485,2.8486178245401144,0.09821201729221307,0.09,0.08904530233656108,2.033200553886557,1.3,7.3206492309904245,4.66471694815397,0.6812407707235948,8.831329349896912,0.12073041785308702,0.0006208762424289027,0.07252197446060094,0.46581029213938435,0.46581029213938435,NONE,False
25,23,贵州,39447014.665611394,199730.40243801198,111916918.76404572,111916918.76404572,112116649.16648373,0.0050632577428509525,2.8371454649421466,2.8371454649421466,2.8422087226849975,0.08123731761378278,0.08123731761378278,0.08978643379999873,0.7776242880950697,0.8,7.3252934437124,4.661384804426122,0.6835834266760089,8.635491880341819,0.12057494510838951,0.0006318960873727963,0.07243878185977715,0.32493474346408907,0.32493474346408907,NONE,False
25,24,云南,68611984.86091176,196022.6068613475,177399443.17177165,177399443.17177165,177595465.778633,0.002856973271633504,2.585546002369567,2.585546002369567,2.5884029756412006,0.060051601230165404,0.060051601230165404,0.06389983275949197,0.9387869453237222,0.9387869453237222,6.722433525725281,4.557383122921376,0.6626298522522939,8.009091994267065,0.018968560083370667,0.0673209075660468,0.0003162458208119112,0.2910835035096701,0.2910835035096701,NONE,False
25,25,西藏,6325734.326183821,199448.91097787776,13087009.622905198,13087009.622905198,13286458.533883076,0.031529764086409395,2.068852238819886,2.068852238819886,2.100382002906295,0.05919557624901249,0.05919557624901249,0.05577658312373785,0.0726971211281397,0.8,6.8332573852246306,1.6425171954441766,0.6897935611342105,7.903382519588199,0.001903487167478346,0.0003092687159849117,0.0013824243294008332,0.14734015905887643,0.14734015905887643,NONE,False
25,26,陕西,73897910.2910824,193087.22950676273,210228088.8696602,210228088.8696602,210421176.09916696,0.00261289160608461,2.844844841235374,2.844844841235374,2.8474577328414585,0.06327692627902538,0.06327692627902538,0.06725903055190531,1.1301926644462004,1.1301926644462004,7.307858949290424,4.680144728050886,0.6926096821449335,9.463021321143895,0.12087496587441882,0.0005640915915594569,0.07244141134694027,0.31290193857135407,0.31290193857135407,NONE,False
25,27,甘肃,25177704.67938732,199966.9461420716,71204098.40385902,71204098.40385902,71404065.3500011,0.00794222303774109,2.8280615453462263,2.8280615453462263,2.836003768383968,0.063048429295454,0.063048429295454,0.07176547422845064,0.40362618300170866,0.8,7.325456394881737,4.672880473467831,0.6971893253964088,8.883029415347586,0.12046684003450814,0.000636264591061142,0.07234606127367882,0.23848739442265962,0.23848739442265962,NONE,False
25,28,青海,17578407.529567722,198060.14824356037,23105673.459270954,23105673.459270954,23303733.607514516,0.01126724067071569,1.3144349634860897,1.3144349634860897,1.3257022041568054,0.06013552274971803,0.06013552274971803,0.051240107485935764,0.1271137889101797,0.8,5.979248673524591,1.7112736950225256,0.6884924928855188,8.670955780908168,0.0015814874047341831,0.00030039759510269715,0.0020591036606574242,0.17195565348619854,0.17195565348619854,NONE,False
25,29,宁夏,18640640.44456374,198002.93202447236,29668537.757551536,29668537.757551536,29866540.689576007,0.010622109933042398,1.591605065597621,1.591605065597621,1.6022271755306634,0.059850162223917314,0.059850162223917314,0.05265374901486677,0.15931650602255917,0.8,6.248977850009931,1.6730267285694436,0.6759866418941425,9.380992068586348,0.001623677298855819,0.00030290049605063984,0.002091849234124532,0.18198315100601886,0.18198315100601886,NONE,False
25,30,新疆,49250553.031937115,195296.231422333,105109271.29334545,105109271.29334545,105304567.52476779,0.0039653611868214105,2.1341744370908096,2.1341744370908096,2.138139798277631,0.062915075288565,0.062915075288565,0.05847396194777483,0.635733535468552,0.8,7.134436934659602,1.644457583321418,0.6919838266265177,7.507390361405704,0.001972616513624459,0.00028787146654796203,0.0009872391250049795,0.26837716710993825,0.26837716710993825,NONE,False
